"dgp","setting","linearity_degree","N","rep","estimand_type","estimand_id","g","t","k","method","post_mean","sd","q025","q05","q95","q975","p_bayes","surf_rmse","surf_mae","surf_n","surf_mape","surf_cover95","surf_len95","surf_cover90","surf_len90","true"
"staggered","D_ramp_nt10",3,200,0,"GATT","g=4_t=4",4,4,0,"doubleml",2.94933790540102,1.21673026578785,0.564590386746409,0.947994260798817,4.95068155000322,5.33408542405563,0.00767558516921335,,,,,,,,,2.91250228356444
"staggered","D_ramp_nt10",3,200,0,"GATT","g=4_t=5",4,5,1,"doubleml",3.6214758011857,0.909202425413362,1.83947177866282,2.12597055493483,5.11698104743657,5.40347982370857,3.40060791404154e-05,,,,,,,,,4.07750319699022
"staggered","D_ramp_nt10",3,200,0,"GATT","g=4_t=6",4,6,2,"doubleml",5.25839285368294,1.60211552137741,2.11830410794199,2.62314672988323,7.89363897748265,8.39848159942389,0.000515083226343927,,,,,,,,,5.24250411041599
"staggered","D_ramp_nt10",3,200,0,"GATT","g=4_t=7",4,7,3,"doubleml",7.20743495458824,2.77464379976222,1.76923299423108,2.64355100197415,11.7713189072023,12.6456369149454,0.0046937894347973,,,,,,,,,6.40750502384177
"staggered","D_ramp_nt10",3,200,0,"GATT","g=5_t=5",5,5,0,"doubleml",4.00741981142597,2.24387327723598,-0.390491032518562,0.316575875871266,7.69826374698068,8.40533065537051,0.0370546032751516,,,,,,,,,4.07706902382419
"staggered","D_ramp_nt10",3,200,0,"GATT","g=5_t=6",5,6,1,"doubleml",4.51859169676754,2.67751788217081,-0.729246961643479,0.114465698207364,8.92271769532772,9.76643035517856,0.0457435705612377,,,,,,,,,5.70789663335386
"staggered","D_ramp_nt10",3,200,0,"GATT","g=5_t=7",5,7,2,"doubleml",6.31490222412706,0.855098850347295,4.63893926100498,4.90838945973791,7.72141498851621,7.99086518724915,7.62285607019681e-14,,,,,,,,,7.33872424288354
"staggered","D_ramp_nt10",3,200,0,"GATT","g=6_t=6",6,6,0,"doubleml",4.83181185674953,1.17470157130404,2.52943906625018,2.89959927838379,6.76402443511527,7.13418464724889,1.95084892748236e-05,,,,,,,,,5.82191354544202
"staggered","D_ramp_nt10",3,200,0,"GATT","g=6_t=7",6,7,1,"doubleml",8.79163590706846,1.4305236282203,5.98786109460729,6.43863339509579,11.1446384190411,11.5954107195296,3.97940964526576e-10,,,,,,,,,8.15067896361882
"staggered","D_ramp_nt10",3,200,0,"CATT","surface",,,,"doubleml",,,,,,,,2.55319066966352,1.78559274895143,535,0.362734403763163,0.813084112149533,6.53578685651045,0.745794392523364,5.48500643587262,
"staggered","D_ramp_nt10",3,200,1,"GATT","g=4_t=4",4,4,0,"doubleml",2.33653522024905,0.477240216344401,1.40116157686181,1.5515447414341,3.121525699064,3.27190886363629,4.89206711229942e-07,,,,,,,,,2.52920998667747
"staggered","D_ramp_nt10",3,200,1,"GATT","g=4_t=5",4,5,1,"doubleml",3.77255834200265,0.601610678890104,2.59342306936249,2.78299661038755,4.76212007361775,4.95169361464281,1.79640882048277e-10,,,,,,,,,3.54089398134846
"staggered","D_ramp_nt10",3,200,1,"GATT","g=4_t=6",4,6,2,"doubleml",4.80347375030053,0.46982573958809,3.88263221443449,4.0306790032361,5.57626849736495,5.72431528616656,7.74506263486284e-25,,,,,,,,,4.55257797601945
"staggered","D_ramp_nt10",3,200,1,"GATT","g=4_t=7",4,7,3,"doubleml",5.33092289416328,0.684992528789326,3.98836219746724,4.20421019321404,6.45763559511252,6.67348359085932,3.5565515747992e-15,,,,,,,,,5.56426197069044
"staggered","D_ramp_nt10",3,200,1,"GATT","g=5_t=5",5,5,0,"doubleml",3.13091130155545,0.607178871307868,1.9408625722314,2.13219070636922,4.12963189674168,4.3209600308795,1.25811484319094e-07,,,,,,,,,3.91494876848845
"staggered","D_ramp_nt10",3,200,1,"GATT","g=5_t=6",5,6,1,"doubleml",4.97517860292854,0.629405483357643,3.74156651414496,3.93989847600579,6.01045872985129,6.20879069171212,1.34431914332362e-15,,,,,,,,,5.48092827588383
"staggered","D_ramp_nt10",3,200,1,"GATT","g=5_t=7",5,7,2,"doubleml",6.12915884157559,0.80248768174054,4.55631187492067,4.80918376831393,7.44913391483724,7.7020058082305,1.10569605281722e-14,,,,,,,,,7.04690778327921
"staggered","D_ramp_nt10",3,200,1,"GATT","g=6_t=6",6,6,0,"doubleml",5.6349589352707,0.77682793887882,4.11240414087401,4.35719039269412,6.91272747784728,7.15751372966739,2.02610646265326e-13,,,,,,,,,5.52916762396172
"staggered","D_ramp_nt10",3,200,1,"GATT","g=6_t=7",6,7,1,"doubleml",7.52551041037561,0.66645014559353,6.21929211721754,6.42929722259551,8.62172359815572,8.83172870353369,7.1919000212182e-30,,,,,,,,,7.74083467354641
"staggered","D_ramp_nt10",3,200,1,"CATT","surface",,,,"doubleml",,,,,,,,1.97708613541782,1.53842133320428,512,0.340905850358023,0.451171875,2.46683335568367,0.330078125,2.07023226570983,
"staggered","D_ramp_nt10",3,200,2,"GATT","g=4_t=4",4,4,0,"doubleml",2.52905158836498,0.523288584056361,1.50342480200354,1.66831826772554,3.38978490900443,3.55467837472643,6.72467744874805e-07,,,,,,,,,2.74290909298853
"staggered","D_ramp_nt10",3,200,2,"GATT","g=4_t=5",4,5,1,"doubleml",4.00198244395845,0.653071280826217,2.72198624410517,2.92777553540632,5.07618935251058,5.28197864381173,4.45117202599087e-10,,,,,,,,,3.84007273018394
"staggered","D_ramp_nt10",3,200,2,"GATT","g=4_t=6",4,6,2,"doubleml",5.53155180227801,0.560587430526853,4.43282061959288,4.6094673248262,6.45363627972983,6.63028298496314,2.88137900241837e-23,,,,,,,,,4.93723636737936
"staggered","D_ramp_nt10",3,200,2,"GATT","g=4_t=7",4,7,3,"doubleml",6.73845706762843,0.93614864834613,4.90363941822136,5.19862921880171,8.27828491645516,8.5732747170355,3.05369348878805e-13,,,,,,,,,6.03440000457477
"staggered","D_ramp_nt10",3,200,2,"GATT","g=5_t=5",5,5,0,"doubleml",4.22519043578999,0.561225282543289,3.12520908611531,3.30205678489753,5.14832408668245,5.32517178546466,2.56611945940448e-14,,,,,,,,,4.25229321124857
"staggered","D_ramp_nt10",3,200,2,"GATT","g=5_t=6",5,6,1,"doubleml",6.65692980911755,0.584927090173437,5.51049376975286,5.69481014513741,7.61904947309769,7.80336584848224,2.60640072575618e-30,,,,,,,,,5.953210495748
"staggered","D_ramp_nt10",3,200,2,"GATT","g=5_t=7",5,7,2,"doubleml",8.62632647681347,0.972841729138521,6.71959171000422,7.02614386727306,10.2265090863539,10.5330612436227,3.75233423103254e-19,,,,,,,,,7.65412778024743
"staggered","D_ramp_nt10",3,200,2,"GATT","g=6_t=6",6,6,0,"doubleml",5.37741386021821,0.80833989862922,3.79309675914129,4.04781274459834,6.70701497583808,6.96173096129513,1.4415948091877e-11,,,,,,,,,5.46713767987303
"staggered","D_ramp_nt10",3,200,2,"GATT","g=6_t=7",6,7,1,"doubleml",8.45871316328085,0.958772530457346,6.57955351939555,6.88167233146796,10.0357539950937,10.3378728071662,5.59960829194117e-19,,,,,,,,,7.65399275182225
"staggered","D_ramp_nt10",3,200,2,"CATT","surface",,,,"doubleml",,,,,,,,2.0487472436721,1.56278170215772,498,0.37525358981082,0.534136546184739,2.89816394105732,0.471887550200803,2.43221638310903,
"staggered","D_ramp_nt10",3,200,3,"GATT","g=4_t=4",4,4,0,"doubleml",3.38935468154813,1.4035500845577,0.638447043618086,1.08071971076306,5.6979896523332,6.14026231947817,0.00787097232734082,,,,,,,,,2.71404947713887
"staggered","D_ramp_nt10",3,200,3,"GATT","g=4_t=5",4,5,1,"doubleml",3.49179939599546,1.16497662768047,1.20848714490032,1.57558293004872,5.4080158619422,5.77511164709059,0.00136185526707877,,,,,,,,,3.79966926799442
"staggered","D_ramp_nt10",3,200,3,"GATT","g=4_t=6",4,6,2,"doubleml",4.58919066770733,1.27431018261354,2.09158858495137,2.49313646659472,6.68524486881993,7.08679275046329,0.000158306657042591,,,,,,,,,4.88528905884997
"staggered","D_ramp_nt10",3,200,3,"GATT","g=4_t=7",4,7,3,"doubleml",4.48134711425871,1.51258486650814,1.51673522895795,1.99336584624333,6.96932838227409,7.44595899955947,0.00152472905974306,,,,,,,,,5.97090884970552
"staggered","D_ramp_nt10",3,200,3,"GATT","g=5_t=5",5,5,0,"doubleml",3.01079614890127,1.29707439739825,0.468577024679015,0.877298138043177,5.14429415975937,5.55301527312353,0.0101374634412497,,,,,,,,,4.11292291833082
"staggered","D_ramp_nt10",3,200,3,"GATT","g=5_t=6",5,6,1,"doubleml",5.44124575160429,0.853747834370789,3.76793073115958,4.03695521124816,6.84553629196042,7.114560772049,9.2463106493623e-11,,,,,,,,,5.75809208566314
"staggered","D_ramp_nt10",3,200,3,"GATT","g=5_t=7",5,7,2,"doubleml",7.74769599903491,0.775247429454554,6.22823894621145,6.47252716370687,9.02286483436296,9.26715305185838,8.10903294613657e-24,,,,,,,,,7.40326125299547
"staggered","D_ramp_nt10",3,200,3,"GATT","g=6_t=6",6,6,0,"doubleml",6.15844737723634,0.616023620130553,4.95106325863078,5.14517846157012,7.17171629290256,7.3658314958419,7.84656603933868e-24,,,,,,,,,5.60654096057544
"staggered","D_ramp_nt10",3,200,3,"GATT","g=6_t=7",6,7,1,"doubleml",8.24528240089117,0.478374950878152,7.30768471866823,7.45842544943944,9.0321393523429,9.18288008311412,7.12529807915699e-67,,,,,,,,,7.84915734480562
"staggered","D_ramp_nt10",3,200,3,"CATT","surface",,,,"doubleml",,,,,,,,2.15036649028982,1.66252690449742,533,0.366046375669391,0.688555347091932,4.09086900562493,0.654784240150094,3.43316624559338,
"staggered","D_ramp_nt10",3,200,4,"GATT","g=4_t=4",4,4,0,"doubleml",3.10778587749125,0.55772440451119,2.01466612272788,2.1904106598334,4.02516109514909,4.20090563225462,1.25727252883119e-08,,,,,,,,,2.94796593300842
"staggered","D_ramp_nt10",3,200,4,"GATT","g=4_t=5",4,5,1,"doubleml",3.66155975195838,0.993219282454998,1.71488571424076,2.02785904233515,5.29526046158162,5.60823378967601,0.000113654159328765,,,,,,,,,4.12715230621178
"staggered","D_ramp_nt10",3,200,4,"GATT","g=4_t=6",4,6,2,"doubleml",5.06186398924949,0.587708182441489,3.90997710915874,4.09516983452788,6.02855814397111,6.21375086934025,3.56217470063048e-18,,,,,,,,,5.30633867941515
"staggered","D_ramp_nt10",3,200,4,"GATT","g=4_t=7",4,7,3,"doubleml",6.17773578551251,0.506824331857167,5.1843783407484,5.34408375595992,7.01138781506509,7.17109323027661,1.77647614074301e-34,,,,,,,,,6.48552505261851
"staggered","D_ramp_nt10",3,200,4,"GATT","g=5_t=5",5,5,0,"doubleml",4.5135596605115,0.615379406708731,3.30743817702103,3.50135038186902,5.52576893915398,5.71968114400197,1.11195215632554e-13,,,,,,,,,4.43393086666218
"staggered","D_ramp_nt10",3,200,4,"GATT","g=5_t=6",5,6,1,"doubleml",6.19167854610734,0.967924521966305,4.29458132833618,4.59958402445298,7.78377306776171,8.08877576387851,7.93018341767373e-11,,,,,,,,,6.20750321332705
"staggered","D_ramp_nt10",3,200,4,"GATT","g=5_t=7",5,7,2,"doubleml",7.68392940835408,0.566007765705098,6.57457456385165,6.75292927090299,8.61492954580518,8.79328425285651,2.79189389041379e-42,,,,,,,,,7.98107555999192
"staggered","D_ramp_nt10",3,200,4,"GATT","g=6_t=6",6,6,0,"doubleml",6.53629332911152,0.94848797816265,4.67729103747994,4.97616908427877,8.09641757394427,8.3952956207431,2.76468867539853e-12,,,,,,,,,5.45654474066346
"staggered","D_ramp_nt10",3,200,4,"GATT","g=6_t=7",6,7,1,"doubleml",7.57322410555618,0.64604573450726,6.30699772356839,6.51057319496897,8.63587501614338,8.83945048754396,4.89141311318154e-32,,,,,,,,,7.63916263692884
"staggered","D_ramp_nt10",3,200,4,"CATT","surface",,,,"doubleml",,,,,,,,2.20256723532233,1.67481272856646,533,0.368122655675075,0.50093808630394,2.75215555234834,0.448405253283302,2.30968225380792,
"staggered","D_ramp_nt10",3,200,5,"GATT","g=4_t=4",4,4,0,"doubleml",61.4253630651269,87.0595585345183,-109.208237518422,-81.7749000286097,204.625626158864,232.058963648676,0.240232257649843,,,,,,,,,2.70926755677526
"staggered","D_ramp_nt10",3,200,5,"GATT","g=4_t=5",4,5,1,"doubleml",5.07546503648084,0.984836235575667,3.14522146885701,3.45555321504926,6.69537685791241,7.00570860410466,1.27757347060251e-07,,,,,,,,,3.79297457948536
"staggered","D_ramp_nt10",3,200,5,"GATT","g=4_t=6",4,6,2,"doubleml",-3.31916796039378,12.6926667160521,-28.1963377878542,-24.196751578959,17.5584156581715,21.5580018670666,0.396852392999976,,,,,,,,,4.87668160219546
"staggered","D_ramp_nt10",3,200,5,"GATT","g=4_t=7",4,7,3,"doubleml",10.3213625002269,9.87321124429418,-9.02977610298493,-5.91862850779539,26.5613535082491,29.6725011034387,0.147921233297793,,,,,,,,,5.96038862490557
"staggered","D_ramp_nt10",3,200,5,"GATT","g=5_t=5",5,5,0,"doubleml",2.16255243829287,2.25552821870958,-2.25820167136204,-1.54746217436446,5.87256705095021,6.58330654794778,0.16883511807436,,,,,,,,,3.98816308685772
"staggered","D_ramp_nt10",3,200,5,"GATT","g=5_t=6",5,6,1,"doubleml",6.11394583332997,1.19151262851427,3.77862397589662,4.15408152026775,8.07381014639219,8.44926769076332,1.4391430590297e-07,,,,,,,,,5.58342832160081
"staggered","D_ramp_nt10",3,200,5,"GATT","g=5_t=7",5,7,2,"doubleml",6.93573521484689,4.75982116305136,-2.39334291117191,-0.893475664482795,14.7649460941766,16.2648133408657,0.0725385967358353,,,,,,,,,7.1786935563439
"staggered","D_ramp_nt10",3,200,5,"GATT","g=6_t=6",6,6,0,"doubleml",5.34064639236456,1.21374645972658,2.96174702617301,3.34421067309745,7.33708211163167,7.71954575855611,5.40921641254811e-06,,,,,,,,,5.03365848138827
"staggered","D_ramp_nt10",3,200,5,"GATT","g=6_t=7",6,7,1,"doubleml",5.21362002046286,4.06217025431724,-2.74808743986978,-1.46805697103188,11.8952970119576,13.1753274807955,0.0996660432587986,,,,,,,,,7.04712187394358
"staggered","D_ramp_nt10",3,200,5,"CATT","surface",,,,"doubleml",,,,,,,,19.1372381390811,8.59489733223311,557,3.12332248741771,0.885098743267504,50.6246098158498,0.842010771992819,42.4855211391841,
"staggered","D_ramp_nt10",3,200,6,"GATT","g=4_t=4",4,4,0,"doubleml",3.59049258400757,0.930079018271176,1.76757119104072,2.06064839048815,5.12033677752699,5.41341397697442,5.65969101171069e-05,,,,,,,,,2.84197938536221
"staggered","D_ramp_nt10",3,200,6,"GATT","g=4_t=5",4,5,1,"doubleml",3.19210714403889,1.01290485017205,1.20685010227628,1.52602654961399,4.85818773846378,5.17736418580149,0.000812342409291454,,,,,,,,,3.97877113950709
"staggered","D_ramp_nt10",3,200,6,"GATT","g=4_t=6",4,6,2,"doubleml",4.63794609589212,1.04599822211532,2.58782723648209,2.91743173625285,6.35846045553139,6.68806495530214,4.62523692593208e-06,,,,,,,,,5.11556289365197
"staggered","D_ramp_nt10",3,200,6,"GATT","g=4_t=7",4,7,3,"doubleml",5.6561382979957,0.898264865493989,3.89557149916264,4.17862374092845,7.13365285506295,7.41670509682876,1.51987441976167e-10,,,,,,,,,6.25235464779686
"staggered","D_ramp_nt10",3,200,6,"GATT","g=5_t=5",5,5,0,"doubleml",3.15293211669072,0.915987316259668,1.35762995236516,1.64626671559174,4.6595975177897,4.94823428101629,0.000288594231457495,,,,,,,,,3.93298894283393
"staggered","D_ramp_nt10",3,200,6,"GATT","g=5_t=6",5,6,1,"doubleml",3.75390009465887,1.3371178530485,1.13319723892651,1.55453644560063,5.95326374371712,6.37460295039123,0.00249672182647957,,,,,,,,,5.5061845199675
"staggered","D_ramp_nt10",3,200,6,"GATT","g=5_t=7",5,7,2,"doubleml",6.9691372391883,0.70262023413136,5.59202687461926,5.8134295365964,8.1248449417802,8.34624760375734,1.72469058573834e-23,,,,,,,,,7.07938009710107
"staggered","D_ramp_nt10",3,200,6,"GATT","g=6_t=6",6,6,0,"doubleml",5.62170955545351,0.53424772342363,4.57460325046124,4.74295005058926,6.50046906031776,6.66881586044578,3.39625177155207e-26,,,,,,,,,5.72111947423552
"staggered","D_ramp_nt10",3,200,6,"GATT","g=6_t=7",6,7,1,"doubleml",8.34763729689293,0.578594287727736,7.21361332234093,7.39593416834682,9.29934042543905,9.48166127144494,1.73862621400573e-47,,,,,,,,,8.00956726392973
"staggered","D_ramp_nt10",3,200,6,"CATT","surface",,,,"doubleml",,,,,,,,2.2051099734716,1.75571125439098,507,0.364692409691688,0.579881656804734,3.33901864475676,0.49112426035503,2.80219339431884,
"staggered","D_ramp_nt10",3,200,7,"GATT","g=4_t=4",4,4,0,"doubleml",1.89749609733327,0.981460597979395,-0.0261313421248175,0.28313670690447,3.51185548776207,3.82112353679136,0.0265972223088157,,,,,,,,,2.70614304610593
"staggered","D_ramp_nt10",3,200,7,"GATT","g=4_t=5",4,5,1,"doubleml",4.61774105128172,1.52738881087806,1.62411396795791,2.1054094561537,7.13007264640973,7.61136813460552,0.00125020782571693,,,,,,,,,3.7886002645483
"staggered","D_ramp_nt10",3,200,7,"GATT","g=4_t=6",4,6,2,"doubleml",4.88869635033056,0.888447664464357,3.14737091209634,3.42732965564571,6.35006304501542,6.63002178856478,1.87205979078676e-08,,,,,,,,,4.87105748299067
"staggered","D_ramp_nt10",3,200,7,"GATT","g=4_t=7",4,7,3,"doubleml",5.46189721577245,0.613442739709877,4.25957152987972,4.4528734715897,6.4709209599552,6.66422290166518,2.70127790555822e-19,,,,,,,,,5.95351470143305
"staggered","D_ramp_nt10",3,200,7,"GATT","g=5_t=5",5,5,0,"doubleml",4.35875779364443,0.934544378325282,2.5270844557245,2.82156873477858,5.89594685251028,6.19043113156436,1.55026154843176e-06,,,,,,,,,4.27605743714328
"staggered","D_ramp_nt10",3,200,7,"GATT","g=5_t=6",5,6,1,"doubleml",5.16577215828361,0.588991534812207,4.01136995374694,4.19696707628161,6.13457724028561,6.32017436282028,8.89079481097907e-19,,,,,,,,,5.98648041200059
"staggered","D_ramp_nt10",3,200,7,"GATT","g=5_t=7",5,7,2,"doubleml",7.65590708952955,0.748344573084504,6.18917866668856,6.42498952511322,8.88682465394589,9.12263551237055,7.24170271252264e-25,,,,,,,,,7.69690338685791
"staggered","D_ramp_nt10",3,200,7,"GATT","g=6_t=6",6,6,0,"doubleml",4.90069221796878,0.790829797631912,3.35069428448294,3.59989266201473,6.20149177392282,6.45069015145461,2.8793251555351e-10,,,,,,,,,5.75482668712506
"staggered","D_ramp_nt10",3,200,7,"GATT","g=6_t=7",6,7,1,"doubleml",7.99460101614272,0.791045755096913,6.44417981379995,6.69344624168854,9.29575579059689,9.54502221848548,2.58834744825914e-24,,,,,,,,,8.05675736197508
"staggered","D_ramp_nt10",3,200,7,"CATT","surface",,,,"doubleml",,,,,,,,2.24678300430349,1.7120376398439,537,0.369500243674617,0.562383612662942,3.44204161866625,0.478584729981378,2.88865301843792,
"staggered","D_ramp_nt10",3,200,8,"GATT","g=4_t=4",4,4,0,"doubleml",2.48507959000383,0.402197790202703,1.69678640032698,1.82352294599776,3.14663623400991,3.27337277968069,3.23055598566431e-10,,,,,,,,,2.84205415862428
"staggered","D_ramp_nt10",3,200,8,"GATT","g=4_t=5",4,5,1,"doubleml",3.52257618235363,0.598116815462116,2.35028875625323,2.5387613459735,4.50639101873375,4.69486360845402,1.93747184945944e-09,,,,,,,,,3.978875822074
"staggered","D_ramp_nt10",3,200,8,"GATT","g=4_t=6",4,6,2,"doubleml",5.09234277179451,0.932654869803112,3.26437280255573,3.55826167857939,6.62642386500964,6.9203127410333,2.37999464262085e-08,,,,,,,,,5.11569748552371
"staggered","D_ramp_nt10",3,200,8,"GATT","g=4_t=7",4,7,3,"doubleml",6.34125077980022,0.566849135012115,5.23024688174533,5.408866712679,7.27363484692143,7.4522546778551,2.3649465592076e-29,,,,,,,,,6.25251914897342
"staggered","D_ramp_nt10",3,200,8,"GATT","g=5_t=5",5,5,0,"doubleml",3.45664672731985,0.668099219389192,2.14719630888893,2.35772105391066,4.55557240072904,4.76609714575076,1.14658020065897e-07,,,,,,,,,3.99953575001122
"staggered","D_ramp_nt10",3,200,8,"GATT","g=5_t=6",5,6,1,"doubleml",5.43794264876661,0.529749656309888,4.39965239338686,4.56658180758667,6.30930348994656,6.47623290414636,5.05986726789891e-25,,,,,,,,,5.59935005001571
"staggered","D_ramp_nt10",3,200,8,"GATT","g=5_t=7",5,7,2,"doubleml",6.52792526751852,0.655248856766145,5.24366109721572,5.4501365644713,7.60571397056574,7.81218943782132,1.11184746326597e-23,,,,,,,,,7.19916435002021
"staggered","D_ramp_nt10",3,200,8,"GATT","g=6_t=6",6,6,0,"doubleml",5.1811739226063,0.604247520954052,3.99687053444711,4.18727497077494,6.17507287443765,6.36547731076548,4.97207913782275e-18,,,,,,,,,5.5478002725308
"staggered","D_ramp_nt10",3,200,8,"GATT","g=6_t=7",6,7,1,"doubleml",7.12732693926034,1.66332968113684,3.86726064410065,4.39139245992368,9.863261418597,10.38739323442,9.13796618613247e-06,,,,,,,,,7.76692038154312
"staggered","D_ramp_nt10",3,200,8,"CATT","surface",,,,"doubleml",,,,,,,,2.12660331094515,1.6218719541007,494,0.33530613432172,0.52834008097166,2.88562685864065,0.427125506072874,2.42169492957141,
"staggered","D_ramp_nt10",3,200,9,"GATT","g=4_t=4",4,4,0,"doubleml",3.20889788526014,1.0499787144817,1.15097740410973,1.48183619683006,4.93595957369022,5.26681836641055,0.00112097595609096,,,,,,,,,2.89276739706349
"staggered","D_ramp_nt10",3,200,9,"GATT","g=4_t=5",4,5,1,"doubleml",4.2217556545462,0.488572274821185,3.26417158449857,3.41812559401747,5.02538571507492,5.17933972459383,2.78602471467813e-18,,,,,,,,,4.04987435588889
"staggered","D_ramp_nt10",3,200,9,"GATT","g=4_t=6",4,6,2,"doubleml",4.82206286910238,0.754183736980535,3.34388989523506,3.58154073259499,6.06258500560976,6.30023584296969,8.09325786301915e-11,,,,,,,,,5.20698131471428
"staggered","D_ramp_nt10",3,200,9,"GATT","g=4_t=7",4,7,3,"doubleml",6.86718702862842,1.18125075731683,4.5519780693147,4.92420199545281,8.81017206180404,9.18239598794214,3.05921913893435e-09,,,,,,,,,6.36408827353968
"staggered","D_ramp_nt10",3,200,9,"GATT","g=5_t=5",5,5,0,"doubleml",4.0821815605097,0.534153568844917,3.03525979510214,3.20357692618086,4.96078619483854,5.12910332591726,1.06657017863911e-14,,,,,,,,,4.32182981116831
"staggered","D_ramp_nt10",3,200,9,"GATT","g=5_t=6",5,6,1,"doubleml",5.10929004076017,1.34819269389101,2.46688089567077,2.89170989544277,7.32687018607758,7.75169918584957,7.54047161446167e-05,,,,,,,,,6.05056173563563
"staggered","D_ramp_nt10",3,200,9,"GATT","g=5_t=7",5,7,2,"doubleml",7.256155068606,0.870635059019946,5.54974169578903,5.8240875092368,8.68822262797519,8.96256844142297,3.89709579958743e-17,,,,,,,,,7.77929366010296
"staggered","D_ramp_nt10",3,200,9,"GATT","g=6_t=6",6,6,0,"doubleml",3.94982695245249,1.94266020904895,0.142282878484077,0.754434536957491,7.14521936794748,7.7573710264209,0.0210158950128928,,,,,,,,,5.50864425710701
"staggered","D_ramp_nt10",3,200,9,"GATT","g=6_t=7",6,7,1,"doubleml",6.811567041814,1.38990611448733,4.08740109403895,4.52537440977505,9.09775967385294,9.53573298958905,4.77384248690835e-07,,,,,,,,,7.71210195994981
"staggered","D_ramp_nt10",3,200,9,"CATT","surface",,,,"doubleml",,,,,,,,2.29944707271958,1.71838843450617,511,0.340120371773775,0.659491193737769,4.15888858182487,0.587084148727984,3.49025008590411,
"staggered","D_ramp_nt10",3,200,10,"GATT","g=4_t=4",4,4,0,"doubleml",1.68888469692838,0.678714476679032,0.358628756358637,0.572498475104967,2.80527091875179,3.01914063749812,0.00641672112183592,,,,,,,,,2.58128563616272
"staggered","D_ramp_nt10",3,200,10,"GATT","g=4_t=5",4,5,1,"doubleml",3.26828650936397,0.604057472933066,2.08435560848418,2.27470015878012,4.26187285994781,4.45221741024375,3.14147656555266e-08,,,,,,,,,3.61379989062781
"staggered","D_ramp_nt10",3,200,10,"GATT","g=4_t=6",4,6,2,"doubleml",4.87040729776834,0.747177346614641,3.40596659678812,3.64140965047986,6.09940494505681,6.33484799874855,3.55285890608538e-11,,,,,,,,,4.64631414509291
"staggered","D_ramp_nt10",3,200,10,"GATT","g=4_t=7",4,7,3,"doubleml",5.32388152073067,1.05790177531366,3.2504321255798,3.58378755399889,7.06397548746245,7.39733091588154,2.42073244333917e-07,,,,,,,,,5.678828399558
"staggered","D_ramp_nt10",3,200,10,"GATT","g=5_t=5",5,5,0,"doubleml",3.85752281371866,0.471709289992591,2.93298958686762,3.08162990123718,4.63341572620013,4.78205604056969,1.44590981624412e-16,,,,,,,,,3.84589700182273
"staggered","D_ramp_nt10",3,200,10,"GATT","g=5_t=6",5,6,1,"doubleml",5.93966350352235,0.694618209724992,4.57823681871692,4.79711796278336,7.08220904426134,7.30109018832779,6.10261059856997e-18,,,,,,,,,5.38425580255181
"staggered","D_ramp_nt10",3,200,10,"GATT","g=5_t=7",5,7,2,"doubleml",6.43553196943974,0.766447801405157,4.93332187080648,5.17483723750726,7.69622670137222,7.937742068073,2.29856512584666e-17,,,,,,,,,6.92261460328091
"staggered","D_ramp_nt10",3,200,10,"GATT","g=6_t=6",6,6,0,"doubleml",5.95445867753841,0.68861099071511,4.60480592573246,4.8217941350167,7.08712322006013,7.30411142934436,2.64222252392353e-18,,,,,,,,,5.2163101100481
"staggered","D_ramp_nt10",3,200,10,"GATT","g=6_t=7",6,7,1,"doubleml",7.75137753531515,0.610842448762953,6.55414832606792,6.74663089009761,8.75612418053269,8.94860674456238,3.37428821201804e-37,,,,,,,,,7.30283415406734
"staggered","D_ramp_nt10",3,200,10,"CATT","surface",,,,"doubleml",,,,,,,,2.11162254435923,1.71661618047298,506,0.384387475578377,0.424901185770751,2.73647645429365,0.345849802371542,2.29652393704717,
"staggered","D_ramp_nt10",3,200,11,"GATT","g=4_t=4",4,4,0,"doubleml",3.15593895036011,0.415443723478983,2.34168420831535,2.47259468002081,3.83928322069941,3.97019369240487,1.52065101788675e-14,,,,,,,,,2.63468324740726
"staggered","D_ramp_nt10",3,200,11,"GATT","g=4_t=5",4,5,1,"doubleml",3.88429654397634,0.775427535560278,2.36448648966947,2.60883146039987,5.1597616275528,5.4041065982832,2.73238111116907e-07,,,,,,,,,3.68855654637017
"staggered","D_ramp_nt10",3,200,11,"GATT","g=4_t=6",4,6,2,"doubleml",5.47574805116306,0.568975886830342,4.36057579610751,4.53986578780662,6.41163031451949,6.5909203062186,3.17009953514173e-22,,,,,,,,,4.74242984533308
"staggered","D_ramp_nt10",3,200,11,"GATT","g=4_t=7",4,7,3,"doubleml",6.05626698268043,0.614167403133349,4.85252098256558,5.04605127296692,7.06648269239393,7.26001298279528,3.07360518971883e-23,,,,,,,,,5.79630314429598
"staggered","D_ramp_nt10",3,200,11,"GATT","g=5_t=5",5,5,0,"doubleml",4.38107798979891,0.550415154213217,3.30228410248656,3.47572542173068,5.28643055786714,5.45987187711127,8.63063659327944e-16,,,,,,,,,4.06558027515891
"staggered","D_ramp_nt10",3,200,11,"GATT","g=5_t=6",5,6,1,"doubleml",5.19222683285123,1.01125393142834,3.21020553239322,3.5288617587256,6.85559190697685,7.17424813330924,1.41489553820974e-07,,,,,,,,,5.69181238522247
"staggered","D_ramp_nt10",3,200,11,"GATT","g=5_t=7",5,7,2,"doubleml",6.26626196552523,1.15865696483747,3.99533602609453,4.36044042228446,8.17208350876599,8.53718790495592,3.18286060468335e-08,,,,,,,,,7.31804449528603
"staggered","D_ramp_nt10",3,200,11,"GATT","g=6_t=6",6,6,0,"doubleml",5.29448099417933,0.486181817604461,4.34158213422002,4.49478288676536,6.0941791015933,6.24737985413864,6.43768138216859e-28,,,,,,,,,4.93578011215079
"staggered","D_ramp_nt10",3,200,11,"GATT","g=6_t=7",6,7,1,"doubleml",6.9018248911325,0.506093820542245,5.90989922224724,6.06937444603831,7.7342753362267,7.89375056001776,1.19913916949798e-42,,,,,,,,,6.9100921570111
"staggered","D_ramp_nt10",3,200,11,"CATT","surface",,,,"doubleml",,,,,,,,2.09446480145041,1.66287696661968,520,0.393212180251589,0.438461538461538,2.59800759425567,0.375,2.18031718105119,
"staggered","D_ramp_nt10",3,200,12,"GATT","g=4_t=4",4,4,0,"doubleml",2.95828236781195,0.607309979189744,1.7679766717593,1.95934611930178,3.95721861632211,4.1485880638646,5.54825135454473e-07,,,,,,,,,2.92579877673766
"staggered","D_ramp_nt10",3,200,12,"GATT","g=4_t=5",4,5,1,"doubleml",4.20925172816092,0.527569286395883,3.17523491931929,3.3414772771555,5.07702617916633,5.24326853700254,7.40154726211908e-16,,,,,,,,,4.09611828743273
"staggered","D_ramp_nt10",3,200,12,"GATT","g=4_t=6",4,6,2,"doubleml",5.01947283725987,0.605632762195906,3.83245442613534,4.02329536583089,6.01565030868886,6.20649124838441,5.75934778069959e-17,,,,,,,,,5.26643779812779
"staggered","D_ramp_nt10",3,200,12,"GATT","g=4_t=7",4,7,3,"doubleml",6.12715717597929,0.674911422285543,4.80435508511082,5.01702642338722,7.23728792857135,7.44995926684775,5.50603111116632e-20,,,,,,,,,6.43675730882286
"staggered","D_ramp_nt10",3,200,12,"GATT","g=5_t=5",5,5,0,"doubleml",4.46473716726355,0.449019625526862,3.58467486593742,3.72616544013719,5.20330889438991,5.34479946858968,1.34869088088063e-23,,,,,,,,,4.4007929452241
"staggered","D_ramp_nt10",3,200,12,"GATT","g=5_t=6",5,6,1,"doubleml",6.22905387567792,0.468505240061937,5.31080047134517,5.45843115754108,6.99967659381476,7.14730728001067,1.22763386900562e-40,,,,,,,,,6.16111012331374
"staggered","D_ramp_nt10",3,200,12,"GATT","g=5_t=7",5,7,2,"doubleml",7.73342026226675,0.679843963377534,6.40095056842947,6.61517619972936,8.85166432480414,9.06588995610404,2.77599318937269e-30,,,,,,,,,7.92142730140338
"staggered","D_ramp_nt10",3,200,12,"GATT","g=6_t=6",6,6,0,"doubleml",5.36009977061726,0.518010513405878,4.34481781272022,4.50804810559955,6.21215143563497,6.3753817285143,2.14838695495909e-25,,,,,,,,,5.44581433762814
"staggered","D_ramp_nt10",3,200,12,"GATT","g=6_t=7",6,7,1,"doubleml",7.63429015448537,0.77475937630209,6.11578966827082,6.35992409533737,8.90865621363336,9.15279064069992,3.30145061474818e-23,,,,,,,,,7.62414007267939
"staggered","D_ramp_nt10",3,200,12,"CATT","surface",,,,"doubleml",,,,,,,,2.29896693160364,1.82136473253205,516,0.392553261062539,0.366279069767442,2.30825570156735,0.317829457364341,1.93714967404802,
"staggered","D_ramp_nt10",3,200,13,"GATT","g=4_t=4",4,4,0,"doubleml",3.74336865350451,0.955714448474468,1.8702027402147,2.17135792007349,5.31537938693553,5.61653456679432,4.48609465680416e-05,,,,,,,,,3.0030302722085
"staggered","D_ramp_nt10",3,200,13,"GATT","g=4_t=5",4,5,1,"doubleml",4.40058505377416,0.590820074696942,3.24259897689085,3.4287722906286,5.37239781691973,5.55857113065748,4.72875082147815e-14,,,,,,,,,4.2042423810919
"staggered","D_ramp_nt10",3,200,13,"GATT","g=4_t=6",4,6,2,"doubleml",6.20060565553387,0.855263300027298,4.52432037695917,4.79382239543077,7.60738891563697,7.87689093410857,2.08481664603992e-13,,,,,,,,,5.4054544899753
"staggered","D_ramp_nt10",3,200,13,"GATT","g=4_t=7",4,7,3,"doubleml",6.25749494684847,0.755651474987371,4.77644525932632,5.01455859560959,7.50043129808735,7.73854463437062,6.11098825603091e-17,,,,,,,,,6.60666659885871
"staggered","D_ramp_nt10",3,200,13,"GATT","g=5_t=5",5,5,0,"doubleml",4.22320684068024,0.366153955954286,3.50555826855226,3.62093704161301,4.82547663974747,4.94085541280823,4.4475370842119e-31,,,,,,,,,4.27913475008178
"staggered","D_ramp_nt10",3,200,13,"GATT","g=5_t=6",5,6,1,"doubleml",5.84193475219913,0.516527725972125,4.8295590042919,4.99232205602298,6.69154744837528,6.85431050010636,5.85367912304301e-30,,,,,,,,,5.9907886501145
"staggered","D_ramp_nt10",3,200,13,"GATT","g=5_t=7",5,7,2,"doubleml",7.94324809080857,0.591082382597399,6.78474789988344,6.97100386946371,8.91549231215343,9.1017482817337,1.7987800647814e-41,,,,,,,,,7.70244255014721
"staggered","D_ramp_nt10",3,200,13,"GATT","g=6_t=6",6,6,0,"doubleml",5.02999686112674,0.558258068751646,3.93583114366399,4.11174384370832,5.94824987854516,6.12416257858949,1.02874109018786e-19,,,,,,,,,5.23545869488454
"staggered","D_ramp_nt10",3,200,13,"GATT","g=6_t=7",6,7,1,"doubleml",6.78248165986226,0.543189520387278,5.71784975472593,5.88901420449517,7.67594911522936,7.84711356499859,4.42857257933671e-36,,,,,,,,,7.32964217283835
"staggered","D_ramp_nt10",3,200,13,"CATT","surface",,,,"doubleml",,,,,,,,2.13793340297425,1.67670344610426,517,0.375539104814446,0.454545454545455,2.56748460465281,0.411992263056093,2.15470147507892,
"staggered","D_ramp_nt10",3,200,14,"GATT","g=4_t=4",4,4,0,"doubleml",2.10152890652288,0.37479060890264,1.36695280553563,1.48505307430694,2.71800473873882,2.83610500751014,1.02808241192225e-08,,,,,,,,,2.66032499105822
"staggered","D_ramp_nt10",3,200,14,"GATT","g=4_t=5",4,5,1,"doubleml",3.54396525570618,0.520677618692918,2.52345586746233,2.68752659188866,4.4004039195237,4.56447464395003,5.00188530699464e-12,,,,,,,,,3.7244549874815
"staggered","D_ramp_nt10",3,200,14,"GATT","g=4_t=6",4,6,2,"doubleml",3.62891148907584,0.642373407816944,2.36988273519731,2.57230101973451,4.68552195841717,4.88794024295437,8.05867058462927e-09,,,,,,,,,4.78858498390479
"staggered","D_ramp_nt10",3,200,14,"GATT","g=4_t=7",4,7,3,"doubleml",4.80933576445111,0.552120316639501,3.72719982016908,3.90117845314536,5.71749307575686,5.89147170873313,1.51047057156945e-18,,,,,,,,,5.85271498032808
"staggered","D_ramp_nt10",3,200,14,"GATT","g=5_t=5",5,5,0,"doubleml",4.210764289991,0.784395601621215,2.67337714905508,2.92054804708194,5.50098053290006,5.74815143092692,3.97710880367492e-08,,,,,,,,,4.15362229065398
"staggered","D_ramp_nt10",3,200,14,"GATT","g=5_t=6",5,6,1,"doubleml",5.74103101652627,0.522718448584135,4.71652167516551,4.88123548549886,6.60082654755368,6.76554035788702,2.30602031636909e-28,,,,,,,,,5.81507120691557
"staggered","D_ramp_nt10",3,200,14,"GATT","g=5_t=7",5,7,2,"doubleml",7.78093924861261,0.614682345805983,6.57618397939733,6.76987653338426,8.79200196384096,8.98569451782789,5.02176038784117e-37,,,,,,,,,7.47652012317717
"staggered","D_ramp_nt10",3,200,14,"GATT","g=6_t=6",6,6,0,"doubleml",5.70735972087205,0.549792515181439,4.62978618364698,4.8030313031058,6.6116881386383,6.78493325809713,1.51399343741558e-25,,,,,,,,,5.21207818619687
"staggered","D_ramp_nt10",3,200,14,"GATT","g=6_t=7",6,7,1,"doubleml",7.59682318160079,0.543043029943359,6.53247839246088,6.70359668162634,8.49004968157524,8.6611679707407,9.05197988543214e-45,,,,,,,,,7.29690946067561
"staggered","D_ramp_nt10",3,200,14,"CATT","surface",,,,"doubleml",,,,,,,,2.25649702222846,1.74867674435936,506,0.374965677024215,0.371541501976285,2.2024953091871,0.316205533596838,1.84839273542659,
"staggered","D_ramp_nt10",3,200,15,"GATT","g=4_t=4",4,4,0,"doubleml",2.90705354912332,1.00872974804438,0.929979557227267,1.24784038813353,4.5662667101131,4.88412754101937,0.0019764551051279,,,,,,,,,2.8050009409126
"staggered","D_ramp_nt10",3,200,15,"GATT","g=4_t=5",4,5,1,"doubleml",-1.5598489492991,8.01303745652132,-17.2651138947325,-14.740125661808,11.6204277632098,14.1454159961343,0.422828045862864,,,,,,,,,3.92700131727763
"staggered","D_ramp_nt10",3,200,15,"GATT","g=4_t=6",4,6,2,"doubleml",5.14493075127431,0.663857369965656,3.84379420500695,4.05298230085682,6.2368792016918,6.44606729754168,4.59265839797444e-15,,,,,,,,,5.04900169364267
"staggered","D_ramp_nt10",3,200,15,"GATT","g=4_t=7",4,7,3,"doubleml",6.27689142018225,0.660670051810396,4.98200190275574,5.19018564278171,7.36359719758279,7.57178093760876,1.04145920266149e-21,,,,,,,,,6.17100207000771
"staggered","D_ramp_nt10",3,200,15,"GATT","g=5_t=5",5,5,0,"doubleml",4.89141379866463,0.51407718052469,3.88384103161474,4.04583189196988,5.73699570535939,5.89898656571453,9.09084328135414e-22,,,,,,,,,4.00922965957663
"staggered","D_ramp_nt10",3,200,15,"GATT","g=5_t=6",5,6,1,"doubleml",5.86993904046221,0.640476289995449,4.61462856921757,4.81644905295804,6.92342902796638,7.12524951170685,2.47828693489165e-20,,,,,,,,,5.61292152340729
"staggered","D_ramp_nt10",3,200,15,"GATT","g=5_t=7",5,7,2,"doubleml",6.3426090262833,0.981597318232653,4.41871362005076,4.72802475099905,7.95719330156755,8.26650443251584,5.18288115743929e-11,,,,,,,,,7.21661338723794
"staggered","D_ramp_nt10",3,200,15,"GATT","g=6_t=6",6,6,0,"doubleml",4.85733921200022,0.833259109722788,3.22418135427151,3.48674963233626,6.22792879166419,6.49049706972894,2.78258014459726e-09,,,,,,,,,5.49907411022906
"staggered","D_ramp_nt10",3,200,15,"GATT","g=6_t=7",6,7,1,"doubleml",7.4569755296887,0.701108389322076,6.08282832651945,6.30375459107873,8.61019646829867,8.83112273285795,1.01342170588849e-26,,,,,,,,,7.69870375432069
"staggered","D_ramp_nt10",3,200,15,"CATT","surface",,,,"doubleml",,,,,,,,2.76359187435089,2.12477531384616,531,0.490963836928051,0.551789077212806,5.99509832779042,0.485875706214689,5.03124621924657,
"staggered","D_ramp_nt10",3,200,16,"GATT","g=4_t=4",4,4,0,"doubleml",1.84137104554441,0.576091430875658,0.71225258031963,0.893784751102858,2.78895733998596,2.97048951076919,0.000695969575343598,,,,,,,,,2.62434866935173
"staggered","D_ramp_nt10",3,200,16,"GATT","g=4_t=5",4,5,1,"doubleml",2.44729633260311,0.753056534727246,0.971332634572955,1.20862827923086,3.68596438597536,3.92326003063326,0.000577395379203875,,,,,,,,,3.67408813709243
"staggered","D_ramp_nt10",3,200,16,"GATT","g=4_t=6",4,6,2,"doubleml",4.76469123380247,0.576902595780454,3.63398291456623,3.81577069152261,5.71361177608233,5.89539955303871,7.3392786574279e-17,,,,,,,,,4.72382760483312
"staggered","D_ramp_nt10",3,200,16,"GATT","g=4_t=7",4,7,3,"doubleml",5.37721535317652,0.728024511396015,3.95031351972275,4.17972132350874,6.57470938284431,6.8041171866303,7.56353457904981e-14,,,,,,,,,5.77356707257381
"staggered","D_ramp_nt10",3,200,16,"GATT","g=5_t=5",5,5,0,"doubleml",3.97039479497869,0.555740037879695,2.88116432737585,3.05628357071212,4.88450601924525,5.05962526258153,4.52152445496318e-13,,,,,,,,,3.59102033976005
"staggered","D_ramp_nt10",3,200,16,"GATT","g=5_t=6",5,6,1,"doubleml",5.7361705052746,0.621397286255805,4.51825419451553,4.7140626933876,6.75827831716161,6.95408681603368,1.33953444130385e-20,,,,,,,,,5.02742847566407
"staggered","D_ramp_nt10",3,200,16,"GATT","g=5_t=7",5,7,2,"doubleml",7.09289106438022,0.631901372951857,5.854387121844,6.05350556347486,8.13227656528557,8.33139500691643,1.54249609059759e-29,,,,,,,,,6.46383661156809
"staggered","D_ramp_nt10",3,200,16,"GATT","g=6_t=6",6,6,0,"doubleml",6.42595771558028,0.605478660154211,5.23924133890979,5.43003371951099,7.42188171164958,7.61267409225077,1.29614698619796e-26,,,,,,,,,5.54223498636322
"staggered","D_ramp_nt10",3,200,16,"GATT","g=6_t=7",6,7,1,"doubleml",8.60225314430183,0.780528317384931,7.0724457412468,7.31839801933796,9.88610826926571,10.1320605473569,1.51229945766572e-28,,,,,,,,,7.75912898090851
"staggered","D_ramp_nt10",3,200,16,"CATT","surface",,,,"doubleml",,,,,,,,2.06921925010538,1.56743223266843,507,0.360735344427289,0.473372781065089,2.54928065837229,0.414201183431953,2.139424238428,
"staggered","D_ramp_nt10",3,200,17,"GATT","g=4_t=4",4,4,0,"doubleml",3.60397538597359,0.597434391684153,2.43302548591075,2.62128303707434,4.58666773487284,4.77492528603643,8.07609777108809e-10,,,,,,,,,2.86736578160838
"staggered","D_ramp_nt10",3,200,17,"GATT","g=4_t=5",4,5,1,"doubleml",5.07419610222195,0.501242954231896,4.09177795667379,4.2497246239818,5.8986675804621,6.05661424777011,2.17903085125614e-24,,,,,,,,,4.01431209425174
"staggered","D_ramp_nt10",3,200,17,"GATT","g=4_t=6",4,6,2,"doubleml",5.68308468794491,0.492465362446456,4.7178703063029,4.87305106666341,6.49311830922641,6.64829906958692,4.14289489994053e-31,,,,,,,,,5.16125840689509
"staggered","D_ramp_nt10",3,200,17,"GATT","g=4_t=7",4,7,3,"doubleml",7.61117902782705,0.64876520111327,6.33962258919228,6.54405499171508,8.67830306393901,8.88273546646182,4.37917622036075e-32,,,,,,,,,6.30820471953845
"staggered","D_ramp_nt10",3,200,17,"GATT","g=5_t=5",5,5,0,"doubleml",5.02063691674836,0.628184869926046,3.78941718634862,3.98736452071102,6.05390931278569,6.25185664714809,6.62264257602635e-16,,,,,,,,,4.28626457335559
"staggered","D_ramp_nt10",3,200,17,"GATT","g=5_t=6",5,6,1,"doubleml",5.86069107890614,0.593575463397396,4.69730453936393,4.88434610363508,6.8370360541772,7.02407761844836,2.71083568797568e-23,,,,,,,,,6.00077040269782
"staggered","D_ramp_nt10",3,200,17,"GATT","g=5_t=7",5,7,2,"doubleml",8.13877461918522,0.570886187988582,7.01985824263036,7.19975018932744,9.07779904904299,9.25769099574007,2.04545391168214e-46,,,,,,,,,7.71527623204006
"staggered","D_ramp_nt10",3,200,17,"GATT","g=6_t=6",6,6,0,"doubleml",4.96946615105824,0.6885750693272,3.61988380387942,3.83686069397512,6.10207160814136,6.31904849823705,2.65678507869168e-13,,,,,,,,,5.47802524199772
"staggered","D_ramp_nt10",3,200,17,"GATT","g=6_t=7",6,7,1,"doubleml",7.70304420262411,0.659082106779038,6.41126700029304,6.61895036296019,8.78713804228804,8.99482140495518,7.38056852363704e-32,,,,,,,,,7.6692353387968
"staggered","D_ramp_nt10",3,200,17,"CATT","surface",,,,"doubleml",,,,,,,,2.41812233030626,1.84525560141541,539,0.443112391309342,0.428571428571429,2.32788942282383,0.363636363636364,1.95362681594634,
"staggered","D_ramp_nt10",3,200,18,"GATT","g=4_t=4",4,4,0,"doubleml",2.87845260062102,0.469306956122586,1.95862786167117,2.10651117661496,3.65039402462708,3.79827733957087,4.3007185344305e-10,,,,,,,,,2.60572014586264
"staggered","D_ramp_nt10",3,200,18,"GATT","g=4_t=5",4,5,1,"doubleml",3.98040091579107,0.473998689099486,3.05138054910889,3.20074227603103,4.76005955555112,4.90942128247326,2.28054871911054e-17,,,,,,,,,3.6480082042077
"staggered","D_ramp_nt10",3,200,18,"GATT","g=4_t=6",4,6,2,"doubleml",4.39966117519414,0.55717671540422,3.30761487136363,3.48318682615465,5.31613552423364,5.49170747902466,1.43597196576371e-15,,,,,,,,,4.69029626255276
"staggered","D_ramp_nt10",3,200,18,"GATT","g=4_t=7",4,7,3,"doubleml",6.42327632476816,0.612340437791856,5.22311111095188,5.41606570630448,7.43048694323184,7.62344153858444,4.8159532122951e-26,,,,,,,,,5.73258432089781
"staggered","D_ramp_nt10",3,200,18,"GATT","g=5_t=5",5,5,0,"doubleml",4.38301921224142,0.673056522870387,3.06385265745029,3.27593949837197,5.49009892611087,5.70218576703256,3.70508068045668e-11,,,,,,,,,4.46033558334495
"staggered","D_ramp_nt10",3,200,18,"GATT","g=5_t=6",5,6,1,"doubleml",5.66439340275232,0.568075927071212,4.55098503642612,4.72999144180553,6.59879536369911,6.77780176907852,1.01885545263222e-23,,,,,,,,,6.24446981668293
"staggered","D_ramp_nt10",3,200,18,"GATT","g=5_t=7",5,7,2,"doubleml",7.21366999271593,0.867240282020156,5.51391026060658,5.78718634587395,8.64015363955791,8.91342972482528,4.47450937602225e-17,,,,,,,,,8.02860405002091
"staggered","D_ramp_nt10",3,200,18,"GATT","g=6_t=6",6,6,0,"doubleml",5.49208191025468,0.645841990691617,4.22625485881077,4.42976612849761,6.55439769201175,6.75790896169858,9.17775339168751e-18,,,,,,,,,5.65259201875356
"staggered","D_ramp_nt10",3,200,18,"GATT","g=6_t=7",6,7,1,"doubleml",8.18952641452854,0.575237238225289,7.06208213614755,7.24334514228472,9.13570768677236,9.31697069290953,2.70827035205752e-46,,,,,,,,,7.91362882625498
"staggered","D_ramp_nt10",3,200,18,"CATT","surface",,,,"doubleml",,,,,,,,2.04551923872895,1.56168973717303,512,0.350435905112653,0.453125,2.35044987192873,0.40625,1.97256014581975,
"staggered","D_ramp_nt10",3,200,19,"GATT","g=4_t=4",4,4,0,"doubleml",3.0702077923616,0.610990916171679,1.87268759233809,2.06521693993295,4.07519864479025,4.26772799238511,2.5176255819685e-07,,,,,,,,,2.62933086702166
"staggered","D_ramp_nt10",3,200,19,"GATT","g=4_t=5",4,5,1,"doubleml",4.13377050651762,0.736440408294791,2.69037381811453,2.9224335551723,5.34510745786294,5.57716719492072,9.93224971932189e-09,,,,,,,,,3.68106321383033
"staggered","D_ramp_nt10",3,200,19,"GATT","g=4_t=6",4,6,2,"doubleml",5.41874919805174,0.515037269753874,4.40929469067586,4.571588084748,6.26591031135548,6.42820370542762,3.45379697843403e-26,,,,,,,,,4.73279556063899
"staggered","D_ramp_nt10",3,200,19,"GATT","g=4_t=7",4,7,3,"doubleml",6.40547810497836,0.445603124526516,5.53211202261887,5.67252602318842,7.13843018676829,7.27884418733785,3.72155360832297e-47,,,,,,,,,5.78452790744766
"staggered","D_ramp_nt10",3,200,19,"GATT","g=5_t=5",5,5,0,"doubleml",4.03581446086563,1.00131746773689,2.07326827153016,2.38879341878873,5.68283550294254,5.99836065020111,2.78286433536044e-05,,,,,,,,,4.16106573924555
"staggered","D_ramp_nt10",3,200,19,"GATT","g=5_t=6",5,6,1,"doubleml",5.51458378666998,1.01532734954081,3.52457873335456,3.84451853446837,7.18464903887158,7.50458883998539,2.79668834301687e-08,,,,,,,,,5.82549203494377
"staggered","D_ramp_nt10",3,200,19,"GATT","g=5_t=7",5,7,2,"doubleml",7.3855052548204,0.947749563768192,5.52795022881903,5.82659559385803,8.94441491578276,9.24306028082176,3.28023538895752e-15,,,,,,,,,7.48991833064199
"staggered","D_ramp_nt10",3,200,19,"GATT","g=6_t=6",6,6,0,"doubleml",4.66112762662938,0.92686511148236,2.84450537526797,3.13656984054717,6.18568541271159,6.47774987799079,2.46629038673192e-07,,,,,,,,,5.34648676168233
"staggered","D_ramp_nt10",3,200,19,"GATT","g=6_t=7",6,7,1,"doubleml",7.93156766798873,0.69877449361543,6.56199481638426,6.78218564706742,9.08094968891004,9.3011405195932,3.67928745808389e-30,,,,,,,,,7.48508146635526
"staggered","D_ramp_nt10",3,200,19,"CATT","surface",,,,"doubleml",,,,,,,,2.01223859304319,1.54809052688683,520,0.371535780321829,0.576923076923077,2.98160432884744,0.490384615384615,2.50224177929902,
"staggered","D_ramp_nt10",3,200,20,"GATT","g=4_t=4",4,4,0,"doubleml",3.48421277973978,0.535644823258603,2.43436820936656,2.60315524962357,4.36527030985599,4.534057350113,3.89224063506668e-11,,,,,,,,,2.84836772651767
"staggered","D_ramp_nt10",3,200,20,"GATT","g=4_t=5",4,5,1,"doubleml",4.35056799590637,0.466065635053681,3.43709612956402,3.58395807182579,5.11717791998696,5.26403986224873,5.06540977055848e-21,,,,,,,,,3.98771481712474
"staggered","D_ramp_nt10",3,200,20,"GATT","g=4_t=6",4,6,2,"doubleml",4.83444552737737,0.592039469168798,3.67406948122742,3.8606270383572,5.80826401639755,5.99482157352733,1.5972383220801e-16,,,,,,,,,5.12706190773181
"staggered","D_ramp_nt10",3,200,20,"GATT","g=4_t=7",4,7,3,"doubleml",7.09358632904482,0.908934172303146,5.31210807296086,5.59852231999531,8.58865033809434,8.87506458512879,2.99186074281984e-15,,,,,,,,,6.26640899833888
"staggered","D_ramp_nt10",3,200,20,"GATT","g=5_t=5",5,5,0,"doubleml",3.95597004331356,0.603074227021837,2.77396626902293,2.96400098869978,4.94793909792734,5.13797381760419,2.69628537854797e-11,,,,,,,,,3.95063629462207
"staggered","D_ramp_nt10",3,200,20,"GATT","g=5_t=6",5,6,1,"doubleml",4.57918439809015,0.573405080837885,3.45533108223081,3.63601675725363,5.52235203892667,5.7030377139495,6.97220096889953e-16,,,,,,,,,5.53089081247089
"staggered","D_ramp_nt10",3,200,20,"GATT","g=5_t=7",5,7,2,"doubleml",6.88792331080385,0.518760170170599,5.8711720526356,6.03463856985806,7.74120805174964,7.90467456897209,1.55987454206558e-40,,,,,,,,,7.11114533031972
"staggered","D_ramp_nt10",3,200,20,"GATT","g=6_t=6",6,6,0,"doubleml",3.94640667700634,0.788417885133376,2.40113600518878,2.64957436497316,5.24323898903951,5.49167734882389,2.78621008810039e-07,,,,,,,,,5.15507051746279
"staggered","D_ramp_nt10",3,200,20,"GATT","g=6_t=7",6,7,1,"doubleml",6.33171406052551,0.620313825793953,5.11592129326709,5.31138838291302,7.352039738138,7.54750682778393,9.19789357566347e-25,,,,,,,,,7.21709872444791
"staggered","D_ramp_nt10",3,200,20,"CATT","surface",,,,"doubleml",,,,,,,,2.17280672747635,1.70669501565185,513,0.380949721122168,0.38401559454191,2.43474914457693,0.35672514619883,2.04330634106236,
"staggered","D_ramp_nt10",3,200,21,"GATT","g=4_t=4",4,4,0,"doubleml",2.46108942418115,0.838586862493565,0.817489362820809,1.08173646906116,3.84044237930114,4.10468948554148,0.00166878355520704,,,,,,,,,2.56380164170735
"staggered","D_ramp_nt10",3,200,21,"GATT","g=4_t=5",4,5,1,"doubleml",3.66240796739636,0.733565348558164,2.22464629257491,2.45580006955907,4.86901586523365,5.10016964221781,2.97839052850086e-07,,,,,,,,,3.58932229839029
"staggered","D_ramp_nt10",3,200,21,"GATT","g=4_t=6",4,6,2,"doubleml",4.21976166270285,0.689950836061384,2.86748286225264,3.08489327020394,5.35463005520177,5.57204046315307,4.79669164751318e-10,,,,,,,,,4.61484295507323
"staggered","D_ramp_nt10",3,200,21,"GATT","g=4_t=7",4,7,3,"doubleml",5.4610246908808,0.716780065670744,4.0561615662485,4.28202613274201,6.64002324901958,6.86588781551309,1.27993738796136e-14,,,,,,,,,5.64036361175617
"staggered","D_ramp_nt10",3,200,21,"GATT","g=5_t=5",5,5,0,"doubleml",4.22333554422355,0.802131019115428,2.651187623474,2.90394712890747,5.54272395953964,5.7954834649731,7.00396524698808e-08,,,,,,,,,4.27660093776722
"staggered","D_ramp_nt10",3,200,21,"GATT","g=5_t=6",5,6,1,"doubleml",5.92839257258003,0.629409884909891,4.6947718569125,4.89310520574646,6.96367993941361,7.16201328824756,2.27768143997215e-21,,,,,,,,,5.9872413128741
"staggered","D_ramp_nt10",3,200,21,"GATT","g=5_t=7",5,7,2,"doubleml",7.46851981308077,1.06007412604204,5.39081268870691,5.72485264656402,9.21218697959753,9.54622693745463,9.25439809283965e-13,,,,,,,,,7.69788168798099
"staggered","D_ramp_nt10",3,200,21,"GATT","g=6_t=6",6,6,0,"doubleml",5.46086653173813,0.652877884040075,4.18124938262341,4.38697773266327,6.53475533081298,6.74048368085285,3.02364177869394e-17,,,,,,,,,5.16583171552049
"staggered","D_ramp_nt10",3,200,21,"GATT","g=6_t=7",6,7,1,"doubleml",7.09892345309705,0.774894770558608,5.58015759901391,5.82433469016464,8.37351221602945,8.61768930718018,2.56747415173143e-20,,,,,,,,,7.23216440172868
"staggered","D_ramp_nt10",3,200,21,"CATT","surface",,,,"doubleml",,,,,,,,1.91941340773552,1.58575451526134,526,0.365843880983435,0.517110266159696,2.99712117840852,0.427756653992395,2.51526393280181,
"staggered","D_ramp_nt10",3,200,22,"GATT","g=4_t=4",4,4,0,"doubleml",1.4947581451851,1.58232540807052,-1.60654269091843,-1.10793613158133,4.09745242195154,4.59605898128864,0.172416464089953,,,,,,,,,2.57154398268974
"staggered","D_ramp_nt10",3,200,22,"GATT","g=4_t=5",4,5,1,"doubleml",3.7691752535574,0.817384949800947,2.16713017780573,2.42469634933751,5.11365415777728,5.37122032930906,2.00116921738482e-06,,,,,,,,,3.60016157576564
"staggered","D_ramp_nt10",3,200,22,"GATT","g=4_t=6",4,6,2,"doubleml",3.77129619707763,0.950437346874545,1.90847321294801,2.20796552532164,5.33462686883361,5.63411918120725,3.62454369759721e-05,,,,,,,,,4.62877916884154
"staggered","D_ramp_nt10",3,200,22,"GATT","g=4_t=7",4,7,3,"doubleml",2.51318955872373,3.57051983137824,-4.48490077206368,-3.35979426799808,8.38617338544555,9.51127988951114,0.240756190609177,,,,,,,,,5.65739676191744
"staggered","D_ramp_nt10",3,200,22,"GATT","g=5_t=5",5,5,0,"doubleml",7.1373242055601,2.7657069204338,1.716638206959,2.58814011465689,11.6865082964633,12.5580102041612,0.00493071159091773,,,,,,,,,4.06351737487682
"staggered","D_ramp_nt10",3,200,22,"GATT","g=5_t=6",5,6,1,"doubleml",5.80669114463045,0.923364157742653,3.99693063656453,4.28789191631081,7.32549037295008,7.61645165269637,1.60144814020629e-10,,,,,,,,,5.68892432482754
"staggered","D_ramp_nt10",3,200,22,"GATT","g=5_t=7",5,7,2,"doubleml",6.94974823435696,0.788019409789034,5.40525855986921,5.65357135608783,8.24592511262609,8.49423790884472,5.76091969738158e-19,,,,,,,,,7.31433127477827
"staggered","D_ramp_nt10",3,200,22,"GATT","g=6_t=6",6,6,0,"doubleml",4.77573364612549,1.0176667029408,2.78114354436283,3.10182049912651,6.44964679312448,6.77032374788816,1.34727759547527e-06,,,,,,,,,5.8318905887089
"staggered","D_ramp_nt10",3,200,22,"GATT","g=6_t=7",6,7,1,"doubleml",7.42605041131464,1.6117028401036,4.26717086601384,4.77503454795888,10.0770662746704,10.5849299566154,2.03690854628848e-06,,,,,,,,,8.16464682419245
"staggered","D_ramp_nt10",3,200,22,"CATT","surface",,,,"doubleml",,,,,,,,2.75131924352862,2.0933970977266,552,0.44181464539111,0.742753623188406,6.14436852875161,0.634057971014493,5.15651774828068,
"staggered","D_ramp_nt10",3,200,23,"GATT","g=4_t=4",4,4,0,"doubleml",3.23430094713651,0.543301597413119,2.1694493750643,2.34064914142515,4.12795275284787,4.29915251920872,1.31596351816293e-09,,,,,,,,,2.85595390011199
"staggered","D_ramp_nt10",3,200,23,"GATT","g=4_t=5",4,5,1,"doubleml",3.59273674938061,0.783508794924671,2.05708771764487,2.30397917401358,4.88149432474763,5.12838578111635,2.26509896182141e-06,,,,,,,,,3.99833546015679
"staggered","D_ramp_nt10",3,200,23,"GATT","g=4_t=6",4,6,2,"doubleml",5.18240804550011,0.517421751510732,4.16828003972213,4.33132480784068,6.03349128315954,6.19653605127809,6.49339272377225e-24,,,,,,,,,5.14071702020158
"staggered","D_ramp_nt10",3,200,23,"GATT","g=4_t=7",4,7,3,"doubleml",6.92159268817989,0.910310706147401,5.1374164753164,5.42426448193051,8.41892089442926,8.70576890104337,1.44058275787619e-14,,,,,,,,,6.28309858024638
"staggered","D_ramp_nt10",3,200,23,"GATT","g=5_t=5",5,5,0,"doubleml",3.76367078835389,0.638352349588391,2.51252316384523,2.71367437272403,4.81366720398375,5.01481841286255,1.86306094650015e-09,,,,,,,,,4.28238605615176
"staggered","D_ramp_nt10",3,200,23,"GATT","g=5_t=6",5,6,1,"doubleml",5.37815564015553,0.508778826321725,4.38096745660269,4.54128875256493,6.21502252774612,6.37534382370836,2.03689815427668e-26,,,,,,,,,5.99534047861247
"staggered","D_ramp_nt10",3,200,23,"GATT","g=5_t=7",5,7,2,"doubleml",7.62973054165714,0.667162351053083,6.32211635143773,6.53234587987807,8.7271152034362,8.93734473187654,1.38019618713542e-30,,,,,,,,,7.70829490107318
"staggered","D_ramp_nt10",3,200,23,"GATT","g=6_t=6",6,6,0,"doubleml",5.62917263516312,0.602105019782682,4.44906847216978,4.6387977849535,6.61954748537275,6.80927679815647,4.4175727220165e-21,,,,,,,,,5.69384940969026
"staggered","D_ramp_nt10",3,200,23,"GATT","g=6_t=7",6,7,1,"doubleml",8.41203047547607,0.799707391850286,6.84463277691561,7.09662857316156,9.72743237779058,9.97942817403652,3.53524852686053e-26,,,,,,,,,7.97138917356636
"staggered","D_ramp_nt10",3,200,23,"CATT","surface",,,,"doubleml",,,,,,,,2.27616168556221,1.71599190940899,543,0.377398820659088,0.471454880294659,2.63210392456599,0.401473296500921,2.20893172973487,
"staggered","D_ramp_nt10",3,200,24,"GATT","g=4_t=4",4,4,0,"doubleml",3.20539510709571,1.00197024287458,1.24156950199028,1.55730034522248,4.85348986896893,5.16922071220114,0.000689305554024466,,,,,,,,,2.39644751747339
"staggered","D_ramp_nt10",3,200,24,"GATT","g=4_t=5",4,5,1,"doubleml",3.65317184517984,0.535250358831382,2.60410041088325,2.7727631514546,4.53358053890507,4.70224327947643,4.39122545034053e-12,,,,,,,,,3.35502652446275
"staggered","D_ramp_nt10",3,200,24,"GATT","g=4_t=6",4,6,2,"doubleml",4.36208853792592,0.618309881897269,3.15022342856302,3.34505905544767,5.37911802040417,5.57395364728882,8.63884137869142e-13,,,,,,,,,4.3136055314521
"staggered","D_ramp_nt10",3,200,24,"GATT","g=4_t=7",4,7,3,"doubleml",7.80439776582021,2.68910537590317,2.53384803684353,3.38121203184438,12.2275834997961,13.0749474947969,0.00185259195489727,,,,,,,,,5.27218453844146
"staggered","D_ramp_nt10",3,200,24,"GATT","g=5_t=5",5,5,0,"doubleml",2.73255530177233,1.12634589084177,0.524957904174519,0.87988075783767,4.58522984570698,4.94015269937013,0.00763238505058409,,,,,,,,,4.04242338571045
"staggered","D_ramp_nt10",3,200,24,"GATT","g=5_t=6",5,6,1,"doubleml",5.14637296841938,0.524541979272217,4.11828957255709,4.28357799564556,6.00916794119321,6.17445636428168,5.03941960582411e-23,,,,,,,,,5.65939273999463
"staggered","D_ramp_nt10",3,200,24,"GATT","g=5_t=7",5,7,2,"doubleml",6.57626096367559,0.78384241444169,5.0399580496968,5.28695463291152,7.86556729443966,8.11256387765438,2.43538126062082e-17,,,,,,,,,7.27636209427882
"staggered","D_ramp_nt10",3,200,24,"GATT","g=6_t=6",6,6,0,"doubleml",5.56648254213634,0.96514597297757,3.67483118035533,3.97895832790029,7.15400675637239,7.45813390391735,4.02272655028492e-09,,,,,,,,,5.84109993828844
"staggered","D_ramp_nt10",3,200,24,"GATT","g=6_t=7",6,7,1,"doubleml",8.7172044209016,0.790142930431518,7.16855272240132,7.4175346612096,10.0168741805936,10.2658561194019,1.3326706505892e-28,,,,,,,,,8.17753991360381
"staggered","D_ramp_nt10",3,200,24,"CATT","surface",,,,"doubleml",,,,,,,,2.42104196151977,1.87795887472488,534,0.433496156427664,0.561797752808989,3.90247216096415,0.413857677902622,3.27505859487752,
"staggered","D_ramp_nt10",3,200,25,"GATT","g=4_t=4",4,4,0,"doubleml",4.01149260340167,0.816712498530486,2.41076550793186,2.66811978334381,5.35486542345954,5.61221969887148,4.51321434686345e-07,,,,,,,,,2.80647868652064
"staggered","D_ramp_nt10",3,200,25,"GATT","g=4_t=5",4,5,1,"doubleml",4.31754873209605,0.521313529509044,3.29579298154538,3.46006408782898,5.17503337636311,5.33930448264671,6.05324513925786e-17,,,,,,,,,3.92907016112889
"staggered","D_ramp_nt10",3,200,25,"GATT","g=4_t=6",4,6,2,"doubleml",5.01483060772264,0.696229022784366,3.6502467873101,3.86963551467968,6.16002570076559,6.37941442813517,2.94842265793234e-13,,,,,,,,,5.05166163573715
"staggered","D_ramp_nt10",3,200,25,"GATT","g=4_t=7",4,7,3,"doubleml",7.0243636432778,1.0121921734371,5.04050342225934,5.3594552980311,8.68927198852451,9.00822386429627,1.96393083677636e-12,,,,,,,,,6.17425311034541
"staggered","D_ramp_nt10",3,200,25,"GATT","g=5_t=5",5,5,0,"doubleml",3.82392565378563,0.729792508993983,2.39355860868774,2.62352352619684,5.02432778137441,5.25429269888351,8.03999126090331e-08,,,,,,,,,4.30232247722332
"staggered","D_ramp_nt10",3,200,25,"GATT","g=5_t=6",5,6,1,"doubleml",4.82625315790669,0.774777933057349,3.30771630111988,3.55185657560558,6.1006497402078,6.3447900146935,2.34399020327117e-10,,,,,,,,,6.02325146811265
"staggered","D_ramp_nt10",3,200,25,"GATT","g=5_t=7",5,7,2,"doubleml",7.20912600357942,0.858949764510385,5.52561538733059,5.79627904762546,8.62197295953339,8.89263661982826,2.37038230709866e-17,,,,,,,,,7.74418045900198
"staggered","D_ramp_nt10",3,200,25,"GATT","g=6_t=6",6,6,0,"doubleml",6.417611313439,0.736625574697681,4.97385170555224,5.20596979039522,7.62925283648278,7.86137092132577,1.49048791392374e-18,,,,,,,,,5.64820355281233
"staggered","D_ramp_nt10",3,200,25,"GATT","g=6_t=7",6,7,1,"doubleml",8.7583453873435,1.06160537968667,6.67763706095129,7.01215953214436,10.5045312425426,10.8390537137357,7.91342349329335e-17,,,,,,,,,7.90748497393726
"staggered","D_ramp_nt10",3,200,25,"CATT","surface",,,,"doubleml",,,,,,,,2.58711046607851,1.9740599252896,517,0.456414976806005,0.427466150870406,3.12641306830032,0.357833655705996,2.62376913098712,
"staggered","D_ramp_nt10",3,200,26,"GATT","g=4_t=4",4,4,0,"doubleml",3.9370944257907,0.634498843215381,2.69349953504691,2.89343646553251,4.98075238604889,5.18068931653449,2.73404758782603e-10,,,,,,,,,2.49957268080303
"staggered","D_ramp_nt10",3,200,26,"GATT","g=4_t=5",4,5,1,"doubleml",3.4837213648122,1.46376964878264,0.614785548905574,1.07603400293347,5.89140872669093,6.35265718071883,0.00865712788058902,,,,,,,,,3.49940175312425
"staggered","D_ramp_nt10",3,200,26,"GATT","g=4_t=6",4,6,2,"doubleml",5.38893990063741,0.552194589832365,4.3066583835712,4.48066042077328,6.29721938050153,6.47122141770361,8.42959632933353e-23,,,,,,,,,4.49923082544546
"staggered","D_ramp_nt10",3,200,26,"GATT","g=4_t=7",4,7,3,"doubleml",6.46604226118005,0.455585787878352,5.57311051802684,5.71667015564519,7.21541436671491,7.35897400433325,5.0754565699959e-46,,,,,,,,,5.49905989776668
"staggered","D_ramp_nt10",3,200,26,"GATT","g=5_t=5",5,5,0,"doubleml",3.8377228129553,1.23109406423185,1.42482276644719,1.81275281702729,5.86269280888331,6.25062285946341,0.000912494994531513,,,,,,,,,4.43088218281834
"staggered","D_ramp_nt10",3,200,26,"GATT","g=5_t=6",5,6,1,"doubleml",6.20112076485364,1.3346470854163,3.58526052473277,4.0058211678183,8.39642036188897,8.8169810049745,1.69001391739417e-06,,,,,,,,,6.20323505594568
"staggered","D_ramp_nt10",3,200,26,"GATT","g=5_t=7",5,7,2,"doubleml",7.54283772866087,0.838083012478153,5.90022519519214,6.16431353325413,8.92136192406761,9.1854502621296,1.12747746284383e-19,,,,,,,,,7.97558792907302
"staggered","D_ramp_nt10",3,200,26,"GATT","g=6_t=6",6,6,0,"doubleml",5.31079058042065,0.543397778297323,4.24575049727792,4.41698057119719,6.20460058964412,6.37583066356339,7.32973971596948e-23,,,,,,,,,5.47149354307419
"staggered","D_ramp_nt10",3,200,26,"GATT","g=6_t=7",6,7,1,"doubleml",7.24058423554029,0.707131892433799,5.85463118311818,6.07745551374299,8.4037129573376,8.62653728796241,6.60476662484019e-25,,,,,,,,,7.66009096030386
"staggered","D_ramp_nt10",3,200,26,"CATT","surface",,,,"doubleml",,,,,,,,2.16838646548806,1.76986827207006,527,0.45571339795345,0.495256166982922,3.29591824087088,0.461100569259962,2.76602238723233,
"staggered","D_ramp_nt10",3,200,27,"GATT","g=4_t=4",4,4,0,"doubleml",2.7169678365564,0.619909340966437,1.50196784499846,1.6973074774304,3.73662819568241,3.93196782811435,5.8569172417075e-06,,,,,,,,,2.98223416823689
"staggered","D_ramp_nt10",3,200,27,"GATT","g=4_t=5",4,5,1,"doubleml",2.95369704967402,0.679571018425452,1.62176231811679,1.83590194173284,4.07149215761519,4.28563178123124,6.91906073940861e-06,,,,,,,,,4.17512783553165
"staggered","D_ramp_nt10",3,200,27,"GATT","g=4_t=6",4,6,2,"doubleml",4.79207401937535,0.509452272667011,3.79356590522982,3.95409941086992,5.63004862788077,5.79058213352087,2.56891821899399e-21,,,,,,,,,5.3680215028264
"staggered","D_ramp_nt10",3,200,27,"GATT","g=4_t=7",4,7,3,"doubleml",7.19105959412259,0.704268705243999,5.81071828551774,6.03264039722718,8.34947879101801,8.57140090272744,8.88114559096418e-25,,,,,,,,,6.56091517012116
"staggered","D_ramp_nt10",3,200,27,"GATT","g=5_t=5",5,5,0,"doubleml",4.31436880641778,0.571267405315452,3.19470525762608,3.37471732971504,5.25402028312052,5.43403235520947,2.13859322284008e-14,,,,,,,,,4.23981021601977
"staggered","D_ramp_nt10",3,200,27,"GATT","g=5_t=6",5,6,1,"doubleml",6.1005430353173,0.743676454796161,4.6429639562692,4.87730384394001,7.32378222669458,7.5581221143654,1.17014252896763e-16,,,,,,,,,5.93573430242768
"staggered","D_ramp_nt10",3,200,27,"GATT","g=5_t=7",5,7,2,"doubleml",8.7518232164579,0.721514973795499,7.33767984235778,7.56503642575048,9.93861000716532,10.165966590558,3.67199376267247e-34,,,,,,,,,7.63165838883559
"staggered","D_ramp_nt10",3,200,27,"GATT","g=6_t=6",6,6,0,"doubleml",5.78420390144709,0.540012404255867,4.72579902955215,4.89596233825721,6.67244546463697,6.84260877334204,4.50717953807037e-27,,,,,,,,,5.65459726015756
"staggered","D_ramp_nt10",3,200,27,"GATT","g=6_t=7",6,7,1,"doubleml",9.12925746203028,0.609439453346254,7.93477807329195,8.12681853943588,10.1316963846247,10.3237368507686,4.97871022919613e-51,,,,,,,,,7.91643616422058
"staggered","D_ramp_nt10",3,200,27,"CATT","surface",,,,"doubleml",,,,,,,,2.26854787034589,1.70937156059512,514,0.375245125832767,0.492217898832685,2.48132044641466,0.422178988326848,2.08239021817081,
"staggered","D_ramp_nt10",3,200,28,"GATT","g=4_t=4",4,4,0,"doubleml",0.670706018365393,1.08567601613475,-1.45717988892214,-1.11507251947792,2.45648455620871,2.79859192565293,0.268361068232871,,,,,,,,,2.80339748111739
"staggered","D_ramp_nt10",3,200,28,"GATT","g=4_t=5",4,5,1,"doubleml",2.8529784417801,0.819942310401724,1.2459210313159,1.50429305274658,4.20166383081362,4.4600358522443,0.000251187563224071,,,,,,,,,3.92475647356434
"staggered","D_ramp_nt10",3,200,28,"GATT","g=4_t=6",4,6,2,"doubleml",4.54023349738376,0.897464360624003,2.7812356592777,3.06403565395393,6.0164313408136,6.29923133548983,2.10778090719384e-07,,,,,,,,,5.0461154660113
"staggered","D_ramp_nt10",3,200,28,"GATT","g=4_t=7",4,7,3,"doubleml",4.6393926694598,0.732683045380211,3.20336027710422,3.43423603153398,5.84454930738563,6.07542506181538,1.20955044492489e-10,,,,,,,,,6.16747445845825
"staggered","D_ramp_nt10",3,200,28,"GATT","g=5_t=5",5,5,0,"doubleml",4.6482850655269,0.713726605160217,3.24940661357066,3.4743090041227,5.8222611269311,6.04716351748314,3.69066745669365e-11,,,,,,,,,4.33003388480913
"staggered","D_ramp_nt10",3,200,28,"GATT","g=5_t=6",5,6,1,"doubleml",6.49066961513414,0.732031854305784,5.05591353384156,5.28658409145185,7.69475513881642,7.92542569642672,3.76899771036963e-19,,,,,,,,,6.06204743873278
"staggered","D_ramp_nt10",3,200,28,"GATT","g=5_t=7",5,7,2,"doubleml",9.58786761553467,1.69233972548561,6.27094267781299,6.80421584871076,12.3715193823586,12.9047925532564,7.33192071874115e-09,,,,,,,,,7.79406099265644
"staggered","D_ramp_nt10",3,200,28,"GATT","g=6_t=6",6,6,0,"doubleml",5.54778008278886,0.604982973106545,4.36203523488706,4.55267141954266,6.54288874603505,6.73352493069065,2.36197044810295e-20,,,,,,,,,5.62078352179787
"staggered","D_ramp_nt10",3,200,28,"GATT","g=6_t=7",6,7,1,"doubleml",7.55857793165267,0.663695368577212,6.25775890227461,6.46689594986697,8.65025991343838,8.85939696103074,2.38223263948387e-30,,,,,,,,,7.86909693051702
"staggered","D_ramp_nt10",3,200,28,"CATT","surface",,,,"doubleml",,,,,,,,2.42565725265394,1.91852538749007,530,0.424344087581923,0.49622641509434,3.52863458966366,0.424528301886792,2.96132414643669,
"staggered","D_ramp_nt10",3,200,29,"GATT","g=4_t=4",4,4,0,"doubleml",3.2677216385328,0.722424637909075,1.85179535551798,2.07943858316951,4.4560046938961,4.68364792154763,3.0445751943161e-06,,,,,,,,,2.71903969284162
"staggered","D_ramp_nt10",3,200,29,"GATT","g=4_t=5",4,5,1,"doubleml",4.39243833876024,0.828978163926716,2.76767098067778,3.02889028991273,5.75598638760776,6.01720569684271,5.83413385253132e-08,,,,,,,,,3.80665556997827
"staggered","D_ramp_nt10",3,200,29,"GATT","g=4_t=6",4,6,2,"doubleml",5.16452536310126,0.614712000671621,3.95971197141691,4.15341386994855,6.17563685625398,6.36933875478562,2.203369182218e-17,,,,,,,,,4.89427144711491
"staggered","D_ramp_nt10",3,200,29,"GATT","g=4_t=7",4,7,3,"doubleml",6.44453020996747,1.09515000313239,4.2980756292281,4.64316834671515,8.2458920732198,8.59098479070685,1.99497346782871e-09,,,,,,,,,5.98188732425156
"staggered","D_ramp_nt10",3,200,29,"GATT","g=5_t=5",5,5,0,"doubleml",4.36271142418392,1.01603381950256,2.3713217151764,2.69148413203985,6.03393871632798,6.35410113319144,8.77948796344493e-06,,,,,,,,,3.82845970110986
"staggered","D_ramp_nt10",3,200,29,"GATT","g=5_t=6",5,6,1,"doubleml",4.90881059733196,0.666481684752712,3.60253048855729,3.81254553223972,6.0050756624242,6.21509070610662,8.84012632515666e-14,,,,,,,,,5.3598435815538
"staggered","D_ramp_nt10",3,200,29,"GATT","g=5_t=7",5,7,2,"doubleml",6.93598535222596,1.09617362484303,4.78752450978413,5.13293978070841,8.73903092374351,9.0844461946678,1.24621706167862e-10,,,,,,,,,6.89122746199775
"staggered","D_ramp_nt10",3,200,29,"GATT","g=6_t=6",6,6,0,"doubleml",5.13581773291599,1.08653724682261,3.00624384448457,3.34862259633084,6.92301286950115,7.26539162134742,1.14056564307437e-06,,,,,,,,,5.42493202148736
"staggered","D_ramp_nt10",3,200,29,"GATT","g=6_t=7",6,7,1,"doubleml",6.81767940842732,0.969339406255314,4.91780906838553,5.22325760869064,8.41210120816399,8.71754974846911,1.00834191170738e-12,,,,,,,,,7.5949048300823
"staggered","D_ramp_nt10",3,200,29,"CATT","surface",,,,"doubleml",,,,,,,,2.20616232012439,1.75632902830259,523,0.434411365531499,0.487571701720841,3.48489197842859,0.426386233269598,2.92461418183507,
"staggered","D_ramp_nt10",3,200,30,"GATT","g=4_t=4",4,4,0,"doubleml",3.03655717448362,1.45013967279927,0.194335620825264,0.651289133121042,5.42182521584619,5.87877872814197,0.0181310743899065,,,,,,,,,2.85001904497948
"staggered","D_ramp_nt10",3,200,30,"GATT","g=4_t=5",4,5,1,"doubleml",4.36245224796844,1.07810222361935,2.24941070135456,2.58913149303926,6.13577300289762,6.47549379458232,2.60036650478409e-05,,,,,,,,,3.99002666297127
"staggered","D_ramp_nt10",3,200,30,"GATT","g=4_t=6",4,6,2,"doubleml",8.04903257027286,4.66900280619036,-1.10204484575922,0.369204628499426,15.7288605120463,17.2001099863049,0.0423602681715741,,,,,,,,,5.13003428096306
"staggered","D_ramp_nt10",3,200,30,"GATT","g=4_t=7",4,7,3,"doubleml",7.42729409374336,1.54689716294238,4.39543134267416,4.88287410768893,9.97171407979778,10.4591568448126,7.87744827551727e-07,,,,,,,,,6.27004189895485
"staggered","D_ramp_nt10",3,200,30,"GATT","g=5_t=5",5,5,0,"doubleml",3.39662051525659,0.943453623279548,1.54748537795911,1.84477704919073,4.94846398132245,5.24575565255406,0.000158987044044206,,,,,,,,,3.85540061768585
"staggered","D_ramp_nt10",3,200,30,"GATT","g=5_t=6",5,6,1,"doubleml",5.40911607334253,1.16554053749862,3.12469857930459,3.49197205807578,7.32626008860928,7.69353356738047,1.73477027118173e-06,,,,,,,,,5.39756086476019
"staggered","D_ramp_nt10",3,200,30,"GATT","g=5_t=7",5,7,2,"doubleml",9.16005037095837,1.63274712145658,5.95992479179984,6.47441973724202,11.8456810046747,12.3601759501169,1.01042001263985e-08,,,,,,,,,6.93972111183453
"staggered","D_ramp_nt10",3,200,30,"GATT","g=6_t=6",6,6,0,"doubleml",4.30226829435331,3.50550013547407,-2.56838577317099,-1.46376762548175,10.0683042141884,11.1729223618776,0.109856643855053,,,,,,,,,5.68264867532363
"staggered","D_ramp_nt10",3,200,30,"GATT","g=6_t=7",6,7,1,"doubleml",9.70134193317445,1.16636715574472,7.41530429713241,7.78283825157913,11.6198456147698,11.9873795692165,4.48920574325923e-17,,,,,,,,,7.95570814545309
"staggered","D_ramp_nt10",3,200,30,"CATT","surface",,,,"doubleml",,,,,,,,2.67285474447032,2.00342891405728,560,0.457101129660046,0.778571428571429,7.29613340783435,0.728571428571429,6.1231095165064,
"staggered","D_ramp_nt10",3,200,31,"GATT","g=4_t=4",4,4,0,"doubleml",2.57768410167016,0.672388821051391,1.25982621840699,1.47170265980849,3.68366554353182,3.89554198493332,6.31352467742958e-05,,,,,,,,,2.82279910382768
"staggered","D_ramp_nt10",3,200,31,"GATT","g=4_t=5",4,5,1,"doubleml",4.16256570327494,0.588235985562663,3.0096443480676,3.19500338947825,5.13012801707163,5.31548705848228,7.39985911928943e-13,,,,,,,,,3.95191874535875
"staggered","D_ramp_nt10",3,200,31,"GATT","g=4_t=6",4,6,2,"doubleml",4.59496330394156,0.755019981627189,3.11515132067161,3.35306566708215,5.83686094080097,6.07477528721151,5.79254958456966e-10,,,,,,,,,5.08103838688982
"staggered","D_ramp_nt10",3,200,31,"GATT","g=4_t=7",4,7,3,"doubleml",6.8835914173243,0.747745257498217,5.41803763145707,5.65365963954733,8.11352319510127,8.34914520319154,1.69571696283661e-20,,,,,,,,,6.2101580284209
"staggered","D_ramp_nt10",3,200,31,"GATT","g=5_t=5",5,5,0,"doubleml",4.40043020985378,0.824105607723719,2.78521288651716,3.04489680456699,5.75596361514057,6.01564753319039,4.65647469145959e-08,,,,,,,,,4.04017618404293
"staggered","D_ramp_nt10",3,200,31,"GATT","g=5_t=6",5,6,1,"doubleml",5.2578331717874,1.04383266581236,3.21195872477115,3.54088083609528,6.97478550747952,7.30370761880365,2.36385576367436e-07,,,,,,,,,5.6562466576601
"staggered","D_ramp_nt10",3,200,31,"GATT","g=5_t=7",5,7,2,"doubleml",8.84561888966037,2.2850716819103,4.36696065569673,5.08700959338349,12.6042281859372,13.324277123624,5.41845427901458e-05,,,,,,,,,7.27231713127727
"staggered","D_ramp_nt10",3,200,31,"GATT","g=6_t=6",6,6,0,"doubleml",5.48011393504314,0.523793290300634,4.45349794261235,4.61855044631898,6.3416774237673,6.50672992747393,6.43058981794188e-26,,,,,,,,,5.63421691357894
"staggered","D_ramp_nt10",3,200,31,"GATT","g=6_t=7",6,7,1,"doubleml",7.95662372812708,0.598391513617492,6.78379790353129,6.97235705338729,8.94089040286686,9.12944955272287,1.20979424371035e-40,,,,,,,,,7.88790367901052
"staggered","D_ramp_nt10",3,200,31,"CATT","surface",,,,"doubleml",,,,,,,,2.45123216661359,1.80764164632413,531,0.409174294217689,0.534839924670433,3.46855352061807,0.457627118644068,2.91090251280264,
"staggered","D_ramp_nt10",3,200,32,"GATT","g=4_t=4",4,4,0,"doubleml",2.24093005357592,0.694201395223486,0.880320310188112,1.09907011183698,3.38278999531485,3.60153979696372,0.000623144386021134,,,,,,,,,2.7314908218593
"staggered","D_ramp_nt10",3,200,32,"GATT","g=4_t=5",4,5,1,"doubleml",5.05195959980406,1.01311407012642,3.06629249446279,3.38553486910033,6.71838433050779,7.03762670514533,3.07310488383993e-07,,,,,,,,,3.82408715060302
"staggered","D_ramp_nt10",3,200,32,"GATT","g=4_t=6",4,6,2,"doubleml",4.54382795178178,0.747721073310656,3.07832156605153,3.31393595346245,5.7737199501011,6.00933433751202,6.12631595056621e-10,,,,,,,,,4.91668347934674
"staggered","D_ramp_nt10",3,200,32,"GATT","g=4_t=7",4,7,3,"doubleml",6.18175390036483,0.687556596654607,4.83416772295928,5.05082368213111,7.31268411859854,7.52934007777038,1.22604941237328e-19,,,,,,,,,6.00927980809046
"staggered","D_ramp_nt10",3,200,32,"GATT","g=5_t=5",5,5,0,"doubleml",4.05106658460546,0.59234847768555,2.89008489288698,3.07673982169048,5.02539334752045,5.21204827632395,3.98761295833521e-12,,,,,,,,,3.98884747269771
"staggered","D_ramp_nt10",3,200,32,"GATT","g=5_t=6",5,6,1,"doubleml",5.43971320379076,0.802089232516345,3.86764718327109,4.12039352132932,6.7590328862522,7.01177922431043,5.9290375913684e-12,,,,,,,,,5.5843864617768
"staggered","D_ramp_nt10",3,200,32,"GATT","g=5_t=7",5,7,2,"doubleml",7.56464946614168,0.821267855836154,5.95499403434563,6.21378374839816,8.9155151838852,9.17430489793773,1.61639702915991e-20,,,,,,,,,7.17992545085588
"staggered","D_ramp_nt10",3,200,32,"GATT","g=6_t=6",6,6,0,"doubleml",4.51465169357011,1.23445383162141,2.09516662393009,2.48415537081231,6.54514801632791,6.93413676321013,0.000127489835482439,,,,,,,,,5.66887549130128
"staggered","D_ramp_nt10",3,200,32,"GATT","g=6_t=7",6,7,1,"doubleml",7.57942932355504,0.554814083401026,6.49201369339603,6.66684115921653,8.49201748789355,8.66684495371404,8.65468982442798e-43,,,,,,,,,7.9364256878218
"staggered","D_ramp_nt10",3,200,32,"CATT","surface",,,,"doubleml",,,,,,,,2.13888359121376,1.72482510069121,562,0.397425552601732,0.50711743772242,3.07547923039368,0.446619217081851,2.58102409739667,
"staggered","D_ramp_nt10",3,200,33,"GATT","g=4_t=4",4,4,0,"doubleml",2.26625549874883,1.16174304811134,-0.0107190527996663,0.355357799090699,4.17715319840696,4.54323005029733,0.0255441518288461,,,,,,,,,2.75705057759378
"staggered","D_ramp_nt10",3,200,33,"GATT","g=4_t=5",4,5,1,"doubleml",5.14464666698605,0.694265980151761,3.78391033946389,4.00268049246951,6.2866128415026,6.50538299450822,6.30566661871432e-14,,,,,,,,,3.85987080863129
"staggered","D_ramp_nt10",3,200,33,"GATT","g=4_t=6",4,6,2,"doubleml",6.4289007214056,2.06967445392222,2.37241329999839,3.02458841717382,9.83321302563738,10.4853881428128,0.000947421806045931,,,,,,,,,4.9626910396688
"staggered","D_ramp_nt10",3,200,33,"GATT","g=4_t=7",4,7,3,"doubleml",5.96676794453711,1.69893543296814,2.63691565759514,3.17226720187773,8.76126868719649,9.29662023147909,0.000222321453412276,,,,,,,,,6.06551127070631
"staggered","D_ramp_nt10",3,200,33,"GATT","g=5_t=5",5,5,0,"doubleml",4.78756504926882,0.669637701413689,3.47509926145524,3.68610879754771,5.88902130098993,6.1000308370824,4.35518680755261e-13,,,,,,,,,4.20186692031582
"staggered","D_ramp_nt10",3,200,33,"GATT","g=5_t=6",5,6,1,"doubleml",6.12484751549351,0.70561128609384,4.74187479675588,4.96421996911691,7.28547506187011,7.50782023423114,1.97535682074569e-18,,,,,,,,,5.88261368844214
"staggered","D_ramp_nt10",3,200,33,"GATT","g=5_t=7",5,7,2,"doubleml",8.10082484242882,0.940828416188437,6.25683501652246,6.5532994587476,9.64835022611003,9.94481466833517,3.64314583853174e-18,,,,,,,,,7.56336045656847
"staggered","D_ramp_nt10",3,200,33,"GATT","g=6_t=6",6,6,0,"doubleml",6.43688078227243,1.08805223233626,4.30433757677372,4.6471937157052,8.22656784883965,8.56942398777113,1.64965974348904e-09,,,,,,,,,5.27754228658238
"staggered","D_ramp_nt10",3,200,33,"GATT","g=6_t=7",6,7,1,"doubleml",6.4476487071389,0.947874243048819,4.58984931423597,4.88853396696308,8.00676344731473,8.30544810004184,5.1509717280133e-12,,,,,,,,,7.38855920121533
"staggered","D_ramp_nt10",3,200,33,"CATT","surface",,,,"doubleml",,,,,,,,2.2210859468296,1.77327782607583,546,0.436954749226484,0.652014652014652,4.44061618639869,0.558608058608059,3.72668339656373,
"staggered","D_ramp_nt10",3,200,34,"GATT","g=4_t=4",4,4,0,"doubleml",3.00622428743013,0.757074684175618,1.52238516113455,1.76094696486513,4.25150160999513,4.49006341372571,3.58094666673409e-05,,,,,,,,,2.67384924426368
"staggered","D_ramp_nt10",3,200,34,"GATT","g=4_t=5",4,5,1,"doubleml",3.91288090493563,0.507033199944889,2.91911408623885,3.07888531787348,4.74687649199779,4.90664772363242,5.94525442663561e-15,,,,,,,,,3.74338894196915
"staggered","D_ramp_nt10",3,200,34,"GATT","g=4_t=6",4,6,2,"doubleml",5.13197653594637,0.604728583742816,3.94673028203947,4.13728630606267,6.12666676583008,6.31722278985328,1.06556506402001e-17,,,,,,,,,4.81292863967462
"staggered","D_ramp_nt10",3,200,34,"GATT","g=4_t=7",4,7,3,"doubleml",5.29841180275527,1.0870116547958,3.16790809177508,3.51043633431779,7.08638727119276,7.42891551373546,5.45997897339584e-07,,,,,,,,,5.88246833738009
"staggered","D_ramp_nt10",3,200,34,"GATT","g=5_t=5",5,5,0,"doubleml",4.14019614035741,0.467161093176767,3.2245772155303,3.37178434760123,4.90860793311359,5.05581506518452,3.91342206713674e-19,,,,,,,,,4.54352428345536
"staggered","D_ramp_nt10",3,200,34,"GATT","g=5_t=6",5,6,1,"doubleml",5.73183705996763,0.850591904782081,4.06470754790332,4.33273756301921,7.13093655691606,7.39896657203194,7.99351212873347e-12,,,,,,,,,6.3609339968375
"staggered","D_ramp_nt10",3,200,34,"GATT","g=5_t=7",5,7,2,"doubleml",7.24002405721463,0.928857103978515,5.41949757227249,5.71218973430716,8.76785838012211,9.06055054215678,3.23189549960378e-15,,,,,,,,,8.17834371021965
"staggered","D_ramp_nt10",3,200,34,"GATT","g=6_t=6",6,6,0,"doubleml",5.49065116560008,0.703189982244431,4.11242411524036,4.3340063105454,6.64729602065476,6.86887821595981,2.90042114409936e-15,,,,,,,,,5.31174565634737
"staggered","D_ramp_nt10",3,200,34,"GATT","g=6_t=7",6,7,1,"doubleml",6.86707152557722,0.812568069045907,5.27446736269772,5.53051568693478,8.20362736421965,8.45967568845671,1.44319678915371e-17,,,,,,,,,7.43644391888632
"staggered","D_ramp_nt10",3,200,34,"CATT","surface",,,,"doubleml",,,,,,,,2.06455108621787,1.63540176434129,516,0.359133113025461,0.51937984496124,2.92344744814599,0.414728682170543,2.45343497578155,
"staggered","D_ramp_nt10",3,200,35,"GATT","g=4_t=4",4,4,0,"doubleml",3.41207476848974,0.891182695248453,1.66538876837981,1.94620934747955,4.87794018949994,5.15876076859968,6.44099085518903e-05,,,,,,,,,2.57304255730451
"staggered","D_ramp_nt10",3,200,35,"GATT","g=4_t=5",4,5,1,"doubleml",3.70949086858554,0.582129530182282,2.56853794609135,2.75197278234709,4.66700895482399,4.85044379107973,9.31207921568445e-11,,,,,,,,,3.60225958022632
"staggered","D_ramp_nt10",3,200,35,"GATT","g=4_t=6",4,6,2,"doubleml",3.98309818687903,0.41308358562755,3.17346923005811,3.30363599872521,4.66256037503284,4.79272714369994,2.64796582976734e-22,,,,,,,,,4.63147660314812
"staggered","D_ramp_nt10",3,200,35,"GATT","g=4_t=7",4,7,3,"doubleml",6.33859481249481,1.7346899967263,2.93866486775114,3.48528303261957,9.19190659237006,9.73852475723848,0.000129082239900314,,,,,,,,,5.66069362606993
"staggered","D_ramp_nt10",3,200,35,"GATT","g=5_t=5",5,5,0,"doubleml",3.73812010061033,0.497963253732102,2.76213004997254,2.91904325085606,4.55719695036459,4.71411015124811,3.02906587749792e-14,,,,,,,,,4.04999242907107
"staggered","D_ramp_nt10",3,200,35,"GATT","g=5_t=6",5,6,1,"doubleml",5.16382196223077,0.39942369878773,4.38096589185998,4.50682829358498,5.82081563087656,5.94667803260156,1.56057524953642e-38,,,,,,,,,5.6699894006995
"staggered","D_ramp_nt10",3,200,35,"GATT","g=5_t=7",5,7,2,"doubleml",7.26549206723372,0.682294760183469,5.92821889988549,6.1432168017669,8.38776733270054,8.60276523458195,8.84922483513588e-27,,,,,,,,,7.28998637232793
"staggered","D_ramp_nt10",3,200,35,"GATT","g=6_t=6",6,6,0,"doubleml",5.1189777090201,0.724416938154313,3.69914658924742,3.92741761062923,6.31053780741097,6.53880882879278,7.95356493755524e-13,,,,,,,,,5.13991351461392
"staggered","D_ramp_nt10",3,200,35,"GATT","g=6_t=7",6,7,1,"doubleml",6.66145408412883,0.787633672597843,5.11772044064927,5.36591168722158,7.95699648103608,8.20518772760839,1.36522405129385e-17,,,,,,,,,7.19587892045948
"staggered","D_ramp_nt10",3,200,35,"CATT","surface",,,,"doubleml",,,,,,,,2.22637863071576,1.77831540423863,516,0.410783800570705,0.39922480620155,2.93828286246535,0.317829457364341,2.46588525067684,
"staggered","D_ramp_nt10",3,200,36,"GATT","g=4_t=4",4,4,0,"doubleml",2.41236685465261,0.473570857565053,1.48418502237598,1.6334119353033,3.19132177400192,3.34054868692924,1.75299426042736e-07,,,,,,,,,2.85402413905223
"staggered","D_ramp_nt10",3,200,36,"GATT","g=4_t=5",4,5,1,"doubleml",3.71344002099549,0.318451582377331,3.08928638379289,3.18963366191581,4.23724638007517,4.33759365819809,1.00918813578893e-31,,,,,,,,,3.99563379467312
"staggered","D_ramp_nt10",3,200,36,"GATT","g=4_t=6",4,6,2,"doubleml",5.2081581182676,0.420046915169428,4.38488128622446,4.5172422696635,5.89907396687169,6.03143495031073,1.32316643547999e-35,,,,,,,,,5.13724345029401
"staggered","D_ramp_nt10",3,200,36,"GATT","g=4_t=7",4,7,3,"doubleml",6.63106460872366,0.433463506072739,5.78149174150731,5.91808042690589,7.34404879054143,7.48063747594001,3.95052838474884e-53,,,,,,,,,6.2788531059149
"staggered","D_ramp_nt10",3,200,36,"GATT","g=5_t=5",5,5,0,"doubleml",3.62568867966561,0.388053452662654,2.8651178823711,2.98739740583963,4.26397995349159,4.38625947696012,4.67013779648232e-21,,,,,,,,,3.75249220087702
"staggered","D_ramp_nt10",3,200,36,"GATT","g=5_t=6",5,6,1,"doubleml",5.46306372903171,0.521255768277104,4.44142118841624,4.60567409355804,6.32045336450538,6.48470626964718,5.30445248561112e-26,,,,,,,,,5.25348908122782
"staggered","D_ramp_nt10",3,200,36,"GATT","g=5_t=7",5,7,2,"doubleml",6.03458974914708,0.738993287826566,4.58618950876538,4.81905368369241,7.25012581460176,7.48298998952879,1.59444253004931e-16,,,,,,,,,6.75448596157863
"staggered","D_ramp_nt10",3,200,36,"GATT","g=6_t=6",6,6,0,"doubleml",4.14183632116116,0.444208040728483,3.2712045528228,3.41117894853675,4.87249369378557,5.01246808949952,5.59693314872052e-21,,,,,,,,,4.96873156011521
"staggered","D_ramp_nt10",3,200,36,"GATT","g=6_t=7",6,7,1,"doubleml",6.41859900862959,0.539782876304576,5.36064400325617,5.5307349854085,7.30646303185068,7.47655401400301,6.58497223804873e-33,,,,,,,,,6.95622418416129
"staggered","D_ramp_nt10",3,200,36,"CATT","surface",,,,"doubleml",,,,,,,,1.92123266301221,1.57964679724001,494,0.346934596992751,0.299595141700405,1.84343441810494,0.244939271255061,1.54705927065884,
"staggered","D_ramp_nt10",3,200,37,"GATT","g=4_t=4",4,4,0,"doubleml",2.11400755170906,0.393721395269454,1.34232779095116,1.46639333981452,2.7616217636036,2.88568731246696,3.95218292723573e-08,,,,,,,,,2.78922857961487
"staggered","D_ramp_nt10",3,200,37,"GATT","g=4_t=5",4,5,1,"doubleml",3.22105995721535,0.649054545781844,1.94893641344658,2.1534599913679,4.2886599230628,4.49318350098411,3.47607974807397e-07,,,,,,,,,3.90492001146082
"staggered","D_ramp_nt10",3,200,37,"GATT","g=4_t=6",4,6,2,"doubleml",3.66658899686697,0.817071169712752,2.06515891879209,2.32262621508027,5.01055177865367,5.26801907494186,3.60356054829378e-06,,,,,,,,,5.02061144330677
"staggered","D_ramp_nt10",3,200,37,"GATT","g=4_t=7",4,7,3,"doubleml",5.72159346122015,0.68508622517466,4.37884912298193,4.59472664339672,6.84846027904359,7.06433779945838,3.36608183726087e-17,,,,,,,,,6.13630287515272
"staggered","D_ramp_nt10",3,200,37,"GATT","g=5_t=5",5,5,0,"doubleml",4.01847305494277,0.721541184782882,2.60427830825098,2.83164315098791,5.20530295889764,5.43266780163457,1.27888764484257e-08,,,,,,,,,3.73309919630644
"staggered","D_ramp_nt10",3,200,37,"GATT","g=5_t=6",5,6,1,"doubleml",5.18311478092107,0.621852165148975,3.96430692390702,4.16025875966712,6.20597080217502,6.40192263793511,3.87612194626114e-17,,,,,,,,,5.22633887482901
"staggered","D_ramp_nt10",3,200,37,"GATT","g=5_t=7",5,7,2,"doubleml",7.54570080861322,0.552464509032149,6.46289025963253,6.63697735107365,8.45442426615279,8.62851135759391,9.01265142465756e-43,,,,,,,,,6.71957855335158
"staggered","D_ramp_nt10",3,200,37,"GATT","g=6_t=6",6,6,0,"doubleml",5.73338170472754,0.558521543122923,4.63869958698216,4.81469531043563,6.65206809901945,6.82806382247292,5.05121606177828e-25,,,,,,,,,5.88933740576335
"staggered","D_ramp_nt10",3,200,37,"GATT","g=6_t=7",6,7,1,"doubleml",8.70003678271149,0.863097322227763,7.00839710264867,7.28036769985586,10.1197058655671,10.3916764627743,3.38567632442097e-24,,,,,,,,,8.2450723680687
"staggered","D_ramp_nt10",3,200,37,"CATT","surface",,,,"doubleml",,,,,,,,2.13577364110322,1.7134890824365,501,0.369893849010655,0.429141716566866,2.54464057684988,0.367265469061876,2.13553015840792,
"staggered","D_ramp_nt10",3,200,38,"GATT","g=4_t=4",4,4,0,"doubleml",2.32399757042462,0.974290079260891,0.414424089516127,0.721432636392026,3.92656250445721,4.23357105133311,0.0085320411699755,,,,,,,,,2.61791855180977
"staggered","D_ramp_nt10",3,200,38,"GATT","g=4_t=5",4,5,1,"doubleml",2.6750184571614,1.37614116363248,-0.0221686824763809,0.411467159595851,4.93856975472694,5.37220559679917,0.0259564881565041,,,,,,,,,3.66508597253367
"staggered","D_ramp_nt10",3,200,38,"GATT","g=4_t=6",4,6,2,"doubleml",4.90993424602017,1.40010307604631,2.16578262068013,2.60696910097309,7.21289939106725,7.65408587136021,0.000226732821719447,,,,,,,,,4.71225339325758
"staggered","D_ramp_nt10",3,200,38,"GATT","g=4_t=7",4,7,3,"doubleml",5.2629035926428,0.621118238081531,4.04553420625957,4.24125477426144,6.28455241102416,6.48027297902603,1.19297593905569e-17,,,,,,,,,5.75942081398149
"staggered","D_ramp_nt10",3,200,38,"GATT","g=5_t=5",5,5,0,"doubleml",4.53762509805755,0.710055664534271,3.1459415575743,3.3696871980257,5.70556299808941,5.9293086385408,8.26611578573585e-11,,,,,,,,,3.81187360498677
"staggered","D_ramp_nt10",3,200,38,"GATT","g=5_t=6",5,6,1,"doubleml",5.50057850945673,0.501095288798074,4.5184497828429,4.67634991929606,6.3248070996174,6.48270723607056,2.46210712047274e-28,,,,,,,,,5.33662304698147
"staggered","D_ramp_nt10",3,200,38,"GATT","g=5_t=7",5,7,2,"doubleml",6.99701594487042,0.678455727742318,5.66726714290168,5.88105532727056,8.11297656247029,8.32676474683917,3.07265822294888e-25,,,,,,,,,6.86137248897618
"staggered","D_ramp_nt10",3,200,38,"GATT","g=6_t=6",6,6,0,"doubleml",5.1049137329045,0.655899991033589,3.81937336287834,4.02605400905294,6.18377345675606,6.39045410293066,3.53934928306814e-15,,,,,,,,,5.38838120840712
"staggered","D_ramp_nt10",3,200,38,"GATT","g=6_t=7",6,7,1,"doubleml",7.62254577431173,0.573760687331678,6.49799548252638,6.67879321271147,8.56629833591199,8.74709606609707,1.4098521407525e-40,,,,,,,,,7.54373369176997
"staggered","D_ramp_nt10",3,200,38,"CATT","surface",,,,"doubleml",,,,,,,,1.92667321967607,1.58185405081728,540,0.3596879223748,0.561111111111111,3.35654982661427,0.487037037037037,2.8169060291443,
"staggered","D_ramp_nt10",3,200,39,"GATT","g=4_t=4",4,4,0,"doubleml",2.32128129235794,0.714781222087201,0.920335829191021,1.14557054008292,3.49699204463296,3.72222675552486,0.000582034549570159,,,,,,,,,2.8656196799269
"staggered","D_ramp_nt10",3,200,39,"GATT","g=4_t=5",4,5,1,"doubleml",4.6290078345815,0.998788448527402,2.67141843185194,2.98614665986741,6.2718690092956,6.58659723731107,1.78794352757897e-06,,,,,,,,,4.01186755189766
"staggered","D_ramp_nt10",3,200,39,"GATT","g=4_t=6",4,6,2,"doubleml",5.34749170378958,0.856393402760137,3.66899146454221,3.93884958968596,6.7561338178932,7.02599194303695,2.12987298887199e-10,,,,,,,,,5.15811542386842
"staggered","D_ramp_nt10",3,200,39,"GATT","g=4_t=7",4,7,3,"doubleml",6.37320427279753,0.694174223372633,5.01264778525921,5.23138902478616,7.5150195208089,7.73376076033585,2.13579705179006e-20,,,,,,,,,6.30436329583918
"staggered","D_ramp_nt10",3,200,39,"GATT","g=5_t=5",5,5,0,"doubleml",5.21115307902295,0.787017477770485,3.668627155222,3.91662423264226,6.50568192540364,6.7536790028239,1.77913150636977e-11,,,,,,,,,4.08747697568396
"staggered","D_ramp_nt10",3,200,39,"GATT","g=5_t=6",5,6,1,"doubleml",6.37599752686269,0.584965733664245,5.22948574764718,5.41381429998212,7.33818075374326,7.5225093060782,5.7768450471863e-28,,,,,,,,,5.72246776595755
"staggered","D_ramp_nt10",3,200,39,"GATT","g=5_t=7",5,7,2,"doubleml",7.56933741593205,0.649216537403785,6.29689637441598,6.50147099751728,8.63720383434682,8.84177845744812,1.02999208054715e-31,,,,,,,,,7.35745855623113
"staggered","D_ramp_nt10",3,200,39,"GATT","g=6_t=6",6,6,0,"doubleml",5.08237160191937,0.712387030008142,3.6861186690365,3.91059894606236,6.25414425777639,6.47862453480225,4.86460275410144e-13,,,,,,,,,5.33835478830482
"staggered","D_ramp_nt10",3,200,39,"GATT","g=6_t=7",6,7,1,"doubleml",8.4782747923215,1.18774993664324,6.15032767549846,6.52459955803411,10.4319500266089,10.8062219091445,4.73157686768778e-13,,,,,,,,,7.47369670362675
"staggered","D_ramp_nt10",3,200,39,"CATT","surface",,,,"doubleml",,,,,,,,2.37123521486982,1.79777704512441,527,0.419611539004706,0.502846299810247,3.12945950047627,0.451612903225806,2.62632577802266,
"staggered","D_ramp_nt10",3,200,40,"GATT","g=4_t=4",4,4,0,"doubleml",2.91004259006551,0.499129629780903,1.93176648436161,2.08904722200187,3.73103795812915,3.88831869576941,2.76748346825475e-09,,,,,,,,,2.74014477835171
"staggered","D_ramp_nt10",3,200,40,"GATT","g=4_t=5",4,5,1,"doubleml",3.8467164630899,0.47887888259868,2.90813109283626,3.05903061753193,4.63440230864787,4.78530183334354,4.76541595232621e-16,,,,,,,,,3.8362026896924
"staggered","D_ramp_nt10",3,200,40,"GATT","g=4_t=6",4,6,2,"doubleml",4.97435534557036,0.554487853231984,3.88757911479839,4.06230378223032,5.8864069089104,6.06113157634234,1.4680945411872e-19,,,,,,,,,4.93226060103308
"staggered","D_ramp_nt10",3,200,40,"GATT","g=4_t=7",4,7,3,"doubleml",5.43738291731936,0.755284685044804,3.95705212488021,4.19504988198468,6.67971595265405,6.91771370975852,3.0301836546877e-13,,,,,,,,,6.02831851237377
"staggered","D_ramp_nt10",3,200,40,"GATT","g=5_t=5",5,5,0,"doubleml",4.58842477175506,0.369510716685812,3.86419706943667,3.98063359137153,5.19621595213858,5.31265247407345,1.04920821081635e-35,,,,,,,,,4.21952169579911
"staggered","D_ramp_nt10",3,200,40,"GATT","g=5_t=6",5,6,1,"doubleml",5.69112216564888,0.537748152064537,4.63715514653586,4.80660496673292,6.57563936456485,6.7450891847619,1.7819228888754e-26,,,,,,,,,5.90733037411875
"staggered","D_ramp_nt10",3,200,40,"GATT","g=5_t=7",5,7,2,"doubleml",7.93730786841054,0.663399182433481,6.63706935321149,6.8461130695881,9.02850266723298,9.2375463836096,2.72287021783173e-33,,,,,,,,,7.59513905243839
"staggered","D_ramp_nt10",3,200,40,"GATT","g=6_t=6",6,6,0,"doubleml",5.66946686376758,0.695114767148338,4.30706694428845,4.52610455856456,6.81282916897059,7.0318667832467,1.72922930242501e-16,,,,,,,,,5.41005489767896
"staggered","D_ramp_nt10",3,200,40,"GATT","g=6_t=7",6,7,1,"doubleml",7.60490733676225,0.573056222768379,6.48173777016025,6.66231351651679,8.54750115700771,8.72807690336425,1.70984092355827e-40,,,,,,,,,7.57407685675055
"staggered","D_ramp_nt10",3,200,40,"CATT","surface",,,,"doubleml",,,,,,,,2.32249963878172,1.68385736975458,504,0.375857455250848,0.418650793650794,2.2315908229615,0.373015873015873,1.87281046565729,
"staggered","D_ramp_nt10",3,200,41,"GATT","g=4_t=4",4,4,0,"doubleml",2.57602718116414,0.482626879535621,1.63009587184198,1.78217642785245,3.36987793447582,3.52195849048629,4.71151079319489e-08,,,,,,,,,2.92518090841365
"staggered","D_ramp_nt10",3,200,41,"GATT","g=4_t=5",4,5,1,"doubleml",3.50641808011931,0.547801612046732,2.43274664136575,2.60536440733779,4.40747175290083,4.58008951887287,7.72367158488185e-11,,,,,,,,,4.09525327177911
"staggered","D_ramp_nt10",3,200,41,"GATT","g=4_t=6",4,6,2,"doubleml",4.27187472813042,0.84890709872555,2.6080473752839,2.87554649116331,5.66820296509754,5.93570208097695,2.42434914980991e-07,,,,,,,,,5.26532563514456
"staggered","D_ramp_nt10",3,200,41,"GATT","g=4_t=7",4,7,3,"doubleml",6.77894408113201,0.78732409171317,5.2358172050415,5.48391089958124,8.07397726268279,8.32207095722252,3.64964464537514e-18,,,,,,,,,6.43539799851002
"staggered","D_ramp_nt10",3,200,41,"GATT","g=5_t=5",5,5,0,"doubleml",3.98482570106148,0.604176059292597,2.80066237518613,2.99104429322982,4.97860710889315,5.16898902693684,2.11953893393755e-11,,,,,,,,,3.82125723563587
"staggered","D_ramp_nt10",3,200,41,"GATT","g=5_t=6",5,6,1,"doubleml",5.84367361154446,0.991811054010856,3.89975965088113,4.21228923211049,7.47505799097843,7.78758757220779,1.90864399605967e-09,,,,,,,,,5.34976012989022
"staggered","D_ramp_nt10",3,200,41,"GATT","g=5_t=7",5,7,2,"doubleml",7.5899624587846,0.718398098631349,6.18192804779871,6.40830247265843,8.77162244491077,8.99799686977049,2.16206551448059e-26,,,,,,,,,6.87826302414456
"staggered","D_ramp_nt10",3,200,41,"GATT","g=6_t=6",6,6,0,"doubleml",5.74419077291506,0.538471694630825,4.68880563641965,4.85848345211477,6.62989809371535,6.79957590941047,7.21670147676383e-27,,,,,,,,,5.51253498955877
"staggered","D_ramp_nt10",3,200,41,"GATT","g=6_t=7",6,7,1,"doubleml",8.25838185216734,0.565182308378282,7.15064487430901,7.32873947150209,9.18802423283259,9.36611883002567,1.17940746694381e-48,,,,,,,,,7.71754898538227
"staggered","D_ramp_nt10",3,200,41,"CATT","surface",,,,"doubleml",,,,,,,,2.098306060847,1.58028913336448,495,0.349288082719423,0.551515151515152,2.64194628487492,0.454545454545455,2.21719170069534,
"staggered","D_ramp_nt10",3,200,42,"GATT","g=4_t=4",4,4,0,"doubleml",0.770949371765787,3.07559876926763,-5.25711349444308,-4.28796156625916,5.82986030979073,6.79901223797466,0.401036007542339,,,,,,,,,2.85928130837943
"staggered","D_ramp_nt10",3,200,42,"GATT","g=4_t=5",4,5,1,"doubleml",4.34340196357352,0.556143784033101,3.25338016804487,3.42862663583154,5.2581772913155,5.43342375910218,2.86270500345035e-15,,,,,,,,,4.0029938317312
"staggered","D_ramp_nt10",3,200,42,"GATT","g=4_t=6",4,6,2,"doubleml",4.7119704065239,0.773432690911554,3.19607017591413,3.43978655114727,5.98415426190053,6.22787063713367,5.56560308706402e-10,,,,,,,,,5.14670635508297
"staggered","D_ramp_nt10",3,200,42,"GATT","g=4_t=7",4,7,3,"doubleml",5.48106453162916,0.838079220822063,3.83845942966986,4.1025465729431,6.85958249031521,7.12366963358845,3.07529318168214e-11,,,,,,,,,6.29041887843474
"staggered","D_ramp_nt10",3,200,42,"GATT","g=5_t=5",5,5,0,"doubleml",3.87680323464171,0.913593528571779,2.08619280800805,2.3740752647963,5.37953120448711,5.66741366127537,1.10046781069653e-05,,,,,,,,,4.23743875324523
"staggered","D_ramp_nt10",3,200,42,"GATT","g=5_t=6",5,6,1,"doubleml",5.98544873928234,0.659436925070003,4.69297610587444,4.90077127533325,7.07012620323144,7.27792137269025,5.60069291643472e-20,,,,,,,,,5.93241425454332
"staggered","D_ramp_nt10",3,200,42,"GATT","g=5_t=7",5,7,2,"doubleml",7.53167961930361,0.804597072599994,5.95469832250223,6.20823490604922,8.855124332558,9.10866091610498,3.95641880614267e-21,,,,,,,,,7.62738975584141
"staggered","D_ramp_nt10",3,200,42,"GATT","g=6_t=6",6,6,0,"doubleml",5.0495217549046,0.84633361710342,3.39073833339212,3.65742651947757,6.44161699033163,6.70830517641709,1.21310505822224e-09,,,,,,,,,5.84110724825985
"staggered","D_ramp_nt10",3,200,42,"GATT","g=6_t=7",6,7,1,"doubleml",7.45579349407708,0.850548825845948,5.78874841517675,6.05676485568906,8.85482213246508,9.1228385729774,9.26766075243113e-19,,,,,,,,,8.17755014756379
"staggered","D_ramp_nt10",3,200,42,"CATT","surface",,,,"doubleml",,,,,,,,2.59945496746419,2.02518447501399,523,0.422809535862784,0.546845124282983,4.21440315671999,0.455066921606119,3.53683939600089,
"staggered","D_ramp_nt10",3,200,43,"GATT","g=4_t=4",4,4,0,"doubleml",2.68694793070275,0.42282049508399,1.85823498187595,1.99146994808187,3.38242591332363,3.51566087952955,1.04335744669886e-10,,,,,,,,,2.73700598448869
"staggered","D_ramp_nt10",3,200,43,"GATT","g=4_t=5",4,5,1,"doubleml",4.16533650013605,0.945968204296661,2.31127287456995,2.60935691542587,5.72131608484623,6.01940012570215,5.3320057612349e-06,,,,,,,,,3.83180837828416
"staggered","D_ramp_nt10",3,200,43,"GATT","g=4_t=6",4,6,2,"doubleml",4.21170843793524,0.51081867271696,3.21052222888222,3.37148630084206,5.05193057502842,5.21289464698827,8.25686436391248e-17,,,,,,,,,4.92661077207964
"staggered","D_ramp_nt10",3,200,43,"GATT","g=4_t=7",4,7,3,"doubleml",6.81640940603562,2.11060203505492,2.67970539900123,3.34477720626739,10.2880416058038,10.95311341307,0.000619808284630048,,,,,,,,,6.02141316587511
"staggered","D_ramp_nt10",3,200,43,"GATT","g=5_t=5",5,5,0,"doubleml",4.7841114788428,0.812867488196169,3.19092046520788,3.44706313941338,6.12115981827222,6.37730249247772,1.98455898066748e-09,,,,,,,,,4.02206645635138
"staggered","D_ramp_nt10",3,200,43,"GATT","g=5_t=6",5,6,1,"doubleml",6.54003847618979,0.818687038583891,4.93544135329876,5.19341782602693,7.88665912635266,8.14463559908083,6.8324284657354e-16,,,,,,,,,5.63089303889194
"staggered","D_ramp_nt10",3,200,43,"GATT","g=5_t=7",5,7,2,"doubleml",8.18583911057166,1.54917357814444,5.14951466765738,5.63767475386647,10.7340034672768,11.2221635534859,6.31953055166239e-08,,,,,,,,,7.23971962143249
"staggered","D_ramp_nt10",3,200,43,"GATT","g=6_t=6",6,6,0,"doubleml",5.46789584982829,0.620454784083883,4.25182680939611,4.44733831640878,6.4884533832478,6.68396489026047,6.10713061587298e-19,,,,,,,,,5.52375179481835
"staggered","D_ramp_nt10",3,200,43,"GATT","g=6_t=7",6,7,1,"doubleml",7.2802548585481,0.50193317575145,6.29648390366959,6.45464806668063,8.10586165041558,8.26402581342662,5.67881007544195e-48,,,,,,,,,7.73325251274569
"staggered","D_ramp_nt10",3,200,43,"CATT","surface",,,,"doubleml",,,,,,,,2.00465442866384,1.55888997934078,536,0.381021003797436,0.526119402985075,3.63720356578482,0.44589552238806,3.05243812335095,
"staggered","D_ramp_nt10",3,200,44,"GATT","g=4_t=4",4,4,0,"doubleml",2.22026699696317,0.587483010509323,1.06882144575328,1.25394321719487,3.18659077673148,3.37171254817307,7.86389823930171e-05,,,,,,,,,2.78883744003452
"staggered","D_ramp_nt10",3,200,44,"GATT","g=4_t=5",4,5,1,"doubleml",3.21512756655854,0.950035461019145,1.35309226423762,1.65245793835936,4.77779719475773,5.07716286887947,0.000356905887306891,,,,,,,,,3.90437241604833
"staggered","D_ramp_nt10",3,200,44,"GATT","g=4_t=6",4,6,2,"doubleml",4.80295363418084,0.603911295198092,3.6193092363992,3.80960772462907,5.7962995437326,5.98659803196247,9.09668601766216e-16,,,,,,,,,5.01990739206214
"staggered","D_ramp_nt10",3,200,44,"GATT","g=4_t=7",4,7,3,"doubleml",5.8236262169857,0.608003176490071,4.63196187917951,4.8235497601233,6.8237026738481,7.01529055479188,4.93360084761052e-22,,,,,,,,,6.13544236807595
"staggered","D_ramp_nt10",3,200,44,"GATT","g=5_t=5",5,5,0,"doubleml",4.05049407978406,0.750731326751174,2.57908770567952,2.81565065405208,5.28533750551603,5.5219004538886,3.41859681404789e-08,,,,,,,,,4.31743367602209
"staggered","D_ramp_nt10",3,200,44,"GATT","g=5_t=6",5,6,1,"doubleml",6.04406162668227,0.518860196617357,5.02711432027933,5.19061235683542,6.89751089652912,7.06100893308521,1.1645380366574e-31,,,,,,,,,6.04440714643092
"staggered","D_ramp_nt10",3,200,44,"GATT","g=5_t=7",5,7,2,"doubleml",7.59027590546449,0.599790148706852,6.41470880644442,6.60370868020343,8.57684313072555,8.76584300448457,5.25640881994511e-37,,,,,,,,,7.77138061683976
"staggered","D_ramp_nt10",3,200,44,"GATT","g=6_t=6",6,6,0,"doubleml",6.24193211738866,0.855576942659314,4.56503211054634,4.83463296094772,7.64923127382961,7.91883212423098,1.48684913852771e-13,,,,,,,,,5.10287917902951
"staggered","D_ramp_nt10",3,200,44,"GATT","g=6_t=7",6,7,1,"doubleml",7.42146413189516,0.570614660288796,6.30307993985689,6.48288632546049,8.36004193832982,8.53984832393343,5.64901628361052e-39,,,,,,,,,7.14403085064131
"staggered","D_ramp_nt10",3,200,44,"CATT","surface",,,,"doubleml",,,,,,,,2.0446634702006,1.68724188860983,515,0.373024525880053,0.479611650485437,2.63370909336808,0.427184466019417,2.21027883015344,
"staggered","D_ramp_nt10",3,200,45,"GATT","g=4_t=4",4,4,0,"doubleml",3.99069830384686,1.29821600954427,1.44624166091643,1.85532250768392,6.12607410000979,6.53515494677729,0.00105609545206345,,,,,,,,,2.73862120486954
"staggered","D_ramp_nt10",3,200,45,"GATT","g=4_t=5",4,5,1,"doubleml",4.29368586861765,0.864663756905715,2.59897603297769,2.87144022941625,5.71593150781904,5.9883957042576,3.42217427654705e-07,,,,,,,,,3.83406968681735
"staggered","D_ramp_nt10",3,200,45,"GATT","g=4_t=6",4,6,2,"doubleml",4.72064840417024,0.525874056757626,3.68995418439133,3.85566235841623,5.58563444992424,5.75134262394914,1.39420923595836e-19,,,,,,,,,4.92951816876517
"staggered","D_ramp_nt10",3,200,45,"GATT","g=4_t=7",4,7,3,"doubleml",7.04874729934951,2.32843009357105,2.48510813943362,3.21881974621879,10.8786748524802,11.6123864592654,0.00123393599842115,,,,,,,,,6.02496665071299
"staggered","D_ramp_nt10",3,200,45,"GATT","g=5_t=5",5,5,0,"doubleml",4.35913980184001,0.408279917084813,3.55892586243079,3.68757894710338,5.03070065657663,5.15935374124923,6.53208492490198e-27,,,,,,,,,4.01453570198443
"staggered","D_ramp_nt10",3,200,45,"GATT","g=5_t=6",5,6,1,"doubleml",5.69517496054741,0.555859324759897,4.6057106949537,4.78086752677879,6.60948239431602,6.78463922614111,6.18548562623676e-25,,,,,,,,,5.62034998277819
"staggered","D_ramp_nt10",3,200,45,"GATT","g=5_t=7",5,7,2,"doubleml",7.20408804594939,0.488930595384811,6.2458016804966,6.39986860040831,8.00830749149048,8.16237441140219,1.93876418084363e-49,,,,,,,,,7.22616426357197
"staggered","D_ramp_nt10",3,200,45,"GATT","g=6_t=6",6,6,0,"doubleml",5.45236640193794,0.700400687758465,4.07960626835611,4.30030952907568,6.6044232748002,6.82512653551977,3.49563135933718e-15,,,,,,,,,5.88175310656229
"staggered","D_ramp_nt10",3,200,45,"GATT","g=6_t=7",6,7,1,"doubleml",8.31672637023868,0.588325287674472,7.16362998610707,7.34901716750617,9.28443557297118,9.46982275437029,1.13497281162126e-45,,,,,,,,,8.23445434918721
"staggered","D_ramp_nt10",3,200,45,"CATT","surface",,,,"doubleml",,,,,,,,2.2238863647934,1.70633223519672,514,0.417445739646017,0.550583657587549,3.45918803158339,0.453307392996109,2.90304274491881,
"staggered","D_ramp_nt10",3,200,46,"GATT","g=4_t=4",4,4,0,"doubleml",2.94404706436594,0.850036506576866,1.27800611278952,1.54586111637696,4.34223301235493,4.61008801594236,0.000266661694288063,,,,,,,,,2.5292505848486
"staggered","D_ramp_nt10",3,200,46,"GATT","g=4_t=5",4,5,1,"doubleml",3.08819126611444,0.814180722072032,1.49242636135925,1.74898284869137,4.42739968353751,4.68395617086963,7.44176836467822e-05,,,,,,,,,3.54095081878805
"staggered","D_ramp_nt10",3,200,46,"GATT","g=4_t=6",4,6,2,"doubleml",3.73108595933885,0.551081070944648,2.6509868992059,2.82463805547127,4.63753386320644,4.81118501947181,6.41758289533754e-12,,,,,,,,,4.55265105272749
"staggered","D_ramp_nt10",3,200,46,"GATT","g=4_t=7",4,7,3,"doubleml",5.50858422555551,0.746349956243263,4.04576517991714,4.28094751462895,6.73622093648206,6.97140327119388,7.87304340716301e-14,,,,,,,,,5.56435128666693
"staggered","D_ramp_nt10",3,200,46,"GATT","g=5_t=5",5,5,0,"doubleml",4.51239569341016,0.890499327662748,2.76704906916697,3.04765431230678,5.97713707451354,6.25774231765335,2.01786587489738e-07,,,,,,,,,3.99905828335763
"staggered","D_ramp_nt10",3,200,46,"GATT","g=5_t=6",5,6,1,"doubleml",4.79944621776345,0.920141153207196,2.99600268255886,3.28594836134598,6.31294407418092,6.60288975296804,9.14194680470156e-08,,,,,,,,,5.59868159670069
"staggered","D_ramp_nt10",3,200,46,"GATT","g=5_t=7",5,7,2,"doubleml",6.71580892805511,0.499829076894245,5.73616193118915,5.8936630716093,7.53795478450091,7.69545592492106,1.8547496659364e-41,,,,,,,,,7.19830491004374
"staggered","D_ramp_nt10",3,200,46,"GATT","g=6_t=6",6,6,0,"doubleml",5.1320249106355,0.583591971294418,3.9882056562094,4.17210132228399,6.091948498987,6.27584416506159,7.22551124624969e-19,,,,,,,,,5.27001444278891
"staggered","D_ramp_nt10",3,200,46,"GATT","g=6_t=7",6,7,1,"doubleml",8.17046962372544,0.814624767385976,6.57383440614055,6.83053081659155,9.51040843085933,9.76710484131033,5.6410136211788e-24,,,,,,,,,7.37802021990448
"staggered","D_ramp_nt10",3,200,46,"CATT","surface",,,,"doubleml",,,,,,,,1.97531254687101,1.57224258530166,524,0.342311907688592,0.551526717557252,2.907487336483,0.444656488549618,2.44004082491485,
"staggered","D_ramp_nt10",3,200,47,"GATT","g=4_t=4",4,4,0,"doubleml",2.05931680995027,0.449646894941274,1.17802508315359,1.31971331621853,2.798920303682,2.94060853674694,2.32651103362132e-06,,,,,,,,,2.73926459342594
"staggered","D_ramp_nt10",3,200,47,"GATT","g=4_t=5",4,5,1,"doubleml",3.57237200011615,0.431744045862143,2.72616921301201,2.86221607930363,4.28252792092868,4.4185747872203,6.46159727693229e-17,,,,,,,,,3.83497043079631
"staggered","D_ramp_nt10",3,200,47,"GATT","g=4_t=6",4,6,2,"doubleml",2.35457563295802,1.61954785359053,-0.819679856356693,-0.30934413221178,5.01849539812782,5.52883112227273,0.0729942924769161,,,,,,,,,4.93067626816669
"staggered","D_ramp_nt10",3,200,47,"GATT","g=4_t=7",4,7,3,"doubleml",5.39437389145399,0.784899732503311,3.85599867213787,4.10332842684699,6.68541935606099,6.93274911077011,3.15008111880458e-12,,,,,,,,,6.02638210553707
"staggered","D_ramp_nt10",3,200,47,"GATT","g=5_t=5",5,5,0,"doubleml",4.57569224292054,0.509082757531772,3.57790836513754,3.73832543286338,5.41305905297771,5.57347612070354,1.25758175219934e-19,,,,,,,,,4.26415250512073
"staggered","D_ramp_nt10",3,200,47,"GATT","g=5_t=6",5,6,1,"doubleml",5.32945829706898,0.551027414255357,4.2494644021154,4.4230986506214,6.23581794351656,6.40945219202257,1.98553200333449e-22,,,,,,,,,5.96981350716902
"staggered","D_ramp_nt10",3,200,47,"GATT","g=5_t=7",5,7,2,"doubleml",7.51776382213696,0.814256068075701,5.92185124192703,6.17843147153837,8.85709617273555,9.11367640234688,1.31974703338316e-20,,,,,,,,,7.67547450921731
"staggered","D_ramp_nt10",3,200,47,"GATT","g=6_t=6",6,6,0,"doubleml",5.80464624059434,0.449525003287663,4.92359341705064,5.06524324083661,6.54404924035206,6.68569906413804,1.9048295517084e-38,,,,,,,,,5.69247730237218
"staggered","D_ramp_nt10",3,200,47,"GATT","g=6_t=7",6,7,1,"doubleml",7.59474471701683,0.655281152664003,6.31041724791688,6.51690289193283,8.67258654210083,8.87907218611678,2.314171481902e-31,,,,,,,,,7.96946822332106
"staggered","D_ramp_nt10",3,200,47,"CATT","surface",,,,"doubleml",,,,,,,,2.34696099521881,1.82547130369923,513,0.365580676803491,0.428849902534113,2.76477736060258,0.346978557504873,2.32027481152541,
"staggered","D_ramp_nt10",3,200,48,"GATT","g=4_t=4",4,4,0,"doubleml",2.4592115507194,0.779243281738781,0.931922771269535,1.17747012177824,3.74095297966056,3.98650033016927,0.00080002670852542,,,,,,,,,2.68652417860062
"staggered","D_ramp_nt10",3,200,48,"GATT","g=4_t=5",4,5,1,"doubleml",4.18770274434962,1.01576314088708,2.19684355568402,2.51692067900894,5.8584848096903,6.17856193301523,1.872157807283e-05,,,,,,,,,3.76113385004087
"staggered","D_ramp_nt10",3,200,48,"GATT","g=4_t=6",4,6,2,"doubleml",4.93245417340797,0.825995348306298,3.31353302656016,3.57381242076496,6.29109592605097,6.55137532025577,1.17521009839354e-09,,,,,,,,,4.83574352148111
"staggered","D_ramp_nt10",3,200,48,"GATT","g=4_t=7",4,7,3,"doubleml",6.05292913060071,0.971355885985198,4.14910656288162,4.45519051611442,7.65066774508701,7.9567516983198,2.31109008317825e-10,,,,,,,,,5.91035319292136
"staggered","D_ramp_nt10",3,200,48,"GATT","g=5_t=5",5,5,0,"doubleml",3.82333471610785,1.98514193375369,-0.067472008939768,0.558066065805357,7.08860336641034,7.71414144115546,0.0270537169315094,,,,,,,,,4.14529270643784
"staggered","D_ramp_nt10",3,200,48,"GATT","g=5_t=6",5,6,1,"doubleml",5.66797580494319,0.662773019763234,4.36896454603597,4.57781095229356,6.75814065759283,6.96698706385042,6.05336164782103e-18,,,,,,,,,5.80340978901297
"staggered","D_ramp_nt10",3,200,48,"GATT","g=5_t=7",5,7,2,"doubleml",6.9790224683813,0.817539257279102,5.37667495552752,5.63428975088874,8.32375518587386,8.58136998123508,6.91022080375846e-18,,,,,,,,,7.46152687158811
"staggered","D_ramp_nt10",3,200,48,"GATT","g=6_t=6",6,6,0,"doubleml",6.37539702911085,0.704256074795526,4.99508047573031,5.21699860745913,7.53379545076257,7.75571358249139,6.97579458069164e-20,,,,,,,,,5.57273129488905
"staggered","D_ramp_nt10",3,200,48,"GATT","g=6_t=7",6,7,1,"doubleml",7.82177447549727,0.596137568607487,6.65336630197906,6.84121521122297,8.80233373977157,8.99018264901548,1.25215169002676e-39,,,,,,,,,7.80182381284467
"staggered","D_ramp_nt10",3,200,48,"CATT","surface",,,,"doubleml",,,,,,,,1.95062245455851,1.53744787053121,515,0.346113521083485,0.63495145631068,3.65125117611217,0.566990291262136,3.06422725214994,
"staggered","D_ramp_nt10",3,200,49,"GATT","g=4_t=4",4,4,0,"doubleml",2.43013479845674,0.659607004345205,1.1373288157923,1.34517757893152,3.51509201798197,3.72294078112119,0.000114703741339793,,,,,,,,,2.65526882589607
"staggered","D_ramp_nt10",3,200,49,"GATT","g=4_t=5",4,5,1,"doubleml",0.92158036813602,3.42546216928312,-5.7922021670208,-4.712804782858,6.55596551913004,7.63536290329284,0.39395012177457,,,,,,,,,3.71737635625449
"staggered","D_ramp_nt10",3,200,49,"GATT","g=4_t=6",4,6,2,"doubleml",0.000500023339475125,5.68081118814915,-11.1336853962301,-9.34360498273241,9.34460502941136,11.134685442909,0.499964885217192,,,,,,,,,4.77948388661292
"staggered","D_ramp_nt10",3,200,49,"GATT","g=4_t=7",4,7,3,"doubleml",4.60773945632195,1.88639282722428,0.910477425104137,1.50489866889078,7.71058024375312,8.30500148753976,0.00729055550059681,,,,,,,,,5.84159141697135
"staggered","D_ramp_nt10",3,200,49,"GATT","g=5_t=5",5,5,0,"doubleml",3.32222668654354,1.53190186024494,0.319754188930431,0.802471784112213,5.84198158897487,6.32469918415665,0.0150529538299669,,,,,,,,,4.19448993276902
"staggered","D_ramp_nt10",3,200,49,"GATT","g=5_t=6",5,6,1,"doubleml",4.88298189465707,1.56039254139855,1.8246686876474,2.3163639813675,7.44959980794665,7.94129510166674,0.000876029579987087,,,,,,,,,5.87228590587662
"staggered","D_ramp_nt10",3,200,49,"GATT","g=5_t=7",5,7,2,"doubleml",6.00576921482439,1.95141803426343,2.1810601187173,2.79597145549405,9.21556697415473,9.83047831093148,0.00104322144364295,,,,,,,,,7.55008187898423
"staggered","D_ramp_nt10",3,200,49,"GATT","g=6_t=6",6,6,0,"doubleml",5.57900887393403,0.586543096368291,4.42940552060365,4.61423111570027,6.5437866321678,6.72861222726442,9.38060250359965e-22,,,,,,,,,5.4499616290951
"staggered","D_ramp_nt10",3,200,49,"GATT","g=6_t=7",6,7,1,"doubleml",6.54612708832579,0.778596375990945,5.02010622085307,5.26544972489158,7.82680445176,8.0721479557985,2.0924230790258e-17,,,,,,,,,7.62994628073314
"staggered","D_ramp_nt10",3,200,49,"CATT","surface",,,,"doubleml",,,,,,,,2.98869117927817,2.3339287327286,547,0.468922129102785,0.808043875685558,8.41795174033567,0.76599634369287,7.06456934509924,
"staggered","D_ramp_nt10",3,200,50,"GATT","g=4_t=4",4,4,0,"doubleml",2.67537111690898,0.878638690945408,0.953270913648853,1.23013875155266,4.1206034822653,4.3974713201691,0.00116377008401134,,,,,,,,,2.5226825636375
"staggered","D_ramp_nt10",3,200,50,"GATT","g=4_t=5",4,5,1,"doubleml",3.11646736067744,0.56230550932617,2.01436880539649,2.19155689444026,4.04137782691463,4.2185659159584,1.49259811131405e-08,,,,,,,,,3.5317555890925
"staggered","D_ramp_nt10",3,200,50,"GATT","g=4_t=6",4,6,2,"doubleml",4.14595183021961,1.31424866929847,1.5700717513467,1.98420464952934,6.30769901090988,6.72183190909252,0.000803543295442814,,,,,,,,,4.5408286145475
"staggered","D_ramp_nt10",3,200,50,"GATT","g=4_t=7",4,7,3,"doubleml",5.35750585006067,0.772324556974339,3.84377752207501,4.0871447132232,6.62786698689814,6.87123417804632,2.00458096028843e-12,,,,,,,,,5.5499016400025
"staggered","D_ramp_nt10",3,200,50,"GATT","g=5_t=5",5,5,0,"doubleml",3.44413630624055,0.873761494368481,1.73159523269213,2.00692621718258,4.88134639529853,5.15667737978898,4.04471539367539e-05,,,,,,,,,4.18780021244362
"staggered","D_ramp_nt10",3,200,50,"GATT","g=5_t=6",5,6,1,"doubleml",5.31012179442319,0.904729630825552,3.53688428827182,3.82197364224126,6.79826994660512,7.08335930057456,2.18830879618632e-09,,,,,,,,,5.86292029742107
"staggered","D_ramp_nt10",3,200,50,"GATT","g=5_t=7",5,7,2,"doubleml",7.25714341981929,1.09368287053343,5.11356436615711,5.4581947754909,9.05609206414769,9.40072247348148,1.61691426387799e-11,,,,,,,,,7.53804038239852
"staggered","D_ramp_nt10",3,200,50,"GATT","g=6_t=6",6,6,0,"doubleml",5.52846747816222,0.573645064162123,4.40414380362676,4.58490509979489,6.47202985652954,6.65279115269767,2.77792141129097e-22,,,,,,,,,5.21226708370904
"staggered","D_ramp_nt10",3,200,50,"GATT","g=6_t=7",6,7,1,"doubleml",7.12721368274789,0.640614734359265,5.87163186553417,6.07349597447811,8.18093139101766,8.38279549996161,4.7092985964291e-29,,,,,,,,,7.29717391719265
"staggered","D_ramp_nt10",3,200,50,"CATT","surface",,,,"doubleml",,,,,,,,1.97248943638773,1.56594169751897,546,0.334764927908773,0.620879120879121,3.29875066408909,0.501831501831502,2.76839943224957,
"staggered","D_ramp_nt10",3,200,51,"GATT","g=4_t=4",4,4,0,"doubleml",2.19057779309293,0.50455541599471,1.20166734173828,1.36065779887237,3.0204977873135,3.17948824444759,7.07244375058672e-06,,,,,,,,,2.51346679642059
"staggered","D_ramp_nt10",3,200,51,"GATT","g=4_t=5",4,5,1,"doubleml",3.2072385960737,0.406592693535791,2.41033155408051,2.53845297774058,3.87602421440682,4.00414563806688,1.53426743461498e-15,,,,,,,,,3.51885351498882
"staggered","D_ramp_nt10",3,200,51,"GATT","g=4_t=6",4,6,2,"doubleml",4.36066465877576,0.396607590772908,3.58332805873413,3.70830307666258,5.01302624088894,5.13800125881739,2.02158938727822e-28,,,,,,,,,4.52424023355706
"staggered","D_ramp_nt10",3,200,51,"GATT","g=4_t=7",4,7,3,"doubleml",5.70065661154619,0.664941638310232,4.39739493835711,4.60692469800505,6.79438852508733,7.00391828473526,5.03380809640704e-18,,,,,,,,,5.52962695212529
"staggered","D_ramp_nt10",3,200,51,"GATT","g=5_t=5",5,5,0,"doubleml",4.81790040359727,0.594983405615182,3.65175434799412,3.83923956893752,5.79656123825703,5.98404645920043,2.80414232577536e-16,,,,,,,,,4.18833219891132
"staggered","D_ramp_nt10",3,200,51,"GATT","g=5_t=6",5,6,1,"doubleml",6.14915738146167,0.612273406779047,4.94912354601738,5.14205701922753,7.15625774369581,7.34919121690596,4.92360318461898e-24,,,,,,,,,5.86366507847584
"staggered","D_ramp_nt10",3,200,51,"GATT","g=5_t=7",5,7,2,"doubleml",8.99836296634916,1.233504145704,6.58073924691857,6.96942873827135,11.027297194427,11.4159866857797,1.49374303197359e-13,,,,,,,,,7.53899795804037
"staggered","D_ramp_nt10",3,200,51,"GATT","g=6_t=6",6,6,0,"doubleml",5.14151657926794,0.491606272844945,4.17798598231767,4.33289603495384,5.95013712358204,6.10504717621821,6.69045013886053e-26,,,,,,,,,5.41002897884002
"staggered","D_ramp_nt10",3,200,51,"GATT","g=6_t=7",6,7,1,"doubleml",6.58704794946302,0.796300272181191,5.02632808279769,5.2772502615647,7.89684563736134,8.14776781612836,6.58290090118361e-17,,,,,,,,,7.57404057037602
"staggered","D_ramp_nt10",3,200,51,"CATT","surface",,,,"doubleml",,,,,,,,2.30828384161545,1.80114795488581,476,0.386411613293024,0.321428571428571,2.47366017462624,0.262605042016807,2.07596151402509,
"staggered","D_ramp_nt10",3,200,52,"GATT","g=4_t=4",4,4,0,"doubleml",2.71174244527764,0.40011122730957,1.92753884375506,2.05361789259258,3.36986699796269,3.49594604680021,6.11486275704316e-12,,,,,,,,,2.5671041561824
"staggered","D_ramp_nt10",3,200,52,"GATT","g=4_t=5",4,5,1,"doubleml",2.74679441459371,0.876117753617802,1.02963515774195,1.30570862308445,4.18788020610296,4.46395367144547,0.000858718216988826,,,,,,,,,3.59394581865537
"staggered","D_ramp_nt10",3,200,52,"GATT","g=4_t=6",4,6,2,"doubleml",5.29437265270598,0.953445411347036,3.4256539705006,3.72609415407016,6.8626511513418,7.16309133491136,1.40496531846118e-08,,,,,,,,,4.62078748112833
"staggered","D_ramp_nt10",3,200,52,"GATT","g=4_t=7",4,7,3,"doubleml",5.65999568384964,0.550641896354012,4.58075739010405,4.75427015806416,6.56572120963512,6.73923397759524,4.38592961554291e-25,,,,,,,,,5.64762914360129
"staggered","D_ramp_nt10",3,200,52,"GATT","g=5_t=5",5,5,0,"doubleml",3.13581112077424,1.48627907588099,0.222757638094222,0.691099037695082,5.58052320385339,6.04886460345425,0.0174360677045991,,,,,,,,,3.80918497699288
"staggered","D_ramp_nt10",3,200,52,"GATT","g=5_t=6",5,6,1,"doubleml",5.92530578203716,0.623659190931058,4.70295621954316,4.89947746719744,6.95113409687687,7.14765534453116,1.04070565982328e-21,,,,,,,,,5.33285896779004
"staggered","D_ramp_nt10",3,200,52,"GATT","g=5_t=7",5,7,2,"doubleml",7.58980011385094,0.61831403377812,6.37792686695104,6.57276380213487,8.60683642556702,8.80167336075085,6.17016377368543e-35,,,,,,,,,6.85653295858719
"staggered","D_ramp_nt10",3,200,52,"GATT","g=6_t=6",6,6,0,"doubleml",6.13958255080944,0.412421329016571,5.3312515931048,5.46120967809122,6.81795542352766,6.94791350851408,2.01140047719738e-50,,,,,,,,,5.77794628328188
"staggered","D_ramp_nt10",3,200,52,"GATT","g=6_t=7",6,7,1,"doubleml",8.86404283341106,0.818148995757886,7.26050025508945,7.51830718514272,10.2097784816794,10.4675854117327,1.18430222216519e-27,,,,,,,,,8.08912479659464
"staggered","D_ramp_nt10",3,200,52,"CATT","surface",,,,"doubleml",,,,,,,,2.25572869183033,1.73163022093259,511,0.400704158346151,0.475538160469667,2.84984380303938,0.407045009784736,2.39166483609114,
"staggered","D_ramp_nt10",3,200,53,"GATT","g=4_t=4",4,4,0,"doubleml",3.04687077464272,0.372078935934028,2.31760945505372,2.43485524855589,3.65888630072955,3.77613209423172,1.31948927484972e-16,,,,,,,,,2.47978997842284
"staggered","D_ramp_nt10",3,200,53,"GATT","g=4_t=5",4,5,1,"doubleml",4.16092652106781,0.461434875180689,3.25653077736916,3.40193352088735,4.91991952124827,5.06532226476645,9.63341332570524e-20,,,,,,,,,3.47170596979198
"staggered","D_ramp_nt10",3,200,53,"GATT","g=4_t=6",4,6,2,"doubleml",4.78659082504231,0.578909443726677,3.651949156078,3.83436931089071,5.73881233919391,5.92123249400662,6.79473407984898e-17,,,,,,,,,4.46362196116112
"staggered","D_ramp_nt10",3,200,53,"GATT","g=4_t=7",4,7,3,"doubleml",6.04325279259214,0.602686941492613,4.86200808399651,5.05192076613025,7.03458481905403,7.22449750118777,5.78857178345459e-24,,,,,,,,,5.45553795253025
"staggered","D_ramp_nt10",3,200,53,"GATT","g=5_t=5",5,5,0,"doubleml",3.57245684333553,1.63719546303089,0.363612674831644,0.879509337187309,6.26540434948374,6.78130101183941,0.0145525949791816,,,,,,,,,4.20250499604571
"staggered","D_ramp_nt10",3,200,53,"GATT","g=5_t=6",5,6,1,"doubleml",4.82556576391375,1.0401969951405,2.7868171005302,3.11459357566892,6.53653795215857,6.8643144272973,1.74974716886137e-06,,,,,,,,,5.88350699446399
"staggered","D_ramp_nt10",3,200,53,"GATT","g=5_t=7",5,7,2,"doubleml",6.8053753463301,2.56624655779383,1.77562447793027,2.58427443075669,11.0264762619035,11.8351262147299,0.00400226112647867,,,,,,,,,7.56450899288228
"staggered","D_ramp_nt10",3,200,53,"GATT","g=6_t=6",6,6,0,"doubleml",6.23580487465745,1.83394371420027,2.64134121679863,3.21923522058028,9.25237452873462,9.83026853251627,0.000336663127149761,,,,,,,,,5.6853771885238
"staggered","D_ramp_nt10",3,200,53,"GATT","g=6_t=7",6,7,1,"doubleml",7.45273356053264,0.738809896370224,6.00469276080327,6.23749914724849,8.66796797381679,8.90077436026201,3.13784766199557e-24,,,,,,,,,7.95952806393332
"staggered","D_ramp_nt10",3,200,53,"CATT","surface",,,,"doubleml",,,,,,,,2.19711575014959,1.73345284876035,548,0.418647773745151,0.554744525547445,3.96505987583343,0.476277372262774,3.32758387246098,
"staggered","D_ramp_nt10",3,200,54,"GATT","g=4_t=4",4,4,0,"doubleml",1.95493070466965,0.769310698479251,0.447109430835462,0.689526925033258,3.22033448430604,3.46275197850384,0.00552449057250453,,,,,,,,,2.85181475741571
"staggered","D_ramp_nt10",3,200,54,"GATT","g=4_t=5",4,5,1,"doubleml",4.0341592709965,0.706809575892742,2.64883794739146,2.87156071285102,5.19675782914198,5.41948059460154,5.7303037878332e-09,,,,,,,,,3.992540660382
"staggered","D_ramp_nt10",3,200,54,"GATT","g=4_t=6",4,6,2,"doubleml",4.79888173465644,0.646496303742677,3.53177225318773,3.73548970346008,5.8622737658528,6.06599121612515,5.7288752766979e-14,,,,,,,,,5.13326656334829
"staggered","D_ramp_nt10",3,200,54,"GATT","g=4_t=7",4,7,3,"doubleml",7.14912668838983,0.947171303078471,5.29270503252294,5.59116818183599,8.70708519494367,9.00554834425672,2.2121562565791e-14,,,,,,,,,6.27399246631457
"staggered","D_ramp_nt10",3,200,54,"GATT","g=5_t=5",5,5,0,"doubleml",3.21249158472955,1.53592054808586,0.202142603620997,0.686126527528333,5.73885664193077,6.2228405658381,0.0182383172613225,,,,,,,,,3.68577056135765
"staggered","D_ramp_nt10",3,200,54,"GATT","g=5_t=6",5,6,1,"doubleml",5.04649042811742,0.581993000820386,3.9058050982575,4.08919691274601,6.00378394348884,6.18717575797735,2.14076759242477e-18,,,,,,,,,5.16007878590071
"staggered","D_ramp_nt10",3,200,54,"GATT","g=5_t=7",5,7,2,"doubleml",7.11956453071981,0.775636654766035,5.59934461029795,5.84375547658127,8.39537358485834,8.63978445114166,2.17567853501295e-20,,,,,,,,,6.63438701044378
"staggered","D_ramp_nt10",3,200,54,"GATT","g=6_t=6",6,6,0,"doubleml",6.02643206950496,0.557766658924786,4.9332294976121,5.10898734950589,6.94387678950403,7.11963464139782,1.63733778647588e-27,,,,,,,,,5.61593035099511
"staggered","D_ramp_nt10",3,200,54,"GATT","g=6_t=7",6,7,1,"doubleml",7.85900327833138,0.809768999037565,6.27188519190172,6.52705150118844,9.19095505547431,9.44612136476104,1.43199356043784e-22,,,,,,,,,7.86230249139316
"staggered","D_ramp_nt10",3,200,54,"CATT","surface",,,,"doubleml",,,,,,,,2.09029752073596,1.67794235469693,482,0.369634981026532,0.50207468879668,3.21643062293331,0.462655601659751,2.69931426079986,
"staggered","D_ramp_nt10",3,200,55,"GATT","g=4_t=4",4,4,0,"doubleml",3.11476670552515,0.628410736286551,1.88310428519001,2.08112279230127,4.14841061874903,4.34642912586028,3.58728228585471e-07,,,,,,,,,2.6338555081539
"staggered","D_ramp_nt10",3,200,55,"GATT","g=4_t=5",4,5,1,"doubleml",4.28841717791665,0.80905831000006,2.70269201641569,2.95763438047981,5.61919997535348,5.8741423394176,5.77415732317479e-08,,,,,,,,,3.68739771141545
"staggered","D_ramp_nt10",3,200,55,"GATT","g=4_t=6",4,6,2,"doubleml",4.66925508697772,0.685011160004089,3.32665787377147,3.54251174040036,5.79599843355509,6.01185230018398,4.67011489813729e-12,,,,,,,,,4.74093991467701
"staggered","D_ramp_nt10",3,200,55,"GATT","g=4_t=7",4,7,3,"doubleml",6.00422324424674,0.964786068667881,4.11327728195616,4.4172910200541,7.59115546843937,7.89516920653731,2.43289879902818e-10,,,,,,,,,5.79448211793857
"staggered","D_ramp_nt10",3,200,55,"GATT","g=5_t=5",5,5,0,"doubleml",5.13393555241306,1.19049947484128,2.80059943970525,3.17573772922248,7.09213337560363,7.46727166512087,8.07381043947872e-06,,,,,,,,,4.16697703783486
"staggered","D_ramp_nt10",3,200,55,"GATT","g=5_t=6",5,6,1,"doubleml",5.5690731939456,0.553745974193613,4.48375101938118,4.65824191330933,6.47990447458186,6.65439536851001,4.27438790418706e-24,,,,,,,,,5.8337678529688
"staggered","D_ramp_nt10",3,200,55,"GATT","g=5_t=7",5,7,2,"doubleml",8.39270096466146,0.910508427868045,6.60813722434349,6.89504753504899,9.89035439427392,10.1772647049794,1.5191445450941e-20,,,,,,,,,7.50055866810275
"staggered","D_ramp_nt10",3,200,55,"GATT","g=6_t=6",6,6,0,"doubleml",5.97442845854802,0.639076173186209,4.72186216584529,4.923241458778,7.02561545831805,7.22699475125076,4.44334113021493e-21,,,,,,,,,5.43549280880117
"staggered","D_ramp_nt10",3,200,55,"GATT","g=6_t=7",6,7,1,"doubleml",6.9147602056938,0.876892408307221,5.19608265353834,5.47240022032003,8.35712019106756,8.63343775784925,1.56603363285176e-15,,,,,,,,,7.60968993232163
"staggered","D_ramp_nt10",3,200,55,"CATT","surface",,,,"doubleml",,,,,,,,2.01532872289671,1.58279689776183,510,0.385216642784333,0.513725490196078,3.14810746626019,0.452941176470588,2.64197564766901,
"staggered","D_ramp_nt10",3,200,56,"GATT","g=4_t=4",4,4,0,"doubleml",3.46835544095526,0.421812124919538,2.64161886134947,2.77453608003286,4.16217480187766,4.29509202056106,9.96418191825151e-17,,,,,,,,,2.78765963622461
"staggered","D_ramp_nt10",3,200,56,"GATT","g=4_t=5",4,5,1,"doubleml",3.79968527733805,0.530740961225701,2.75945210001028,2.92669388430211,4.67267667037399,4.83991845466582,4.05720532837709e-13,,,,,,,,,3.90272349071446
"staggered","D_ramp_nt10",3,200,56,"GATT","g=4_t=6",4,6,2,"doubleml",5.07273225268037,0.67350732084357,3.75268215009052,3.96491104196154,6.18055346339919,6.39278235527021,2.50199937207258e-14,,,,,,,,,5.0177873452043
"staggered","D_ramp_nt10",3,200,56,"GATT","g=4_t=7",4,7,3,"doubleml",6.99050866714018,0.592634309010407,5.82896675631491,6.01571175342718,7.96530558085319,8.15205057796546,2.05500055561129e-32,,,,,,,,,6.13285119969414
"staggered","D_ramp_nt10",3,200,56,"GATT","g=5_t=5",5,5,0,"doubleml",3.36233965871075,0.44429789700042,2.49153177531422,2.63153448563802,4.09314483178348,4.23314754210728,1.89857973272286e-14,,,,,,,,,3.99904027715193
"staggered","D_ramp_nt10",3,200,56,"GATT","g=5_t=6",5,6,1,"doubleml",5.26972659017587,0.610096483144814,4.07395944668543,4.26620694948919,6.27324623086255,6.46549373366631,2.87207239989276e-18,,,,,,,,,5.5986563880127
"staggered","D_ramp_nt10",3,200,56,"GATT","g=5_t=7",5,7,2,"doubleml",6.65885217281996,0.798578666458043,5.09366673539419,5.34530685898178,7.97239748665814,8.22403761024573,3.76576868113567e-17,,,,,,,,,7.19827249887348
"staggered","D_ramp_nt10",3,200,56,"GATT","g=6_t=6",6,6,0,"doubleml",6.00901520234565,0.954595522115334,4.13804234443839,4.43884493941215,7.57918546527914,7.87998806025291,1.53869845770559e-10,,,,,,,,,5.75702080855756
"staggered","D_ramp_nt10",3,200,56,"GATT","g=6_t=7",6,7,1,"doubleml",8.63882172304026,0.68578600533814,7.2947058408737,7.5108038690158,9.76683957706472,9.98293760520682,1.0971441345467e-36,,,,,,,,,8.05982913198058
"staggered","D_ramp_nt10",3,200,56,"CATT","surface",,,,"doubleml",,,,,,,,2.21211390116546,1.71483768349376,530,0.392867874025502,0.40188679245283,2.47301541585641,0.345283018867925,2.07542041528981,
"staggered","D_ramp_nt10",3,200,57,"GATT","g=4_t=4",4,4,0,"doubleml",2.30468981230504,0.515212692625959,1.29489148241509,1.45724015398846,3.15213947062162,3.31448814219498,3.85146897681259e-06,,,,,,,,,2.56189486104851
"staggered","D_ramp_nt10",3,200,57,"GATT","g=4_t=5",4,5,1,"doubleml",3.95478314363526,0.536558259006587,2.90314827207967,3.07222314507524,4.83734314219528,5.00641801519085,8.48990324722234e-14,,,,,,,,,3.58665280546792
"staggered","D_ramp_nt10",3,200,57,"GATT","g=4_t=6",4,6,2,"doubleml",4.43847225092338,1.33276431735286,1.82630216842719,2.24626953246825,6.63067496937851,7.05064233341957,0.000433800594265029,,,,,,,,,4.61141074988733
"staggered","D_ramp_nt10",3,200,57,"GATT","g=4_t=7",4,7,3,"doubleml",3.78900458512186,1.84115111972831,0.180414671894686,0.760579801232274,6.81742936901146,7.39759449834904,0.0197972675233745,,,,,,,,,5.63616869430673
"staggered","D_ramp_nt10",3,200,57,"GATT","g=5_t=5",5,5,0,"doubleml",5.07534329244385,0.820272422691748,3.46763887377524,3.72611491688963,6.42457166799806,6.68304771111245,3.05847456250537e-10,,,,,,,,,4.25338479499555
"staggered","D_ramp_nt10",3,200,57,"GATT","g=5_t=6",5,6,1,"doubleml",6.12803695551784,0.584557651386882,4.982325002875,5.16652496440352,7.08954894663216,7.27374890816068,5.15938887296881e-26,,,,,,,,,5.95473871299376
"staggered","D_ramp_nt10",3,200,57,"GATT","g=5_t=7",5,7,2,"doubleml",7.86529435169596,0.679789535764034,6.53293133402174,6.74713981463635,8.98344888875558,9.19765736937018,2.91765206669704e-31,,,,,,,,,7.65609263099199
"staggered","D_ramp_nt10",3,200,57,"GATT","g=6_t=6",6,6,0,"doubleml",6.7178081785545,0.881259765372529,4.9905707637759,5.26826452844244,8.16735182866657,8.44504559333311,1.23961603426134e-14,,,,,,,,,5.78119702205822
"staggered","D_ramp_nt10",3,200,57,"GATT","g=6_t=7",6,7,1,"doubleml",7.30324396140175,0.607793712496897,6.11199016548148,6.30351204222638,8.30297588057712,8.49449775732202,1.46418350137204e-33,,,,,,,,,8.09367583088151
"staggered","D_ramp_nt10",3,200,57,"CATT","surface",,,,"doubleml",,,,,,,,2.3279572207301,1.79059297160289,551,0.397840286796924,0.544464609800363,3.43287673602892,0.490018148820327,2.88096160478668,
"staggered","D_ramp_nt10",3,200,58,"GATT","g=4_t=4",4,4,0,"doubleml",2.61817964939761,0.463175692557614,1.71037196630962,1.85632325879145,3.38003604000377,3.5259873324856,7.89869077808477e-09,,,,,,,,,2.82245442169315
"staggered","D_ramp_nt10",3,200,58,"GATT","g=4_t=5",4,5,1,"doubleml",3.48043725677656,0.468505005906778,2.56218431137949,2.70981492379077,4.25105958976235,4.39869020217363,5.47872223151985e-14,,,,,,,,,3.95143619037041
"staggered","D_ramp_nt10",3,200,58,"GATT","g=4_t=6",4,6,2,"doubleml",4.8140462143157,0.58693748129765,3.66366988072163,3.84861975045333,5.77947267817806,5.96442254790977,1.18235300464538e-16,,,,,,,,,5.08041795904767
"staggered","D_ramp_nt10",3,200,58,"GATT","g=4_t=7",4,7,3,"doubleml",5.53795556741807,0.638553948826928,4.28641281565945,4.4876275504743,6.58828358436184,6.78949831917669,2.11087119503208e-18,,,,,,,,,6.20939972772493
"staggered","D_ramp_nt10",3,200,58,"GATT","g=5_t=5",5,5,0,"doubleml",3.28271995013328,0.514272030375037,2.2747652843913,2.43681754388278,4.12862235638378,4.29067461587526,8.66919577123112e-11,,,,,,,,,3.82577939970846
"staggered","D_ramp_nt10",3,200,58,"GATT","g=5_t=6",5,6,1,"doubleml",5.4173201343783,0.466910275105882,4.50219280394068,4.64932090072929,6.18531936802731,6.33244746481593,2.00138385399122e-31,,,,,,,,,5.35609115959185
"staggered","D_ramp_nt10",3,200,58,"GATT","g=5_t=7",5,7,2,"doubleml",6.59382952895854,0.556661745800276,5.50279254701284,5.67820222973197,7.5094568281851,7.68486651090423,1.13791084597405e-32,,,,,,,,,6.88640291947524
"staggered","D_ramp_nt10",3,200,58,"GATT","g=6_t=6",6,6,0,"doubleml",5.53392503065036,0.473673964909685,4.60554111169011,4.7548005147728,6.31304954652791,6.46230894961061,7.78660235270541e-32,,,,,,,,,5.01855339081836
"staggered","D_ramp_nt10",3,200,58,"GATT","g=6_t=7",6,7,1,"doubleml",7.35606618978866,0.480110074389474,6.41506772794797,6.56635521348884,8.14577716608849,8.29706465162936,2.74149943402887e-53,,,,,,,,,7.02597474714571
"staggered","D_ramp_nt10",3,200,58,"CATT","surface",,,,"doubleml",,,,,,,,1.97542143071787,1.63380297567303,500,0.358311186864489,0.314,2.02461283455089,0.252,1.69910902412614,
"staggered","D_ramp_nt10",3,200,59,"GATT","g=4_t=4",4,4,0,"doubleml",3.13270249380199,0.454563926209728,2.24177356273226,2.38501120152021,3.88039378608376,4.02363142487171,2.757147316541e-12,,,,,,,,,2.61045921415338
"staggered","D_ramp_nt10",3,200,59,"GATT","g=4_t=5",4,5,1,"doubleml",2.68034256396508,1.28475585231611,0.1622673446362,0.567106761259529,4.79357836667064,5.19841778329397,0.0184772634314421,,,,,,,,,3.65464289981473
"staggered","D_ramp_nt10",3,200,59,"GATT","g=4_t=6",4,6,2,"doubleml",4.82984362882375,0.763682886866399,3.33305266314953,3.57369677763001,6.08599048001749,6.32663459449797,1.27101040789712e-10,,,,,,,,,4.69882658547609
"staggered","D_ramp_nt10",3,200,59,"GATT","g=4_t=7",4,7,3,"doubleml",6.92579129787682,0.593351496951642,5.76284372450549,5.94981471470993,7.90176788104372,8.08873887124815,8.82662567678905e-32,,,,,,,,,5.74301027113744
"staggered","D_ramp_nt10",3,200,59,"GATT","g=5_t=5",5,5,0,"doubleml",4.53672623619111,0.498319418868925,3.56003811470709,3.71706354678688,5.35638892559534,5.51341435767512,4.35112748019154e-20,,,,,,,,,4.10759914328534
"staggered","D_ramp_nt10",3,200,59,"GATT","g=5_t=6",5,6,1,"doubleml",6.32548882129888,1.20902757776845,3.95583829386553,4.33681497389615,8.31416266870162,8.69513934873224,8.38967279187774e-08,,,,,,,,,5.75063880059947
"staggered","D_ramp_nt10",3,200,59,"GATT","g=5_t=7",5,7,2,"doubleml",8.33572033502611,0.538127633008448,7.28100954692434,7.45057894536163,9.22086172469059,9.39043112312788,2.01924323577825e-54,,,,,,,,,7.39367845791361
"staggered","D_ramp_nt10",3,200,59,"GATT","g=6_t=6",6,6,0,"doubleml",5.43307174569271,0.826333149857775,3.81348851996487,4.07387435881655,6.79226913256887,7.05265497142056,2.43401831630262e-11,,,,,,,,,5.01608770438982
"staggered","D_ramp_nt10",3,200,59,"GATT","g=6_t=7",6,7,1,"doubleml",7.36728658003726,0.717049660595746,5.96189505905738,6.1878445776077,8.54672858246681,8.77267810101714,4.59363217558776e-25,,,,,,,,,7.02252278614575
"staggered","D_ramp_nt10",3,200,59,"CATT","surface",,,,"doubleml",,,,,,,,2.0225472641668,1.60301107895204,520,0.389277924811149,0.532692307692308,3.00329527439113,0.471153846153846,2.52044539862128,
"staggered","D_ramp_nt10",3,200,60,"GATT","g=4_t=4",4,4,0,"doubleml",1.94868085537594,0.672660795223323,0.630289912526853,0.842252055709674,3.0551096550422,3.26707179822502,0.00188390471471338,,,,,,,,,2.78376206365377
"staggered","D_ramp_nt10",3,200,60,"GATT","g=4_t=5",4,5,1,"doubleml",3.57273284249271,0.488308290300572,2.61566617260204,2.76953699795865,4.37592868702677,4.52979951238338,1.27212031873253e-13,,,,,,,,,3.89726688911528
"staggered","D_ramp_nt10",3,200,60,"GATT","g=4_t=6",4,6,2,"doubleml",4.57354966061469,0.744614659384852,3.11413173434812,3.34876725966688,5.7983320615625,6.03296758688126,4.07008898670022e-10,,,,,,,,,5.0107717145768
"staggered","D_ramp_nt10",3,200,60,"GATT","g=4_t=7",4,7,3,"doubleml",6.6952145492585,0.911119451782076,4.90945322406589,5.19655607451694,8.19387302400005,8.4809758744511,1.00342541808772e-13,,,,,,,,,6.1242765400383
"staggered","D_ramp_nt10",3,200,60,"GATT","g=5_t=5",5,5,0,"doubleml",4.17350021373411,0.583577752771534,3.029708827101,3.21360001277684,5.13340041469138,5.31729160036721,4.28938349436262e-13,,,,,,,,,3.82557140187677
"staggered","D_ramp_nt10",3,200,60,"GATT","g=5_t=6",5,6,1,"doubleml",5.31762273008436,0.54664287195745,4.24622238019115,4.41847501557366,6.21677044459506,6.38902307997757,1.14771578050317e-22,,,,,,,,,5.35579996262748
"staggered","D_ramp_nt10",3,200,60,"GATT","g=5_t=7",5,7,2,"doubleml",6.83259159918121,0.790476981456472,5.28328517269786,5.53237237432461,8.13281082403782,8.38189802566457,2.72270335438385e-18,,,,,,,,,6.88602852337819
"staggered","D_ramp_nt10",3,200,60,"GATT","g=6_t=6",6,6,0,"doubleml",5.6709851723904,0.48324412729714,4.72384407967658,4.87611913662919,6.46585120815161,6.61812626510421,4.20443905271282e-32,,,,,,,,,5.54085972606845
"staggered","D_ramp_nt10",3,200,60,"GATT","g=6_t=7",6,7,1,"doubleml",7.67021136507482,0.718103014095798,6.26275530915556,6.48903674992729,8.85138598022235,9.07766742099407,6.23160778304604e-27,,,,,,,,,7.75720361649583
"staggered","D_ramp_nt10",3,200,60,"CATT","surface",,,,"doubleml",,,,,,,,2.23640183045218,1.76926102849592,522,0.396584682002268,0.402298850574713,2.59593407624374,0.335249042145594,2.17857702949943,
"staggered","D_ramp_nt10",3,200,61,"GATT","g=4_t=4",4,4,0,"doubleml",2.11055988966742,0.525028585583837,1.08152276295218,1.2469645205555,2.97415525877933,3.13959701638266,2.91120182586336e-05,,,,,,,,,2.84046426417798
"staggered","D_ramp_nt10",3,200,61,"GATT","g=4_t=5",4,5,1,"doubleml",3.75134437338648,0.470703032665901,2.8287833746705,2.97710660729385,4.52558213947912,4.67390537210247,7.95540550870617e-16,,,,,,,,,3.97664996984917
"staggered","D_ramp_nt10",3,200,61,"GATT","g=4_t=6",4,6,2,"doubleml",5.28413269807721,0.549440821395962,4.20724846801069,4.38038276524077,6.18788263091364,6.36101692814372,3.37935951501736e-22,,,,,,,,,5.11283567552037
"staggered","D_ramp_nt10",3,200,61,"GATT","g=4_t=7",4,7,3,"doubleml",5.66132513400472,0.531965515697679,4.61869187399583,4.78631952764733,6.53633074036211,6.7039583940136,9.47196878722832e-27,,,,,,,,,6.24902138119156
"staggered","D_ramp_nt10",3,200,61,"GATT","g=5_t=5",5,5,0,"doubleml",5.00812365528178,0.521064135708863,3.98685670760129,4.15104922740451,5.86519808315904,6.02939060296226,3.58060552627565e-22,,,,,,,,,4.36602682580462
"staggered","D_ramp_nt10",3,200,61,"GATT","g=5_t=6",5,6,1,"doubleml",6.45279266307183,0.752304904275238,4.97830213366892,5.21536093205509,7.69022439408858,7.92728319247475,4.8536215587291e-18,,,,,,,,,6.11243755612647
"staggered","D_ramp_nt10",3,200,61,"GATT","g=5_t=7",5,7,2,"doubleml",8.25699014030812,0.660019169062833,6.96337632963505,7.17135496999844,9.34262531061779,9.55060395098118,3.28178751970263e-36,,,,,,,,,7.85884828644832
"staggered","D_ramp_nt10",3,200,61,"GATT","g=6_t=6",6,6,0,"doubleml",5.2919399002931,0.455898433891149,4.39839538221007,4.54205353771351,6.04182626287269,6.18548441837613,1.88267943536047e-31,,,,,,,,,5.29181580644737
"staggered","D_ramp_nt10",3,200,61,"GATT","g=6_t=7",6,7,1,"doubleml",7.39238291169061,0.623068369198069,6.17119133852368,6.36752641234169,8.41723941103953,8.61357448485753,9.05106154561058e-33,,,,,,,,,7.40854212902632
"staggered","D_ramp_nt10",3,200,61,"CATT","surface",,,,"doubleml",,,,,,,,2.08738893021005,1.57197988653332,456,0.337520292942359,0.453947368421053,2.20523967527574,0.361842105263158,1.85069588055495,
"staggered","D_ramp_nt10",3,200,62,"GATT","g=4_t=4",4,4,0,"doubleml",3.07443156432851,0.374843887231939,2.33975103973385,2.4578680970395,3.69099503161751,3.80911208892317,1.18309897408195e-16,,,,,,,,,2.92563694146939
"staggered","D_ramp_nt10",3,200,62,"GATT","g=4_t=5",4,5,1,"doubleml",3.00555767012016,0.899074033002889,1.24340493209968,1.52671215063922,4.48440318960109,4.76771040814063,0.000414467274849523,,,,,,,,,4.09589171805715
"staggered","D_ramp_nt10",3,200,62,"GATT","g=4_t=6",4,6,2,"doubleml",5.78142580022935,1.1513577200427,3.52480611782359,3.88761044898624,7.67524115147246,8.03804548263512,2.56483192890392e-07,,,,,,,,,5.2661464946449
"staggered","D_ramp_nt10",3,200,62,"GATT","g=4_t=7",4,7,3,"doubleml",6.69205175619465,0.732891002249243,5.25561177586222,5.48655305958098,7.89755045280833,8.12849173652709,3.39244510765395e-20,,,,,,,,,6.43640127123266
"staggered","D_ramp_nt10",3,200,62,"GATT","g=5_t=5",5,5,0,"doubleml",4.2705830359061,0.437585851585235,3.41293051988969,3.55081819758272,4.99034787422948,5.1282355519225,8.40589873555899e-23,,,,,,,,,4.57992595418478
"staggered","D_ramp_nt10",3,200,62,"GATT","g=5_t=6",5,6,1,"doubleml",5.59327245105498,0.852519686153344,3.92236455690312,4.19100203520691,6.99554286690305,7.26418034520683,2.67470311793924e-11,,,,,,,,,6.41189633585869
"staggered","D_ramp_nt10",3,200,62,"GATT","g=5_t=7",5,7,2,"doubleml",9.01523679840935,0.759503259356848,7.52663775218726,7.7659648242432,10.2645087725755,10.5038358446314,8.48230634860999e-33,,,,,,,,,8.24386671753261
"staggered","D_ramp_nt10",3,200,62,"GATT","g=6_t=6",6,6,0,"doubleml",5.85553404845937,0.602435102443647,4.67478293533351,4.86461626046453,6.84645183645422,7.03628516158523,1.24163995773065e-22,,,,,,,,,5.86894990641944
"staggered","D_ramp_nt10",3,200,62,"GATT","g=6_t=7",6,7,1,"doubleml",8.91610619466896,0.683630310587991,7.57621539660768,7.79163414377706,10.0405782455609,10.2559969927302,3.51555146320622e-39,,,,,,,,,8.21652986898722
"staggered","D_ramp_nt10",3,200,62,"CATT","surface",,,,"doubleml",,,,,,,,2.14981684852451,1.53920671782666,524,0.318687429070534,0.587786259541985,2.84629386565714,0.555343511450382,2.3886856340737,
"staggered","D_ramp_nt10",3,200,63,"GATT","g=4_t=4",4,4,0,"doubleml",2.54797589519398,0.731574584114805,1.11411604701399,1.3446425142144,3.75130927617355,3.98183574337397,0.000248038745497781,,,,,,,,,2.90585661550154
"staggered","D_ramp_nt10",3,200,63,"GATT","g=4_t=5",4,5,1,"doubleml",3.6349373294361,0.642408492585065,2.3758398106751,2.57826915077358,4.69160550809861,4.89403484819709,7.64416992771661e-09,,,,,,,,,4.06819926170215
"staggered","D_ramp_nt10",3,200,63,"GATT","g=4_t=6",4,6,2,"doubleml",5.05650123223782,0.522503728582812,4.03241273434974,4.19705888426347,5.91594358021217,6.0805897301259,1.87996943107259e-22,,,,,,,,,5.23054190790277
"staggered","D_ramp_nt10",3,200,63,"GATT","g=4_t=7",4,7,3,"doubleml",5.79994436157044,1.03359168343023,3.77414187134779,4.09983694671349,7.5000517764274,7.8257468517931,1.00321201738137e-08,,,,,,,,,6.39288455410338
"staggered","D_ramp_nt10",3,200,63,"GATT","g=5_t=5",5,5,0,"doubleml",3.96212353827278,0.405272536613491,3.16780395632165,3.29550938533393,4.62873769121162,4.7564431202239,7.10592999589733e-23,,,,,,,,,4.18948903398316
"staggered","D_ramp_nt10",3,200,63,"GATT","g=5_t=6",5,6,1,"doubleml",5.61565793375679,0.531725545611281,4.57349500647832,4.74104704315589,6.49026882435769,6.65782086103526,2.25438995951398e-26,,,,,,,,,5.86528464757643
"staggered","D_ramp_nt10",3,200,63,"GATT","g=5_t=7",5,7,2,"doubleml",7.41032144037944,0.551982392617631,6.32845582221501,6.50239099395275,8.31825188680612,8.49218705854386,2.16014888299927e-41,,,,,,,,,7.54108026116969
"staggered","D_ramp_nt10",3,200,63,"GATT","g=6_t=6",6,6,0,"doubleml",5.16710599892048,0.640587855833916,3.91157686264881,4.11343250190064,6.22077949594032,6.42263513519214,3.62617317550996e-16,,,,,,,,,5.30299796949722
"staggered","D_ramp_nt10",3,200,63,"GATT","g=6_t=7",6,7,1,"doubleml",8.00450081067904,0.469779322861687,7.08375024992576,7.2317824123527,8.77721920900538,8.92525137143232,2.11472707050929e-65,,,,,,,,,7.4241971572961
"staggered","D_ramp_nt10",3,200,63,"CATT","surface",,,,"doubleml",,,,,,,,2.03705107658104,1.63465108193641,523,0.348388973073344,0.45697896749522,2.46764436585132,0.391969407265774,2.07091288704691,
"staggered","D_ramp_nt10",3,200,64,"GATT","g=4_t=4",4,4,0,"doubleml",4.3061665986845,0.615687079692485,3.0994420872221,3.293451242904,5.31888195446501,5.5128911101469,1.33499637833819e-12,,,,,,,,,2.63447896369546
"staggered","D_ramp_nt10",3,200,64,"GATT","g=4_t=5",4,5,1,"doubleml",4.88258960972359,0.590587490299615,3.72505938988599,3.9111594139543,5.85401980549287,6.04011982956118,6.84884753630227e-17,,,,,,,,,3.68827054917364
"staggered","D_ramp_nt10",3,200,64,"GATT","g=4_t=6",4,6,2,"doubleml",6.25823762955169,0.941681671537275,4.41257545387881,4.70930876539692,7.80716649370647,8.10389980522458,1.50776853103853e-11,,,,,,,,,4.74206213465183
"staggered","D_ramp_nt10",3,200,64,"GATT","g=4_t=7",4,7,3,"doubleml",6.89360355698206,0.76533894362833,5.39356677967251,5.63473273419923,8.1524743797649,8.39364033429162,1.05638530161084e-19,,,,,,,,,5.79585372013001
"staggered","D_ramp_nt10",3,200,64,"GATT","g=5_t=5",5,5,0,"doubleml",3.23166908057273,1.10831572938671,1.05941015034105,1.40865151982809,5.05468664131737,5.40392801080442,0.00177367339323351,,,,,,,,,4.13576220671179
"staggered","D_ramp_nt10",3,200,64,"GATT","g=5_t=6",5,6,1,"doubleml",4.76200407952758,0.763282259842789,3.26599832839706,3.50651620129613,6.01749195775903,6.25800983065809,2.20398690776078e-10,,,,,,,,,5.79006708939651
"staggered","D_ramp_nt10",3,200,64,"GATT","g=5_t=7",5,7,2,"doubleml",6.77362562722526,0.600787481060275,5.59610379269644,5.78541793585334,7.76183331859718,7.95114746175408,8.76078569088549e-30,,,,,,,,,7.44437197208122
"staggered","D_ramp_nt10",3,200,64,"GATT","g=6_t=6",6,6,0,"doubleml",5.93210340877645,0.757094652071153,4.44822514612447,4.68679324193861,7.1774135756143,7.41598167142844,2.33764762324713e-15,,,,,,,,,6.03766684068143
"staggered","D_ramp_nt10",3,200,64,"GATT","g=6_t=7",6,7,1,"doubleml",8.15612395831639,0.486381264411275,7.20283418979581,7.35609779002444,8.95615012660833,9.10941372683697,2.05711523917633e-63,,,,,,,,,8.452733576954
"staggered","D_ramp_nt10",3,200,64,"CATT","surface",,,,"doubleml",,,,,,,,2.19845282695927,1.77825251030431,515,0.44343688481791,0.458252427184466,2.87307670158328,0.388349514563107,2.41116250344703,
"staggered","D_ramp_nt10",3,200,65,"GATT","g=4_t=4",4,4,0,"doubleml",2.25877145645972,0.430824222696578,1.41437148964644,1.55012851046036,2.96741440245908,3.103171423273,7.90329875045988e-08,,,,,,,,,2.68935055942689
"staggered","D_ramp_nt10",3,200,65,"GATT","g=4_t=5",4,5,1,"doubleml",4.48769813066616,0.648598943722702,3.21646755053163,3.42084756368809,5.55454869764422,5.75892871080068,2.27317417173626e-12,,,,,,,,,3.76509078319764
"staggered","D_ramp_nt10",3,200,65,"GATT","g=4_t=6",4,6,2,"doubleml",5.40434053384236,0.833428670359548,3.77085034336978,4.03347205168677,6.77520901599794,7.03783072431494,4.45230678723905e-11,,,,,,,,,4.84083100696839
"staggered","D_ramp_nt10",3,200,65,"GATT","g=4_t=7",4,7,3,"doubleml",5.90644131792123,0.540935365979992,4.84622747427362,5.01668161744758,6.79620101839488,6.96665516156884,4.67902968982165e-28,,,,,,,,,5.91657123073915
"staggered","D_ramp_nt10",3,200,65,"GATT","g=5_t=5",5,5,0,"doubleml",4.1713194896298,0.593023210242234,3.00901534639059,3.19588289017002,5.14675608908958,5.33362363286901,1.00354564838635e-12,,,,,,,,,4.33068695819336
"staggered","D_ramp_nt10",3,200,65,"GATT","g=5_t=6",5,6,1,"doubleml",6.55251354612258,0.72085257683326,5.13966844622216,5.36681630170809,7.73821079053707,7.965358646023,4.95425179851971e-20,,,,,,,,,6.06296174147071
"staggered","D_ramp_nt10",3,200,65,"GATT","g=5_t=7",5,7,2,"doubleml",8.40243217383146,0.63649628288946,7.15492237323431,7.3554887169356,9.44937563072732,9.64994197442862,4.32486355628864e-40,,,,,,,,,7.79523652474805
"staggered","D_ramp_nt10",3,200,65,"GATT","g=6_t=6",6,6,0,"doubleml",4.95635246321888,0.797194490745809,3.39387996035877,3.64508391633768,6.26762101010009,6.518824966079,2.52981744401142e-10,,,,,,,,,5.18782137739542
"staggered","D_ramp_nt10",3,200,65,"GATT","g=6_t=7",6,7,1,"doubleml",6.76160993329856,0.886569259666854,5.02396610084488,5.3033329402585,8.21988692633863,8.49925376575225,1.20406776998807e-14,,,,,,,,,7.26294992835359
"staggered","D_ramp_nt10",3,200,65,"CATT","surface",,,,"doubleml",,,,,,,,2.06028094593283,1.55495530487005,532,0.356098445442088,0.509398496240602,2.63335000506538,0.415413533834586,2.20997747368412,
"staggered","D_ramp_nt10",3,200,66,"GATT","g=4_t=4",4,4,0,"doubleml",3.08527827844835,0.584529528354651,1.93962144593626,2.12381254561609,4.04674401128061,4.23093511096045,6.52206753998523e-08,,,,,,,,,2.54289112034466
"staggered","D_ramp_nt10",3,200,66,"GATT","g=4_t=5",4,5,1,"doubleml",3.95010713741094,0.654038499162401,2.6682152244386,2.87430929590967,5.02590497891221,5.23199905038328,7.72657793151048e-10,,,,,,,,,3.56004756848253
"staggered","D_ramp_nt10",3,200,66,"GATT","g=4_t=6",4,6,2,"doubleml",4.47498932961016,0.574158186807735,3.34965995316172,3.53058293940671,5.41939571981361,5.60031870605859,3.24600846616149e-15,,,,,,,,,4.57720401662039
"staggered","D_ramp_nt10",3,200,66,"GATT","g=4_t=7",4,7,3,"doubleml",5.7016265064661,0.57877349884803,4.56725128456992,4.74962860179193,6.65362441114028,6.83600172836228,3.38576318701184e-23,,,,,,,,,5.59436046475825
"staggered","D_ramp_nt10",3,200,66,"GATT","g=5_t=5",5,5,0,"doubleml",4.57738715391492,0.662776265937038,3.2783695326239,3.48721696178332,5.66755734604652,5.87640477520594,2.48582197921935e-12,,,,,,,,,4.16329037167943
"staggered","D_ramp_nt10",3,200,66,"GATT","g=5_t=6",5,6,1,"doubleml",8.0070864189413,1.46959276593722,5.12673750304392,5.5898208795184,10.4243519583642,10.8874353348387,2.53972015009809e-08,,,,,,,,,5.8286065203512
"staggered","D_ramp_nt10",3,200,66,"GATT","g=5_t=7",5,7,2,"doubleml",7.37865200701066,0.997436057202118,5.42371324259256,5.73801531857752,9.01928869544379,9.33359077142875,6.93239439329221e-14,,,,,,,,,7.49392266902297
"staggered","D_ramp_nt10",3,200,66,"GATT","g=6_t=6",6,6,0,"doubleml",5.84030309922083,1.20377099505369,3.48095528467141,3.86027556292278,7.82033063551888,8.19965091377025,6.12122119157446e-07,,,,,,,,,5.761920063511
"staggered","D_ramp_nt10",3,200,66,"GATT","g=6_t=7",6,7,1,"doubleml",7.91336235383126,0.820073706943543,6.30604741087537,6.56446083667035,9.26226387099218,9.52067729678716,2.46800478417537e-22,,,,,,,,,8.06668808891539
"staggered","D_ramp_nt10",3,200,66,"CATT","surface",,,,"doubleml",,,,,,,,2.51416274255872,1.8307157081721,519,0.436891317485911,0.423892100192678,3.17303362125367,0.379576107899807,2.66289434094381,
"staggered","D_ramp_nt10",3,200,67,"GATT","g=4_t=4",4,4,0,"doubleml",3.05421288020109,0.637309553326996,1.8051090988241,2.00593171217297,4.10249404822921,4.30331666157808,8.24179291781086e-07,,,,,,,,,2.78624260321774
"staggered","D_ramp_nt10",3,200,67,"GATT","g=4_t=5",4,5,1,"doubleml",4.22206485124064,0.578921643334317,3.08739927148454,3.26982327051562,5.17430643196567,5.35673043099674,1.51584835643591e-13,,,,,,,,,3.90073964450484
"staggered","D_ramp_nt10",3,200,67,"GATT","g=4_t=6",4,6,2,"doubleml",5.56629211991558,1.07669902317693,3.45600079565364,3.79527942484692,7.33730481498425,7.67658344417753,1.17187754709852e-07,,,,,,,,,5.01523668579194
"staggered","D_ramp_nt10",3,200,67,"GATT","g=4_t=7",4,7,3,"doubleml",6.56674015192054,0.539394748850267,5.50954586238497,5.67951454169518,7.4539657621459,7.6239344414561,2.13081268843855e-34,,,,,,,,,6.12973372707904
"staggered","D_ramp_nt10",3,200,67,"GATT","g=5_t=5",5,5,0,"doubleml",4.77952478018929,0.725181802777143,3.35819455329099,3.5867065911641,5.97234296921449,6.20085500708759,2.18738435424289e-11,,,,,,,,,4.01979709376145
"staggered","D_ramp_nt10",3,200,67,"GATT","g=5_t=6",5,6,1,"doubleml",5.62831860262868,0.578418289168098,4.49463957891762,4.67690496601738,6.57973223923998,6.76199762633974,1.11708926511938e-22,,,,,,,,,5.62771593126603
"staggered","D_ramp_nt10",3,200,67,"GATT","g=5_t=7",5,7,2,"doubleml",8.0198347546242,0.870311776707682,6.3140550035011,6.58829894745946,9.45137056178893,9.72561450574729,1.55786355570471e-20,,,,,,,,,7.23563476877061
"staggered","D_ramp_nt10",3,200,67,"GATT","g=6_t=6",6,6,0,"doubleml",5.60235442331106,0.602082809837787,4.42229379101015,4.61201610521813,6.59269274140398,6.78241505561197,6.70235257992522e-21,,,,,,,,,5.61007280691854
"staggered","D_ramp_nt10",3,200,67,"GATT","g=6_t=7",6,7,1,"doubleml",8.19580160261136,0.659327035312918,6.90354434917131,7.11130489126877,9.28029831395395,9.48805885605141,8.91946848732773e-36,,,,,,,,,7.85410192968596
"staggered","D_ramp_nt10",3,200,67,"CATT","surface",,,,"doubleml",,,,,,,,2.15092954256798,1.57627151346646,537,0.385289201920497,0.48975791433892,2.74013186107671,0.452513966480447,2.29959165179538,
"staggered","D_ramp_nt10",3,200,68,"GATT","g=4_t=4",4,4,0,"doubleml",1.19870958463612,0.63774153162392,-0.0512408586516273,0.149717875378386,2.24770129389385,2.44866002792386,0.0300801729873111,,,,,,,,,2.45284744262898
"staggered","D_ramp_nt10",3,200,68,"GATT","g=4_t=5",4,5,1,"doubleml",2.38363626617007,0.734232710676864,0.944566585621004,1.17593065508239,3.59134187725776,3.82270594671914,0.00058430765065602,,,,,,,,,3.43398641968057
"staggered","D_ramp_nt10",3,200,68,"GATT","g=4_t=6",4,6,2,"doubleml",3.30360711579025,1.85416307281253,-0.330485757051688,0.253779568822268,6.35343466275823,6.93769998863218,0.0373971137278809,,,,,,,,,4.41512539673216
"staggered","D_ramp_nt10",3,200,68,"GATT","g=4_t=7",4,7,3,"doubleml",4.30466924071128,1.04396443228762,2.25853653614711,2.58750016840526,6.02183831301729,6.35080194527544,1.86670926142335e-05,,,,,,,,,5.39626437378375
"staggered","D_ramp_nt10",3,200,68,"GATT","g=5_t=5",5,5,0,"doubleml",4.10412043149868,0.490261625322912,3.14322529528429,3.29771163603979,4.91052922695757,5.06501556771308,2.849632418297e-17,,,,,,,,,4.44216121115799
"staggered","D_ramp_nt10",3,200,68,"GATT","g=5_t=6",5,6,1,"doubleml",6.87480295656767,0.825804209821911,5.25625643426828,5.51647559882526,8.23313031431008,8.49334947886707,4.21717380581543e-17,,,,,,,,,6.21902569562119
"staggered","D_ramp_nt10",3,200,68,"GATT","g=5_t=7",5,7,2,"doubleml",8.1235961834673,0.689675231909641,6.77185755723276,6.9891811195598,9.2580112473748,9.47533480970185,2.50799519469315e-32,,,,,,,,,7.99589018008439
"staggered","D_ramp_nt10",3,200,68,"GATT","g=6_t=6",6,6,0,"doubleml",5.07697992416659,0.606013702620686,3.88921488352334,4.08017586135614,6.07378398697703,6.26474496480984,2.69939725231537e-17,,,,,,,,,5.164316919672
"staggered","D_ramp_nt10",3,200,68,"GATT","g=6_t=7",6,7,1,"doubleml",8.33866294940836,0.888018471446377,6.59817871403843,6.8780022145759,9.79932368424081,10.0791471847783,2.994581016418e-21,,,,,,,,,7.23004368754079
"staggered","D_ramp_nt10",3,200,68,"CATT","surface",,,,"doubleml",,,,,,,,2.37511699752824,1.72884270886684,520,0.365198017943588,0.523076923076923,3.3101788335855,0.484615384615385,2.77799025652433,
"staggered","D_ramp_nt10",3,200,69,"GATT","g=4_t=4",4,4,0,"doubleml",3.43161710676797,0.359539897302276,2.72693185149181,2.84022646853073,4.02300774500521,4.13630236204413,6.84038626175564e-22,,,,,,,,,2.67831283492154
"staggered","D_ramp_nt10",3,200,69,"GATT","g=4_t=5",4,5,1,"doubleml",4.64957481093599,0.74924739340328,3.18107689277172,3.41717223890703,5.88197738296494,6.11807272910025,2.72338579965257e-10,,,,,,,,,3.74963796889016
"staggered","D_ramp_nt10",3,200,69,"GATT","g=4_t=6",4,6,2,"doubleml",5.92714249872555,0.414794045504166,5.11416110212303,5.24486685380184,6.60941814364926,6.74012389532808,1.27466120426755e-46,,,,,,,,,4.82096310285877
"staggered","D_ramp_nt10",3,200,69,"GATT","g=4_t=7",4,7,3,"doubleml",6.77736243870836,0.63932940555923,5.52429981967087,5.72575890865664,7.82896596876009,8.03042505774586,1.47821666950288e-26,,,,,,,,,5.89228823682739
"staggered","D_ramp_nt10",3,200,69,"GATT","g=5_t=5",5,5,0,"doubleml",3.99675500700058,0.555402795060424,2.90818552318277,3.08319849793426,4.9103115160669,5.08532449081839,3.09710317075215e-13,,,,,,,,,4.27249019573509
"staggered","D_ramp_nt10",3,200,69,"GATT","g=5_t=6",5,6,1,"doubleml",5.55556455309872,0.625496099612525,4.32961471571775,4.52671479166666,6.58441431453078,6.78151439047968,3.28777791586895e-19,,,,,,,,,5.98148627402913
"staggered","D_ramp_nt10",3,200,69,"GATT","g=5_t=7",5,7,2,"doubleml",7.24964452049533,1.46291248406521,4.38238871657695,4.84336706943073,9.65592197155993,10.1169003244137,3.60492232259943e-07,,,,,,,,,7.69048235232317
"staggered","D_ramp_nt10",3,200,69,"GATT","g=6_t=6",6,6,0,"doubleml",5.68425091225436,0.487293948287912,4.7291723161922,4.8827235122372,6.48577831227153,6.63932950831653,9.62781128609944e-32,,,,,,,,,5.49702179386371
"staggered","D_ramp_nt10",3,200,69,"GATT","g=6_t=7",6,7,1,"doubleml",7.65891483646103,0.558043753950476,6.56516916829324,6.74101433560057,8.57681533732148,8.75266050462882,3.617474560552e-43,,,,,,,,,7.69583051140919
"staggered","D_ramp_nt10",3,200,69,"CATT","surface",,,,"doubleml",,,,,,,,2.13822550895527,1.69978082201257,511,0.415130556188391,0.444227005870841,2.51724288505061,0.397260273972603,2.1125372856068,
"staggered","D_ramp_nt10",3,200,70,"GATT","g=4_t=4",4,4,0,"doubleml",2.36628580497557,0.563342953138297,1.26215389717082,1.43966889513423,3.29290271481691,3.47041771278032,1.33200958860249e-05,,,,,,,,,2.80876216118389
"staggered","D_ramp_nt10",3,200,70,"GATT","g=4_t=5",4,5,1,"doubleml",4.10771490728712,0.830375789050863,2.48020825427584,2.74186796916365,5.47356184541059,5.73522156029841,3.77189213023184e-07,,,,,,,,,3.93226702565744
"staggered","D_ramp_nt10",3,200,70,"GATT","g=4_t=6",4,6,2,"doubleml",4.13768012254866,0.593372953594765,2.97469049492925,3.1616682463365,5.11369199876083,5.30066975016807,1.54958126502486e-12,,,,,,,,,5.055771890131
"staggered","D_ramp_nt10",3,200,70,"GATT","g=4_t=7",4,7,3,"doubleml",6.64294431858203,0.669038229835524,5.33165347348068,5.54247411008415,7.74341452707991,7.95423516368338,1.55532533592274e-23,,,,,,,,,6.17927675460456
"staggered","D_ramp_nt10",3,200,70,"GATT","g=5_t=5",5,5,0,"doubleml",2.24428837000147,1.98154972329951,-1.63947775187553,-1.01507161856662,5.50364835856957,6.12805449187848,0.128692708241774,,,,,,,,,3.88467631787354
"staggered","D_ramp_nt10",3,200,70,"GATT","g=5_t=6",5,6,1,"doubleml",4.67221927260261,0.812733854715423,3.07929017577915,3.33539074073853,6.00904780446669,6.26514836942607,4.49477405782795e-09,,,,,,,,,5.43854684502296
"staggered","D_ramp_nt10",3,200,70,"GATT","g=5_t=7",5,7,2,"doubleml",7.3967260681107,0.685759184205351,6.05266275439884,6.26875233093379,8.52469980528761,8.74078938182256,2.000248000094e-27,,,,,,,,,6.99241737217238
"staggered","D_ramp_nt10",3,200,70,"GATT","g=6_t=6",6,6,0,"doubleml",6.43794104046484,0.68766107366663,5.0901500918769,5.30683897279999,7.56904310812969,7.78573198905278,3.90894360632517e-21,,,,,,,,,6.04401462098139
"staggered","D_ramp_nt10",3,200,70,"GATT","g=6_t=7",6,7,1,"doubleml",9.25531014897138,0.968727991693153,7.3566381594605,7.66189403692293,10.8487262610198,11.1539821384823,6.23400277650098e-22,,,,,,,,,8.46162046937395
"staggered","D_ramp_nt10",3,200,70,"CATT","surface",,,,"doubleml",,,,,,,,2.35036729648361,1.78311173353528,535,0.372013582139952,0.54392523364486,3.35413063711644,0.472897196261682,2.81487578087328,
"staggered","D_ramp_nt10",3,200,71,"GATT","g=4_t=4",4,4,0,"doubleml",2.14471571886175,0.518093402178317,1.12927130195473,1.29252771391514,2.99690372380837,3.16016013576878,1.73932147730539e-05,,,,,,,,,2.74807120833734
"staggered","D_ramp_nt10",3,200,71,"GATT","g=4_t=5",4,5,1,"doubleml",3.6438911890953,0.734391416483399,2.20451045087883,2.43592453012691,4.85185784806368,5.08327192731177,3.49244191165687e-07,,,,,,,,,3.84729969167228
"staggered","D_ramp_nt10",3,200,71,"GATT","g=4_t=6",4,6,2,"doubleml",4.79198083841487,0.770446580842127,3.28193327604121,3.52470869813037,6.05925297869936,6.30202840078853,2.48982638397437e-10,,,,,,,,,4.94652817500722
"staggered","D_ramp_nt10",3,200,71,"GATT","g=4_t=7",4,7,3,"doubleml",5.4813851269007,0.699684814971775,4.11002807820936,4.33050576025512,6.63226449354629,6.85274217559204,2.36148540801545e-15,,,,,,,,,6.04575665834216
"staggered","D_ramp_nt10",3,200,71,"GATT","g=5_t=5",5,5,0,"doubleml",2.43490261349557,0.848723329295972,0.771435442115324,1.03887665040978,3.83092857658137,4.09836978487583,0.00205950807025615,,,,,,,,,3.83859027262475
"staggered","D_ramp_nt10",3,200,71,"GATT","g=5_t=6",5,6,1,"doubleml",5.01480809568685,0.442819720468469,4.14689738507859,4.28643430719541,5.7431818841783,5.88271880629511,4.94989368626854e-30,,,,,,,,,5.37402638167465
"staggered","D_ramp_nt10",3,200,71,"GATT","g=5_t=7",5,7,2,"doubleml",6.46609815420062,0.472437836131993,5.54013700314401,5.68900688968756,7.24318941871367,7.39205930525722,6.09907562945051e-43,,,,,,,,,6.90946249072456
"staggered","D_ramp_nt10",3,200,71,"GATT","g=6_t=6",6,6,0,"doubleml",6.21046407618756,0.493263378454665,5.24368561189805,5.3991178350829,7.02181031729223,7.17724254047708,1.18983665119942e-36,,,,,,,,,5.63300169348341
"staggered","D_ramp_nt10",3,200,71,"GATT","g=6_t=7",6,7,1,"doubleml",7.3592108907585,0.682307188221187,6.02191336490375,6.23691518298413,8.48150659853288,8.69650841661326,2.00923829567111e-27,,,,,,,,,7.88620237087678
"staggered","D_ramp_nt10",3,200,71,"CATT","surface",,,,"doubleml",,,,,,,,2.06723831631275,1.63806550569894,522,0.353111353905323,0.419540229885057,2.49119309303859,0.363984674329502,2.09067560621363,
"staggered","D_ramp_nt10",3,200,72,"GATT","g=4_t=4",4,4,0,"doubleml",2.66709561867158,0.707044919725952,1.28131302962583,1.50410995428067,3.83008128306249,4.05287820771734,8.09160543464087e-05,,,,,,,,,2.72106972651761
"staggered","D_ramp_nt10",3,200,72,"GATT","g=4_t=5",4,5,1,"doubleml",4.1157147463865,1.40764824938592,1.35677485292708,1.80033889279107,6.43109059998193,6.87465463984593,0.00172880481379586,,,,,,,,,3.80949761712465
"staggered","D_ramp_nt10",3,200,72,"GATT","g=4_t=6",4,6,2,"doubleml",4.80405207964726,0.571380411604258,3.68416704259773,3.86421472409835,5.74388943519617,5.92393711669679,2.08886820513194e-17,,,,,,,,,4.89792550773169
"staggered","D_ramp_nt10",3,200,72,"GATT","g=4_t=7",4,7,3,"doubleml",6.13122988203967,0.708741801906906,4.742121465007,4.96545309420588,7.29700666987345,7.52033829907234,2.55551937137996e-18,,,,,,,,,5.98635339833874
"staggered","D_ramp_nt10",3,200,72,"GATT","g=5_t=5",5,5,0,"doubleml",3.83281373864495,0.563701847304038,2.72797841119554,2.90560650029951,4.76002097699039,4.93764906609436,5.25412043297782e-12,,,,,,,,,4.0259374090825
"staggered","D_ramp_nt10",3,200,72,"GATT","g=5_t=6",5,6,1,"doubleml",5.83297678043551,0.546945754098675,4.76098279244925,4.93333086902329,6.73262269184773,6.90497076842176,7.4491504177816e-27,,,,,,,,,5.6363123727155
"staggered","D_ramp_nt10",3,200,72,"GATT","g=5_t=7",5,7,2,"doubleml",7.58786315304566,0.642221578844931,6.32913197848644,6.53150242019626,8.64422388589506,8.84659432760489,1.63228487485308e-32,,,,,,,,,7.2466873363485
"staggered","D_ramp_nt10",3,200,72,"GATT","g=6_t=6",6,6,0,"doubleml",6.14723120189535,0.79031168070088,4.59824875894213,4.84728387264778,7.44717853114291,7.69621364484857,3.67712302502227e-15,,,,,,,,,5.36325836108061
"staggered","D_ramp_nt10",3,200,72,"GATT","g=6_t=7",6,7,1,"doubleml",7.37066555644757,1.01781032353405,5.37579396349249,5.6965161745413,9.04481493835384,9.36553714940266,2.21565968051543e-13,,,,,,,,,7.50856170551286
"staggered","D_ramp_nt10",3,200,72,"CATT","surface",,,,"doubleml",,,,,,,,2.03124878009424,1.55760505750596,526,0.360102505932338,0.560836501901141,3.01589676615238,0.5,2.53102090619665,
"staggered","D_ramp_nt10",3,200,73,"GATT","g=4_t=4",4,4,0,"doubleml",2.91590133841248,0.376566029675822,2.17784547662494,2.29650519823609,3.53529747858888,3.65395720020002,4.83965168706337e-15,,,,,,,,,2.70996583905339
"staggered","D_ramp_nt10",3,200,73,"GATT","g=4_t=5",4,5,1,"doubleml",2.67510417790346,0.799230977521634,1.10864023427625,1.36048590760309,3.98972244820383,4.24156812153067,0.00040831209776537,,,,,,,,,3.79395217467474
"staggered","D_ramp_nt10",3,200,73,"GATT","g=4_t=6",4,6,2,"doubleml",5.53725679414075,0.678483092275127,4.20745435867282,4.42125116587964,6.65326242240186,6.86705922960868,1.65814538606534e-16,,,,,,,,,4.8779385102961
"staggered","D_ramp_nt10",3,200,73,"GATT","g=4_t=7",4,7,3,"doubleml",5.39218815965931,0.580725448217889,4.25398718726838,4.43697958325632,6.3473967360623,6.53038913205024,8.06546176100406e-21,,,,,,,,,5.96192484591746
"staggered","D_ramp_nt10",3,200,73,"GATT","g=5_t=5",5,5,0,"doubleml",3.5264666854207,0.823438022684929,1.91255780472706,2.17203136005531,4.8809020107861,5.14037556611435,9.23554829768222e-06,,,,,,,,,3.88591074548202
"staggered","D_ramp_nt10",3,200,73,"GATT","g=5_t=6",5,6,1,"doubleml",5.45587551493894,0.49365847615933,4.48832267337179,4.64387939579436,6.26787163408352,6.42342835650608,1.07284255871002e-28,,,,,,,,,5.44027504367483
"staggered","D_ramp_nt10",3,200,73,"GATT","g=5_t=7",5,7,2,"doubleml",6.33298797749951,0.685941050497109,4.98856821240299,5.20471509682514,7.46126085817388,7.67740774259603,1.32126877424635e-20,,,,,,,,,6.99463934186764
"staggered","D_ramp_nt10",3,200,73,"GATT","g=6_t=6",6,6,0,"doubleml",6.21278193558874,0.523259672752155,5.18721181434274,5.35209616982367,7.07346770135382,7.23835205683475,8.15252449187223e-33,,,,,,,,,5.56861659703929
"staggered","D_ramp_nt10",3,200,73,"GATT","g=6_t=7",6,7,1,"doubleml",8.5640246023231,0.70256471000809,7.18702306303681,7.40840822880746,9.71964097583875,9.9410261416094,1.76446351472141e-34,,,,,,,,,7.796063235855
"staggered","D_ramp_nt10",3,200,73,"CATT","surface",,,,"doubleml",,,,,,,,2.21501693844644,1.67119197929283,528,0.367009239268971,0.458333333333333,2.44821086069205,0.384469696969697,2.0546037718309,
"staggered","D_ramp_nt10",3,200,74,"GATT","g=4_t=4",4,4,0,"doubleml",3.14802566813601,0.414662532665952,2.33530203196192,2.46596634263028,3.83008499364173,3.9607493043101,1.57773314032591e-14,,,,,,,,,2.99327639682964
"staggered","D_ramp_nt10",3,200,74,"GATT","g=4_t=5",4,5,1,"doubleml",4.66344894727304,0.509878609069829,3.6641052291261,3.82477307763009,5.50212481691598,5.66279266541998,2.9487219983349e-20,,,,,,,,,4.1905869555615
"staggered","D_ramp_nt10",3,200,74,"GATT","g=4_t=6",4,6,2,"doubleml",5.1628058491152,0.749511566446758,3.69379016129594,3.92996875099898,6.39564294723141,6.63182153693445,2.8245998281772e-12,,,,,,,,,5.38789751429336
"staggered","D_ramp_nt10",3,200,74,"GATT","g=4_t=7",4,7,3,"doubleml",6.77337417946279,0.841323594663539,5.12441022157166,5.38951969948609,8.15722865943949,8.42233813735392,4.11088509079807e-16,,,,,,,,,6.58520807302522
"staggered","D_ramp_nt10",3,200,74,"GATT","g=5_t=5",5,5,0,"doubleml",5.65041597483989,1.93668275163537,1.85458750221362,2.46485560408144,8.83597634559834,9.44624444746616,0.0017638275236321,,,,,,,,,4.27789259827895
"staggered","D_ramp_nt10",3,200,74,"GATT","g=5_t=6",5,6,1,"doubleml",6.23909948664606,0.784745580606846,4.70102639949754,4.94830757940257,7.52989139388955,7.77717257379458,9.28994720969377e-16,,,,,,,,,5.98904963759052
"staggered","D_ramp_nt10",3,200,74,"GATT","g=5_t=7",5,7,2,"doubleml",7.56914390262149,0.890980217094065,5.82285475240494,6.10361152861345,9.03467627662953,9.31543305283804,9.87114824744175e-18,,,,,,,,,7.7002066769021
"staggered","D_ramp_nt10",3,200,74,"GATT","g=6_t=6",6,6,0,"doubleml",5.26487373199623,0.602297450684678,4.08439241136249,4.27418236104774,6.25556510294473,6.44535505262998,1.15202922079023e-18,,,,,,,,,5.59090484869409
"staggered","D_ramp_nt10",3,200,74,"GATT","g=6_t=7",6,7,1,"doubleml",7.02291090635792,0.909591599174989,5.24014411727252,5.52676552608855,8.5190562866273,8.80567769544333,5.77330972487584e-15,,,,,,,,,7.82726678817172
"staggered","D_ramp_nt10",3,200,74,"CATT","surface",,,,"doubleml",,,,,,,,2.16987403245835,1.69646763448375,530,0.390669893365399,0.533962264150943,3.20854557979601,0.462264150943396,2.69269692255051,
"staggered","D_ramp_nt10",3,200,75,"GATT","g=4_t=4",4,4,0,"doubleml",3.68009006406633,1.3947287379823,0.94647194785559,1.38596492048119,5.97421520765148,6.41370818027708,0.00416281970411615,,,,,,,,,2.66290055514941
"staggered","D_ramp_nt10",3,200,75,"GATT","g=4_t=5",4,5,1,"doubleml",3.89171156483465,0.655954494737832,2.60606436951031,2.81276219034715,4.97066093932215,5.17735876015899,1.48816256162048e-09,,,,,,,,,3.72806077720917
"staggered","D_ramp_nt10",3,200,75,"GATT","g=4_t=6",4,6,2,"doubleml",4.79728172947653,0.660399115529791,3.5029232374063,3.71102160270089,5.88354185625217,6.09164022154676,1.87604212769196e-13,,,,,,,,,4.79322099926893
"staggered","D_ramp_nt10",3,200,75,"GATT","g=4_t=7",4,7,3,"doubleml",5.64570100203735,0.918307603522363,3.84585115820725,4.13521906715318,7.15618293692153,7.44555084586746,3.924759979465e-10,,,,,,,,,5.8583812213287
"staggered","D_ramp_nt10",3,200,75,"GATT","g=5_t=5",5,5,0,"doubleml",5.35044015697934,2.12310691997167,1.18922702568398,1.85823924723626,8.84264106672243,9.5116532882747,0.00586608741244639,,,,,,,,,4.23559289672636
"staggered","D_ramp_nt10",3,200,75,"GATT","g=5_t=6",5,6,1,"doubleml",6.80417229896702,0.865911816108358,5.10701631222002,5.37987378459392,8.22847081334012,8.50132828571402,1.9545063391618e-15,,,,,,,,,5.9298300554169
"staggered","D_ramp_nt10",3,200,75,"GATT","g=5_t=7",5,7,2,"doubleml",7.31079706492141,1.63405491779569,4.10810825201889,4.62301529716549,9.99857883267733,10.5134858778239,3.83809838573494e-06,,,,,,,,,7.62406721410744
"staggered","D_ramp_nt10",3,200,75,"GATT","g=6_t=6",6,6,0,"doubleml",5.69621792348153,1.02678825371834,3.68374991057072,4.00730115719991,7.38513468976316,7.70868593639235,1.44802787344145e-08,,,,,,,,,5.43975380020062
"staggered","D_ramp_nt10",3,200,75,"GATT","g=6_t=7",6,7,1,"doubleml",7.70843615150092,0.858074339017306,6.0266413377032,6.29702914267095,9.11984316033089,9.39023096529863,1.31247539162027e-19,,,,,,,,,7.61565532028087
"staggered","D_ramp_nt10",3,200,75,"CATT","surface",,,,"doubleml",,,,,,,,2.11203932966995,1.70979869581179,540,0.429284048803284,0.624074074074074,4.41121280104224,0.588888888888889,3.70200729230002,
"staggered","D_ramp_nt10",3,200,76,"GATT","g=4_t=4",4,4,0,"doubleml",2.72413180775479,0.433241389701043,1.87499428063078,2.01151297493947,3.43675064057011,3.57326933487881,1.61006322912017e-10,,,,,,,,,2.66633933797325
"staggered","D_ramp_nt10",3,200,76,"GATT","g=4_t=5",4,5,1,"doubleml",3.24192183412483,0.366949499224521,2.52271402582674,2.63834348252738,3.84550018572228,3.96112964242292,5.01431535767448e-19,,,,,,,,,3.73287507316255
"staggered","D_ramp_nt10",3,200,76,"GATT","g=4_t=6",4,6,2,"doubleml",4.58640344233342,0.5118117970632,3.58327074531424,3.74454776068682,5.42825912398001,5.5895361393526,1.60708463862682e-19,,,,,,,,,4.79941080835185
"staggered","D_ramp_nt10",3,200,76,"GATT","g=4_t=7",4,7,3,"doubleml",5.41808058133109,0.499623485640094,4.43883653592199,4.59627289248204,6.23988827018014,6.39732462674019,1.06095586594662e-27,,,,,,,,,5.86594654354116
"staggered","D_ramp_nt10",3,200,76,"GATT","g=5_t=5",5,5,0,"doubleml",2.2138646465909,0.682248383378787,0.876682376110281,1.09166566419677,3.33606362898503,3.55104691707152,0.000587347911030352,,,,,,,,,3.80181674210509
"staggered","D_ramp_nt10",3,200,76,"GATT","g=5_t=6",5,6,1,"doubleml",4.96971913378156,0.744562748790004,3.51040295041211,3.74502211818333,6.1944161493798,6.42903531715102,1.23884914413163e-11,,,,,,,,,5.32254343894713
"staggered","D_ramp_nt10",3,200,76,"GATT","g=5_t=7",5,7,2,"doubleml",6.47778983678394,0.61526128473716,5.27189986810535,5.46577485153888,7.48980482202899,7.68367980546252,3.19155661339432e-26,,,,,,,,,6.84327013578916
"staggered","D_ramp_nt10",3,200,76,"GATT","g=6_t=6",6,6,0,"doubleml",6.16048620093464,0.401538921604003,5.37348436999197,5.50001329957861,6.82095910229067,6.94748803187731,1.99745196673162e-53,,,,,,,,,5.5800556964501
"staggered","D_ramp_nt10",3,200,76,"GATT","g=6_t=7",6,7,1,"doubleml",8.14809278559209,0.616429236229282,6.9399136740352,7.13415669066341,9.16202888052077,9.35627189714898,3.44406258385263e-40,,,,,,,,,7.81207797503014
"staggered","D_ramp_nt10",3,200,76,"CATT","surface",,,,"doubleml",,,,,,,,1.97113907183298,1.59370398461706,522,0.348282249619622,0.306513409961686,2.09457837931724,0.256704980842912,1.75782597309618,
"staggered","D_ramp_nt10",3,200,77,"GATT","g=4_t=4",4,4,0,"doubleml",2.46122517462974,0.397271304651173,1.68258771928041,1.80777188008904,3.11467846917044,3.23986262997907,2.90822898412534e-10,,,,,,,,,2.82345530647397
"staggered","D_ramp_nt10",3,200,77,"GATT","g=4_t=5",4,5,1,"doubleml",3.37914927129909,0.902418605041881,1.61044129248678,1.89480241912153,4.86349612347665,5.14785725011139,9.03596169703639e-05,,,,,,,,,3.95283742906356
"staggered","D_ramp_nt10",3,200,77,"GATT","g=4_t=6",4,6,2,"doubleml",4.48916342683308,0.76994237657163,2.98010408667825,3.22272062895973,5.75560622470644,5.99822276698792,2.76276724936723e-09,,,,,,,,,5.08221955165314
"staggered","D_ramp_nt10",3,200,77,"GATT","g=4_t=7",4,7,3,"doubleml",6.29108714362246,0.717919795344607,4.88399018985966,5.1102138965707,7.47196039067422,7.69818409738526,9.51125744963204e-19,,,,,,,,,6.21160167424273
"staggered","D_ramp_nt10",3,200,77,"GATT","g=5_t=5",5,5,0,"doubleml",4.8180105797276,0.546172777167335,3.7475315986996,3.9196361025128,5.7163850569424,5.88848956075559,5.65168333439174e-19,,,,,,,,,4.08027575536781
"staggered","D_ramp_nt10",3,200,77,"GATT","g=5_t=6",5,6,1,"doubleml",8.29606445362864,1.95675545269525,4.46089420954224,5.07748742024104,11.5146414870162,12.131234697715,1.11907222032053e-05,,,,,,,,,5.71238605751493
"staggered","D_ramp_nt10",3,200,77,"GATT","g=5_t=7",5,7,2,"doubleml",8.27146029542175,0.783159610887534,6.73649565182818,6.98327707681495,9.55964351402856,9.80642493901533,2.24344268355681e-26,,,,,,,,,7.34449635966205
"staggered","D_ramp_nt10",3,200,77,"GATT","g=6_t=6",6,6,0,"doubleml",5.43213286849221,1.03224985056661,3.40896032237627,3.73423257278831,7.1300331641961,7.45530541460815,7.10855375401085e-08,,,,,,,,,5.5169024603469
"staggered","D_ramp_nt10",3,200,77,"GATT","g=6_t=7",6,7,1,"doubleml",7.65370153429087,1.05186244326603,5.5920890125374,5.92354138703496,9.38386168154678,9.71531405604434,1.71507982535502e-13,,,,,,,,,7.72366344448566
"staggered","D_ramp_nt10",3,200,77,"CATT","surface",,,,"doubleml",,,,,,,,2.18060301006294,1.74644421972155,530,0.392147532509166,0.545283018867925,3.53596036580615,0.481132075471698,2.96747213292576,
"staggered","D_ramp_nt10",3,200,78,"GATT","g=4_t=4",4,4,0,"doubleml",3.41446723638713,0.750067475033517,1.94436198775054,2.18071574980835,4.64821872296591,4.88457248502372,2.65422202589092e-06,,,,,,,,,2.8969236239321
"staggered","D_ramp_nt10",3,200,78,"GATT","g=4_t=5",4,5,1,"doubleml",4.34597215909633,0.430637863183826,3.50193745021911,3.63763574728696,5.0543085709057,5.19000686797356,2.99856985224122e-24,,,,,,,,,4.05569307350493
"staggered","D_ramp_nt10",3,200,78,"GATT","g=4_t=6",4,6,2,"doubleml",4.74258390832021,0.832699201698556,3.1105234501623,3.37291529560953,6.11225252103089,6.37464436647812,6.15289977659317e-09,,,,,,,,,5.21446252307777
"staggered","D_ramp_nt10",3,200,78,"GATT","g=4_t=7",4,7,3,"doubleml",6.75459459976976,0.867657862845924,5.05401642427481,5.32742409343619,8.18176510610333,8.45517277526471,3.48953468266927e-15,,,,,,,,,6.37323197265061
"staggered","D_ramp_nt10",3,200,78,"GATT","g=5_t=5",5,5,0,"doubleml",4.80464789960382,1.23917857904604,2.37590249510242,2.76638005714562,6.84291574206202,7.23339330410522,5.28144076999485e-05,,,,,,,,,4.35284636342003
"staggered","D_ramp_nt10",3,200,78,"GATT","g=5_t=6",5,6,1,"doubleml",5.83168099095206,0.803895404835485,4.25607493770908,4.50939041872679,7.15397156317733,7.40728704419504,2.01904545130902e-13,,,,,,,,,6.09398490878803
"staggered","D_ramp_nt10",3,200,78,"GATT","g=5_t=7",5,7,2,"doubleml",8.19434176207182,1.4106420981441,5.42953403282492,5.87404146437111,10.5146420597725,10.9591494913187,3.14339480115975e-09,,,,,,,,,7.83512345415605
"staggered","D_ramp_nt10",3,200,78,"GATT","g=6_t=6",6,6,0,"doubleml",6.08216512045916,0.465473209666003,5.16985438654934,5.3165296496472,6.84780059127112,6.99447585436898,2.55401266129277e-39,,,,,,,,,5.75273138108166
"staggered","D_ramp_nt10",3,200,78,"GATT","g=6_t=7",6,7,1,"doubleml",7.73959002844999,0.8101306249653,6.1517631682205,6.40704342945331,9.07213662744666,9.32741688867948,6.26882302071888e-22,,,,,,,,,8.05382393351433
"staggered","D_ramp_nt10",3,200,78,"CATT","surface",,,,"doubleml",,,,,,,,2.31529318715403,1.76334392941021,522,0.407980103296772,0.492337164750958,3.28080106292932,0.446360153256705,2.75333564879944,
"staggered","D_ramp_nt10",3,200,79,"GATT","g=4_t=4",4,4,0,"doubleml",2.31891930526575,0.438856219527751,1.45877691381526,1.59706489715065,3.04077371338085,3.17906169671624,6.31942333982274e-08,,,,,,,,,2.69421600038005
"staggered","D_ramp_nt10",3,200,79,"GATT","g=4_t=5",4,5,1,"doubleml",4.194134731874,0.644183397049242,2.93155846425978,3.13454709450397,5.25372236924404,5.45671099948822,3.73814214911758e-11,,,,,,,,,3.77190240053207
"staggered","D_ramp_nt10",3,200,79,"GATT","g=4_t=6",4,6,2,"doubleml",4.87430117861222,0.526538822095103,3.84230404270341,4.0082216909338,5.74038066629064,5.90629831452102,1.04883147287793e-20,,,,,,,,,4.84958880068409
"staggered","D_ramp_nt10",3,200,79,"GATT","g=4_t=7",4,7,3,"doubleml",6.65619330025181,1.0832775181333,4.53300836270119,4.87435994144018,8.43802665906344,8.77937823780243,4.01091569456877e-10,,,,,,,,,5.92727520083611
"staggered","D_ramp_nt10",3,200,79,"GATT","g=5_t=5",5,5,0,"doubleml",5.18331986231517,0.727111669524072,3.75820716606809,3.98732732425183,6.37931240037852,6.60843255856225,5.06814511480939e-13,,,,,,,,,4.24455113559361
"staggered","D_ramp_nt10",3,200,79,"GATT","g=5_t=6",5,6,1,"doubleml",6.78208278783426,0.818571521143511,5.17771207496774,5.43565214699527,8.12851342867325,8.38645350070078,5.89227014343725e-17,,,,,,,,,5.94237158983106
"staggered","D_ramp_nt10",3,200,79,"GATT","g=5_t=7",5,7,2,"doubleml",8.78339991818432,1.54373514661559,5.75773460528303,6.24418098733307,11.3226188490356,11.8090652310856,6.36289508349211e-09,,,,,,,,,7.6401920440685
"staggered","D_ramp_nt10",3,200,79,"GATT","g=6_t=6",6,6,0,"doubleml",6.0752571732176,0.659739284261789,4.78219192667872,4.99008237254246,7.16043197389274,7.36832241975647,1.65244986037487e-20,,,,,,,,,5.39744327802627
"staggered","D_ramp_nt10",3,200,79,"GATT","g=6_t=7",6,7,1,"doubleml",7.67208372110143,0.728154313829842,6.24492747955024,6.47437618538116,8.8697912568217,9.09923996265263,2.93693448240391e-26,,,,,,,,,7.55642058923677
"staggered","D_ramp_nt10",3,200,79,"CATT","surface",,,,"doubleml",,,,,,,,2.22396156322497,1.6684827507925,509,0.396362233136738,0.520628683693517,3.16098436218127,0.465618860510805,2.65278228175176,
"staggered","D_ramp_nt10",3,200,80,"GATT","g=4_t=4",4,4,0,"doubleml",2.43061293282591,0.406126343878014,1.63461991937338,1.76259439159278,3.09863147405903,3.22660594627844,1.08282098493806e-09,,,,,,,,,2.68048163587202
"staggered","D_ramp_nt10",3,200,80,"GATT","g=4_t=5",4,5,1,"doubleml",3.4278898706962,0.443411870296594,2.55881856774221,2.69854208219137,4.15723765920104,4.2969611736502,5.34729803229599e-15,,,,,,,,,3.75267429022082
"staggered","D_ramp_nt10",3,200,80,"GATT","g=4_t=6",4,6,2,"doubleml",4.67271488423662,0.494426543438955,3.70365665845183,3.85945540655488,5.48597436191836,5.64177311002141,1.68162756783149e-21,,,,,,,,,4.82486694456963
"staggered","D_ramp_nt10",3,200,80,"GATT","g=4_t=7",4,7,3,"doubleml",5.92905816988522,0.522697817612309,4.90458926448653,5.06929657379435,6.7888197659761,6.95352707528391,4.00861174819555e-30,,,,,,,,,5.89705959891844
"staggered","D_ramp_nt10",3,200,80,"GATT","g=5_t=5",5,5,0,"doubleml",3.97801985499205,0.535277129257433,2.92889595162413,3.09756712782444,4.85847258215965,5.02714375835996,5.36047544629521e-14,,,,,,,,,4.07366930775988
"staggered","D_ramp_nt10",3,200,80,"GATT","g=5_t=6",5,6,1,"doubleml",6.13450889430728,0.52622544588932,5.10312596448027,5.26894486473445,7.00007292388011,7.1658918241343,1.04976964874832e-31,,,,,,,,,5.70313703086384
"staggered","D_ramp_nt10",3,200,80,"GATT","g=5_t=7",5,7,2,"doubleml",7.71401518159934,0.748683698232042,6.24662208567768,6.48253980582757,8.94549055737111,9.18140827752101,3.39939893348711e-25,,,,,,,,,7.33260475396779
"staggered","D_ramp_nt10",3,200,80,"GATT","g=6_t=6",6,6,0,"doubleml",4.65472219076007,0.869274480935973,2.95097550200688,3.22489258369461,6.08455179782553,6.35846887951327,4.28443002374949e-08,,,,,,,,,5.4025776339818
"staggered","D_ramp_nt10",3,200,80,"GATT","g=6_t=7",6,7,1,"doubleml",7.23125902082156,0.556775660883972,6.13999876941277,6.31544434791391,8.1470736937292,8.32251927223035,7.18001157052724e-39,,,,,,,,,7.56360868757453
"staggered","D_ramp_nt10",3,200,80,"CATT","surface",,,,"doubleml",,,,,,,,2.04816162262079,1.63076558721921,534,0.363600656406876,0.365168539325843,2.18720601678646,0.280898876404494,1.8355615539547,
"staggered","D_ramp_nt10",3,200,81,"GATT","g=4_t=4",4,4,0,"doubleml",2.60671954168076,0.578546902113286,1.4727884412272,1.65509435555212,3.55834472780941,3.74065064213433,3.30878146877376e-06,,,,,,,,,2.63641347324051
"staggered","D_ramp_nt10",3,200,81,"GATT","g=4_t=5",4,5,1,"doubleml",3.47946104155033,0.453406710040257,2.59080021251299,2.73367320091378,4.22524888218689,4.36812187058768,8.3331305031443e-15,,,,,,,,,3.69097886253671
"staggered","D_ramp_nt10",3,200,81,"GATT","g=4_t=6",4,6,2,"doubleml",4.97708422379227,0.525972672868851,3.94619671998554,4.11193596893325,5.84223247865129,6.00797172759899,1.50148260229151e-21,,,,,,,,,4.74554425183291
"staggered","D_ramp_nt10",3,200,81,"GATT","g=4_t=7",4,7,3,"doubleml",5.72109848401542,0.502888408208437,4.73545530790957,4.89392047422014,6.5482764938107,6.70674166012126,2.73838304132623e-30,,,,,,,,,5.80010964112912
"staggered","D_ramp_nt10",3,200,81,"GATT","g=5_t=5",5,5,0,"doubleml",3.67631418888131,0.952808188448448,1.80884444061714,2.10908382887913,5.2435445488835,5.54378393714549,5.70661006445954e-05,,,,,,,,,4.35878711904893
"staggered","D_ramp_nt10",3,200,81,"GATT","g=5_t=6",5,6,1,"doubleml",5.9808167904672,0.640138382775285,4.72616860520942,4.92788261100574,7.03375096992866,7.23546497572498,4.68185467246303e-21,,,,,,,,,6.10230196666851
"staggered","D_ramp_nt10",3,200,81,"GATT","g=5_t=7",5,7,2,"doubleml",7.78131877532843,0.773851503332003,6.26459768745182,6.50844603466677,9.05419151599009,9.29803986320503,4.3522367248976e-24,,,,,,,,,7.84581681428808
"staggered","D_ramp_nt10",3,200,81,"GATT","g=6_t=6",6,6,0,"doubleml",5.45428788256636,0.555429403253317,4.36566624764838,4.54068760690753,6.36788815822519,6.54290951748435,4.61955753065922e-23,,,,,,,,,5.71992727922789
"staggered","D_ramp_nt10",3,200,81,"GATT","g=6_t=7",6,7,1,"doubleml",7.96598024380065,0.59540822948576,6.79900154870482,6.98662063589808,8.94533985170322,9.13295893889648,4.00974157925437e-41,,,,,,,,,8.00789819091904
"staggered","D_ramp_nt10",3,200,81,"CATT","surface",,,,"doubleml",,,,,,,,2.35311038207762,1.65146080818573,514,0.349784371029611,0.507782101167315,2.35723823982534,0.410505836575875,1.97825712499294,
"staggered","D_ramp_nt10",3,200,82,"GATT","g=4_t=4",4,4,0,"doubleml",2.78966727381196,0.341906428670129,2.11954298224994,2.22728111698818,3.35205343063574,3.45979156537398,1.68689352762896e-16,,,,,,,,,2.55681371732961
"staggered","D_ramp_nt10",3,200,82,"GATT","g=4_t=5",4,5,1,"doubleml",4.12165902357136,0.629925887635897,2.88702696113696,3.08552290758991,5.15779513955282,5.35629108600577,3.01311505015819e-11,,,,,,,,,3.57953920426146
"staggered","D_ramp_nt10",3,200,82,"GATT","g=4_t=6",4,6,2,"doubleml",4.59713402401289,0.49781508449845,3.62143437973897,3.77830089101528,5.4159671570105,5.57283366828681,1.29600049946121e-20,,,,,,,,,4.6022646911933
"staggered","D_ramp_nt10",3,200,82,"GATT","g=4_t=7",4,7,3,"doubleml",7.09337727513101,0.941567678925515,5.24793852087345,5.54463591217967,8.64211863808236,8.93881602938858,2.46835018437947e-14,,,,,,,,,5.62499017812515
"staggered","D_ramp_nt10",3,200,82,"GATT","g=5_t=5",5,5,0,"doubleml",3.87810330113086,0.452421951088488,2.99137256418767,3.13393524519516,4.62227135706657,4.76483403807406,5.09078700123601e-18,,,,,,,,,4.01490526905679
"staggered","D_ramp_nt10",3,200,82,"GATT","g=5_t=6",5,6,1,"doubleml",6.336161110245,0.461205188480688,5.43221554420964,5.57754591115179,7.09477630933822,7.24010667628037,2.99451636607549e-43,,,,,,,,,5.62086737667951
"staggered","D_ramp_nt10",3,200,82,"GATT","g=5_t=7",5,7,2,"doubleml",7.75009000359736,0.787678752444829,6.20626800524058,6.45447345692347,9.04570655027125,9.29391200195414,3.81762962597665e-23,,,,,,,,,7.22682948430223
"staggered","D_ramp_nt10",3,200,82,"GATT","g=6_t=6",6,6,0,"doubleml",5.40715373293267,0.561584479743112,4.30646836967744,4.48342925508929,6.33087821077604,6.5078390961879,3.03366528062869e-22,,,,,,,,,5.61420965701223
"staggered","D_ramp_nt10",3,200,82,"GATT","g=6_t=7",6,7,1,"doubleml",7.11857943164827,0.787943473144292,5.57423859025049,5.82252745807298,8.41463140522355,8.66292027304604,8.24686289394416e-20,,,,,,,,,7.85989351981713
"staggered","D_ramp_nt10",3,200,82,"CATT","surface",,,,"doubleml",,,,,,,,2.3685396826428,1.79486182437749,505,0.429178499999488,0.348514851485148,2.3847958690669,0.308910891089109,2.00138422155619,
"staggered","D_ramp_nt10",3,200,83,"GATT","g=4_t=4",4,4,0,"doubleml",3.35081494662601,0.656314298326456,2.06446254922089,2.27127374776654,4.43035614548547,4.63716734403112,1.64957441602661e-07,,,,,,,,,2.55569727767686
"staggered","D_ramp_nt10",3,200,83,"GATT","g=4_t=5",4,5,1,"doubleml",4.20020046357611,0.977400135729296,2.28453138395158,2.59251994072124,5.80788098643099,6.11586954320065,8.64380446014916e-06,,,,,,,,,3.5779761887476
"staggered","D_ramp_nt10",3,200,83,"GATT","g=4_t=6",4,6,2,"doubleml",4.73832481766191,0.711542459081746,3.34372721339022,3.56794135767147,5.90870827765236,6.13292242193361,1.37633036018078e-11,,,,,,,,,4.60025509981834
"staggered","D_ramp_nt10",3,200,83,"GATT","g=4_t=7",4,7,3,"doubleml",6.16883398332787,0.677724325240313,4.84051870393256,5.05407641605904,7.2835915505967,7.49714926272317,4.42290790322411e-20,,,,,,,,,5.62253401088909
"staggered","D_ramp_nt10",3,200,83,"GATT","g=5_t=5",5,5,0,"doubleml",3.31783284324393,0.473372993696424,2.39003881702672,2.5392033810704,4.09646230541747,4.24562686946115,1.20083447018413e-12,,,,,,,,,3.69858426632258
"staggered","D_ramp_nt10",3,200,83,"GATT","g=5_t=6",5,6,1,"doubleml",4.06785023260266,0.574706095852209,2.94144697415178,3.12254261201577,5.01315785318955,5.19425349105354,7.30510198074356e-13,,,,,,,,,5.17801797285161
"staggered","D_ramp_nt10",3,200,83,"GATT","g=5_t=7",5,7,2,"doubleml",6.09958587168277,0.582604518594011,4.95770198900118,5.14128649885534,7.0578852445102,7.24146975436436,5.96271530264809e-26,,,,,,,,,6.65745167938064
"staggered","D_ramp_nt10",3,200,83,"GATT","g=6_t=6",6,6,0,"doubleml",5.11508862500297,0.586610699637747,3.96535277169817,4.15019966926102,6.07997758074492,6.26482447830777,1.39429397938406e-18,,,,,,,,,5.95115584118048
"staggered","D_ramp_nt10",3,200,83,"GATT","g=6_t=7",6,7,1,"doubleml",7.45608897414534,1.23302028567255,5.03941360295742,5.42795062517569,9.48422732311498,9.87276434533326,7.3778196256283e-10,,,,,,,,,8.33161817765267
"staggered","D_ramp_nt10",3,200,83,"CATT","surface",,,,"doubleml",,,,,,,,2.21981285698317,1.70255071668683,512,0.371837363180537,0.458984375,2.76585054179461,0.369140625,2.32117545377008,
"staggered","D_ramp_nt10",3,200,84,"GATT","g=4_t=4",4,4,0,"doubleml",2.80340895177632,0.6941304965761,1.44293816718504,1.66166562796114,3.9451522755915,4.1638797363676,2.68701477580423e-05,,,,,,,,,2.68443493123965
"staggered","D_ramp_nt10",3,200,84,"GATT","g=4_t=5",4,5,1,"doubleml",3.27390331696257,0.754036975571587,1.79601799017338,2.03362258154574,4.5141840523794,4.75178864375176,7.0649163604096e-06,,,,,,,,,3.75820890373551
"staggered","D_ramp_nt10",3,200,84,"GATT","g=4_t=6",4,6,2,"doubleml",5.32722691315783,1.6274479957686,2.13748742957922,2.65031256752586,8.00414125878979,8.51696639673643,0.000531380796983302,,,,,,,,,4.83198287623137
"staggered","D_ramp_nt10",3,200,84,"GATT","g=4_t=7",4,7,3,"doubleml",5.89685287033333,0.536850634414217,4.84464495350431,5.01381195691457,6.7798937837521,6.94906078716236,2.27729720405636e-28,,,,,,,,,5.90575684872723
"staggered","D_ramp_nt10",3,200,84,"GATT","g=5_t=5",5,5,0,"doubleml",3.61992795983374,0.576312432720589,2.49037633894896,2.67197814962354,4.56787777004393,4.74947958071851,1.67995474004758e-10,,,,,,,,,4.24622053043741
"staggered","D_ramp_nt10",3,200,84,"GATT","g=5_t=6",5,6,1,"doubleml",6.51308928312025,0.760530617184582,5.02247665254068,5.26212745532172,7.76405111091877,8.00370191369981,5.45679885296893e-18,,,,,,,,,5.94470874261237
"staggered","D_ramp_nt10",3,200,84,"GATT","g=5_t=7",5,7,2,"doubleml",8.15195147777096,0.817334040137481,6.55000618312695,6.80755631251467,9.49634664302726,9.75389677241498,9.92122358525537e-24,,,,,,,,,7.64319695478734
"staggered","D_ramp_nt10",3,200,84,"GATT","g=6_t=6",6,6,0,"doubleml",6.64234821167935,0.587609357675211,5.49065502457281,5.67581660926985,7.60887981408885,7.79404139878589,6.26725173663783e-30,,,,,,,,,5.62435427083785
"staggered","D_ramp_nt10",3,200,84,"GATT","g=6_t=7",6,7,1,"doubleml",7.77263753082949,0.62483573328038,6.54798198768635,6.74487397560033,8.80040108605866,8.99729307397264,7.9760102208459e-36,,,,,,,,,7.87409597917299
"staggered","D_ramp_nt10",3,200,84,"CATT","surface",,,,"doubleml",,,,,,,,2.21166975894884,1.66099665096239,541,0.378523440520685,0.600739371534196,3.09032023995958,0.510166358595194,2.5934790679719,
"staggered","D_ramp_nt10",3,200,85,"GATT","g=4_t=4",4,4,0,"doubleml",2.71966864516809,0.717101736844913,1.31417505661459,1.54014098491179,3.8991963054244,4.1251622337216,7.45438674791896e-05,,,,,,,,,2.94366762283573
"staggered","D_ramp_nt10",3,200,85,"GATT","g=4_t=5",4,5,1,"doubleml",3.55096340597459,0.592806022970478,2.38908494196928,2.5758840478675,4.52604276408167,4.7128418699799,1.04860323937072e-09,,,,,,,,,4.12113467197002
"staggered","D_ramp_nt10",3,200,85,"GATT","g=4_t=6",4,6,2,"doubleml",5.04366060814673,0.712394748744682,3.64739254681811,3.87187525609504,6.21544596019841,6.43992866947535,7.21460475746048e-13,,,,,,,,,5.29860172110431
"staggered","D_ramp_nt10",3,200,85,"GATT","g=4_t=7",4,7,3,"doubleml",6.06967312699275,0.582607819887379,4.927782773895,5.11136832401971,7.02797792996578,7.21156348009049,1.0249162903026e-25,,,,,,,,,6.4760687702386
"staggered","D_ramp_nt10",3,200,85,"GATT","g=5_t=5",5,5,0,"doubleml",3.7508485387141,0.693989255002382,2.39065458252261,2.60933753666641,4.89235954076179,5.11104249490559,3.24467857001493e-08,,,,,,,,,3.94901384451622
"staggered","D_ramp_nt10",3,200,85,"GATT","g=5_t=6",5,6,1,"doubleml",6.26115868540597,1.08271296761546,4.13908024654651,4.48025392977182,8.04206344104012,8.38323712426543,3.67243877932186e-09,,,,,,,,,5.5286193823227
"staggered","D_ramp_nt10",3,200,85,"GATT","g=5_t=7",5,7,2,"doubleml",7.77456437530139,0.814605184877057,6.17796753872902,6.43465777853563,9.11447097206716,9.37116121187377,6.87358875135765e-22,,,,,,,,,7.10822492012919
"staggered","D_ramp_nt10",3,200,85,"GATT","g=6_t=6",6,6,0,"doubleml",5.52626480850419,0.561363585772312,4.42601238947954,4.60290366899226,6.44962594801612,6.62651722752883,3.62498555542585e-23,,,,,,,,,5.59316263264436
"staggered","D_ramp_nt10",3,200,85,"GATT","g=6_t=7",6,7,1,"doubleml",8.71676728146494,1.08748043465929,6.58534477882839,6.92802073859387,10.505513824336,10.8481897841015,5.48170945822571e-16,,,,,,,,,7.8304276857021
"staggered","D_ramp_nt10",3,200,85,"CATT","surface",,,,"doubleml",,,,,,,,2.17070752968017,1.68058508624848,521,0.374431271050935,0.512476007677543,2.98175757145468,0.443378119001919,2.50237038457722,
"staggered","D_ramp_nt10",3,200,86,"GATT","g=4_t=4",4,4,0,"doubleml",2.7362238427964,0.489781946958377,1.77626885890807,1.93060404821412,3.54184363737867,3.69617882668473,1.15768208977512e-08,,,,,,,,,2.58023751768273
"staggered","D_ramp_nt10",3,200,86,"GATT","g=4_t=5",4,5,1,"doubleml",3.92580957218931,0.519989080975147,2.90664969308494,3.07050345239102,4.78111569198761,4.94496945129368,2.17976417923592e-14,,,,,,,,,3.61233252475583
"staggered","D_ramp_nt10",3,200,86,"GATT","g=4_t=6",4,6,2,"doubleml",3.97364393943096,0.72176123879654,2.55901789479434,2.78645207875152,5.16083580011041,5.38826998406758,1.8407916485255e-08,,,,,,,,,4.64442753182892
"staggered","D_ramp_nt10",3,200,86,"GATT","g=4_t=7",4,7,3,"doubleml",5.64476131755224,0.497406015574487,4.66986343364281,4.82660104321048,6.462921591894,6.61965920146168,3.77670587890845e-30,,,,,,,,,5.67652253890201
"staggered","D_ramp_nt10",3,200,86,"GATT","g=5_t=5",5,5,0,"doubleml",4.39918485649751,0.650177308468234,3.12486073828288,3.3297381099543,5.46863160304072,5.67350897471214,6.61358852724147e-12,,,,,,,,,4.21035486277997
"staggered","D_ramp_nt10",3,200,86,"GATT","g=5_t=6",5,6,1,"doubleml",4.21080057679516,0.738469157288535,2.76342761339929,2.99612662955248,5.42547452403783,5.65817354019102,5.9181658744191e-09,,,,,,,,,5.89449680789196
"staggered","D_ramp_nt10",3,200,86,"GATT","g=5_t=7",5,7,2,"doubleml",6.35104881458779,0.639381577730667,5.09788393997248,5.29935946893119,7.40273816024439,7.6042136892031,1.4939111096576e-23,,,,,,,,,7.57863875300395
"staggered","D_ramp_nt10",3,200,86,"GATT","g=6_t=6",6,6,0,"doubleml",4.44575667896955,0.516640633806467,3.43315963577169,3.59595826589045,5.29555509204865,5.45835372216741,3.81171751837066e-18,,,,,,,,,5.55693412005055
"staggered","D_ramp_nt10",3,200,86,"GATT","g=6_t=7",6,7,1,"doubleml",7.74047722806217,0.812125176156676,6.14874111930142,6.40464988356015,9.07630457256418,9.33221333682291,7.77841059215338e-22,,,,,,,,,7.77970776807077
"staggered","D_ramp_nt10",3,200,86,"CATT","surface",,,,"doubleml",,,,,,,,2.23346933991261,1.72658902316941,525,0.36594692693569,0.417142857142857,2.40960814372273,0.32,2.022207343418,
"staggered","D_ramp_nt10",3,200,87,"GATT","g=4_t=4",4,4,0,"doubleml",3.11471694671888,0.530444059413916,2.07506568625374,2.24221391381566,3.9872199796221,4.15436820718402,2.15408242365169e-09,,,,,,,,,2.66630185190639
"staggered","D_ramp_nt10",3,200,87,"GATT","g=4_t=5",4,5,1,"doubleml",3.94774270527233,0.478141311439149,3.01060294793881,3.1612700565864,4.73421535395826,4.88488246260585,7.5043890529709e-17,,,,,,,,,3.73282259266895
"staggered","D_ramp_nt10",3,200,87,"GATT","g=4_t=6",4,6,2,"doubleml",4.44614389617974,0.52978440851386,3.40778552773129,3.57472589269809,5.3175618996614,5.4845022646282,2.38230371153353e-17,,,,,,,,,4.79934333343151
"staggered","D_ramp_nt10",3,200,87,"GATT","g=4_t=7",4,7,3,"doubleml",5.96278014741434,0.619934466977044,4.74773090978015,4.94307845966929,6.9824818351594,7.17782938504854,3.34302461142984e-22,,,,,,,,,5.86586407419407
"staggered","D_ramp_nt10",3,200,87,"GATT","g=5_t=5",5,5,0,"doubleml",3.79060239622437,0.440192130695595,2.92784166697771,3.0665506092812,4.51465418316754,4.65336312547103,3.61355938092585e-18,,,,,,,,,4.07907291416437
"staggered","D_ramp_nt10",3,200,87,"GATT","g=5_t=6",5,6,1,"doubleml",4.7728199470258,0.900874361516074,3.00713862993131,3.29101314998864,6.25462674406296,6.53850126412029,5.85434024168998e-08,,,,,,,,,5.71070207983012
"staggered","D_ramp_nt10",3,200,87,"GATT","g=5_t=7",5,7,2,"doubleml",6.80172662017411,0.570220947922426,5.68411409020028,5.86379641310011,7.7396568272481,7.91933915014793,4.2173935921811e-33,,,,,,,,,7.34233124549587
"staggered","D_ramp_nt10",3,200,87,"GATT","g=6_t=6",6,6,0,"doubleml",5.86674271549037,0.746098321395302,4.40441686509515,4.63951990715002,7.09396552383072,7.32906856588559,1.87176345465798e-15,,,,,,,,,6.12396295282
"staggered","D_ramp_nt10",3,200,87,"GATT","g=6_t=7",6,7,1,"doubleml",8.07484631850426,0.670132490100393,6.76141076267713,6.97257621163267,9.17711642537585,9.38828187433139,9.74151855076555e-34,,,,,,,,,8.57354813394799
"staggered","D_ramp_nt10",3,200,87,"CATT","surface",,,,"doubleml",,,,,,,,2.37119477550537,1.77330317565012,505,0.380293790826256,0.364356435643564,2.39037330792896,0.304950495049505,2.00606495682583,
"staggered","D_ramp_nt10",3,200,88,"GATT","g=4_t=4",4,4,0,"doubleml",2.62104257929865,0.590982077360655,1.46273898302655,1.64896334542367,3.59312181317363,3.77934617557075,4.6022743487158e-06,,,,,,,,,2.80457780991177
"staggered","D_ramp_nt10",3,200,88,"GATT","g=4_t=5",4,5,1,"doubleml",3.67089364440024,0.510621125517434,2.67009462074659,2.83099644360839,4.5107908451921,4.6716926680539,3.26158324033782e-13,,,,,,,,,3.92640893387648
"staggered","D_ramp_nt10",3,200,88,"GATT","g=4_t=6",4,6,2,"doubleml",12.3111028460106,8.77996402853395,-4.89731057121088,-2.13065610617955,26.7528617982008,29.5195162632321,0.080430532152898,,,,,,,,,5.04824005784118
"staggered","D_ramp_nt10",3,200,88,"GATT","g=4_t=7",4,7,3,"doubleml",6.21249288488426,0.636531589676118,4.9649138842563,5.16549135347914,7.25949441628938,7.46007188551222,8.3649406270155e-23,,,,,,,,,6.17007118180589
"staggered","D_ramp_nt10",3,200,88,"GATT","g=5_t=5",5,5,0,"doubleml",4.44462487815119,0.4037785344073,3.65323348674012,3.7804681407172,5.10878161558517,5.23601626956226,1.75655062402983e-28,,,,,,,,,4.20282957221646
"staggered","D_ramp_nt10",3,200,88,"GATT","g=5_t=6",5,6,1,"doubleml",5.72318890013275,1.23690130391756,3.29890687290127,3.68866684277873,7.75771095748677,8.14747092736424,1.85466553132709e-06,,,,,,,,,5.88396140110304
"staggered","D_ramp_nt10",3,200,88,"GATT","g=5_t=7",5,7,2,"doubleml",7.67767500862158,0.640157768836025,6.42298882738265,6.62470894192057,8.73064107532259,8.93236118986052,1.92365557986398e-33,,,,,,,,,7.56509322998962
"staggered","D_ramp_nt10",3,200,88,"GATT","g=6_t=6",6,6,0,"doubleml",5.65196614068723,0.708830249053382,4.26268437043157,4.48604387021078,6.81788841116368,7.04124791094289,7.70261092831072e-16,,,,,,,,,5.32599816414095
"staggered","D_ramp_nt10",3,200,88,"GATT","g=6_t=7",6,7,1,"doubleml",7.51991790773833,0.615621384969736,6.3133221555675,6.50731061018532,8.53252520529134,8.72651365990915,1.289859108754e-34,,,,,,,,,7.45639742979733
"staggered","D_ramp_nt10",3,200,88,"CATT","surface",,,,"doubleml",,,,,,,,3.25885616812979,2.29924984313328,543,0.53434272852899,0.56353591160221,6.58834994161418,0.510128913443831,5.52911877711216,
"staggered","D_ramp_nt10",3,200,89,"GATT","g=4_t=4",4,4,0,"doubleml",3.56595097927884,0.955213771147943,1.69376637552463,1.99476378695106,5.13713817160662,5.43813558303304,9.4552038256255e-05,,,,,,,,,2.66401076243436
"staggered","D_ramp_nt10",3,200,89,"GATT","g=4_t=5",4,5,1,"doubleml",3.95035134039807,0.672032309128695,2.63319220766896,2.8449563085985,5.05574637219764,5.26751047312718,2.0735527780219e-09,,,,,,,,,3.7296150674081
"staggered","D_ramp_nt10",3,200,89,"GATT","g=4_t=6",4,6,2,"doubleml",4.42459672310313,1.31240310459329,1.85233388461204,2.26588522690043,6.58330821930583,6.99685956159422,0.000373976370675117,,,,,,,,,4.79521937238185
"staggered","D_ramp_nt10",3,200,89,"GATT","g=4_t=7",4,7,3,"doubleml",4.67717011295064,1.75371787940438,1.2399462031617,1.79256024414082,7.56177998176046,8.11439402273957,0.00382655419214296,,,,,,,,,5.86082367735559
"staggered","D_ramp_nt10",3,200,89,"GATT","g=5_t=5",5,5,0,"doubleml",4.3392007573588,0.742614227980859,2.88370360462852,3.11770877400757,5.56069274071003,5.79469791008907,2.56125807871164e-09,,,,,,,,,4.27322488534783
"staggered","D_ramp_nt10",3,200,89,"GATT","g=5_t=6",5,6,1,"doubleml",6.84841237033349,2.17584509694079,2.58383431075304,3.26946485925005,10.4273598814169,11.1129904299139,0.000823443288815389,,,,,,,,,5.98251483948696
"staggered","D_ramp_nt10",3,200,89,"GATT","g=5_t=7",5,7,2,"doubleml",10.6175214129266,2.58003866461638,5.56073851167042,6.37373449527769,14.8613083305755,15.6743043141828,1.93374373955918e-05,,,,,,,,,7.69180479362609
"staggered","D_ramp_nt10",3,200,89,"GATT","g=6_t=6",6,6,0,"doubleml",5.30063072405372,0.550335317276017,4.22199331426415,4.395409476091,6.20585197201645,6.37926813384329,2.93923262537625e-22,,,,,,,,,5.02535626506479
"staggered","D_ramp_nt10",3,200,89,"GATT","g=6_t=7",6,7,1,"doubleml",8.66807625660075,1.62479363439196,5.48353922576335,5.9955279478966,11.3406245653049,11.8526132874381,4.78043375347358e-08,,,,,,,,,7.0354987710907
"staggered","D_ramp_nt10",3,200,89,"CATT","surface",,,,"doubleml",,,,,,,,2.60726286591697,1.9424542825765,535,0.458321423311599,0.678504672897196,5.44102868181954,0.614953271028037,4.56625621256594,
"staggered","D_ramp_nt10",3,200,90,"GATT","g=4_t=4",4,4,0,"doubleml",3.5187267828832,0.613110048883497,2.3170531590333,2.51025026653698,4.52720329922941,4.72040040673309,4.75781772516256e-09,,,,,,,,,2.70009616032002
"staggered","D_ramp_nt10",3,200,90,"GATT","g=4_t=5",4,5,1,"doubleml",3.74661357546103,0.468719731973057,2.82793977470419,2.97563804944622,4.51758910147584,4.66528737621787,6.56913500233335e-16,,,,,,,,,3.78013462444802
"staggered","D_ramp_nt10",3,200,90,"GATT","g=4_t=6",4,6,2,"doubleml",4.83964515417673,0.582087957447046,3.69877371274699,3.88219544901813,5.79709485933533,5.98051659560647,4.61535535971558e-17,,,,,,,,,4.86017308857603
"staggered","D_ramp_nt10",3,200,90,"GATT","g=4_t=7",4,7,3,"doubleml",6.18978895516023,0.583655377037559,5.04584542776019,5.2297610736185,7.14981683670197,7.33373248256027,1.40912191790639e-26,,,,,,,,,5.94021155270404
"staggered","D_ramp_nt10",3,200,90,"GATT","g=5_t=5",5,5,0,"doubleml",3.88217934527753,1.05066007327439,1.82292342542237,2.15399692111187,5.6103617694432,5.94143526513269,0.000109947357902635,,,,,,,,,4.03453250076594
"staggered","D_ramp_nt10",3,200,90,"GATT","g=5_t=6",5,6,1,"doubleml",4.07374876463267,0.702991046753806,2.69591162067289,2.91743112941548,5.23006639984985,5.45158590859245,3.41850225477919e-09,,,,,,,,,5.64834550107231
"staggered","D_ramp_nt10",3,200,90,"GATT","g=5_t=7",5,7,2,"doubleml",6.67280552067315,0.572996910245747,5.54975220448025,5.73030926086779,7.61530178047851,7.79585883686605,1.21023679506175e-31,,,,,,,,,7.26215850137869
"staggered","D_ramp_nt10",3,200,90,"GATT","g=6_t=6",6,6,0,"doubleml",5.85939192766205,0.667218949694069,4.55166680614387,4.76191416938196,6.95686968594214,7.16711704918024,8.04303158131292e-19,,,,,,,,,5.69916593137388
"staggered","D_ramp_nt10",3,200,90,"GATT","g=6_t=7",6,7,1,"doubleml",8.10532908411673,0.707950635975832,6.71777132382699,6.94085364872934,9.26980451950412,9.49288684440646,1.1893251120161e-30,,,,,,,,,7.97883230392343
"staggered","D_ramp_nt10",3,200,90,"CATT","surface",,,,"doubleml",,,,,,,,2.31439539094585,1.73437132827043,549,0.397549918364852,0.462659380692168,2.53685944693793,0.41712204007286,2.12900002690541,
"staggered","D_ramp_nt10",3,200,91,"GATT","g=4_t=4",4,4,0,"doubleml",2.4808234664112,0.557388800926548,1.388361482592,1.56400026765196,3.39764666517044,3.5732854502304,4.27764270512285e-06,,,,,,,,,2.76155328373379
"staggered","D_ramp_nt10",3,200,91,"GATT","g=4_t=5",4,5,1,"doubleml",4.47544304802368,1.61792271788381,1.30437276618926,1.81419639382163,7.13668970222574,7.64651332985811,0.00283598144044362,,,,,,,,,3.86617459722731
"staggered","D_ramp_nt10",3,200,91,"GATT","g=4_t=6",4,6,2,"doubleml",4.84922063459307,0.556865055307353,3.75778517333265,3.93325892091055,5.76518234827559,5.94065609585349,1.5454436682165e-18,,,,,,,,,4.97079591072082
"staggered","D_ramp_nt10",3,200,91,"GATT","g=4_t=7",4,7,3,"doubleml",5.98539474451135,0.675081676845392,4.66225896083474,4.8749839480255,7.0958055409972,7.30853052818795,3.78494963573308e-19,,,,,,,,,6.07541722421434
"staggered","D_ramp_nt10",3,200,91,"GATT","g=5_t=5",5,5,0,"doubleml",4.24600411929897,0.591370740894112,3.08693875649319,3.27328559065633,5.21872264794162,5.40506948210476,3.48720093305605e-13,,,,,,,,,4.22950746731382
"staggered","D_ramp_nt10",3,200,91,"GATT","g=5_t=6",5,6,1,"doubleml",6.09756344703838,0.493700282412319,5.1299286667204,5.28549856271135,6.90962833136542,7.06519822735636,2.41329372358046e-35,,,,,,,,,5.92131045423935
"staggered","D_ramp_nt10",3,200,91,"GATT","g=5_t=7",5,7,2,"doubleml",7.51619027631138,0.917582456936459,5.71776169368437,6.00690110168962,9.02547945093314,9.31461885893839,1.29213177059888e-16,,,,,,,,,7.61311344116488
"staggered","D_ramp_nt10",3,200,91,"GATT","g=6_t=6",6,6,0,"doubleml",4.98314508979206,0.620310029791916,3.76735976256098,3.96282565604871,6.00346452353542,6.19893041702315,4.74373191800237e-16,,,,,,,,,5.07582938423893
"staggered","D_ramp_nt10",3,200,91,"GATT","g=6_t=7",6,7,1,"doubleml",6.7270187791992,0.810199556589499,5.13905681546782,5.39435879774474,8.05967876065367,8.31498074293058,5.07933944666416e-17,,,,,,,,,7.1061611379345
"staggered","D_ramp_nt10",3,200,91,"CATT","surface",,,,"doubleml",,,,,,,,1.99102647456555,1.55981185871903,501,0.35155581225185,0.522954091816367,2.96847320600065,0.44311377245509,2.4912217912079,
"staggered","D_ramp_nt10",3,200,92,"GATT","g=4_t=4",4,4,0,"doubleml",3.33981016824096,0.799310561716077,1.77319024245768,2.02506099356003,4.6545593429219,4.90643009402425,1.46806989578045e-05,,,,,,,,,2.95293178234123
"staggered","D_ramp_nt10",3,200,92,"GATT","g=4_t=5",4,5,1,"doubleml",3.85801612384771,0.821396155859811,2.2481092286241,2.50693937129708,5.20909287639835,5.46792301907133,1.32069434724978e-06,,,,,,,,,4.13410449527772
"staggered","D_ramp_nt10",3,200,92,"GATT","g=4_t=6",4,6,2,"doubleml",5.99277336933874,0.990167233387312,4.05208123792001,4.36409283483269,7.6214539038448,7.93346550075747,7.14031775501552e-10,,,,,,,,,5.31527720821421
"staggered","D_ramp_nt10",3,200,92,"GATT","g=4_t=7",4,7,3,"doubleml",6.22412531677172,0.771238953144982,4.71252473320987,4.95554983973539,7.49270079380806,7.73572590033357,3.50644643656913e-16,,,,,,,,,6.4964499211507
"staggered","D_ramp_nt10",3,200,92,"GATT","g=5_t=5",5,5,0,"doubleml",3.67207345202984,0.795729737344024,2.1124718131061,2.36321421064057,4.9809326934191,5.23167509095358,1.96808622034999e-06,,,,,,,,,4.03666602840733
"staggered","D_ramp_nt10",3,200,92,"GATT","g=5_t=6",5,6,1,"doubleml",6.84012566071734,1.51464526365573,3.8714754711816,4.34875534021216,9.33149598122252,9.80877585025308,3.15105446147411e-06,,,,,,,,,5.65133243977026
"staggered","D_ramp_nt10",3,200,92,"GATT","g=5_t=7",5,7,2,"doubleml",6.29388317182178,1.203072433342,3.93590451307906,4.31500466754946,8.2727616760941,8.6518618305645,8.4066336240427e-08,,,,,,,,,7.2659988511332
"staggered","D_ramp_nt10",3,200,92,"GATT","g=6_t=6",6,6,0,"doubleml",6.71292447298843,0.611892460840678,5.51363727786929,5.7064507112048,7.71939823477207,7.91221166810757,2.64136521560609e-28,,,,,,,,,6.01904045251534
"staggered","D_ramp_nt10",3,200,92,"GATT","g=6_t=7",6,7,1,"doubleml",8.01582869261857,0.59872054403103,6.84235798025734,7.03102081088696,9.00063657435019,9.18929940497981,3.54083444672884e-41,,,,,,,,,8.42665663352148
"staggered","D_ramp_nt10",3,200,92,"CATT","surface",,,,"doubleml",,,,,,,,2.30901741406936,1.76708946838592,529,0.390016026293012,0.597353497164461,3.53879843512641,0.497164461247637,2.96985391630225,
"staggered","D_ramp_nt10",3,200,93,"GATT","g=4_t=4",4,4,0,"doubleml",6.14946167220438,4.1332303739256,-1.95152106439633,-0.649098841268635,12.9480221856774,14.2504444088051,0.0684004978083179,,,,,,,,,2.84829811869523
"staggered","D_ramp_nt10",3,200,93,"GATT","g=4_t=5",4,5,1,"doubleml",6.91982077273894,3.55605541018921,-0.0499198132371435,1.07062880706758,12.7690127384103,13.889561358715,0.0258318130666855,,,,,,,,,3.98761736617332
"staggered","D_ramp_nt10",3,200,93,"GATT","g=4_t=6",4,6,2,"doubleml",4.94885595597906,0.682305566041665,3.61156160953778,3.82656291645317,6.07114899550496,6.28615030242035,2.03613438276675e-13,,,,,,,,,5.12693661365141
"staggered","D_ramp_nt10",3,200,93,"GATT","g=4_t=7",4,7,3,"doubleml",7.18761590777617,1.0875480335834,5.05606091368192,5.39875817454438,8.97647364100795,9.31917090187042,1.93449200089763e-11,,,,,,,,,6.2662558611295
"staggered","D_ramp_nt10",3,200,93,"GATT","g=5_t=5",5,5,0,"doubleml",3.48119182951371,0.670490009852634,2.16705554784291,2.37833365484757,4.58405000417986,4.79532811118452,1.04017085417317e-07,,,,,,,,,3.87391608995418
"staggered","D_ramp_nt10",3,200,93,"GATT","g=5_t=6",5,6,1,"doubleml",3.94638544954334,1.10093988937665,1.78858290020112,2.1355000687426,5.75727083034409,6.10418799888556,0.000168823258887012,,,,,,,,,5.42348252593586
"staggered","D_ramp_nt10",3,200,93,"GATT","g=5_t=7",5,7,2,"doubleml",6.65426064495924,0.622403216419916,5.434372747292,5.63049822481808,7.67802306510041,7.87414854262649,5.59340970801913e-27,,,,,,,,,6.97304896191753
"staggered","D_ramp_nt10",3,200,93,"GATT","g=6_t=6",6,6,0,"doubleml",5.27670548116605,0.509015616697317,4.27905319700151,4.439449107979,6.1139618543531,6.27435776533059,1.76112153994146e-25,,,,,,,,,5.75906102935226
"staggered","D_ramp_nt10",3,200,93,"GATT","g=6_t=7",6,7,1,"doubleml",8.41038744171012,0.588309532917507,7.25732193633499,7.44270415325262,9.37807073016761,9.56345294708525,1.16118917481589e-46,,,,,,,,,8.06268544109316
"staggered","D_ramp_nt10",3,200,93,"CATT","surface",,,,"doubleml",,,,,,,,2.65333219884526,2.18633497330345,520,0.555558951451717,0.544230769230769,5.50088141370913,0.480769230769231,4.61648621957603,
"staggered","D_ramp_nt10",3,200,94,"GATT","g=4_t=4",4,4,0,"doubleml",2.25825716916179,0.475362949746798,1.32656290072426,1.47635451981897,3.04015981850461,3.18995143759933,1.01409156723989e-06,,,,,,,,,2.64110803649346
"staggered","D_ramp_nt10",3,200,94,"GATT","g=4_t=5",4,5,1,"doubleml",2.3172061655791,1.34201130180534,-0.313087673552499,0.109793507759381,4.52461882339882,4.9475000047107,0.0421137737502297,,,,,,,,,3.69755125109084
"staggered","D_ramp_nt10",3,200,94,"GATT","g=4_t=6",4,6,2,"doubleml",4.45780873334243,0.674832290125514,3.13516173865887,3.34780814160032,5.56780932508454,5.78045572802599,1.97685036449665e-11,,,,,,,,,4.75399446568822
"staggered","D_ramp_nt10",3,200,94,"GATT","g=4_t=7",4,7,3,"doubleml",4.99654192763033,1.47277276945726,2.1099603193138,2.57404574669748,7.41903810856317,7.88312353594685,0.000346152101549811,,,,,,,,,5.81043768028561
"staggered","D_ramp_nt10",3,200,94,"GATT","g=5_t=5",5,5,0,"doubleml",3.79908133538391,0.426701787803448,2.96276119255351,3.09721919290826,4.50094347785956,4.63540147821431,2.7089572451917e-19,,,,,,,,,4.35899278761965
"staggered","D_ramp_nt10",3,200,94,"GATT","g=5_t=6",5,6,1,"doubleml",5.40650372621552,1.3295809402614,2.80057294821702,3.21953719830279,7.59347025412824,8.01243450421401,2.38805055056021e-05,,,,,,,,,6.10258990266751
"staggered","D_ramp_nt10",3,200,94,"GATT","g=5_t=7",5,7,2,"doubleml",7.25686064459953,0.818744144697405,5.65215159578183,5.91014606321743,8.60357522598164,8.86156969341724,3.88036422017803e-19,,,,,,,,,7.84618701771537
"staggered","D_ramp_nt10",3,200,94,"GATT","g=6_t=6",6,6,0,"doubleml",5.55521694203384,0.621730789599355,4.33664697672753,4.53256056583818,6.5778733182295,6.77378690734015,2.03434163262615e-19,,,,,,,,,5.29770867677822
"staggered","D_ramp_nt10",3,200,94,"GATT","g=6_t=7",6,7,1,"doubleml",7.5769913635489,0.505948819310081,6.58534989185864,6.74477942431144,8.40920330278636,8.56863283523916,5.28394198088498e-51,,,,,,,,,7.41679214748951
"staggered","D_ramp_nt10",3,200,94,"CATT","surface",,,,"doubleml",,,,,,,,2.1333719277938,1.72277199882833,496,0.354537228933845,0.526209677419355,3.28848771155692,0.439516129032258,2.75978648909126,
"staggered","D_ramp_nt10",3,200,95,"GATT","g=4_t=4",4,4,0,"doubleml",3.99887551747432,0.851833335600158,2.3293128456981,2.59773404807906,5.40001698686959,5.66843818925055,1.33672842321908e-06,,,,,,,,,2.80131468847889
"staggered","D_ramp_nt10",3,200,95,"GATT","g=4_t=5",4,5,1,"doubleml",5.48333599990531,1.78003083660519,1.99453964126926,2.55544515819192,8.4112268416187,8.97213235854136,0.00103336227572925,,,,,,,,,3.92184056387044
"staggered","D_ramp_nt10",3,200,95,"GATT","g=4_t=6",4,6,2,"doubleml",5.73875790139031,1.20459398320606,3.37779705968982,3.75737666973788,7.72013913304273,8.0997187430908,9.48680661720484e-07,,,,,,,,,5.042366439262
"staggered","D_ramp_nt10",3,200,95,"GATT","g=4_t=7",4,7,3,"doubleml",6.09349658946784,1.21668712405215,3.70883362706208,4.09222390672216,8.09476927221352,8.4781595518736,2.74608483634298e-07,,,,,,,,,6.16289231465355
"staggered","D_ramp_nt10",3,200,95,"GATT","g=5_t=5",5,5,0,"doubleml",3.35002761158349,1.37521975788872,0.654646394032885,1.0879918919412,5.61206333122579,6.0454088291341,0.00742545747841975,,,,,,,,,4.1134959190312
"staggered","D_ramp_nt10",3,200,95,"GATT","g=5_t=6",5,6,1,"doubleml",5.69820106385056,0.569886366582216,4.58124430125861,4.76082119423233,6.63558093346878,6.8151578264425,7.709839558769e-24,,,,,,,,,5.75889428664367
"staggered","D_ramp_nt10",3,200,95,"GATT","g=5_t=7",5,7,2,"doubleml",6.4149014125396,0.771110222698805,4.90355313601796,5.14653767829258,7.68326514678662,7.92624968906124,4.43370670369088e-17,,,,,,,,,7.40429265425615
"staggered","D_ramp_nt10",3,200,95,"GATT","g=6_t=6",6,6,0,"doubleml",4.66351821021979,1.02421193376696,2.65609969166616,2.97883911411547,6.34819730632412,6.67093672877342,2.64086253590097e-06,,,,,,,,,4.90227512033551
"staggered","D_ramp_nt10",3,200,95,"GATT","g=6_t=7",6,7,1,"doubleml",4.83011389816319,1.75374232685218,1.39284207225668,1.94546381687107,7.7147639794553,8.2673857240697,0.00294201163137107,,,,,,,,,6.86318516846971
"staggered","D_ramp_nt10",3,200,95,"CATT","surface",,,,"doubleml",,,,,,,,2.14944512189059,1.72637456386488,557,0.426052608350849,0.675044883303411,4.65156127067105,0.579892280071813,3.90371413062095,
"staggered","D_ramp_nt10",3,200,96,"GATT","g=4_t=4",4,4,0,"doubleml",1.93355514068166,0.468276801136658,1.01574946841865,1.16330817122482,2.7038021101385,2.85136081294467,1.82104155867877e-05,,,,,,,,,2.89224039746727
"staggered","D_ramp_nt10",3,200,96,"GATT","g=4_t=5",4,5,1,"doubleml",4.21271005119154,0.411391900058246,3.40639673718578,3.53603043881313,4.88938966356994,5.0190233651973,6.55242903474764e-25,,,,,,,,,4.04913655645418
"staggered","D_ramp_nt10",3,200,96,"GATT","g=4_t=6",4,6,2,"doubleml",3.55946086443266,2.20004911703744,-0.75255620319251,-0.0592987259228424,7.17822045478816,7.87147793205783,0.0528420066650103,,,,,,,,,5.20603271544109
"staggered","D_ramp_nt10",3,200,96,"GATT","g=4_t=7",4,7,3,"doubleml",5.4446693539976,0.789545183176621,3.89718921859802,4.1459828012688,6.7433559067264,6.99214948939718,2.67517558397456e-12,,,,,,,,,6.362928874428
"staggered","D_ramp_nt10",3,200,96,"GATT","g=5_t=5",5,5,0,"doubleml",5.04436308487793,1.10525547868716,2.87810213584832,3.22637918973743,6.86234698001843,7.21062403390754,2.50965194385418e-06,,,,,,,,,3.9792653552328
"staggered","D_ramp_nt10",3,200,96,"GATT","g=5_t=6",5,6,1,"doubleml",5.66976474840349,0.675220134650353,4.34635759241365,4.55912620904332,6.78040328776367,6.99317190439334,2.29184636883446e-17,,,,,,,,,5.57097149732592
"staggered","D_ramp_nt10",3,200,96,"GATT","g=5_t=7",5,7,2,"doubleml",6.4616973625465,1.14976113987598,4.20820691979061,4.57050815257693,8.35288657251607,8.71518780530239,9.54596220393619e-09,,,,,,,,,7.16267763941905
"staggered","D_ramp_nt10",3,200,96,"GATT","g=6_t=6",6,6,0,"doubleml",4.73282589222941,0.611119517391333,3.53505363844502,3.7276235095702,5.73802827488861,5.93059814601379,4.79726822229574e-15,,,,,,,,,5.33315808628903
"staggered","D_ramp_nt10",3,200,96,"GATT","g=6_t=7",6,7,1,"doubleml",7.28933783813611,0.497487822814634,6.31427961498104,6.47104300282816,8.10763267344405,8.26439606129117,6.51214974694219e-49,,,,,,,,,7.46642132080464
"staggered","D_ramp_nt10",3,200,96,"CATT","surface",,,,"doubleml",,,,,,,,2.05930694644766,1.65619059572934,527,0.350122600297891,0.481973434535104,3.49659581474365,0.425047438330171,2.93443635304748,
"staggered","D_ramp_nt10",3,200,97,"GATT","g=4_t=4",4,4,0,"doubleml",2.17613855267966,0.696471808759252,0.811078880496645,1.03054411215477,3.32173299320456,3.54119822486268,0.000890483778185289,,,,,,,,,2.88629139313741
"staggered","D_ramp_nt10",3,200,97,"GATT","g=4_t=5",4,5,1,"doubleml",2.93465711441318,0.976079853475946,1.02157574047505,1.32914826310386,4.54016596572251,4.84773848835131,0.00132104510373087,,,,,,,,,4.04080795039238
"staggered","D_ramp_nt10",3,200,97,"GATT","g=4_t=6",4,6,2,"doubleml",3.76331328618584,1.01716158158351,1.7697132040991,2.09023099007188,5.4363955822998,5.75691336827258,0.0001078768364482,,,,,,,,,5.19532450764734
"staggered","D_ramp_nt10",3,200,97,"GATT","g=4_t=7",4,7,3,"doubleml",6.46440695212782,0.880898407556728,4.73787778565931,5.01545768286451,7.91335622139114,8.19093611859634,1.08060929303283e-13,,,,,,,,,6.34984106490231
"staggered","D_ramp_nt10",3,200,97,"GATT","g=5_t=5",5,5,0,"doubleml",4.06571831012283,0.465029377988129,3.1542774703237,3.30081287762154,4.83062374262411,4.97715914992195,1.13572853583745e-18,,,,,,,,,4.19760032911591
"staggered","D_ramp_nt10",3,200,97,"GATT","g=5_t=6",5,6,1,"doubleml",4.8380260768434,1.24183809353317,2.40406811968975,2.79538372134298,6.88066843234381,7.27198403399705,4.89256584803389e-05,,,,,,,,,5.87664046076227
"staggered","D_ramp_nt10",3,200,97,"GATT","g=5_t=7",5,7,2,"doubleml",8.06660140311059,0.934186747354718,6.23562900901824,6.53000059497719,9.60320221124398,9.89757379720293,2.93913473764628e-18,,,,,,,,,7.55568059240863
"staggered","D_ramp_nt10",3,200,97,"GATT","g=6_t=6",6,6,0,"doubleml",5.24534765849748,0.480520500336869,4.30354477657523,4.45496159143638,6.03573372555858,6.18715054041973,4.83454488968221e-28,,,,,,,,,5.18106655575746
"staggered","D_ramp_nt10",3,200,97,"GATT","g=6_t=7",6,7,1,"doubleml",7.70134226646712,0.837063110547718,6.06072870406557,6.32449566083027,9.07818887210398,9.34195582886867,1.78256699521156e-20,,,,,,,,,7.25349317806045
"staggered","D_ramp_nt10",3,200,97,"CATT","surface",,,,"doubleml",,,,,,,,2.23274461427578,1.70766673184333,543,0.349082818311858,0.576427255985267,3.31299339927831,0.497237569060773,2.78035231503054,
"staggered","D_ramp_nt10",3,200,98,"GATT","g=4_t=4",4,4,0,"doubleml",2.97853433087259,0.446673401227686,2.10307054470876,2.24382180016962,3.71324686157555,3.85399811703641,1.29427044187949e-11,,,,,,,,,2.78330012328408
"staggered","D_ramp_nt10",3,200,98,"GATT","g=4_t=5",4,5,1,"doubleml",3.73065912728322,0.717291642134974,2.32479333119778,2.55081910055094,4.9104991540155,5.13652492336865,9.90907443487013e-08,,,,,,,,,3.89662017259772
"staggered","D_ramp_nt10",3,200,98,"GATT","g=4_t=6",4,6,2,"doubleml",5.98717660570942,0.836269731087091,4.34811803848904,4.6116349934519,7.36271821796695,7.6262351729298,4.05200257051925e-13,,,,,,,,,5.00994022191135
"staggered","D_ramp_nt10",3,200,98,"GATT","g=4_t=7",4,7,3,"doubleml",5.16780118759706,1.73590490560277,1.76549006519224,2.31249105999673,8.02311131519739,8.57011231000188,0.00145538645881472,,,,,,,,,6.12326027122498
"staggered","D_ramp_nt10",3,200,98,"GATT","g=5_t=5",5,5,0,"doubleml",4.15055636180944,0.475568504213267,3.21845921401759,3.36831560538023,4.93279711823865,5.08265350960129,1.30103939094389e-18,,,,,,,,,4.20921601115956
"staggered","D_ramp_nt10",3,200,98,"GATT","g=5_t=6",5,6,1,"doubleml",5.71975245881372,0.637481264743976,4.47031212924106,4.67118885057454,6.76831606705291,6.96919278838639,1.45029177301347e-19,,,,,,,,,5.89290241562338
"staggered","D_ramp_nt10",3,200,98,"GATT","g=5_t=7",5,7,2,"doubleml",7.76328143873944,0.770772695661021,6.25259470306088,6.49547288719063,9.03108999028825,9.273968174418,3.67058227821876e-24,,,,,,,,,7.5765888200872
"staggered","D_ramp_nt10",3,200,98,"GATT","g=6_t=6",6,6,0,"doubleml",5.7519376702352,0.642821474542909,4.49203072170419,4.6945901965474,6.80928514392301,7.01184461876622,1.8106419359704e-19,,,,,,,,,5.18945241655809
"staggered","D_ramp_nt10",3,200,98,"GATT","g=6_t=7",6,7,1,"doubleml",8.07534099462347,1.05677300040453,6.00410395765859,6.33710369781607,9.81357829143086,10.1465780315883,1.07344784183991e-14,,,,,,,,,7.26523338318132
"staggered","D_ramp_nt10",3,200,98,"CATT","surface",,,,"doubleml",,,,,,,,2.76140380624791,1.98517825453623,523,0.452165617585975,0.458891013384321,3.23823607558431,0.397705544933078,2.71761397753692,
"staggered","D_ramp_nt10",3,200,99,"GATT","g=4_t=4",4,4,0,"doubleml",2.81805864763022,0.505676378142924,1.8269511508197,1.98629483433632,3.64982246092412,3.80916614444074,1.25302606090051e-08,,,,,,,,,3.00915926538252
"staggered","D_ramp_nt10",3,200,99,"GATT","g=4_t=5",4,5,1,"doubleml",3.62460273426518,0.845916085295404,1.96663766006526,2.23319427770269,5.01601119082766,5.2825678084651,9.14413752724676e-06,,,,,,,,,4.21282297153552
"staggered","D_ramp_nt10",3,200,99,"GATT","g=4_t=6",4,6,2,"doubleml",5.08795035843798,0.600612699450007,3.91077108957314,4.10003015729683,6.07587055957912,6.26512962730281,1.21369379174495e-17,,,,,,,,,5.41648667768853
"staggered","D_ramp_nt10",3,200,99,"GATT","g=4_t=7",4,7,3,"doubleml",6.46636312807257,0.710811506811112,5.07319816393704,5.29718197784829,7.63554427829686,7.85952809220811,4.63640777756241e-20,,,,,,,,,6.62015038384154
"staggered","D_ramp_nt10",3,200,99,"GATT","g=5_t=5",5,5,0,"doubleml",4.40503660228301,0.588603277077859,3.25139536892839,3.43687014756839,5.37320305699764,5.55867783563764,3.60797802006431e-14,,,,,,,,,4.44096975850931
"staggered","D_ramp_nt10",3,200,99,"GATT","g=5_t=6",5,6,1,"doubleml",6.02692339304586,0.608732692961038,4.83382922921917,5.02564698809812,7.02819979799359,7.22001755687254,2.06537686504013e-23,,,,,,,,,6.21735766191303
"staggered","D_ramp_nt10",3,200,99,"GATT","g=5_t=7",5,7,2,"doubleml",8.74471615583176,0.873167691428071,7.03333891466963,7.30848278591553,10.180949525748,10.4560933969939,6.55251643565914e-24,,,,,,,,,7.99374556531676
"staggered","D_ramp_nt10",3,200,99,"GATT","g=6_t=6",6,6,0,"doubleml",5.48636950773606,0.61134570646461,4.28815393151086,4.48079507707492,6.4919439383972,6.68458508396126,1.426437300196e-19,,,,,,,,,5.50456171988597
"staggered","D_ramp_nt10",3,200,99,"GATT","g=6_t=7",6,7,1,"doubleml",8.30363233593525,0.614179159071892,7.09986329460407,7.29339728941921,9.31386738245129,9.50740137726643,5.96801487700356e-42,,,,,,,,,7.70638640784036
"staggered","D_ramp_nt10",3,200,99,"CATT","surface",,,,"doubleml",,,,,,,,2.57081387338395,1.86762823289287,495,0.395122073157323,0.468686868686869,2.58505540038576,0.406060606060606,2.16944735492393,
"staggered","D_ramp_nt10",3,200,100,"GATT","g=4_t=4",4,4,0,"doubleml",3.61176480350105,0.502495849404285,2.62689102851923,2.78523249562501,4.43829711137709,4.59663857848287,3.29577389656423e-13,,,,,,,,,2.86553287541917
"staggered","D_ramp_nt10",3,200,100,"GATT","g=4_t=5",4,5,1,"doubleml",4.40279180178103,0.547155903845782,3.33038592785583,3.50280022471667,5.30278337884538,5.47519767570622,4.25329997732663e-16,,,,,,,,,4.01174602558683
"staggered","D_ramp_nt10",3,200,100,"GATT","g=4_t=6",4,6,2,"doubleml",5.48649562287707,0.525847902844155,4.45585266382703,4.62155259649225,6.35143864926189,6.51713858192712,8.70654332373606e-26,,,,,,,,,5.1579591757545
"staggered","D_ramp_nt10",3,200,100,"GATT","g=4_t=7",4,7,3,"doubleml",5.7223392863922,0.791032046137512,4.17194495311634,4.42120706117473,7.02347151160967,7.27273361966806,2.3445648211905e-13,,,,,,,,,6.30417232592216
"staggered","D_ramp_nt10",3,200,100,"GATT","g=5_t=5",5,5,0,"doubleml",4.90281138239324,0.527023608360973,3.86986408285563,4.03593449208625,5.76968827270022,5.93575868193084,6.83777061856225e-21,,,,,,,,,4.42833178827592
"staggered","D_ramp_nt10",3,200,100,"GATT","g=5_t=6",5,6,1,"doubleml",6.53433145662001,0.604440730054425,5.34964938557962,5.54011470402707,7.52854820921295,7.7190135276604,1.53427060830699e-27,,,,,,,,,6.19966450358629
"staggered","D_ramp_nt10",3,200,100,"GATT","g=5_t=7",5,7,2,"doubleml",7.61232602949497,0.672489277933697,6.29427125435893,6.50617935072862,8.71847270826133,8.93038080463101,5.24602489725165e-30,,,,,,,,,7.97099721889666
"staggered","D_ramp_nt10",3,200,100,"GATT","g=6_t=6",6,6,0,"doubleml",5.4913941843994,0.520497991796797,4.47123685840538,4.63525098060047,6.34753738819833,6.51155151039342,2.5325749379107e-26,,,,,,,,,5.59803234523601
"staggered","D_ramp_nt10",3,200,100,"GATT","g=6_t=7",6,7,1,"doubleml",8.05924001111018,0.561520466436372,6.95868011163168,7.13562082581045,8.98285919640991,9.15979991058867,5.1359341154237e-47,,,,,,,,,7.83724528333041
"staggered","D_ramp_nt10",3,200,100,"CATT","surface",,,,"doubleml",,,,,,,,1.95595968350373,1.46929167272492,496,0.328981035645201,0.512096774193548,2.29098626607739,0.475806451612903,1.92265670374683,
"staggered","D_ramp_nt10",3,200,101,"GATT","g=4_t=4",4,4,0,"doubleml",3.25373683461089,0.770121003167932,1.74432739275786,1.98700022206611,4.52047344715568,4.76314627646393,1.19487201158251e-05,,,,,,,,,2.6325672824225
"staggered","D_ramp_nt10",3,200,101,"GATT","g=4_t=5",4,5,1,"doubleml",4.01356530746561,0.539485389138795,2.95619336622758,3.1261906071991,4.90094000773211,5.07093724870364,5.0488366098373e-14,,,,,,,,,3.68559419539151
"staggered","D_ramp_nt10",3,200,101,"GATT","g=4_t=6",4,6,2,"doubleml",4.35963081359521,0.596054123387946,3.19138618970328,3.37920880452405,5.34005282266637,5.52787543748714,1.2950533819541e-13,,,,,,,,,4.73862110836051
"staggered","D_ramp_nt10",3,200,101,"GATT","g=4_t=7",4,7,3,"doubleml",5.60506580621843,0.717518831508712,4.19875472713929,4.424852086136,6.78527952630086,7.01137688529757,2.82033929258111e-15,,,,,,,,,5.79164802132951
"staggered","D_ramp_nt10",3,200,101,"GATT","g=5_t=5",5,5,0,"doubleml",3.90837815000225,0.50229133168574,2.92390522238614,3.08218224391363,4.73457405609087,4.89285107761836,3.59488438050829e-15,,,,,,,,,3.87855546496659
"staggered","D_ramp_nt10",3,200,101,"GATT","g=5_t=6",5,6,1,"doubleml",5.29907644932201,0.739247434449389,3.85017809070885,4.0831223497782,6.51503054886583,6.74797480793518,3.7993995792548e-13,,,,,,,,,5.42997765095323
"staggered","D_ramp_nt10",3,200,101,"GATT","g=5_t=7",5,7,2,"doubleml",6.58492118807191,0.560256152475721,5.48683929844098,5.66338161464761,7.50646076149621,7.68300307770283,3.39120689573899e-32,,,,,,,,,6.98139983693986
"staggered","D_ramp_nt10",3,200,101,"GATT","g=6_t=6",6,6,0,"doubleml",4.46953404703922,0.478315904807925,3.53205209298826,3.68277421775228,5.25629387632615,5.40701600109018,4.62434914553191e-21,,,,,,,,,5.24700925033184
"staggered","D_ramp_nt10",3,200,101,"GATT","g=6_t=7",6,7,1,"doubleml",7.41253299044432,0.850667814978094,5.7452546971286,6.01330863230634,8.8117573485823,9.07981128376005,1.46952031622505e-18,,,,,,,,,7.34581295046458
"staggered","D_ramp_nt10",3,200,101,"CATT","surface",,,,"doubleml",,,,,,,,1.90987448459974,1.61005899876422,509,0.370413121892027,0.359528487229862,2.4951452315334,0.31041257367387,2.09399234611893,
"staggered","D_ramp_nt10",3,200,102,"GATT","g=4_t=4",4,4,0,"doubleml",1.96972882496198,0.288146934776854,1.404971206089,1.49576918670654,2.44368846321743,2.53448644383496,4.07604977689872e-12,,,,,,,,,2.60093263167274
"staggered","D_ramp_nt10",3,200,102,"GATT","g=4_t=5",4,5,1,"doubleml",3.33529447440487,0.709027334732666,1.9456264233129,2.16904802676051,4.50154092204924,4.72496252549685,1.27530271655963e-06,,,,,,,,,3.64130568434183
"staggered","D_ramp_nt10",3,200,102,"GATT","g=4_t=6",4,6,2,"doubleml",4.01970107621828,0.394838568827148,3.24583169550555,3.37024927692867,4.66915287550789,4.79357045693102,1.21008336142591e-24,,,,,,,,,4.68167873701093
"staggered","D_ramp_nt10",3,200,102,"GATT","g=4_t=7",4,7,3,"doubleml",5.18247812852088,0.519056899422364,4.16514529170143,4.32870531127841,6.03625094576336,6.19981096534034,8.9177356252695e-24,,,,,,,,,5.72205178968002
"staggered","D_ramp_nt10",3,200,102,"GATT","g=5_t=5",5,5,0,"doubleml",3.92720288332412,0.607270760651292,2.73697405419498,2.9283311435838,4.92607462306444,5.11743171245327,4.99931501917537e-11,,,,,,,,,4.07310999814918
"staggered","D_ramp_nt10",3,200,102,"GATT","g=5_t=6",5,6,1,"doubleml",5.7275637922634,0.581108654701858,4.58861174895933,4.77172489714243,6.68340268738437,6.86651583556747,3.21986799080921e-23,,,,,,,,,5.70235399740885
"staggered","D_ramp_nt10",3,200,102,"GATT","g=5_t=7",5,7,2,"doubleml",7.26827562816347,0.640261746728104,6.01338565399926,6.21513853301076,8.32141272331618,8.52316560232767,3.62270048721454e-30,,,,,,,,,7.33159799666852
"staggered","D_ramp_nt10",3,200,102,"GATT","g=6_t=6",6,6,0,"doubleml",5.52730331418553,0.665131087390008,4.22367032762026,4.43325978456772,6.62134684380333,6.8309363007508,4.78122645104568e-17,,,,,,,,,5.55438956733727
"staggered","D_ramp_nt10",3,200,102,"GATT","g=6_t=7",6,7,1,"doubleml",7.31040270243768,0.674853032148105,5.98771505413655,6.20036799309674,8.42043741177862,8.63309035073881,1.20623742733123e-27,,,,,,,,,7.77614539427218
"staggered","D_ramp_nt10",3,200,102,"CATT","surface",,,,"doubleml",,,,,,,,2.18077506749588,1.65780873092702,507,0.346345376275247,0.380670611439842,2.19218362615955,0.285996055226824,1.83973889633842,
"staggered","D_ramp_nt10",3,200,103,"GATT","g=4_t=4",4,4,0,"doubleml",2.16389319846487,0.507281114093955,1.16964047696082,1.32948982882297,2.99829656810677,3.15814591996891,9.96521493668318e-06,,,,,,,,,2.64813829283227
"staggered","D_ramp_nt10",3,200,103,"GATT","g=4_t=5",4,5,1,"doubleml",3.66020357127178,0.923453112617976,1.8502687148526,2.14125802516965,5.17914911737391,5.47013842769096,3.69131519020279e-05,,,,,,,,,3.70739360996517
"staggered","D_ramp_nt10",3,200,103,"GATT","g=4_t=6",4,6,2,"doubleml",5.81116624407025,0.838053056399338,4.16861242343758,4.43269132203958,7.18964116610093,7.45372006470292,2.04368810330417e-12,,,,,,,,,4.76664892709808
"staggered","D_ramp_nt10",3,200,103,"GATT","g=4_t=7",4,7,3,"doubleml",6.13091445902081,0.769555494301186,4.62261339418828,4.86510802599752,7.39672089204409,7.63921552385334,8.1401042480102e-16,,,,,,,,,5.82590424423098
"staggered","D_ramp_nt10",3,200,103,"GATT","g=5_t=5",5,5,0,"doubleml",4.42539472051163,0.825127746171208,2.80817404261492,3.06818004671093,5.78260939431232,6.04261539840833,4.08611039918166e-08,,,,,,,,,3.98036371411321
"staggered","D_ramp_nt10",3,200,103,"GATT","g=5_t=6",5,6,1,"doubleml",6.80135658775121,0.689111336096536,5.4507231770101,5.66786905012748,7.93484412537494,8.15198999849232,2.81523910955294e-23,,,,,,,,,5.57250919975849
"staggered","D_ramp_nt10",3,200,103,"GATT","g=5_t=7",5,7,2,"doubleml",7.31184917484795,0.536088150957198,6.26113569814527,6.4300624353934,8.1936359143025,8.36256265155062,1.16950625183582e-42,,,,,,,,,7.16465468540378
"staggered","D_ramp_nt10",3,200,103,"GATT","g=6_t=6",6,6,0,"doubleml",4.77958807039967,1.08609337286609,2.65088415894355,2.99312304166738,6.56605309913195,6.90829198185578,5.39472265781962e-06,,,,,,,,,5.70742086671556
"staggered","D_ramp_nt10",3,200,103,"GATT","g=6_t=7",6,7,1,"doubleml",6.29075477581878,1.28321834729844,3.77569301097435,4.18004794439156,8.401461607246,8.80581654066321,4.73542262065504e-07,,,,,,,,,7.99038921340178
"staggered","D_ramp_nt10",3,200,103,"CATT","surface",,,,"doubleml",,,,,,,,2.36775456288098,1.75784475692444,496,0.375177004340013,0.620967741935484,3.36117778643939,0.5,2.8207899363131,
"staggered","D_ramp_nt10",3,200,104,"GATT","g=4_t=4",4,4,0,"doubleml",3.55875618039768,0.499525441704812,2.57970429757215,2.73710975950775,4.3804026012876,4.53780806322321,5.23153096661419e-13,,,,,,,,,2.82275499108394
"staggered","D_ramp_nt10",3,200,104,"GATT","g=4_t=5",4,5,1,"doubleml",5.75712225110576,0.845578219510031,4.099819381682,4.36626953443181,7.14797496777971,7.41442512052952,4.93096014472764e-12,,,,,,,,,3.95185698751752
"staggered","D_ramp_nt10",3,200,104,"GATT","g=4_t=6",4,6,2,"doubleml",5.71717647205269,0.731436732916164,4.28358680725939,4.5140698361686,6.92028310793677,7.15076613684598,2.71852870595895e-15,,,,,,,,,5.08095898395109
"staggered","D_ramp_nt10",3,200,104,"GATT","g=4_t=7",4,7,3,"doubleml",6.85867491851601,0.589811506781645,5.70266559843823,5.88852110234019,7.82882873469182,8.01468423859379,1.47468148871968e-31,,,,,,,,,6.21006098038467
"staggered","D_ramp_nt10",3,200,104,"GATT","g=5_t=5",5,5,0,"doubleml",2.91601902467178,2.79737394163947,-2.56673319547967,-1.68525269272966,7.51729074207322,8.39877124482323,0.148610115808068,,,,,,,,,4.20670500000591
"staggered","D_ramp_nt10",3,200,104,"GATT","g=5_t=6",5,6,1,"doubleml",5.737563918864,0.770191102395819,4.22801708504788,4.47071200332383,7.00441583440417,7.24711075268012,4.68356573003783e-14,,,,,,,,,5.88938700000827
"staggered","D_ramp_nt10",3,200,104,"GATT","g=5_t=7",5,7,2,"doubleml",6.9858007831679,0.805622756229426,5.40680918337745,5.6606689700929,8.31093259624289,8.56479238295835,2.13597513981024e-18,,,,,,,,,7.57206900001064
"staggered","D_ramp_nt10",3,200,104,"GATT","g=6_t=6",6,6,0,"doubleml",4.34491485035961,0.72455903041598,2.92480523486938,3.15312103094376,5.53670866977545,5.76502446584983,1.00725093446219e-09,,,,,,,,,5.20850472491352
"staggered","D_ramp_nt10",3,200,104,"GATT","g=6_t=7",6,7,1,"doubleml",6.53159037719383,0.715925334420341,5.128402495042,5.35399772717119,7.70918302721646,7.93477825934566,3.6440727101389e-20,,,,,,,,,7.29190661487892
"staggered","D_ramp_nt10",3,200,104,"CATT","surface",,,,"doubleml",,,,,,,,2.41669386648861,1.8434640667501,506,0.412993953240638,0.509881422924901,3.75857320507497,0.426877470355731,3.15429475779166,
"staggered","D_ramp_nt10",3,200,105,"GATT","g=4_t=4",4,4,0,"doubleml",2.39813441734812,0.746992388995815,0.93405622664233,1.1694409983388,3.62682783635745,3.86221260805392,0.000662782608760055,,,,,,,,,2.68159386977372
"staggered","D_ramp_nt10",3,200,105,"GATT","g=4_t=5",4,5,1,"doubleml",2.93478953366969,0.918925090084985,1.13372943840636,1.42329192354304,4.44628714379633,4.73584962893301,0.000702261112766773,,,,,,,,,3.7542314176832
"staggered","D_ramp_nt10",3,200,105,"GATT","g=4_t=6",4,6,2,"doubleml",4.49978808078648,0.634569582509565,3.2560545435727,3.45601376471729,5.54356239685567,5.74352161800025,6.65313557426494e-13,,,,,,,,,4.82686896559269
"staggered","D_ramp_nt10",3,200,105,"GATT","g=4_t=7",4,7,3,"doubleml",5.68641078279555,0.856123755921606,4.00843904164441,4.27821219837287,7.09460936721822,7.36438252394668,1.54682358370432e-11,,,,,,,,,5.89950651350218
"staggered","D_ramp_nt10",3,200,105,"GATT","g=5_t=5",5,5,0,"doubleml",4.86190058625263,1.31475958226364,2.28501913636086,2.69931302832796,7.02448814417731,7.4387820361444,0.000108678599922485,,,,,,,,,4.31334671792746
"staggered","D_ramp_nt10",3,200,105,"GATT","g=5_t=6",5,6,1,"doubleml",6.43662999383279,1.18500418372374,4.11406445388487,4.48747112221806,8.38578886544752,8.75919553378071,2.7904208334638e-08,,,,,,,,,6.03868540509844
"staggered","D_ramp_nt10",3,200,105,"GATT","g=5_t=7",5,7,2,"doubleml",7.49635925122093,0.881972254714662,5.76772538298136,6.0456436601645,8.94707484227736,9.2249931194605,9.51709929218041e-18,,,,,,,,,7.76402409226942
"staggered","D_ramp_nt10",3,200,105,"GATT","g=6_t=6",6,6,0,"doubleml",3.57162322048415,1.01910875878097,1.57420674118876,1.89533810216823,5.24790833880007,5.56903969977954,0.000228600837519596,,,,,,,,,4.84362369356827
"staggered","D_ramp_nt10",3,200,105,"GATT","g=6_t=7",6,7,1,"doubleml",6.82443080498037,0.770625012388349,5.31403352319965,5.55686517085335,8.0919964391074,8.33482808676109,4.15768033993512e-19,,,,,,,,,6.78107317099558
"staggered","D_ramp_nt10",3,200,105,"CATT","surface",,,,"doubleml",,,,,,,,2.19327865108278,1.66986487898132,522,0.355905398991341,0.574712643678161,3.67773823635281,0.519157088122605,3.08645589868889,
"staggered","D_ramp_nt10",3,200,106,"GATT","g=4_t=4",4,4,0,"doubleml",2.80453907437786,0.764014291129082,1.30709856827934,1.54784711155703,4.0612310371987,4.30197958047638,0.00012089908310428,,,,,,,,,2.66360852553627
"staggered","D_ramp_nt10",3,200,106,"GATT","g=4_t=5",4,5,1,"doubleml",3.50792609667772,0.601333208246621,2.32933465650984,2.51882076376043,4.49703142959501,4.6865175368456,2.71250941372899e-09,,,,,,,,,3.72905193575078
"staggered","D_ramp_nt10",3,200,106,"GATT","g=4_t=6",4,6,2,"doubleml",6.10249053467276,1.15699614529764,3.83481974175062,4.19940079709535,8.00558027225017,8.37016132759491,6.6586124784299e-08,,,,,,,,,4.79449534596529
"staggered","D_ramp_nt10",3,200,106,"GATT","g=4_t=7",4,7,3,"doubleml",5.49348407627117,1.10849339835952,3.32087692124885,3.67017427600592,7.31679387653642,7.66609123129348,3.60145538512997e-07,,,,,,,,,5.8599387561798
"staggered","D_ramp_nt10",3,200,106,"GATT","g=5_t=5",5,5,0,"doubleml",4.72139378978867,0.639882191200264,3.46724773079503,3.66888100806415,5.77390657151318,5.9755398487823,8.00197542715422e-14,,,,,,,,,4.27346186539714
"staggered","D_ramp_nt10",3,200,106,"GATT","g=5_t=6",5,6,1,"doubleml",6.82417707860543,0.522407168866971,5.80027783428425,5.96489355726592,7.68346059994495,7.84807632292662,2.68058060596439e-39,,,,,,,,,5.98284661155599
"staggered","D_ramp_nt10",3,200,106,"GATT","g=5_t=7",5,7,2,"doubleml",8.38173071592327,0.862785240639153,6.69070270453919,6.962574961717,9.80088647012955,10.0727587273073,1.30462329352422e-22,,,,,,,,,7.69223135771485
"staggered","D_ramp_nt10",3,200,106,"GATT","g=6_t=6",6,6,0,"doubleml",6.52068120523764,0.779532004911714,4.99282653876286,5.23846486883059,7.8028975416447,8.04853587171243,3.00914979485715e-17,,,,,,,,,5.76580599695532
"staggered","D_ramp_nt10",3,200,106,"GATT","g=6_t=7",6,7,1,"doubleml",8.00073604700548,0.736613607950274,6.55699989351283,6.78911420751404,9.21235788649692,9.44447220049813,8.79088413783673e-28,,,,,,,,,8.07212839573745
"staggered","D_ramp_nt10",3,200,106,"CATT","surface",,,,"doubleml",,,,,,,,2.51702264063834,1.91628773892032,488,0.442863865629854,0.491803278688525,3.05505646181989,0.411885245901639,2.56388476597034,
"staggered","D_ramp_nt10",3,200,107,"GATT","g=4_t=4",4,4,0,"doubleml",2.05145388320033,1.33347394061698,-0.562107035347099,-0.141916061919281,4.24482382831993,4.66501480174775,0.0619719786248053,,,,,,,,,2.68405010791829
"staggered","D_ramp_nt10",3,200,107,"GATT","g=4_t=5",4,5,1,"doubleml",3.49267462426847,0.710474699172528,2.10016979097948,2.32404747343574,4.6613017751012,4.88517945755745,4.41712278078259e-07,,,,,,,,,3.7576701510856
"staggered","D_ramp_nt10",3,200,107,"GATT","g=4_t=6",4,6,2,"doubleml",3.75168742945547,0.713005651229474,2.35422202124914,2.57889723200806,4.92447762690287,5.14915283766179,7.13290520260531e-08,,,,,,,,,4.83129019425291
"staggered","D_ramp_nt10",3,200,107,"GATT","g=4_t=7",4,7,3,"doubleml",4.54909096557973,1.59605493189525,1.42088075704259,1.9238136266321,7.17436830452735,7.67730117411687,0.00218452188440547,,,,,,,,,5.90491023742023
"staggered","D_ramp_nt10",3,200,107,"GATT","g=5_t=5",5,5,0,"doubleml",3.64572777976116,0.563905700418611,2.54049290754589,2.7181852328048,4.57327032671751,4.75096265197642,5.06034355330843e-11,,,,,,,,,3.88011703027949
"staggered","D_ramp_nt10",3,200,107,"GATT","g=5_t=6",5,6,1,"doubleml",4.53699615099508,0.953709739691093,2.66775939475117,2.96828287082523,6.10570943116493,6.40623290723899,9.8144165631386e-07,,,,,,,,,5.43216384239128
"staggered","D_ramp_nt10",3,200,107,"GATT","g=5_t=7",5,7,2,"doubleml",7.64045493479572,0.733815786216372,6.20220241117993,6.43343510357457,8.84747476601686,9.0787074584115,1.09345097274236e-25,,,,,,,,,6.98421065450307
"staggered","D_ramp_nt10",3,200,107,"GATT","g=6_t=6",6,6,0,"doubleml",4.9422867674006,0.642872230385719,3.68228033924489,3.88485580776173,5.99971772703947,6.20229319555632,7.4830875184129e-15,,,,,,,,,5.68204169468007
"staggered","D_ramp_nt10",3,200,107,"GATT","g=6_t=7",6,7,1,"doubleml",8.66083310593836,0.494615082928937,7.69140534954063,7.84726350832237,9.47440270355436,9.6302608623361,5.98350610775042e-69,,,,,,,,,7.9548583725521
"staggered","D_ramp_nt10",3,200,107,"CATT","surface",,,,"doubleml",,,,,,,,2.12159083328342,1.65716688505244,521,0.336977377707084,0.583493282149712,3.31573338459561,0.500959692898273,2.7826517836989,
"staggered","D_ramp_nt10",3,200,108,"GATT","g=4_t=4",4,4,0,"doubleml",3.47925692256018,0.735701274297515,2.03730891018293,2.26913573872682,4.68937810639355,4.92120493493744,1.12719382587853e-06,,,,,,,,,2.87236854055406
"staggered","D_ramp_nt10",3,200,108,"GATT","g=4_t=5",4,5,1,"doubleml",4.4229114761516,0.691452675516216,3.06768912443614,3.28557277701805,5.56025017528515,5.77813382786706,7.94635056839346e-11,,,,,,,,,4.02131595677568
"staggered","D_ramp_nt10",3,200,108,"GATT","g=4_t=6",4,6,2,"doubleml",5.66647744094576,0.624471339674138,4.44253609615268,4.63931325999739,6.69364162189412,6.89041878573884,5.7342393381632e-20,,,,,,,,,5.17026337299731
"staggered","D_ramp_nt10",3,200,108,"GATT","g=4_t=7",4,7,3,"doubleml",5.74161484961478,0.92212594450456,3.93428119491985,4.22485230129268,7.25837739793689,7.54894850430972,2.38488979223477e-10,,,,,,,,,6.31921078921893
"staggered","D_ramp_nt10",3,200,108,"GATT","g=5_t=5",5,5,0,"doubleml",3.54815121572548,0.608875341478666,2.35477746593959,2.54664017479293,4.54966225665803,4.74152496551137,2.81512599813768e-09,,,,,,,,,4.09834962712908
"staggered","D_ramp_nt10",3,200,108,"GATT","g=5_t=6",5,6,1,"doubleml",5.28008685230995,0.540939266075264,4.21986536461601,4.39032073674899,6.16985296787091,6.34030834000389,8.27896868496216e-23,,,,,,,,,5.73768947798071
"staggered","D_ramp_nt10",3,200,108,"GATT","g=5_t=7",5,7,2,"doubleml",6.77519642979732,0.645047336092772,5.51092687275959,5.71418773883578,7.83620512075887,8.03946598683506,4.16576083017938e-26,,,,,,,,,7.37702932883234
"staggered","D_ramp_nt10",3,200,108,"GATT","g=6_t=6",6,6,0,"doubleml",4.84947459765076,0.597288399354844,3.67881083729764,3.86702238481834,5.83192681048317,6.02013835800387,2.34728410816673e-16,,,,,,,,,5.16740192153946
"staggered","D_ramp_nt10",3,200,108,"GATT","g=6_t=7",6,7,1,"doubleml",7.12664257475589,0.733957486776802,5.68811232314288,5.91938966680112,8.33389548271066,8.5651728263689,1.36823237264112e-22,,,,,,,,,7.23436269015525
"staggered","D_ramp_nt10",3,200,108,"CATT","surface",,,,"doubleml",,,,,,,,2.15820825901504,1.70092689676009,520,0.383160554624558,0.413461538461538,2.66939280637395,0.328846153846154,2.24022555268129,
"staggered","D_ramp_nt10",3,200,109,"GATT","g=4_t=4",4,4,0,"doubleml",2.4846518198455,0.444655167198587,1.61314369972229,1.75325898945824,3.21604465023277,3.35615993996872,1.14970706949744e-08,,,,,,,,,2.64846058817797
"staggered","D_ramp_nt10",3,200,109,"GATT","g=4_t=5",4,5,1,"doubleml",2.83756742104824,0.617798113927362,1.62670535848272,1.82137972216237,3.85375511993412,4.04842948361377,2.18424472453641e-06,,,,,,,,,3.70784482344916
"staggered","D_ramp_nt10",3,200,109,"GATT","g=4_t=6",4,6,2,"doubleml",4.32974442124984,0.67859202514239,2.99972848128366,3.21355961432628,5.4459292281734,5.65976036121602,8.8265551499189e-11,,,,,,,,,4.76722905872034
"staggered","D_ramp_nt10",3,200,109,"GATT","g=4_t=7",4,7,3,"doubleml",5.06222610380726,0.662919957532866,3.76292685216132,3.9718195599795,6.15263264763503,6.36152535545321,1.11815252379887e-14,,,,,,,,,5.82661329399153
"staggered","D_ramp_nt10",3,200,109,"GATT","g=5_t=5",5,5,0,"doubleml",3.98430224848292,0.489177798645858,3.02553137353779,3.17967618966909,4.78892830729676,4.94307312342806,1.89804169532422e-16,,,,,,,,,4.35562820990426
"staggered","D_ramp_nt10",3,200,109,"GATT","g=5_t=6",5,6,1,"doubleml",5.50324898311923,0.72228286049572,4.08760057873059,4.3151991309014,6.69129883533705,6.91889738750786,1.27583366846171e-14,,,,,,,,,6.09787949386596
"staggered","D_ramp_nt10",3,200,109,"GATT","g=5_t=7",5,7,2,"doubleml",8.24956356318222,1.0268372279144,6.23699956261019,6.5605662414983,9.93856088486613,10.2621275637542,4.71901057949511e-16,,,,,,,,,7.84013077782767
"staggered","D_ramp_nt10",3,200,109,"GATT","g=6_t=6",6,6,0,"doubleml",5.32149701345189,0.566704768079663,4.2107760693874,4.38935040885699,6.2536436180468,6.43221795751638,2.99302262020045e-21,,,,,,,,,5.27573452541867
"staggered","D_ramp_nt10",3,200,109,"GATT","g=6_t=7",6,7,1,"doubleml",7.73449926888178,0.646338877299851,6.46769833757366,6.67136618119962,8.79763235656395,9.00130020018991,2.65712724654629e-33,,,,,,,,,7.38602833558614
"staggered","D_ramp_nt10",3,200,109,"CATT","surface",,,,"doubleml",,,,,,,,2.15818790818209,1.65300528492746,534,0.347859351233193,0.400749063670412,2.56417584742748,0.342696629213483,2.15192467787392,
"staggered","D_ramp_nt10",3,200,110,"GATT","g=4_t=4",4,4,0,"doubleml",2.97426324155688,1.29872608998749,0.428806859320631,0.83804843753659,5.11047804557717,5.51971962379313,0.0110066307099717,,,,,,,,,2.62104568602472
"staggered","D_ramp_nt10",3,200,110,"GATT","g=4_t=5",4,5,1,"doubleml",3.15795214940868,0.952197356713964,1.29167960935415,1.59172651842828,4.72417778038907,5.0242246894632,0.000455780724884957,,,,,,,,,3.66946396043461
"staggered","D_ramp_nt10",3,200,110,"GATT","g=4_t=6",4,6,2,"doubleml",4.17965276858254,0.858232178319338,2.49754859543506,2.76798613714527,5.59131940001982,5.86175694173003,5.57787077714131e-07,,,,,,,,,4.7178822348445
"staggered","D_ramp_nt10",3,200,110,"GATT","g=4_t=7",4,7,3,"doubleml",7.26145564463683,3.19913567366158,0.991264893144386,1.99934453527189,12.5235667540018,13.5316463961293,0.0116093148608181,,,,,,,,,5.76630050925439
"staggered","D_ramp_nt10",3,200,110,"GATT","g=5_t=5",5,5,0,"doubleml",3.7189828909737,0.943153207000313,1.87043655876854,2.16763356582641,5.270332216121,5.56752922317887,4.02112374643716e-05,,,,,,,,,4.32481530225843
"staggered","D_ramp_nt10",3,200,110,"GATT","g=5_t=6",5,6,1,"doubleml",7.8487050606683,1.32860553727004,5.24468603741837,5.66334292826753,10.0340671930691,10.4527240839182,1.73694668877379e-09,,,,,,,,,6.0547414231618
"staggered","D_ramp_nt10",3,200,110,"GATT","g=5_t=7",5,7,2,"doubleml",8.61951257719572,1.50011172971042,5.67934759098556,6.15204779813461,11.0869773562568,11.5596775634059,4.57129584557325e-09,,,,,,,,,7.78466754406517
"staggered","D_ramp_nt10",3,200,110,"GATT","g=6_t=6",6,6,0,"doubleml",6.46605132453222,0.60052763821693,5.28903877262201,5.47827103670055,7.45383161236389,7.64306387644243,2.45641467297863e-27,,,,,,,,,5.90690835693801
"staggered","D_ramp_nt10",3,200,110,"GATT","g=6_t=7",6,7,1,"doubleml",9.15905979989905,0.942811529440041,7.31118314341164,7.60827248445349,10.7098471153446,11.0069364563865,1.30605257813329e-22,,,,,,,,,8.26967169971322
"staggered","D_ramp_nt10",3,200,110,"CATT","surface",,,,"doubleml",,,,,,,,2.38646427566597,1.79392440755415,551,0.41071161413478,0.744101633393829,5.15343911165714,0.678765880217786,4.32490338422833,
"staggered","D_ramp_nt10",3,200,111,"GATT","g=4_t=4",4,4,0,"doubleml",1.73985898135783,0.990263197927087,-0.201021237104139,0.111020599194665,3.36869736352099,3.68073919981979,0.0394617841220094,,,,,,,,,2.68283184171
"staggered","D_ramp_nt10",3,200,111,"GATT","g=4_t=5",4,5,1,"doubleml",2.81136687524714,0.644024069933722,1.54910288304356,1.75204130772038,3.8706924427739,4.07363086745072,6.34703254134422e-06,,,,,,,,,3.75596457839399
"staggered","D_ramp_nt10",3,200,111,"GATT","g=4_t=6",4,6,2,"doubleml",4.4001488842423,0.903313922969532,2.62968611452325,2.91432936479018,5.88596840369443,6.17061165396136,5.54842150709776e-07,,,,,,,,,4.82909731507799
"staggered","D_ramp_nt10",3,200,111,"GATT","g=4_t=7",4,7,3,"doubleml",5.76936165450184,0.588652800831428,4.61562335637307,4.80111374044306,6.73760956856061,6.9230999526306,5.57611684027485e-23,,,,,,,,,5.90223005176199
"staggered","D_ramp_nt10",3,200,111,"GATT","g=5_t=5",5,5,0,"doubleml",2.77631338003293,0.696595862272503,1.41101056742987,1.63051488959056,3.92211187047531,4.141616192636,3.36628658215532e-05,,,,,,,,,3.62132543753995
"staggered","D_ramp_nt10",3,200,111,"GATT","g=5_t=6",5,6,1,"doubleml",4.50547970266507,0.590324949579087,3.34846405318825,3.53448134805011,5.47647805728003,5.6624953521419,1.15388056840233e-14,,,,,,,,,5.06985561255593
"staggered","D_ramp_nt10",3,200,111,"GATT","g=5_t=7",5,7,2,"doubleml",6.84557319112427,0.976951594908609,4.93078323536082,5.23863045243247,8.45251592981608,8.76036314688773,1.21675833723679e-12,,,,,,,,,6.51838578757191
"staggered","D_ramp_nt10",3,200,111,"GATT","g=6_t=6",6,6,0,"doubleml",6.4910762676997,0.754756175043582,5.01178133583658,5.24961255415456,7.73253998124484,7.97037119956282,3.97784486373125e-18,,,,,,,,,5.61622386666034
"staggered","D_ramp_nt10",3,200,111,"GATT","g=6_t=7",6,7,1,"doubleml",9.90710928112549,1.41858174377043,7.12674013227823,7.57374942555773,12.2404691366933,12.6874784299728,1.43637441902811e-12,,,,,,,,,7.86271341332448
"staggered","D_ramp_nt10",3,200,111,"CATT","surface",,,,"doubleml",,,,,,,,2.2490857748733,1.79523586862668,530,0.381455884625649,0.5,3.32023800920682,0.428301886792453,2.78643218467068,
"staggered","D_ramp_nt10",3,200,112,"GATT","g=4_t=4",4,4,0,"doubleml",1.95099869310532,0.758023324515914,0.465300265893806,0.704160995682016,3.19783639052862,3.43669712031683,0.00502945336851065,,,,,,,,,2.77392143246635
"staggered","D_ramp_nt10",3,200,112,"GATT","g=4_t=5",4,5,1,"doubleml",3.93316287424597,0.532318429480062,2.88983791592851,3.05757677624197,4.80874897224997,4.97648783256343,7.41129220487374e-14,,,,,,,,,3.88349000545289
"staggered","D_ramp_nt10",3,200,112,"GATT","g=4_t=6",4,6,2,"doubleml",4.87563780049702,0.531362408553871,3.83418660877814,4.00162421733755,5.74965138365649,5.9170889922159,2.24263270151678e-20,,,,,,,,,4.99305857843943
"staggered","D_ramp_nt10",3,200,112,"GATT","g=4_t=7",4,7,3,"doubleml",6.02201984452441,0.945679897658173,4.16852128959071,4.46651448214178,7.57752520690705,7.87551839945812,9.58004996534379e-11,,,,,,,,,6.10262715142597
"staggered","D_ramp_nt10",3,200,112,"GATT","g=5_t=5",5,5,0,"doubleml",4.24521048698371,0.581719137961485,3.10506191846817,3.28836743603121,5.20205353793621,5.38535905549926,1.46366575521471e-13,,,,,,,,,4.13238497072322
"staggered","D_ramp_nt10",3,200,112,"GATT","g=5_t=6",5,6,1,"doubleml",6.13383556340128,0.659633715817404,4.84097722721293,5.04883440740416,7.2188367193984,7.42669389958962,7.0985852907207e-21,,,,,,,,,5.7853389590125
"staggered","D_ramp_nt10",3,200,112,"GATT","g=5_t=7",5,7,2,"doubleml",7.45751055949681,0.596840835109883,6.2877240089515,6.47579452450298,8.43922659449064,8.62729711004211,3.97612739822599e-36,,,,,,,,,7.43829294730179
"staggered","D_ramp_nt10",3,200,112,"GATT","g=6_t=6",6,6,0,"doubleml",5.26478843604818,0.46049477380889,4.36223525719461,4.50734176536953,6.02223510672683,6.16734161490175,1.4319900732031e-30,,,,,,,,,5.48398508647701
"staggered","D_ramp_nt10",3,200,112,"GATT","g=6_t=7",6,7,1,"doubleml",5.89786006536019,1.31994602966588,3.31081336527213,3.72674155868014,8.06897857204023,8.48490676544824,3.94294876318915e-06,,,,,,,,,7.67757912106781
"staggered","D_ramp_nt10",3,200,112,"CATT","surface",,,,"doubleml",,,,,,,,2.29174920885716,1.79188332022294,493,0.368849042194915,0.454361054766734,2.81639722322819,0.39553752535497,2.36359557533495,
"staggered","D_ramp_nt10",3,200,113,"GATT","g=4_t=4",4,4,0,"doubleml",2.75733953667568,0.607241556079039,1.56716794745678,1.75851583419285,3.75616323915851,3.94751112589458,2.80256047313892e-06,,,,,,,,,2.89363472341928
"staggered","D_ramp_nt10",3,200,113,"GATT","g=4_t=5",4,5,1,"doubleml",3.55020232523558,0.666102773747695,2.24466486838995,2.45456051342559,4.64584413704557,4.8557397820812,4.91573368106068e-08,,,,,,,,,4.051088612787
"staggered","D_ramp_nt10",3,200,113,"GATT","g=4_t=6",4,6,2,"doubleml",4.75913420748808,0.496534373757138,3.78594471016154,3.94240765667615,5.5758607583,5.73232370481461,4.63622823207209e-22,,,,,,,,,5.20854250215471
"staggered","D_ramp_nt10",3,200,113,"GATT","g=4_t=7",4,7,3,"doubleml",6.13448526058039,0.710345376828746,4.74223389442961,4.96607082612212,7.30289969503866,7.52673662673116,2.91283459343808e-18,,,,,,,,,6.36599639152243
"staggered","D_ramp_nt10",3,200,113,"GATT","g=5_t=5",5,5,0,"doubleml",3.15986788291065,0.486508273880873,2.20632918040199,2.3596328025846,3.9601029632367,4.1134065854193,4.15186078089664e-11,,,,,,,,,3.9698494077415
"staggered","D_ramp_nt10",3,200,113,"GATT","g=5_t=6",5,6,1,"doubleml",4.72776127265127,0.557684606274094,3.63471952099987,3.8104515172829,5.64507102801964,5.82080302430267,1.15059866842917e-17,,,,,,,,,5.5577891708381
"staggered","D_ramp_nt10",3,200,113,"GATT","g=5_t=7",5,7,2,"doubleml",6.62075983535567,0.783155222475167,5.08580379289236,5.33258383504651,7.90893583566484,8.15571587781899,1.40797668982906e-17,,,,,,,,,7.1457289339347
"staggered","D_ramp_nt10",3,200,113,"GATT","g=6_t=6",6,6,0,"doubleml",5.9920124908373,0.839311407870158,4.34699234662247,4.61146776435644,7.37255721731816,7.63703263505213,4.69376325183191e-13,,,,,,,,,5.83932657732351
"staggered","D_ramp_nt10",3,200,113,"GATT","g=6_t=7",6,7,1,"doubleml",8.30538278646295,0.761345733880428,6.81317255650373,7.05308021070679,9.55768536221911,9.79759301642217,5.23032421711893e-28,,,,,,,,,8.17505720825292
"staggered","D_ramp_nt10",3,200,113,"CATT","surface",,,,"doubleml",,,,,,,,2.18004235851495,1.60668990356235,524,0.321869944269607,0.467557251908397,2.54849560854893,0.395038167938931,2.1387654037034,
"staggered","D_ramp_nt10",3,200,114,"GATT","g=4_t=4",4,4,0,"doubleml",2.83385557395033,0.677168319904164,1.50663004499769,1.72001255428269,3.94769859361798,4.16108110290298,1.42670063629257e-05,,,,,,,,,2.63093956210922
"staggered","D_ramp_nt10",3,200,114,"GATT","g=4_t=5",4,5,1,"doubleml",3.75663265870778,0.534911278112618,2.70822581041306,2.87678170325913,4.63648361415643,4.8050395070025,1.08648704101378e-12,,,,,,,,,3.68331538695291
"staggered","D_ramp_nt10",3,200,114,"GATT","g=4_t=6",4,6,2,"doubleml",4.09099103766754,0.576364543194676,2.96133728212953,3.1429555133356,5.03902656199947,5.22064479320555,6.3322940628467e-13,,,,,,,,,4.7356912117966
"staggered","D_ramp_nt10",3,200,114,"GATT","g=4_t=7",4,7,3,"doubleml",6.71896915143585,0.840778426339577,5.07107370383363,5.33601139375749,8.10192690911421,8.36686459903808,6.67252015852543e-16,,,,,,,,,5.78806703664028
"staggered","D_ramp_nt10",3,200,114,"GATT","g=5_t=5",5,5,0,"doubleml",5.09004400271987,0.821512922059279,3.47990824994887,3.73877518681897,6.44131281862076,6.70017975549086,2.89692708494038e-10,,,,,,,,,4.09447840466669
"staggered","D_ramp_nt10",3,200,114,"GATT","g=5_t=6",5,6,1,"doubleml",4.36002074539886,0.593708031235274,3.19637437766684,3.38345771538939,5.33658377540832,5.52366711313087,1.03875017332108e-13,,,,,,,,,5.73226976653336
"staggered","D_ramp_nt10",3,200,114,"GATT","g=5_t=7",5,7,2,"doubleml",7.18918823126748,0.69854882784711,5.82005767644494,6.04017739758785,8.3381990649471,8.55831878609001,3.84422081123464e-25,,,,,,,,,7.37006112840004
"staggered","D_ramp_nt10",3,200,114,"GATT","g=6_t=6",6,6,0,"doubleml",4.36141967716146,0.615684967469477,3.15469930558012,3.34870779567942,5.3741315586435,5.56814004874281,7.01020622654818e-13,,,,,,,,,5.41928633009619
"staggered","D_ramp_nt10",3,200,114,"GATT","g=6_t=7",6,7,1,"doubleml",6.78785215100951,0.542869514534465,5.72384744582448,5.89491105854944,7.68079324346958,7.85185685619454,3.56489649807305e-36,,,,,,,,,7.58700086213467
"staggered","D_ramp_nt10",3,200,114,"CATT","surface",,,,"doubleml",,,,,,,,2.28382084049652,1.7746427118218,528,0.380718710696704,0.401515151515151,2.56046916336029,0.337121212121212,2.14881392986291,
"staggered","D_ramp_nt10",3,200,115,"GATT","g=4_t=4",4,4,0,"doubleml",2.68479753032848,0.32803192840496,2.04186675980418,2.14523290076387,3.22436215989309,3.32772830085278,1.36648340266932e-16,,,,,,,,,2.44504834907012
"staggered","D_ramp_nt10",3,200,115,"GATT","g=4_t=5",4,5,1,"doubleml",3.68531999864831,0.522442018803466,2.6613524497062,2.82597915425136,4.54466084304527,4.70928754759043,8.69064439555583e-13,,,,,,,,,3.42306768869816
"staggered","D_ramp_nt10",3,200,115,"GATT","g=4_t=6",4,6,2,"doubleml",4.50671694876211,0.746546666161792,3.04351235876498,3.27875667873922,5.73467721878499,5.96992153875924,7.86236384361549e-10,,,,,,,,,4.40108702832621
"staggered","D_ramp_nt10",3,200,115,"GATT","g=4_t=7",4,7,3,"doubleml",4.76342468711812,2.24856306259102,0.356322032709985,1.06486673936304,8.46198263487321,9.17052734152626,0.0170693104009153,,,,,,,,,5.37910636795426
"staggered","D_ramp_nt10",3,200,115,"GATT","g=5_t=5",5,5,0,"doubleml",4.30379697332463,0.490382705794245,3.34266452374531,3.49718901816814,5.11040492848111,5.26492942290394,8.43920033375455e-19,,,,,,,,,4.33915645731707
"staggered","D_ramp_nt10",3,200,115,"GATT","g=5_t=6",5,6,1,"doubleml",6.11900359096312,0.642052772165281,4.86060327141896,5.06292052045597,7.17508666147027,7.37740391050727,7.83581612371176e-22,,,,,,,,,6.0748190402439
"staggered","D_ramp_nt10",3,200,115,"GATT","g=5_t=7",5,7,2,"doubleml",7.21279707188086,1.03234881270341,5.18943056353943,5.5147339979104,8.91086014585132,9.23616358022229,1.4063043612761e-12,,,,,,,,,7.81048162317073
"staggered","D_ramp_nt10",3,200,115,"GATT","g=6_t=6",6,6,0,"doubleml",5.43390329844236,0.467623338025566,4.51737839035242,4.66473118039766,6.20307541648706,6.3504282065323,1.62578607345644e-31,,,,,,,,,5.89192543947335
"staggered","D_ramp_nt10",3,200,115,"GATT","g=6_t=7",6,7,1,"doubleml",8.03840491104591,0.568393707878629,6.92437370577728,7.10348024706691,8.9733295750249,9.15243611631453,1.04153165565644e-45,,,,,,,,,8.24869561526269
"staggered","D_ramp_nt10",3,200,115,"CATT","surface",,,,"doubleml",,,,,,,,2.16004923900559,1.63833189448245,496,0.362236234566139,0.479838709677419,3.06647793782172,0.399193548387097,2.57346997288614,
"staggered","D_ramp_nt10",3,200,116,"GATT","g=4_t=4",4,4,0,"doubleml",3.20505400450544,0.568427826997689,2.09095592699174,2.27007321955699,4.1400347894539,4.31915208201914,8.57919524228477e-09,,,,,,,,,2.65047744794486
"staggered","D_ramp_nt10",3,200,116,"GATT","g=4_t=5",4,5,1,"doubleml",2.92440885218864,1.61571864636895,-0.242341528823237,0.266787573834084,5.5820301305432,6.09115923320052,0.0351499042921662,,,,,,,,,3.7106684271228
"staggered","D_ramp_nt10",3,200,116,"GATT","g=4_t=6",4,6,2,"doubleml",4.61179334387152,0.668478858485421,3.301598846479,3.51224321957634,5.7113434681667,5.92198784126404,2.61966006997841e-12,,,,,,,,,4.77085940630075
"staggered","D_ramp_nt10",3,200,116,"GATT","g=4_t=7",4,7,3,"doubleml",5.82843671240682,0.563732013612092,4.72354226007961,4.90117985488891,6.75569356992472,6.93333116473403,2.34655438707468e-25,,,,,,,,,5.83105038547869
"staggered","D_ramp_nt10",3,200,116,"GATT","g=5_t=5",5,5,0,"doubleml",4.02478763342255,0.420858988793483,3.19991916631092,3.33253604226964,4.71703922457547,4.84965610053418,5.70474699922904e-22,,,,,,,,,4.13197502601409
"staggered","D_ramp_nt10",3,200,116,"GATT","g=5_t=6",5,6,1,"doubleml",6.0499440287923,0.445693643227837,5.17640053303689,5.31684305695442,6.78304500063018,6.9234875245477,2.84729406083891e-42,,,,,,,,,5.78476503641973
"staggered","D_ramp_nt10",3,200,116,"GATT","g=5_t=7",5,7,2,"doubleml",7.95947116504417,0.714675471747777,6.55873296873551,6.78393435663796,9.13500797345039,9.36020936135283,4.13470917161519e-29,,,,,,,,,7.43755504682537
"staggered","D_ramp_nt10",3,200,116,"GATT","g=6_t=6",6,6,0,"doubleml",5.55019922907641,0.516653444671,4.53757707704526,4.70037974399554,6.40001871415728,6.56282138110756,3.21064762664535e-27,,,,,,,,,5.67234450890628
"staggered","D_ramp_nt10",3,200,116,"GATT","g=6_t=7",6,7,1,"doubleml",7.95086028707221,0.527868372505165,6.9162572802235,7.0825938830836,8.81912669106082,8.98546329392093,1.43531071837169e-51,,,,,,,,,7.94128231246879
"staggered","D_ramp_nt10",3,200,116,"CATT","surface",,,,"doubleml",,,,,,,,1.93229982764972,1.54779697340264,484,0.359019007474209,0.466942148760331,2.67610376469612,0.425619834710744,2.24585756767751,
"staggered","D_ramp_nt10",3,200,117,"GATT","g=4_t=4",4,4,0,"doubleml",2.81554913042642,0.439288112732341,1.9545602438431,2.09298432104618,3.53811393980667,3.67653801700975,7.30730045116832e-11,,,,,,,,,2.76522431735486
"staggered","D_ramp_nt10",3,200,117,"GATT","g=4_t=5",4,5,1,"doubleml",4.09017457122531,0.461808128361949,3.18504726472851,3.33056762405664,4.84978151839398,4.99530187772211,4.1146193865488e-19,,,,,,,,,3.8713140442968
"staggered","D_ramp_nt10",3,200,117,"GATT","g=4_t=6",4,6,2,"doubleml",5.13580732944424,0.510750337509322,4.13475505493812,4.29569759379068,5.9759170650978,6.13685960395036,4.34765181081018e-24,,,,,,,,,4.97740377123875
"staggered","D_ramp_nt10",3,200,117,"GATT","g=4_t=7",4,7,3,"doubleml",7.25234975750603,1.51335510847489,4.28622822567914,4.76310155391067,9.74159796110139,10.2184712893329,8.24677418272562e-07,,,,,,,,,6.08349349818069
"staggered","D_ramp_nt10",3,200,117,"GATT","g=5_t=5",5,5,0,"doubleml",4.07272713436905,0.432211594211208,3.22560796933248,3.36180216478437,4.78365210395374,4.91984629940563,2.19203189900844e-21,,,,,,,,,4.29595177476124
"staggered","D_ramp_nt10",3,200,117,"GATT","g=5_t=6",5,6,1,"doubleml",6.84072065783085,0.846039998840485,5.18251271754346,5.44910838157808,8.23233293408362,8.49892859811824,3.09355562861521e-16,,,,,,,,,6.01433248466574
"staggered","D_ramp_nt10",3,200,117,"GATT","g=5_t=7",5,7,2,"doubleml",7.77027392160104,0.644883454555032,6.50632556647754,6.70953479184238,8.8310130513597,9.03422227672454,9.80235441308118e-34,,,,,,,,,7.73271319457024
"staggered","D_ramp_nt10",3,200,117,"GATT","g=6_t=6",6,6,0,"doubleml",3.75604333330032,0.697836797811009,2.38830833171547,2.60820368507369,4.90388298152695,5.12377833488518,3.67476876612786e-08,,,,,,,,,4.60847261807856
"staggered","D_ramp_nt10",3,200,117,"GATT","g=6_t=7",6,7,1,"doubleml",6.31539692080351,0.639534041265048,5.0619332231495,5.26345679489253,7.36733704671449,7.56886061845752,2.67172039321202e-23,,,,,,,,,6.45186166530998
"staggered","D_ramp_nt10",3,200,117,"CATT","surface",,,,"doubleml",,,,,,,,2.1828439990483,1.6427132142108,509,0.379652673512037,0.463654223968566,2.71142513156421,0.424361493123772,2.27550019967403,
"staggered","D_ramp_nt10",3,200,118,"GATT","g=4_t=4",4,4,0,"doubleml",3.17945021609406,0.536604647877295,2.12772442402188,2.2968139146145,4.06208651757362,4.23117600816623,1.56028897545052e-09,,,,,,,,,2.64342080537473
"staggered","D_ramp_nt10",3,200,118,"GATT","g=4_t=5",4,5,1,"doubleml",3.40293807646619,0.767080967587674,1.89948699490918,2.14120187860574,4.66467427432665,4.9063891580232,4.57766555572293e-06,,,,,,,,,3.70078912752463
"staggered","D_ramp_nt10",3,200,118,"GATT","g=4_t=6",4,6,2,"doubleml",4.86497824588816,0.538334319745199,3.80986235922308,3.97949688671799,5.75045960505833,5.92009413255324,8.04454643861957e-20,,,,,,,,,4.75815744967452
"staggered","D_ramp_nt10",3,200,118,"GATT","g=4_t=7",4,7,3,"doubleml",5.55844578191091,0.610847565785113,4.36120654348446,4.553690719939,6.56320084388282,6.75568502033736,4.53480938668364e-20,,,,,,,,,5.81552577182441
"staggered","D_ramp_nt10",3,200,118,"GATT","g=5_t=5",5,5,0,"doubleml",4.16405113605475,0.466573578552597,3.24958371874049,3.3966057190782,4.9314965530313,5.07851855336901,2.23359588888372e-19,,,,,,,,,4.23166704636039
"staggered","D_ramp_nt10",3,200,118,"GATT","g=5_t=6",5,6,1,"doubleml",6.28494447343153,0.755719960704103,4.80376055637007,5.04189547318755,7.52799347367552,7.76612839049299,4.52997894429716e-17,,,,,,,,,5.92433386490455
"staggered","D_ramp_nt10",3,200,118,"GATT","g=5_t=7",5,7,2,"doubleml",7.38988304105165,0.648762877752467,6.11833115612041,6.32276282652899,8.45700325557431,8.66143492598288,2.32537345151761e-30,,,,,,,,,7.6170006834487
"staggered","D_ramp_nt10",3,200,118,"GATT","g=6_t=6",6,6,0,"doubleml",5.95790170417524,0.788849567695789,4.41178495007593,4.66035933735255,7.25544407099792,7.50401845827454,2.13251194545411e-14,,,,,,,,,5.75812989080888
"staggered","D_ramp_nt10",3,200,118,"GATT","g=6_t=7",6,7,1,"doubleml",8.68163530220303,1.00818524991773,6.70562850703328,7.02331776113485,10.3399528432712,10.6576420973728,3.61653583830542e-18,,,,,,,,,8.06138184713243
"staggered","D_ramp_nt10",3,200,118,"CATT","surface",,,,"doubleml",,,,,,,,2.10104637668914,1.54282190359406,534,0.361395892336819,0.52059925093633,2.61819037078759,0.466292134831461,2.19725510476287,
"staggered","D_ramp_nt10",3,200,119,"GATT","g=4_t=4",4,4,0,"doubleml",3.31400352670135,0.770495052626919,1.80386096137448,2.04665165740775,4.58135539599495,4.82414609202822,8.49626022925371e-06,,,,,,,,,2.75403422632096
"staggered","D_ramp_nt10",3,200,119,"GATT","g=4_t=5",4,5,1,"doubleml",3.91210007874538,0.583624799063645,2.7682164830734,2.95212249350635,4.87207766398441,5.05598367441736,1.02016251239834e-11,,,,,,,,,3.85564791684934
"staggered","D_ramp_nt10",3,200,119,"GATT","g=4_t=6",4,6,2,"doubleml",4.66956023344889,1.16539249103132,2.38543290515718,2.75265973300606,6.58646073389172,6.9536875617406,3.07661381209637e-05,,,,,,,,,4.95726160737772
"staggered","D_ramp_nt10",3,200,119,"GATT","g=4_t=7",4,7,3,"doubleml",5.82696906878113,0.606070443614333,4.639092817833,4.83007167532032,6.82386646224194,7.01484531972925,3.47760025160481e-22,,,,,,,,,6.05887529790611
"staggered","D_ramp_nt10",3,200,119,"GATT","g=5_t=5",5,5,0,"doubleml",4.10341838493042,0.473586047403689,3.1752067811169,3.32443848051428,4.88239828934657,5.03162998874395,2.26614679257885e-18,,,,,,,,,3.94622296082607
"staggered","D_ramp_nt10",3,200,119,"GATT","g=5_t=6",5,6,1,"doubleml",4.16522090145586,1.69359806643183,0.845829660779855,1.37949934749319,6.95094245541853,7.48461214213186,0.00695863547038605,,,,,,,,,5.52471214515649
"staggered","D_ramp_nt10",3,200,119,"GATT","g=5_t=7",5,7,2,"doubleml",7.15540393089617,0.746189671386965,5.69289903780589,5.92803086515663,8.3827769966357,8.61790882398645,4.43611449635838e-22,,,,,,,,,7.10320132948692
"staggered","D_ramp_nt10",3,200,119,"GATT","g=6_t=6",6,6,0,"doubleml",5.22091464673766,0.527314697479092,4.18739682300775,4.35355895733038,6.08827033614493,6.25443247046757,2.06176738757135e-23,,,,,,,,,5.77815512859273
"staggered","D_ramp_nt10",3,200,119,"GATT","g=6_t=7",6,7,1,"doubleml",7.38426033464408,0.708347745097673,5.99592425477146,6.21913171272919,8.54938895655897,8.77259641451669,9.57054253240475e-26,,,,,,,,,8.08941718002982
"staggered","D_ramp_nt10",3,200,119,"CATT","surface",,,,"doubleml",,,,,,,,2.07436776840769,1.66690961030856,520,0.3626386006585,0.517307692307692,3.17013060866756,0.440384615384615,2.6604580554486,
"staggered","D_ramp_nt10",3,200,120,"GATT","g=4_t=4",4,4,0,"doubleml",2.31232968922056,0.432260399525245,1.46511486752546,1.60132444201986,3.02333493642126,3.15954451091566,4.4125460360987e-08,,,,,,,,,2.56260592253479
"staggered","D_ramp_nt10",3,200,120,"GATT","g=4_t=5",4,5,1,"doubleml",4.12402231116233,0.916226091479102,2.32825215600258,2.61696415968856,5.63108046263609,5.91979246632207,3.38018565262678e-06,,,,,,,,,3.5876482915487
"staggered","D_ramp_nt10",3,200,120,"GATT","g=4_t=6",4,6,2,"doubleml",4.52106141078525,0.592728284163384,3.35933531204325,3.54610992166597,5.49601289990453,5.68278750952726,1.19633540962793e-14,,,,,,,,,4.61269066056262
"staggered","D_ramp_nt10",3,200,120,"GATT","g=4_t=7",4,7,3,"doubleml",5.51024205504792,0.559942862631084,4.41277420223405,4.58921779767773,6.43126631241811,6.60770990786179,3.75847100978942e-23,,,,,,,,,5.63773302957653
"staggered","D_ramp_nt10",3,200,120,"GATT","g=5_t=5",5,5,0,"doubleml",3.2480744938329,2.02726029456147,-0.725282702136971,-0.086472710717707,6.5826216983835,7.22143168980277,0.0545558013662526,,,,,,,,,4.24438294369715
"staggered","D_ramp_nt10",3,200,120,"GATT","g=5_t=6",5,6,1,"doubleml",5.3569017526857,1.73971307189083,1.94712676145026,2.49532774753378,8.21847575783762,8.76667674392113,0.00103783199693512,,,,,,,,,5.94213612117601
"staggered","D_ramp_nt10",3,200,120,"GATT","g=5_t=7",5,7,2,"doubleml",7.64991846758574,0.67179485067649,6.33322474487444,6.54491402027111,8.75492291490037,8.96661219029703,2.41919504762248e-30,,,,,,,,,7.63988929865488
"staggered","D_ramp_nt10",3,200,120,"GATT","g=6_t=6",6,6,0,"doubleml",6.10987739310558,0.770627525811632,4.59947518510572,4.84230762476422,7.37744716144695,7.62027960110545,1.10954098696813e-15,,,,,,,,,5.36650027622474
"staggered","D_ramp_nt10",3,200,120,"GATT","g=6_t=7",6,7,1,"doubleml",7.19563805009177,0.89829678215016,5.43500869576161,5.71807099478495,8.67320510539859,8.95626740442192,5.72086109469647e-16,,,,,,,,,7.51310038671464
"staggered","D_ramp_nt10",3,200,120,"CATT","surface",,,,"doubleml",,,,,,,,2.18492513437249,1.74241291053016,526,0.381687212304556,0.545627376425855,3.83636831220213,0.448669201520913,3.21958248406549,
"staggered","D_ramp_nt10",3,200,121,"GATT","g=4_t=4",4,4,0,"doubleml",3.25305748655361,0.472022161407334,2.32791104299304,2.47664994627411,4.02946502683311,4.17820393011417,2.75555929407231e-12,,,,,,,,,2.85341966434461
"staggered","D_ramp_nt10",3,200,121,"GATT","g=4_t=5",4,5,1,"doubleml",0.836162877997194,2.81986761517075,-4.69067613250333,-3.80210764828687,5.47443340428126,6.36300188849772,0.383414367716885,,,,,,,,,3.99478753008246
"staggered","D_ramp_nt10",3,200,121,"GATT","g=4_t=6",4,6,2,"doubleml",5.73495087501355,0.765599289239107,4.23440382967932,4.47565182171145,6.99424992831566,7.23549792034779,3.42276275299301e-14,,,,,,,,,5.1361553958203
"staggered","D_ramp_nt10",3,200,121,"GATT","g=4_t=7",4,7,3,"doubleml",8.44240821530397,1.69027694810956,5.12952624697937,5.66214941609817,11.2226670145098,11.7552901836286,2.94652790458455e-07,,,,,,,,,6.27752326155815
"staggered","D_ramp_nt10",3,200,121,"GATT","g=5_t=5",5,5,0,"doubleml",4.01703178671643,0.978569004849778,2.09907176569504,2.40742864481326,5.62663492861961,5.93499180773783,2.0215205888156e-05,,,,,,,,,3.74049099523938
"staggered","D_ramp_nt10",3,200,121,"GATT","g=5_t=6",5,6,1,"doubleml",5.44020021826974,0.877858957323953,3.71962826483726,3.99625040087961,6.88415003565988,7.16077217170223,2.8752222571882e-10,,,,,,,,,5.23668739333513
"staggered","D_ramp_nt10",3,200,121,"GATT","g=5_t=7",5,7,2,"doubleml",6.57838927960178,0.830009039601775,4.95160144230773,5.21314559077664,7.94363296842692,8.20517711689584,1.13447048137312e-15,,,,,,,,,6.73288379143089
"staggered","D_ramp_nt10",3,200,121,"GATT","g=6_t=6",6,6,0,"doubleml",5.75395466195489,0.800988221615019,4.18404658316544,4.43644598167854,7.07146334223124,7.32386274074435,3.39572112513036e-13,,,,,,,,,5.36633774519175
"staggered","D_ramp_nt10",3,200,121,"GATT","g=6_t=7",6,7,1,"doubleml",7.53113252468461,0.804163098760469,5.95500180098565,6.20840163503606,8.85386341433316,9.10726324838357,3.79602275905679e-21,,,,,,,,,7.51287284326845
"staggered","D_ramp_nt10",3,200,121,"CATT","surface",,,,"doubleml",,,,,,,,2.24100490495066,1.79379244916504,553,0.418983237189836,0.636528028933092,4.38568208203647,0.562386980108499,3.68058123280122,
"staggered","D_ramp_nt10",3,200,122,"GATT","g=4_t=4",4,4,0,"doubleml",2.85228528512029,0.516009286234188,1.84092566043559,2.00352534662084,3.70104522361974,3.86364490980499,1.62334298932993e-08,,,,,,,,,2.49570651260195
"staggered","D_ramp_nt10",3,200,122,"GATT","g=4_t=5",4,5,1,"doubleml",3.399286771145,0.686565731859022,2.05364265306766,2.26998638083376,4.52858716145623,4.74493088922233,3.68889750201852e-07,,,,,,,,,3.49398911764273
"staggered","D_ramp_nt10",3,200,122,"GATT","g=4_t=6",4,6,2,"doubleml",5.06631659338565,0.571160810356838,3.94686196687542,4.12684044982696,6.00579273694434,6.18577121989588,3.65038957807871e-19,,,,,,,,,4.49227172268351
"staggered","D_ramp_nt10",3,200,122,"GATT","g=4_t=7",4,7,3,"doubleml",10.4666841344838,3.3714217921979,3.85881879296044,4.92118751389992,16.0121807550677,17.0745494760072,0.000952904139225571,,,,,,,,,5.49055432772429
"staggered","D_ramp_nt10",3,200,122,"GATT","g=5_t=5",5,5,0,"doubleml",2.74626760363999,0.653940179690349,1.46456839329337,1.6706314833156,3.82190372396438,4.02796681398661,1.33711135325602e-05,,,,,,,,,3.92196787305947
"staggered","D_ramp_nt10",3,200,122,"GATT","g=5_t=6",5,6,1,"doubleml",4.92836204872538,0.49469068593095,3.95878611316541,4.11466809520912,5.74205600224165,5.89793798428535,1.11185540534317e-23,,,,,,,,,5.49075502228326
"staggered","D_ramp_nt10",3,200,122,"GATT","g=5_t=7",5,7,2,"doubleml",7.23641990712279,1.12778775972709,5.02599649841704,5.38137369938465,9.09146611486092,9.44684331582853,6.97337556889449e-11,,,,,,,,,7.05954217150705
"staggered","D_ramp_nt10",3,200,122,"GATT","g=6_t=6",6,6,0,"doubleml",6.35099562827211,0.58845407953805,5.19764681672439,5.38307458172763,7.31891667481659,7.50434443981982,1.86382242942454e-27,,,,,,,,,5.62633465562013
"staggered","D_ramp_nt10",3,200,122,"GATT","g=6_t=7",6,7,1,"doubleml",8.33783276162793,0.752915231028962,6.86214601375948,7.09939713220902,9.57626839104684,9.81351950949638,8.38096343502887e-29,,,,,,,,,7.87686851786818
"staggered","D_ramp_nt10",3,200,122,"CATT","surface",,,,"doubleml",,,,,,,,2.70114386275335,2.00278537038816,532,0.479818529542863,0.496240601503759,3.94206632797235,0.424812030075188,3.30828707457414,
"staggered","D_ramp_nt10",3,200,123,"GATT","g=4_t=4",4,4,0,"doubleml",3.56115031847611,1.19789663675493,1.21331603471537,1.59078524392322,5.531515393029,5.90898460223684,0.00147531001683742,,,,,,,,,2.7400772474073
"staggered","D_ramp_nt10",3,200,123,"GATT","g=4_t=5",4,5,1,"doubleml",5.71735768546111,1.07940769793592,3.60175745618383,3.94188961588042,7.4928257550418,7.83295791473838,5.89394720616976e-08,,,,,,,,,3.83610814637022
"staggered","D_ramp_nt10",3,200,123,"GATT","g=4_t=6",4,6,2,"doubleml",6.6637902396815,1.6653345612917,3.39979445159398,3.92455802520261,9.40302245416039,9.92778602776902,3.14747729423207e-05,,,,,,,,,4.93213904533314
"staggered","D_ramp_nt10",3,200,123,"GATT","g=4_t=7",4,7,3,"doubleml",7.17246537720661,1.04662811313738,5.12111195406941,5.45091493880013,8.89401581561308,9.2238188003438,3.6177170897383e-12,,,,,,,,,6.02816994429606
"staggered","D_ramp_nt10",3,200,123,"GATT","g=5_t=5",5,5,0,"doubleml",3.86463329433066,0.682633640595803,2.52669593357394,2.74180062006209,4.98746596859922,5.20257065508737,7.5089957122209e-09,,,,,,,,,3.94273627564786
"staggered","D_ramp_nt10",3,200,123,"GATT","g=5_t=6",5,6,1,"doubleml",5.33079979439439,0.679444127603715,3.9991137642797,4.21321340332891,6.44838618545987,6.66248582450908,2.15058014873108e-15,,,,,,,,,5.51983078590701
"staggered","D_ramp_nt10",3,200,123,"GATT","g=5_t=7",5,7,2,"doubleml",6.89670374885161,1.3476160767053,4.25542475268798,4.68007205461858,9.11333544308464,9.53798274501525,1.54636568056901e-07,,,,,,,,,7.09692529616615
"staggered","D_ramp_nt10",3,200,123,"GATT","g=6_t=6",6,6,0,"doubleml",5.21093393364842,0.63015880242318,3.97584536661588,4.17441470684745,6.2474531604494,6.44602250068097,6.74082145684939e-17,,,,,,,,,5.31906172178141
"staggered","D_ramp_nt10",3,200,123,"GATT","g=6_t=7",6,7,1,"doubleml",7.51647455725236,0.801980831485536,5.94462099885065,6.19733317866005,8.83561593584467,9.08832811565408,3.54552591311497e-21,,,,,,,,,7.44668641049398
"staggered","D_ramp_nt10",3,200,123,"CATT","surface",,,,"doubleml",,,,,,,,2.39612405001347,1.9359616185609,536,0.506626501670306,0.546641791044776,4.07167643924549,0.444029850746269,3.41705933261973,
"staggered","D_ramp_nt10",3,200,124,"GATT","g=4_t=4",4,4,0,"doubleml",3.23816896006308,0.64493902450829,1.97411168983172,2.17733842584452,4.29899949428164,4.50222623029445,2.57160840789577e-07,,,,,,,,,2.77985832464836
"staggered","D_ramp_nt10",3,200,124,"GATT","g=4_t=5",4,5,1,"doubleml",3.84099077332884,0.521690099147304,2.81849695984369,2.982886726986,4.69909481967168,4.86348458681399,9.01872628145988e-14,,,,,,,,,3.8918016545077
"staggered","D_ramp_nt10",3,200,124,"GATT","g=4_t=6",4,6,2,"doubleml",4.94521070061624,0.654274631215237,3.6628559773211,3.86902445636333,6.02139694486915,6.22756542391138,2.04169453350104e-14,,,,,,,,,5.00374498436704
"staggered","D_ramp_nt10",3,200,124,"GATT","g=4_t=7",4,7,3,"doubleml",6.28368365567301,0.836516434583862,4.64414155848028,4.907736252182,7.65963105916401,7.92322575286573,2.91760381386946e-14,,,,,,,,,6.11568831422638
"staggered","D_ramp_nt10",3,200,124,"GATT","g=5_t=5",5,5,0,"doubleml",4.01647707309831,0.566050716237197,2.90703804709919,3.08540628829269,4.94754785790393,5.12591609909743,6.43894825300762e-13,,,,,,,,,4.21676017349266
"staggered","D_ramp_nt10",3,200,124,"GATT","g=5_t=6",5,6,1,"doubleml",5.32442468097845,0.562437363992256,4.22206769529873,4.39929733306633,6.24955202889057,6.42678166665817,1.44414794762122e-21,,,,,,,,,5.90346424288973
"staggered","D_ramp_nt10",3,200,124,"GATT","g=5_t=7",5,7,2,"doubleml",7.88269295576401,0.629385964332986,6.64911912356607,6.84744493478704,8.91794097674098,9.11626678796195,2.74462345181086e-36,,,,,,,,,7.59016831228679
"staggered","D_ramp_nt10",3,200,124,"GATT","g=6_t=6",6,6,0,"doubleml",5.45046419923287,0.737700557325496,4.00459766409496,4.2370544867138,6.66387391175194,6.89633073437078,7.42747409318556e-14,,,,,,,,,6.18889595520871
"staggered","D_ramp_nt10",3,200,124,"GATT","g=6_t=7",6,7,1,"doubleml",8.54898764715467,0.755182100470752,7.06885791678761,7.30682334846695,9.79115194584239,10.0291173775217,5.19791543070645e-30,,,,,,,,,8.6644543372922
"staggered","D_ramp_nt10",3,200,124,"CATT","surface",,,,"doubleml",,,,,,,,2.43492619612579,1.89002945602353,532,0.39929203164141,0.368421052631579,2.54912275584086,0.328947368421053,2.13929172241728,
"staggered","D_ramp_nt10",3,200,125,"GATT","g=4_t=4",4,4,0,"doubleml",1.90595915523955,0.956395114522906,0.0314591609987804,0.332828825536093,3.47908948494301,3.78045914948033,0.0231385278830459,,,,,,,,,2.97164626093216
"staggered","D_ramp_nt10",3,200,125,"GATT","g=4_t=5",4,5,1,"doubleml",3.38308402217786,0.411596104300753,2.57637047520814,2.70606852363435,4.06009952072138,4.18979756914759,1.02239119311084e-16,,,,,,,,,4.16030476530503
"staggered","D_ramp_nt10",3,200,125,"GATT","g=4_t=6",4,6,2,"doubleml",4.28418987043292,0.460655884854015,3.38132091973091,3.52647819560726,5.04190154525859,5.18705882113494,7.00937213003915e-21,,,,,,,,,5.3489632696779
"staggered","D_ramp_nt10",3,200,125,"GATT","g=4_t=7",4,7,3,"doubleml",6.04474448518112,0.511622203571782,5.04198338457976,5.20320065714726,6.88628831321498,7.04750558578249,1.63547511002458e-32,,,,,,,,,6.53762177405076
"staggered","D_ramp_nt10",3,200,125,"GATT","g=5_t=5",5,5,0,"doubleml",3.42600466772752,0.666401161323825,2.11988238197463,2.32987205191938,4.52213728353566,4.73212695348041,1.36600416194112e-07,,,,,,,,,3.9105152760547
"staggered","D_ramp_nt10",3,200,125,"GATT","g=5_t=6",5,6,1,"doubleml",4.64274872481944,0.847145637484907,2.98237377259197,3.24931783441984,6.03617961521904,6.30312367704691,2.12109374137589e-08,,,,,,,,,5.47472138647658
"staggered","D_ramp_nt10",3,200,125,"GATT","g=5_t=7",5,7,2,"doubleml",6.57584878662888,0.559270619446121,5.47969850625679,5.65593027115045,7.49576730210731,7.67199906700098,3.2156501784301e-32,,,,,,,,,7.03892749689847
"staggered","D_ramp_nt10",3,200,125,"GATT","g=6_t=6",6,6,0,"doubleml",5.79552197119034,0.502617115166668,4.81041051967982,4.96879019883999,6.6222537435407,6.78063342270087,4.62002641122683e-31,,,,,,,,,5.49400392063894
"staggered","D_ramp_nt10",3,200,125,"GATT","g=6_t=7",6,7,1,"doubleml",8.19393266510748,0.564049821377083,7.08841532100197,7.2661530602161,9.12171226999886,9.299450009213,4.08810974565731e-48,,,,,,,,,7.69160548889452
"staggered","D_ramp_nt10",3,200,125,"CATT","surface",,,,"doubleml",,,,,,,,2.22610282347482,1.82395078382411,495,0.373554349496727,0.402020202020202,2.40588140930722,0.274747474747475,2.01907976862056,
"staggered","D_ramp_nt10",3,200,126,"GATT","g=4_t=4",4,4,0,"doubleml",4.8025439474203,2.3511236990575,0.194426137720765,0.935288726530775,8.66979916830983,9.41066175711984,0.0205431038527908,,,,,,,,,2.67490154996951
"staggered","D_ramp_nt10",3,200,126,"GATT","g=4_t=5",4,5,1,"doubleml",1.82710912513634,2.13718880130746,-2.36170398662944,-1.68825442344944,5.34247267372212,6.01592223690211,0.196299833333974,,,,,,,,,3.74486216995732
"staggered","D_ramp_nt10",3,200,126,"GATT","g=4_t=6",4,6,2,"doubleml",5.40128406237033,2.20175631572959,1.08592094676771,1.77971637941726,9.02285174532341,9.71664717797296,0.00708015639092347,,,,,,,,,4.81482278994513
"staggered","D_ramp_nt10",3,200,126,"GATT","g=4_t=7",4,7,3,"doubleml",5.6501153849652,0.962197449779473,3.76424302250563,4.06744106090564,7.23278970902477,7.53598774742478,2.15160263720856e-09,,,,,,,,,5.88478340993293
"staggered","D_ramp_nt10",3,200,126,"GATT","g=5_t=5",5,5,0,"doubleml",1.17313117907633,4.10201174759231,-6.86666417378168,-5.57407925199787,7.92034161015053,9.21292653193435,0.387443185407124,,,,,,,,,4.35537785375652
"staggered","D_ramp_nt10",3,200,126,"GATT","g=5_t=6",5,6,1,"doubleml",5.54414215764421,0.873642540198974,3.83183422998566,4.10712773082776,6.98115658446065,7.25645008530275,1.10487196026556e-10,,,,,,,,,6.09752899525913
"staggered","D_ramp_nt10",3,200,126,"GATT","g=5_t=7",5,7,2,"doubleml",7.47935469589903,1.25619886770682,5.01725013835289,5.41309096355599,9.54561842824207,9.94145925344516,1.30867382777474e-09,,,,,,,,,7.83968013676174
"staggered","D_ramp_nt10",3,200,126,"GATT","g=6_t=6",6,6,0,"doubleml",5.81406222819688,0.676533628440792,4.48808067166355,4.70126318332153,6.92686127307223,7.14004378473021,4.20331618707653e-18,,,,,,,,,5.91054502488601
"staggered","D_ramp_nt10",3,200,126,"GATT","g=6_t=7",6,7,1,"doubleml",8.32534725528332,0.649716088268997,7.05192711205526,7.2566591486297,9.39403536193693,9.59876739851137,6.86018429857499e-38,,,,,,,,,8.27476303484041
"staggered","D_ramp_nt10",3,200,126,"CATT","surface",,,,"doubleml",,,,,,,,2.7446461411815,2.14428190387765,565,0.499212242526629,0.695575221238938,6.61174448865859,0.649557522123894,5.54875210419581,
"staggered","D_ramp_nt10",3,200,127,"GATT","g=4_t=4",4,4,0,"doubleml",2.79764640550382,0.419996451992262,1.97446847947126,2.10681356145854,3.4884792495491,3.62082433153638,1.35875114076488e-11,,,,,,,,,2.81402658117915
"staggered","D_ramp_nt10",3,200,127,"GATT","g=4_t=5",4,5,1,"doubleml",5.64189509179721,0.631672554476039,4.40383962523613,4.60288596387708,6.68090421971734,6.87995055835828,2.09799933016244e-19,,,,,,,,,3.93963721365081
"staggered","D_ramp_nt10",3,200,127,"GATT","g=4_t=6",4,6,2,"doubleml",5.77955252004477,0.622494520503104,4.55948566966142,4.75563991801716,6.80346512207238,6.99961937042811,8.12314641071888e-21,,,,,,,,,5.06524784612247
"staggered","D_ramp_nt10",3,200,127,"GATT","g=4_t=7",4,7,3,"doubleml",6.55819774745165,0.592375124127038,5.39716382966712,5.58382715503079,7.5325683398725,7.71923166523617,8.67062347257085e-29,,,,,,,,,6.19085847859413
"staggered","D_ramp_nt10",3,200,127,"GATT","g=5_t=5",5,5,0,"doubleml",5.20940937590804,0.625458468483312,3.98353329418562,4.1806215121894,6.23819723962669,6.43528545763047,4.07828677888315e-17,,,,,,,,,3.9775001267838
"staggered","D_ramp_nt10",3,200,127,"GATT","g=5_t=6",5,6,1,"doubleml",6.53236180660988,0.500490212480369,5.551419007796,5.70912847865069,7.35559513456906,7.51330460542375,3.09799877121181e-39,,,,,,,,,5.56850017749732
"staggered","D_ramp_nt10",3,200,127,"GATT","g=5_t=7",5,7,2,"doubleml",7.40027125028626,0.703313701960158,6.02180171373763,6.24342289436229,8.55711960621024,8.7787407868349,3.42006309332072e-26,,,,,,,,,7.15950022821085
"staggered","D_ramp_nt10",3,200,127,"GATT","g=6_t=6",6,6,0,"doubleml",5.28967632801146,0.595222706333955,4.12306125161434,4.31062187860723,6.26873077741569,6.45629140440859,3.14227202020262e-19,,,,,,,,,5.60748692530204
"staggered","D_ramp_nt10",3,200,127,"GATT","g=6_t=7",6,7,1,"doubleml",6.43906519439657,0.672053944901264,5.12186365633211,5.33363457490995,7.5444958138832,7.75626673246103,4.79744140401603e-22,,,,,,,,,7.85048169542286
"staggered","D_ramp_nt10",3,200,127,"CATT","surface",,,,"doubleml",,,,,,,,2.31858720318414,1.79880835996148,518,0.442184651306771,0.397683397683398,2.33378924272585,0.359073359073359,1.95857810197258,
"staggered","D_ramp_nt10",3,200,128,"GATT","g=4_t=4",4,4,0,"doubleml",2.81510614988822,0.593832858297725,1.65121512560758,1.83833779758578,3.79187450219067,3.97899717416886,1.06558975999819e-06,,,,,,,,,2.98430905801721
"staggered","D_ramp_nt10",3,200,128,"GATT","g=4_t=5",4,5,1,"doubleml",3.96759926861535,0.900836149149929,2.20199284638286,2.4858553253415,5.44934321188921,5.73320569084785,5.30503346005075e-06,,,,,,,,,4.17803268122409
"staggered","D_ramp_nt10",3,200,128,"GATT","g=4_t=6",4,6,2,"doubleml",4.01895749153307,0.873927286517706,2.30609147134068,2.58147469859527,5.45644028447086,5.73182351172546,2.12534955031038e-06,,,,,,,,,5.37175630443097
"staggered","D_ramp_nt10",3,200,128,"GATT","g=4_t=7",4,7,3,"doubleml",7.10492010720899,1.03768996349766,5.07108513559226,5.39807161999001,8.81176859442797,9.13875507882572,3.77437032959741e-12,,,,,,,,,6.56547992763786
"staggered","D_ramp_nt10",3,200,128,"GATT","g=5_t=5",5,5,0,"doubleml",3.69578031785893,0.652392667332291,2.41711417602367,2.62268962942674,4.76887100629112,4.9744464596942,7.35281351053164e-09,,,,,,,,,4.24489369982269
"staggered","D_ramp_nt10",3,200,128,"GATT","g=5_t=6",5,6,1,"doubleml",5.7723691540019,0.620216802459088,4.55676654898697,4.75220306560986,6.79253524239394,6.98797175901682,6.57355978727587e-21,,,,,,,,,5.94285117975176
"staggered","D_ramp_nt10",3,200,128,"GATT","g=5_t=7",5,7,2,"doubleml",7.75417578666951,1.14674364621103,5.50659952286716,5.86794991322472,9.64040166011431,10.0017520504719,6.80927806311822e-12,,,,,,,,,7.64080865968084
"staggered","D_ramp_nt10",3,200,128,"GATT","g=6_t=6",6,6,0,"doubleml",5.66679102481291,0.575681062691024,4.53847686645676,4.71987972612133,6.61370232350449,6.79510518316906,3.65138952503361e-23,,,,,,,,,5.27828694764916
"staggered","D_ramp_nt10",3,200,128,"GATT","g=6_t=7",6,7,1,"doubleml",7.58070751072479,0.812886468802652,5.98747929578447,6.24362795096887,8.9177870704807,9.17393572566511,5.51444941901396e-21,,,,,,,,,7.38960172670882
"staggered","D_ramp_nt10",3,200,128,"CATT","surface",,,,"doubleml",,,,,,,,2.25122014239561,1.774155265868,513,0.378113384108185,0.510721247563353,3.15006968110912,0.436647173489279,2.64362239064139,
"staggered","D_ramp_nt10",3,200,129,"GATT","g=4_t=4",4,4,0,"doubleml",2.59794299449451,0.421475733376442,1.77186573020309,1.90467694854734,3.29120904044168,3.42402025878593,3.54827476170905e-10,,,,,,,,,2.83496553949157
"staggered","D_ramp_nt10",3,200,129,"GATT","g=4_t=5",4,5,1,"doubleml",3.35746033907032,0.403744829058232,2.56613500893004,2.69335904201457,4.02156163612607,4.14878566921061,4.5568565855321e-17,,,,,,,,,3.9689517552882
"staggered","D_ramp_nt10",3,200,129,"GATT","g=4_t=6",4,6,2,"doubleml",5.1499041730353,0.530212426176488,4.11070690537673,4.2777821429892,6.0220262030814,6.18910144069388,1.3282477041267e-22,,,,,,,,,5.10293797108483
"staggered","D_ramp_nt10",3,200,129,"GATT","g=4_t=7",4,7,3,"doubleml",5.88608089095819,0.69447488746126,4.52493511263007,4.74377109441798,7.02839068749839,7.24722666928631,1.16950650611607e-17,,,,,,,,,6.23692418688146
"staggered","D_ramp_nt10",3,200,129,"GATT","g=5_t=5",5,5,0,"doubleml",4.23115696283044,0.61566898413426,3.02446791801072,3.21847137160126,5.24384255405961,5.43784600765016,3.15532984187737e-12,,,,,,,,,4.0935127854169
"staggered","D_ramp_nt10",3,200,129,"GATT","g=5_t=6",5,6,1,"doubleml",5.04385131751774,0.910176754113388,3.25993764581865,3.54674344280732,6.54095919222817,6.82776498921684,1.49845291752889e-08,,,,,,,,,5.73091789958366
"staggered","D_ramp_nt10",3,200,129,"GATT","g=5_t=7",5,7,2,"doubleml",7.38001808816036,0.81726105635467,5.77821583910323,6.03574297057115,8.72429320574956,8.98182033721748,8.56913341626233e-20,,,,,,,,,7.36832301375043
"staggered","D_ramp_nt10",3,200,129,"GATT","g=6_t=6",6,6,0,"doubleml",5.03891803381945,0.686786847472649,3.69284053709957,3.90925394060668,6.16858212703223,6.38499553053934,1.09261337453464e-13,,,,,,,,,5.40839954956712
"staggered","D_ramp_nt10",3,200,129,"GATT","g=6_t=7",6,7,1,"doubleml",7.18156900333463,0.698976617630495,5.8115999959371,6.03185451791864,8.33128348875062,8.55153801073217,4.59548004612683e-25,,,,,,,,,7.57175936939397
"staggered","D_ramp_nt10",3,200,129,"CATT","surface",,,,"doubleml",,,,,,,,2.1905609803331,1.6781237423419,524,0.348158536857721,0.446564885496183,2.46803448877666,0.360687022900763,2.07124028859829,
"staggered","D_ramp_nt10",3,200,130,"GATT","g=4_t=4",4,4,0,"doubleml",3.01135756351897,0.583346455903299,1.86801951042091,2.0518378121406,3.97087731489733,4.15469561661702,1.22024907984907e-07,,,,,,,,,2.47885753190507
"staggered","D_ramp_nt10",3,200,130,"GATT","g=4_t=5",4,5,1,"doubleml",3.66341997546149,0.555835858649027,2.57400170260031,2.7491511400192,4.57768881090377,4.75283824832267,2.18686379649581e-11,,,,,,,,,3.4704005446671
"staggered","D_ramp_nt10",3,200,130,"GATT","g=4_t=6",4,6,2,"doubleml",5.44682821896618,0.53101509898848,4.40605774149232,4.57338590933458,6.32027052859778,6.48759869644004,5.48157028613816e-25,,,,,,,,,4.46194355742912
"staggered","D_ramp_nt10",3,200,130,"GATT","g=4_t=7",4,7,3,"doubleml",7.17003751799663,1.45237563690119,4.32343355519323,4.78109164213717,9.5589833938561,10.0166414808,3.9714499328738e-07,,,,,,,,,5.45348657019115
"staggered","D_ramp_nt10",3,200,130,"GATT","g=5_t=5",5,5,0,"doubleml",4.4147639026959,0.576180652144157,3.28547056699683,3.46703085229397,5.36249695309782,5.54405723839497,9.14460400174148e-15,,,,,,,,,3.71037715443819
"staggered","D_ramp_nt10",3,200,130,"GATT","g=5_t=6",5,6,1,"doubleml",4.88686459917694,0.497910814404621,3.9109773277332,4.06787400446024,5.70585519389363,5.86275187062067,4.86447993199407e-23,,,,,,,,,5.19452801621347
"staggered","D_ramp_nt10",3,200,130,"GATT","g=5_t=7",5,7,2,"doubleml",6.48479842614697,0.666796107764025,5.17790205958936,5.38801618110688,7.58158067118706,7.79169479270458,1.1759470048638e-22,,,,,,,,,6.67867887798875
"staggered","D_ramp_nt10",3,200,130,"GATT","g=6_t=6",6,6,0,"doubleml",5.68532100733426,0.456695413563197,4.79021443778528,4.93412372955318,6.43651828511534,6.58042757688324,7.0960079077472e-36,,,,,,,,,5.52292107535521
"staggered","D_ramp_nt10",3,200,130,"GATT","g=6_t=7",6,7,1,"doubleml",7.21366666656843,0.565857799258103,6.10460575090332,6.28291320202754,8.14442013110931,8.32272758223353,1.59519517765132e-37,,,,,,,,,7.73208950549729
"staggered","D_ramp_nt10",3,200,130,"CATT","surface",,,,"doubleml",,,,,,,,2.0174839122754,1.60895381470587,505,0.395386046807948,0.398019801980198,2.54547658492291,0.332673267326733,2.13623175865311,
"staggered","D_ramp_nt10",3,200,131,"GATT","g=4_t=4",4,4,0,"doubleml",2.6985957869382,0.476269193524997,1.76512531332018,1.91520249889184,3.48198907498457,3.63206626055623,7.30359637948709e-09,,,,,,,,,2.84642461245565
"staggered","D_ramp_nt10",3,200,131,"GATT","g=4_t=5",4,5,1,"doubleml",3.91392125471439,0.573313856802057,2.7902467346812,2.9709036640981,4.85693884533068,5.03759577474758,4.34030849637994e-12,,,,,,,,,3.98499445743791
"staggered","D_ramp_nt10",3,200,131,"GATT","g=4_t=6",4,6,2,"doubleml",4.37716365845796,0.59306103781875,3.21478537453057,3.40166483815764,5.35266247875828,5.53954194238535,7.87715596511031e-14,,,,,,,,,5.12356430242017
"staggered","D_ramp_nt10",3,200,131,"GATT","g=4_t=7",4,7,3,"doubleml",6.36917085085197,1.30032655555775,3.82057761371478,4.23032351463658,8.50801818706736,8.91776408798916,4.83760662007489e-07,,,,,,,,,6.26213414740243
"staggered","D_ramp_nt10",3,200,131,"GATT","g=5_t=5",5,5,0,"doubleml",4.31605549254881,0.469696799010154,3.39546667557368,3.54347283390977,5.08863815118786,5.23664430952395,1.98209564916881e-20,,,,,,,,,4.43925973298179
"staggered","D_ramp_nt10",3,200,131,"GATT","g=5_t=6",5,6,1,"doubleml",5.63500383160061,0.665999993582787,4.32966782017812,4.53953107815599,6.73047658504523,6.9403398430231,1.3258495203107e-17,,,,,,,,,6.21496362617451
"staggered","D_ramp_nt10",3,200,131,"GATT","g=5_t=7",5,7,2,"doubleml",8.26751703871956,1.05128913797944,6.20702817468882,6.53829989495752,9.99673418248159,10.3280059027503,1.85775582982445e-15,,,,,,,,,7.99066751936723
"staggered","D_ramp_nt10",3,200,131,"GATT","g=6_t=6",6,6,0,"doubleml",4.85356368919007,0.698187433084494,3.48514145509205,3.70514729713131,6.00198008124883,6.22198592328809,1.80502586746651e-12,,,,,,,,,5.65137505176514
"staggered","D_ramp_nt10",3,200,131,"GATT","g=6_t=7",6,7,1,"doubleml",8.27820577085398,0.897698399821915,6.51874922434542,6.8016229671133,9.75478857459466,10.0376623173625,1.46364655591464e-20,,,,,,,,,7.9119250724712
"staggered","D_ramp_nt10",3,200,131,"CATT","surface",,,,"doubleml",,,,,,,,2.28393975254761,1.73144701614881,537,0.359738437399716,0.482309124767225,2.92800925335612,0.37243947858473,2.45726336423517,
"staggered","D_ramp_nt10",3,200,132,"GATT","g=4_t=4",4,4,0,"doubleml",2.91423670983995,0.80292643876391,1.34052979521449,1.59353994533338,4.23493347434653,4.48794362446542,0.000141974953617311,,,,,,,,,2.65515421792796
"staggered","D_ramp_nt10",3,200,132,"GATT","g=4_t=5",4,5,1,"doubleml",4.33750042412579,0.781183837708287,2.80640822483571,3.05256706393596,5.62243378431562,5.86859262341588,1.40829913320374e-08,,,,,,,,,3.71721590509914
"staggered","D_ramp_nt10",3,200,132,"GATT","g=4_t=6",4,6,2,"doubleml",3.65781061001694,0.547229192377702,2.58526109320757,2.75769848401771,4.55792273601617,4.73036012682631,1.16063997175412e-11,,,,,,,,,4.77927759227032
"staggered","D_ramp_nt10",3,200,132,"GATT","g=4_t=7",4,7,3,"doubleml",6.63254924818646,1.19916178044492,4.2822353283385,4.6601031969745,8.60499529939841,8.98286316803441,1.59216184078247e-08,,,,,,,,,5.8413392794415
"staggered","D_ramp_nt10",3,200,132,"GATT","g=5_t=5",5,5,0,"doubleml",4.19093815951119,0.369217233691236,3.46728567329678,3.58362971580523,4.79824660321715,4.9145906457256,3.67126847408047e-30,,,,,,,,,4.40416794424971
"staggered","D_ramp_nt10",3,200,132,"GATT","g=5_t=6",5,6,1,"doubleml",5.17383779719511,0.771476347288367,3.66177192965841,3.90487184145245,6.44280375293777,6.68590366473181,9.97344076497063e-12,,,,,,,,,6.16583512194959
"staggered","D_ramp_nt10",3,200,132,"GATT","g=5_t=7",5,7,2,"doubleml",8.32453426747657,0.750225305792699,6.85411967623389,7.09052317234223,9.55854536261092,9.79494885871926,6.55587827184496e-29,,,,,,,,,7.92750229964948
"staggered","D_ramp_nt10",3,200,132,"GATT","g=6_t=6",6,6,0,"doubleml",5.57726227998529,0.832354098154809,3.94587821234939,4.20816131221896,6.94636324775162,7.20864634762118,1.03790932937444e-11,,,,,,,,,5.96426054601152
"staggered","D_ramp_nt10",3,200,132,"GATT","g=6_t=7",6,7,1,"doubleml",8.35673482496565,0.508464060065086,7.36016357194424,7.52038568191135,9.19308396801994,9.35330607798705,5.34897735207327e-61,,,,,,,,,8.34996476441613
"staggered","D_ramp_nt10",3,200,132,"CATT","surface",,,,"doubleml",,,,,,,,2.06710943927776,1.54858375511971,542,0.349143131586536,0.538745387453875,2.88721444952631,0.455719557195572,2.42302727813426,
"staggered","D_ramp_nt10",3,200,133,"GATT","g=4_t=4",4,4,0,"doubleml",2.39041555985087,0.741294866604781,0.937504307920699,1.17109373333653,3.60973738636521,3.84332681178105,0.0006306365833133,,,,,,,,,2.86619782291943
"staggered","D_ramp_nt10",3,200,133,"GATT","g=4_t=5",4,5,1,"doubleml",2.41619159746246,1.02848108011414,0.400405705757628,0.724490378912395,4.10789281601253,4.43197748916729,0.00940483956865201,,,,,,,,,4.0126769520872
"staggered","D_ramp_nt10",3,200,133,"GATT","g=4_t=6",4,6,2,"doubleml",3.94909572466178,0.856289635893326,2.27079886473776,2.5406242919041,5.35756715741947,5.62739258458581,1.99532127472901e-06,,,,,,,,,5.15915608125497
"staggered","D_ramp_nt10",3,200,133,"GATT","g=4_t=7",4,7,3,"doubleml",5.8796619708422,0.629855253173756,4.64516834941075,4.84364203823834,6.91568190344607,7.11415559227365,5.05234962390154e-21,,,,,,,,,6.30563521042274
"staggered","D_ramp_nt10",3,200,133,"GATT","g=5_t=5",5,5,0,"doubleml",4.88935332004499,0.87088504529139,3.18244998313549,3.45687456975726,6.32183207033271,6.59625665695448,9.8716861001103e-09,,,,,,,,,4.44922115181917
"staggered","D_ramp_nt10",3,200,133,"GATT","g=5_t=6",5,6,1,"doubleml",5.75223401117757,0.931098407945067,3.92731465114793,4.2207130704755,7.28375495187965,7.57715337120722,3.24796625212079e-10,,,,,,,,,6.22890961254684
"staggered","D_ramp_nt10",3,200,133,"GATT","g=5_t=7",5,7,2,"doubleml",7.79412996012065,0.724366259777599,6.37439816814191,6.60265322026043,8.98560669998087,9.21386175209939,2.66054002318035e-27,,,,,,,,,8.00859807327451
"staggered","D_ramp_nt10",3,200,133,"GATT","g=6_t=6",6,6,0,"doubleml",5.1868653979972,0.401169669692091,4.40058728750881,4.52699986212549,5.84673093386892,5.97314350848559,1.53691749335423e-38,,,,,,,,,5.59820679324324
"staggered","D_ramp_nt10",3,200,133,"GATT","g=6_t=7",6,7,1,"doubleml",8.00232404977295,0.600941742528493,6.82449986831984,7.01386262080799,8.99078547873791,9.18014823122607,9.30449901310146e-41,,,,,,,,,7.83748951054054
"staggered","D_ramp_nt10",3,200,133,"CATT","surface",,,,"doubleml",,,,,,,,2.16506644466522,1.67243146341009,525,0.336057334754577,0.548571428571429,2.95868170600845,0.451428571428571,2.48300450358008,
"staggered","D_ramp_nt10",3,200,134,"GATT","g=4_t=4",4,4,0,"doubleml",3.02469645555421,0.444295552793247,2.15389316671935,2.29389513836003,3.7554977727484,3.89549974438908,4.95348306459871e-12,,,,,,,,,2.8281599942692
"staggered","D_ramp_nt10",3,200,134,"GATT","g=4_t=5",4,5,1,"doubleml",2.64507660413278,0.721662478355923,1.23064412640439,1.45804718995912,3.83210601830643,4.05950908186117,0.000123546399068681,,,,,,,,,3.95942399197688
"staggered","D_ramp_nt10",3,200,134,"GATT","g=4_t=6",4,6,2,"doubleml",4.9989157311247,1.05762239493231,2.92601391146359,3.25928130433071,6.73855015791869,7.07181755078581,1.14177656544085e-06,,,,,,,,,5.09068798968456
"staggered","D_ramp_nt10",3,200,134,"GATT","g=4_t=7",4,7,3,"doubleml",6.92961281619179,0.940336149166695,5.08658781592644,5.38289713989036,8.47632849249323,8.77263781645715,8.57674960773038e-14,,,,,,,,,6.22195198739224
"staggered","D_ramp_nt10",3,200,134,"GATT","g=5_t=5",5,5,0,"doubleml",4.15102960759775,0.492447726055181,3.18584979264773,3.34102499560498,4.96103421959052,5.11620942254777,1.73748917408007e-17,,,,,,,,,3.97395874976962
"staggered","D_ramp_nt10",3,200,134,"GATT","g=5_t=6",5,6,1,"doubleml",6.47623847186525,0.619981628304325,5.2610967997274,5.45645921062237,7.49601773310814,7.69138014400311,7.65345379508523e-26,,,,,,,,,5.56354224967747
"staggered","D_ramp_nt10",3,200,134,"GATT","g=5_t=7",5,7,2,"doubleml",7.06798032770498,0.617600685309384,5.85750521812326,6.0521173700711,8.08384328533886,8.2784554372867,1.25625397691739e-30,,,,,,,,,7.15312574958532
"staggered","D_ramp_nt10",3,200,134,"GATT","g=6_t=6",6,6,0,"doubleml",5.57083339382653,0.664508250074002,4.26842114597849,4.47781434065931,6.66385244699375,6.87324564167457,2.57118489900209e-17,,,,,,,,,4.91238153407462
"staggered","D_ramp_nt10",3,200,134,"GATT","g=6_t=7",6,7,1,"doubleml",7.33671843358542,0.715085560263247,5.93517647854962,6.16050708944417,8.51292977772666,8.73826038862121,5.33992962201171e-25,,,,,,,,,6.87733414770447
"staggered","D_ramp_nt10",3,200,134,"CATT","surface",,,,"doubleml",,,,,,,,2.1416683617091,1.7483266462313,500,0.412437625569454,0.42,2.76448128144878,0.378,2.32002633401234,
"staggered","D_ramp_nt10",3,200,135,"GATT","g=4_t=4",4,4,0,"doubleml",2.8864680170794,0.678837250212337,1.55597144480423,1.76987985071864,4.00305618344017,4.21696458935458,1.05898672072321e-05,,,,,,,,,2.76605558137854
"staggered","D_ramp_nt10",3,200,135,"GATT","g=4_t=5",4,5,1,"doubleml",3.96645793730693,0.661645279206409,2.66965700929242,2.87814805322315,5.05476782139071,5.26325886532144,1.01842609650767e-09,,,,,,,,,3.87247781392996
"staggered","D_ramp_nt10",3,200,135,"GATT","g=4_t=6",4,6,2,"doubleml",6.17853034235795,1.84332394284488,2.56568177404393,3.14653158167378,9.21052910304213,9.79137891067198,0.000401379305956101,,,,,,,,,4.97890004648137
"staggered","D_ramp_nt10",3,200,135,"GATT","g=4_t=7",4,7,3,"doubleml",6.28835187163259,1.07366676952846,4.1840036553605,4.52232679110661,8.05437695215856,8.39270008790467,2.35802736937021e-09,,,,,,,,,6.08532227903279
"staggered","D_ramp_nt10",3,200,135,"GATT","g=5_t=5",5,5,0,"doubleml",4.85082981573817,1.24353689440173,2.41354227003898,2.80539318083391,6.89626645064243,7.28811736143736,4.79311227685861e-05,,,,,,,,,4.32373667914396
"staggered","D_ramp_nt10",3,200,135,"GATT","g=5_t=6",5,6,1,"doubleml",14.8457771995624,7.92580628275869,-0.688517785618448,1.80898303214164,27.8825713669832,30.3800721847433,0.030527728953699,,,,,,,,,6.05323135080155
"staggered","D_ramp_nt10",3,200,135,"GATT","g=5_t=7",5,7,2,"doubleml",7.95621003454856,0.827706072462886,6.33393592993991,6.59475439043369,9.31766567866343,9.57848413915721,3.5451897637745e-22,,,,,,,,,7.78272602245913
"staggered","D_ramp_nt10",3,200,135,"GATT","g=6_t=6",6,6,0,"doubleml",5.37193822588514,0.986158262106495,3.43910353385384,3.74985186382622,6.99402458794405,7.30477291791643,2.55644994359827e-08,,,,,,,,,5.36220133467346
"staggered","D_ramp_nt10",3,200,135,"GATT","g=6_t=7",6,7,1,"doubleml",7.34849639082077,0.817915902421625,5.74541066704687,6.00314414705895,8.69384863458259,8.95158211459466,1.30056464256714e-19,,,,,,,,,7.50708186854284
"staggered","D_ramp_nt10",3,200,135,"CATT","surface",,,,"doubleml",,,,,,,,3.563916809917,2.36898219250608,546,0.533848468770567,0.686813186813187,6.98424894555747,0.580586080586081,5.86136776751817,
"staggered","D_ramp_nt10",3,200,136,"GATT","g=4_t=4",4,4,0,"doubleml",3.82725278216361,0.610903298989292,2.62990430866337,2.82240604720788,4.83209951711935,5.02460125566386,1.86523151533058e-10,,,,,,,,,3.0308517521433
"staggered","D_ramp_nt10",3,200,136,"GATT","g=4_t=5",4,5,1,"doubleml",4.82691538564682,1.17948304577021,2.51517107732685,2.8868379798795,6.76699279141414,7.13865969396679,2.13466492378994e-05,,,,,,,,,4.24319245300062
"staggered","D_ramp_nt10",3,200,136,"GATT","g=4_t=6",4,6,2,"doubleml",6.03322664223606,0.624474208678174,4.80927967429835,5.00605774219493,7.06039554227718,7.25717361017376,2.20141453408738e-22,,,,,,,,,5.45553315385795
"staggered","D_ramp_nt10",3,200,136,"GATT","g=4_t=7",4,7,3,"doubleml",7.50718996072176,0.939440484367511,5.66592043121888,5.96194752224792,9.0524323991956,9.34845949022465,6.68543574002518e-16,,,,,,,,,6.66787385471527
"staggered","D_ramp_nt10",3,200,136,"GATT","g=5_t=5",5,5,0,"doubleml",3.73585086040021,0.596957385523535,2.56583587523996,2.75394311699228,4.71775860380814,4.90586584556046,1.94781337209609e-10,,,,,,,,,4.10136278456302
"staggered","D_ramp_nt10",3,200,136,"GATT","g=5_t=6",5,6,1,"doubleml",5.86536723875961,0.683777920577625,4.52518713043261,4.74065239098582,6.9900820865334,7.20554734708661,4.83174379681404e-18,,,,,,,,,5.74190789838823
"staggered","D_ramp_nt10",3,200,136,"GATT","g=5_t=7",5,7,2,"doubleml",7.29993626077681,0.732864593753169,5.86354804014598,6.09448100228354,8.50539151927009,8.73632448140765,1.13088519543429e-23,,,,,,,,,7.38245301221344
"staggered","D_ramp_nt10",3,200,136,"GATT","g=6_t=6",6,6,0,"doubleml",5.43726764789846,0.918265302694798,3.63750071216756,3.92685529169972,6.94768000409721,7.23703458362937,1.5976326325176e-09,,,,,,,,,5.0710303165146
"staggered","D_ramp_nt10",3,200,136,"GATT","g=6_t=7",6,7,1,"doubleml",7.73638076659206,0.684731573038865,6.39433153377252,6.6100972997528,8.86266423343134,9.07842999941161,6.68046085448091e-30,,,,,,,,,7.09944244312044
"staggered","D_ramp_nt10",3,200,136,"CATT","surface",,,,"doubleml",,,,,,,,2.31077560064685,1.81428127796305,530,0.456602688046157,0.50188679245283,3.07404386294975,0.454716981132075,2.57981949880118,
"staggered","D_ramp_nt10",3,200,137,"GATT","g=4_t=4",4,4,0,"doubleml",2.53809459300142,0.435450209185909,1.68462785920457,1.82184257462114,3.2543466113817,3.39156132679827,2.79358070851322e-09,,,,,,,,,2.77440914325935
"staggered","D_ramp_nt10",3,200,137,"GATT","g=4_t=5",4,5,1,"doubleml",4.24657658375504,0.558828161969626,3.1512935041084,3.32738584622665,5.16576732128343,5.34185966340168,1.49128543509292e-14,,,,,,,,,3.88417280056309
"staggered","D_ramp_nt10",3,200,137,"GATT","g=4_t=6",4,6,2,"doubleml",5.74016028036634,0.783924622996992,4.20369624057866,4.45071872853125,7.02960183220144,7.27662432015402,1.21844606471638e-13,,,,,,,,,4.99393645786683
"staggered","D_ramp_nt10",3,200,137,"GATT","g=4_t=7",4,7,3,"doubleml",5.8618754558603,0.873758190656136,4.14934085746914,4.4246708009268,7.29908011079381,7.57441005425147,9.81106934851066e-12,,,,,,,,,6.10370011517058
"staggered","D_ramp_nt10",3,200,137,"GATT","g=5_t=5",5,5,0,"doubleml",3.7663164767577,0.731460573625573,2.33268008503222,2.56317062638738,4.96946232712801,5.19995286848317,1.30914648371355e-07,,,,,,,,,3.93383297368147
"staggered","D_ramp_nt10",3,200,137,"GATT","g=5_t=6",5,6,1,"doubleml",6.1654728799642,0.873646153095595,4.45315787115835,4.7284525104603,7.60249324946811,7.87778788877006,8.49614261261208e-13,,,,,,,,,5.50736616315406
"staggered","D_ramp_nt10",3,200,137,"GATT","g=5_t=7",5,7,2,"doubleml",7.65308349885025,0.683170569713431,6.31409377635244,6.52936765457484,8.77679934312567,8.99207322134807,1.98635520889783e-29,,,,,,,,,7.08089935262665
"staggered","D_ramp_nt10",3,200,137,"GATT","g=6_t=6",6,6,0,"doubleml",5.45177510806733,0.474063647583223,4.52262742509552,4.67200962108547,6.23154059504918,6.38092279103913,6.58881778451015e-31,,,,,,,,,5.27643627633512
"staggered","D_ramp_nt10",3,200,137,"GATT","g=6_t=7",6,7,1,"doubleml",7.23693341821938,0.540886546436018,6.17681525912045,6.34725401876791,8.12661281767085,8.2970515773183,3.97004491664236e-41,,,,,,,,,7.38701078686917
"staggered","D_ramp_nt10",3,200,137,"CATT","surface",,,,"doubleml",,,,,,,,1.96710458807103,1.57098901592144,495,0.371861039658795,0.480808080808081,2.62750802624914,0.41010101010101,2.20507472943789,
"staggered","D_ramp_nt10",3,200,138,"GATT","g=4_t=4",4,4,0,"doubleml",3.91806131123883,0.698655571732349,2.54872154224401,2.76887489945259,5.06724772302507,5.28740108023365,1.02338281749515e-08,,,,,,,,,2.9015752392037
"staggered","D_ramp_nt10",3,200,138,"GATT","g=4_t=5",4,5,1,"doubleml",3.96036323060405,0.442658893833476,3.09276773441062,3.23225397844648,4.68847248276162,4.82795872679748,1.83033220666993e-19,,,,,,,,,4.06220533488517
"staggered","D_ramp_nt10",3,200,138,"GATT","g=4_t=6",4,6,2,"doubleml",5.58370899037202,0.84207978509599,3.93326292645614,4.19861068753774,6.9688072932063,7.23415505428789,1.66873933686342e-11,,,,,,,,,5.22283543056665
"staggered","D_ramp_nt10",3,200,138,"GATT","g=4_t=7",4,7,3,"doubleml",5.413827886774,1.2814509123524,2.90223023079615,3.30602822778751,7.52162754576049,7.92542554275185,1.19595567790384e-05,,,,,,,,,6.38346552624813
"staggered","D_ramp_nt10",3,200,138,"GATT","g=5_t=5",5,5,0,"doubleml",2.67771964191769,1.06145261830672,0.597310722330784,0.931785056885413,4.42365422694996,4.75812856150459,0.00582299256370305,,,,,,,,,3.65959785121396
"staggered","D_ramp_nt10",3,200,138,"GATT","g=5_t=6",5,6,1,"doubleml",4.25280250282589,0.805621401557073,2.67381355814448,2.92767291798913,5.57793208766265,5.8317914475073,6.49774683729057e-08,,,,,,,,,5.12343699169954
"staggered","D_ramp_nt10",3,200,138,"GATT","g=5_t=7",5,7,2,"doubleml",6.01595120423401,0.580284023747659,4.87861540791345,5.06146870663658,6.97043370183144,7.15328700055457,1.74712891971442e-25,,,,,,,,,6.58727613218512
"staggered","D_ramp_nt10",3,200,138,"GATT","g=6_t=6",6,6,0,"doubleml",5.6766145685017,0.578338266258936,4.54309238681177,4.72533255789263,6.62789657911078,6.81013675019163,4.83326244445978e-23,,,,,,,,,5.6656720240507
"staggered","D_ramp_nt10",3,200,138,"GATT","g=6_t=7",6,7,1,"doubleml",7.77490881053384,0.639222376990764,6.52205596363752,6.72348132685108,8.82633629421661,9.02776165743017,2.44420905713629e-34,,,,,,,,,7.93194083367097
"staggered","D_ramp_nt10",3,200,138,"CATT","surface",,,,"doubleml",,,,,,,,2.0452225954208,1.62062109059189,542,0.357001688645152,0.523985239852399,3.03995038195034,0.452029520295203,2.55120734133512,
"staggered","D_ramp_nt10",3,200,139,"GATT","g=4_t=4",4,4,0,"doubleml",2.67716174206695,1.07202333761314,0.576034593185354,0.91383986710063,4.44048361703328,4.77828889094855,0.00625718697611165,,,,,,,,,2.56567908372941
"staggered","D_ramp_nt10",3,200,139,"GATT","g=4_t=5",4,5,1,"doubleml",3.55839826540257,0.391859276179409,2.79036819102487,2.91384696754176,4.20294956326337,4.32642833978027,5.38866320022499e-20,,,,,,,,,3.59195071722117
"staggered","D_ramp_nt10",3,200,139,"GATT","g=4_t=6",4,6,2,"doubleml",4.1703014026128,2.23534788672053,-0.210899982835518,0.493480489748988,7.84712231547661,8.55150278806112,0.0310475353294128,,,,,,,,,4.61822235071294
"staggered","D_ramp_nt10",3,200,139,"GATT","g=4_t=7",4,7,3,"doubleml",6.3336054220683,0.718238387955742,4.92588403825701,5.15220813668575,7.51500270745086,7.74132680587959,5.81313970635233e-19,,,,,,,,,5.6444939842047
"staggered","D_ramp_nt10",3,200,139,"GATT","g=5_t=5",5,5,0,"doubleml",3.4862661307264,0.609033539236759,2.29258231902976,2.48449487757866,4.48803738387414,4.67994994242303,5.19428739977453e-09,,,,,,,,,3.88571038529001
"staggered","D_ramp_nt10",3,200,139,"GATT","g=5_t=6",5,6,1,"doubleml",5.12217875162435,0.621218067567307,3.90461370304286,4.100365728314,6.14399177493471,6.33974380020584,8.23183954073188e-17,,,,,,,,,5.43999453940602
"staggered","D_ramp_nt10",3,200,139,"GATT","g=5_t=7",5,7,2,"doubleml",6.99476249972653,0.613135959348333,5.79303809229833,5.98624336444858,8.00328163500447,8.19648690715472,1.90315105566116e-30,,,,,,,,,6.99427869352202
"staggered","D_ramp_nt10",3,200,139,"GATT","g=6_t=6",6,6,0,"doubleml",6.97502130456424,1.21143728785033,4.60064783211997,4.98238383589448,8.967658773234,9.34939477700852,4.26486934465239e-09,,,,,,,,,6.09748890959481
"staggered","D_ramp_nt10",3,200,139,"GATT","g=6_t=7",6,7,1,"doubleml",8.65680087755891,0.582467353601716,7.51518583332428,7.69872712111772,9.61487463400011,9.79841592179355,2.89540421445249e-50,,,,,,,,,8.53648447343273
"staggered","D_ramp_nt10",3,200,139,"CATT","surface",,,,"doubleml",,,,,,,,2.11719047911929,1.61569547664223,523,0.360265002181346,0.529636711281071,3.48297241238119,0.466539196940727,2.92300323087304,
"staggered","D_ramp_nt10",3,200,140,"GATT","g=4_t=4",4,4,0,"doubleml",3.11338663347722,1.25848121625251,0.646808754946089,1.04336877099942,5.18340449595503,5.57996451200836,0.00668190983929452,,,,,,,,,3.00477485494598
"staggered","D_ramp_nt10",3,200,140,"GATT","g=4_t=5",4,5,1,"doubleml",3.77356172270407,0.907937942845015,1.99403604049378,2.28013636566367,5.26698707974446,5.55308740491436,1.61800053906764e-05,,,,,,,,,4.20668479692436
"staggered","D_ramp_nt10",3,200,140,"GATT","g=4_t=6",4,6,2,"doubleml",3.69558792527097,1.74874435601547,0.26811194227747,0.819158776301505,6.57201707424044,7.12306390826447,0.0172883692263457,,,,,,,,,5.40859473890276
"staggered","D_ramp_nt10",3,200,140,"GATT","g=4_t=7",4,7,3,"doubleml",6.08781364411462,0.8032106252721,4.51354973416382,4.76664943429331,7.40897785393594,7.66207755406543,1.73646578192829e-14,,,,,,,,,6.61050468088115
"staggered","D_ramp_nt10",3,200,140,"GATT","g=5_t=5",5,5,0,"doubleml",4.98057262573299,1.46810481935284,2.10314003157493,2.56575454120121,7.39539071026478,7.85800521989106,0.000346266391872214,,,,,,,,,4.08826266661682
"staggered","D_ramp_nt10",3,200,140,"GATT","g=5_t=6",5,6,1,"doubleml",5.77844539282072,0.727122630698651,4.35331121306606,4.58243482522552,6.97445596041591,7.20357957257537,9.55392482275749e-16,,,,,,,,,5.72356773326354
"staggered","D_ramp_nt10",3,200,140,"GATT","g=5_t=7",5,7,2,"doubleml",9.74247320973208,3.52028773864866,2.8428359723393,3.95211384166488,15.5328325777993,16.6421104471249,0.00282421301112815,,,,,,,,,7.35887279991027
"staggered","D_ramp_nt10",3,200,140,"GATT","g=6_t=6",6,6,0,"doubleml",6.19335573682715,0.817128089926674,4.59181409718211,4.8492993295989,7.5374121440554,7.79489737647219,1.73553622428104e-14,,,,,,,,,5.57270042577159
"staggered","D_ramp_nt10",3,200,140,"GATT","g=6_t=7",6,7,1,"doubleml",5.76974746057113,3.63240965932661,-1.34964470496129,-0.205036097210884,11.7445310183532,12.8891396261036,0.0560970890854763,,,,,,,,,7.80178059608022
"staggered","D_ramp_nt10",3,200,140,"CATT","surface",,,,"doubleml",,,,,,,,2.43714362930801,1.83327090511297,530,0.37667808971383,0.79622641509434,6.49693502172045,0.715094339622641,5.45240094114839,
"staggered","D_ramp_nt10",3,200,141,"GATT","g=4_t=4",4,4,0,"doubleml",2.95165549330793,0.429884560854555,2.1090972298772,2.24455815384807,3.65875283276779,3.79421375673867,3.29769171258671e-12,,,,,,,,,2.93230341184413
"staggered","D_ramp_nt10",3,200,141,"GATT","g=4_t=5",4,5,1,"doubleml",4.35913930453023,0.675524759046536,3.03513509569035,3.2479997025135,5.47027890654697,5.68314351337012,5.48404496674993e-11,,,,,,,,,4.10522477658179
"staggered","D_ramp_nt10",3,200,141,"GATT","g=4_t=6",4,6,2,"doubleml",4.89864641060806,0.488607320966577,3.94099365137712,4.0949587042869,5.70233411692921,5.85629916983899,5.8742453229773e-24,,,,,,,,,5.27814614131944
"staggered","D_ramp_nt10",3,200,141,"GATT","g=4_t=7",4,7,3,"doubleml",5.99093128722726,0.509752305793244,4.99183511895551,5.15246316803402,6.8293994064205,6.99002745549901,3.42264584499424e-32,,,,,,,,,6.4510675060571
"staggered","D_ramp_nt10",3,200,141,"GATT","g=5_t=5",5,5,0,"doubleml",3.8058720698941,0.54025515129948,2.74699142253256,2.91723122325854,4.69451291652965,4.86475271725563,9.30090982647139e-13,,,,,,,,,3.87868063017152
"staggered","D_ramp_nt10",3,200,141,"GATT","g=5_t=6",5,6,1,"doubleml",5.48744459593644,0.602470284513727,4.30662452721978,4.4964689385729,6.47842025329998,6.6682646646531,4.18641701295794e-20,,,,,,,,,5.43015288224013
"staggered","D_ramp_nt10",3,200,141,"GATT","g=5_t=7",5,7,2,"doubleml",5.86347360949158,1.21073008171818,3.49048623560688,3.8719993916571,7.85494782732605,8.23646098337627,6.39711603535042e-07,,,,,,,,,6.98162513430874
"staggered","D_ramp_nt10",3,200,141,"GATT","g=6_t=6",6,6,0,"doubleml",5.7625208983547,0.871981918874642,4.05346772870948,4.32823795116607,7.19680384554333,7.47157406799992,1.94074094856075e-11,,,,,,,,,5.62657509834407
"staggered","D_ramp_nt10",3,200,141,"GATT","g=6_t=7",6,7,1,"doubleml",7.00328575766136,0.680185550533938,5.67014656529466,5.88447983412341,8.12209168119931,8.33642495002806,3.66727328956061e-25,,,,,,,,,7.87720513768169
"staggered","D_ramp_nt10",3,200,141,"CATT","surface",,,,"doubleml",,,,,,,,2.24827784970872,1.74546281730397,518,0.372139913818962,0.43050193050193,2.63795505765169,0.361003861003861,2.21384215648788,
"staggered","D_ramp_nt10",3,200,142,"GATT","g=4_t=4",4,4,0,"doubleml",2.79310192708173,0.570533024755217,1.67487773775039,1.85465839918101,3.73154545498244,3.91132611641306,4.90029218995202e-07,,,,,,,,,2.82024920635788
"staggered","D_ramp_nt10",3,200,142,"GATT","g=4_t=5",4,5,1,"doubleml",3.49225805517286,1.282214513744,0.979163767957105,1.38320238338298,5.60131372696274,6.00535234238861,0.00322859132125563,,,,,,,,,3.94834888890103
"staggered","D_ramp_nt10",3,200,142,"GATT","g=4_t=6",4,6,2,"doubleml",3.97865377964547,1.16469477925614,1.69589394131549,2.06290091320689,5.89440664608405,6.26141361797546,0.000317684722607243,,,,,,,,,5.07644857144418
"staggered","D_ramp_nt10",3,200,142,"GATT","g=4_t=7",4,7,3,"doubleml",6.41931723408484,0.709012701355904,5.02967786388452,5.25309485620878,7.58553961196091,7.80895660428517,6.89870436922122e-20,,,,,,,,,6.20454825398733
"staggered","D_ramp_nt10",3,200,142,"GATT","g=5_t=5",5,5,0,"doubleml",5.42874488395435,1.16457385444215,3.14622205390649,3.51319092117976,7.34429884672895,7.71126771400222,1.56901616263655e-06,,,,,,,,,4.53088364196462
"staggered","D_ramp_nt10",3,200,142,"GATT","g=5_t=6",5,6,1,"doubleml",6.63693698946074,0.874769730792976,4.92241980881681,5.19806849868699,8.07580548023449,8.35145417010467,1.63613329369418e-14,,,,,,,,,6.34323709875046
"staggered","D_ramp_nt10",3,200,142,"GATT","g=5_t=7",5,7,2,"doubleml",7.62091259492526,1.31654592211383,5.04052998323535,5.45538676875264,9.78643842109787,10.2012952066152,3.54949864614566e-09,,,,,,,,,8.15559055553631
"staggered","D_ramp_nt10",3,200,142,"GATT","g=6_t=6",6,6,0,"doubleml",4.87931380630976,1.72104522076105,1.50612713124605,2.04844569076006,7.71018192185945,8.25250048137347,0.00229065674088171,,,,,,,,,5.62262465742609
"staggered","D_ramp_nt10",3,200,142,"GATT","g=6_t=7",6,7,1,"doubleml",7.600227122935,0.876632718645466,5.88205855316776,6.15829428914014,9.04215995672987,9.31839569270225,2.1644701495142e-18,,,,,,,,,7.87167452039652
"staggered","D_ramp_nt10",3,200,142,"CATT","surface",,,,"doubleml",,,,,,,,2.11456373493903,1.62871147008063,556,0.347300016899671,0.678057553956835,4.12407117077673,0.627697841726619,3.46103038705649,
"staggered","D_ramp_nt10",3,200,143,"GATT","g=4_t=4",4,4,0,"doubleml",2.56877528818126,0.435360703440489,1.71548398242322,1.85267049368436,3.28488008267816,3.4220665939393,1.81378859955352e-09,,,,,,,,,2.44334085392523
"staggered","D_ramp_nt10",3,200,143,"GATT","g=4_t=5",4,5,1,"doubleml",3.47919472866909,0.516369209431987,2.46712966747393,2.62984276905805,4.32854668828013,4.49125978986424,8.03989160084297e-12,,,,,,,,,3.42067719549532
"staggered","D_ramp_nt10",3,200,143,"GATT","g=4_t=6",4,6,2,"doubleml",4.26663861497745,0.568969498961357,3.15147887991515,3.33076685873287,5.20251037122203,5.38179835003975,3.21807162238961e-14,,,,,,,,,4.39801353706541
"staggered","D_ramp_nt10",3,200,143,"GATT","g=4_t=7",4,7,3,"doubleml",5.06217748848418,0.7672010401269,3.5584910690729,3.80024378882729,6.32411118814107,6.56586390789546,2.08032035164876e-11,,,,,,,,,5.3753498786355
"staggered","D_ramp_nt10",3,200,143,"GATT","g=5_t=5",5,5,0,"doubleml",4.4109526058701,0.452929183504592,3.5232277116517,3.66595022666583,5.15595498507436,5.29867750008849,1.03062467505533e-22,,,,,,,,,4.11724356779837
"staggered","D_ramp_nt10",3,200,143,"GATT","g=5_t=6",5,6,1,"doubleml",5.50532682607759,0.67651227002769,4.17938713126503,4.39256291267346,6.61809073948171,6.83126652089014,2.01249568123869e-16,,,,,,,,,5.76414099491772
"staggered","D_ramp_nt10",3,200,143,"GATT","g=5_t=7",5,7,2,"doubleml",7.9558637082834,0.756335010402546,6.47347431595479,6.71180304108273,9.19992437548407,9.43825310061202,3.53215724367545e-26,,,,,,,,,7.41103842203707
"staggered","D_ramp_nt10",3,200,143,"GATT","g=6_t=6",6,6,0,"doubleml",5.86548903080745,0.616644367875385,4.65688826896894,4.85119907573015,6.87977898588475,7.07408979264596,9.35627190530838e-22,,,,,,,,,5.28675408701037
"staggered","D_ramp_nt10",3,200,143,"GATT","g=6_t=7",6,7,1,"doubleml",7.71100130581297,0.697106986910503,6.34469670731992,6.56436208996529,8.85764052166066,9.07730590430603,9.64960598607307e-29,,,,,,,,,7.40145572181451
"staggered","D_ramp_nt10",3,200,143,"CATT","surface",,,,"doubleml",,,,,,,,2.08313026301027,1.66622118642621,519,0.393219905463408,0.36223506743738,2.38191484178981,0.285163776493256,1.99896638671799,
"staggered","D_ramp_nt10",3,200,144,"GATT","g=4_t=4",4,4,0,"doubleml",3.19007892636525,0.415221008697209,2.37626069727504,2.50710098932561,3.87305686340489,4.00389715545547,7.7796499013868e-15,,,,,,,,,2.80129053125475
"staggered","D_ramp_nt10",3,200,144,"GATT","g=4_t=5",4,5,1,"doubleml",4.89520283864176,1.22457331387237,2.49508322809122,2.88095852502554,6.90944715225799,7.29532244919231,3.20106950233681e-05,,,,,,,,,3.92180674375665
"staggered","D_ramp_nt10",3,200,144,"GATT","g=4_t=6",4,6,2,"doubleml",6.4501233028183,0.882133493947658,4.72117341148668,4.99914249676452,7.90110410887208,8.17907319414993,1.31638434359363e-13,,,,,,,,,5.04232295625855
"staggered","D_ramp_nt10",3,200,144,"GATT","g=4_t=7",4,7,3,"doubleml",6.79732022584653,0.68045680003581,5.46364939422115,5.67806813648043,7.91657231521264,8.13099105747192,8.48465368969445e-24,,,,,,,,,6.16283916876045
"staggered","D_ramp_nt10",3,200,144,"GATT","g=5_t=5",5,5,0,"doubleml",5.31310420283304,1.13550028307939,3.08756452600762,3.44537202020877,7.18083638545731,7.53864387965845,1.44077834961489e-06,,,,,,,,,4.25077527391544
"staggered","D_ramp_nt10",3,200,144,"GATT","g=5_t=6",5,6,1,"doubleml",6.52939798162807,0.501261466603819,5.54694355249738,5.70489605323891,7.35389991001723,7.51185241075876,4.35650962536693e-39,,,,,,,,,5.95108538348162
"staggered","D_ramp_nt10",3,200,144,"GATT","g=5_t=7",5,7,2,"doubleml",8.09766692068102,0.590330243554322,6.94064089520332,7.12665985824972,9.06867398311232,9.25469294615872,4.00600892342326e-43,,,,,,,,,7.6513954930478
"staggered","D_ramp_nt10",3,200,144,"GATT","g=6_t=6",6,6,0,"doubleml",7.59074033543939,1.09427329565794,5.44600406978846,5.79082052798324,9.39066014289554,9.73547660109032,2.00559515542056e-12,,,,,,,,,6.12814646157887
"staggered","D_ramp_nt10",3,200,144,"GATT","g=6_t=7",6,7,1,"doubleml",7.82901323184022,1.37689564742623,5.13034733112812,5.5642209185886,10.0938055450918,10.5276791325523,6.50289589773826e-09,,,,,,,,,8.57940504621041
"staggered","D_ramp_nt10",3,200,144,"CATT","surface",,,,"doubleml",,,,,,,,2.36620564454475,1.83048422620735,542,0.456474147326253,0.516605166051661,3.39723446703893,0.488929889298893,2.85104966318098,
"staggered","D_ramp_nt10",3,200,145,"GATT","g=4_t=4",4,4,0,"doubleml",0.615356985312714,2.47624970246544,-4.23800328653025,-3.45771224278637,4.6884262134118,5.46871725715568,0.401872389428288,,,,,,,,,2.59963571352603
"staggered","D_ramp_nt10",3,200,145,"GATT","g=4_t=5",4,5,1,"doubleml",2.97417101120946,0.651331408755997,1.69758489797842,1.90282593819153,4.0455160842274,4.2507571244405,2.48210644463063e-06,,,,,,,,,3.63948999893644
"staggered","D_ramp_nt10",3,200,145,"GATT","g=4_t=6",4,6,2,"doubleml",3.80672796967408,1.01096648905618,1.82527004591758,2.14383569628407,5.46962024306409,5.78818589343058,8.31298943871576e-05,,,,,,,,,4.67934428434685
"staggered","D_ramp_nt10",3,200,145,"GATT","g=4_t=7",4,7,3,"doubleml",4.17177298264087,1.14508040779769,1.92745660625208,2.28828289355321,6.05526307172853,6.41608935902966,0.000134627394484489,,,,,,,,,5.71919856975726
"staggered","D_ramp_nt10",3,200,145,"GATT","g=5_t=5",5,5,0,"doubleml",4.52281961193797,0.603555540151723,3.33987248124003,3.53005886749724,5.51558035637869,5.7057667426359,3.34981754701197e-14,,,,,,,,,4.09082498244292
"staggered","D_ramp_nt10",3,200,145,"GATT","g=5_t=6",5,6,1,"doubleml",5.79068024932087,0.72234984216147,4.37490056327871,4.60252022204221,6.97884027659953,7.20645993536303,5.4423302939361e-16,,,,,,,,,5.72715497542009
"staggered","D_ramp_nt10",3,200,145,"GATT","g=5_t=7",5,7,2,"doubleml",6.82102231800963,0.653291751519306,5.54059400353485,5.74645276735609,7.89559186866317,8.10145063248442,8.05482029416654e-26,,,,,,,,,7.36348496839726
"staggered","D_ramp_nt10",3,200,145,"GATT","g=6_t=6",6,6,0,"doubleml",5.79350835970611,0.621102879990948,4.57616907462754,4.77188480314148,6.81513191627074,7.01084764478469,5.40579531817034e-21,,,,,,,,,5.57263943750545
"staggered","D_ramp_nt10",3,200,145,"GATT","g=6_t=7",6,7,1,"doubleml",7.55839505919845,0.631837676920841,6.32001595858997,6.51911432896449,8.5976757894324,8.79677415980693,2.7907690543586e-33,,,,,,,,,7.80169521250762
"staggered","D_ramp_nt10",3,200,145,"CATT","surface",,,,"doubleml",,,,,,,,2.36510510645698,1.86360767785431,550,0.415240300015769,0.563636363636364,3.97608264449652,0.481818181818182,3.33683447355701,
"staggered","D_ramp_nt10",3,200,146,"GATT","g=4_t=4",4,4,0,"doubleml",3.0224448039788,0.493740775624799,2.05473065842212,2.21031331422925,3.83457629372836,3.99015894953549,4.63429866498199e-10,,,,,,,,,2.73267839270182
"staggered","D_ramp_nt10",3,200,146,"GATT","g=4_t=5",4,5,1,"doubleml",4.06006105960047,0.581101189206271,2.92112364839899,3.10423444412978,5.01588767507116,5.19899847080195,1.40573230293841e-12,,,,,,,,,3.82574974978254
"staggered","D_ramp_nt10",3,200,146,"GATT","g=4_t=6",4,6,2,"doubleml",4.83885125666586,0.496079384136228,3.86655352261668,4.02287309735185,5.65482941597987,5.81114899071503,8.85063239028785e-23,,,,,,,,,4.91882110686327
"staggered","D_ramp_nt10",3,200,146,"GATT","g=4_t=7",4,7,3,"doubleml",6.76719545481669,0.557652617031285,5.67421640092959,5.84993831708232,7.68445259255107,7.8601745087038,3.43939575863816e-34,,,,,,,,,6.01189246394399
"staggered","D_ramp_nt10",3,200,146,"GATT","g=5_t=5",5,5,0,"doubleml",3.81186629481326,0.475417359927234,2.88006538438084,3.02987414866751,4.59385844095901,4.74366720524568,5.3768100849791e-16,,,,,,,,,3.67715218668159
"staggered","D_ramp_nt10",3,200,146,"GATT","g=5_t=6",5,6,1,"doubleml",5.04235377088255,0.632296519793136,3.80307535476271,4.00231831111473,6.08238923065037,6.28163218700238,7.63965195063429e-16,,,,,,,,,5.14801306135422
"staggered","D_ramp_nt10",3,200,146,"GATT","g=5_t=7",5,7,2,"doubleml",6.81164775773576,0.794994817078611,5.2534865360751,5.50399735288474,8.11929816258678,8.36980897939642,5.25729643940694e-18,,,,,,,,,6.61887393602686
"staggered","D_ramp_nt10",3,200,146,"GATT","g=6_t=6",6,6,0,"doubleml",5.62487580353158,0.486006414696819,4.67232072695674,4.82546620829186,6.4242853987713,6.57743088010641,2.80181206126881e-31,,,,,,,,,5.50903274616455
"staggered","D_ramp_nt10",3,200,146,"GATT","g=6_t=7",6,7,1,"doubleml",7.93232384666681,0.6411098448074,6.67577163079872,6.87779175399598,8.98685593933765,9.18887606253491,1.83404004471027e-35,,,,,,,,,7.71264584463037
"staggered","D_ramp_nt10",3,200,146,"CATT","surface",,,,"doubleml",,,,,,,,2.04338451412701,1.60447059877656,486,0.371609568189963,0.401234567901235,2.25521606760893,0.347736625514403,1.89263740031491,
"staggered","D_ramp_nt10",3,200,147,"GATT","g=4_t=4",4,4,0,"doubleml",1.86983140118391,0.758212562038725,0.383762075240246,0.622682435664269,3.11698036670356,3.35590072712758,0.00682957416180861,,,,,,,,,2.74841381915448
"staggered","D_ramp_nt10",3,200,147,"GATT","g=4_t=5",4,5,1,"doubleml",3.90985240875929,0.735006030198969,2.4692670497864,2.7008747999624,5.11883001755619,5.35043776773219,5.20311410923154e-08,,,,,,,,,3.84777934681627
"staggered","D_ramp_nt10",3,200,147,"GATT","g=4_t=6",4,6,2,"doubleml",3.98132814720271,1.42058626960324,1.19703019988606,1.64467113930074,6.31798515510468,6.76562609451935,0.00253466325448087,,,,,,,,,4.94714487447806
"staggered","D_ramp_nt10",3,200,147,"GATT","g=4_t=7",4,7,3,"doubleml",4.91672172175903,1.64263909121388,1.69720823798711,2.21482024201952,7.61862320149855,8.13623520553096,0.00138041436809138,,,,,,,,,6.04651040213985
"staggered","D_ramp_nt10",3,200,147,"GATT","g=5_t=5",5,5,0,"doubleml",4.30581349884655,0.887035828776236,2.56725520773496,2.84676906774064,5.76485792995246,6.04437178995814,6.0449165848868e-07,,,,,,,,,3.94532946948117
"staggered","D_ramp_nt10",3,200,147,"GATT","g=5_t=6",5,6,1,"doubleml",6.42968295790702,0.778659683282851,4.90353801042123,5.14890146322049,7.71046445259355,7.95582790539281,7.44571458876164e-17,,,,,,,,,5.52346125727364
"staggered","D_ramp_nt10",3,200,147,"GATT","g=5_t=7",5,7,2,"doubleml",7.23184070880023,0.619542554513457,6.01755960548581,6.21278365983855,8.2508977577619,8.44612181211464,8.77004371810725e-32,,,,,,,,,7.10159304506611
"staggered","D_ramp_nt10",3,200,147,"GATT","g=6_t=6",6,6,0,"doubleml",5.37839522445951,0.701847434437318,4.00279951947001,4.22395866453555,6.53283178438347,6.75399092944901,9.06803434256907e-15,,,,,,,,,5.62833618301319
"staggered","D_ramp_nt10",3,200,147,"GATT","g=6_t=7",6,7,1,"doubleml",7.63586948508754,0.87671628186928,5.9175371344099,6.19379920198973,9.07793976818535,9.35420183576518,1.52441725981335e-18,,,,,,,,,7.87967065621847
"staggered","D_ramp_nt10",3,200,147,"CATT","surface",,,,"doubleml",,,,,,,,2.10315757718161,1.67746460567614,520,0.362952697430523,0.6,3.67643534341287,0.532692307692308,3.08536247622611,
"staggered","D_ramp_nt10",3,200,148,"GATT","g=4_t=4",4,4,0,"doubleml",1.24041332288657,1.09300881462467,-0.901844605460463,-0.557426597884083,3.03825324365721,3.38267125123359,0.128216734161808,,,,,,,,,2.63636971420829
"staggered","D_ramp_nt10",3,200,148,"GATT","g=4_t=5",4,5,1,"doubleml",3.19562736404726,0.527427465924277,2.16188851822445,2.32808618701185,4.06316854108267,4.22936620987007,6.85301300311103e-10,,,,,,,,,3.69091759989161
"staggered","D_ramp_nt10",3,200,148,"GATT","g=4_t=6",4,6,2,"doubleml",3.78805146798782,0.611908200353902,2.58873342398939,2.7815518170029,4.79455111897274,4.98736951198626,2.99763410724624e-10,,,,,,,,,4.74546548557493
"staggered","D_ramp_nt10",3,200,148,"GATT","g=4_t=7",4,7,3,"doubleml",4.97281912845492,0.618198932886566,3.76117147515883,3.95597214090072,5.98966611600912,6.18446678175101,4.3460809627662e-16,,,,,,,,,5.80001337125825
"staggered","D_ramp_nt10",3,200,148,"GATT","g=5_t=5",5,5,0,"doubleml",3.64528404960302,0.428283972290831,2.805862882136,2.94081944464456,4.34974865456149,4.48470521707005,8.5943882441017e-18,,,,,,,,,3.86574362402777
"staggered","D_ramp_nt10",3,200,148,"GATT","g=5_t=6",5,6,1,"doubleml",5.78003375034161,0.514462909617633,4.7717049681558,4.93381737560541,6.62625012507781,6.78836253252742,1.37117220504848e-29,,,,,,,,,5.41204107363888
"staggered","D_ramp_nt10",3,200,148,"GATT","g=5_t=7",5,7,2,"doubleml",6.46498239922828,0.568661062502335,5.35042718852195,5.52961797592706,7.40034682252949,7.5795376099346,2.9908973731835e-30,,,,,,,,,6.95833852324999
"staggered","D_ramp_nt10",3,200,148,"GATT","g=6_t=6",6,6,0,"doubleml",5.6837153600314,0.390867725624962,4.9176286890446,5.04079501806628,6.32663570199652,6.4498020310182,3.3172317533958e-48,,,,,,,,,5.49404077517947
"staggered","D_ramp_nt10",3,200,148,"GATT","g=6_t=7",6,7,1,"doubleml",7.57865430612297,0.450468370951191,6.69575251591999,6.83769960429042,8.31960900795552,8.46155609632595,8.1471557814396e-64,,,,,,,,,7.69165708525126
"staggered","D_ramp_nt10",3,200,148,"CATT","surface",,,,"doubleml",,,,,,,,2.171887533542,1.74577687993133,504,0.368279775587803,0.369047619047619,2.2571958557923,0.273809523809524,1.89429889129769,
"staggered","D_ramp_nt10",3,200,149,"GATT","g=4_t=4",4,4,0,"doubleml",2.18625123495037,1.06721055236403,0.0945569718967625,0.430845689052191,3.94165678084855,4.27794549800398,0.0202522868800481,,,,,,,,,2.58264074566064
"staggered","D_ramp_nt10",3,200,149,"GATT","g=4_t=5",4,5,1,"doubleml",4.07812028280405,0.651001857112213,2.80218007893097,3.0073172741256,5.14892329148251,5.35406048667713,1.87160876152925e-10,,,,,,,,,3.61569704392489
"staggered","D_ramp_nt10",3,200,149,"GATT","g=4_t=6",4,6,2,"doubleml",4.28868525320824,0.599155108832794,3.11436280947988,3.30316257582418,5.2742079305923,5.4630076969366,4.09646783649659e-13,,,,,,,,,4.64875334218914
"staggered","D_ramp_nt10",3,200,149,"GATT","g=4_t=7",4,7,3,"doubleml",6.48713950783664,1.36824260238383,3.80543326389802,4.23658019033519,8.7376988253381,9.16884575177527,1.06217428071767e-06,,,,,,,,,5.6818096404534
"staggered","D_ramp_nt10",3,200,149,"GATT","g=5_t=5",5,5,0,"doubleml",4.22390239684105,0.591140009264173,3.06528925972361,3.25156338804284,5.19624140563926,5.3825155339585,4.48833613327904e-13,,,,,,,,,4.15392937786437
"staggered","D_ramp_nt10",3,200,149,"GATT","g=5_t=6",5,6,1,"doubleml",7.019332407761,1.15485242459531,4.75586323024147,5.1197687777557,8.9188960377663,9.28280158528053,6.07996135771653e-10,,,,,,,,,5.81550112901011
"staggered","D_ramp_nt10",3,200,149,"GATT","g=5_t=7",5,7,2,"doubleml",8.03981844397157,0.808622714516882,6.45494703393621,6.70975213750762,9.36988475043552,9.62468985400694,1.35810895468622e-23,,,,,,,,,7.47707288015586
"staggered","D_ramp_nt10",3,200,149,"GATT","g=6_t=6",6,6,0,"doubleml",5.38583345264335,0.530715233860406,4.34565070002537,4.51288437736712,6.25878252791957,6.42601620526133,1.68670807895986e-24,,,,,,,,,5.5152250807283
"staggered","D_ramp_nt10",3,200,149,"GATT","g=6_t=7",6,7,1,"doubleml",8.23339228454192,0.710625596816173,6.84059169730371,7.06451692911645,9.40226763996739,9.62619287178014,2.42300041177035e-31,,,,,,,,,7.72131511301963
"staggered","D_ramp_nt10",3,200,149,"CATT","surface",,,,"doubleml",,,,,,,,2.47570816670294,1.90311825411898,496,0.437658196135889,0.463709677419355,3.26670873105331,0.415322580645161,2.74150898848549,
"staggered","D_ramp_nt10",3,200,150,"GATT","g=4_t=4",4,4,0,"doubleml",3.2809429064314,0.469999615148546,2.35976058072639,2.50786215945585,4.05402365340694,4.2021252321364,1.46819549479084e-12,,,,,,,,,2.56121263782306
"staggered","D_ramp_nt10",3,200,150,"GATT","g=4_t=5",4,5,1,"doubleml",4.25949009817727,0.973322193237578,2.35181363903057,2.65851719534166,5.86046300101287,6.16716655732397,6.03724346420686e-06,,,,,,,,,3.58569769295229
"staggered","D_ramp_nt10",3,200,150,"GATT","g=4_t=6",4,6,2,"doubleml",4.43189553274771,0.985520435632324,2.50031095764404,2.81085830211614,6.05293276337928,6.36348010785138,3.44578282400653e-06,,,,,,,,,4.61018274808151
"staggered","D_ramp_nt10",3,200,150,"GATT","g=4_t=7",4,7,3,"doubleml",6.16846406677922,0.988164350317757,4.23169751407303,4.54307798250166,7.79385015105679,8.10523061948541,2.15527651962103e-10,,,,,,,,,5.63466780321074
"staggered","D_ramp_nt10",3,200,150,"GATT","g=5_t=5",5,5,0,"doubleml",4.00624600826152,0.812650530648867,2.41348022360885,2.66955453232161,5.34293748420143,5.5990117929142,4.11461842750748e-07,,,,,,,,,4.23607590214524
"staggered","D_ramp_nt10",3,200,150,"GATT","g=5_t=6",5,6,1,"doubleml",6.33807386724055,0.910214083757446,4.55408703078297,4.84090459071578,7.83524314376532,8.12206070369813,1.66222222761779e-12,,,,,,,,,5.93050626300334
"staggered","D_ramp_nt10",3,200,150,"GATT","g=5_t=7",5,7,2,"doubleml",7.75077244110035,0.800605801822893,6.18161389133635,6.43389278554876,9.06765209665195,9.31993099086436,1.81334460506895e-22,,,,,,,,,7.62493662386144
"staggered","D_ramp_nt10",3,200,150,"GATT","g=6_t=6",6,6,0,"doubleml",5.33054356900048,0.811606540573157,3.73982396731255,3.99556930431256,6.6655178336884,6.9212631706884,2.5516378793056e-11,,,,,,,,,5.47612143608833
"staggered","D_ramp_nt10",3,200,150,"GATT","g=6_t=7",6,7,1,"doubleml",7.53380758737462,0.951845466420831,5.66822473962658,5.96816076455045,9.09945441019879,9.39939043512265,1.23678001134155e-15,,,,,,,,,7.66657001052366
"staggered","D_ramp_nt10",3,200,150,"CATT","surface",,,,"doubleml",,,,,,,,1.9994986953343,1.61227440760748,552,0.389377450590031,0.590579710144927,3.35622728890087,0.489130434782609,2.81663534690319,
"staggered","D_ramp_nt10",3,200,151,"GATT","g=4_t=4",4,4,0,"doubleml",3.31223528870193,0.42705705915527,2.47521882681173,2.60978877672215,4.01468180068171,4.14925175059213,4.38405931165277e-15,,,,,,,,,2.80080344065963
"staggered","D_ramp_nt10",3,200,151,"GATT","g=4_t=5",4,5,1,"doubleml",4.98744373605559,0.719172438524696,3.57789164675497,3.80451007385849,6.17037739825269,6.3969958253562,2.03144795601056e-12,,,,,,,,,3.92112481692348
"staggered","D_ramp_nt10",3,200,151,"GATT","g=4_t=6",4,6,2,"doubleml",5.32305512560891,0.978718919181488,3.40480127789428,3.71320539651756,6.93290485470026,7.24130897332354,2.68205188201117e-08,,,,,,,,,5.04144619318733
"staggered","D_ramp_nt10",3,200,151,"GATT","g=4_t=7",4,7,3,"doubleml",6.55771445493236,0.670595844644475,5.2433707408796,5.45468219748552,7.6607467123792,7.87205816898512,6.93296329033893e-23,,,,,,,,,6.16176756945119
"staggered","D_ramp_nt10",3,200,151,"GATT","g=5_t=5",5,5,0,"doubleml",3.85338549316936,0.519707826160707,2.83477686337612,2.99854199647762,4.7082289898611,4.8719941229626,6.10317843303498e-14,,,,,,,,,4.20918753825154
"staggered","D_ramp_nt10",3,200,151,"GATT","g=5_t=6",5,6,1,"doubleml",5.39177746824231,0.744806901269631,3.93198275480228,4.16667885746135,6.61687607902327,6.85157218168234,2.25733534581957e-13,,,,,,,,,5.89286255355215
"staggered","D_ramp_nt10",3,200,151,"GATT","g=5_t=7",5,7,2,"doubleml",8.23237269234361,0.719357601553244,6.82245769017291,7.04913446399835,9.41561092068887,9.64228769451431,1.25907276454521e-30,,,,,,,,,7.57653756885277
"staggered","D_ramp_nt10",3,200,151,"GATT","g=6_t=6",6,6,0,"doubleml",5.52100698961831,0.620183850703806,4.30546896885747,4.50089510205275,6.54111887718386,6.73654501037914,2.73727387927372e-19,,,,,,,,,5.18258551184419
"staggered","D_ramp_nt10",3,200,151,"GATT","g=6_t=7",6,7,1,"doubleml",7.53858855172444,0.702944480630261,6.16084267569043,6.38234751098183,8.69482959246705,8.91633442775845,3.91381174006856e-27,,,,,,,,,7.25561971658186
"staggered","D_ramp_nt10",3,200,151,"CATT","surface",,,,"doubleml",,,,,,,,2.29354982875594,1.79590049027801,529,0.415532151203093,0.425330812854442,2.65260106791208,0.370510396975425,2.22613347845136,
"staggered","D_ramp_nt10",3,200,152,"GATT","g=4_t=4",4,4,0,"doubleml",4.0967815143567,0.847226974829877,2.43624714386123,2.70321683589988,5.49034619281352,5.75731588485216,6.63995884704054e-07,,,,,,,,,2.96643105596764
"staggered","D_ramp_nt10",3,200,152,"GATT","g=4_t=5",4,5,1,"doubleml",4.36478636555818,0.677152016987723,3.03759278973486,3.25097016180786,5.47860256930851,5.69197994138151,5.74961695527298e-11,,,,,,,,,4.15300347835469
"staggered","D_ramp_nt10",3,200,152,"GATT","g=4_t=6",4,6,2,"doubleml",5.59898863209328,0.456223749628837,4.70480650687574,4.84856717262129,6.34941009156527,6.49317075731081,6.36610146136435e-35,,,,,,,,,5.33957590074175
"staggered","D_ramp_nt10",3,200,152,"GATT","g=4_t=7",4,7,3,"doubleml",6.94772563320001,0.961727514952308,5.06277432608402,5.36582428332064,8.52962698307937,8.83267694031599,2.52003690742624e-13,,,,,,,,,6.5261483231288
"staggered","D_ramp_nt10",3,200,152,"GATT","g=5_t=5",5,5,0,"doubleml",4.41276107998829,0.495778277875224,3.44105350337085,3.59727819651212,5.22824396346446,5.38446865660573,2.77541587321708e-19,,,,,,,,,4.28428793318542
"staggered","D_ramp_nt10",3,200,152,"GATT","g=5_t=6",5,6,1,"doubleml",5.68880669469126,0.512292649706947,4.68473154380104,4.84616008065019,6.53145330873234,6.69288184558149,5.95725548642395e-29,,,,,,,,,5.99800310645959
"staggered","D_ramp_nt10",3,200,152,"GATT","g=5_t=7",5,7,2,"doubleml",7.68444667624855,0.913684102427579,5.89365872811819,6.18156972563414,9.18732362686297,9.47523462437892,2.04311406664984e-17,,,,,,,,,7.71171827973376
"staggered","D_ramp_nt10",3,200,152,"GATT","g=6_t=6",6,6,0,"doubleml",5.65184008952974,0.627015143024086,4.42291298174769,4.620491723466,6.68318845559348,6.8807671973118,9.94449488743769e-20,,,,,,,,,5.86505505238087
"staggered","D_ramp_nt10",3,200,152,"GATT","g=6_t=7",6,7,1,"doubleml",7.48209099765016,0.797423253867663,5.91917012730668,6.17044616883292,8.7937358264674,9.04501186799364,3.21110467725403e-21,,,,,,,,,8.21107707333321
"staggered","D_ramp_nt10",3,200,152,"CATT","surface",,,,"doubleml",,,,,,,,2.47150933088186,1.87496081757184,527,0.43940965939192,0.438330170777989,2.75370154491384,0.385199240986717,2.31097969195236,
"staggered","D_ramp_nt10",3,200,153,"GATT","g=4_t=4",4,4,0,"doubleml",1.97094047896754,0.501480519781257,0.988056713494993,1.14607824008326,2.79580271785182,2.95382424444009,4.24299653067765e-05,,,,,,,,,2.75840120757851
"staggered","D_ramp_nt10",3,200,153,"GATT","g=4_t=5",4,5,1,"doubleml",3.27769039504609,0.609510509433276,2.0830717389352,2.27513459556272,4.28024619452945,4.47230905115697,3.77472245939607e-08,,,,,,,,,3.86176169060991
"staggered","D_ramp_nt10",3,200,153,"GATT","g=4_t=6",4,6,2,"doubleml",4.82862688677989,0.94977363949403,2.96710474522261,3.26638791676358,6.39086585679621,6.69014902833717,1.84806820800253e-07,,,,,,,,,4.96512217364131
"staggered","D_ramp_nt10",3,200,153,"GATT","g=4_t=7",4,7,3,"doubleml",6.00230334665694,0.580727971854139,4.86409742802981,5.04709061924077,6.95751607407311,7.14050926528406,2.4260649852755e-25,,,,,,,,,6.06848265667272
"staggered","D_ramp_nt10",3,200,153,"GATT","g=5_t=5",5,5,0,"doubleml",4.70438152205057,1.37691956635947,2.0056687410904,2.43954986564593,6.96921317845522,7.40309430301075,0.000317043435366856,,,,,,,,,3.7867406984573
"staggered","D_ramp_nt10",3,200,153,"GATT","g=5_t=6",5,6,1,"doubleml",5.51252557602746,0.541356226453772,4.45148686100222,4.62207362152007,6.40297753053485,6.5735642910527,1.18318422940807e-24,,,,,,,,,5.30143697784022
"staggered","D_ramp_nt10",3,200,153,"GATT","g=5_t=7",5,7,2,"doubleml",6.32562880914152,0.578672228950201,5.19145207259937,5.37379747866387,7.27746013961918,7.45980554568367,4.0843463397092e-28,,,,,,,,,6.81613325722314
"staggered","D_ramp_nt10",3,200,153,"GATT","g=6_t=6",6,6,0,"doubleml",6.0897063377539,0.603135523279386,4.90758242500514,5.0976364597457,7.08177621576209,7.27183025050265,2.85527558141747e-24,,,,,,,,,5.45336722111716
"staggered","D_ramp_nt10",3,200,153,"GATT","g=6_t=7",6,7,1,"doubleml",6.41670885677832,1.1411436795898,4.18010832595477,4.53969411083031,8.29372360272632,8.65330938760186,9.38071111943279e-09,,,,,,,,,7.63471410956402
"staggered","D_ramp_nt10",3,200,153,"CATT","surface",,,,"doubleml",,,,,,,,2.294379779787,1.78375882805005,513,0.385423658290534,0.504873294346979,2.98198564722672,0.389863547758285,2.5025617918408,
"staggered","D_ramp_nt10",3,200,154,"GATT","g=4_t=4",4,4,0,"doubleml",3.23830423466915,0.611741592696582,2.03931273568119,2.23207862895581,4.2445298403825,4.43729573365712,5.9971737175963e-08,,,,,,,,,2.79945783695318
"staggered","D_ramp_nt10",3,200,154,"GATT","g=4_t=5",4,5,1,"doubleml",1.93542020891009,2.18115526426843,-2.33956558746652,-1.6522617521429,5.52310216996308,6.2104060052867,0.187448691118535,,,,,,,,,3.91924097173446
"staggered","D_ramp_nt10",3,200,154,"GATT","g=4_t=6",4,6,2,"doubleml",4.92654189186248,0.711138670157502,3.5327356993459,3.75682260569923,6.09626117802573,6.32034808437906,2.13897433661913e-12,,,,,,,,,5.03902410651573
"staggered","D_ramp_nt10",3,200,154,"GATT","g=4_t=7",4,7,3,"doubleml",6.34196226639227,0.571099269427956,5.22262825788718,5.40258734867662,7.28133718410792,7.46129627489737,5.94193490027003e-29,,,,,,,,,6.15880724129701
"staggered","D_ramp_nt10",3,200,154,"GATT","g=5_t=5",5,5,0,"doubleml",4.40507989958762,0.491892991458501,3.44098734447665,3.59598774501514,5.2141720541601,5.36917245469859,1.69311050756213e-19,,,,,,,,,4.24418840185639
"staggered","D_ramp_nt10",3,200,154,"GATT","g=5_t=6",5,6,1,"doubleml",5.99357356641899,0.585155847071392,4.84668917176955,5.03107763074022,6.95606950209775,7.14045796106842,6.38145845256357e-25,,,,,,,,,5.94186376259894
"staggered","D_ramp_nt10",3,200,154,"GATT","g=5_t=7",5,7,2,"doubleml",8.00536142014271,0.735233603007139,6.56433002665843,6.79600948730201,9.21471335298342,9.446392813627,6.56128504997077e-28,,,,,,,,,7.6395391233415
"staggered","D_ramp_nt10",3,200,154,"GATT","g=6_t=6",6,6,0,"doubleml",6.17742660571018,0.758241951717427,4.69129967705429,4.93022929845997,7.4246239129604,7.66355353436608,1.86472012813601e-16,,,,,,,,,5.72327469157811
"staggered","D_ramp_nt10",3,200,154,"GATT","g=6_t=7",6,7,1,"doubleml",8.25219320463845,0.638960117542081,6.9998543768202,7.20119709945889,9.30318930981801,9.50453203245669,1.85134353296889e-38,,,,,,,,,8.01258456820936
"staggered","D_ramp_nt10",3,200,154,"CATT","surface",,,,"doubleml",,,,,,,,2.14452007016923,1.6641878805378,502,0.374874252427047,0.535856573705179,3.22781493748192,0.48605577689243,2.70886828083418,
"staggered","D_ramp_nt10",3,200,155,"GATT","g=4_t=4",4,4,0,"doubleml",2.68551075139501,0.682083356879655,1.34865192691174,1.56358321349808,3.80743828929194,4.02236957587829,4.1215887463567e-05,,,,,,,,,2.86728452760484
"staggered","D_ramp_nt10",3,200,155,"GATT","g=4_t=5",4,5,1,"doubleml",3.26882452364711,1.20397437152203,0.909078098541303,1.28846246275161,5.24918658454262,5.62857094875292,0.00331350508859852,,,,,,,,,4.01419833864677
"staggered","D_ramp_nt10",3,200,155,"GATT","g=4_t=6",4,6,2,"doubleml",3.79628936976466,1.0399340371141,1.75805609464637,2.08574970908139,5.50682903044793,5.83452264488295,0.000130860173151517,,,,,,,,,5.16111214968871
"staggered","D_ramp_nt10",3,200,155,"GATT","g=4_t=7",4,7,3,"doubleml",6.20715159115656,0.516660980654552,5.19451466886894,5.357319710483,7.05698347183012,7.21978851344418,1.50035411401221e-33,,,,,,,,,6.30802596073065
"staggered","D_ramp_nt10",3,200,155,"GATT","g=5_t=5",5,5,0,"doubleml",3.2082321770945,0.768758396965135,1.70149339434513,1.94373685281281,4.47272750137619,4.71497095984388,1.50132962562525e-05,,,,,,,,,3.94455751275749
"staggered","D_ramp_nt10",3,200,155,"GATT","g=5_t=6",5,6,1,"doubleml",3.840984646268,1.78028319361397,0.351693676979588,0.912678714119286,6.76929057841671,7.33027561555641,0.0154828464604906,,,,,,,,,5.52238051786048
"staggered","D_ramp_nt10",3,200,155,"GATT","g=5_t=7",5,7,2,"doubleml",6.15236626157204,0.83669075580184,4.51248250106764,4.77613212512836,7.52860039801572,7.79225002207644,9.67483133427777e-14,,,,,,,,,7.10020352296347
"staggered","D_ramp_nt10",3,200,155,"GATT","g=6_t=6",6,6,0,"doubleml",5.7758111139349,0.808881492280204,4.19043250879943,4.44531915583184,7.10630307203797,7.36118971907038,4.64990193702425e-13,,,,,,,,,5.5244647302184
"staggered","D_ramp_nt10",3,200,155,"GATT","g=6_t=7",6,7,1,"doubleml",7.44605333066776,0.716768259383091,6.04121334593424,6.26707419214845,8.62503246918708,8.85089331540128,1.40050585720347e-25,,,,,,,,,7.73425062230576
"staggered","D_ramp_nt10",3,200,155,"CATT","surface",,,,"doubleml",,,,,,,,2.2356433838231,1.77970260447582,529,0.353212594430596,0.599243856332703,3.63813076959485,0.514177693761815,3.05321625748798,
"staggered","D_ramp_nt10",3,200,156,"GATT","g=4_t=4",4,4,0,"doubleml",3.9036287123623,1.24549391156769,1.46250548347044,1.85497306994453,5.95228435478007,6.34475194125416,0.000861612804031005,,,,,,,,,2.61964351825616
"staggered","D_ramp_nt10",3,200,156,"GATT","g=4_t=5",4,5,1,"doubleml",3.96156362941875,0.632513763466431,2.72185942352003,2.92117083552594,5.00195642331156,5.20126783531747,1.88571636576174e-10,,,,,,,,,3.66750092555862
"staggered","D_ramp_nt10",3,200,156,"GATT","g=4_t=6",4,6,2,"doubleml",4.35218716679326,0.780015725601035,2.82338442518135,3.06917518047549,5.63519915311102,5.88098990840516,1.20526010967678e-08,,,,,,,,,4.71535833286109
"staggered","D_ramp_nt10",3,200,156,"GATT","g=4_t=7",4,7,3,"doubleml",5.35877210923261,0.835510116613539,3.72120235903427,3.98447995188037,6.73306426658486,6.99634185943095,7.09808379298189e-11,,,,,,,,,5.76321574016355
"staggered","D_ramp_nt10",3,200,156,"GATT","g=5_t=5",5,5,0,"doubleml",3.69401898247347,0.460470367127414,2.79151363983696,2.93661245722248,4.45142550772447,4.59652432510999,5.19030672684309e-16,,,,,,,,,3.80067082822916
"staggered","D_ramp_nt10",3,200,156,"GATT","g=5_t=6",5,6,1,"doubleml",4.65714823640357,0.90346736518727,2.88638472546166,3.17107632690582,6.14322014590131,6.42791174734547,1.26984886575843e-07,,,,,,,,,5.32093915952082
"staggered","D_ramp_nt10",3,200,156,"GATT","g=5_t=7",5,7,2,"doubleml",6.3538312317085,0.627105994467926,5.12472605836716,5.32233342828395,7.38532903513305,7.58293640504984,1.99229599166566e-24,,,,,,,,,6.84120749081248
"staggered","D_ramp_nt10",3,200,156,"GATT","g=6_t=6",6,6,0,"doubleml",5.86912335921274,0.596547774231898,4.69991119743809,4.88788936657631,6.85035735184918,7.03833552098739,3.84316369776473e-23,,,,,,,,,5.58473084982406
"staggered","D_ramp_nt10",3,200,156,"GATT","g=6_t=7",6,7,1,"doubleml",8.19746743795306,0.809239922963705,6.61138632158142,6.86638591370652,9.5285489621996,9.78354855432469,2.03666707862002e-24,,,,,,,,,7.81862318975368
"staggered","D_ramp_nt10",3,200,156,"CATT","surface",,,,"doubleml",,,,,,,,2.15058298112182,1.77869415226176,538,0.430732961924701,0.464684014869888,3.00679023056016,0.33271375464684,2.52337845893996,
"staggered","D_ramp_nt10",3,200,157,"GATT","g=4_t=4",4,4,0,"doubleml",3.23293914463885,0.547068590484949,2.16070440175761,2.33309118530532,4.13278710397238,4.30517388752009,1.71502826004587e-09,,,,,,,,,2.92239323191479
"staggered","D_ramp_nt10",3,200,157,"GATT","g=4_t=5",4,5,1,"doubleml",3.84062582846969,0.451183627911545,2.95632216037367,3.09849463336487,4.58275702357451,4.72492949656572,8.52332029313045e-18,,,,,,,,,4.09135052468071
"staggered","D_ramp_nt10",3,200,157,"GATT","g=4_t=6",4,6,2,"doubleml",4.99444455096961,0.524801254514827,3.96585298496571,4.13122310827588,5.85766599366334,6.0230361169735,8.92707758071297e-22,,,,,,,,,5.26030781744663
"staggered","D_ramp_nt10",3,200,157,"GATT","g=4_t=7",4,7,3,"doubleml",6.34195580773367,0.617545792558122,5.13158828596829,5.32618314066128,7.35772847480607,7.55232332949906,4.82960749350337e-25,,,,,,,,,6.42926511021254
"staggered","D_ramp_nt10",3,200,157,"GATT","g=5_t=5",5,5,0,"doubleml",4.45586776431026,0.56603296881975,3.34646352261042,3.52482617141522,5.3869093572053,5.56527200601009,1.74369523185068e-15,,,,,,,,,4.3943160128195
"staggered","D_ramp_nt10",3,200,157,"GATT","g=5_t=6",5,6,1,"doubleml",5.99742022831368,0.593397085667358,4.83438330270074,5.02136865836538,6.97347179826197,7.16045715392662,2.57371129555355e-24,,,,,,,,,6.1520424179473
"staggered","D_ramp_nt10",3,200,157,"GATT","g=5_t=7",5,7,2,"doubleml",9.02625397711056,1.05532752040829,6.95785002890105,7.2903942838569,10.7621136703642,11.0946579253201,5.99463882257549e-18,,,,,,,,,7.9097688230751
"staggered","D_ramp_nt10",3,200,157,"GATT","g=6_t=6",6,6,0,"doubleml",5.56858382834887,0.615085046642077,4.36303927999208,4.55685872903946,6.58030892765828,6.77412837670566,6.93202734774373e-20,,,,,,,,,5.57369871743785
"staggered","D_ramp_nt10",3,200,157,"GATT","g=6_t=7",6,7,1,"doubleml",7.82773442988303,0.83777225272218,6.18573097434866,6.44972138890394,9.20574747086212,9.46973788541741,4.65956342529063e-21,,,,,,,,,7.80317820441299
"staggered","D_ramp_nt10",3,200,157,"CATT","surface",,,,"doubleml",,,,,,,,2.49322473423176,1.71203524428077,498,0.365716356580494,0.473895582329317,2.53741117029714,0.423694779116466,2.12946304784574,
"staggered","D_ramp_nt10",3,200,158,"GATT","g=4_t=4",4,4,0,"doubleml",1.67949966827143,0.645070645685295,0.415184425271496,0.61845263643339,2.74054670010947,2.94381491127136,0.00461264826060192,,,,,,,,,2.69518788194542
"staggered","D_ramp_nt10",3,200,158,"GATT","g=4_t=5",4,5,1,"doubleml",3.37353790117295,0.523924792116729,2.34666416991668,2.51175811116058,4.23531769118532,4.40041163242922,6.01420615979175e-11,,,,,,,,,3.77326303472359
"staggered","D_ramp_nt10",3,200,158,"GATT","g=4_t=6",4,6,2,"doubleml",5.20815423382776,1.08472869489689,3.08212504206288,3.42393390111184,6.99237456654368,7.33418342559264,7.8802630024212e-07,,,,,,,,,4.85133818750175
"staggered","D_ramp_nt10",3,200,158,"GATT","g=4_t=7",4,7,3,"doubleml",5.93556746588797,0.796336365080073,4.37477685844017,4.62571041044055,7.24542452133539,7.49635807333577,4.54158247281849e-14,,,,,,,,,5.92941334027992
"staggered","D_ramp_nt10",3,200,158,"GATT","g=5_t=5",5,5,0,"doubleml",4.18827923074766,0.655881734868919,2.90277464214703,3.10944953562158,5.26710892587374,5.47378381934829,8.52946458896305e-11,,,,,,,,,4.19574449676997
"staggered","D_ramp_nt10",3,200,158,"GATT","g=5_t=6",5,6,1,"doubleml",5.46660781337754,1.12432878632854,3.26296386800991,3.61725111186989,7.3159645148852,7.67025175874518,5.80711561523366e-07,,,,,,,,,5.87404229547796
"staggered","D_ramp_nt10",3,200,158,"GATT","g=5_t=7",5,7,2,"doubleml",10.2004630980211,3.20765660473077,3.91357162838653,4.92433630110324,15.4765898949389,16.4873545676556,0.00073628408691921,,,,,,,,,7.55234009418594
"staggered","D_ramp_nt10",3,200,158,"GATT","g=6_t=6",6,6,0,"doubleml",5.75162238845262,1.44994189543368,2.90978847131083,3.36667966198094,8.13656511492429,8.5934563055944,3.64227850529614e-05,,,,,,,,,5.24493555389671
"staggered","D_ramp_nt10",3,200,158,"GATT","g=6_t=7",6,7,1,"doubleml",6.93036762192199,0.719145822125876,5.52086769980487,5.74747773981495,8.11325750402903,8.33986754403911,2.79127323666466e-22,,,,,,,,,7.3429097754554
"staggered","D_ramp_nt10",3,200,158,"CATT","surface",,,,"doubleml",,,,,,,,2.43195628934995,1.85487665386649,546,0.407053131385499,0.542124542124542,4.21727222745395,0.443223443223443,3.5392471965896,
"staggered","D_ramp_nt10",3,200,159,"GATT","g=4_t=4",4,4,0,"doubleml",2.58788698476676,0.483660521489589,1.63992977442594,1.79233604135253,3.383437928181,3.53584419510758,4.38250380153773e-08,,,,,,,,,2.60845610266291
"staggered","D_ramp_nt10",3,200,159,"GATT","g=4_t=5",4,5,1,"doubleml",5.01135562311876,1.29643010544246,2.47039928793533,2.87891737846131,7.14379386777621,7.55231195830218,5.54300396765037e-05,,,,,,,,,3.65183854372807
"staggered","D_ramp_nt10",3,200,159,"GATT","g=4_t=6",4,6,2,"doubleml",4.58842965084233,0.524403537331019,3.56061759620088,3.72586239484925,5.45099690683541,5.61624170548378,1.06859136972794e-18,,,,,,,,,4.69522098479323
"staggered","D_ramp_nt10",3,200,159,"GATT","g=4_t=7",4,7,3,"doubleml",6.02284144182611,0.901622305393559,4.25569418165772,4.53980438631029,7.50587849734192,7.78998870199449,1.19467108787697e-11,,,,,,,,,5.73860342585839
"staggered","D_ramp_nt10",3,200,159,"GATT","g=5_t=5",5,5,0,"doubleml",5.04955308743972,1.75562602901248,1.60858927311231,2.16180459111443,7.93730158376502,8.49051690176714,0.00201239488385972,,,,,,,,,4.06593486421535
"staggered","D_ramp_nt10",3,200,159,"GATT","g=5_t=6",5,6,1,"doubleml",6.9916841616348,2.15845081747815,2.76119826360705,3.44134770070259,10.542020622567,11.2221700596625,0.000599297976274272,,,,,,,,,5.69230880990148
"staggered","D_ramp_nt10",3,200,159,"GATT","g=5_t=7",5,7,2,"doubleml",8.4267809915232,1.63820856621003,5.21595117725992,5.73216707855836,11.121394904488,11.6376108057865,1.34546427556434e-07,,,,,,,,,7.31868275558762
"staggered","D_ramp_nt10",3,200,159,"GATT","g=6_t=6",6,6,0,"doubleml",5.2569419943641,0.623063782798992,4.03575941037426,4.23209303897205,6.28179094975616,6.47812457835395,1.62452012335998e-17,,,,,,,,,5.46314350609295
"staggered","D_ramp_nt10",3,200,159,"GATT","g=6_t=7",6,7,1,"doubleml",7.43809613954015,0.623527663379938,6.21600436631135,6.41248416831901,8.46370811076129,8.66018791276895,4.17578048120095e-33,,,,,,,,,7.64840090853012
"staggered","D_ramp_nt10",3,200,159,"CATT","surface",,,,"doubleml",,,,,,,,2.38709109879841,1.86061980928935,515,0.45061660501311,0.530097087378641,4.14226651373337,0.450485436893204,3.47630040356883,
"staggered","D_ramp_nt10",3,200,160,"GATT","g=4_t=4",4,4,0,"doubleml",2.30204545079141,0.643867128697705,1.04008905776054,1.24297802868447,3.36111287289834,3.56400184382228,0.000174884907927158,,,,,,,,,2.67145848113602
"staggered","D_ramp_nt10",3,200,160,"GATT","g=4_t=5",4,5,1,"doubleml",3.95583886326941,0.517300126256486,2.94194923861124,3.10495568139592,4.80672204514289,4.96972848792757,1.02791940766287e-14,,,,,,,,,3.74004187359043
"staggered","D_ramp_nt10",3,200,160,"GATT","g=4_t=6",4,6,2,"doubleml",4.66315911663855,0.497368960297464,3.68833385973809,3.84505979281742,5.48125844045967,5.63798437353901,3.43742215014564e-21,,,,,,,,,4.80862526604484
"staggered","D_ramp_nt10",3,200,160,"GATT","g=4_t=7",4,7,3,"doubleml",6.59317868727854,1.4144254045765,3.82095581362317,4.26665540285927,8.91970197169781,9.36540156093391,1.57045720282351e-06,,,,,,,,,5.87720865849924
"staggered","D_ramp_nt10",3,200,160,"GATT","g=5_t=5",5,5,0,"doubleml",3.70186335382378,0.453730988188045,2.81256695129079,2.95554212297872,4.44818458466884,4.59115975635677,1.69299039025185e-16,,,,,,,,,4.01907619912825
"staggered","D_ramp_nt10",3,200,160,"GATT","g=5_t=6",5,6,1,"doubleml",5.50766338535829,0.674443096095578,4.18577919696242,4.39830296097309,6.61702380974348,6.82954757375416,1.59076582437907e-16,,,,,,,,,5.62670667877955
"staggered","D_ramp_nt10",3,200,160,"GATT","g=5_t=7",5,7,2,"doubleml",6.93399995655531,0.673919930486247,5.61314115391977,5.82550006321529,8.04249984989534,8.25485875919086,3.9473236536301e-25,,,,,,,,,7.23433715843085
"staggered","D_ramp_nt10",3,200,160,"GATT","g=6_t=6",6,6,0,"doubleml",5.51543390362362,0.608860614423004,4.32208901833665,4.51394708654748,6.51692072069976,6.70877878891059,6.60586818219321e-20,,,,,,,,,5.96959855125368
"staggered","D_ramp_nt10",3,200,160,"GATT","g=6_t=7",6,7,1,"doubleml",8.40176788248838,1.10290758259683,6.24010872527156,6.58764593362365,10.2158898313531,10.5634270397052,1.2898296733004e-14,,,,,,,,,8.35743797175515
"staggered","D_ramp_nt10",3,200,160,"CATT","surface",,,,"doubleml",,,,,,,,2.35185338933889,1.78279883111528,513,0.38651029348142,0.436647173489279,2.87155382550724,0.362573099415205,2.40988446527634,
"staggered","D_ramp_nt10",3,200,161,"GATT","g=4_t=4",4,4,0,"doubleml",3.37332694320169,0.629694107011907,2.13914916244621,2.33757207250673,4.40908181389666,4.60750472395718,4.22868934477389e-08,,,,,,,,,2.74525666756377
"staggered","D_ramp_nt10",3,200,161,"GATT","g=4_t=5",4,5,1,"doubleml",3.70757414783733,0.691597213837992,2.35206850621457,2.56999770426706,4.84515059140761,5.0630797894601,4.1407276261507e-08,,,,,,,,,3.84335933458928
"staggered","D_ramp_nt10",3,200,161,"GATT","g=4_t=6",4,6,2,"doubleml",5.16031125760401,0.770282451945423,3.65058538195925,3.89330908539177,6.42731342981624,6.67003713324877,1.04749183667717e-11,,,,,,,,,4.94146200161479
"staggered","D_ramp_nt10",3,200,161,"GATT","g=4_t=7",4,7,3,"doubleml",5.9208817927565,0.862152938736552,4.23109307033865,4.50276608286393,7.33899750264907,7.61067051517435,3.26560353664305e-12,,,,,,,,,6.03956466864029
"staggered","D_ramp_nt10",3,200,161,"GATT","g=5_t=5",5,5,0,"doubleml",4.03303580821122,0.467096751451934,3.11754299084848,3.2647298481985,4.80134176822394,4.94852862557395,2.9553650808145e-18,,,,,,,,,4.11241249069714
"staggered","D_ramp_nt10",3,200,161,"GATT","g=5_t=6",5,6,1,"doubleml",4.95917933914363,0.734821570816639,3.51895551391957,3.7505051390996,6.16785353918766,6.39940316436769,7.45256039779813e-12,,,,,,,,,5.757377486976
"staggered","D_ramp_nt10",3,200,161,"GATT","g=5_t=7",5,7,2,"doubleml",7.05760286589475,0.589311155207865,5.90257421688892,6.08827205500647,8.02693367678302,8.21263151490057,2.3727911177205e-33,,,,,,,,,7.40234248325486
"staggered","D_ramp_nt10",3,200,161,"GATT","g=6_t=6",6,6,0,"doubleml",5.91235068136746,0.632598014618062,4.67248134624459,4.87181930663088,6.95288205610404,7.15222001649034,4.54516886569672e-21,,,,,,,,,6.13189916451884
"staggered","D_ramp_nt10",3,200,161,"GATT","g=6_t=7",6,7,1,"doubleml",7.99553154452348,0.549669691701625,6.91819873689719,7.09140515344929,8.89965793559766,9.07286435214976,3.09298786070155e-48,,,,,,,,,8.58465883032637
"staggered","D_ramp_nt10",3,200,161,"CATT","surface",,,,"doubleml",,,,,,,,2.15489801581084,1.61085152572121,512,0.352792419597689,0.466796875,2.55230226841302,0.380859375,2.14196005406642,
"staggered","D_ramp_nt10",3,200,162,"GATT","g=4_t=4",4,4,0,"doubleml",2.16490160029138,0.605416798174744,0.978306470873619,1.16907935814646,3.16072384243631,3.35149672970915,0.000174521707840597,,,,,,,,,2.73243600860817
"staggered","D_ramp_nt10",3,200,162,"GATT","g=4_t=5",4,5,1,"doubleml",3.84471092042346,0.457769653415564,2.94749887943647,3.09174667492425,4.59767516592266,4.74192296141044,2.25552477803429e-17,,,,,,,,,3.82541041205143
"staggered","D_ramp_nt10",3,200,162,"GATT","g=4_t=6",4,6,2,"doubleml",4.96425826644963,0.479232933707428,4.02497896876869,4.17599005850924,5.75252647439003,5.90353756413058,1.90943063874357e-25,,,,,,,,,4.9183848154947
"staggered","D_ramp_nt10",3,200,162,"GATT","g=4_t=7",4,7,3,"doubleml",6.73390143981859,0.618136445489477,5.52237625957125,5.71715723490944,7.75064564472774,7.94542662006593,6.16400413049346e-28,,,,,,,,,6.01135921893797
"staggered","D_ramp_nt10",3,200,162,"GATT","g=5_t=5",5,5,0,"doubleml",4.25189040455977,0.631026130479645,3.01510190576036,3.2139445497358,5.28983625938374,5.48867890335918,8.02589786659172e-12,,,,,,,,,4.08108816986231
"staggered","D_ramp_nt10",3,200,162,"GATT","g=5_t=6",5,6,1,"doubleml",5.96575007260866,0.625131839930453,4.74051417109121,4.9374994651717,6.99400068004563,7.19098597412612,6.92544674353171e-22,,,,,,,,,5.71352343780723
"staggered","D_ramp_nt10",3,200,162,"GATT","g=5_t=7",5,7,2,"doubleml",7.55955347888032,0.677858181683037,6.23097584567611,6.44457573730625,8.67453122045439,8.88813111208453,3.49615070340822e-29,,,,,,,,,7.34595870575215
"staggered","D_ramp_nt10",3,200,162,"GATT","g=6_t=6",6,6,0,"doubleml",6.01356350895578,0.463353792494127,5.10540675640382,5.25141416995664,6.77571284795491,6.92172026150774,8.11796694397178e-39,,,,,,,,,5.77093688027279
"staggered","D_ramp_nt10",3,200,162,"GATT","g=6_t=7",6,7,1,"doubleml",8.18598956029279,0.578416301234671,7.05231443285967,7.23457919354173,9.13739992704384,9.3196646877259,9.02215902487251e-46,,,,,,,,,8.07931163238191
"staggered","D_ramp_nt10",3,200,162,"CATT","surface",,,,"doubleml",,,,,,,,2.15558333172509,1.67500346798169,511,0.383687078947799,0.432485322896282,2.20842699682673,0.371819960861057,1.85337076570714,
"staggered","D_ramp_nt10",3,200,163,"GATT","g=4_t=4",4,4,0,"doubleml",3.78811134089603,0.52990856544289,2.74950962933632,2.91648911739303,4.65973356439903,4.82671305245574,4.38294885034632e-13,,,,,,,,,2.86889113988288
"staggered","D_ramp_nt10",3,200,163,"GATT","g=4_t=5",4,5,1,"doubleml",3.85203788717986,0.476325276542506,2.91845749286651,3.06855235075781,4.63552342360191,4.78561828149322,3.05785696328323e-16,,,,,,,,,4.01644759583603
"staggered","D_ramp_nt10",3,200,163,"GATT","g=4_t=6",4,6,2,"doubleml",6.38860919886024,0.622532949220721,5.1684670295738,5.36463338720274,7.41258501051774,7.60875136814668,5.21067351766528e-25,,,,,,,,,5.16400405178918
"staggered","D_ramp_nt10",3,200,163,"GATT","g=4_t=7",4,7,3,"doubleml",8.01522307620729,1.63911847824818,4.80260986710608,5.31911249078686,10.7113336616277,11.2278362853085,5.04283472796066e-07,,,,,,,,,6.31156050774233
"staggered","D_ramp_nt10",3,200,163,"GATT","g=5_t=5",5,5,0,"doubleml",2.94547597898026,0.708304679854869,1.55722430543319,1.78041819310226,4.11053376485826,4.33372765252733,1.60181056541088e-05,,,,,,,,,4.14864420605696
"staggered","D_ramp_nt10",3,200,163,"GATT","g=5_t=6",5,6,1,"doubleml",5.85804516567648,0.614972921420426,4.65272037871762,4.84650449598641,6.86958583536656,7.06336995263535,8.19697344667589e-22,,,,,,,,,5.80810188847974
"staggered","D_ramp_nt10",3,200,163,"GATT","g=5_t=7",5,7,2,"doubleml",7.39813426710534,0.450817003025553,6.51454917058737,6.65660611641075,8.13966241779993,8.28171936362331,8.04321629392898e-61,,,,,,,,,7.46755957090252
"staggered","D_ramp_nt10",3,200,163,"GATT","g=6_t=6",6,6,0,"doubleml",6.43000733657158,0.446307806654107,5.55526010261057,5.69589615556535,7.16411851757782,7.30475457053259,2.33407206463914e-47,,,,,,,,,5.71277417852496
"staggered","D_ramp_nt10",3,200,163,"GATT","g=6_t=7",6,7,1,"doubleml",8.93187846974571,0.602121726890304,7.75174156142288,7.94147613878328,9.92228080070813,10.1120153780685,4.41498391370281e-50,,,,,,,,,7.99788384993494
"staggered","D_ramp_nt10",3,200,163,"CATT","surface",,,,"doubleml",,,,,,,,2.26148543748305,1.77567914077441,501,0.420220876986512,0.457085828343313,2.66668620258604,0.419161676646707,2.23795409868164,
"staggered","D_ramp_nt10",3,200,164,"GATT","g=4_t=4",4,4,0,"doubleml",0.743137230881664,1.33315676132823,-1.86980202767825,-1.44971100061611,2.93598546237944,3.35607648944158,0.288617949092942,,,,,,,,,2.57626707864434
"staggered","D_ramp_nt10",3,200,164,"GATT","g=4_t=5",4,5,1,"doubleml",2.90444794311963,0.600538163326577,1.72741476237341,1.91665034301925,3.89224554322,4.08148112386584,6.6103007459596e-07,,,,,,,,,3.60677391010208
"staggered","D_ramp_nt10",3,200,164,"GATT","g=4_t=6",4,6,2,"doubleml",3.83697246304036,0.819571958837326,2.23064092830972,2.48889624825895,5.18504867782178,5.44330399777101,1.422677039999e-06,,,,,,,,,4.63728074155982
"staggered","D_ramp_nt10",3,200,164,"GATT","g=4_t=7",4,7,3,"doubleml",5.34742143133572,1.14258712760651,3.10799179436355,3.46803242414364,7.2268104385278,7.58685106830789,1.43367870246732e-06,,,,,,,,,5.66778757301755
"staggered","D_ramp_nt10",3,200,164,"GATT","g=5_t=5",5,5,0,"doubleml",3.92768695104078,0.727669342648768,2.50148123554553,2.73077712210759,5.12459677997398,5.35389266653603,3.37642273732172e-08,,,,,,,,,4.29856922262036
"staggered","D_ramp_nt10",3,200,164,"GATT","g=5_t=6",5,6,1,"doubleml",6.48941846993571,0.845104131918388,4.83304479512441,5.09934555813322,7.87949138173819,8.145792144747,8.02684932641001e-15,,,,,,,,,6.01799691166851
"staggered","D_ramp_nt10",3,200,164,"GATT","g=5_t=7",5,7,2,"doubleml",7.61891907128412,0.568259317089396,6.50515126712432,6.68421546053236,8.55362268203589,8.73268687544393,2.73365825533601e-41,,,,,,,,,7.73742460071665
"staggered","D_ramp_nt10",3,200,164,"GATT","g=6_t=6",6,6,0,"doubleml",2.42205408405817,2.44733727382427,-2.37463886849554,-1.60345842014077,6.44756658825711,7.21874703661188,0.161167940836991,,,,,,,,,5.12230860932219
"staggered","D_ramp_nt10",3,200,164,"GATT","g=6_t=7",6,7,1,"doubleml",7.29774392331334,1.03079232470483,5.27742807541557,5.60224104485331,8.99324680177338,9.31805977121112,7.22114379854621e-13,,,,,,,,,7.17123205305106
"staggered","D_ramp_nt10",3,200,164,"CATT","surface",,,,"doubleml",,,,,,,,2.25542959107947,1.82856326933478,550,0.389610385980594,0.643636363636364,4.2373601617025,0.543636363636364,3.55610552613058,
"staggered","D_ramp_nt10",3,200,165,"GATT","g=4_t=4",4,4,0,"doubleml",2.57895317604805,0.993687069849792,0.631362291876971,0.944483024457339,4.21342332763876,4.52654406021913,0.00472490573607631,,,,,,,,,2.52439950575521
"staggered","D_ramp_nt10",3,200,165,"GATT","g=4_t=5",4,5,1,"doubleml",2.73779145941762,1.55358895247023,-0.307186958221738,0.182364456591157,5.29321846224409,5.78276987705698,0.0390146574030639,,,,,,,,,3.53415930805729
"staggered","D_ramp_nt10",3,200,165,"GATT","g=4_t=6",4,6,2,"doubleml",3.83288859216348,0.666176165257507,2.52720729060072,2.73712606203501,4.92865112229195,5.13856989372625,4.36901333059476e-09,,,,,,,,,4.54391911035938
"staggered","D_ramp_nt10",3,200,165,"GATT","g=4_t=7",4,7,3,"doubleml",5.29814499349894,0.727459230613378,3.87235109002902,4.1015807681876,6.49470921881028,6.72393889696886,1.63139772556457e-13,,,,,,,,,5.55367891266146
"staggered","D_ramp_nt10",3,200,165,"GATT","g=5_t=5",5,5,0,"doubleml",4.52436347245324,0.505565597946635,3.53347310083936,3.69278187640832,5.35594506849815,5.51525384406712,1.79175705890935e-19,,,,,,,,,4.54880158747451
"staggered","D_ramp_nt10",3,200,165,"GATT","g=5_t=6",5,6,1,"doubleml",6.35528691932458,0.574884186619526,5.22853460938102,5.4096863654267,7.30088747322245,7.48203922926813,1.03784562503757e-28,,,,,,,,,6.36832222246432
"staggered","D_ramp_nt10",3,200,165,"GATT","g=5_t=7",5,7,2,"doubleml",7.76424266630302,0.734743176832374,6.32417249046594,6.55569741291759,8.97278791968846,9.20431284214011,2.11268817821272e-26,,,,,,,,,8.18784285745412
"staggered","D_ramp_nt10",3,200,165,"GATT","g=6_t=6",6,6,0,"doubleml",6.03996453561053,0.58335471886888,4.8966102873974,5.08043119286017,6.99949787836088,7.18331878382365,2.0100390513283e-25,,,,,,,,,5.82991628293444
"staggered","D_ramp_nt10",3,200,165,"GATT","g=6_t=7",6,7,1,"doubleml",8.57051418300733,0.509129052320432,7.57263956910517,7.73307122478186,9.4079571412328,9.56838879690949,6.91215527300398e-64,,,,,,,,,8.16188279610822
"staggered","D_ramp_nt10",3,200,165,"CATT","surface",,,,"doubleml",,,,,,,,2.11319351829684,1.61991200950575,520,0.344404759530188,0.546153846153846,3.00993617962745,0.476923076923077,2.52601862320172,
"staggered","D_ramp_nt10",3,200,166,"GATT","g=4_t=4",4,4,0,"doubleml",2.77309240527094,0.516177751178486,1.76140259536015,1.92405536653401,3.62212944400788,3.78478221518173,3.88565051971484e-08,,,,,,,,,2.75754831498574
"staggered","D_ramp_nt10",3,200,166,"GATT","g=4_t=5",4,5,1,"doubleml",4.13999232713843,0.374705795506545,3.40558245735423,3.5236560005763,4.75632865370055,4.87440219692262,1.11270890635207e-28,,,,,,,,,3.86056764098003
"staggered","D_ramp_nt10",3,200,166,"GATT","g=4_t=6",4,6,2,"doubleml",3.93918622735038,1.11478190450869,1.75425382666192,2.10553275259165,5.77283970210911,6.12411862803885,0.000204975434959374,,,,,,,,,4.96358696697432
"staggered","D_ramp_nt10",3,200,166,"GATT","g=4_t=7",4,7,3,"doubleml",4.2936875975038,1.09809189364231,2.14146701727305,2.48748675387868,6.09988844112892,6.44590817773455,4.61222670903814e-05,,,,,,,,,6.06660629296862
"staggered","D_ramp_nt10",3,200,166,"GATT","g=5_t=5",5,5,0,"doubleml",3.77915718010039,0.583083924901726,2.63633367831431,2.82006925389009,4.7382451063107,4.92198068188648,4.5459898706316e-11,,,,,,,,,3.66278737184125
"staggered","D_ramp_nt10",3,200,166,"GATT","g=5_t=6",5,6,1,"doubleml",5.34279136811873,0.587680562030157,4.19095862303985,4.37614264494117,6.30944009129628,6.4946241131976,4.89224396291115e-20,,,,,,,,,5.12790232057774
"staggered","D_ramp_nt10",3,200,166,"GATT","g=5_t=7",5,7,2,"doubleml",6.05107791057509,0.53346709727437,5.00550160473283,5.17360242175496,6.92855339939523,7.09665421641735,4.02049838765199e-30,,,,,,,,,6.59301726931424
"staggered","D_ramp_nt10",3,200,166,"GATT","g=6_t=6",6,6,0,"doubleml",4.92665250690343,0.605744651855842,3.73941479607344,3.93029099331974,5.92301402048711,6.11389021773341,2.09023208999239e-16,,,,,,,,,5.21852802063374
"staggered","D_ramp_nt10",3,200,166,"GATT","g=6_t=7",6,7,1,"doubleml",6.9992531730128,0.622322671878627,5.77952313974688,5.97562323688255,8.02288310914304,8.21898320627872,1.19823409780826e-29,,,,,,,,,7.30593922888723
"staggered","D_ramp_nt10",3,200,166,"CATT","surface",,,,"doubleml",,,,,,,,1.9210034623216,1.55365407746912,530,0.338050683469903,0.450943396226415,2.66191789343054,0.381132075471698,2.23395240661604,
"staggered","D_ramp_nt10",3,200,167,"GATT","g=4_t=4",4,4,0,"doubleml",6.08925521334759,5.77955776559327,-5.23846994313567,-3.41727349561957,15.5957839223147,17.4169803698308,0.146036485974857,,,,,,,,,3.03883427678025
"staggered","D_ramp_nt10",3,200,167,"GATT","g=4_t=5",4,5,1,"doubleml",2.27720313330553,1.29845131674716,-0.267714703271509,0.141440291148689,4.41296597546236,4.82212096988256,0.0397337635477509,,,,,,,,,4.25436798749235
"staggered","D_ramp_nt10",3,200,167,"GATT","g=4_t=6",4,6,2,"doubleml",5.44192399323794,0.738987468741886,3.99353515805272,4.22639749932797,6.65745048714791,6.89031282842316,8.92214991122836e-14,,,,,,,,,5.46990169820445
"staggered","D_ramp_nt10",3,200,167,"GATT","g=4_t=7",4,7,3,"doubleml",7.02095698531559,1.61044676827992,3.8645392955706,4.37200717672329,9.66990679390789,10.1773746750606,6.51403562039853e-06,,,,,,,,,6.68543540891655
"staggered","D_ramp_nt10",3,200,167,"GATT","g=5_t=5",5,5,0,"doubleml",4.61222750444813,0.899967342474494,2.84832391202245,3.13191262130959,6.09254238758667,6.37613109687381,1.48861133380221e-07,,,,,,,,,4.3999671448156
"staggered","D_ramp_nt10",3,200,167,"GATT","g=5_t=6",5,6,1,"doubleml",7.25845350544997,0.963950796871326,5.36914464581086,5.67289518141298,8.84401182948696,9.14776236508909,2.53895177422785e-14,,,,,,,,,6.15995400274184
"staggered","D_ramp_nt10",3,200,167,"GATT","g=5_t=7",5,7,2,"doubleml",9.18599372621976,0.991498285623207,7.24269278033656,7.55512380511929,10.8168636473202,11.129294672103,9.77582018491962e-21,,,,,,,,,7.91994086066809
"staggered","D_ramp_nt10",3,200,167,"GATT","g=6_t=6",6,6,0,"doubleml",6.82211406756486,0.93532053740508,4.98891948579025,5.28364834033196,8.36057979479775,8.65530864933947,1.50578870957052e-13,,,,,,,,,5.3717244882991
"staggered","D_ramp_nt10",3,200,167,"GATT","g=6_t=7",6,7,1,"doubleml",9.38336986074158,1.38195827809281,6.67478138617767,7.1102502591875,11.6564894622957,12.0919583353055,5.61024548535919e-12,,,,,,,,,7.52041428361874
"staggered","D_ramp_nt10",3,200,167,"CATT","surface",,,,"doubleml",,,,,,,,2.70712618847071,2.14526903611616,533,0.514539744779367,0.613508442776735,6.20998069685652,0.581613508442777,5.21158122758747,
"staggered","D_ramp_nt10",3,200,168,"GATT","g=4_t=4",4,4,0,"doubleml",3.07662552229369,0.487750623781467,2.12065185870447,2.27434695776425,3.87890408682313,4.03259918588291,1.41529542953049e-10,,,,,,,,,2.73282664902
"staggered","D_ramp_nt10",3,200,168,"GATT","g=4_t=5",4,5,1,"doubleml",3.94881924333116,0.657100273391893,2.66092636309289,2.86798523024141,5.02965325642091,5.23671212356943,9.30698875986772e-10,,,,,,,,,3.825957308628
"staggered","D_ramp_nt10",3,200,168,"GATT","g=4_t=6",4,6,2,"doubleml",5.7024770219343,0.761084055587657,4.21077967200849,4.45060486876472,6.95434917510388,7.19417437186011,3.37684501387383e-14,,,,,,,,,4.919087968236
"staggered","D_ramp_nt10",3,200,168,"GATT","g=4_t=7",4,7,3,"doubleml",6.9571002081873,0.569664311130943,5.84057866628586,6.02008558736633,7.89411482900828,8.07362175008875,1.33070127323573e-34,,,,,,,,,6.012218627844
"staggered","D_ramp_nt10",3,200,168,"GATT","g=5_t=5",5,5,0,"doubleml",3.58885985040144,0.55438483447252,2.50228553268935,2.67697773787998,4.5007419629229,4.67543416811354,4.78508374485077e-11,,,,,,,,,4.02666762837829
"staggered","D_ramp_nt10",3,200,168,"GATT","g=5_t=6",5,6,1,"doubleml",5.20916236320785,0.815557272399353,3.61069946936692,3.86768972147268,6.55063500494301,6.80762525704877,8.44516444158646e-11,,,,,,,,,5.63733467972961
"staggered","D_ramp_nt10",3,200,168,"GATT","g=5_t=7",5,7,2,"doubleml",8.27608921011676,0.836878173229403,6.63583811820137,6.89954679936769,9.65263162086584,9.91634030203216,2.31766451950328e-23,,,,,,,,,7.24800173108092
"staggered","D_ramp_nt10",3,200,168,"GATT","g=6_t=6",6,6,0,"doubleml",5.67366221513755,0.571170468404111,4.55418865920235,4.73417018550117,6.61315424477393,6.79313577107274,1.48966675433925e-23,,,,,,,,,5.54476900540732
"staggered","D_ramp_nt10",3,200,168,"GATT","g=6_t=7",6,7,1,"doubleml",7.81026860520233,0.698676777091507,6.44088727446695,6.66104731369626,8.95948989670841,9.17964993593771,2.59342484646131e-29,,,,,,,,,7.76267660757025
"staggered","D_ramp_nt10",3,200,168,"CATT","surface",,,,"doubleml",,,,,,,,2.37380290265321,1.71934473309083,536,0.400717695116819,0.455223880597015,2.57372187550685,0.408582089552239,2.1599359589334,
"staggered","D_ramp_nt10",3,200,169,"GATT","g=4_t=4",4,4,0,"doubleml",2.82232813828338,0.39748274439769,2.0432762686427,2.16852705622986,3.47612922033689,3.60138000792405,6.21510045096765e-13,,,,,,,,,2.8907904488897
"staggered","D_ramp_nt10",3,200,169,"GATT","g=4_t=5",4,5,1,"doubleml",4.59796823267108,1.74678235113973,1.17433770860185,1.72476629526949,7.47117017007267,8.02159875674032,0.00424106834098838,,,,,,,,,4.04710662844558
"staggered","D_ramp_nt10",3,200,169,"GATT","g=4_t=6",4,6,2,"doubleml",4.43305963888351,0.480644598312986,3.49101352939559,3.64246944877,5.22364982899701,5.37510574837142,1.44242161796728e-20,,,,,,,,,5.20342280800146
"staggered","D_ramp_nt10",3,200,169,"GATT","g=4_t=7",4,7,3,"doubleml",5.60014797145274,0.565102869857047,4.49256669023625,4.6706362555569,6.52965968734859,6.70772925266924,1.88394710727497e-23,,,,,,,,,6.35973898755734
"staggered","D_ramp_nt10",3,200,169,"GATT","g=5_t=5",5,5,0,"doubleml",3.86630685563435,0.461605882096165,2.96157594453762,3.10703257404494,4.62558113722375,4.77103776673107,2.74308950769901e-17,,,,,,,,,4.14116021872243
"staggered","D_ramp_nt10",3,200,169,"GATT","g=5_t=6",5,6,1,"doubleml",5.64234940187379,0.556723968758691,4.55119046516963,4.72661975496518,6.5580790487824,6.73350833857795,1.93357361843296e-24,,,,,,,,,5.79762430621141
"staggered","D_ramp_nt10",3,200,169,"GATT","g=5_t=7",5,7,2,"doubleml",6.45621543738018,0.645271192589515,5.19150712966766,5.39483853516454,7.51759233959581,7.72092374509269,7.2132145847683e-24,,,,,,,,,7.45408839370038
"staggered","D_ramp_nt10",3,200,169,"GATT","g=6_t=6",6,6,0,"doubleml",5.51167634472207,0.831134530967786,3.88268258486832,4.14458138692158,6.87877130252255,7.14067010457581,1.66135837547381e-11,,,,,,,,,5.21753289371946
"staggered","D_ramp_nt10",3,200,169,"GATT","g=6_t=7",6,7,1,"doubleml",6.8310324851016,0.692635887047593,5.47349108138025,5.69174757574782,7.97031739445538,8.18857388882294,3.03004081733376e-23,,,,,,,,,7.30454605120724
"staggered","D_ramp_nt10",3,200,169,"CATT","surface",,,,"doubleml",,,,,,,,2.02623441785805,1.61569406108481,528,0.340913152771757,0.416666666666667,2.74625525434427,0.329545454545455,2.30473056654571,
"staggered","D_ramp_nt10",3,200,170,"GATT","g=4_t=4",4,4,0,"doubleml",2.69611017149264,0.609849336090296,1.50082742733176,1.69299705162717,3.69922329135811,3.89139291565352,4.91351684383169e-06,,,,,,,,,2.8242050325188
"staggered","D_ramp_nt10",3,200,170,"GATT","g=4_t=5",4,5,1,"doubleml",3.72894288073623,0.590010542781486,2.57254345726405,2.75846167939993,4.69942408207253,4.8853423042084,1.30672322956904e-10,,,,,,,,,3.95388704552632
"staggered","D_ramp_nt10",3,200,170,"GATT","g=4_t=6",4,6,2,"doubleml",4.24137973165339,0.578190965337582,3.10814625446648,3.29034000955401,5.19241945375278,5.3746132088403,1.10362203731124e-13,,,,,,,,,5.08356905853385
"staggered","D_ramp_nt10",3,200,170,"GATT","g=4_t=7",4,7,3,"doubleml",6.90049034090257,1.14571239756412,4.6549352873232,5.01596072091963,8.78501996088551,9.14604539448194,8.56692899536358e-10,,,,,,,,,6.21325107154137
"staggered","D_ramp_nt10",3,200,170,"GATT","g=5_t=5",5,5,0,"doubleml",3.88459095060001,0.530134248178845,2.8455469090024,3.01259751194604,4.75658438925397,4.92363499219761,1.17189649780869e-13,,,,,,,,,3.95030802907775
"staggered","D_ramp_nt10",3,200,170,"GATT","g=5_t=6",5,6,1,"doubleml",5.75884870812396,0.698225790295835,4.39035129527257,4.61036922405269,6.90732819219522,7.12734612097534,8.06472492342751e-17,,,,,,,,,5.53043124070885
"staggered","D_ramp_nt10",3,200,170,"GATT","g=5_t=7",5,7,2,"doubleml",7.82138833041705,0.827545622080844,6.19942870278099,6.46019660375488,9.18258005707921,9.4433479580531,1.67311794610228e-21,,,,,,,,,7.11055445233995
"staggered","D_ramp_nt10",3,200,170,"GATT","g=6_t=6",6,6,0,"doubleml",5.18715827200248,0.518469558250348,4.1709766027359,4.33435154523616,6.0399649987688,6.20333994126907,7.26291134948878e-24,,,,,,,,,5.42074236521667
"staggered","D_ramp_nt10",3,200,170,"GATT","g=6_t=7",6,7,1,"doubleml",7.93724599543473,0.69521232065718,6.5746548745902,6.79372322895248,9.08076876191697,9.29983711627926,1.71930766360162e-30,,,,,,,,,7.58903931130333
"staggered","D_ramp_nt10",3,200,170,"CATT","surface",,,,"doubleml",,,,,,,,2.01098490458057,1.5960316855882,525,0.369110847269523,0.455238095238095,2.71615829749276,0.382857142857143,2.2794723986074,
"staggered","D_ramp_nt10",3,200,171,"GATT","g=4_t=4",4,4,0,"doubleml",3.11691044436153,0.585400388934328,1.96954675646425,2.15401227302134,4.07980861570171,4.26427413225881,5.06412063527384e-08,,,,,,,,,2.74614127740824
"staggered","D_ramp_nt10",3,200,171,"GATT","g=4_t=5",4,5,1,"doubleml",4.07671819907692,0.743881235977772,2.61873775628498,2.85314217255393,5.3002942255999,5.53469864186885,2.12260910437617e-08,,,,,,,,,3.84459778837153
"staggered","D_ramp_nt10",3,200,171,"GATT","g=4_t=6",4,6,2,"doubleml",5.86573526977861,1.49204995280312,2.9413710760828,3.41153093671059,8.31993960284662,8.79009946347441,4.2239254985637e-05,,,,,,,,,4.94305429933483
"staggered","D_ramp_nt10",3,200,171,"GATT","g=4_t=7",4,7,3,"doubleml",7.42298897691769,1.3893636358236,4.69988626779432,5.1376886430787,9.70828931075668,10.1460916860411,4.57795988315582e-08,,,,,,,,,6.04151081029812
"staggered","D_ramp_nt10",3,200,171,"GATT","g=5_t=5",5,5,0,"doubleml",3.48388700125426,0.486845419847369,2.52968750478853,2.68309736503664,4.28467663747189,4.43808649771999,4.15194021553778e-13,,,,,,,,,3.79378059740617
"staggered","D_ramp_nt10",3,200,171,"GATT","g=5_t=6",5,6,1,"doubleml",5.626992020107,0.817583261394278,4.02455826077163,4.28218692226958,6.97179711794443,7.22942577944238,2.94118409024474e-12,,,,,,,,,5.31129283636863
"staggered","D_ramp_nt10",3,200,171,"GATT","g=5_t=7",5,7,2,"doubleml",7.64426870783942,0.916049119289624,5.84884541180005,6.13750164977941,9.15103576589944,9.43969200387879,3.56599982041217e-17,,,,,,,,,6.8288050753311
"staggered","D_ramp_nt10",3,200,171,"GATT","g=6_t=6",6,6,0,"doubleml",5.17126921970584,0.771109440111995,3.65992247702618,3.90290677269987,6.43963166671182,6.68261596238551,9.9830083897015e-12,,,,,,,,,5.63184828862954
"staggered","D_ramp_nt10",3,200,171,"GATT","g=6_t=7",6,7,1,"doubleml",7.58010052698434,0.840062743295307,5.9336077923843,6.19831996342409,8.9618810905446,9.22659326158439,9.12907901946145e-20,,,,,,,,,7.88458760408135
"staggered","D_ramp_nt10",3,200,171,"CATT","surface",,,,"doubleml",,,,,,,,2.45805884521186,1.88380347260293,511,0.440815890377024,0.483365949119374,3.52380123868544,0.414872798434442,2.95726786954082,
"staggered","D_ramp_nt10",3,200,172,"GATT","g=4_t=4",4,4,0,"doubleml",2.51783318117691,0.319456388491063,1.89171016016442,1.99237406274184,3.04329229961199,3.14395620218941,1.61584525651838e-15,,,,,,,,,2.55499424102407
"staggered","D_ramp_nt10",3,200,172,"GATT","g=4_t=5",4,5,1,"doubleml",3.56184524597163,0.462740599459509,2.65489032969257,2.80070451998826,4.322985971955,4.46880016225069,6.94950443616493e-15,,,,,,,,,3.5769919374337
"staggered","D_ramp_nt10",3,200,172,"GATT","g=4_t=6",4,6,2,"doubleml",4.66058182720395,0.501437430512215,3.6777825151475,3.83579046387621,5.48537319053169,5.64338113926039,7.39891871202585e-21,,,,,,,,,4.59898963384333
"staggered","D_ramp_nt10",3,200,172,"GATT","g=4_t=7",4,7,3,"doubleml",6.05851260482531,0.46734565107512,5.14253195316151,5.28979724127179,6.82722796837882,6.97449325648911,9.83115213486082e-39,,,,,,,,,5.62098733025296
"staggered","D_ramp_nt10",3,200,172,"GATT","g=5_t=5",5,5,0,"doubleml",3.51548184561054,0.561811554318073,2.41435142436308,2.59138386324425,4.43957982797684,4.61661226685801,1.95719276533123e-10,,,,,,,,,4.03906480775646
"staggered","D_ramp_nt10",3,200,172,"GATT","g=5_t=6",5,6,1,"doubleml",5.40310162746438,0.507619110837572,4.40818644451073,4.56814230252675,6.238060952402,6.39801681041803,9.29776690752893e-27,,,,,,,,,5.65469073085904
"staggered","D_ramp_nt10",3,200,172,"GATT","g=5_t=7",5,7,2,"doubleml",7.03320822318364,0.714572867203529,5.63267112808794,5.85784018427244,8.20857626209483,8.43374531827934,3.69134959156292e-23,,,,,,,,,7.27031665396163
"staggered","D_ramp_nt10",3,200,172,"GATT","g=6_t=6",6,6,0,"doubleml",5.78696144469573,0.466023987481008,4.8735712060965,5.02042002479164,6.55350286459982,6.70035168329496,1.04705838701953e-35,,,,,,,,,5.58631854310905
"staggered","D_ramp_nt10",3,200,172,"GATT","g=6_t=7",6,7,1,"doubleml",7.75076724738712,0.660671667868788,6.45587456254434,6.66405881180647,8.83747568296777,9.0456599322299,4.38670002899948e-32,,,,,,,,,7.82084596035267
"staggered","D_ramp_nt10",3,200,172,"CATT","surface",,,,"doubleml",,,,,,,,2.30594466347735,1.69473338001279,466,0.361292470071137,0.38412017167382,2.05655753053687,0.319742489270386,1.72591786396775,
"staggered","D_ramp_nt10",3,200,173,"GATT","g=4_t=4",4,4,0,"doubleml",2.76110697524662,0.651551114573783,1.48409024652213,1.68940051823548,3.83281343225777,4.03812370397111,1.12888381853033e-05,,,,,,,,,2.88983554397126
"staggered","D_ramp_nt10",3,200,173,"GATT","g=4_t=5",4,5,1,"doubleml",3.96170178297722,0.553922044710664,2.87603451653793,3.0505808920467,4.87282267390773,5.04736904941651,4.27324258318772e-13,,,,,,,,,4.04576976155976
"staggered","D_ramp_nt10",3,200,173,"GATT","g=4_t=6",4,6,2,"doubleml",5.00342303281288,0.762403797439707,3.50913903636777,3.74938009697899,6.25746596864678,6.497707029258,2.6422062473683e-11,,,,,,,,,5.20170397914826
"staggered","D_ramp_nt10",3,200,173,"GATT","g=4_t=7",4,7,3,"doubleml",6.48057825798758,0.69975028336912,5.10909289359431,5.32959120538675,7.63156531058841,7.85206362238085,1.0100479795141e-20,,,,,,,,,6.35763819673677
"staggered","D_ramp_nt10",3,200,173,"GATT","g=5_t=5",5,5,0,"doubleml",4.56102506333009,0.387244218998959,3.80204033488402,3.92406486073278,5.19798526592741,5.32000979177617,2.5292093991798e-32,,,,,,,,,3.97904591818561
"staggered","D_ramp_nt10",3,200,173,"GATT","g=5_t=6",5,6,1,"doubleml",5.85396338887517,0.570119743209033,4.73654921649622,4.91619964877882,6.79172712897152,6.97137756125412,4.91331974957934e-25,,,,,,,,,5.57066428545986
"staggered","D_ramp_nt10",3,200,173,"GATT","g=5_t=7",5,7,2,"doubleml",6.86689832705854,0.777360648800749,5.34329944039243,5.58825355443603,8.14554309968105,8.39049721372465,5.06767288883258e-19,,,,,,,,,7.1622826527341
"staggered","D_ramp_nt10",3,200,173,"GATT","g=6_t=6",6,6,0,"doubleml",5.6538943638192,0.603180695795341,4.47168191456538,4.66175018361745,6.64603854402095,6.83610681307302,3.50941312808506e-21,,,,,,,,,5.33591165192245
"staggered","D_ramp_nt10",3,200,173,"GATT","g=6_t=7",6,7,1,"doubleml",7.3911689714912,0.821976040737341,5.78012552278348,6.03913839298022,8.74319955000218,9.00221242019892,1.21439073284357e-19,,,,,,,,,7.47027631269142
"staggered","D_ramp_nt10",3,200,173,"CATT","surface",,,,"doubleml",,,,,,,,1.81630296019007,1.42253034676271,525,0.32171575856547,0.527619047619048,2.53114960926548,0.466666666666667,2.12420817902715,
"staggered","D_ramp_nt10",3,200,174,"GATT","g=4_t=4",4,4,0,"doubleml",4.55287434761424,2.48569542709544,-0.318999204457441,0.464268281574602,8.64148041365387,9.42474789968592,0.0335032810725599,,,,,,,,,2.81235544610361
"staggered","D_ramp_nt10",3,200,174,"GATT","g=4_t=5",4,5,1,"doubleml",3.66931424033948,0.922803009933815,1.86065356177756,2.15143801823781,5.18719046244116,5.4779749189014,3.50022699139741e-05,,,,,,,,,3.93729762454505
"staggered","D_ramp_nt10",3,200,174,"GATT","g=4_t=6",4,6,2,"doubleml",-1.19261592111116,10.1418174157406,-21.0702129505358,-17.8744248646617,15.4891930224394,18.6849811083134,0.453194716982609,,,,,,,,,5.06223980298649
"staggered","D_ramp_nt10",3,200,174,"GATT","g=4_t=7",4,7,3,"doubleml",5.36206617801179,1.04910701042595,3.3058542054293,3.63643831548462,7.08769404053896,7.41827815059428,1.60164121537153e-07,,,,,,,,,6.18718198142794
"staggered","D_ramp_nt10",3,200,174,"GATT","g=5_t=5",5,5,0,"doubleml",4.68732796243332,1.13675714152703,2.45932488829744,2.81752843116402,6.55712749370262,6.9153310365692,1.8664348107883e-05,,,,,,,,,3.81917121897591
"staggered","D_ramp_nt10",3,200,174,"GATT","g=5_t=6",5,6,1,"doubleml",4.56997540555035,1.50520809941435,1.6198217181898,2.09412784239626,7.04582296870444,7.5201290929109,0.00119826474940466,,,,,,,,,5.34683970656627
"staggered","D_ramp_nt10",3,200,174,"GATT","g=5_t=7",5,7,2,"doubleml",5.33437780125163,1.46819549336986,2.45676748928447,2.91941057120024,7.74934503130302,8.21198811321879,0.000139915917413686,,,,,,,,,6.87450819415663
"staggered","D_ramp_nt10",3,200,174,"GATT","g=6_t=6",6,6,0,"doubleml",4.8320826149963,1.5460842753004,1.80181309444143,2.28899971043134,7.37516551956126,7.86235213555117,0.00088791317013681,,,,,,,,,5.71349707841413
"staggered","D_ramp_nt10",3,200,174,"GATT","g=6_t=7",6,7,1,"doubleml",7.37582821084431,1.94699521693352,3.55978767748242,4.17330534029034,10.5783510813983,11.1918687442062,7.58367014629981e-05,,,,,,,,,7.99889590977978
"staggered","D_ramp_nt10",3,200,174,"CATT","surface",,,,"doubleml",,,,,,,,3.08370646204126,2.32063614618946,537,0.495774319997465,0.860335195530726,9.78289001743855,0.776536312849162,8.21006190763906,
"staggered","D_ramp_nt10",3,200,175,"GATT","g=4_t=4",4,4,0,"doubleml",3.22119537126704,0.716291837175428,1.81728915690934,2.04299987772169,4.39939086481239,4.62510158562474,3.44524878930082e-06,,,,,,,,,2.92451823224527
"staggered","D_ramp_nt10",3,200,175,"GATT","g=4_t=5",4,5,1,"doubleml",3.35150013220562,0.589337556059986,2.19641973848006,2.38212589577012,4.32087436864111,4.50658052593117,6.46854008142722e-09,,,,,,,,,4.09432552514338
"staggered","D_ramp_nt10",3,200,175,"GATT","g=4_t=6",4,6,2,"doubleml",4.87268520383534,0.603916504242928,3.68903059651335,3.87933072616534,5.86603968150534,6.05633981115732,3.55908259878377e-16,,,,,,,,,5.26413281804149
"staggered","D_ramp_nt10",3,200,175,"GATT","g=4_t=7",4,7,3,"doubleml",6.57539703098116,0.678974748987993,5.24463096605566,5.45858269920927,7.69221136275306,7.90616309590667,1.75799686460877e-22,,,,,,,,,6.43394011093959
"staggered","D_ramp_nt10",3,200,175,"GATT","g=5_t=5",5,5,0,"doubleml",3.57547606929312,0.421609839982615,2.74913596088143,2.88198943755835,4.26896270102788,4.4018161777048,1.12082531196006e-17,,,,,,,,,4.11654502303389
"staggered","D_ramp_nt10",3,200,175,"GATT","g=5_t=6",5,6,1,"doubleml",5.23002728988962,0.55472063563724,4.14279481398352,4.31759283347917,6.14246174630008,6.31725976579573,2.08556713904134e-21,,,,,,,,,5.76316303224744
"staggered","D_ramp_nt10",3,200,175,"GATT","g=5_t=7",5,7,2,"doubleml",7.47554477833354,0.633916935751449,6.23309040527039,6.43284397089503,8.51824558577206,8.7179991513967,2.13025268255349e-32,,,,,,,,,7.409781041461
"staggered","D_ramp_nt10",3,200,175,"GATT","g=6_t=6",6,6,0,"doubleml",5.32364162371805,0.534978001015516,4.27510400093568,4.44368091883568,6.20360232860043,6.37217924650043,1.24653846920438e-23,,,,,,,,,5.20732483013736
"staggered","D_ramp_nt10",3,200,175,"GATT","g=6_t=7",6,7,1,"doubleml",7.39512218266329,0.758185106109339,5.9091066693528,6.14801837813892,8.64222598718766,8.88113769597377,8.89184080513305e-23,,,,,,,,,7.29025476219231
"staggered","D_ramp_nt10",3,200,175,"CATT","surface",,,,"doubleml",,,,,,,,2.23487884205461,1.72658181919964,519,0.372776057836731,0.400770712909441,2.41368697400526,0.333333333333333,2.02563040644647,
"staggered","D_ramp_nt10",3,200,176,"GATT","g=4_t=4",4,4,0,"doubleml",2.5395712177753,1.02147508182488,0.537516830501473,0.859393843535312,4.21974859201529,4.54162560504913,0.00645612654568913,,,,,,,,,2.78883001500101
"staggered","D_ramp_nt10",3,200,176,"GATT","g=4_t=5",4,5,1,"doubleml",3.29855368113965,1.3628238153801,0.627468064652006,1.05690747711643,5.54019988516286,5.96963929762729,0.00775211378135285,,,,,,,,,3.90436202100142
"staggered","D_ramp_nt10",3,200,176,"GATT","g=4_t=6",4,6,2,"doubleml",5.01398877204163,0.927126261965619,3.19685467513445,3.48900143154243,6.53897611254082,6.83112286894881,3.18489596643017e-08,,,,,,,,,5.01989402700183
"staggered","D_ramp_nt10",3,200,176,"GATT","g=4_t=7",4,7,3,"doubleml",6.76755995605995,1.15780851584036,4.4982969461194,4.86313398754586,8.67198592457403,9.03682296600049,2.53061896587171e-09,,,,,,,,,6.13542603300223
"staggered","D_ramp_nt10",3,200,176,"GATT","g=5_t=5",5,5,0,"doubleml",7.05861938790307,4.09082647804548,-0.959253239312868,0.329807092184043,13.7874316836221,15.076492015119,0.0422209401309247,,,,,,,,,4.3488534659649
"staggered","D_ramp_nt10",3,200,176,"GATT","g=5_t=6",5,6,1,"doubleml",6.69291584428942,0.526017992583741,5.66193951547302,5.82769304511609,7.55813864346276,7.72389217310582,2.18231071114259e-37,,,,,,,,,6.08839485235086
"staggered","D_ramp_nt10",3,200,176,"GATT","g=5_t=7",5,7,2,"doubleml",8.16578295198491,1.02767647926886,6.15157404897119,6.4754051843536,9.85616071961622,10.1799918549986,9.64168563155836e-16,,,,,,,,,7.82793623873682
"staggered","D_ramp_nt10",3,200,176,"GATT","g=6_t=6",6,6,0,"doubleml",5.27621959010671,1.35073360715779,2.62883034648731,3.0544600134388,7.49797916677463,7.92360883372612,4.68817600689462e-05,,,,,,,,,5.76177201519213
"staggered","D_ramp_nt10",3,200,176,"GATT","g=6_t=7",6,7,1,"doubleml",8.28030247561414,0.72409687222968,6.86109867353137,7.08926883893966,9.47133611228862,9.69950627769691,1.39202982971956e-30,,,,,,,,,8.06648082126898
"staggered","D_ramp_nt10",3,200,176,"CATT","surface",,,,"doubleml",,,,,,,,2.41956615410139,1.87880777834039,525,0.419593326021478,0.67047619047619,5.37944449058024,0.622857142857143,4.51457311874548,
"staggered","D_ramp_nt10",3,200,177,"GATT","g=4_t=4",4,4,0,"doubleml",1.00020018930655,1.25810094769819,-1.4656323765478,-1.06919218691862,3.06959256553171,3.46603275516089,0.213304454095084,,,,,,,,,2.73929912020791
"staggered","D_ramp_nt10",3,200,177,"GATT","g=4_t=5",4,5,1,"doubleml",3.26947281749729,0.710399944404173,1.87711450086311,2.1009686273443,4.43797700765027,4.66183113413147,2.08926567129898e-06,,,,,,,,,3.83501876829107
"staggered","D_ramp_nt10",3,200,177,"GATT","g=4_t=6",4,6,2,"doubleml",4.58835375293058,0.680810518918007,3.25398964502996,3.46851984764622,5.70818765821494,5.92271786083119,7.94411903978091e-12,,,,,,,,,4.93073841637423
"staggered","D_ramp_nt10",3,200,177,"GATT","g=4_t=7",4,7,3,"doubleml",5.40628570824774,0.857028646851226,3.72654041345062,3.99659871035991,6.81597270613556,7.08603100304485,1.41173473342062e-10,,,,,,,,,6.02645806445739
"staggered","D_ramp_nt10",3,200,177,"GATT","g=5_t=5",5,5,0,"doubleml",4.11235514960772,0.598847972189905,2.93863468264251,3.12733766715927,5.09737263205618,5.28607561657294,3.27576799661037e-12,,,,,,,,,3.89681697488343
"staggered","D_ramp_nt10",3,200,177,"GATT","g=5_t=6",5,6,1,"doubleml",5.58584752487782,1.05361416911698,3.52080168351862,3.85280604434908,7.31888900540657,7.65089336623703,5.73940866486923e-08,,,,,,,,,5.4555437648368
"staggered","D_ramp_nt10",3,200,177,"GATT","g=5_t=7",5,7,2,"doubleml",8.13909663269276,1.7139373147845,4.77984119745848,5.31991998472022,10.9582732806653,11.498352067927,1.02328017315664e-06,,,,,,,,,7.01427055479017
"staggered","D_ramp_nt10",3,200,177,"GATT","g=6_t=6",6,6,0,"doubleml",6.25118258267419,0.990443120174885,4.30994972308374,4.62204825468205,7.88031691066633,8.19241544226464,1.38171152838224e-10,,,,,,,,,5.45984755793039
"staggered","D_ramp_nt10",3,200,177,"GATT","g=6_t=7",6,7,1,"doubleml",7.38909310289976,0.984290269953685,5.45991960824026,5.77007931520536,9.00810689059416,9.31826659755927,3.02427522630434e-14,,,,,,,,,7.64378658110254
"staggered","D_ramp_nt10",3,200,177,"CATT","surface",,,,"doubleml",,,,,,,,2.16165093616627,1.70888796872315,534,0.390783184951578,0.588014981273408,3.7700383965002,0.49250936329588,3.16391665185531,
"staggered","D_ramp_nt10",3,200,178,"GATT","g=4_t=4",4,4,0,"doubleml",1.31313720646101,1.82241535064652,-2.25873127385355,-1.68446997271132,4.31074438563334,4.88500568677556,0.235593918004327,,,,,,,,,2.55430505454761
"staggered","D_ramp_nt10",3,200,178,"GATT","g=4_t=5",4,5,1,"doubleml",3.2679166909108,0.840120299626972,1.62131114797272,1.88604145558817,4.64979192623342,4.91452223384888,5.01593152887985e-05,,,,,,,,,3.57602707636665
"staggered","D_ramp_nt10",3,200,178,"GATT","g=4_t=6",4,6,2,"doubleml",4.85664314246669,0.620093106896255,3.64128297630188,3.83668051521596,5.87660576971742,6.0720033086315,2.39857148772307e-15,,,,,,,,,4.59774909818569
"staggered","D_ramp_nt10",3,200,178,"GATT","g=4_t=7",4,7,3,"doubleml",6.31706769176912,0.6072974245122,5.12678660243249,5.31815209387053,7.31598328966771,7.50734878110574,1.21475750816833e-25,,,,,,,,,5.61947112000474
"staggered","D_ramp_nt10",3,200,178,"GATT","g=5_t=5",5,5,0,"doubleml",3.66522599522125,0.537202266900202,2.61232889137846,2.78160669770138,4.54884529274111,4.71812309906404,4.46400884865276e-12,,,,,,,,,4.31104599814584
"staggered","D_ramp_nt10",3,200,178,"GATT","g=5_t=6",5,6,1,"doubleml",5.93769032224699,0.775509338861122,4.41771993641539,4.66209068418391,7.21328996031006,7.45766070807859,9.5531435127832e-15,,,,,,,,,6.03546439740418
"staggered","D_ramp_nt10",3,200,178,"GATT","g=5_t=7",5,7,2,"doubleml",8.03397341998219,0.737863874549891,6.58778678896389,6.8202950744733,9.24765176549108,9.48016005100049,6.56391070730813e-28,,,,,,,,,7.75988279666252
"staggered","D_ramp_nt10",3,200,178,"GATT","g=6_t=6",6,6,0,"doubleml",4.69071392483157,0.650730907891754,3.41530477167641,3.62035658806218,5.76107126160095,5.96612307798672,2.8311273579759e-13,,,,,,,,,5.41484968213609
"staggered","D_ramp_nt10",3,200,178,"GATT","g=6_t=7",6,7,1,"doubleml",7.67041116132132,0.779628674285811,6.1423670263534,6.3880358179076,8.95278650473503,9.19845529628923,3.8407137853062e-23,,,,,,,,,7.58078955499053
"staggered","D_ramp_nt10",3,200,178,"CATT","surface",,,,"doubleml",,,,,,,,2.06225759516065,1.6179975984521,561,0.358775614832764,0.541889483065954,3.26903417197518,0.486631016042781,2.7434605604542,
"staggered","D_ramp_nt10",3,200,179,"GATT","g=4_t=4",4,4,0,"doubleml",1.87570273390807,0.528127112757109,0.840592605480197,1.00701073998109,2.74439472783505,2.91081286233595,0.00019143930475509,,,,,,,,,2.46342541269732
"staggered","D_ramp_nt10",3,200,179,"GATT","g=4_t=5",4,5,1,"doubleml",3.23016048336441,0.482771006758245,2.28394668987449,2.43607266181408,4.02424830491474,4.17637427685433,1.10920013039399e-11,,,,,,,,,3.44879557777625
"staggered","D_ramp_nt10",3,200,179,"GATT","g=4_t=6",4,6,2,"doubleml",4.55315448261703,0.407536464893828,3.75439768273787,3.88281649819056,5.22349246704351,5.3519112824962,2.78327536226193e-29,,,,,,,,,4.43416574285518
"staggered","D_ramp_nt10",3,200,179,"GATT","g=4_t=7",4,7,3,"doubleml",5.93630370756125,0.523597948156715,4.91007057870023,5.07506152814389,6.79754588697862,6.96253683642228,4.27656533334898e-30,,,,,,,,,5.41953590793411
"staggered","D_ramp_nt10",3,200,179,"GATT","g=5_t=5",5,5,0,"doubleml",4.46928547763484,0.593212384215009,3.30661056021926,3.49353771460925,5.44503324066044,5.63196039505043,2.45971355566504e-14,,,,,,,,,4.03701157197102
"staggered","D_ramp_nt10",3,200,179,"GATT","g=5_t=6",5,6,1,"doubleml",6.51305393474991,0.728488634355948,5.08524243700308,5.31479649057499,7.71131137892482,7.94086543249673,1.93703601935752e-19,,,,,,,,,5.65181620075942
"staggered","D_ramp_nt10",3,200,179,"GATT","g=5_t=7",5,7,2,"doubleml",8.45747583827395,0.784856058522317,6.91918621838831,7.16650221098928,9.74844946555862,9.99576545815958,2.23861661168356e-27,,,,,,,,,7.26662082954783
"staggered","D_ramp_nt10",3,200,179,"GATT","g=6_t=6",6,6,0,"doubleml",6.66830630370851,0.726798785326811,5.24380684922423,5.47282841446856,7.86378419294846,8.09280575819279,2.25996522983169e-20,,,,,,,,,6.00343126088572
"staggered","D_ramp_nt10",3,200,179,"GATT","g=6_t=7",6,7,1,"doubleml",8.90282966067582,0.670852405821228,7.58798309595282,7.79937539755115,10.0062839238005,10.2176762253988,1.70678361473513e-40,,,,,,,,,8.40480376524001
"staggered","D_ramp_nt10",3,200,179,"CATT","surface",,,,"doubleml",,,,,,,,2.39378770727603,1.80249096957301,528,0.425017603754146,0.382575757575758,2.35726585598229,0.348484848484849,1.97828030120752,
"staggered","D_ramp_nt10",3,200,180,"GATT","g=4_t=4",4,4,0,"doubleml",2.5066334525014,0.598563182629877,1.33347116282141,1.52208440729991,3.49118249770288,3.67979574218138,1.40866301065869e-05,,,,,,,,,2.81388981089923
"staggered","D_ramp_nt10",3,200,180,"GATT","g=4_t=5",4,5,1,"doubleml",3.87468312330168,1.01881385112074,1.87784465240367,2.19888308503032,5.55048316157305,5.8715215941997,7.14392108341727e-05,,,,,,,,,3.93944573525892
"staggered","D_ramp_nt10",3,200,180,"GATT","g=4_t=6",4,6,2,"doubleml",5.00593027463138,1.03025850213965,2.98666069974374,3.31130545635297,6.70055509290979,7.02519984951902,5.90177712815517e-07,,,,,,,,,5.06500165961861
"staggered","D_ramp_nt10",3,200,180,"GATT","g=4_t=7",4,7,3,"doubleml",6.28927567872009,1.1142120596784,4.10546015338457,4.45655951550984,8.12199184193035,8.47309120405561,8.27853304135964e-09,,,,,,,,,6.1905575839783
"staggered","D_ramp_nt10",3,200,180,"GATT","g=5_t=5",5,5,0,"doubleml",5.06467839670638,0.455639904760115,4.17164058641313,4.31521727680209,5.81413951661068,5.95771620699964,5.27122059110036e-29,,,,,,,,,4.37517651765154
"staggered","D_ramp_nt10",3,200,180,"GATT","g=5_t=6",5,6,1,"doubleml",6.20363174182172,0.909193306255406,4.42164559252015,4.70814149525429,7.69912198838915,7.98561789112329,4.4509107323147e-12,,,,,,,,,6.12524712471215
"staggered","D_ramp_nt10",3,200,180,"GATT","g=5_t=7",5,7,2,"doubleml",8.37319055606776,0.676014752183025,7.04822597832011,7.2612449868805,9.48513612525501,9.69815513381541,1.55384867596981e-35,,,,,,,,,7.87531773177277
"staggered","D_ramp_nt10",3,200,180,"GATT","g=6_t=6",6,6,0,"doubleml",6.4968592829267,1.02547191938643,4.48697123791839,4.81010769443625,8.18361087141714,8.506747327935,1.18299922295782e-10,,,,,,,,,5.37906904400465
"staggered","D_ramp_nt10",3,200,180,"GATT","g=6_t=7",6,7,1,"doubleml",8.22723575705072,1.59098959526308,5.1089534259605,5.61029015732385,10.8441813567776,11.3455180881409,1.16332803154195e-07,,,,,,,,,7.53069666160651
"staggered","D_ramp_nt10",3,200,180,"CATT","surface",,,,"doubleml",,,,,,,,2.04807184837073,1.59448867439538,540,0.370253212860922,0.644444444444444,3.68492133061847,0.546296296296296,3.09248414274604,
"staggered","D_ramp_nt10",3,200,181,"GATT","g=4_t=4",4,4,0,"doubleml",3.24285303329244,0.591523007501863,2.08348923341706,2.26988404831097,4.21582201827391,4.40221683316782,2.10023229221862e-08,,,,,,,,,2.62890284781598
"staggered","D_ramp_nt10",3,200,181,"GATT","g=4_t=5",4,5,1,"doubleml",3.94671828437386,0.564310472092042,2.84069007425045,3.01850994711138,4.87492662163634,5.05274649449727,1.3369557641808e-12,,,,,,,,,3.68046398694237
"staggered","D_ramp_nt10",3,200,181,"GATT","g=4_t=6",4,6,2,"doubleml",4.99227927133331,0.82795205997975,3.36952304004716,3.63041901366738,6.35413952899925,6.61503550261946,8.21464398329593e-10,,,,,,,,,4.73202512606877
"staggered","D_ramp_nt10",3,200,181,"GATT","g=4_t=7",4,7,3,"doubleml",6.16381116131897,0.775820974387538,4.64322998107448,4.88769892831374,7.43992339432421,7.68439234156347,9.71827434898507e-16,,,,,,,,,5.78358626519516
"staggered","D_ramp_nt10",3,200,181,"GATT","g=5_t=5",5,5,0,"doubleml",3.50039041368938,0.517533677364964,2.48604303726643,2.64912307434091,4.35165775303785,4.51473779011232,6.73025242370899e-12,,,,,,,,,3.72797343085298
"staggered","D_ramp_nt10",3,200,181,"GATT","g=5_t=6",5,6,1,"doubleml",3.49003048290475,1.4288915194942,0.689454544790826,1.13971255149864,5.84034841431086,6.29060642101867,0.0072934887638887,,,,,,,,,5.21916280319417
"staggered","D_ramp_nt10",3,200,181,"GATT","g=5_t=7",5,7,2,"doubleml",6.49178964841426,0.70637540765721,5.1073192789208,5.32990523362766,7.65367406320085,7.87626001790771,1.95905244365165e-20,,,,,,,,,6.71035217553537
"staggered","D_ramp_nt10",3,200,181,"GATT","g=6_t=6",6,6,0,"doubleml",5.86877303083215,0.525026609512719,4.83973977714516,5.00518091206872,6.73236514959558,6.89780628451914,2.61128201450158e-29,,,,,,,,,5.9690131408326
"staggered","D_ramp_nt10",3,200,181,"GATT","g=6_t=7",6,7,1,"doubleml",7.98120096309246,0.793372686882836,6.42621905821883,6.67621872558248,9.28618320060244,9.53618286796609,4.15673790986962e-24,,,,,,,,,8.35661839716564
"staggered","D_ramp_nt10",3,200,181,"CATT","surface",,,,"doubleml",,,,,,,,2.151464002211,1.63960772314331,495,0.358624181774069,0.462626262626263,2.9588053926534,0.402020202020202,2.48310830470739,
"staggered","D_ramp_nt10",3,200,182,"GATT","g=4_t=4",4,4,0,"doubleml",0.474113121762526,1.13377773489697,-1.74805042263707,-1.39078572059369,2.33901196411874,2.69627666616212,0.337910999372296,,,,,,,,,2.75921570672398
"staggered","D_ramp_nt10",3,200,182,"GATT","g=4_t=5",4,5,1,"doubleml",7.3493697781619,4.58034820524272,-1.62794781157843,-0.184634288624399,14.8833738449482,16.3266873679022,0.0542971078264593,,,,,,,,,3.86290198941357
"staggered","D_ramp_nt10",3,200,182,"GATT","g=4_t=6",4,6,2,"doubleml",4.71342932016986,0.604434236267971,3.52875997671714,3.71922324890755,5.70763539143218,5.89809866362258,3.14269300838352e-15,,,,,,,,,4.96658827210317
"staggered","D_ramp_nt10",3,200,182,"GATT","g=4_t=7",4,7,3,"doubleml",5.91497411949392,0.618254956760031,4.70321666142271,4.89803498084736,6.93191325814049,7.12673157756514,5.49154920311266e-22,,,,,,,,,6.07027455479276
"staggered","D_ramp_nt10",3,200,182,"GATT","g=5_t=5",5,5,0,"doubleml",3.61588880760385,0.450486283174562,2.7329519100879,2.87490464277904,4.35687297242866,4.49882570511979,5.00914348987982e-16,,,,,,,,,3.91039446189173
"staggered","D_ramp_nt10",3,200,182,"GATT","g=5_t=6",5,6,1,"doubleml",5.12816061467252,0.633394941832557,3.88672933089861,4.08631841101947,6.17000281832557,6.36959189844642,2.83261100350926e-16,,,,,,,,,5.47455224664841
"staggered","D_ramp_nt10",3,200,182,"GATT","g=5_t=7",5,7,2,"doubleml",7.86491070755825,0.602226552229097,6.6845683453451,6.87433595421801,8.85548546089849,9.0452530697714,2.79662230164498e-39,,,,,,,,,7.03871003140511
"staggered","D_ramp_nt10",3,200,182,"GATT","g=6_t=6",6,6,0,"doubleml",4.9260693495501,0.493887896950459,3.95806685149149,4.11369586669955,5.73844283240065,5.8940718476087,9.89798298187586e-24,,,,,,,,,5.17368303405282
"staggered","D_ramp_nt10",3,200,182,"GATT","g=6_t=7",6,7,1,"doubleml",7.05728547735554,1.20884397460154,4.68799480551959,5.06891363035629,9.04565732435479,9.42657614919148,2.64084527250685e-09,,,,,,,,,7.24315624767395
"staggered","D_ramp_nt10",3,200,182,"CATT","surface",,,,"doubleml",,,,,,,,2.33278202273657,1.97471469182191,501,0.477948146646037,0.437125748502994,4.44174385404786,0.37125748502994,3.72762976529469,
"staggered","D_ramp_nt10",3,200,183,"GATT","g=4_t=4",4,4,0,"doubleml",2.46077429490372,0.713109446825274,1.06310545106627,1.28781336885538,3.63373522095206,3.85844313874117,0.000279498333201705,,,,,,,,,2.86073192971481
"staggered","D_ramp_nt10",3,200,183,"GATT","g=4_t=5",4,5,1,"doubleml",3.94574541643399,0.870437576171249,2.23971910289109,2.51400268751841,5.37748814534957,5.6517717299769,2.90677005783635e-06,,,,,,,,,4.00502470160074
"staggered","D_ramp_nt10",3,200,183,"GATT","g=4_t=6",4,6,2,"doubleml",5.09414128474342,0.903257300188806,3.32378949363617,3.60841490149866,6.57986766798818,6.86449307585068,8.51508473163233e-09,,,,,,,,,5.14931747348667
"staggered","D_ramp_nt10",3,200,183,"GATT","g=4_t=7",4,7,3,"doubleml",6.68208396178944,0.711149826746161,5.28825590276072,5.51234632466671,7.85182159891216,8.07591202081815,2.82929598371831e-21,,,,,,,,,6.29361024537259
"staggered","D_ramp_nt10",3,200,183,"GATT","g=5_t=5",5,5,0,"doubleml",3.99024464162273,0.465611678259323,3.07766251425488,3.22438141019117,4.75610787305429,4.90282676899059,5.17883210629806e-18,,,,,,,,,4.29539916186089
"staggered","D_ramp_nt10",3,200,183,"GATT","g=5_t=6",5,6,1,"doubleml",5.62409034929103,0.550443468543945,4.54524096690977,4.71869120828265,6.52948949029941,6.7029397316723,8.28798492882395e-25,,,,,,,,,6.01355882660524
"staggered","D_ramp_nt10",3,200,183,"GATT","g=5_t=7",5,7,2,"doubleml",6.96029833184812,0.508442714596394,5.96376891517692,6.12398429897339,7.79661236472286,7.95682774851933,5.87016668315214e-43,,,,,,,,,7.73171849134959
"staggered","D_ramp_nt10",3,200,183,"GATT","g=6_t=6",6,6,0,"doubleml",6.37385579581768,0.96003693112101,4.49221797215002,4.79473520951557,7.9529763821198,8.25549361948534,1.57718950999683e-11,,,,,,,,,5.47685937933373
"staggered","D_ramp_nt10",3,200,183,"GATT","g=6_t=7",6,7,1,"doubleml",6.99443233131393,1.21150178873502,4.61993243945769,5.00168876810598,8.98717589452188,9.36893222317017,3.88537788539017e-09,,,,,,,,,7.66760313106722
"staggered","D_ramp_nt10",3,200,183,"CATT","surface",,,,"doubleml",,,,,,,,2.11725889935324,1.68680235784506,511,0.354250976708478,0.49119373776908,2.94435259371088,0.434442270058708,2.47097913082878,
"staggered","D_ramp_nt10",3,200,184,"GATT","g=4_t=4",4,4,0,"doubleml",3.55731189664631,0.627713673226368,2.32701569481486,2.52481455038522,4.58980924290739,4.78760809847775,7.26201704202924e-09,,,,,,,,,2.69471403917407
"staggered","D_ramp_nt10",3,200,184,"GATT","g=4_t=5",4,5,1,"doubleml",4.04527710761881,0.53575334431714,2.99521983987762,3.16404107620539,4.92651313903224,5.09533437536001,2.16573204390844e-14,,,,,,,,,3.7725996548437
"staggered","D_ramp_nt10",3,200,184,"GATT","g=4_t=6",4,6,2,"doubleml",5.41627599311527,0.697205095849328,4.04977910463404,4.26947540238712,6.56307658384342,6.78277288159651,3.96933302826996e-15,,,,,,,,,4.85048527051333
"staggered","D_ramp_nt10",3,200,184,"GATT","g=4_t=7",4,7,3,"doubleml",6.72541326821482,0.65258950541804,5.44636133081765,5.65199880986993,7.7988277265597,8.00446520561198,3.31917928423901e-25,,,,,,,,,5.92837088618295
"staggered","D_ramp_nt10",3,200,184,"GATT","g=5_t=5",5,5,0,"doubleml",3.56173246898399,0.528054906376573,2.52676386246254,2.69315924401086,4.43030569395713,4.59670107550545,7.65113910383252e-12,,,,,,,,,3.8621103492546
"staggered","D_ramp_nt10",3,200,184,"GATT","g=5_t=6",5,6,1,"doubleml",4.86542804219836,0.612600869319093,3.66475239196423,3.85778905189537,5.87306703250135,6.06610369243249,9.92747092906919e-16,,,,,,,,,5.40695448895644
"staggered","D_ramp_nt10",3,200,184,"GATT","g=5_t=7",5,7,2,"doubleml",6.83477233541323,0.571531845799624,5.71459049279242,5.89468589272234,7.77485877810413,7.95495417803405,2.92384717889929e-33,,,,,,,,,6.95179862865828
"staggered","D_ramp_nt10",3,200,184,"GATT","g=6_t=6",6,6,0,"doubleml",5.80818843612541,0.983890797825008,3.87979789245711,4.18983172175975,7.42654515049107,7.7365789797937,1.78166245385618e-09,,,,,,,,,5.60975557219684
"staggered","D_ramp_nt10",3,200,184,"GATT","g=6_t=7",6,7,1,"doubleml",7.73610953309195,0.962056749796569,5.85051293753367,6.15366663996207,9.31855242622184,9.62170612865023,4.44743663306203e-16,,,,,,,,,7.85365780107557
"staggered","D_ramp_nt10",3,200,184,"CATT","surface",,,,"doubleml",,,,,,,,2.16211835187073,1.71871823453506,528,0.433166354392101,0.428030303030303,2.69820591151677,0.371212121212121,2.26440627806532,
"staggered","D_ramp_nt10",3,200,185,"GATT","g=4_t=4",4,4,0,"doubleml",2.96433940018371,0.53789187913608,1.91009068118464,2.07958579121921,3.8490930091482,4.01858811918278,1.78367847874726e-08,,,,,,,,,2.66604999961841
"staggered","D_ramp_nt10",3,200,185,"GATT","g=4_t=5",4,5,1,"doubleml",4.67853144679318,0.667481782714738,3.37029118201648,3.58062136656772,5.77644152701865,5.98677171156989,1.19819047091769e-12,,,,,,,,,3.73246999946578
"staggered","D_ramp_nt10",3,200,185,"GATT","g=4_t=6",4,6,2,"doubleml",4.93098592266731,0.485027063665407,3.98035033885741,4.13318721688901,5.72878462844561,5.88162150647722,1.40014496869856e-24,,,,,,,,,4.79888999931315
"staggered","D_ramp_nt10",3,200,185,"GATT","g=4_t=7",4,7,3,"doubleml",5.75134326996065,0.52504284672773,4.72227819191678,4.88772444334916,6.61496209657215,6.78040834800452,3.17723390698778e-28,,,,,,,,,5.86530999916051
"staggered","D_ramp_nt10",3,200,185,"GATT","g=5_t=5",5,5,0,"doubleml",3.90922543376719,0.688034380894373,2.56070281645194,2.77750933021556,5.04094153731883,5.25774805108245,6.66696068437428e-09,,,,,,,,,4.5553709151586
"staggered","D_ramp_nt10",3,200,185,"GATT","g=5_t=6",5,6,1,"doubleml",6.51469792202871,0.902204776243823,4.74640903996276,5.03070278700495,7.99869305705247,8.28298680409466,2.58291627239407e-13,,,,,,,,,6.37751928122204
"staggered","D_ramp_nt10",3,200,185,"GATT","g=5_t=7",5,7,2,"doubleml",7.04435710610309,0.654334123386841,5.76188578029333,5.96807300591376,8.12064120629243,8.32682843191286,2.49933569110587e-27,,,,,,,,,8.19966764728549
"staggered","D_ramp_nt10",3,200,185,"GATT","g=6_t=6",6,6,0,"doubleml",4.97541205117815,0.495603576625932,4.00404688272008,4.16021652575068,5.79060757660562,5.94677721963622,5.13049196831195e-24,,,,,,,,,5.19607557326968
"staggered","D_ramp_nt10",3,200,185,"GATT","g=6_t=7",6,7,1,"doubleml",6.2356346306005,0.775260578745612,4.71615180563993,4.96044416660846,7.51082509459253,7.75511745556106,4.37340910384829e-16,,,,,,,,,7.27450580257756
"staggered","D_ramp_nt10",3,200,185,"CATT","surface",,,,"doubleml",,,,,,,,2.18705467455963,1.67477862207585,537,0.372535931363333,0.404096834264432,2.5084469647655,0.340782122905028,2.10515551499027,
"staggered","D_ramp_nt10",3,200,186,"GATT","g=4_t=4",4,4,0,"doubleml",3.59766607302163,0.608661191085716,2.40471205029651,2.59650727821953,4.59882486782374,4.79062009574676,1.70239522756978e-09,,,,,,,,,2.88731304452311
"staggered","D_ramp_nt10",3,200,186,"GATT","g=4_t=5",4,5,1,"doubleml",10.3357253305797,4.43064588436033,1.6518189004853,3.04795972510608,17.6234909360533,19.0196317606741,0.00982982833592329,,,,,,,,,4.04223826233235
"staggered","D_ramp_nt10",3,200,186,"GATT","g=4_t=6",4,6,2,"doubleml",5.15484604454105,0.641533364965514,3.89746374440979,4.09961732304407,6.21007476603804,6.41222834467232,4.67148836955394e-16,,,,,,,,,5.19716348014159
"staggered","D_ramp_nt10",3,200,186,"GATT","g=4_t=7",4,7,3,"doubleml",5.80122244298544,1.04254763441851,3.75786661123999,4.08638379632161,7.51606108964926,7.84457827473088,1.31477053950527e-08,,,,,,,,,6.35208869795084
"staggered","D_ramp_nt10",3,200,186,"GATT","g=5_t=5",5,5,0,"doubleml",3.96571438577822,0.888796991669527,2.22370427879765,2.50377309884263,5.42765567271381,5.70772449275879,4.06199690985312e-06,,,,,,,,,4.23868643475219
"staggered","D_ramp_nt10",3,200,186,"GATT","g=5_t=6",5,6,1,"doubleml",3.83628444982348,1.40424146268759,1.08402173564846,1.52651226295595,6.146056636691,6.58854716399849,0.00314825939828556,,,,,,,,,5.93416100865307
"staggered","D_ramp_nt10",3,200,186,"GATT","g=5_t=7",5,7,2,"doubleml",6.92211509456751,1.16797141498899,4.63293316816002,5.0009726407372,8.84325754839782,9.211297020975,1.54622883269813e-09,,,,,,,,,7.62963558255394
"staggered","D_ramp_nt10",3,200,186,"GATT","g=6_t=6",6,6,0,"doubleml",3.68748994967409,1.28498335453663,1.16896883418305,1.57387993903109,5.80109996031709,6.20601106516513,0.00205444244173573,,,,,,,,,4.99613652854008
"staggered","D_ramp_nt10",3,200,186,"GATT","g=6_t=7",6,7,1,"doubleml",6.81662017532248,0.836153131487732,5.17779013911926,5.44127035238236,8.19196999826261,8.4554502115257,1.7844706181727e-16,,,,,,,,,6.99459113995611
"staggered","D_ramp_nt10",3,200,186,"CATT","surface",,,,"doubleml",,,,,,,,3.24062150357629,2.31664065052587,503,0.487637568773765,0.63220675944334,5.17085662319085,0.485089463220676,4.33952062389001,
"staggered","D_ramp_nt10",3,200,187,"GATT","g=4_t=4",4,4,0,"doubleml",2.4426608843712,1.04465685921819,0.395171047950472,0.724352870858717,4.16096889788368,4.49015072079193,0.00968734049052256,,,,,,,,,2.71719697605093
"staggered","D_ramp_nt10",3,200,187,"GATT","g=4_t=5",4,5,1,"doubleml",3.78725192711847,0.853607058965525,2.11421282140016,2.38319294175079,5.19131091248615,5.46029103283678,4.5660943004137e-06,,,,,,,,,3.8040757664713
"staggered","D_ramp_nt10",3,200,187,"GATT","g=4_t=6",4,6,2,"doubleml",3.73987101722695,2.0111401839304,-0.20189134223,0.431839041128307,7.0479029933256,7.68163337668391,0.0314726631819672,,,,,,,,,4.89095455689167
"staggered","D_ramp_nt10",3,200,187,"GATT","g=4_t=7",4,7,3,"doubleml",5.43242584416398,1.16240128076309,3.15416118031442,3.52044544789568,7.34440624043228,7.71069050801353,1.48089938310752e-06,,,,,,,,,5.97783334731204
"staggered","D_ramp_nt10",3,200,187,"GATT","g=5_t=5",5,5,0,"doubleml",3.86911854660475,0.824850418067543,2.25244142180741,2.51236003704468,5.22587705616482,5.48579567140208,1.36141866053548e-06,,,,,,,,,4.37618723241687
"staggered","D_ramp_nt10",3,200,187,"GATT","g=5_t=6",5,6,1,"doubleml",6.21790712044823,0.859441067241908,4.53343356853251,4.80425204323111,7.63156219766535,7.90238067236395,2.33062101719274e-13,,,,,,,,,6.12666212538361
"staggered","D_ramp_nt10",3,200,187,"GATT","g=5_t=7",5,7,2,"doubleml",8.63909601577797,1.00789760920206,6.66365298605586,6.98125160169152,10.2969404298644,10.6145390455001,5.11161571445389e-18,,,,,,,,,7.87713701835036
"staggered","D_ramp_nt10",3,200,187,"GATT","g=6_t=6",6,6,0,"doubleml",5.0732096091517,0.646777170388769,3.80554963916785,4.00935559332905,6.13706362497435,6.34086957913556,2.18505827797143e-15,,,,,,,,,5.09443186181547
"staggered","D_ramp_nt10",3,200,187,"GATT","g=6_t=7",6,7,1,"doubleml",7.39739943348168,0.596581402259693,6.22812136198316,6.41611012764921,8.37868873931414,8.56667750498019,1.31236912131906e-35,,,,,,,,,7.13220460654165
"staggered","D_ramp_nt10",3,200,187,"CATT","surface",,,,"doubleml",,,,,,,,2.0864880184068,1.67420782214622,539,0.361859118370629,0.654916512059369,4.02741231813488,0.573283858998145,3.37991170303813,
"staggered","D_ramp_nt10",3,200,188,"GATT","g=4_t=4",4,4,0,"doubleml",3.25218740651238,0.573735984092104,2.12768553218729,2.30847547813455,4.19589933489022,4.37668928083748,7.20521936733208e-09,,,,,,,,,3.03906585670775
"staggered","D_ramp_nt10",3,200,188,"GATT","g=4_t=5",4,5,1,"doubleml",3.37297649762891,0.80337554104427,1.79838935870162,2.05154102544008,4.69441196981774,4.9475636365562,1.34341260433062e-05,,,,,,,,,4.25469219939085
"staggered","D_ramp_nt10",3,200,188,"GATT","g=4_t=6",4,6,2,"doubleml",4.66171683523608,0.557283767885308,3.56946071239652,3.74506640049486,5.5783672699773,5.75397295807564,3.00400315171199e-17,,,,,,,,,5.47031854207395
"staggered","D_ramp_nt10",3,200,188,"GATT","g=4_t=7",4,7,3,"doubleml",5.69013241441897,0.623553547532446,4.46798990918309,4.66447786754604,6.71578696129191,6.91227491965486,3.5758742526407e-20,,,,,,,,,6.68594488475705
"staggered","D_ramp_nt10",3,200,188,"GATT","g=5_t=5",5,5,0,"doubleml",3.15026086669731,0.708563883013439,1.76150116429075,1.98477672946712,4.31574500392749,4.53902056910386,4.37460401696011e-06,,,,,,,,,4.16348098074078
"staggered","D_ramp_nt10",3,200,188,"GATT","g=5_t=6",5,6,1,"doubleml",5.62664485937208,0.683719808571189,4.28657864848566,4.50202559736453,6.75126412137964,6.9667110702585,9.40295902389497e-17,,,,,,,,,5.82887337303709
"staggered","D_ramp_nt10",3,200,188,"GATT","g=5_t=7",5,7,2,"doubleml",6.54748185735186,0.921881167260934,4.74062795724245,5.03112193185805,8.06384178284568,8.35433575746127,6.13462353503869e-13,,,,,,,,,7.49426576533341
"staggered","D_ramp_nt10",3,200,188,"GATT","g=6_t=6",6,6,0,"doubleml",5.66450688042823,0.939048689052895,3.82400525563736,4.11990888804482,7.20910487281164,7.50500850521909,8.0883271677364e-10,,,,,,,,,5.48773562505617
"staggered","D_ramp_nt10",3,200,188,"GATT","g=6_t=7",6,7,1,"doubleml",7.71030826344775,1.06013593550791,5.63247999474592,5.96653942938382,9.45407709751169,9.78813653214959,1.75869344626465e-13,,,,,,,,,7.68282987507863
"staggered","D_ramp_nt10",3,200,188,"CATT","surface",,,,"doubleml",,,,,,,,2.12831618080756,1.6682186089305,526,0.337276036058107,0.53041825095057,2.97516315262621,0.44106463878327,2.4968361726286,
"staggered","D_ramp_nt10",3,200,189,"GATT","g=4_t=4",4,4,0,"doubleml",2.69174649325095,0.518273227578326,1.67594962503363,1.83926270177583,3.54423028472607,3.70754336146828,1.03087424676428e-07,,,,,,,,,2.80714342475078
"staggered","D_ramp_nt10",3,200,189,"GATT","g=4_t=5",4,5,1,"doubleml",1.8347938128495,3.24159362483999,-4.51861299446639,-3.49715442734306,7.16674205304206,8.18820062016539,0.285691456598036,,,,,,,,,3.93000079465109
"staggered","D_ramp_nt10",3,200,189,"GATT","g=4_t=6",4,6,2,"doubleml",4.73867668308097,0.490493760243922,3.77732657077825,3.93188605956871,5.54546730659322,5.70002679538368,2.20693991836736e-22,,,,,,,,,5.0528581645514
"staggered","D_ramp_nt10",3,200,189,"GATT","g=4_t=7",4,7,3,"doubleml",6.24565497301718,0.878942353201447,4.52295960266706,4.79992312758436,7.69138681844999,7.9683503433673,5.97810602537215e-13,,,,,,,,,6.17571553445172
"staggered","D_ramp_nt10",3,200,189,"GATT","g=5_t=5",5,5,0,"doubleml",4.11661679641142,1.02923072198976,2.09936163361748,2.42368252642367,5.80955106639916,6.13387195920535,3.17110664074755e-05,,,,,,,,,4.00289697621577
"staggered","D_ramp_nt10",3,200,189,"GATT","g=5_t=6",5,6,1,"doubleml",4.8984383716412,0.767364297850618,3.39443197296872,3.63623613686442,6.16064060641799,6.40244477031369,8.65661018012245e-11,,,,,,,,,5.60405576670208
"staggered","D_ramp_nt10",3,200,189,"GATT","g=5_t=7",5,7,2,"doubleml",6.88488578484847,0.80637963486349,5.30441073018289,5.55850901692472,8.21126255277222,8.46536083951406,6.82704008934923e-18,,,,,,,,,7.20521455718839
"staggered","D_ramp_nt10",3,200,189,"GATT","g=6_t=6",6,6,0,"doubleml",5.38360434973695,0.54207791558188,4.32115115000143,4.49196532198043,6.27524337749347,6.44605754947248,1.51945743166103e-23,,,,,,,,,5.35278299602406
"staggered","D_ramp_nt10",3,200,189,"GATT","g=6_t=7",6,7,1,"doubleml",7.31027954411936,0.789573356987825,5.76274418906407,6.0115466495845,8.60901243865421,8.85781489917464,1.03644128106708e-20,,,,,,,,,7.49389619443368
"staggered","D_ramp_nt10",3,200,189,"CATT","surface",,,,"doubleml",,,,,,,,2.44459998845736,1.81345548640517,535,0.377895057216417,0.542056074766355,3.97390656681949,0.448598130841121,3.33500825120222,
"staggered","D_ramp_nt10",3,200,190,"GATT","g=4_t=4",4,4,0,"doubleml",2.88925191219947,0.693068960717955,1.53086169967486,1.7492546598867,4.02924916451224,4.24764212472407,1.53117304647968e-05,,,,,,,,,2.8658108364055
"staggered","D_ramp_nt10",3,200,190,"GATT","g=4_t=5",4,5,1,"doubleml",4.21801843665165,1.69523592352557,0.895417055034784,1.42960284689693,7.00643402640637,7.54061981826852,0.0064202951408911,,,,,,,,,4.01213517096771
"staggered","D_ramp_nt10",3,200,190,"GATT","g=4_t=6",4,6,2,"doubleml",5.36875447008616,0.712912704522141,3.97147123408012,4.1961171564021,6.54139178377022,6.76603770609219,2.52283400542106e-14,,,,,,,,,5.15845950552991
"staggered","D_ramp_nt10",3,200,190,"GATT","g=4_t=7",4,7,3,"doubleml",5.84641933983767,0.945551430215273,3.99317257646723,4.29112528764236,7.40171339203298,7.69966610320812,3.14315860280517e-10,,,,,,,,,6.30478384009211
"staggered","D_ramp_nt10",3,200,190,"GATT","g=5_t=5",5,5,0,"doubleml",4.22885381846895,1.34812320808419,1.58658086305943,2.01138796715884,6.44631966977906,6.87112677387847,0.000853881330174202,,,,,,,,,4.26448406654304
"staggered","D_ramp_nt10",3,200,190,"GATT","g=5_t=6",5,6,1,"doubleml",6.76269740588148,1.08653457473221,4.63312875465104,4.9755066644949,8.54988814726805,8.89226605711191,2.42167522569159e-10,,,,,,,,,5.97027769316025
"staggered","D_ramp_nt10",3,200,190,"GATT","g=5_t=7",5,7,2,"doubleml",7.44677662344225,0.860681578230216,5.75987171464785,6.03108108676397,8.86247216012054,9.13368153223666,2.5261230027159e-18,,,,,,,,,7.67607131977747
"staggered","D_ramp_nt10",3,200,190,"GATT","g=6_t=6",6,6,0,"doubleml",5.38278093879447,1.42147883313827,2.59673359908145,3.04465579419165,7.72090608339728,8.16882827850748,7.6316133654169e-05,,,,,,,,,5.81585348999726
"staggered","D_ramp_nt10",3,200,190,"GATT","g=6_t=7",6,7,1,"doubleml",7.78889554552496,0.744121973904518,6.33044326506316,6.56492354026022,9.0128675507897,9.24734782598675,6.10830367739777e-26,,,,,,,,,8.14219488599616
"staggered","D_ramp_nt10",3,200,190,"CATT","surface",,,,"doubleml",,,,,,,,2.02961591942407,1.51466962757051,533,0.327742920875982,0.701688555347092,4.13657353161226,0.637898686679174,3.47152270131827,
"staggered","D_ramp_nt10",3,200,191,"GATT","g=4_t=4",4,4,0,"doubleml",2.27495966057705,0.949638525238941,0.413702338095631,0.712942933783673,3.83697638737042,4.13621698305846,0.00829645995677184,,,,,,,,,2.69161795315382
"staggered","D_ramp_nt10",3,200,191,"GATT","g=4_t=5",4,5,1,"doubleml",3.43779450707373,0.560527141250997,2.33918148919887,2.51580919667847,4.359779817469,4.5364075249486,4.30791433896735e-10,,,,,,,,,3.76826513441535
"staggered","D_ramp_nt10",3,200,191,"GATT","g=4_t=6",4,6,2,"doubleml",4.48145591435486,0.567724704393034,3.36873593183387,3.54763166343516,5.41528016527456,5.59417589687585,1.46663067223826e-15,,,,,,,,,4.84491231567687
"staggered","D_ramp_nt10",3,200,191,"GATT","g=4_t=7",4,7,3,"doubleml",5.46552872693195,0.636673339208531,4.21767190232344,4.41829403824145,6.51276341562246,6.71338555154046,4.56121571460463e-18,,,,,,,,,5.9215594969384
"staggered","D_ramp_nt10",3,200,191,"GATT","g=5_t=5",5,5,0,"doubleml",3.40785316419526,1.14934687399897,1.15517466764474,1.51734536111055,5.29836096727997,5.66053166074579,0.00151324480441509,,,,,,,,,4.18925152096909
"staggered","D_ramp_nt10",3,200,191,"GATT","g=5_t=6",5,6,1,"doubleml",5.91916080553876,0.714372255709225,4.51901690174989,4.74412274324642,7.0941988678311,7.31930470932764,5.8648428670468e-17,,,,,,,,,5.86495212935673
"staggered","D_ramp_nt10",3,200,191,"GATT","g=5_t=7",5,7,2,"doubleml",7.68584310484618,0.636275442158735,6.43876614413097,6.63926289870961,8.73242331098274,8.93292006556138,6.78304479234259e-34,,,,,,,,,7.54065273774437
"staggered","D_ramp_nt10",3,200,191,"GATT","g=6_t=6",6,6,0,"doubleml",5.68257979215491,0.474309462937691,4.7529503199377,4.902409974804,6.46274960950582,6.61220926437212,2.2414382277592e-33,,,,,,,,,5.8154634617378
"staggered","D_ramp_nt10",3,200,191,"GATT","g=6_t=7",6,7,1,"doubleml",8.22219414016972,0.566949235087563,7.11099404957056,7.289645423039,9.15474285730044,9.33339423076888,5.83889708460463e-48,,,,,,,,,8.14164884643292
"staggered","D_ramp_nt10",3,200,191,"CATT","surface",,,,"doubleml",,,,,,,,2.12027405658516,1.58120919597794,531,0.332737283105282,0.55743879472693,2.73389043398062,0.497175141242938,2.29435367991186,
"staggered","D_ramp_nt10",3,200,192,"GATT","g=4_t=4",4,4,0,"doubleml",3.59170571137588,0.639227424093164,2.33884297234055,2.54026992594654,4.64314149680522,4.84456845041122,9.61313823020207e-09,,,,,,,,,2.65639331479123
"staggered","D_ramp_nt10",3,200,192,"GATT","g=4_t=5",4,5,1,"doubleml",3.84521349295789,0.644822375761517,2.58138485007085,2.78457482889706,4.90585215701873,5.10904213584494,1.23662464020814e-09,,,,,,,,,3.71895064070772
"staggered","D_ramp_nt10",3,200,192,"GATT","g=4_t=6",4,6,2,"doubleml",4.8218983481423,1.05081186246223,2.76234492694337,3.09346625292384,6.55033044336075,6.88145176934122,2.22968854262842e-06,,,,,,,,,4.78150796662422
"staggered","D_ramp_nt10",3,200,192,"GATT","g=4_t=7",4,7,3,"doubleml",7.28125254192053,0.944901228447393,5.42928015060786,5.72702797670392,8.83547710713713,9.13322493323319,6.49954721945817e-15,,,,,,,,,5.84406529254071
"staggered","D_ramp_nt10",3,200,192,"GATT","g=5_t=5",5,5,0,"doubleml",4.15385740414178,0.63262432086182,2.91393650972817,3.11328275947494,5.19443204880863,5.3937782985554,2.58297675359683e-11,,,,,,,,,4.40112401574365
"staggered","D_ramp_nt10",3,200,192,"GATT","g=5_t=6",5,6,1,"doubleml",5.25679185773943,0.628375359037908,4.02519877553806,4.22320613492449,6.29037758055437,6.48838493994081,2.98827146529788e-17,,,,,,,,,6.16157362204111
"staggered","D_ramp_nt10",3,200,192,"GATT","g=5_t=7",5,7,2,"doubleml",7.80812321529372,0.684957083236539,6.4656319906051,6.68146881710377,8.93477761348367,9.15061443998234,2.10422561260016e-30,,,,,,,,,7.92202322833857
"staggered","D_ramp_nt10",3,200,192,"GATT","g=6_t=6",6,6,0,"doubleml",5.0123172487635,0.792398504318031,3.45924470664631,3.70893739934197,6.31569709818503,6.56538979088069,1.26206427300629e-10,,,,,,,,,5.57787109145543
"staggered","D_ramp_nt10",3,200,192,"GATT","g=6_t=7",6,7,1,"doubleml",8.86377655669736,1.01384747394183,6.87667200628044,7.19614548379425,10.5314076296005,10.8508811071143,1.13790066347396e-18,,,,,,,,,7.8090195280376
"staggered","D_ramp_nt10",3,200,192,"CATT","surface",,,,"doubleml",,,,,,,,2.16719549706171,1.66273837677152,548,0.394625339721661,0.531021897810219,3.06160621392832,0.461678832116788,2.56938149241764,
"staggered","D_ramp_nt10",3,200,193,"GATT","g=4_t=4",4,4,0,"doubleml",3.71394929252379,0.978551523552288,1.79602353421615,2.10437490480272,5.32352368024487,5.63187505083143,7.37165130437827e-05,,,,,,,,,2.72358990534395
"staggered","D_ramp_nt10",3,200,193,"GATT","g=4_t=5",4,5,1,"doubleml",4.09938514637277,1.69083884294428,0.785401884400334,1.31820211220051,6.88056818054504,7.41336840834521,0.0076654112143636,,,,,,,,,3.81302586748153
"staggered","D_ramp_nt10",3,200,193,"GATT","g=4_t=6",4,6,2,"doubleml",4.71247430199449,0.834468513774573,3.07694605586282,3.33989542923833,6.08505317475065,6.34800254812616,8.15048444913837e-09,,,,,,,,,4.90246182961912
"staggered","D_ramp_nt10",3,200,193,"GATT","g=4_t=7",4,7,3,"doubleml",6.55152449624886,0.677309288267651,5.22402267437864,5.43744960420466,7.66559938829306,7.87902631811908,1.96597449368638e-22,,,,,,,,,5.9918977917567
"staggered","D_ramp_nt10",3,200,193,"GATT","g=5_t=5",5,5,0,"doubleml",3.63116159225066,0.6196393389793,2.41669079486743,2.6119453469732,4.65037783752812,4.84563238963388,2.31264809586331e-09,,,,,,,,,4.14964029903042
"staggered","D_ramp_nt10",3,200,193,"GATT","g=5_t=6",5,6,1,"doubleml",4.95643567360481,0.764060154246945,3.45890527744635,3.6996682726511,6.21320307455851,6.45396606976326,4.37897417787176e-11,,,,,,,,,5.80949641864259
"staggered","D_ramp_nt10",3,200,193,"GATT","g=5_t=7",5,7,2,"doubleml",5.2302120539686,5.56377776229567,-5.67459206413147,-3.92139005345448,14.3818141613917,16.1350161720687,0.173596751351779,,,,,,,,,7.46935253825476
"staggered","D_ramp_nt10",3,200,193,"GATT","g=6_t=6",6,6,0,"doubleml",6.24441146279105,0.880560871302911,4.51854385522871,4.79601739138497,7.69280553419713,7.97027907035339,6.63798539332951e-13,,,,,,,,,5.70644282829705
"staggered","D_ramp_nt10",3,200,193,"GATT","g=6_t=7",6,7,1,"doubleml",8.8171645003135,1.9247889927443,5.04464736693841,5.65116762644207,11.9831613741849,12.5896816336886,2.31547921333078e-06,,,,,,,,,7.98901995961587
"staggered","D_ramp_nt10",3,200,193,"CATT","surface",,,,"doubleml",,,,,,,,2.23845324505185,1.66385810508883,540,0.379814240804896,0.688888888888889,5.91846995581288,0.618518518518518,4.9669376481908,
"staggered","D_ramp_nt10",3,200,194,"GATT","g=4_t=4",4,4,0,"doubleml",5.23823452526721,0.85422489946944,3.56398447440349,3.8331592824753,6.64330976805912,6.91248457613093,4.33498696522565e-10,,,,,,,,,3.01100758799966
"staggered","D_ramp_nt10",3,200,194,"GATT","g=4_t=5",4,5,1,"doubleml",4.26579202132849,0.576901388384437,3.13508606854498,3.3168734650388,5.21471057761819,5.39649797411201,7.10682207071632e-14,,,,,,,,,4.21541062319952
"staggered","D_ramp_nt10",3,200,194,"GATT","g=4_t=6",4,6,2,"doubleml",5.9038362457273,0.631565107171836,4.66599137201436,4.86500385293528,6.94266863851933,7.14168111944024,4.46833202514764e-21,,,,,,,,,5.41981365839938
"staggered","D_ramp_nt10",3,200,194,"GATT","g=4_t=7",4,7,3,"doubleml",7.874987595434,0.783830994301554,6.33870706451875,6.58570004913311,9.16427514173489,9.41126812634925,4.74529917504427e-24,,,,,,,,,6.62421669359924
"staggered","D_ramp_nt10",3,200,194,"GATT","g=5_t=5",5,5,0,"doubleml",2.87499088265381,0.820421181236458,1.26699490259288,1.5255178210123,4.22446394429533,4.48298686271475,0.000228916243435198,,,,,,,,,4.12441124069949
"staggered","D_ramp_nt10",3,200,194,"GATT","g=5_t=6",5,6,1,"doubleml",4.76139895130122,1.05630549233384,2.69107821332461,3.02393063701393,6.49886726558851,6.83171968927783,3.27830549795541e-06,,,,,,,,,5.77417573697928
"staggered","D_ramp_nt10",3,200,194,"GATT","g=5_t=7",5,7,2,"doubleml",6.15022875534469,1.01854868417547,4.15391000211341,4.47486487798394,7.82559263270545,8.14654750857598,7.79081042448954e-10,,,,,,,,,7.42394023325908
"staggered","D_ramp_nt10",3,200,194,"GATT","g=6_t=6",6,6,0,"doubleml",5.85682812657886,0.665942065191091,4.55160565271867,4.76145065688103,6.95220559627668,7.16205060043905,7.16506841746012e-19,,,,,,,,,5.55203907691616
"staggered","D_ramp_nt10",3,200,194,"GATT","g=6_t=7",6,7,1,"doubleml",8.47215639984001,1.11546813207165,6.28587901783233,6.63737418092943,10.3069386187506,10.6584337818477,1.53708881129961e-14,,,,,,,,,7.77285470768263
"staggered","D_ramp_nt10",3,200,194,"CATT","surface",,,,"doubleml",,,,,,,,2.57718996123566,2.00521413287997,524,0.468955066625847,0.459923664122137,3.29159037592224,0.402671755725191,2.76239032767806,
"staggered","D_ramp_nt10",3,200,195,"GATT","g=4_t=4",4,4,0,"doubleml",3.47449118815976,0.72618583284636,2.05119309847088,2.28002151625909,4.66896086006043,4.89778927784865,8.56743974230806e-07,,,,,,,,,2.671829772423
"staggered","D_ramp_nt10",3,200,195,"GATT","g=4_t=5",4,5,1,"doubleml",4.3005720247508,1.26769357872581,1.81593824741704,2.21540117100933,6.38574287849227,6.78520580208456,0.000346367881377084,,,,,,,,,3.74056168139219
"staggered","D_ramp_nt10",3,200,195,"GATT","g=4_t=6",4,6,2,"doubleml",5.23334100755071,0.88536651948879,3.49805450254738,3.77704234650349,6.68963966859792,6.96862751255403,1.70089058126913e-09,,,,,,,,,4.80929359036139
"staggered","D_ramp_nt10",3,200,195,"GATT","g=4_t=7",4,7,3,"doubleml",8.13446906473154,3.54970093659363,1.17718301824175,2.29572928037177,13.9732088490913,15.0917551112213,0.0109645760267797,,,,,,,,,5.87802549933059
"staggered","D_ramp_nt10",3,200,195,"GATT","g=5_t=5",5,5,0,"doubleml",4.08898046208251,0.608485944209768,2.89636991692535,3.08810992280529,5.08985100135972,5.28159100723966,9.09084932079281e-12,,,,,,,,,4.10813709786538
"staggered","D_ramp_nt10",3,200,195,"GATT","g=5_t=6",5,6,1,"doubleml",5.38149448534185,0.5913288858096,4.22251115699493,4.40884480220239,6.35414416848131,6.54047781368878,4.48843382430296e-20,,,,,,,,,5.75139193701153
"staggered","D_ramp_nt10",3,200,195,"GATT","g=5_t=7",5,7,2,"doubleml",7.46069814905201,1.06024871246152,5.38264884158108,5.71674381336483,9.20465248473919,9.53874745652294,9.83923669415632e-13,,,,,,,,,7.39464677615768
"staggered","D_ramp_nt10",3,200,195,"GATT","g=6_t=6",6,6,0,"doubleml",5.94248253750164,0.610369303563109,4.74618067581288,4.93851414705865,6.94645092794464,7.13878439919041,1.05987049727616e-22,,,,,,,,,5.20619931054196
"staggered","D_ramp_nt10",3,200,195,"GATT","g=6_t=7",6,7,1,"doubleml",9.9364641954694,2.40328135977344,5.2261192484424,5.98341723772061,13.8895111532182,14.6468091424964,1.77832739551793e-05,,,,,,,,,7.28867903475875
"staggered","D_ramp_nt10",3,200,195,"CATT","surface",,,,"doubleml",,,,,,,,2.41204794982831,1.87381237969781,562,0.470424579795018,0.588967971530249,5.0138327627609,0.523131672597865,4.20774201728109,
"staggered","D_ramp_nt10",3,200,196,"GATT","g=4_t=4",4,4,0,"doubleml",2.96458236784942,0.328837584014497,2.32007254133404,2.42369255243284,3.50547218326601,3.60909219436481,9.81310584355528e-20,,,,,,,,,2.79851616960609
"staggered","D_ramp_nt10",3,200,196,"GATT","g=4_t=5",4,5,1,"doubleml",3.81558865178534,0.892411524011542,2.06649419153758,2.34770198686886,5.28347531670182,5.5646831120331,9.53145116383094e-06,,,,,,,,,3.91792263744853
"staggered","D_ramp_nt10",3,200,196,"GATT","g=4_t=6",4,6,2,"doubleml",5.38304079323897,0.48536188917578,4.43174896348246,4.58469134838064,6.18139023809731,6.33433262299549,6.95367310030349e-29,,,,,,,,,5.03732910529097
"staggered","D_ramp_nt10",3,200,196,"GATT","g=4_t=7",4,7,3,"doubleml",6.341037288896,0.583757968296364,5.19689268632198,5.38084065971185,7.30123391808014,7.48518189147001,8.70156713101196e-28,,,,,,,,,6.15673557313341
"staggered","D_ramp_nt10",3,200,196,"GATT","g=5_t=5",5,5,0,"doubleml",3.82613082558181,0.508741157457921,2.82901647164595,2.98932589777252,4.6629357533911,4.82324517951767,2.72249973548573e-14,,,,,,,,,3.79532784844169
"staggered","D_ramp_nt10",3,200,196,"GATT","g=5_t=6",5,6,1,"doubleml",4.96410393744322,0.455340882516405,4.07165219998284,4.21513466547259,5.71307320941386,5.85655567490361,5.6406088760666e-28,,,,,,,,,5.31345898781836
"staggered","D_ramp_nt10",3,200,196,"GATT","g=5_t=7",5,7,2,"doubleml",6.57693466267885,0.544665691540954,5.50940951522348,5.68103912128494,7.47283020407276,7.64445981013422,7.14282121386249e-34,,,,,,,,,6.83159012719503
"staggered","D_ramp_nt10",3,200,196,"GATT","g=6_t=6",6,6,0,"doubleml",6.08026550768867,0.816167239505464,4.48060710027858,4.73778955911915,7.42274145625819,7.67992391509875,4.67483821272753e-14,,,,,,,,,5.25798902753474
"staggered","D_ramp_nt10",3,200,196,"GATT","g=6_t=7",6,7,1,"doubleml",7.06447262780359,0.724801715462875,5.64388735835811,5.87227962691762,8.25666562868956,8.48505789724907,9.52193218624853e-23,,,,,,,,,7.36118463854863
"staggered","D_ramp_nt10",3,200,196,"CATT","surface",,,,"doubleml",,,,,,,,1.93303261929395,1.56382763619989,507,0.356069245800308,0.41025641025641,2.32341939337453,0.351084812623274,1.94987544815602,
"staggered","D_ramp_nt10",3,200,197,"GATT","g=4_t=4",4,4,0,"doubleml",2.13424834308867,0.610965279350933,0.936778390310895,1.12929965948717,3.13919702669016,3.33171829586644,0.000238598724802956,,,,,,,,,2.72266397653887
"staggered","D_ramp_nt10",3,200,197,"GATT","g=4_t=5",4,5,1,"doubleml",3.9192561001717,0.423421179476258,3.08936583156069,3.22279007942546,4.61572212091794,4.7491463687827,1.05953842111776e-20,,,,,,,,,3.81172956715442
"staggered","D_ramp_nt10",3,200,197,"GATT","g=4_t=6",4,6,2,"doubleml",2.65614064642152,1.70914668400465,-0.693725324946968,-0.155156113350262,5.46743740619331,6.00600661779001,0.0600833675830063,,,,,,,,,4.90079515776997
"staggered","D_ramp_nt10",3,200,197,"GATT","g=4_t=7",4,7,3,"doubleml",5.16308731946014,0.77418768890948,3.64570731995436,3.88966160260663,6.43651303631365,6.68046731896592,1.28742562362304e-11,,,,,,,,,5.98986074838551
"staggered","D_ramp_nt10",3,200,197,"GATT","g=5_t=5",5,5,0,"doubleml",4.40599530031726,0.543578737822734,3.34060054301926,3.51188763909459,5.30010296153994,5.47139005761526,2.62574320396593e-16,,,,,,,,,4.30922092926758
"staggered","D_ramp_nt10",3,200,197,"GATT","g=5_t=6",5,6,1,"doubleml",5.92627439729323,0.565959322180936,4.81701450035419,4.99535394236663,6.85719485221983,7.03553429423226,5.85729619300769e-26,,,,,,,,,6.03290930097461
"staggered","D_ramp_nt10",3,200,197,"GATT","g=5_t=7",5,7,2,"doubleml",6.75325898933894,1.15945329678519,4.48077226795865,4.84612759630863,8.66039038236925,9.02574571071923,2.86384786802931e-09,,,,,,,,,7.75659767268165
"staggered","D_ramp_nt10",3,200,197,"GATT","g=6_t=6",6,6,0,"doubleml",5.34119526206443,0.679841542251363,4.00873031354728,4.22295518192611,6.45943534220276,6.67366021058158,1.97461142131159e-15,,,,,,,,,5.80188037456675
"staggered","D_ramp_nt10",3,200,197,"GATT","g=6_t=7",6,7,1,"doubleml",8.04808488253603,0.704429460641333,6.6674284991396,6.88940126648229,9.20676849858977,9.42874126593246,1.56883442658596e-30,,,,,,,,,8.12263252439345
"staggered","D_ramp_nt10",3,200,197,"CATT","surface",,,,"doubleml",,,,,,,,2.17297788365664,1.55842995007342,523,0.317315863395851,0.611854684512428,3.18252599741472,0.523900573613767,2.67086059588421,
"staggered","D_ramp_nt10",3,200,198,"GATT","g=4_t=4",4,4,0,"doubleml",2.47013675937083,0.749557500364808,1.00103104272582,1.23722410666578,3.70304941207589,3.93924247601584,0.000491303456772119,,,,,,,,,2.87642101120296
"staggered","D_ramp_nt10",3,200,198,"GATT","g=4_t=5",4,5,1,"doubleml",5.96293024754675,2.57563602348641,0.91477636441022,1.72638503177102,10.1994754633225,11.0110841306833,0.0103029303592677,,,,,,,,,4.02698941568415
"staggered","D_ramp_nt10",3,200,198,"GATT","g=4_t=6",4,6,2,"doubleml",4.45514615809617,1.14742377079602,2.20623687459172,2.56780157900725,6.34249073718508,6.70405544160061,5.16433677289985e-05,,,,,,,,,5.17755782016533
"staggered","D_ramp_nt10",3,200,198,"GATT","g=4_t=7",4,7,3,"doubleml",5.82213728375731,1.58838683204287,2.70895627487924,3.20947284952427,8.43480171799034,8.93531829263537,0.000123456650025536,,,,,,,,,6.32812622464651
"staggered","D_ramp_nt10",3,200,198,"GATT","g=5_t=5",5,5,0,"doubleml",5.10058098267604,0.742947368068356,3.64443088736731,3.87854103251933,6.32262093283274,6.55673107798476,3.31681950914147e-12,,,,,,,,,4.156791917366
"staggered","D_ramp_nt10",3,200,198,"GATT","g=5_t=6",5,6,1,"doubleml",7.76171874803143,1.72118874540068,4.38825076984094,4.93061455540414,10.5928229406587,11.1351867262219,3.24886868824017e-06,,,,,,,,,5.8195086843124
"staggered","D_ramp_nt10",3,200,198,"GATT","g=5_t=7",5,7,2,"doubleml",6.79660275178194,1.12363999527398,4.59430881208477,4.94837901099555,8.64482649256832,8.99889669147911,7.2992898690914e-10,,,,,,,,,7.48222545125881
"staggered","D_ramp_nt10",3,200,198,"GATT","g=6_t=6",6,6,0,"doubleml",5.2738461709026,0.569092639238417,4.15844508533032,4.33777186688073,6.20992047492447,6.38924725647489,9.56255917865089e-21,,,,,,,,,5.44467206376467
"staggered","D_ramp_nt10",3,200,198,"GATT","g=6_t=7",6,7,1,"doubleml",6.72779118435235,0.971617062870098,4.82345671934123,5.12962297202222,8.32595939668249,8.63212564936348,2.19031398857829e-12,,,,,,,,,7.62254088927054
"staggered","D_ramp_nt10",3,200,198,"CATT","surface",,,,"doubleml",,,,,,,,2.22710696533557,1.8102567377101,527,0.406823446958732,0.719165085388994,4.86546299813481,0.641366223908918,4.08322615840599,
"staggered","D_ramp_nt10",3,200,199,"GATT","g=4_t=4",4,4,0,"doubleml",3.25783486012568,0.464333656810826,2.34775760878811,2.49407378738577,4.0215959328656,4.16791211146326,1.14032122949421e-12,,,,,,,,,2.90998441905519
"staggered","D_ramp_nt10",3,200,199,"GATT","g=4_t=5",4,5,1,"doubleml",3.98612938089911,0.522933455122299,2.96119863446379,3.12598019550738,4.84627856629085,5.01106012733443,1.24277197119339e-14,,,,,,,,,4.07397818667727
"staggered","D_ramp_nt10",3,200,199,"GATT","g=4_t=6",4,6,2,"doubleml",5.59516327434399,1.07812071646654,3.48208548241536,3.82181210138113,7.36851444730684,7.70824106627261,1.05295497033186e-07,,,,,,,,,5.23797195429935
"staggered","D_ramp_nt10",3,200,199,"GATT","g=4_t=7",4,7,3,"doubleml",7.20798096089972,0.77644758795659,5.68617164061797,5.93083804005897,8.48512388174047,8.72979028118147,8.21693749156236e-21,,,,,,,,,6.40196572192142
"staggered","D_ramp_nt10",3,200,199,"GATT","g=5_t=5",5,5,0,"doubleml",3.838571801261,0.720405105734634,2.42660372860493,2.65361058147297,5.02353302104904,5.25053987391708,4.95540239198607e-08,,,,,,,,,4.60343569437855
"staggered","D_ramp_nt10",3,200,199,"GATT","g=5_t=6",5,6,1,"doubleml",6.68532920036845,0.646214900255248,5.41877125960457,5.622400036824,7.74825836391289,7.95188714113233,2.19618989706155e-25,,,,,,,,,6.44480997212997
"staggered","D_ramp_nt10",3,200,199,"GATT","g=5_t=7",5,7,2,"doubleml",8.45384686720271,0.81978439943028,6.84709895655774,7.10542121866221,9.8022725157432,10.0605947778477,3.10059575321737e-25,,,,,,,,,8.2861842498814
"staggered","D_ramp_nt10",3,200,199,"GATT","g=6_t=6",6,6,0,"doubleml",6.10944561347328,0.524247047472583,5.08194027332072,5.24713576044981,6.97175546649674,7.13695095362583,1.09785575443898e-31,,,,,,,,,5.42688484245006
"staggered","D_ramp_nt10",3,200,199,"GATT","g=6_t=7",6,7,1,"doubleml",8.50387485173376,0.617707085095899,7.29319120240086,7.48783688198543,9.51991282148209,9.71455850106666,2.01738460968402e-43,,,,,,,,,7.59763877943009
"staggered","D_ramp_nt10",3,200,199,"CATT","surface",,,,"doubleml",,,,,,,,2.33975772980954,1.72056460006183,505,0.378852529800552,0.500990099009901,2.67116695192913,0.475247524752475,2.2417144628924,
