"dgp","setting","linearity_degree","N","rep","estimand_type","estimand_id","g","t","k","method","post_mean","sd","q025","q05","q95","q975","p_bayes","surf_rmse","surf_mae","surf_n","surf_mape","surf_cover95","surf_len95","surf_cover90","surf_len90","true"
"canonical","B2_sweep",3,50,0,"GATT","g=4_t=4",4,4,0,"doubleml",3.66654974470913,0.656445966510762,2.37993928240283,2.58679197091004,4.74630751850822,4.95316020701543,1.16544223664484e-08,,,,,,,,,3.85157982722385
"canonical","B2_sweep",3,50,0,"GATT","g=4_t=5",4,5,1,"doubleml",3.57557868795534,0.696016175262507,2.21141204102314,2.4307336980101,4.72042367790058,4.93974533488755,1.39426385571677e-07,,,,,,,,,3.85157982722385
"canonical","B2_sweep",3,50,0,"GATT","g=4_t=6",4,6,2,"doubleml",3.6705895309624,0.621705192938748,2.4520697341894,2.64797525753633,4.69320380438847,4.8891093277354,1.77323288437023e-09,,,,,,,,,3.85157982722385
"canonical","B2_sweep",3,50,0,"GATT","g=4_t=7",4,7,3,"doubleml",5.04603093361892,0.970355373899752,3.14416933356887,3.44993801543842,6.64212385179943,6.94789253366898,9.9543214471006e-08,,,,,,,,,3.85157982722385
"canonical","B2_sweep",3,50,0,"CATT","surface",,,,"doubleml",,,,,,,,1.28046599351107,1.0604105439072,96,0.305526276766074,0.739583333333333,2.88557925303078,0.645833333333333,2.42165497767545,
"canonical","B2_sweep",3,50,1,"GATT","g=4_t=4",4,4,0,"doubleml",6.06323362616366,2.5982362553908,0.970784102102889,1.78951432853908,10.3369529237882,11.1556831502244,0.00980844419663303,,,,,,,,,3.57360902390541
"canonical","B2_sweep",3,50,1,"GATT","g=4_t=5",4,5,1,"doubleml",1.7612354313249,0.966971371414909,-0.133993645678953,0.170708703167598,3.3517621594822,3.65646450832875,0.0342735264944927,,,,,,,,,3.57360902390541
"canonical","B2_sweep",3,50,1,"GATT","g=4_t=6",4,6,2,"doubleml",2.96915390548011,0.409088266866082,2.1673556296002,2.29626343337237,3.64204437758786,3.77095218136003,1.96458780018888e-13,,,,,,,,,3.57360902390541
"canonical","B2_sweep",3,50,1,"GATT","g=4_t=7",4,7,3,"doubleml",4.53860716191241,0.934260780138074,2.70748966622987,3.00188458065918,6.07532974316564,6.36972465759495,5.92988658102374e-07,,,,,,,,,3.57360902390541
"canonical","B2_sweep",3,50,1,"CATT","surface",,,,"doubleml",,,,,,,,1.86599717753465,1.56679188617938,96,0.47598515840536,0.614583333333333,4.81029718631354,0.604166666666667,4.03692953957142,
"canonical","B2_sweep",3,50,2,"GATT","g=4_t=4",4,4,0,"doubleml",3.282123690731,0.569477260298898,2.16596876172653,2.34541674121932,4.21883064024268,4.39827861973547,4.12187181950729e-09,,,,,,,,,3.44177645076586
"canonical","B2_sweep",3,50,2,"GATT","g=4_t=5",4,5,1,"doubleml",3.71877287112705,0.714669270302674,2.31804682942754,2.54324626319262,4.89429947906149,5.11949891282656,9.77912680323647e-08,,,,,,,,,3.44177645076586
"canonical","B2_sweep",3,50,2,"GATT","g=4_t=6",4,6,2,"doubleml",3.62410485232188,0.497149953833801,2.64970884020597,2.80636576215854,4.44184394248522,4.59850086443779,1.55251499540769e-13,,,,,,,,,3.44177645076586
"canonical","B2_sweep",3,50,2,"GATT","g=4_t=7",4,7,3,"doubleml",2.97851741804972,0.795898636042943,1.41858474375644,1.66938036295994,4.28765447313949,4.53845009234299,9.11599891073141e-05,,,,,,,,,3.44177645076586
"canonical","B2_sweep",3,50,2,"CATT","surface",,,,"doubleml",,,,,,,,0.800840347125544,0.692290229741039,100,0.210207122569958,0.9,2.52560482855658,0.79,2.11955485134962,
"canonical","B2_sweep",3,50,3,"GATT","g=4_t=4",4,4,0,"doubleml",4.67681838077772,0.735680847153396,3.23491040486756,3.46673079661406,5.88690596494137,6.11872635668787,1.02779378971688e-10,,,,,,,,,3.7762966544061
"canonical","B2_sweep",3,50,3,"GATT","g=4_t=5",4,5,1,"doubleml",3.13622706807258,0.951541395088858,1.27124018918865,1.5710803981951,4.70137373795007,5.00121394695652,0.000490457983808708,,,,,,,,,3.7762966544061
"canonical","B2_sweep",3,50,3,"GATT","g=4_t=6",4,6,2,"doubleml",4.26316721843282,0.617177577490998,3.05352138494325,3.24800021138644,5.2783342254792,5.47281305192239,2.46597586560614e-12,,,,,,,,,3.7762966544061
"canonical","B2_sweep",3,50,3,"GATT","g=4_t=7",4,7,3,"doubleml",4.73780806589567,0.796297540096077,3.1770935540188,3.42801487187847,6.04760125991286,6.29852257777253,1.34238297745397e-09,,,,,,,,,3.7762966544061
"canonical","B2_sweep",3,50,3,"CATT","surface",,,,"doubleml",,,,,,,,1.20051588241336,0.967654749225602,96,0.303334844187835,0.708333333333333,3.03862760008027,0.677083333333333,2.55009722755236,
"canonical","B2_sweep",3,50,4,"GATT","g=4_t=4",4,4,0,"doubleml",4.00446079204772,0.765715303575308,2.50368636279105,2.74497091210066,5.26395067199478,5.5052352213044,8.48929848607792e-08,,,,,,,,,3.71916673225956
"canonical","B2_sweep",3,50,4,"GATT","g=4_t=5",4,5,1,"doubleml",4.4320172214669,0.719980892762874,3.02088059096381,3.24775377008232,5.61628067285149,5.84315385197,3.73631989147193e-10,,,,,,,,,3.71916673225956
"canonical","B2_sweep",3,50,4,"GATT","g=4_t=6",4,6,2,"doubleml",3.85546952061759,0.923670703856346,2.04510819320449,2.33616606869667,5.37477297253852,5.66583084803069,1.49600498645526e-05,,,,,,,,,3.71916673225956
"canonical","B2_sweep",3,50,4,"GATT","g=4_t=7",4,7,3,"doubleml",4.03184602908471,0.786342143685262,2.49064373577877,2.73842800867544,5.32526404949399,5.57304832239066,1.46929784776631e-07,,,,,,,,,3.71916673225956
"canonical","B2_sweep",3,50,4,"CATT","surface",,,,"doubleml",,,,,,,,0.913071121629564,0.732272626382584,100,0.231530697498886,0.9,3.1317373402394,0.82,2.62823740183092,
"canonical","B2_sweep",3,50,5,"GATT","g=4_t=4",4,4,0,"doubleml",2.68666888626225,0.791119894084872,1.13610237417209,1.38539216399717,3.98794560852733,4.23723539835241,0.000341851181997633,,,,,,,,,3.62750803633557
"canonical","B2_sweep",3,50,5,"GATT","g=4_t=5",4,5,1,"doubleml",2.8005035998405,0.949969883400809,0.938596827290712,1.23794183724914,4.36306536243185,4.66241037239028,0.00159922679940479,,,,,,,,,3.62750803633557
"canonical","B2_sweep",3,50,5,"GATT","g=4_t=6",4,6,2,"doubleml",2.68810958911308,1.04481241113977,0.640314876525942,0.969545715400194,4.40667346282598,4.73590430170023,0.00504374802646729,,,,,,,,,3.62750803633557
"canonical","B2_sweep",3,50,5,"GATT","g=4_t=7",4,7,3,"doubleml",3.16051903068342,0.722873572537374,1.74371285195878,1.97149754340103,4.34954051796581,4.57732520940806,6.15116123354427e-06,,,,,,,,,3.62750803633557
"canonical","B2_sweep",3,50,5,"CATT","surface",,,,"doubleml",,,,,,,,1.11816120931142,0.934862066637757,92,0.236025416744395,0.869565217391304,3.43853708797587,0.782608695652174,2.88571192292586,
"canonical","B2_sweep",3,50,6,"GATT","g=4_t=4",4,4,0,"doubleml",4.66128803242827,0.704453179094439,3.28058516171761,3.50256540298206,5.82001066187447,6.04199090313892,1.83419172397527e-11,,,,,,,,,3.78730988662793
"canonical","B2_sweep",3,50,6,"GATT","g=4_t=5",4,5,1,"doubleml",3.50850605695578,0.540265629734067,2.44960487223968,2.61984797482519,4.39716413908638,4.56740724167188,4.17825566111734e-11,,,,,,,,,3.78730988662793
"canonical","B2_sweep",3,50,6,"GATT","g=4_t=6",4,6,2,"doubleml",4.42101296920048,0.572962630235934,3.29802684059274,3.47857309500639,5.36345284339458,5.54399909780822,5.9991296829118e-15,,,,,,,,,3.78730988662793
"canonical","B2_sweep",3,50,6,"GATT","g=4_t=7",4,7,3,"doubleml",4.58772002890726,0.586431294985639,3.43833580226203,3.62312616762495,5.55231389018957,5.73710425555249,2.57657953804829e-15,,,,,,,,,3.78730988662793
"canonical","B2_sweep",3,50,6,"CATT","surface",,,,"doubleml",,,,,,,,1.10023151421373,0.898587451971581,104,0.278306327419485,0.730769230769231,2.35598720533986,0.625,1.9772072235266,
"canonical","B2_sweep",3,50,7,"GATT","g=4_t=4",4,4,0,"doubleml",4.37929856405868,0.49504557327072,3.40902706208871,3.56502087268204,5.19357625543532,5.34957006602865,4.52533249366287e-19,,,,,,,,,3.55562317841079
"canonical","B2_sweep",3,50,7,"GATT","g=4_t=5",4,5,1,"doubleml",4.04693345984451,0.683979980629733,2.70635732108954,2.92188625278578,5.17198066690325,5.38750959859949,1.64190033380023e-09,,,,,,,,,3.55562317841079
"canonical","B2_sweep",3,50,7,"GATT","g=4_t=6",4,6,2,"doubleml",3.84961418037992,0.658270237185201,2.55942821322546,2.76685574766489,4.93237261309494,5.13980014753437,2.48646118083965e-09,,,,,,,,,3.55562317841079
"canonical","B2_sweep",3,50,7,"GATT","g=4_t=7",4,7,3,"doubleml",3.5329316651633,0.645627674396528,2.26752466594239,2.47096840242148,4.59489492790513,4.79833866438422,2.22381514713337e-08,,,,,,,,,3.55562317841079
"canonical","B2_sweep",3,50,7,"CATT","surface",,,,"doubleml",,,,,,,,1.01844166497846,0.82974666335577,92,0.28002269098247,0.717391304347826,2.43322030355016,0.597826086956522,2.04202329694611,
"canonical","B2_sweep",3,50,8,"GATT","g=4_t=4",4,4,0,"doubleml",3.65543630064946,0.68586076979408,2.31117388284078,2.52729547001059,4.78357713128833,4.99969871845814,4.91859251817e-08,,,,,,,,,3.63434944215712
"canonical","B2_sweep",3,50,8,"GATT","g=4_t=5",4,5,1,"doubleml",4.34189212448169,0.508205254066221,3.34582812190104,3.50596867950985,5.17781556945353,5.33795612706233,6.50633125774397e-18,,,,,,,,,3.63434944215712
"canonical","B2_sweep",3,50,8,"GATT","g=4_t=6",4,6,2,"doubleml",3.53092739833352,1.48740957130704,0.615658185316291,1.08435581533085,5.9774989813362,6.44619661135076,0.00880120612747175,,,,,,,,,3.63434944215712
"canonical","B2_sweep",3,50,8,"GATT","g=4_t=7",4,7,3,"doubleml",3.85792969540221,0.741446577854945,2.40472109488332,2.63835832603119,5.07750106477323,5.3111382959211,9.79181416172382e-08,,,,,,,,,3.63434944215712
"canonical","B2_sweep",3,50,8,"CATT","surface",,,,"doubleml",,,,,,,,1.37993955145501,1.09975065837581,100,0.319253896204924,0.76,3.35440211696273,0.64,2.8151036139922,
"canonical","B2_sweep",3,50,9,"GATT","g=4_t=4",4,4,0,"doubleml",3.63058750281569,0.654765217297779,2.34727124845987,2.55359431608257,4.70758068954881,4.91390375717152,1.47086976248109e-08,,,,,,,,,3.89257903771638
"canonical","B2_sweep",3,50,9,"GATT","g=4_t=5",4,5,1,"doubleml",3.50443076038108,0.496235221430698,2.53182759084489,2.68819627146992,4.32066524929225,4.47703392991728,8.20405137584276e-13,,,,,,,,,3.89257903771638
"canonical","B2_sweep",3,50,9,"GATT","g=4_t=6",4,6,2,"doubleml",3.47494841334135,0.489433623119248,2.51567613163805,2.66990156061916,4.27999526606353,4.43422069504464,6.24064033225849e-13,,,,,,,,,3.89257903771638
"canonical","B2_sweep",3,50,9,"GATT","g=4_t=7",4,7,3,"doubleml",,,,,,,,,,,,,,,,3.89257903771638
"canonical","B2_sweep",3,50,9,"CATT","surface",,,,"doubleml",,,,,,,,1.4108212142322,1.0912507886693,75,0.278277369485299,0.626666666666667,2.14346113706354,0.466666666666667,1.79884968557765,
"canonical","B2_sweep",3,50,10,"GATT","g=4_t=4",4,4,0,"doubleml",3.24182072848544,0.521594739081579,2.21951381729615,2.38387353552815,4.09976792144273,4.26412763967473,2.56280614058203e-10,,,,,,,,,3.42374331560965
"canonical","B2_sweep",3,50,10,"GATT","g=4_t=5",4,5,1,"doubleml",4.8190048089641,0.648001235602272,3.54894571522813,3.75313738457876,5.88487223334944,6.08906390270007,5.16073635889161e-14,,,,,,,,,3.42374331560965
"canonical","B2_sweep",3,50,10,"GATT","g=4_t=6",4,6,2,"doubleml",3.02469720675681,0.615017803977664,1.81928445160153,2.01308271181293,4.03631170170069,4.23010996191209,4.37020656054478e-07,,,,,,,,,3.42374331560965
"canonical","B2_sweep",3,50,10,"GATT","g=4_t=7",4,7,3,"doubleml",3.32327829295361,0.589938669383378,2.16701973875428,2.35291531286368,4.29364127304353,4.47953684715293,8.8416940364419e-09,,,,,,,,,3.42374331560965
"canonical","B2_sweep",3,50,10,"CATT","surface",,,,"doubleml",,,,,,,,1.07111488140197,0.912875538263815,100,0.286317496882208,0.78,2.32701865713993,0.73,1.95289604618822,
"canonical","B2_sweep",3,50,11,"GATT","g=4_t=4",4,4,0,"doubleml",3.28382894381007,0.69859519632017,1.91460750844961,2.13474184076205,4.43291604685809,4.65305037917054,1.29687852956856e-06,,,,,,,,,3.41035525761837
"canonical","B2_sweep",3,50,11,"GATT","g=4_t=5",4,5,1,"doubleml",2.47407108686209,1.12257680612588,0.273860959620377,0.627596136998704,4.32054603672547,4.6742812141038,0.0137649348592873,,,,,,,,,3.41035525761837
"canonical","B2_sweep",3,50,11,"GATT","g=4_t=6",4,6,2,"doubleml",3.40504057404455,0.598537090862343,2.23192942328963,2.42053444599126,4.38954670209784,4.57815172479947,6.39158250052008e-09,,,,,,,,,3.41035525761837
"canonical","B2_sweep",3,50,11,"GATT","g=4_t=7",4,7,3,"doubleml",3.42182642831487,0.805517235024309,1.84304164628768,2.09686818221619,4.74678467441354,5.00061121034205,1.07850141794009e-05,,,,,,,,,3.41035525761837
"canonical","B2_sweep",3,50,11,"CATT","surface",,,,"doubleml",,,,,,,,1.09054979249248,0.948395180390922,96,0.27177710091746,0.927083333333333,3.16066374769214,0.75,2.65251321353168,
"canonical","B2_sweep",3,50,12,"GATT","g=4_t=4",4,4,0,"doubleml",3.58333478555133,0.590104980527701,2.42675026749633,2.61269824791042,4.55397132319224,4.73991930360632,6.30187223782336e-10,,,,,,,,,3.84158031969939
"canonical","B2_sweep",3,50,12,"GATT","g=4_t=5",4,5,1,"doubleml",3.77774883629013,0.549554547003854,2.70064170812627,2.87381184143266,4.68168583114761,4.85485596445399,3.11689633274519e-12,,,,,,,,,3.84158031969939
"canonical","B2_sweep",3,50,12,"GATT","g=4_t=6",4,6,2,"doubleml",4.22546503952345,0.520955488880342,3.20441103571558,3.36856931981667,5.08236075923024,5.24651904333132,2.51043834186034e-16,,,,,,,,,3.84158031969939
"canonical","B2_sweep",3,50,12,"GATT","g=4_t=7",4,7,3,"doubleml",2.45152799404993,0.948694782951945,0.592120372476308,0.891063585532295,4.01199240256757,4.31093561562356,0.00488158747199545,,,,,,,,,3.84158031969939
"canonical","B2_sweep",3,50,12,"CATT","surface",,,,"doubleml",,,,,,,,1.25232045449768,1.05505155579947,84,0.293350250128016,0.619047619047619,2.55707663580018,0.44047619047619,2.14596683036141,
"canonical","B2_sweep",3,50,13,"GATT","g=4_t=4",4,4,0,"doubleml",4.33212524772815,3.12479216071569,-1.79235489475682,-0.807701636993697,9.47195213245,10.4566053902131,0.0828166273958856,,,,,,,,,3.95951067028063
"canonical","B2_sweep",3,50,13,"GATT","g=4_t=5",4,5,1,"doubleml",4.25850863700653,0.766659165389805,2.75588427257247,2.99746624217845,5.51955103183461,5.76113300144059,1.39099540968964e-08,,,,,,,,,3.95951067028063
"canonical","B2_sweep",3,50,13,"GATT","g=4_t=6",4,6,2,"doubleml",4.80036385027345,0.713908817921259,3.40112826786523,3.6260880754804,5.97463962506651,6.19959943268167,8.83663957038205e-12,,,,,,,,,3.95951067028063
"canonical","B2_sweep",3,50,13,"GATT","g=4_t=7",4,7,3,"doubleml",4.65523111488276,1.04590902101278,2.60528708642246,2.93486347803379,6.37559875173172,6.70517514334306,4.27565962928623e-06,,,,,,,,,3.95951067028063
"canonical","B2_sweep",3,50,13,"CATT","surface",,,,"doubleml",,,,,,,,1.13157329322627,0.90802834403291,108,0.284720901703131,0.842592592592593,5.53814205889378,0.796296296296296,4.64775634559597,
"canonical","B2_sweep",3,50,14,"GATT","g=4_t=4",4,4,0,"doubleml",4.5742247033575,0.786099878496017,3.03349724110093,3.28120517381381,5.86724423290119,6.11495216561407,2.9620756614923e-09,,,,,,,,,3.91019247235592
"canonical","B2_sweep",3,50,14,"GATT","g=4_t=5",4,5,1,"doubleml",3.69764999695983,0.679851927749646,2.36516469323993,2.57939283419312,4.81590715972655,5.03013530067974,2.68045260722763e-08,,,,,,,,,3.91019247235592
"canonical","B2_sweep",3,50,14,"GATT","g=4_t=6",4,6,2,"doubleml",3.02319164413374,0.700535371844308,1.65016753459228,1.87091323561414,4.17547005265334,4.3962157536752,7.96049493465153e-06,,,,,,,,,3.91019247235592
"canonical","B2_sweep",3,50,14,"GATT","g=4_t=7",4,7,3,"doubleml",4.18952374255783,1.06548560501479,2.10121031421063,2.43695548320684,5.94209200190882,6.27783717090503,4.21153841636032e-05,,,,,,,,,3.91019247235592
"canonical","B2_sweep",3,50,14,"CATT","surface",,,,"doubleml",,,,,,,,1.00176466620707,0.805270396926858,96,0.22519645771994,0.854166666666667,3.16727515193257,0.791666666666667,2.6580616800905,
"canonical","B2_sweep",3,50,15,"GATT","g=4_t=4",4,4,0,"doubleml",3.69649572462258,1.07987327632922,1.57998297845525,1.92026184655935,5.47272960268581,5.81300847078991,0.000309575980798473,,,,,,,,,3.70571156183772
"canonical","B2_sweep",3,50,15,"GATT","g=4_t=5",4,5,1,"doubleml",2.83620011916691,1.41169205439393,0.069334513468764,0.514172796728836,5.15822744160498,5.60306572486506,0.0222644060300914,,,,,,,,,3.70571156183772
"canonical","B2_sweep",3,50,15,"GATT","g=4_t=6",4,6,2,"doubleml",4.10457095964409,0.725494952359716,2.68262697083733,2.9112376852754,5.29790423401278,5.52651494845085,7.67455859628268e-09,,,,,,,,,3.70571156183772
"canonical","B2_sweep",3,50,15,"GATT","g=4_t=7",4,7,3,"doubleml",4.73862033418975,1.18365919403727,2.41869092560768,2.79167377424077,6.68556689413873,7.05854974277182,3.12238604121696e-05,,,,,,,,,3.70571156183772
"canonical","B2_sweep",3,50,15,"CATT","surface",,,,"doubleml",,,,,,,,1.46924807094857,1.17927980036641,112,0.344891265756448,0.866071428571429,4.31262587462715,0.723214285714286,3.61927051740949,
"canonical","B2_sweep",3,50,16,"GATT","g=4_t=4",4,4,0,"doubleml",4.19284348572519,1.3044553013841,1.63615805540321,2.04720496542235,6.33848200602803,6.74952891604717,0.00065393217562926,,,,,,,,,4.08645848029583
"canonical","B2_sweep",3,50,16,"GATT","g=4_t=5",4,5,1,"doubleml",4.21283133482653,0.974050304236678,2.30372780433359,2.61066079570161,5.81500187395144,6.12193486531946,7.62432846260364e-06,,,,,,,,,4.08645848029583
"canonical","B2_sweep",3,50,16,"GATT","g=4_t=6",4,6,2,"doubleml",3.76011029827407,0.58793807364285,2.60777283970474,2.79303800609034,4.72718259045781,4.91244775684341,8.00538753244949e-11,,,,,,,,,4.08645848029583
"canonical","B2_sweep",3,50,16,"GATT","g=4_t=7",4,7,3,"doubleml",3.28827104815327,0.898997428240642,1.52626845270903,1.80955153232194,4.76699056398461,5.05027364359751,0.000127239830856054,,,,,,,,,4.08645848029583
"canonical","B2_sweep",3,50,16,"CATT","surface",,,,"doubleml",,,,,,,,1.11770789463434,0.949022864913033,88,0.248931546906048,0.863636363636364,3.69006450741425,0.75,3.09680043372141,
"canonical","B2_sweep",3,50,17,"GATT","g=4_t=4",4,4,0,"doubleml",2.42928481401629,2.21603409267739,-1.91406223040406,-1.21576772746048,6.07433735549306,6.77263185843664,0.136488893232195,,,,,,,,,4.03765272054821
"canonical","B2_sweep",3,50,17,"GATT","g=4_t=5",4,5,1,"doubleml",3.37000966479196,1.66000795079816,0.1164538415138,0.639538946889808,6.10048038269412,6.62356548807012,0.0211723452643781,,,,,,,,,4.03765272054821
"canonical","B2_sweep",3,50,17,"GATT","g=4_t=6",4,6,2,"doubleml",4.25775180161876,0.591098383976283,3.09922024856707,3.28548126034183,5.23002234289568,5.41628335467045,2.94253566008836e-13,,,,,,,,,4.03765272054821
"canonical","B2_sweep",3,50,17,"GATT","g=4_t=7",4,7,3,"doubleml",3.87006861910918,0.51369606929658,2.86324281634638,3.02511358474243,4.71502365347594,4.87689442187198,2.464774854292e-14,,,,,,,,,4.03765272054821
"canonical","B2_sweep",3,50,17,"CATT","surface",,,,"doubleml",,,,,,,,1.64378945921891,1.14769644910553,108,0.268101316830017,0.787037037037037,4.8811301117565,0.768518518518518,4.0963744175113,
"canonical","B2_sweep",3,50,18,"GATT","g=4_t=4",4,4,0,"doubleml",5.77819143528702,2.40636218447618,1.06180818275235,1.82007697070264,9.7363058998714,10.4945746878217,0.00817038047666899,,,,,,,,,3.99584099257708
"canonical","B2_sweep",3,50,18,"GATT","g=4_t=5",4,5,1,"doubleml",4.37625471242645,0.722552396727389,2.96007802672705,3.18776151245982,5.56474791239308,5.79243139812585,6.94881442496592e-10,,,,,,,,,3.99584099257708
"canonical","B2_sweep",3,50,18,"GATT","g=4_t=6",4,6,2,"doubleml",3.70455135832894,2.02080681082498,-0.256157241842824,0.380619192316235,7.02848352434165,7.66525995850071,0.033386111193484,,,,,,,,,3.99584099257708
"canonical","B2_sweep",3,50,18,"GATT","g=4_t=7",4,7,3,"doubleml",3.34203975134041,1.24936380462698,0.893331671368499,1.28701869984451,5.39706080283631,5.79074783131232,0.00373653767579326,,,,,,,,,3.99584099257708
"canonical","B2_sweep",3,50,18,"CATT","surface",,,,"doubleml",,,,,,,,1.57770868816876,1.18062858222443,116,0.321487566296874,0.913793103448276,6.27098830918887,0.896551724137931,5.26278044102981,
"canonical","B2_sweep",3,50,19,"GATT","g=4_t=4",4,4,0,"doubleml",3.77591034383597,0.543249994922451,2.71115991078778,2.88234341668779,4.66947727098414,4.84066077688415,1.81875216207132e-12,,,,,,,,,4.05026003437506
"canonical","B2_sweep",3,50,19,"GATT","g=4_t=5",4,5,1,"doubleml",4.7226922569207,0.761833088799795,3.2295268288643,3.46958805347601,5.9757964603654,6.21585768497711,2.83904519960547e-10,,,,,,,,,4.05026003437506
"canonical","B2_sweep",3,50,19,"GATT","g=4_t=6",4,6,2,"doubleml",4.29702392759365,1.22305404836217,1.89988202274954,2.28527858392894,6.30876927125835,6.69416583243775,0.000221242332301922,,,,,,,,,4.05026003437506
"canonical","B2_sweep",3,50,19,"GATT","g=4_t=7",4,7,3,"doubleml",4.13522531889477,0.521221650113241,3.11364964865222,3.2778918028194,4.99255883497014,5.15680098913732,1.06340804069242e-15,,,,,,,,,4.05026003437506
"canonical","B2_sweep",3,50,19,"CATT","surface",,,,"doubleml",,,,,,,,1.18456525553502,0.959728005681211,96,0.278161397008334,0.6875,2.98831671809562,0.645833333333333,2.50787499516647,
"canonical","B2_sweep",3,50,20,"GATT","g=4_t=4",4,4,0,"doubleml",3.36642048636933,0.580093002039516,2.22945908571995,2.41225219159262,4.32058878114603,4.5033818870187,3.25222650974165e-09,,,,,,,,,3.29683138906027
"canonical","B2_sweep",3,50,20,"GATT","g=4_t=5",4,5,1,"doubleml",2.78567159527858,0.46286620520822,1.87847049625386,2.02432426617702,3.54701892438014,3.69287269430331,8.81245538944788e-10,,,,,,,,,3.29683138906027
"canonical","B2_sweep",3,50,20,"GATT","g=4_t=6",4,6,2,"doubleml",3.97931578877209,0.646529683092624,2.71214088497914,2.91586885341846,5.04276272412573,5.24649069256505,3.75660186567696e-10,,,,,,,,,3.29683138906027
"canonical","B2_sweep",3,50,20,"GATT","g=4_t=7",4,7,3,"doubleml",3.4603191405069,0.991500798718496,1.5170132690474,1.82944508573159,5.09119319528222,5.4036250119664,0.000241527270306324,,,,,,,,,3.29683138906027
"canonical","B2_sweep",3,50,20,"CATT","surface",,,,"doubleml",,,,,,,,1.29019110168696,1.01463177487571,108,0.304407250270086,0.731481481481482,2.62732163746328,0.666666666666667,2.20491830700361,
"canonical","B2_sweep",3,50,21,"GATT","g=4_t=4",4,4,0,"doubleml",4.45061408433121,0.565479189627743,3.34229522991166,3.52048337735526,5.38074479130716,5.55893293875076,1.76588063395696e-15,,,,,,,,,3.75138453652453
"canonical","B2_sweep",3,50,21,"GATT","g=4_t=5",4,5,1,"doubleml",2.75552900203877,1.00072048360077,0.794152880118673,1.10948991170611,4.40156809237142,4.71690512395886,0.00294768218524094,,,,,,,,,3.75138453652453
"canonical","B2_sweep",3,50,21,"GATT","g=4_t=6",4,6,2,"doubleml",3.34895761810827,1.22297800127185,0.95196476282349,1.33733736080426,5.36057787541229,5.74595047339306,0.00308729471822371,,,,,,,,,3.75138453652453
"canonical","B2_sweep",3,50,21,"GATT","g=4_t=7",4,7,3,"doubleml",3.63379712756185,0.728802708375834,2.20537005604272,2.43502307747903,4.83257117764468,5.06222419908099,3.0823954747114e-07,,,,,,,,,3.75138453652453
"canonical","B2_sweep",3,50,21,"CATT","surface",,,,"doubleml",,,,,,,,1.18932495679252,0.984538010793819,116,0.26755095157688,0.801724137931034,3.44755745157178,0.724137931034483,2.89328205234772,
"canonical","B2_sweep",3,50,22,"GATT","g=4_t=4",4,4,0,"doubleml",3.12902018805629,0.769492845282341,1.62084191304533,1.86331680352225,4.39472357259032,4.63719846306724,2.38785366235653e-05,,,,,,,,,3.94821793724425
"canonical","B2_sweep",3,50,22,"GATT","g=4_t=5",4,5,1,"doubleml",3.77172585630383,0.531919990034612,2.72918182495563,2.89679513301544,4.64665657959222,4.81426988765203,6.6680705127425e-13,,,,,,,,,3.94821793724425
"canonical","B2_sweep",3,50,22,"GATT","g=4_t=6",4,6,2,"doubleml",4.80854940287859,2.64166183678544,-0.36901269739475,0.46340136399471,9.15369744176247,9.98611150315193,0.0343586142962147,,,,,,,,,3.94821793724425
"canonical","B2_sweep",3,50,22,"GATT","g=4_t=7",4,7,3,"doubleml",3.10120912951404,0.702761291895866,1.72382229680465,1.94526940749396,4.25714885153412,4.47859596222343,5.09996279900797e-06,,,,,,,,,3.94821793724425
"canonical","B2_sweep",3,50,22,"CATT","surface",,,,"doubleml",,,,,,,,1.30068565587972,1.08024046565858,108,0.287012788472659,0.759259259259259,4.55283561967094,0.666666666666667,3.8208609343632,
"canonical","B2_sweep",3,50,23,"GATT","g=4_t=4",4,4,0,"doubleml",4.19297494979712,1.10714514722694,2.02301031845761,2.37188282580029,6.01406707379395,6.36293958113663,7.61786583384172e-05,,,,,,,,,4.03740370228682
"canonical","B2_sweep",3,50,23,"GATT","g=4_t=5",4,5,1,"doubleml",4.69305802371475,0.922999597084146,2.88401204141532,3.17485844445251,6.211257602977,6.50210400601418,1.84227867610213e-07,,,,,,,,,4.03740370228682
"canonical","B2_sweep",3,50,23,"GATT","g=4_t=6",4,6,2,"doubleml",5.45335659451303,0.792429887801544,3.90022254189797,4.14992512384311,6.75678806518296,7.0064906471281,2.95471790773143e-12,,,,,,,,,4.03740370228682
"canonical","B2_sweep",3,50,23,"GATT","g=4_t=7",4,7,3,"doubleml",4.27030277368018,1.41453993669277,1.49785542120007,1.94359110065133,6.59701444670903,7.04275012616029,0.00126862472475792,,,,,,,,,4.03740370228682
"canonical","B2_sweep",3,50,23,"CATT","surface",,,,"doubleml",,,,,,,,1.38496545349953,1.09624484402333,112,0.319950954058905,0.821428571428571,4.15229600936706,0.75,3.48471742347892,
"canonical","B2_sweep",3,50,24,"GATT","g=4_t=4",4,4,0,"doubleml",4.17930808725629,0.683107334168834,2.84044230414941,3.05569625621935,5.30291991829323,5.51817387036317,4.73535563046272e-10,,,,,,,,,3.80353642071511
"canonical","B2_sweep",3,50,24,"GATT","g=4_t=5",4,5,1,"doubleml",4.48436547035272,0.881267685967009,2.75711253149407,3.03480879201914,5.93392214868629,6.21161840921136,1.80415771853047e-07,,,,,,,,,3.80353642071511
"canonical","B2_sweep",3,50,24,"GATT","g=4_t=6",4,6,2,"doubleml",4.54758822059035,1.61873503062955,1.37492583501754,1.88500543051922,7.21017101066149,7.72025060616316,0.00248210629668989,,,,,,,,,3.80353642071511
"canonical","B2_sweep",3,50,24,"GATT","g=4_t=7",4,7,3,"doubleml",4.30636065650693,1.09878384603826,2.1527838744904,2.49902165221552,6.11369966079834,6.45993743852345,4.44205097571848e-05,,,,,,,,,3.80353642071511
"canonical","B2_sweep",3,50,24,"CATT","surface",,,,"doubleml",,,,,,,,1.27302012980694,1.02379137986286,88,0.318172692192245,0.806818181818182,4.19617894477743,0.738636363636364,3.52154515186653,
"canonical","B2_sweep",3,50,25,"GATT","g=4_t=4",4,4,0,"doubleml",4.25761589626127,0.5157797126076,3.24670622762003,3.40923357285981,5.10599821966273,5.26852556490251,7.61308840286469e-17,,,,,,,,,3.81983226034732
"canonical","B2_sweep",3,50,25,"GATT","g=4_t=5",4,5,1,"doubleml",4.56637465992948,0.628911447898692,3.33373086286016,3.53190714920752,5.60084217065143,5.79901845699879,1.92461655882237e-13,,,,,,,,,3.81983226034732
"canonical","B2_sweep",3,50,25,"GATT","g=4_t=6",4,6,2,"doubleml",3.95159973023767,0.623622596330239,2.72932189184386,2.92583160817349,4.97736785230185,5.17387756863147,1.17503072706634e-10,,,,,,,,,3.81983226034732
"canonical","B2_sweep",3,50,25,"GATT","g=4_t=7",4,7,3,"doubleml",3.79461814067647,0.656232988435281,2.5084251077309,2.71521068471674,4.87402559663619,5.08081117362204,3.68156656294583e-09,,,,,,,,,3.81983226034732
"canonical","B2_sweep",3,50,25,"CATT","surface",,,,"doubleml",,,,,,,,1.34499507610647,1.01500424369853,120,0.299008255321194,0.6,2.37601216852496,0.55,1.99401270607366,
"canonical","B2_sweep",3,50,26,"GATT","g=4_t=4",4,4,0,"doubleml",4.22729989319413,0.723187723322073,2.80987799024091,3.03776167373693,5.41683811265134,5.64472179614736,2.52721619063551e-09,,,,,,,,,3.713489057066
"canonical","B2_sweep",3,50,26,"GATT","g=4_t=5",4,5,1,"doubleml",4.13977053219283,0.599877922680374,2.96403139934452,3.15305893156033,5.12648213282534,5.31550966504115,2.58149312279625e-12,,,,,,,,,3.713489057066
"canonical","B2_sweep",3,50,26,"GATT","g=4_t=6",4,6,2,"doubleml",4.03255967322933,0.70171545065144,2.65722265170873,2.87834020736351,5.18677913909515,5.40789669474993,4.54965836163627e-09,,,,,,,,,3.713489057066
"canonical","B2_sweep",3,50,26,"GATT","g=4_t=7",4,7,3,"doubleml",3.14813358969607,0.848578462954259,1.48495035113039,1.7523459105919,4.54392126880023,4.81131682826175,0.000103674255864555,,,,,,,,,3.713489057066
"canonical","B2_sweep",3,50,26,"CATT","surface",,,,"doubleml",,,,,,,,1.47427724199712,1.14818655627908,100,0.329651149608819,0.58,2.81584064794391,0.53,2.36312848252985,
"canonical","B2_sweep",3,50,27,"GATT","g=4_t=4",4,4,0,"doubleml",3.99365812916506,0.865088665856111,2.29811548727906,2.57071357677698,5.41660268155315,5.68920077105107,1.95158757224117e-06,,,,,,,,,3.7023524904977
"canonical","B2_sweep",3,50,27,"GATT","g=4_t=5",4,5,1,"doubleml",2.48758708413373,1.03598611463288,0.457091594953412,0.783541179535378,4.19163298873208,4.51808257331404,0.00817119205625693,,,,,,,,,3.7023524904977
"canonical","B2_sweep",3,50,27,"GATT","g=4_t=6",4,6,2,"doubleml",3.60828942001583,0.820567515904928,2.00000662927274,2.25857565920955,4.95800318082212,5.21657221075892,5.480047660411e-06,,,,,,,,,3.7023524904977
"canonical","B2_sweep",3,50,27,"GATT","g=4_t=7",4,7,3,"doubleml",4.9406793456145,1.38071260639366,2.23453234273676,2.66960869213747,7.21174999909153,7.64682634849223,0.000172882048637432,,,,,,,,,3.7023524904977
"canonical","B2_sweep",3,50,27,"CATT","surface",,,,"doubleml",,,,,,,,1.61737978430022,1.25826793561507,100,0.359729653491052,0.89,4.02023396234357,0.69,3.37388743563488,
"canonical","B2_sweep",3,50,28,"GATT","g=4_t=4",4,4,0,"doubleml",3.16005481176912,1.18663178970303,0.834299222695608,1.20821876594893,5.1118908575893,5.48581040084263,0.00387184359942216,,,,,,,,,3.68227286915111
"canonical","B2_sweep",3,50,28,"GATT","g=4_t=5",4,5,1,"doubleml",3.95389103451223,0.591561928203292,2.79445095146319,2.98085803065933,4.92692403836513,5.11333111756127,1.16399599949912e-11,,,,,,,,,3.68227286915111
"canonical","B2_sweep",3,50,28,"GATT","g=4_t=6",4,6,2,"doubleml",5.19859104099758,1.58089006658245,2.10010342253838,2.59825769141917,7.79892439057599,8.29707865945678,0.000503801750927144,,,,,,,,,3.68227286915111
"canonical","B2_sweep",3,50,28,"GATT","g=4_t=7",4,7,3,"doubleml",4.34879862542369,0.700604882479738,2.97563827753917,3.19640588205736,5.50119136879002,5.72195897330821,2.69674902654593e-10,,,,,,,,,3.68227286915111
"canonical","B2_sweep",3,50,28,"CATT","surface",,,,"doubleml",,,,,,,,1.22860121040904,0.987194195917274,96,0.312092843400996,0.854166666666667,3.97842181923313,0.760416666666667,3.33879757130891,
"canonical","B2_sweep",3,50,29,"GATT","g=4_t=4",4,4,0,"doubleml",3.42358365756914,0.686177159958589,2.07870112642806,2.29492241130261,4.55224490383566,4.76846618871021,3.02901077602131e-07,,,,,,,,,3.71210853028217
"canonical","B2_sweep",3,50,29,"GATT","g=4_t=5",4,5,1,"doubleml",3.39409421443977,0.594637619768461,2.22862588664789,2.41600214701313,4.3721862818664,4.55956254223164,5.72106804450823e-09,,,,,,,,,3.71210853028217
"canonical","B2_sweep",3,50,29,"GATT","g=4_t=6",4,6,2,"doubleml",2.08491060234377,0.963358057609313,0.196763490319592,0.500327247852863,3.66949395683468,3.97305771436795,0.015224059935408,,,,,,,,,3.71210853028217
"canonical","B2_sweep",3,50,29,"GATT","g=4_t=7",4,7,3,"doubleml",3.39182668550588,0.654295197437077,2.10943165315632,2.31560661282072,4.46804675819105,4.67422171785545,1.08623744835969e-07,,,,,,,,,3.71210853028217
"canonical","B2_sweep",3,50,29,"CATT","surface",,,,"doubleml",,,,,,,,1.34507045823519,1.16736964118244,76,0.30775008331601,0.697368421052632,2.84044650165335,0.565789473684211,2.38377837043462,
"canonical","B2_sweep",3,50,30,"GATT","g=4_t=4",4,4,0,"doubleml",4.15207872721706,1.11365499973364,1.96935501931911,2.32027884628518,5.98387860814894,6.33480243511501,9.63745864145408e-05,,,,,,,,,3.65662087501986
"canonical","B2_sweep",3,50,30,"GATT","g=4_t=5",4,5,1,"doubleml",4.26873734366145,0.964004861172216,2.37932251993891,2.68309009174288,5.85438459558001,6.15815216738399,4.75271469157176e-06,,,,,,,,,3.65662087501986
"canonical","B2_sweep",3,50,30,"GATT","g=4_t=6",4,6,2,"doubleml",4.46574313195989,0.707864535795148,3.07835412492469,3.3014093187991,5.63007694512069,5.85313213899509,1.40645514226981e-10,,,,,,,,,3.65662087501986
"canonical","B2_sweep",3,50,30,"GATT","g=4_t=7",4,7,3,"doubleml",4.53652105057876,0.556671353842413,3.44546523721637,3.62087794752565,5.45216415363187,5.62757686394115,1.82911932761883e-16,,,,,,,,,3.65662087501986
"canonical","B2_sweep",3,50,30,"CATT","surface",,,,"doubleml",,,,,,,,1.11204007979177,0.840421522440955,88,0.295951784618051,0.829545454545455,3.27529167600904,0.727272727272727,2.74871202453217,
"canonical","B2_sweep",3,50,31,"GATT","g=4_t=4",4,4,0,"doubleml",4.08588727851715,0.859830873154571,2.40064972104563,2.67159102748536,5.50018352954894,5.77112483598868,1.00724008427921e-06,,,,,,,,,3.88127916981275
"canonical","B2_sweep",3,50,31,"GATT","g=4_t=5",4,5,1,"doubleml",3.53232622457521,0.622537468794344,2.31217519708718,2.50834297887896,4.55630947027147,4.75247725206325,6.97187511545059e-09,,,,,,,,,3.88127916981275
"canonical","B2_sweep",3,50,31,"GATT","g=4_t=6",4,6,2,"doubleml",3.74312159882011,0.770575991011292,2.23282039717366,2.47563659770123,5.010606599939,5.25342280046657,5.94195972471914e-07,,,,,,,,,3.88127916981275
"canonical","B2_sweep",3,50,31,"GATT","g=4_t=7",4,7,3,"doubleml",3.37607850573431,1.00790619899395,1.40061864032933,1.71821996269431,5.0339370487743,5.35153837113928,0.000404647624867576,,,,,,,,,3.88127916981275
"canonical","B2_sweep",3,50,31,"CATT","surface",,,,"doubleml",,,,,,,,1.18932959139564,0.93056794425158,112,0.251596200288379,0.892857142857143,3.1955748260055,0.776785714285714,2.68181152044346,
"canonical","B2_sweep",3,50,32,"GATT","g=4_t=4",4,4,0,"doubleml",2.57331727329656,0.884660298514448,0.839414935978986,1.11818024264387,4.02845430394924,4.30721961061413,0.00181398032631406,,,,,,,,,3.60987776756176
"canonical","B2_sweep",3,50,32,"GATT","g=4_t=5",4,5,1,"doubleml",3.74985353011191,0.74112966023109,2.29726607672674,2.53080344396216,4.96890361626166,5.20244098349708,2.10018061765716e-07,,,,,,,,,3.60987776756176
"canonical","B2_sweep",3,50,32,"GATT","g=4_t=6",4,6,2,"doubleml",2.71043979949398,0.762826804203548,1.21532672501998,1.45570107929256,3.9651785196954,4.20555287396798,0.000190322024375481,,,,,,,,,3.60987776756176
"canonical","B2_sweep",3,50,32,"GATT","g=4_t=7",4,7,3,"doubleml",3.69649941869902,0.771233762716331,2.18490900819047,2.42793247916001,4.96506635823803,5.20808982920757,8.21655645879928e-07,,,,,,,,,3.60987776756176
"canonical","B2_sweep",3,50,32,"CATT","surface",,,,"doubleml",,,,,,,,1.12339922159953,0.906291239799041,76,0.245323754483784,0.842105263157895,3.09659663784265,0.763157894736842,2.59874638827143,
"canonical","B2_sweep",3,50,33,"GATT","g=4_t=4",4,4,0,"doubleml",4.11229051483164,0.537550147212336,3.05871157810076,3.22809900498884,4.99648202467444,5.16586945156252,1.00443308739701e-14,,,,,,,,,3.47872690334067
"canonical","B2_sweep",3,50,33,"GATT","g=4_t=5",4,5,1,"doubleml",3.86648822930776,0.533420775983851,2.82100271152735,2.98908893224762,4.7438875263679,4.91197374708817,2.10741982948751e-13,,,,,,,,,3.47872690334067
"canonical","B2_sweep",3,50,33,"GATT","g=4_t=6",4,6,2,"doubleml",3.52464414966905,0.838672608428867,1.88087602936237,2.14515015500439,4.9041381443337,5.16841226997573,1.31906446384319e-05,,,,,,,,,3.47872690334067
"canonical","B2_sweep",3,50,33,"GATT","g=4_t=7",4,7,3,"doubleml",4.02644921710989,0.750856943568369,2.55479663856586,2.79139917005369,5.2614992641661,5.49810179565393,4.10453841535423e-08,,,,,,,,,3.47872690334067
"canonical","B2_sweep",3,50,33,"CATT","surface",,,,"doubleml",,,,,,,,1.04821865899269,0.863179076153513,104,0.284728531844748,0.644230769230769,2.607242576681,0.615384615384615,2.1880674243119,
"canonical","B2_sweep",3,50,34,"GATT","g=4_t=4",4,4,0,"doubleml",4.22197635128354,0.680088639996778,2.88902710008089,3.10332983143028,5.3406228711368,5.55492560248618,2.68350708990704e-10,,,,,,,,,3.84909043704042
"canonical","B2_sweep",3,50,34,"GATT","g=4_t=5",4,5,1,"doubleml",3.85780554631106,0.516056003590353,2.8463543572901,3.00896876458145,4.70664232804067,4.86925673533202,3.84390600056199e-14,,,,,,,,,3.84909043704042
"canonical","B2_sweep",3,50,34,"GATT","g=4_t=6",4,6,2,"doubleml",4.0797694641363,0.719694284378189,2.66919457574929,2.8959774416997,5.2635614865729,5.49034435252332,7.19200831595398e-09,,,,,,,,,3.84909043704042
"canonical","B2_sweep",3,50,34,"GATT","g=4_t=7",4,7,3,"doubleml",4.63395530201985,0.958272949571859,2.75577481868519,3.05773620782478,6.21017439621492,6.51213578535451,6.63268369280135e-07,,,,,,,,,3.84909043704042
"canonical","B2_sweep",3,50,34,"CATT","surface",,,,"doubleml",,,,,,,,0.987477492673811,0.80264752400857,72,0.234037546612828,0.833333333333333,2.81657790597264,0.708333333333333,2.36374720910727,
"canonical","B2_sweep",3,50,35,"GATT","g=4_t=4",4,4,0,"doubleml",4.2470864416319,0.662367753513238,2.94886948998508,3.15758819279464,5.33658469046917,5.54530339327872,7.18225119490137e-11,,,,,,,,,3.67792324209025
"canonical","B2_sweep",3,50,35,"GATT","g=4_t=5",4,5,1,"doubleml",4.20377362205361,1.10721404596975,2.03367395165854,2.38256816968407,6.02497907442314,6.37387329244867,7.33137807244043e-05,,,,,,,,,3.67792324209025
"canonical","B2_sweep",3,50,35,"GATT","g=4_t=6",4,6,2,"doubleml",5.40997039672124,0.824265649832317,3.79443939661329,4.05417374553196,6.76576704791053,7.02550139682919,2.63004172971364e-11,,,,,,,,,3.67792324209025
"canonical","B2_sweep",3,50,35,"GATT","g=4_t=7",4,7,3,"doubleml",4.37896014318979,1.64998972301647,1.14503968570754,1.66496794732726,7.09295233905232,7.61288060067204,0.00397799563358006,,,,,,,,,3.67792324209025
"canonical","B2_sweep",3,50,35,"CATT","surface",,,,"doubleml",,,,,,,,1.46997538079207,1.21360184448029,104,0.396456937086094,0.778846153846154,4.15888403981604,0.682692307692308,3.49024627412931,
"canonical","B2_sweep",3,50,36,"GATT","g=4_t=4",4,4,0,"doubleml",2.0439768647081,1.120142117839,-0.151461361140095,0.201506621612151,3.88644710780404,4.23941509055629,0.0340195482217445,,,,,,,,,3.38144832570194
"canonical","B2_sweep",3,50,36,"GATT","g=4_t=5",4,5,1,"doubleml",0.818363736630853,1.42210391279397,-1.96890873670447,-1.52078957274396,3.15751704600567,3.60563620996618,0.282490160825665,,,,,,,,,3.38144832570194
"canonical","B2_sweep",3,50,36,"GATT","g=4_t=6",4,6,2,"doubleml",2.20088948794432,0.759768258887864,0.71177105218143,0.951181628239585,3.45059734764906,3.69000792370722,0.00188500699945853,,,,,,,,,3.38144832570194
"canonical","B2_sweep",3,50,36,"GATT","g=4_t=7",4,7,3,"doubleml",2.41070298648313,0.838409152832893,0.767451229660158,1.03164233780933,3.78976363515692,4.05395474330609,0.00201802713390352,,,,,,,,,3.38144832570194
"canonical","B2_sweep",3,50,36,"CATT","surface",,,,"doubleml",,,,,,,,1.90126210993985,1.51296505676034,76,0.406986959408908,0.723684210526316,4.05754044588469,0.618421052631579,3.40519603042465,
"canonical","B2_sweep",3,50,37,"GATT","g=4_t=4",4,4,0,"doubleml",4.00438822430023,0.518013340874591,2.9891007246663,3.1523319085093,4.85644454009116,5.01967572393416,5.365510012357e-15,,,,,,,,,3.69560577656581
"canonical","B2_sweep",3,50,37,"GATT","g=4_t=5",4,5,1,"doubleml",4.17432726464782,0.98155857374566,2.25050779621498,2.55980671838798,5.78884781090766,6.09814673308066,1.05578694349983e-05,,,,,,,,,3.69560577656581
"canonical","B2_sweep",3,50,37,"GATT","g=4_t=6",4,6,2,"doubleml",4.05874567277457,0.760566626669155,2.56806246490159,2.8077246146313,5.30976673091783,5.54942888064755,4.73851625297554e-08,,,,,,,,,3.69560577656581
"canonical","B2_sweep",3,50,37,"GATT","g=4_t=7",4,7,3,"doubleml",3.22520981366426,0.796915599859185,1.66328392690186,1.91440000157349,4.53601962575504,4.78713570042667,2.59262826916083e-05,,,,,,,,,3.69560577656581
"canonical","B2_sweep",3,50,37,"CATT","surface",,,,"doubleml",,,,,,,,1.12580844091749,0.890473215595113,104,0.270805911162786,0.778846153846154,2.99585803135108,0.663461538461538,2.51420386614241,
"canonical","B2_sweep",3,50,38,"GATT","g=4_t=4",4,4,0,"doubleml",3.68196814138222,0.578511170687841,2.5481070732362,2.73040172823164,4.6335345545328,4.81582920952825,9.79261854394375e-11,,,,,,,,,3.49843861136005
"canonical","B2_sweep",3,50,38,"GATT","g=4_t=5",4,5,1,"doubleml",2.85552082355236,0.974761121804107,0.945024116216696,1.25218109330839,4.45886055379633,4.76601753088802,0.00169777377092562,,,,,,,,,3.49843861136005
"canonical","B2_sweep",3,50,38,"GATT","g=4_t=6",4,6,2,"doubleml",2.97741673907733,0.856100370509619,1.29949083249181,1.5692566202431,4.38557685791156,4.65534264566284,0.000252695439288718,,,,,,,,,3.49843861136005
"canonical","B2_sweep",3,50,38,"GATT","g=4_t=7",4,7,3,"doubleml",2.69518746349514,0.617916221479434,1.48409391437942,1.67880549492981,3.71156943206047,3.90628101261086,6.45172386415317e-06,,,,,,,,,3.49843861136005
"canonical","B2_sweep",3,50,38,"CATT","surface",,,,"doubleml",,,,,,,,1.17060170640047,0.889917500384496,100,0.232844417814318,0.75,2.96668861559146,0.7,2.48972411539706,
"canonical","B2_sweep",3,50,39,"GATT","g=4_t=4",4,4,0,"doubleml",3.41999853567469,0.647131737409812,2.15164362709401,2.35556130886921,4.48443576248017,4.68835344425538,6.2901577746635e-08,,,,,,,,,3.77338547478859
"canonical","B2_sweep",3,50,39,"GATT","g=4_t=5",4,5,1,"doubleml",3.96052950123571,0.555334097754283,2.87209466166483,3.04708598920818,4.87397301326323,5.04896434080658,4.9533813270844e-13,,,,,,,,,3.77338547478859
"canonical","B2_sweep",3,50,39,"GATT","g=4_t=6",4,6,2,"doubleml",3.10602320631955,0.812843021260933,1.51288014699688,1.76901511142642,4.44303130121268,4.69916626564221,6.64061042950549e-05,,,,,,,,,3.77338547478859
"canonical","B2_sweep",3,50,39,"GATT","g=4_t=7",4,7,3,"doubleml",3.6413490929013,0.673704411392745,2.32091269993033,2.5332036970043,4.7494944887983,4.96178548587227,3.24104362873174e-08,,,,,,,,,3.77338547478859
"canonical","B2_sweep",3,50,39,"CATT","surface",,,,"doubleml",,,,,,,,1.05267594717459,0.880226622969083,108,0.243239269870816,0.805555555555556,2.6351846002226,0.703703703703704,2.21151711481157,
"canonical","B2_sweep",3,50,40,"GATT","g=4_t=4",4,4,0,"doubleml",4.41802287848685,1.17795540125165,2.10927269842807,2.48045822491648,6.35558753205723,6.72677305854563,8.8210938213029e-05,,,,,,,,,3.49855330699123
"canonical","B2_sweep",3,50,40,"GATT","g=4_t=5",4,5,1,"doubleml",3.43011196571902,0.713342311581566,2.03198671534237,2.25676801114484,4.60345592029321,4.82823721609568,7.60306036013434e-07,,,,,,,,,3.49855330699123
"canonical","B2_sweep",3,50,40,"GATT","g=4_t=6",4,6,2,"doubleml",2.90581051245054,0.9030444272373,1.13587594466481,1.42043427413155,4.39118675076952,4.67574508023626,0.000645903866067051,,,,,,,,,3.49855330699123
"canonical","B2_sweep",3,50,40,"GATT","g=4_t=7",4,7,3,"doubleml",3.4167417348237,0.710745715713593,2.02370571887082,2.24766880134934,4.58581466829807,4.80977775077658,7.65052392232385e-07,,,,,,,,,3.49855330699123
"canonical","B2_sweep",3,50,40,"CATT","surface",,,,"doubleml",,,,,,,,1.0117174734584,0.846754012094889,112,0.257827855049332,0.919642857142857,3.43492300708702,0.848214285714286,2.88267888996895,
"canonical","B2_sweep",3,50,41,"GATT","g=4_t=4",4,4,0,"doubleml",3.61814034135468,0.538915342226583,2.5618856715429,2.73170328503192,4.50457739767745,4.67439501116647,9.48456571573659e-12,,,,,,,,,4.25181861686747
"canonical","B2_sweep",3,50,41,"GATT","g=4_t=5",4,5,1,"doubleml",5.72038889261868,0.788301693534292,4.17534595215244,4.42374769880203,7.01703008643533,7.26543183308492,1.98472839535838e-13,,,,,,,,,4.25181861686747
"canonical","B2_sweep",3,50,41,"GATT","g=4_t=6",4,6,2,"doubleml",4.31971363241383,0.63777520127838,3.06969719781545,3.27066654149028,5.36876072333738,5.56973006701221,6.30269613082623e-12,,,,,,,,,4.25181861686747
"canonical","B2_sweep",3,50,41,"GATT","g=4_t=7",4,7,3,"doubleml",6.15066594358781,2.43410694946734,1.37990395048201,2.14691539132866,10.154416495847,10.9214279366936,0.00575424425795254,,,,,,,,,4.25181861686747
"canonical","B2_sweep",3,50,41,"CATT","surface",,,,"doubleml",,,,,,,,1.40866080585133,1.15551627881972,72,0.295546171354258,0.805555555555556,4.3110380189911,0.722222222222222,3.61793794666106,
"canonical","B2_sweep",3,50,42,"GATT","g=4_t=4",4,4,0,"doubleml",3.26658048538129,0.594384518222416,2.10160822750801,2.28890473304508,4.24425623771751,4.43155274325457,1.94541939727334e-08,,,,,,,,,3.36528533384569
"canonical","B2_sweep",3,50,42,"GATT","g=4_t=5",4,5,1,"doubleml",2.39047051309014,0.81710186729488,0.788980268859395,1.04645723826268,3.73448378791759,3.99196075732088,0.00171925212190754,,,,,,,,,3.36528533384569
"canonical","B2_sweep",3,50,42,"GATT","g=4_t=6",4,6,2,"doubleml",2.23540673342395,0.727456757678515,0.809617676817337,1.03884657572941,3.43196689111849,3.66119579003057,0.00105992382364425,,,,,,,,,3.36528533384569
"canonical","B2_sweep",3,50,42,"GATT","g=4_t=7",4,7,3,"doubleml",3.11443082060413,0.626649038709697,1.88622126409852,2.08368464268633,4.14517699852193,4.34264037710974,3.34805568118568e-07,,,,,,,,,3.36528533384569
"canonical","B2_sweep",3,50,42,"CATT","surface",,,,"doubleml",,,,,,,,1.13208691630391,0.914518008594532,84,0.248823905270621,0.738095238095238,2.71023055760812,0.69047619047619,2.274497681388,
"canonical","B2_sweep",3,50,43,"GATT","g=4_t=4",4,4,0,"doubleml",3.90132209604473,3.47896878483619,-2.91733147935794,-1.82107362556821,9.62371781765768,10.7199756714474,0.131058420565059,,,,,,,,,3.88226578939951
"canonical","B2_sweep",3,50,43,"GATT","g=4_t=5",4,5,1,"doubleml",1.32746971402227,2.75763382994415,-4.0773933178504,-3.20843532169669,5.86337474974122,6.73233274589493,0.315123231851236,,,,,,,,,3.88226578939951
"canonical","B2_sweep",3,50,43,"GATT","g=4_t=6",4,6,2,"doubleml",3.77547358703066,0.679533386903521,2.44361261190168,2.65774037744885,4.89320679661246,5.10733456215963,1.38029613014698e-08,,,,,,,,,3.88226578939951
"canonical","B2_sweep",3,50,43,"GATT","g=4_t=7",4,7,3,"doubleml",3.67719791284916,1.41913217634442,0.895749935972453,1.34293267606034,6.01146314963798,6.45864588972587,0.004782656442137,,,,,,,,,3.88226578939951
"canonical","B2_sweep",3,50,43,"CATT","surface",,,,"doubleml",,,,,,,,1.78123712267097,1.36928796443625,96,0.344442796300106,0.927083333333333,8.16841277964051,0.895833333333333,6.85514960185126,
"canonical","B2_sweep",3,50,44,"GATT","g=4_t=4",4,4,0,"doubleml",3.74239891548025,0.55755172437582,2.64961760756572,2.82530773143379,4.65949009952672,4.83518022339478,9.5855564660305e-12,,,,,,,,,4.03864676661248
"canonical","B2_sweep",3,50,44,"GATT","g=4_t=5",4,5,1,"doubleml",6.16318583760897,1.3937058016221,3.43157263983851,3.87074327498765,8.45562840023028,8.89479903537942,4.88602072576895e-06,,,,,,,,,4.03864676661248
"canonical","B2_sweep",3,50,44,"GATT","g=4_t=6",4,6,2,"doubleml",3.87196153895602,0.597647886073508,2.70059319757585,2.88891802295647,4.85500505495558,5.0433298803362,4.62682875736519e-11,,,,,,,,,4.03864676661248
"canonical","B2_sweep",3,50,44,"GATT","g=4_t=7",4,7,3,"doubleml",4.44979126674843,0.774838751746643,2.93113520752007,3.17529464658296,5.7242878869139,5.96844732597679,4.65450635611949e-09,,,,,,,,,4.03864676661248
"canonical","B2_sweep",3,50,44,"CATT","surface",,,,"doubleml",,,,,,,,1.61501664011238,1.28453176399522,84,0.363998712501869,0.654761904761905,3.25720945314676,0.547619047619048,2.7335369414164,
"canonical","B2_sweep",3,50,45,"GATT","g=4_t=4",4,4,0,"doubleml",2.70385025249453,1.070811652826,0.605097962175074,0.942521422097074,4.46517908289198,4.80260254281398,0.00578413313560023,,,,,,,,,4.06092653221547
"canonical","B2_sweep",3,50,45,"GATT","g=4_t=5",4,5,1,"doubleml",0.0437230799273552,3.17932579807082,-6.18764102856272,-5.18580367633262,5.27324983618733,6.27508718841743,0.4945137942711,,,,,,,,,4.06092653221547
"canonical","B2_sweep",3,50,45,"GATT","g=4_t=6",4,6,2,"doubleml",3.46747196534324,1.44978294016056,0.625949594814386,1.08279069708838,5.8521532335981,6.30899433587209,0.00838486065860279,,,,,,,,,4.06092653221547
"canonical","B2_sweep",3,50,45,"GATT","g=4_t=7",4,7,3,"doubleml",-1.39736548284193,2.96128779544687,-7.20138295555716,-6.26825155833389,3.47352059265004,4.4066519898733,0.318507066110078,,,,,,,,,4.06092653221547
"canonical","B2_sweep",3,50,45,"CATT","surface",,,,"doubleml",,,,,,,,3.58220207561934,2.95343975281552,84,0.722600595555965,0.845238095238095,8.4878281210268,0.726190476190476,7.12321146520213,
"canonical","B2_sweep",3,50,46,"GATT","g=4_t=4",4,4,0,"doubleml",2.63908924368802,0.821533567358535,1.02891302687371,1.28778646928406,3.99039201809197,4.24926546050232,0.000658169291192517,,,,,,,,,3.74742476017967
"canonical","B2_sweep",3,50,46,"GATT","g=4_t=5",4,5,1,"doubleml",3.62098984817531,0.656456441925688,2.33435885443287,2.54121484384807,4.70076485250254,4.90762084191775,1.7343701284106e-08,,,,,,,,,3.74742476017967
"canonical","B2_sweep",3,50,46,"GATT","g=4_t=6",4,6,2,"doubleml",2.05494865957508,1.13077329695055,-0.16132629460931,0.194991678992778,3.91490564015738,4.27122361375946,0.0345859775211438,,,,,,,,,3.74742476017967
"canonical","B2_sweep",3,50,46,"GATT","g=4_t=7",4,7,3,"doubleml",2.84679835512788,1.07527996381634,0.739288336126549,1.07811980552472,4.61547690473105,4.95430837412921,0.0040545276396917,,,,,,,,,3.74742476017967
"canonical","B2_sweep",3,50,46,"CATT","surface",,,,"doubleml",,,,,,,,1.58283851136848,1.23409129148968,104,0.296420919037655,0.769230769230769,3.61029609187123,0.576923076923077,3.02985665445833,
"canonical","B2_sweep",3,50,47,"GATT","g=4_t=4",4,4,0,"doubleml",2.30000443752806,0.792691899152515,0.746356852097498,0.996141996439447,3.60386687861667,3.85365202295862,0.00185683741468946,,,,,,,,,3.73484869842394
"canonical","B2_sweep",3,50,47,"GATT","g=4_t=5",4,5,1,"doubleml",4.33031834511566,1.56746158254826,1.25815007193803,1.75207289121481,6.9085637990165,7.40248661829328,0.00286687522176581,,,,,,,,,3.73484869842394
"canonical","B2_sweep",3,50,47,"GATT","g=4_t=6",4,6,2,"doubleml",3.2318228441268,0.730726844076421,1.7996245359034,2.02988387174032,4.43376181651328,4.6640211523502,4.87260270937655e-06,,,,,,,,,3.73484869842394
"canonical","B2_sweep",3,50,47,"GATT","g=4_t=7",4,7,3,"doubleml",4.29567913060295,1.12502968058404,2.09066145772673,2.44516956037557,6.14618870083034,6.50069680347918,6.71924811931374e-05,,,,,,,,,3.73484869842394
"canonical","B2_sweep",3,50,47,"CATT","surface",,,,"doubleml",,,,,,,,1.27357669485581,1.03831818659976,108,0.294814383407805,0.796296296296296,4.1315159198539,0.759259259259259,3.46727821880166,
"canonical","B2_sweep",3,50,48,"GATT","g=4_t=4",4,4,0,"doubleml",3.40313265991504,0.388440440781271,2.64180337983962,2.76420484713421,4.04206047269588,4.16446193999047,9.67497343174964e-19,,,,,,,,,3.77667407254848
"canonical","B2_sweep",3,50,48,"GATT","g=4_t=5",4,5,1,"doubleml",3.70217394351344,0.382821126505029,2.95185831712413,3.07248908229713,4.33185880472974,4.45248956990274,2.00679185454208e-22,,,,,,,,,3.77667407254848
"canonical","B2_sweep",3,50,48,"GATT","g=4_t=6",4,6,2,"doubleml",4.75720270799642,1.19814928860858,2.408873235698,2.78642205803145,6.72798335796139,7.10553218029484,3.58671398773092e-05,,,,,,,,,3.77667407254848
"canonical","B2_sweep",3,50,48,"GATT","g=4_t=7",4,7,3,"doubleml",3.36183032698865,0.745533423754918,1.90061165563227,2.13553669279168,4.58812396118563,4.82304899834504,3.2521667416985e-06,,,,,,,,,3.77667407254848
"canonical","B2_sweep",3,50,48,"CATT","surface",,,,"doubleml",,,,,,,,1.1006090345038,0.929442793446376,96,0.268103027647074,0.708333333333333,2.66059652505977,0.572916666666667,2.23284347907954,
"canonical","B2_sweep",3,50,49,"GATT","g=4_t=4",4,4,0,"doubleml",3.75237310964565,0.598124021592524,2.58007155978908,2.7685464202331,4.7361997990582,4.92467465950222,1.76430724474582e-10,,,,,,,,,3.72760221847843
"canonical","B2_sweep",3,50,49,"GATT","g=4_t=5",4,5,1,"doubleml",4.69980395418124,0.550293408780316,3.62124868353454,3.79465163957531,5.60495626878718,5.77835922482795,6.67968772738048e-18,,,,,,,,,3.72760221847843
"canonical","B2_sweep",3,50,49,"GATT","g=4_t=6",4,6,2,"doubleml",4.81441731104656,0.975793979722081,2.90189623937455,3.20937868032477,6.41945594176834,6.72693838271857,4.03129908615735e-07,,,,,,,,,3.72760221847843
"canonical","B2_sweep",3,50,49,"GATT","g=4_t=7",4,7,3,"doubleml",4.83096501670439,0.944810408959232,2.97917062831902,3.27688983628616,6.38504019712262,6.68275940508976,1.58408440952594e-07,,,,,,,,,3.72760221847843
"canonical","B2_sweep",3,50,49,"CATT","surface",,,,"doubleml",,,,,,,,1.2828708561566,1.04093579441514,100,0.345234621896509,0.67,3.00758614028033,0.59,2.52404640757925,
"canonical","B2_sweep",3,50,50,"GATT","g=4_t=4",4,4,0,"doubleml",4.28150033157776,0.783223560057111,2.74641034991399,2.99321192592358,5.56978873723194,5.81659031324154,2.29489771105774e-08,,,,,,,,,3.60450305267241
"canonical","B2_sweep",3,50,50,"GATT","g=4_t=5",4,5,1,"doubleml",4.07319948087792,0.869637433650921,2.36874141786973,2.64277286958747,5.50362609216837,5.77765754388612,1.40808980396487e-06,,,,,,,,,3.60450305267241
"canonical","B2_sweep",3,50,50,"GATT","g=4_t=6",4,6,2,"doubleml",3.12490866066789,0.873327071423578,1.41321904045225,1.68841313392853,4.56140418740725,4.83659828088353,0.000173007271738744,,,,,,,,,3.60450305267241
"canonical","B2_sweep",3,50,50,"GATT","g=4_t=7",4,7,3,"doubleml",2.21525566188734,0.939969176090967,0.37294991563938,0.669143602717404,3.76136772105727,4.05756140813529,0.00921826762518505,,,,,,,,,3.60450305267241
"canonical","B2_sweep",3,50,50,"CATT","surface",,,,"doubleml",,,,,,,,1.36946163527562,1.07398273792182,120,0.303231002925521,0.841666666666667,3.39677170556778,0.633333333333333,2.85066130142696,
"canonical","B2_sweep",3,50,51,"GATT","g=4_t=4",4,4,0,"doubleml",5.42967296134629,1.33843545058992,2.80638766186627,3.22814205670166,7.63120386599092,8.05295826082631,2.48821408012198e-05,,,,,,,,,3.82906109655853
"canonical","B2_sweep",3,50,51,"GATT","g=4_t=5",4,5,1,"doubleml",4.80371542705324,1.67293745089879,1.52481824903985,2.05197756919257,7.55545328491392,8.08261260506664,0.00204312478050807,,,,,,,,,3.82906109655853
"canonical","B2_sweep",3,50,51,"GATT","g=4_t=6",4,6,2,"doubleml",3.48399656587838,0.895085105294709,1.72966198256454,2.01171225009396,4.95628088166281,5.23833114919222,4.96361840451825e-05,,,,,,,,,3.82906109655853
"canonical","B2_sweep",3,50,51,"GATT","g=4_t=7",4,7,3,"doubleml",4.37471328984377,0.708103308368264,2.98685629716108,3.209986730661,5.53943984902654,5.76257028252647,3.24445420385638e-10,,,,,,,,,3.82906109655853
"canonical","B2_sweep",3,50,51,"CATT","surface",,,,"doubleml",,,,,,,,1.46622006923001,1.217944390987,88,0.372111400328495,0.840909090909091,4.52218702674498,0.761363636363636,3.79513981873625,
"canonical","B2_sweep",3,50,52,"GATT","g=4_t=4",4,4,0,"doubleml",3.48993313108275,3.01513371172988,-2.41962039909418,-1.46952161519098,8.44938787735649,9.39948666125969,0.123539767081519,,,,,,,,,3.28064698466871
"canonical","B2_sweep",3,50,52,"GATT","g=4_t=5",4,5,1,"doubleml",3.17560580158888,0.636087564169145,1.92889707496967,2.12933462731501,4.22187697586276,4.4223145282081,2.98162502686137e-07,,,,,,,,,3.28064698466871
"canonical","B2_sweep",3,50,52,"GATT","g=4_t=6",4,6,2,"doubleml",2.74433477998173,0.774998209941593,1.22536618843176,1.46957587436646,4.01909368559699,4.26330337153169,0.000199242353329021,,,,,,,,,3.28064698466871
"canonical","B2_sweep",3,50,52,"GATT","g=4_t=7",4,7,3,"doubleml",3.62606696349765,0.613611787452952,2.42340995011421,2.61676516045851,4.63536876653679,4.82872397688109,1.71695908058198e-09,,,,,,,,,3.28064698466871
"canonical","B2_sweep",3,50,52,"CATT","surface",,,,"doubleml",,,,,,,,0.776040919583804,0.679131025724744,108,0.213508142514216,0.990740740740741,4.93894393086478,0.87962962962963,4.14489331460101,
"canonical","B2_sweep",3,50,53,"GATT","g=4_t=4",4,4,0,"doubleml",3.93554628491885,0.660994569590108,2.64002072432674,2.84830672315028,5.02278584668742,5.23107184551095,1.30852016293322e-09,,,,,,,,,4.06838041937196
"canonical","B2_sweep",3,50,53,"GATT","g=4_t=5",4,5,1,"doubleml",3.84573122943576,0.647463719221102,2.5767256484563,2.78074794102006,4.91071451785147,5.11473681041523,1.42784200807917e-09,,,,,,,,,4.06838041937196
"canonical","B2_sweep",3,50,53,"GATT","g=4_t=6",4,6,2,"doubleml",3.98494102128849,0.640313317637606,2.72994996999821,2.931719099519,5.03816294305797,5.23993207257876,2.43210846462293e-10,,,,,,,,,4.06838041937196
"canonical","B2_sweep",3,50,53,"GATT","g=4_t=7",4,7,3,"doubleml",3.66809924530976,0.815408680619416,2.06992758600821,2.3268710153582,5.00932747526133,5.26627090461132,3.42205950276221e-06,,,,,,,,,4.06838041937196
"canonical","B2_sweep",3,50,53,"CATT","surface",,,,"doubleml",,,,,,,,1.28717628662478,1.02174628379572,108,0.268590195548401,0.648148148148148,2.7088469260817,0.611111111111111,2.27333650095266,
"canonical","B2_sweep",3,50,54,"GATT","g=4_t=4",4,4,0,"doubleml",3.88272039665989,0.497143008990845,2.90833799618616,3.06499272974926,4.70044806357052,4.85710279713362,2.85787109762659e-15,,,,,,,,,3.63677303037617
"canonical","B2_sweep",3,50,54,"GATT","g=4_t=5",4,5,1,"doubleml",3.9969449373505,0.675049100898334,2.6738730013574,2.88658772354147,5.10730215115953,5.3200168733436,1.60024897564717e-09,,,,,,,,,3.63677303037617
"canonical","B2_sweep",3,50,54,"GATT","g=4_t=6",4,6,2,"doubleml",5.83047313287091,2.23087515747225,1.45803813573098,2.16100920660206,9.49993705913977,10.2029081300108,0.00448052861830833,,,,,,,,,3.63677303037617
"canonical","B2_sweep",3,50,54,"GATT","g=4_t=7",4,7,3,"doubleml",3.42125129809344,0.731581280339736,1.98737832555365,2.2179069028015,4.62459569338537,4.85512427063323,1.45895178950545e-06,,,,,,,,,3.63677303037617
"canonical","B2_sweep",3,50,54,"CATT","surface",,,,"doubleml",,,,,,,,1.52137339740825,1.2249729510937,88,0.392224001894366,0.761363636363636,4.05188115307328,0.715909090909091,3.40044660114022,
"canonical","B2_sweep",3,50,55,"GATT","g=4_t=4",4,4,0,"doubleml",3.93156608268605,1.02736014507582,1.91797718330266,2.2417086386175,5.6214235267546,5.94515498206944,6.48934642226751e-05,,,,,,,,,3.72868085588179
"canonical","B2_sweep",3,50,55,"GATT","g=4_t=5",4,5,1,"doubleml",4.35816870230322,1.94631680801358,0.543457826001684,1.15676171537484,7.55957568923159,8.17287957860475,0.0125718521497228,,,,,,,,,3.72868085588179
"canonical","B2_sweep",3,50,55,"GATT","g=4_t=6",4,6,2,"doubleml",4.83533839916661,1.55116282807123,1.7951150980088,2.28390201676232,7.38677478157089,7.87556170032441,0.000912781256382987,,,,,,,,,3.72868085588179
"canonical","B2_sweep",3,50,55,"GATT","g=4_t=7",4,7,3,"doubleml",3.20919523611107,1.47834125027694,0.31169960585327,0.777539717228038,5.64085075499411,6.10669086636887,0.0149728387715633,,,,,,,,,3.72868085588179
"canonical","B2_sweep",3,50,55,"CATT","surface",,,,"doubleml",,,,,,,,1.21852929249775,1.00631119401039,120,0.313176776818429,0.991666666666667,5.88300935355027,0.983333333333333,4.93717816614212,
"canonical","B2_sweep",3,50,56,"GATT","g=4_t=4",4,4,0,"doubleml",4.47825162009666,0.965622360867083,2.58566655520217,2.88994381733499,6.06655942285832,6.37083668499115,1.761672367809e-06,,,,,,,,,3.84983234261896
"canonical","B2_sweep",3,50,56,"GATT","g=4_t=5",4,5,1,"doubleml",3.71894985800295,0.543696495394644,2.65332430010329,2.82464850276709,4.61325121323882,4.78457541590262,3.95631376193317e-12,,,,,,,,,3.84983234261896
"canonical","B2_sweep",3,50,56,"GATT","g=4_t=6",4,6,2,"doubleml",2.05499562450528,1.05026489065885,-0.00348575165000931,0.327463218045502,3.78252803096506,4.11347700066057,0.0251946058765861,,,,,,,,,3.84983234261896
"canonical","B2_sweep",3,50,56,"GATT","g=4_t=7",4,7,3,"doubleml",3.88629358630831,0.68613763556359,2.54148852155856,2.757697351901,5.01488982071563,5.23109865105807,7.39359078786257e-09,,,,,,,,,3.84983234261896
"canonical","B2_sweep",3,50,56,"CATT","surface",,,,"doubleml",,,,,,,,1.28050726427576,1.0353202514302,100,0.285151578091485,0.77,3.1807485318496,0.61,2.66936889943231,
"canonical","B2_sweep",3,50,57,"GATT","g=4_t=4",4,4,0,"doubleml",2.21040149511493,1.90853793590912,-1.53026415190126,-0.928864762916934,5.34966775314679,5.95106714213111,0.123398390903272,,,,,,,,,3.53893493405433
"canonical","B2_sweep",3,50,57,"GATT","g=4_t=5",4,5,1,"doubleml",1.53478606690115,1.38993230522659,-1.18943121377997,-0.751449645080025,3.82102177888232,4.25900334758227,0.134749635379529,,,,,,,,,3.53893493405433
"canonical","B2_sweep",3,50,57,"GATT","g=4_t=6",4,6,2,"doubleml",2.82137103462805,0.765620141146725,1.32078312030555,1.5620376829823,4.08070438627381,4.32195894895055,0.000114315662840346,,,,,,,,,3.53893493405433
"canonical","B2_sweep",3,50,57,"GATT","g=4_t=7",4,7,3,"doubleml",3.06603981885321,1.35365266736125,0.412929322321192,0.839478814333394,5.29260082337303,5.71915031538524,0.0117559651438552,,,,,,,,,3.53893493405433
"canonical","B2_sweep",3,50,57,"CATT","surface",,,,"doubleml",,,,,,,,1.65832666327808,1.29652832060831,124,0.32778690788105,0.911290322580645,5.30929066927591,0.741935483870968,4.4556981630893,
"canonical","B2_sweep",3,50,58,"GATT","g=4_t=4",4,4,0,"doubleml",3.00490234615541,2.04798339862559,-1.00907138774839,-0.36373133900748,6.3735360313183,7.01887608005921,0.071154115925466,,,,,,,,,3.69988733678788
"canonical","B2_sweep",3,50,58,"GATT","g=4_t=5",4,5,1,"doubleml",2.88849997520088,0.535872845980098,1.83820848850234,2.00706738099913,3.76993256940263,3.93879146189942,3.5175714422084e-08,,,,,,,,,3.69988733678788
"canonical","B2_sweep",3,50,58,"GATT","g=4_t=6",4,6,2,"doubleml",1.72914951983714,3.99257432619761,-6.09615242683444,-4.83805233090631,8.29635137058059,9.55445146650872,0.332474192858114,,,,,,,,,3.69988733678788
"canonical","B2_sweep",3,50,58,"GATT","g=4_t=7",4,7,3,"doubleml",2.93052863802987,0.838661066142846,1.28678314018828,1.55105362874055,4.3100036473192,4.57427413587147,0.000237658309362403,,,,,,,,,3.69988733678788
"canonical","B2_sweep",3,50,58,"CATT","surface",,,,"doubleml",,,,,,,,1.48936693122719,1.21059984795257,112,0.301030513625178,0.839285714285714,7.26665633255775,0.803571428571429,6.09837156969871,
"canonical","B2_sweep",3,50,59,"GATT","g=4_t=4",4,4,0,"doubleml",2.91411538609505,0.425084484018895,2.08096510045944,2.21491347221864,3.61331729997147,3.74726567173066,3.55617679545252e-12,,,,,,,,,3.54986814308068
"canonical","B2_sweep",3,50,59,"GATT","g=4_t=5",4,5,1,"doubleml",2.94628934372792,0.489366998596232,1.98714764369125,2.14135207861891,3.75122660883692,3.90543104376458,8.68788420322673e-10,,,,,,,,,3.54986814308068
"canonical","B2_sweep",3,50,59,"GATT","g=4_t=6",4,6,2,"doubleml",3.08738103960859,0.725764744035759,1.66490826882929,1.89360399732239,4.28115808189478,4.50985381038789,1.05006989310469e-05,,,,,,,,,3.54986814308068
"canonical","B2_sweep",3,50,59,"GATT","g=4_t=7",4,7,3,"doubleml",3.75129018383496,0.668448989588116,2.44115422840588,2.65178918951499,4.85079117815493,5.06142613926404,1.0004011219111e-08,,,,,,,,,3.54986814308068
"canonical","B2_sweep",3,50,59,"CATT","surface",,,,"doubleml",,,,,,,,1.19770661103284,0.979832280300313,108,0.263138441885837,0.657407407407407,2.26245035594033,0.574074074074074,1.89870860779579,
"canonical","B2_sweep",3,50,60,"GATT","g=4_t=4",4,4,0,"doubleml",3.36873237659405,1.0112807385889,1.3866585350664,1.70532320860315,5.03214154458495,5.3508062181217,0.000432432941827442,,,,,,,,,3.58597494822835
"canonical","B2_sweep",3,50,60,"GATT","g=4_t=5",4,5,1,"doubleml",3.78743749530186,0.899609806362103,2.02423466078517,2.30771070686793,5.26716428373579,5.55064032981856,1.27634963195651e-05,,,,,,,,,3.58597494822835
"canonical","B2_sweep",3,50,60,"GATT","g=4_t=6",4,6,2,"doubleml",4.46967210351232,0.743082700949756,3.01325676062803,3.24740955052431,5.69193465650033,5.92608744639661,8.99211928050091e-10,,,,,,,,,3.58597494822835
"canonical","B2_sweep",3,50,60,"GATT","g=4_t=7",4,7,3,"doubleml",4.37161252784822,0.847062963427822,2.71139961379637,2.97831762420211,5.76490743149432,6.03182544190006,1.22878628711476e-07,,,,,,,,,3.58597494822835
"canonical","B2_sweep",3,50,60,"CATT","surface",,,,"doubleml",,,,,,,,0.993562999954013,0.801221910387,104,0.264651839802484,0.846153846153846,3.43095246649024,0.817307692307692,2.87934670652947,
"canonical","B2_sweep",3,50,61,"GATT","g=4_t=4",4,4,0,"doubleml",4.87831903069458,0.582417510221545,3.73680167769072,3.92032725933663,5.83631080205253,6.01983638369844,2.7382462300355e-17,,,,,,,,,4.01372375766361
"canonical","B2_sweep",3,50,61,"GATT","g=4_t=5",4,5,1,"doubleml",4.9803907276948,0.649817032383347,3.70677273763661,3.91153658271092,6.04924487267868,6.254008717753,8.99066856556086e-15,,,,,,,,,4.01372375766361
"canonical","B2_sweep",3,50,61,"GATT","g=4_t=6",4,6,2,"doubleml",3.96870914851444,0.558152005307557,2.87475131158382,3.05063058997628,4.88678770705259,5.06266698544506,5.78346858314874e-13,,,,,,,,,4.01372375766361
"canonical","B2_sweep",3,50,61,"GATT","g=4_t=7",4,7,3,"doubleml",3.80158038903767,0.705968865244354,2.41790682803789,2.64036467716504,4.96279610091031,5.18525395003746,3.62400002798257e-08,,,,,,,,,4.01372375766361
"canonical","B2_sweep",3,50,61,"CATT","surface",,,,"doubleml",,,,,,,,1.20821359349475,0.971766305727054,104,0.292357693480499,0.730769230769231,2.44638337049623,0.615384615384615,2.05307009337631,
"canonical","B2_sweep",3,50,62,"GATT","g=4_t=4",4,4,0,"doubleml",2.71725217202217,0.702020455045233,1.3413173528699,1.5625310184592,3.87197332558515,4.09318699117445,5.42801621481547e-05,,,,,,,,,3.60563290710407
"canonical","B2_sweep",3,50,62,"GATT","g=4_t=5",4,5,1,"doubleml",2.25036674801826,0.905641297445529,0.475342408111734,0.760719037349795,3.74001445868673,4.02539108792479,0.00648062384623907,,,,,,,,,3.60563290710407
"canonical","B2_sweep",3,50,62,"GATT","g=4_t=6",4,6,2,"doubleml",3.44819809899236,0.596957694900205,2.27818250746498,2.46628984670498,4.43010635127974,4.61821369051975,3.81838665683413e-09,,,,,,,,,3.60563290710407
"canonical","B2_sweep",3,50,62,"GATT","g=4_t=7",4,7,3,"doubleml",1.96663151901888,0.889192561039248,0.223846110314151,0.504039578223228,3.42922345981453,3.70941692772361,0.01349353184244,,,,,,,,,3.60563290710407
"canonical","B2_sweep",3,50,62,"CATT","surface",,,,"doubleml",,,,,,,,1.47354721431937,1.20162589860912,92,0.307117212710357,0.695652173913043,3.03188007964546,0.543478260869565,2.54443452865724,
"canonical","B2_sweep",3,50,63,"GATT","g=4_t=4",4,4,0,"doubleml",2.86881812057808,1.2387633751489,0.440886500767746,0.831233227910916,4.90640301324525,5.29674974038842,0.0102826137194379,,,,,,,,,3.19724278648383
"canonical","B2_sweep",3,50,63,"GATT","g=4_t=5",4,5,1,"doubleml",3.10197083811954,0.907820470960541,1.32267539657384,1.60873870517821,4.59520297106087,4.88126627966525,0.000316642642515436,,,,,,,,,3.19724278648383
"canonical","B2_sweep",3,50,63,"GATT","g=4_t=6",4,6,2,"doubleml",2.96343948371233,1.05788044184195,0.890031901398009,1.22338060742683,4.70349835999784,5.03684706602666,0.00254486639193765,,,,,,,,,3.19724278648383
"canonical","B2_sweep",3,50,63,"GATT","g=4_t=7",4,7,3,"doubleml",3.89761882598177,0.96490744293166,2.00643497450366,2.31048695884586,5.48475069311768,5.78880267745988,2.67974047844751e-05,,,,,,,,,3.19724278648383
"canonical","B2_sweep",3,50,63,"CATT","surface",,,,"doubleml",,,,,,,,0.890285219359338,0.72667014913485,96,0.226202664790364,0.989583333333333,4.08590924757424,0.958333333333333,3.42900388451496,
"canonical","B2_sweep",3,50,64,"GATT","g=4_t=4",4,4,0,"doubleml",3.91067741047271,0.694022088370493,2.55041910206172,2.76911240232815,5.05224241861727,5.27093571888369,8.76295275146755e-09,,,,,,,,,3.77149899109735
"canonical","B2_sweep",3,50,64,"GATT","g=4_t=5",4,5,1,"doubleml",3.074377260981,1.65017341728496,-0.159903230654508,0.360082914866158,5.78867160709584,6.30865775261651,0.0312266920155821,,,,,,,,,3.77149899109735
"canonical","B2_sweep",3,50,64,"GATT","g=4_t=6",4,6,2,"doubleml",2.39681739117583,3.40113782571756,-4.26929030626887,-3.19755776600701,7.99119254835866,9.06292508862052,0.240495221233509,,,,,,,,,3.77149899109735
"canonical","B2_sweep",3,50,64,"GATT","g=4_t=7",4,7,3,"doubleml",3.59113101376456,1.03238657677885,1.56769048919477,1.89300582340356,5.28925620412556,5.61457153833435,0.00025213763085779,,,,,,,,,3.77149899109735
"canonical","B2_sweep",3,50,64,"CATT","surface",,,,"doubleml",,,,,,,,1.35390899324394,1.06455605157093,100,0.272793168746722,0.91,6.64204351103049,0.86,5.57417985090162,
"canonical","B2_sweep",3,50,65,"GATT","g=4_t=4",4,4,0,"doubleml",3.03698997740066,1.02179633885367,1.03430593791567,1.35628418225185,4.71769577254947,5.03967401688565,0.00147833753011107,,,,,,,,,3.30562393319308
"canonical","B2_sweep",3,50,65,"GATT","g=4_t=5",4,5,1,"doubleml",4.92090645010756,0.982065701473376,2.996093029585,3.30555175277627,6.53626114743885,6.84571987063013,2.71061815823264e-07,,,,,,,,,3.30562393319308
"canonical","B2_sweep",3,50,65,"GATT","g=4_t=6",4,6,2,"doubleml",2.88340219401194,0.741586342381769,1.429919660052,1.66360093239992,4.10320345562397,4.33688472797188,5.05046850335146e-05,,,,,,,,,3.30562393319308
"canonical","B2_sweep",3,50,65,"GATT","g=4_t=7",4,7,3,"doubleml",3.54635709865572,0.906926371581851,1.76881405970467,2.05459562865382,5.03811856865761,5.32390013760677,4.609016808274e-05,,,,,,,,,3.30562393319308
"canonical","B2_sweep",3,50,65,"CATT","surface",,,,"doubleml",,,,,,,,1.28275530783187,1.0215504453783,92,0.32237630964379,0.771739130434783,3.57926151645927,0.739130434782609,3.00381161204701,
"canonical","B2_sweep",3,50,66,"GATT","g=4_t=4",4,4,0,"doubleml",3.60018468374143,0.622306118912434,2.38048709369334,2.57658197482384,4.62378739265902,4.81988227378952,3.62063645428928e-09,,,,,,,,,3.82709076210282
"canonical","B2_sweep",3,50,66,"GATT","g=4_t=5",4,5,1,"doubleml",3.04574166910729,0.911511396959156,1.25921214547763,1.54643850177343,4.54504483644114,4.83227119273694,0.000416756387028452,,,,,,,,,3.82709076210282
"canonical","B2_sweep",3,50,66,"GATT","g=4_t=6",4,6,2,"doubleml",3.5397307417907,0.871343414868838,1.83192901701071,2.10649804047003,4.97296344311137,5.24753246657069,2.42871396333424e-05,,,,,,,,,3.82709076210282
"canonical","B2_sweep",3,50,66,"GATT","g=4_t=7",4,7,3,"doubleml",2.13504975764097,0.959490650630631,0.254482624068359,0.556827722988578,3.71327179229337,4.01561689121359,0.0130342164788735,,,,,,,,,3.82709076210282
"canonical","B2_sweep",3,50,66,"CATT","surface",,,,"doubleml",,,,,,,,1.55792811741413,1.20035648078279,84,0.289246268499877,0.738095238095238,3.29729798601517,0.654761904761905,2.76718030611226,
"canonical","B2_sweep",3,50,67,"GATT","g=4_t=4",4,4,0,"doubleml",3.43405989313118,0.67036908010642,2.12016062940948,2.33140063024181,4.53671915602054,4.74795915685288,1.50643109375922e-07,,,,,,,,,3.31803817020388
"canonical","B2_sweep",3,50,67,"GATT","g=4_t=5",4,5,1,"doubleml",3.91618100085424,0.521909523149194,2.89325712422465,3.05771603406419,4.77464596764428,4.93910487748383,3.10530502610049e-14,,,,,,,,,3.31803817020388
"canonical","B2_sweep",3,50,67,"GATT","g=4_t=6",4,6,2,"doubleml",4.45388047222501,0.551570067700191,3.37282299605507,3.54662824008808,5.36113270436194,5.53493794839495,3.37623052143353e-16,,,,,,,,,3.31803817020388
"canonical","B2_sweep",3,50,67,"GATT","g=4_t=7",4,7,3,"doubleml",5.59624295007507,1.67409878232455,2.31506960427512,2.84259487157341,8.34989102857674,8.87741629587503,0.000414629762531347,,,,,,,,,3.31803817020388
"canonical","B2_sweep",3,50,67,"CATT","surface",,,,"doubleml",,,,,,,,1.52449518271981,1.26411035379844,120,0.431721830061972,0.716666666666667,3.34952698116059,0.575,2.811012270159,
"canonical","B2_sweep",3,50,68,"GATT","g=4_t=4",4,4,0,"doubleml",2.37685318472202,0.625496774670309,1.1509020242521,1.34800231291846,3.40570405652557,3.60280434519193,7.23641758394254e-05,,,,,,,,,3.59560615474826
"canonical","B2_sweep",3,50,68,"GATT","g=4_t=5",4,5,1,"doubleml",2.92269138324934,1.23473162444111,0.50266184968324,0.891738131860879,4.9536446346378,5.34272091681544,0.00896486487528808,,,,,,,,,3.59560615474826
"canonical","B2_sweep",3,50,68,"GATT","g=4_t=6",4,6,2,"doubleml",3.20692580092088,0.87692424305682,1.48818585380227,1.7645134520319,4.64933814980987,4.9256657480395,0.000127584335224371,,,,,,,,,3.59560615474826
"canonical","B2_sweep",3,50,68,"GATT","g=4_t=7",4,7,3,"doubleml",3.581095115368,0.911984335952882,1.79363864833645,2.08101403243856,5.08117619829744,5.36855158239956,4.30584217409846e-05,,,,,,,,,3.59560615474826
"canonical","B2_sweep",3,50,68,"CATT","surface",,,,"doubleml",,,,,,,,1.2091736055174,0.969669404614425,116,0.252296525301851,0.818965517241379,3.5760885540931,0.793103448275862,3.00114877750522,
"canonical","B2_sweep",3,50,69,"GATT","g=4_t=4",4,4,0,"doubleml",4.9024277884235,0.578776797697754,3.76804610090062,3.95042445762316,5.85443111922385,6.03680947594638,1.22354270880195e-17,,,,,,,,,3.99965017932761
"canonical","B2_sweep",3,50,69,"GATT","g=4_t=5",4,5,1,"doubleml",4.47418999591935,0.469505004417227,3.55397708944174,3.70192281138366,5.24645718045504,5.39440290239696,7.89531339347591e-22,,,,,,,,,3.99965017932761
"canonical","B2_sweep",3,50,69,"GATT","g=4_t=6",4,6,2,"doubleml",4.69162056742769,0.740814521845297,3.23965077393369,3.47308883791236,5.91015229694301,6.14359036092168,1.20175385985281e-10,,,,,,,,,3.99965017932761
"canonical","B2_sweep",3,50,69,"GATT","g=4_t=7",4,7,3,"doubleml",4.63460927807548,0.589627798715518,3.47896001919381,3.66475763484706,5.60446092130389,5.79025853695714,1.91716544394309e-15,,,,,,,,,3.99965017932761
"canonical","B2_sweep",3,50,69,"CATT","surface",,,,"doubleml",,,,,,,,1.24911734447876,0.998560787587271,100,0.309222115550266,0.7,2.33110682318807,0.67,1.95632694403989,
"canonical","B2_sweep",3,50,70,"GATT","g=4_t=4",4,4,0,"doubleml",3.85578204413878,0.786255993686579,2.31474860172886,2.56250572789943,5.14905836037812,5.3968154865487,4.69575218995078e-07,,,,,,,,,3.70978449439638
"canonical","B2_sweep",3,50,70,"GATT","g=4_t=5",4,5,1,"doubleml",3.00093860958981,0.758885568549917,1.51355021511244,1.7526826466182,4.24919457256141,4.48832700406718,3.83631561656214e-05,,,,,,,,,3.70978449439638
"canonical","B2_sweep",3,50,70,"GATT","g=4_t=6",4,6,2,"doubleml",3.24146807787377,0.909066355882448,1.45973074673298,1.7461866461351,4.73674950961243,5.02320540901455,0.000181435405951676,,,,,,,,,3.70978449439638
"canonical","B2_sweep",3,50,70,"GATT","g=4_t=7",4,7,3,"doubleml",4.26695571328326,0.842461354753061,2.61576178657603,2.88122978407227,5.65268164249425,5.91814963999049,2.04341518189969e-07,,,,,,,,,3.70978449439638
"canonical","B2_sweep",3,50,70,"CATT","surface",,,,"doubleml",,,,,,,,1.05960590707171,0.837510787282616,88,0.230157045871768,0.886363636363636,3.23067654736765,0.795454545454545,2.7112698200803,
"canonical","B2_sweep",3,50,71,"GATT","g=4_t=4",4,4,0,"doubleml",4.19923959875915,0.675366218306437,2.8755461240624,3.08836077311294,5.31011842440537,5.52293307345591,2.52211618822105e-10,,,,,,,,,3.88295372867512
"canonical","B2_sweep",3,50,71,"GATT","g=4_t=5",4,5,1,"doubleml",4.49756635899098,0.613893712969349,3.29435678174473,3.4878008296385,5.50733188834347,5.70077593623724,1.18301450380501e-13,,,,,,,,,3.88295372867512
"canonical","B2_sweep",3,50,71,"GATT","g=4_t=6",4,6,2,"doubleml",,,,,,,,,,,,,,,,3.88295372867512
"canonical","B2_sweep",3,50,71,"GATT","g=4_t=7",4,7,3,"doubleml",0.0853692998780413,3.12874999135481,-6.0468680481777,-5.06096763840189,5.23170623815797,6.21760664793379,0.489116037457113,,,,,,,,,3.88295372867512
"canonical","B2_sweep",3,50,71,"CATT","surface",,,,"doubleml",,,,,,,,2.38889564915661,1.80676676853552,60,0.488416786225604,0.816666666666667,5.77276026666584,0.766666666666667,4.84465419551909,
"canonical","B2_sweep",3,50,72,"GATT","g=4_t=4",4,4,0,"doubleml",2.72248245517327,1.37908645253606,0.0195226553148746,0.454086587373514,4.99087832297303,5.42544225503167,0.0241840371802943,,,,,,,,,3.55361995356377
"canonical","B2_sweep",3,50,72,"GATT","g=4_t=5",4,5,1,"doubleml",3.78918164284845,0.587950881407485,2.63681908152151,2.82208828376182,4.75627500193507,4.94154420417539,5.79051704056744e-11,,,,,,,,,3.55361995356377
"canonical","B2_sweep",3,50,72,"GATT","g=4_t=6",4,6,2,"doubleml",4.2980377785823,0.665471879035865,2.99373685265965,3.20343369646265,5.39264186070196,5.60233870450495,5.28269438345073e-11,,,,,,,,,3.55361995356377
"canonical","B2_sweep",3,50,72,"GATT","g=4_t=7",4,7,3,"doubleml",4.04833722344945,0.840879669332141,2.40024334322655,2.6652129358298,5.4314615110691,5.69643110367235,7.38187061208229e-07,,,,,,,,,3.55361995356377
"canonical","B2_sweep",3,50,72,"CATT","surface",,,,"doubleml",,,,,,,,1.12286086304304,0.90001677256369,104,0.273530351532016,0.798076923076923,3.40385858366544,0.682692307692308,2.85660879831284,
"canonical","B2_sweep",3,50,73,"GATT","g=4_t=4",4,4,0,"doubleml",5.1800981811718,0.777700836808,3.65583253825824,3.90089384894481,6.45930251339878,6.70436382408535,1.36184286577849e-11,,,,,,,,,3.70943872886348
"canonical","B2_sweep",3,50,73,"GATT","g=4_t=5",4,5,1,"doubleml",4.30462985945418,0.757291170176409,2.82036642839055,3.05899644902483,5.55026326988353,5.78889329051781,6.56952375469606e-09,,,,,,,,,3.70943872886348
"canonical","B2_sweep",3,50,73,"GATT","g=4_t=6",4,6,2,"doubleml",6.80843229108921,2.41273213992887,2.07956415518565,2.83984017979864,10.7770244023798,11.5373004269928,0.00238717745097428,,,,,,,,,3.70943872886348
"canonical","B2_sweep",3,50,73,"GATT","g=4_t=7",4,7,3,"doubleml",4.99145935746154,1.4238799611547,2.20070589327692,2.64938470783638,7.3335340070867,7.78221282164616,0.000227846302624057,,,,,,,,,3.70943872886348
"canonical","B2_sweep",3,50,73,"CATT","surface",,,,"doubleml",,,,,,,,2.18107184672447,1.83378502698791,116,0.594575918564057,0.793103448275862,5.26407533703268,0.612068965517241,4.41775225178603,
"canonical","B2_sweep",3,50,74,"GATT","g=4_t=4",4,4,0,"doubleml",5.0223138205354,0.865351577205838,3.32625588186874,3.59893681736207,6.44569082370873,6.71837175920206,3.24173539240803e-09,,,,,,,,,3.89864867730809
"canonical","B2_sweep",3,50,74,"GATT","g=4_t=5",4,5,1,"doubleml",3.68581749057394,0.503868643042763,2.69825308948128,2.85702713759048,4.5146078435574,4.67338189166661,1.28655766880994e-13,,,,,,,,,3.89864867730809
"canonical","B2_sweep",3,50,74,"GATT","g=4_t=6",4,6,2,"doubleml",3.14582588732916,0.806581778284324,1.5649546388359,1.81911662299108,4.47253515166724,4.72669713582242,4.80577024932871e-05,,,,,,,,,3.89864867730809
"canonical","B2_sweep",3,50,74,"GATT","g=4_t=7",4,7,3,"doubleml",4.74217316811792,0.500285090294577,3.7616324014038,3.91927723620653,5.56506910002932,5.72271393483204,1.28437579864503e-21,,,,,,,,,3.89864867730809
"canonical","B2_sweep",3,50,74,"CATT","surface",,,,"doubleml",,,,,,,,1.37768157636803,1.1091418305975,116,0.306406125454606,0.698275862068966,2.62251717748335,0.681034482758621,2.20088627620314,
"canonical","B2_sweep",3,50,75,"GATT","g=4_t=4",4,4,0,"doubleml",3.45970708826271,0.709209124100768,2.06968273655368,2.29316162364907,4.62625255287636,4.84973143997175,5.35126690548713e-07,,,,,,,,,3.81561404112983
"canonical","B2_sweep",3,50,75,"GATT","g=4_t=5",4,5,1,"doubleml",4.26090833628166,0.77569711793227,2.74056991023065,2.98499982906229,5.53681684350102,5.78124676233266,1.97575527592861e-08,,,,,,,,,3.81561404112983
"canonical","B2_sweep",3,50,75,"GATT","g=4_t=6",4,6,2,"doubleml",3.90333825246246,1.00411290810902,1.93531310063348,2.25171911910771,5.55495738581722,5.87136340429145,5.06723001661606e-05,,,,,,,,,3.81561404112983
"canonical","B2_sweep",3,50,75,"GATT","g=4_t=7",4,7,3,"doubleml",-0.60713660464185,2.95468228237328,-6.39820750953131,-5.46715757553267,4.25288436624897,5.18393430024761,0.418597438924102,,,,,,,,,3.81561404112983
"canonical","B2_sweep",3,50,75,"CATT","surface",,,,"doubleml",,,,,,,,2.4085613378701,1.70711170909366,96,0.465898228994732,0.90625,5.33472941723925,0.770833333333333,4.47704703803929,
"canonical","B2_sweep",3,50,76,"GATT","g=4_t=4",4,4,0,"doubleml",4.65426861705589,0.72586287594178,3.23160351127353,3.46033016211155,5.84820707200023,6.07693372283824,7.17881474148521e-11,,,,,,,,,3.66308055759242
"canonical","B2_sweep",3,50,76,"GATT","g=4_t=5",4,5,1,"doubleml",4.05732447083994,0.911475352702721,2.2708655926553,2.55808059104546,5.55656835063442,5.84378334902457,4.26598166424171e-06,,,,,,,,,3.66308055759242
"canonical","B2_sweep",3,50,76,"GATT","g=4_t=6",4,6,2,"doubleml",2.50749403196867,1.04197722524279,0.465256181672917,0.793593625119172,4.22139443881817,4.54973188226442,0.00805361324546089,,,,,,,,,3.66308055759242
"canonical","B2_sweep",3,50,76,"GATT","g=4_t=7",4,7,3,"doubleml",3.43579495644874,0.722656242227504,2.01941473730755,2.24713094579586,4.62445896710162,4.85217517558993,9.95195959385216e-07,,,,,,,,,3.66308055759242
"canonical","B2_sweep",3,50,76,"CATT","surface",,,,"doubleml",,,,,,,,1.27004271859969,1.01326738837487,96,0.289394366856362,0.822916666666667,3.33387102670196,0.697916666666667,2.7978733761206,
"canonical","B2_sweep",3,50,77,"GATT","g=4_t=4",4,4,0,"doubleml",3.11553661237769,0.821005574661788,1.50639524224127,1.76510230887295,4.46597091588243,4.72467798251411,7.38868240327357e-05,,,,,,,,,3.17079028222142
"canonical","B2_sweep",3,50,77,"GATT","g=4_t=5",4,5,1,"doubleml",4.07788258228562,0.769189905443606,2.57029805845275,2.81267748955708,5.34308767501415,5.58546710611849,5.74184039784275e-08,,,,,,,,,3.17079028222142
"canonical","B2_sweep",3,50,77,"GATT","g=4_t=6",4,6,2,"doubleml",2.6511795906622,0.695164546478077,1.28868210548884,1.50773540572954,3.79462377559485,4.01367707583556,6.84386385365198e-05,,,,,,,,,3.17079028222142
"canonical","B2_sweep",3,50,77,"GATT","g=4_t=7",4,7,3,"doubleml",3.53371222153339,1.6145804233416,0.369192716679108,0.877963153878278,6.18946128918851,6.69823172638768,0.0143120278739498,,,,,,,,,3.17079028222142
"canonical","B2_sweep",3,50,77,"CATT","surface",,,,"doubleml",,,,,,,,0.925200087096941,0.765463133653594,80,0.249295210874383,0.9125,3.82187144199847,0.7875,3.20741632441052,
"canonical","B2_sweep",3,50,78,"GATT","g=4_t=4",4,4,0,"doubleml",3.53772521480126,0.895708411207252,1.78216897433785,2.06441565179337,5.01103477780916,5.29328145526467,3.91345119094754e-05,,,,,,,,,3.58577828063709
"canonical","B2_sweep",3,50,78,"GATT","g=4_t=5",4,5,1,"doubleml",3.96260103007016,0.665806712036957,2.65764384351936,2.86744619654932,5.057755863591,5.26755821662096,1.32784151925272e-09,,,,,,,,,3.58577828063709
"canonical","B2_sweep",3,50,78,"GATT","g=4_t=6",4,6,2,"doubleml",4.54086386816578,0.761113217678174,3.0491093615924,3.28894374761497,5.7927839887166,6.03261837473917,1.21509094556491e-09,,,,,,,,,3.58577828063709
"canonical","B2_sweep",3,50,78,"GATT","g=4_t=7",4,7,3,"doubleml",3.68431829685922,0.848355037450158,2.02157296423826,2.28889812008918,5.07973847362926,5.34706362948018,7.03081292514052e-06,,,,,,,,,3.58577828063709
"canonical","B2_sweep",3,50,78,"CATT","surface",,,,"doubleml",,,,,,,,1.12797811230476,0.961057991837048,96,0.310075814399266,0.770833333333333,3.10750663310428,0.75,2.60790234692479,
"canonical","B2_sweep",3,50,79,"GATT","g=4_t=4",4,4,0,"doubleml",3.38811338430875,0.502171391499701,2.40387553513943,2.5621147623149,4.2141120063026,4.37235123347807,7.55049484267524e-12,,,,,,,,,3.59277920727006
"canonical","B2_sweep",3,50,79,"GATT","g=4_t=5",4,5,1,"doubleml",3.43376500053597,0.837973440540657,1.79136722412014,2.05542103496891,4.81210896610303,5.0761627769518,2.08636469808523e-05,,,,,,,,,3.59277920727006
"canonical","B2_sweep",3,50,79,"GATT","g=4_t=6",4,6,2,"doubleml",4.25907925306394,2.26307054237821,-0.176457539457826,0.536658619150972,7.98149988697692,8.69461604558571,0.0299185930159429,,,,,,,,,3.59277920727006
"canonical","B2_sweep",3,50,79,"GATT","g=4_t=7",4,7,3,"doubleml",5.50284206915724,1.50149682094024,2.55996235399992,3.03309901724639,7.97258512106808,8.44572178431456,0.000123715570974335,,,,,,,,,3.59277920727006
"canonical","B2_sweep",3,50,79,"CATT","surface",,,,"doubleml",,,,,,,,1.3456229449607,1.09816194851737,128,0.340365197788357,0.9140625,5.00252606663212,0.8046875,4.19825313669236,
"canonical","B2_sweep",3,50,80,"GATT","g=4_t=4",4,4,0,"doubleml",4.2604432314203,1.11276983201467,2.0794544203855,2.43009932215164,6.09078714068896,6.4414320424551,6.44153404390936e-05,,,,,,,,,3.73141647865852
"canonical","B2_sweep",3,50,80,"GATT","g=4_t=5",4,5,1,"doubleml",2.62131638486244,1.11595186155458,0.434090910482485,0.785738501576948,4.45689426814793,4.80854185924239,0.00941318882030177,,,,,,,,,3.73141647865852
"canonical","B2_sweep",3,50,80,"GATT","g=4_t=6",4,6,2,"doubleml",2.32582617281417,2.10752154752185,-1.80484018955293,-1.14073907471332,5.79239142034167,6.45649253518128,0.134886908762382,,,,,,,,,3.73141647865852
"canonical","B2_sweep",3,50,80,"GATT","g=4_t=7",4,7,3,"doubleml",3.98343361689746,0.874177521398215,2.27007714534773,2.54553922411552,5.4213280096794,5.69679008844719,2.59720355161172e-06,,,,,,,,,3.73141647865852
"canonical","B2_sweep",3,50,80,"CATT","surface",,,,"doubleml",,,,,,,,1.30952524995876,1.02943859514888,100,0.279264352735016,0.97,5.10611855966579,0.9,4.28519071643179,
"canonical","B2_sweep",3,50,81,"GATT","g=4_t=4",4,4,0,"doubleml",2.83084055619407,0.637429439688965,1.58150180186353,1.78236219260392,3.87931891978422,4.08017931052461,4.47655394871844e-06,,,,,,,,,3.58168149640554
"canonical","B2_sweep",3,50,81,"GATT","g=4_t=5",4,5,1,"doubleml",3.27337341390169,0.571439644359726,2.15337228278383,2.33343862911802,4.21330819868537,4.39337454501956,5.07232777731974e-09,,,,,,,,,3.58168149640554
"canonical","B2_sweep",3,50,81,"GATT","g=4_t=6",4,6,2,"doubleml",3.65053686310586,0.628483664304736,2.41873150648049,2.61677299393956,4.68430073227216,4.88234221973123,3.15206597752195e-09,,,,,,,,,3.58168149640554
"canonical","B2_sweep",3,50,81,"GATT","g=4_t=7",4,7,3,"doubleml",3.38932583172613,0.773076505585195,1.87412371153335,2.1177278492083,4.66092381424396,4.90452795191891,5.82050735775139e-06,,,,,,,,,3.58168149640554
"canonical","B2_sweep",3,50,81,"CATT","surface",,,,"doubleml",,,,,,,,1.30388063209849,1.05200917997154,108,0.27980951679602,0.759259259259259,2.55817368113328,0.638888888888889,2.14688750002898,
"canonical","B2_sweep",3,50,82,"GATT","g=4_t=4",4,4,0,"doubleml",4.3000487682661,0.841251642056721,2.65122583489404,2.91631263982254,5.68378489670967,5.94887170163816,1.59814464287317e-07,,,,,,,,,3.73164857141025
"canonical","B2_sweep",3,50,82,"GATT","g=4_t=5",4,5,1,"doubleml",3.43003965795579,1.27977325633486,0.921730147376696,1.32499949818037,5.5350798177312,5.93834916853488,0.00367898327433044,,,,,,,,,3.73164857141025
"canonical","B2_sweep",3,50,82,"GATT","g=4_t=6",4,6,2,"doubleml",3.22011368848937,0.60243040897192,2.03937177439913,2.22920362057028,4.21102375640847,4.40085560257961,4.51575321896243e-08,,,,,,,,,3.73164857141025
"canonical","B2_sweep",3,50,82,"GATT","g=4_t=7",4,7,3,"doubleml",2.64972424817422,1.94330577489631,-1.15908511161465,-0.546730028887078,5.84617852523551,6.45853360796309,0.0863603186062086,,,,,,,,,3.73164857141025
"canonical","B2_sweep",3,50,82,"CATT","surface",,,,"doubleml",,,,,,,,1.20993628473743,0.974147612292575,112,0.258065242539564,0.866071428571429,4.57334185891513,0.839285714285714,3.83807031659969,
"canonical","B2_sweep",3,50,83,"GATT","g=4_t=4",4,4,0,"doubleml",3.37096938723347,0.535759654601915,2.32089975156129,2.4897229763229,4.25221579814405,4.42103902290566,1.56757970536985e-10,,,,,,,,,3.86905151044907
"canonical","B2_sweep",3,50,83,"GATT","g=4_t=5",4,5,1,"doubleml",4.78857200686429,0.989517113026135,2.84915408794913,3.1609608254348,6.41618318829378,6.72798992577944,6.51480090854913e-07,,,,,,,,,3.86905151044907
"canonical","B2_sweep",3,50,83,"GATT","g=4_t=6",4,6,2,"doubleml",4.17010718350296,0.628990500800573,2.93730844559187,3.13550964229914,5.20470472470679,5.40290592141405,1.6802401345443e-11,,,,,,,,,3.86905151044907
"canonical","B2_sweep",3,50,83,"GATT","g=4_t=7",4,7,3,"doubleml",2.30911590705238,1.20827909606282,-0.0590676231832843,0.32167320277707,4.29655861132769,4.67729943728804,0.0279972625335405,,,,,,,,,3.86905151044907
"canonical","B2_sweep",3,50,83,"CATT","surface",,,,"doubleml",,,,,,,,1.63170589527381,1.30819325729307,100,0.350275035816139,0.65,3.29523491136705,0.58,2.7654489189096,
"canonical","B2_sweep",3,50,84,"GATT","g=4_t=4",4,4,0,"doubleml",4.26836640586919,0.602042171661761,3.08838542293032,3.27809493164265,5.25863788009572,5.44834738880806,6.71466770117352e-13,,,,,,,,,3.83451248862697
"canonical","B2_sweep",3,50,84,"GATT","g=4_t=5",4,5,1,"doubleml",2.53299040786315,1.12721311365494,0.323693284771573,0.678889409015379,4.38709140671093,4.74228753095474,0.0123159733333129,,,,,,,,,3.83451248862697
"canonical","B2_sweep",3,50,84,"GATT","g=4_t=6",4,6,2,"doubleml",3.64826363594876,0.885899593734907,1.91193232461371,2.19108814559552,5.10543912630199,5.3845949472838,1.90966570864898e-05,,,,,,,,,3.83451248862697
"canonical","B2_sweep",3,50,84,"GATT","g=4_t=7",4,7,3,"doubleml",3.6783960209736,0.741194278317608,2.22568191846511,2.45923964750577,4.89755239444143,5.13111012348209,3.4742771921888e-07,,,,,,,,,3.83451248862697
"canonical","B2_sweep",3,50,84,"CATT","surface",,,,"doubleml",,,,,,,,1.4127814067341,1.05433614514036,104,0.27448645390914,0.817307692307692,3.28916175993699,0.759615384615385,2.76035216844769,
"canonical","B2_sweep",3,50,85,"GATT","g=4_t=4",4,4,0,"doubleml",3.34303642603877,0.995974889969727,1.39096149679414,1.7048031443725,4.98126970770503,5.29511135528339,0.00039461167529533,,,,,,,,,4.25419080068282
"canonical","B2_sweep",3,50,85,"GATT","g=4_t=5",4,5,1,"doubleml",4.10449511663487,0.754215956076836,2.62625899449869,2.86391998441806,5.34507024885168,5.58273123877105,2.63326643383798e-08,,,,,,,,,4.25419080068282
"canonical","B2_sweep",3,50,85,"GATT","g=4_t=6",4,6,2,"doubleml",4.45501451483708,0.570490017552266,3.33687461807527,3.51664172750617,5.393387302168,5.57315441159889,2.87985263592503e-15,,,,,,,,,4.25419080068282
"canonical","B2_sweep",3,50,85,"GATT","g=4_t=7",4,7,3,"doubleml",4.68831720874725,0.57782109988331,3.55580865453556,3.73788586131979,5.63874855617472,5.82082576295895,2.4533099581036e-16,,,,,,,,,4.25419080068282
"canonical","B2_sweep",3,50,85,"CATT","surface",,,,"doubleml",,,,,,,,1.62414890032929,1.17076923706446,100,0.283379195496461,0.67,2.84047975117715,0.61,2.38380627432073,
"canonical","B2_sweep",3,50,86,"GATT","g=4_t=4",4,4,0,"doubleml",3.33233523746278,0.510811783280385,2.33116253145743,2.49212443248691,4.17254604243866,4.33350794346814,3.43182427745067e-11,,,,,,,,,3.79041728860029
"canonical","B2_sweep",3,50,86,"GATT","g=4_t=5",4,5,1,"doubleml",4.3068241214887,0.754787180194943,2.8274684206451,3.06530940899632,5.54833883398107,5.7861798223323,5.7827187876657e-09,,,,,,,,,3.79041728860029
"canonical","B2_sweep",3,50,86,"GATT","g=4_t=6",4,6,2,"doubleml",3.17211082918731,0.568948298848401,2.05699264558321,2.23627394403333,4.1079477143413,4.28722901279142,1.23485254461346e-08,,,,,,,,,3.79041728860029
"canonical","B2_sweep",3,50,86,"GATT","g=4_t=7",4,7,3,"doubleml",3.76492690750332,0.701150615843722,2.39069694187179,2.61163651243031,4.91821730257633,5.13915687313485,3.94468250920406e-08,,,,,,,,,3.79041728860029
"canonical","B2_sweep",3,50,86,"CATT","surface",,,,"doubleml",,,,,,,,1.13965723927387,0.865867556923024,112,0.234050753460015,0.8125,2.48493827804229,0.642857142857143,2.08542639884762,
"canonical","B2_sweep",3,50,87,"GATT","g=4_t=4",4,4,0,"doubleml",3.30507246530371,0.655265601623253,2.0207754756838,2.2272562194113,4.38288871119613,4.58936945492363,2.28108377115503e-07,,,,,,,,,3.72784300424587
"canonical","B2_sweep",3,50,87,"GATT","g=4_t=5",4,5,1,"doubleml",3.44569460646081,0.584729048246979,2.29964672214246,2.48390069253557,4.40748852038604,4.59174249077915,1.89846508902173e-09,,,,,,,,,3.72784300424587
"canonical","B2_sweep",3,50,87,"GATT","g=4_t=6",4,6,2,"doubleml",3.65828030446891,0.70426555944148,2.27794516152375,2.49986628195935,4.81669432697846,5.03861544741407,1.0265665080481e-07,,,,,,,,,3.72784300424587
"canonical","B2_sweep",3,50,87,"GATT","g=4_t=7",4,7,3,"doubleml",4.07323772079556,0.60601821272634,2.8854638405076,3.07642623951979,5.07004920207134,5.26101160108353,9.00475076883164e-12,,,,,,,,,3.72784300424587
"canonical","B2_sweep",3,50,87,"CATT","surface",,,,"doubleml",,,,,,,,1.10751659546324,0.926105208186558,100,0.262815571976445,0.73,2.49922694858569,0.68,2.09741783180149,
"canonical","B2_sweep",3,50,88,"GATT","g=4_t=4",4,4,0,"doubleml",2.44427683780776,0.919901988048882,0.641302057703526,0.931172373157609,3.95738130245792,4.247251617912,0.00394073609393911,,,,,,,,,3.89856025257346
"canonical","B2_sweep",3,50,88,"GATT","g=4_t=5",4,5,1,"doubleml",2.24964672472151,1.7175434138125,-1.11667653478809,-0.575461429661633,5.07475487910466,5.61596998423112,0.0951309279292798,,,,,,,,,3.89856025257346
"canonical","B2_sweep",3,50,88,"GATT","g=4_t=6",4,6,2,"doubleml",4.0215104030477,0.672506354030271,2.70342215937711,2.91533563659559,5.12768516949981,5.33959864671829,1.11647863395722e-09,,,,,,,,,3.89856025257346
"canonical","B2_sweep",3,50,88,"GATT","g=4_t=7",4,7,3,"doubleml",3.10888923288745,0.909578967888567,1.3261472006687,1.61276462924007,4.60501383653483,4.8916312651062,0.000315481384915473,,,,,,,,,3.89856025257346
"canonical","B2_sweep",3,50,88,"CATT","surface",,,,"doubleml",,,,,,,,1.85189158309373,1.35536078898391,100,0.310922148128406,0.73,4.13506415775159,0.65,3.47025599456639,
"canonical","B2_sweep",3,50,89,"GATT","g=4_t=4",4,4,0,"doubleml",3.23331047780574,0.647782399655253,1.96368029464783,2.1678030066032,4.29881794900828,4.50294066096365,2.99789376139418e-07,,,,,,,,,3.60497391715401
"canonical","B2_sweep",3,50,89,"GATT","g=4_t=5",4,5,1,"doubleml",2.42284968535715,0.671792149155545,1.10616125752965,1.31784968165006,3.52784968906424,3.73953811318465,0.000155149582622892,,,,,,,,,3.60497391715401
"canonical","B2_sweep",3,50,89,"GATT","g=4_t=6",4,6,2,"doubleml",2.56517153261177,0.899947490612235,0.80130684912145,1.08488930288827,4.04545376233527,4.32903621610209,0.00218350986419118,,,,,,,,,3.60497391715401
"canonical","B2_sweep",3,50,89,"GATT","g=4_t=7",4,7,3,"doubleml",2.0674820099416,1.06437966286676,-0.0186638116093905,0.316732863956554,3.81823115592664,4.15362783149258,0.0260425888315,,,,,,,,,3.60497391715401
"canonical","B2_sweep",3,50,89,"CATT","surface",,,,"doubleml",,,,,,,,1.39608855739919,1.14156607332409,104,0.287484289612413,0.721153846153846,3.21816455801336,0.605769230769231,2.70076942530909,
"canonical","B2_sweep",3,50,90,"GATT","g=4_t=4",4,4,0,"doubleml",3.53623966792856,0.491365255302235,2.57318145668537,2.72801556228366,4.34446377357347,4.49929787917175,3.0829224465316e-13,,,,,,,,,3.80452315448276
"canonical","B2_sweep",3,50,90,"GATT","g=4_t=5",4,5,1,"doubleml",4.02416470769433,0.694595124308381,2.66278326947438,2.88165713909519,5.16667227629347,5.38554614591428,3.44590096237933e-09,,,,,,,,,3.80452315448276
"canonical","B2_sweep",3,50,90,"GATT","g=4_t=6",4,6,2,"doubleml",4.80502368130503,1.79532456148925,1.2862521724703,1.85197689504118,7.75807046756887,8.32379519013975,0.00372078319563188,,,,,,,,,3.80452315448276
"canonical","B2_sweep",3,50,90,"GATT","g=4_t=7",4,7,3,"doubleml",0.961101986670393,2.67912511383836,-4.28988678794869,-3.44566767332708,5.36787164666787,6.21209076128947,0.359895828082712,,,,,,,,,3.80452315448276
"canonical","B2_sweep",3,50,90,"CATT","surface",,,,"doubleml",,,,,,,,1.97189871315746,1.51710150605627,92,0.417927505442677,0.815217391304348,5.54709996645847,0.739130434782609,4.65527406025268,
"canonical","B2_sweep",3,50,91,"GATT","g=4_t=4",4,4,0,"doubleml",3.93935909608034,0.735037945037114,2.49871118517361,2.73032899203426,5.14838920012641,5.38000700698706,4.17504252973419e-08,,,,,,,,,4.05208477262702
"canonical","B2_sweep",3,50,91,"GATT","g=4_t=5",4,5,1,"doubleml",3.42450134701457,0.776280657858329,1.90301920371593,2.14763300181367,4.70136969221548,4.94598349031321,5.13470431496242e-06,,,,,,,,,4.05208477262702
"canonical","B2_sweep",3,50,91,"GATT","g=4_t=6",4,6,2,"doubleml",2.81556238403575,0.604537149309975,1.63069133472557,1.82118703584464,3.80993773222686,4.00043343334592,1.60125433230838e-06,,,,,,,,,4.05208477262702
"canonical","B2_sweep",3,50,91,"GATT","g=4_t=7",4,7,3,"doubleml",2.66816375474914,0.592645725192126,1.50659946861868,1.69334806308397,3.64297944641431,3.8297280408796,3.36390646673592e-06,,,,,,,,,4.05208477262702
"canonical","B2_sweep",3,50,91,"CATT","surface",,,,"doubleml",,,,,,,,1.44311451745809,1.16573919778203,124,0.274868304605065,0.564516129032258,2.654282694823,0.5,2.22754474455163,
"canonical","B2_sweep",3,50,92,"GATT","g=4_t=4",4,4,0,"doubleml",2.48877797489645,1.95321146762663,-1.33944618603891,-0.72396972047508,5.70152567026798,6.31700213583181,0.101296642406306,,,,,,,,,3.73658238001684
"canonical","B2_sweep",3,50,92,"GATT","g=4_t=5",4,5,1,"doubleml",4.96385503832383,1.16483177915478,2.68082668512451,3.04787682705397,6.8798332495937,7.24688339152316,1.01559167849801e-05,,,,,,,,,3.73658238001684
"canonical","B2_sweep",3,50,92,"GATT","g=4_t=6",4,6,2,"doubleml",3.86709811046487,0.586570049075665,2.71744193079833,2.90227601896256,4.83192020196717,5.0167542901314,2.15905360680751e-11,,,,,,,,,3.73658238001684
"canonical","B2_sweep",3,50,92,"GATT","g=4_t=7",4,7,3,"doubleml",3.43718437405503,0.946670904270883,1.58174348183665,1.88004895048145,4.9943197976286,5.2926252662734,0.000141265297325206,,,,,,,,,3.73658238001684
"canonical","B2_sweep",3,50,92,"CATT","surface",,,,"doubleml",,,,,,,,1.42500554081212,1.1354887197703,108,0.32099544804307,0.787037037037037,4.5581747930098,0.731481481481482,3.82534171085864,
"canonical","B2_sweep",3,50,93,"GATT","g=4_t=4",4,4,0,"doubleml",4.24246421138941,0.575542875224179,3.11442089549353,3.29578021090542,5.18914821187341,5.3705075272853,8.45245954971082e-14,,,,,,,,,3.53213658906195
"canonical","B2_sweep",3,50,93,"GATT","g=4_t=5",4,5,1,"doubleml",3.70120073664233,0.481503800672072,2.75747062146189,2.90919728409167,4.49320418919299,4.64493085182277,7.54581035238244e-15,,,,,,,,,3.53213658906195
"canonical","B2_sweep",3,50,93,"GATT","g=4_t=6",4,6,2,"doubleml",5.48692435428741,1.82442163872737,1.91112362156075,2.48601712414013,8.48783158443468,9.06272508701407,0.00131708697095442,,,,,,,,,3.53213658906195
"canonical","B2_sweep",3,50,93,"GATT","g=4_t=7",4,7,3,"doubleml",3.96219749094197,0.980738461422036,2.03998541313939,2.34902590971809,5.57536907216585,5.88440956874455,2.67239617070621e-05,,,,,,,,,3.53213658906195
"canonical","B2_sweep",3,50,93,"CATT","surface",,,,"doubleml",,,,,,,,1.38189822165447,1.12196088249561,80,0.362122403106948,0.775,3.78489312080278,0.75,3.1763831322029,
"canonical","B2_sweep",3,50,94,"GATT","g=4_t=4",4,4,0,"doubleml",3.69560991895036,0.565891142398464,2.5864836519305,2.76480160981168,4.62641822808904,4.80473618597022,3.27528932979012e-11,,,,,,,,,3.84933846646786
"canonical","B2_sweep",3,50,94,"GATT","g=4_t=5",4,5,1,"doubleml",4.82698420369788,0.972989892640334,2.91995904175896,3.22655788682886,6.42741052056691,6.7340093656368,3.50690574562533e-07,,,,,,,,,3.84933846646786
"canonical","B2_sweep",3,50,94,"GATT","g=4_t=6",4,6,2,"doubleml",3.50253014223308,0.59000870147417,2.34613432765696,2.53205196957848,4.47300831488767,4.6589259568092,1.45670497645293e-09,,,,,,,,,3.84933846646786
"canonical","B2_sweep",3,50,94,"GATT","g=4_t=7",4,7,3,"doubleml",4.51401728536908,0.480408729223164,3.57243347080593,3.72381506547144,5.30421950526671,5.45560109993223,2.828419209346e-21,,,,,,,,,3.84933846646786
"canonical","B2_sweep",3,50,94,"CATT","surface",,,,"doubleml",,,,,,,,1.28075019803234,1.07392651176116,88,0.31659750802249,0.636363636363636,2.55706552904903,0.556818181818182,2.14595750927997,
"canonical","B2_sweep",3,50,95,"GATT","g=4_t=4",4,4,0,"doubleml",3.91399271412536,0.626760321442476,2.68556504746968,2.88306349235942,4.9449219358913,5.14242038078104,2.12171672113501e-10,,,,,,,,,3.70831126302652
"canonical","B2_sweep",3,50,95,"GATT","g=4_t=5",4,5,1,"doubleml",4.11700364587589,0.641883705983486,2.85893468996167,3.06119866455413,5.17280862719765,5.37507260179011,7.09029688587035e-11,,,,,,,,,3.70831126302652
"canonical","B2_sweep",3,50,95,"GATT","g=4_t=6",4,6,2,"doubleml",4.50724322657523,0.6282413051592,3.27591288515019,3.4738780028189,5.54060845033156,5.73857356800028,3.63172207445573e-13,,,,,,,,,3.70831126302652
"canonical","B2_sweep",3,50,95,"GATT","g=4_t=7",4,7,3,"doubleml",5.58542346853264,0.853580271743528,3.9124368648051,4.18140854423421,6.98943839283107,7.25841007226017,3.00428066546025e-11,,,,,,,,,3.70831126302652
"canonical","B2_sweep",3,50,95,"CATT","surface",,,,"doubleml",,,,,,,,1.45060855877783,1.16914070756105,112,0.387709857776369,0.625,2.69540678386124,0.517857142857143,2.26205717557123,
"canonical","B2_sweep",3,50,96,"GATT","g=4_t=4",4,4,0,"doubleml",3.5941771329895,0.54762560223698,2.5208506671267,2.69341297064759,4.4949412953314,4.6675035988523,2.63323147676887e-11,,,,,,,,,3.83977917340512
"canonical","B2_sweep",3,50,96,"GATT","g=4_t=5",4,5,1,"doubleml",4.02439358593475,0.506399612076251,3.03186857665133,3.19144015841268,4.85734701345682,5.01691859521816,9.54866154715739e-16,,,,,,,,,3.83977917340512
"canonical","B2_sweep",3,50,96,"GATT","g=4_t=6",4,6,2,"doubleml",3.57054849110789,0.798308253745702,2.00589305286344,2.25744796670125,4.88364901551452,5.13520392935233,3.86291992124126e-06,,,,,,,,,3.83977917340512
"canonical","B2_sweep",3,50,96,"GATT","g=4_t=7",4,7,3,"doubleml",3.12196372435737,0.613336969429765,1.91984534440593,2.11311395684294,4.13081349187179,4.3240821043088,1.78910880462002e-07,,,,,,,,,3.83977917340512
"canonical","B2_sweep",3,50,96,"CATT","surface",,,,"doubleml",,,,,,,,1.06000235701049,0.866698676196981,108,0.228152374785594,0.722222222222222,2.41631264667105,0.657407407407407,2.02783394089252,
"canonical","B2_sweep",3,50,97,"GATT","g=4_t=4",4,4,0,"doubleml",4.10222200274764,0.751949899008194,2.62842727088794,2.86537420356441,5.33906980193086,5.57601673460734,2.44250500062641e-08,,,,,,,,,3.66111310379554
"canonical","B2_sweep",3,50,97,"GATT","g=4_t=5",4,5,1,"doubleml",4.25968831502329,0.639752798248035,3.00579586155788,3.20738836581382,5.31198826423276,5.5135807684887,1.38473677473027e-11,,,,,,,,,3.66111310379554
"canonical","B2_sweep",3,50,97,"GATT","g=4_t=6",4,6,2,"doubleml",4.55143478675305,1.00867072423525,2.57447647939802,2.89231871131179,6.2105508621943,6.52839309410807,3.206271675586e-06,,,,,,,,,3.66111310379554
"canonical","B2_sweep",3,50,97,"GATT","g=4_t=7",4,7,3,"doubleml",3.78580626656279,0.846836958672338,2.12603631369552,2.39288310774276,5.17872942538282,5.44557621943006,3.9013809322902e-06,,,,,,,,,3.66111310379554
"canonical","B2_sweep",3,50,97,"CATT","surface",,,,"doubleml",,,,,,,,1.18583935966217,0.963171348889298,84,0.300904412446076,0.80952380952381,3.1822077227737,0.678571428571429,2.67059349132699,
"canonical","B2_sweep",3,50,98,"GATT","g=4_t=4",4,4,0,"doubleml",2.11799109121232,0.565287015022755,1.01004889210026,1.18817648340408,3.04780569902056,3.22593329032438,8.95689882697742e-05,,,,,,,,,3.46124554458347
"canonical","B2_sweep",3,50,98,"GATT","g=4_t=5",4,5,1,"doubleml",2.14592450589942,0.547490345304846,1.07286313875436,1.24538282146337,3.04646619033548,3.21898587304449,4.43542957929618e-05,,,,,,,,,3.46124554458347
"canonical","B2_sweep",3,50,98,"GATT","g=4_t=6",4,6,2,"doubleml",2.27088725549165,0.60081006771884,1.09332115192516,1.28264241236405,3.25913209861926,3.44845335905814,7.85058579232027e-05,,,,,,,,,3.46124554458347
"canonical","B2_sweep",3,50,98,"GATT","g=4_t=7",4,7,3,"doubleml",2.78651972790759,0.500711837215078,1.80514255259218,1.96292185961702,3.61011759619816,3.76789690322301,1.30988632498118e-08,,,,,,,,,3.46124554458347
"canonical","B2_sweep",3,50,98,"CATT","surface",,,,"doubleml",,,,,,,,1.46942776032707,1.16259346401014,92,0.295744785768727,0.576086956521739,2.16997342256951,0.532608695652174,1.82109950183123,
"canonical","B2_sweep",3,50,99,"GATT","g=4_t=4",4,4,0,"doubleml",3.76313004495968,0.65963581751669,2.4702675895164,2.67812543197408,4.84813465794528,5.05599250040296,5.8219347469223e-09,,,,,,,,,3.8980380789627
"canonical","B2_sweep",3,50,99,"GATT","g=4_t=5",4,5,1,"doubleml",4.44006933650394,0.844605186371393,2.78467357700272,3.05081711728021,5.82932155572767,6.09546509600516,7.32216404543643e-08,,,,,,,,,3.8980380789627
"canonical","B2_sweep",3,50,99,"GATT","g=4_t=6",4,6,2,"doubleml",4.28223053878607,0.62698989947569,3.05335290745009,3.25092369467388,5.31353738289825,5.51110817012204,4.25094950737926e-12,,,,,,,,,3.8980380789627
"canonical","B2_sweep",3,50,99,"GATT","g=4_t=7",4,7,3,"doubleml",4.31713668490907,0.911851069464765,2.52994141539663,2.81727480589567,5.81699856392246,6.1043319544215,1.09811067410903e-06,,,,,,,,,3.8980380789627
"canonical","B2_sweep",3,50,99,"CATT","surface",,,,"doubleml",,,,,,,,1.07578407801807,0.856573765804854,116,0.25503001057399,0.801724137931034,2.98216555789646,0.681034482758621,2.50271277766746,
