"dgp","setting","linearity_degree","N","rep","estimand_type","estimand_id","g","t","k","method","post_mean","sd","q025","q05","q95","q975","p_bayes","surf_rmse","surf_mae","surf_n","surf_mape","surf_cover95","surf_len95","surf_cover90","surf_len90","true"
"canonical","B2_sweep_serial",3,400,0,"GATT","g=4_t=4",4,4,0,"wang",4.02558066532497,0.0882836195167391,3.85254794928246,3.88036700062838,4.17079433002155,4.19861338136747,0,,,,,,,,,3.81891046674263
"canonical","B2_sweep_serial",3,400,0,"GATT","g=4_t=5",4,5,1,"wang",3.85985802299122,0.10220201297273,3.65954575683713,3.69175063314497,4.02796541283746,4.0601702891453,1.9824384597526e-312,,,,,,,,,3.81891046674263
"canonical","B2_sweep_serial",3,400,0,"GATT","g=4_t=6",4,6,2,"wang",3.90611645147743,0.10745145541549,3.69551546711547,3.72937449523144,4.08285840772342,4.1167174358394,1.20474350314409e-289,,,,,,,,,3.81891046674263
"canonical","B2_sweep_serial",3,400,0,"GATT","g=4_t=7",4,7,3,"wang",3.98721790086606,0.120922750192538,3.75021366370769,3.78831763152087,4.18611817021126,4.22422213802443,9.81760975091125e-239,,,,,,,,,3.81891046674263
"canonical","B2_sweep_serial",3,400,0,"CATT","surface",,,,"wang",,,,,,,,0.392132436571949,0.325341268973966,808,0.0894125324977818,0.741336633663366,0.971953449078584,0.650990099009901,0.815689226195331,
"canonical","B2_sweep_serial",3,400,1,"GATT","g=4_t=4",4,4,0,"wang",3.70029665150674,0.0848531556822527,3.53398752108313,3.56072559897017,3.83986770404332,3.86660578193035,0,,,,,,,,,3.64354876925604
"canonical","B2_sweep_serial",3,400,1,"GATT","g=4_t=5",4,5,1,"wang",3.57472339686989,0.0995014704998963,3.37970409674303,3.41105800511225,3.73838878862752,3.76974269699674,5.92713430313339e-283,,,,,,,,,3.64354876925604
"canonical","B2_sweep_serial",3,400,1,"GATT","g=4_t=6",4,6,2,"wang",3.51268781373693,0.0981737721046369,3.32027075466763,3.35120629199553,3.67416933547833,3.70510487280622,1.11793829472598e-280,,,,,,,,,3.64354876925604
"canonical","B2_sweep_serial",3,400,1,"GATT","g=4_t=7",4,7,3,"wang",3.5615123457263,0.105836311064521,3.35407698614704,3.38742706612658,3.73559762532603,3.76894770530557,1.50032311353933e-248,,,,,,,,,3.64354876925604
"canonical","B2_sweep_serial",3,400,1,"CATT","surface",,,,"wang",,,,,,,,0.421777979597293,0.322014292595881,804,0.0901382408166106,0.778606965174129,1.09041563009374,0.720149253731343,0.915105844200308,
"canonical","B2_sweep_serial",3,400,2,"GATT","g=4_t=4",4,4,0,"wang",3.583684114629,0.0863617277185491,3.41441823732284,3.44163168134423,3.72573654791377,3.75294999193516,0,,,,,,,,,3.60220609758394
"canonical","B2_sweep_serial",3,400,2,"GATT","g=4_t=5",4,5,1,"wang",3.55993888743816,0.101267199882764,3.36145882128714,3.3933691286422,3.72650864623412,3.75841895358918,5.06364428385092e-271,,,,,,,,,3.60220609758394
"canonical","B2_sweep_serial",3,400,2,"GATT","g=4_t=6",4,6,2,"wang",3.63982716398944,0.104135414600757,3.43572550024688,3.46853961074173,3.81111471723715,3.843928827732,5.86487684668586e-268,,,,,,,,,3.60220609758394
"canonical","B2_sweep_serial",3,400,2,"GATT","g=4_t=7",4,7,3,"wang",3.54157489658658,0.112448100814516,3.32118066712176,3.35661418816942,3.72653560500374,3.7619691260514,5.05363387400397e-218,,,,,,,,,3.60220609758394
"canonical","B2_sweep_serial",3,400,2,"CATT","surface",,,,"wang",,,,,,,,0.349785846407338,0.281524962620899,816,0.079617623278475,0.862745098039216,1.09538460095949,0.786764705882353,0.919275936918546,
"canonical","B2_sweep_serial",3,400,3,"GATT","g=4_t=4",4,4,0,"wang",3.84022078372338,0.0821532417085113,3.6792033874914,3.70509069548617,3.97535087196059,4.00123817995536,0,,,,,,,,,3.80639726214824
"canonical","B2_sweep_serial",3,400,3,"GATT","g=4_t=5",4,5,1,"wang",3.78421037829521,0.0969552062704439,3.59418166439257,3.62473321944045,3.94368753714998,3.97423909219786,0,,,,,,,,,3.80639726214824
"canonical","B2_sweep_serial",3,400,3,"GATT","g=4_t=6",4,6,2,"wang",3.71733480520735,0.1076014370194,3.50643986230106,3.54034615112024,3.89432345929446,3.92822974811364,7.83507009643147e-262,,,,,,,,,3.80639726214824
"canonical","B2_sweep_serial",3,400,3,"GATT","g=4_t=7",4,7,3,"wang",3.6455627279256,0.108867193892341,3.43218694711559,3.46649208858301,3.82463336726819,3.85893850873561,3.81078457146523e-246,,,,,,,,,3.80639726214824
"canonical","B2_sweep_serial",3,400,3,"CATT","surface",,,,"wang",,,,,,,,0.387469184952779,0.317327297874107,800,0.0918981680603118,0.84125,1.12699419801731,0.77875,0.945803552812996,
"canonical","B2_sweep_serial",3,400,4,"GATT","g=4_t=4",4,4,0,"wang",3.76264687505434,0.0860457858753647,3.59400023238691,3.6211141199741,3.90417963013457,3.93129351772176,0,,,,,,,,,3.82631578819901
"canonical","B2_sweep_serial",3,400,4,"GATT","g=4_t=5",4,5,1,"wang",3.70824577193947,0.0930972132923923,3.52577858538606,3.55511444826663,3.86137709561232,3.89071295849288,0,,,,,,,,,3.82631578819901
"canonical","B2_sweep_serial",3,400,4,"GATT","g=4_t=6",4,6,2,"wang",3.78666236863377,0.0984497510856678,3.5937044006969,3.6247269017615,3.94859783550603,3.97962033657064,4.94065645841247e-324,,,,,,,,,3.82631578819901
"canonical","B2_sweep_serial",3,400,4,"GATT","g=4_t=7",4,7,3,"wang",3.72724442170002,0.107095256955204,3.51734157349707,3.55108835991622,3.90340048348381,3.93714726990297,1.09254969920288e-265,,,,,,,,,3.82631578819901
"canonical","B2_sweep_serial",3,400,4,"CATT","surface",,,,"wang",,,,,,,,0.4716035162374,0.423148896572563,816,0.118031514991923,0.692401960784314,1.08295227053574,0.558823529411765,0.908842394043867,
"canonical","B2_sweep_serial",3,400,5,"GATT","g=4_t=4",4,4,0,"wang",3.8102618894506,0.0775330847847431,3.65829983446355,3.68273128481007,3.93779249409112,3.96222394443764,0,,,,,,,,,3.73722742816834
"canonical","B2_sweep_serial",3,400,5,"GATT","g=4_t=5",4,5,1,"wang",3.80874734821495,0.0831904695414651,3.64569702277058,3.67191117162779,3.94558352480211,3.97179767365932,0,,,,,,,,,3.73722742816834
"canonical","B2_sweep_serial",3,400,5,"GATT","g=4_t=6",4,6,2,"wang",4.01378228908059,0.0995239545925403,3.81871892094158,3.85007991427324,4.17748466388795,4.20884565721961,0,,,,,,,,,3.73722742816834
"canonical","B2_sweep_serial",3,400,5,"GATT","g=4_t=7",4,7,3,"wang",4.12356212522528,0.104789714571694,3.91817805709448,3.95119834405317,4.29592590639739,4.32894619335607,0,,,,,,,,,3.73722742816834
"canonical","B2_sweep_serial",3,400,5,"CATT","surface",,,,"wang",,,,,,,,0.56752917767983,0.451192152444579,872,0.140297664719911,0.603211009174312,0.962112235505168,0.521788990825688,0.807430217605843,
"canonical","B2_sweep_serial",3,400,6,"GATT","g=4_t=4",4,4,0,"wang",3.82455670793265,0.0833814252961331,3.66113211608354,3.68740643700861,3.9617069788567,3.98798129978176,0,,,,,,,,,3.81815420230553
"canonical","B2_sweep_serial",3,400,6,"GATT","g=4_t=5",4,5,1,"wang",3.61817882730135,0.0923126454960208,3.43724936538438,3.46633800310664,3.77001965149606,3.79910828921831,0,,,,,,,,,3.81815420230553
"canonical","B2_sweep_serial",3,400,6,"GATT","g=4_t=6",4,6,2,"wang",3.71200275919757,0.0984781195245167,3.51898919014182,3.55002063038519,3.87398488800995,3.90501632825332,3.15207524325549e-311,,,,,,,,,3.81815420230553
"canonical","B2_sweep_serial",3,400,6,"GATT","g=4_t=7",4,7,3,"wang",3.58930708659355,0.104274354275454,3.38493310609041,3.41779099786615,3.76082317532095,3.79368106709668,5.95825763107366e-260,,,,,,,,,3.81815420230553
"canonical","B2_sweep_serial",3,400,6,"CATT","surface",,,,"wang",,,,,,,,0.49936393147007,0.431617006230726,856,0.113544067300085,0.675233644859813,1.09974659138581,0.573598130841122,0.922936635482753,
"canonical","B2_sweep_serial",3,400,7,"GATT","g=4_t=4",4,4,0,"wang",3.64455477132991,0.0837831159258647,3.48034288030739,3.50674377796679,3.78236576469304,3.80876666235243,0,,,,,,,,,3.64683213376398
"canonical","B2_sweep_serial",3,400,7,"GATT","g=4_t=5",4,5,1,"wang",3.67813985943713,0.101678239537567,3.47885417036012,3.5108940004208,3.84538571845345,3.87742554851413,7.71854044571996e-287,,,,,,,,,3.64683213376398
"canonical","B2_sweep_serial",3,400,7,"GATT","g=4_t=6",4,6,2,"wang",3.81621312144991,0.11082726503617,3.59899567176056,3.63391845124611,3.99850779165372,4.03343057113926,3.92411194748141e-260,,,,,,,,,3.64683213376398
"canonical","B2_sweep_serial",3,400,7,"GATT","g=4_t=7",4,7,3,"wang",3.90453122836111,0.121949665102697,3.66551427494777,3.70394183391828,4.10512062280395,4.14354818177446,3.10570838381695e-225,,,,,,,,,3.64683213376398
"canonical","B2_sweep_serial",3,400,7,"CATT","surface",,,,"wang",,,,,,,,0.381817814495835,0.312376155386603,840,0.0987108882307662,0.879761904761905,1.21526475677,0.80952380952381,1.01988255714501,
"canonical","B2_sweep_serial",3,400,8,"GATT","g=4_t=4",4,4,0,"wang",3.6525265725097,0.0932890749529742,3.46968334400857,3.499079664417,3.8059734806024,3.83536980101083,0,,,,,,,,,3.65902340808575
"canonical","B2_sweep_serial",3,400,8,"GATT","g=4_t=5",4,5,1,"wang",3.56605609001424,0.102926730343087,3.36432340390408,3.39675664590249,3.73535553412599,3.7677887761244,2.51734413993643e-263,,,,,,,,,3.65902340808575
"canonical","B2_sweep_serial",3,400,8,"GATT","g=4_t=6",4,6,2,"wang",3.58283413807157,0.120508867878249,3.34664109534944,3.38461464470656,3.78105363143658,3.81902718079369,1.53231340957201e-194,,,,,,,,,3.65902340808575
"canonical","B2_sweep_serial",3,400,8,"GATT","g=4_t=7",4,7,3,"wang",3.51740796766198,0.124465615293149,3.27345984244956,3.31268020248458,3.72213573283938,3.7613560928744,5.35131178491346e-176,,,,,,,,,3.65902340808575
"canonical","B2_sweep_serial",3,400,8,"CATT","surface",,,,"wang",,,,,,,,0.301864767079601,0.249260557662472,716,0.0687420087800816,0.853351955307263,1.08887189900325,0.790502793296089,0.913810303945932,
"canonical","B2_sweep_serial",3,400,9,"GATT","g=4_t=4",4,4,0,"wang",3.72589036882812,0.0914746399119853,3.54660336768767,3.57542794147034,3.87635279618591,3.90517736996858,0,,,,,,,,,3.74110132865166
"canonical","B2_sweep_serial",3,400,9,"GATT","g=4_t=5",4,5,1,"wang",3.70364830617216,0.111148033724421,3.48580216140151,3.52082601830841,3.88647059403591,3.92149445094281,9.3447021830575e-244,,,,,,,,,3.74110132865166
"canonical","B2_sweep_serial",3,400,9,"GATT","g=4_t=6",4,6,2,"wang",3.76864854283999,0.111790552303158,3.54954308478568,3.58476940572193,3.95252767995805,3.9877540008943,1.94833637675611e-249,,,,,,,,,3.74110132865166
"canonical","B2_sweep_serial",3,400,9,"GATT","g=4_t=7",4,7,3,"wang",3.64264824833152,0.113570477613103,3.42005420074703,3.45584139394769,3.82945510271534,3.865242295916,5.09734320558451e-226,,,,,,,,,3.74110132865166
"canonical","B2_sweep_serial",3,400,9,"CATT","surface",,,,"wang",,,,,,,,0.323678147462104,0.25069542860489,764,0.0718177475853109,0.879581151832461,1.16999202919377,0.827225130890052,0.981888478149335,
"canonical","B2_sweep_serial",3,400,10,"GATT","g=4_t=4",4,4,0,"wang",3.64249756749245,0.0871204119256302,3.47174469645305,3.49919720945493,3.78579792552997,3.81325043853186,0,,,,,,,,,3.62618815940185
"canonical","B2_sweep_serial",3,400,10,"GATT","g=4_t=5",4,5,1,"wang",3.73055938515714,0.0941564981849874,3.5460160383485,3.57568569249157,3.88543307782271,3.91510273196578,0,,,,,,,,,3.62618815940185
"canonical","B2_sweep_serial",3,400,10,"GATT","g=4_t=6",4,6,2,"wang",3.7003794168884,0.107293123890196,3.49008875661607,3.52389789288511,3.87686094089168,3.91067007716072,5.964495565644e-261,,,,,,,,,3.62618815940185
"canonical","B2_sweep_serial",3,400,10,"GATT","g=4_t=7",4,7,3,"wang",3.78418016094354,0.108567673345641,3.57139142962232,3.60560218917027,3.96275813271681,3.99696889226476,1.7574167253462e-266,,,,,,,,,3.62618815940185
"canonical","B2_sweep_serial",3,400,10,"CATT","surface",,,,"wang",,,,,,,,0.358913560883979,0.290039954726702,816,0.0917904773491817,0.830882352941177,1.14638271563986,0.767156862745098,0.962074913289774,
"canonical","B2_sweep_serial",3,400,11,"GATT","g=4_t=4",4,4,0,"wang",3.65363365131039,0.088806925759748,3.47957527387061,3.50755922424676,3.79970807837401,3.82769202875017,0,,,,,,,,,3.67087259270984
"canonical","B2_sweep_serial",3,400,11,"GATT","g=4_t=5",4,5,1,"wang",3.66214876698829,0.111089242562304,3.44441785077891,3.47942318200272,3.84487435197387,3.87987968319768,1.25488591151144e-238,,,,,,,,,3.67087259270984
"canonical","B2_sweep_serial",3,400,11,"GATT","g=4_t=6",4,6,2,"wang",3.68190247060223,0.112604244625415,3.46120220488922,3.49668492841314,3.86712001279132,3.90260273631523,8.41279981482595e-235,,,,,,,,,3.67087259270984
"canonical","B2_sweep_serial",3,400,11,"GATT","g=4_t=7",4,7,3,"wang",3.59283149444314,0.114378013916381,3.36865470477554,3.40469636074073,3.78096662814556,3.81700828411075,6.95798163833164e-217,,,,,,,,,3.67087259270984
"canonical","B2_sweep_serial",3,400,11,"CATT","surface",,,,"wang",,,,,,,,0.295616064738494,0.248871240293123,812,0.0698949741898931,0.928571428571429,1.16772393985108,0.873152709359606,0.979985037153642,
"canonical","B2_sweep_serial",3,400,12,"GATT","g=4_t=4",4,4,0,"wang",3.70669860294641,0.0829528787212046,3.54411394695649,3.57025322857032,3.8431439773225,3.86928325893634,0,,,,,,,,,3.7760159718308
"canonical","B2_sweep_serial",3,400,12,"GATT","g=4_t=5",4,5,1,"wang",3.68067239126531,0.0921921407390813,3.49997911433378,3.52902977980207,3.83231500272856,3.86136566819685,0,,,,,,,,,3.7760159718308
"canonical","B2_sweep_serial",3,400,12,"GATT","g=4_t=6",4,6,2,"wang",3.84461460967632,0.10426909160397,3.64025094381984,3.67310717727516,4.01612204207748,4.0489782755328,6.48433973929681e-298,,,,,,,,,3.7760159718308
"canonical","B2_sweep_serial",3,400,12,"GATT","g=4_t=7",4,7,3,"wang",3.86417055323946,0.108795990016459,3.65093432946284,3.68521703387693,4.04312407260199,4.07740677701608,1.31573323898312e-276,,,,,,,,,3.7760159718308
"canonical","B2_sweep_serial",3,400,12,"CATT","surface",,,,"wang",,,,,,,,0.380776996483335,0.314446696091159,804,0.0892070822964397,0.802238805970149,1.05893157884816,0.691542288557214,0.888683589695884,
"canonical","B2_sweep_serial",3,400,13,"GATT","g=4_t=4",4,4,0,"wang",3.76734873448025,0.0796716924180303,3.61119508552184,3.63630043251968,3.89839703644082,3.92350238343866,0,,,,,,,,,3.73743629852055
"canonical","B2_sweep_serial",3,400,13,"GATT","g=4_t=5",4,5,1,"wang",3.8680589858705,0.0962115116360041,3.67948788667835,3.70980509610997,4.02631287563103,4.05663008506265,0,,,,,,,,,3.73743629852055
"canonical","B2_sweep_serial",3,400,13,"GATT","g=4_t=6",4,6,2,"wang",3.80276393870599,0.108402587143165,3.59029877039853,3.62445750963321,3.98107036777878,4.01522910701346,6.80060594820804e-270,,,,,,,,,3.73743629852055
"canonical","B2_sweep_serial",3,400,13,"GATT","g=4_t=7",4,7,3,"wang",3.71635058624679,0.113769373892077,3.49336670911578,3.52921657652291,3.90348459597067,3.9393344633778,2.40213591198912e-234,,,,,,,,,3.73743629852055
"canonical","B2_sweep_serial",3,400,13,"CATT","surface",,,,"wang",,,,,,,,0.397696651088418,0.320689440582566,856,0.0945628343153905,0.828271028037383,1.12158659146999,0.755841121495327,0.941265345346029,
"canonical","B2_sweep_serial",3,400,14,"GATT","g=4_t=4",4,4,0,"wang",3.73383963993238,0.0941989648266986,3.54921306003478,3.57889609584133,3.88878318402343,3.91846621982998,0,,,,,,,,,3.69006624675132
"canonical","B2_sweep_serial",3,400,14,"GATT","g=4_t=5",4,5,1,"wang",3.8581317072326,0.0976042618651392,3.66683086773036,3.69758694668668,4.01867646777852,4.04943254673485,0,,,,,,,,,3.69006624675132
"canonical","B2_sweep_serial",3,400,14,"GATT","g=4_t=6",4,6,2,"wang",3.74728819851006,0.103632904177451,3.54417143710681,3.57682720154216,3.91774919547796,3.95040495991331,1.33107097619066e-286,,,,,,,,,3.69006624675132
"canonical","B2_sweep_serial",3,400,14,"GATT","g=4_t=7",4,7,3,"wang",3.66527841030806,0.109506416104786,3.45064977697366,3.48515634375244,3.84540047686368,3.87990704364246,6.39055430881367e-246,,,,,,,,,3.69006624675132
"canonical","B2_sweep_serial",3,400,14,"CATT","surface",,,,"wang",,,,,,,,0.385100952833752,0.318277943549747,752,0.0959138563878321,0.833776595744681,1.11263869240117,0.756648936170213,0.933756030085672,
"canonical","B2_sweep_serial",3,400,15,"GATT","g=4_t=4",4,4,0,"wang",3.7199827700614,0.0946732347428241,3.53442663820192,3.56425912120173,3.87570641892108,3.90553890192089,0,,,,,,,,,3.7456041571838
"canonical","B2_sweep_serial",3,400,15,"GATT","g=4_t=5",4,5,1,"wang",3.87526047684323,0.103751541028773,3.67191119148232,3.70460433957589,4.04591661411057,4.07860976220415,1.20518011010847e-305,,,,,,,,,3.7456041571838
"canonical","B2_sweep_serial",3,400,15,"GATT","g=4_t=6",4,6,2,"wang",3.85495418080281,0.111668583372043,3.63608777746261,3.67127566476897,4.03863269683665,4.07382058414301,1.91618547374975e-261,,,,,,,,,3.7456041571838
"canonical","B2_sweep_serial",3,400,15,"GATT","g=4_t=7",4,7,3,"wang",3.72280984454758,0.114446932301182,3.49849797732682,3.53456135016425,3.9110583389309,3.94712171176833,2.09509511119748e-232,,,,,,,,,3.7456041571838
"canonical","B2_sweep_serial",3,400,15,"CATT","surface",,,,"wang",,,,,,,,0.336367775599578,0.275592681981094,760,0.0818988964443822,0.888157894736842,1.11165635640083,0.792105263157895,0.932931627545882,
"canonical","B2_sweep_serial",3,400,16,"GATT","g=4_t=4",4,4,0,"wang",3.7333463944632,0.0834218370619612,3.5698425970079,3.59612965208449,3.87056313684192,3.89685019191851,0,,,,,,,,,3.65979042104415
"canonical","B2_sweep_serial",3,400,16,"GATT","g=4_t=5",4,5,1,"wang",3.77322830146075,0.0901948079186493,3.59644972495329,3.62487101087653,3.92158559204497,3.95000687796822,0,,,,,,,,,3.65979042104415
"canonical","B2_sweep_serial",3,400,16,"GATT","g=4_t=6",4,6,2,"wang",3.69446399870563,0.0978765255832564,3.50262953211737,3.53347140409391,3.85545659331735,3.88629846529389,4.34637139228047e-312,,,,,,,,,3.65979042104415
"canonical","B2_sweep_serial",3,400,16,"GATT","g=4_t=7",4,7,3,"wang",3.5497973739525,0.106399350498208,3.34125847735263,3.37478597668812,3.72480877121688,3.75833627055237,2.36292516922935e-244,,,,,,,,,3.65979042104415
"canonical","B2_sweep_serial",3,400,16,"CATT","surface",,,,"wang",,,,,,,,0.433052418719198,0.351665582876174,772,0.104988475909687,0.739637305699482,1.05590232218609,0.660621761658031,0.886141356809146,
"canonical","B2_sweep_serial",3,400,17,"GATT","g=4_t=4",4,4,0,"wang",3.74643218868489,0.0891244973930981,3.57175138227633,3.59983540264986,3.89302897471992,3.92111299509346,0,,,,,,,,,3.7672054620755
"canonical","B2_sweep_serial",3,400,17,"GATT","g=4_t=5",4,5,1,"wang",3.64054180715243,0.0970273254641012,3.45037174222651,3.4809460227535,3.80013759155136,3.83071187207835,2.11036694977184e-308,,,,,,,,,3.7672054620755
"canonical","B2_sweep_serial",3,400,17,"GATT","g=4_t=6",4,6,2,"wang",3.6462107791968,0.112159565258269,3.42638206903494,3.46172466964347,3.83069688875012,3.86603948935866,3.96027223577042e-232,,,,,,,,,3.7672054620755
"canonical","B2_sweep_serial",3,400,17,"GATT","g=4_t=7",4,7,3,"wang",3.61654385397069,0.115331880961334,3.39049751923419,3.42683974824391,3.80624795969746,3.84259018870719,3.81877837740439e-216,,,,,,,,,3.7672054620755
"canonical","B2_sweep_serial",3,400,17,"CATT","surface",,,,"wang",,,,,,,,0.392598473021634,0.31012659303619,748,0.0834613794025981,0.816844919786096,1.18836446432534,0.751336898395722,0.997307115132416,
"canonical","B2_sweep_serial",3,400,18,"GATT","g=4_t=4",4,4,0,"wang",3.65357948571144,0.0770399227405325,3.50258401057721,3.52686006063198,3.78029891079089,3.80457496084566,0,,,,,,,,,3.76714807088118
"canonical","B2_sweep_serial",3,400,18,"GATT","g=4_t=5",4,5,1,"wang",3.75515456529775,0.0945023053898637,3.56993344881662,3.59971207026802,3.91059706032749,3.94037568177889,0,,,,,,,,,3.76714807088118
"canonical","B2_sweep_serial",3,400,18,"GATT","g=4_t=6",4,6,2,"wang",3.74659450929261,0.101656698138693,3.5473510405819,3.57938408273239,3.91380493585283,3.94583797800331,1.19986359393248e-297,,,,,,,,,3.76714807088118
"canonical","B2_sweep_serial",3,400,18,"GATT","g=4_t=7",4,7,3,"wang",3.76022195188704,0.109839448506355,3.54494058703473,3.57955209565357,3.94089180812051,3.97550331673935,3.79908207757141e-257,,,,,,,,,3.76714807088118
"canonical","B2_sweep_serial",3,400,18,"CATT","surface",,,,"wang",,,,,,,,0.497062539801182,0.420728906159907,800,0.119902837518421,0.62625,1.07080207876937,0.515,0.898645629446316,
"canonical","B2_sweep_serial",3,400,19,"GATT","g=4_t=4",4,4,0,"wang",3.78321996242183,0.0825425265997249,3.62143958181733,3.64744955737417,3.91899036746949,3.94500034302633,0,,,,,,,,,3.74299000476171
"canonical","B2_sweep_serial",3,400,19,"GATT","g=4_t=5",4,5,1,"wang",3.83010499835901,0.103970744186164,3.62632608270092,3.65908830390142,4.0011216928166,4.0338839140171,2.25140101811004e-297,,,,,,,,,3.74299000476171
"canonical","B2_sweep_serial",3,400,19,"GATT","g=4_t=6",4,6,2,"wang",3.58418343663949,0.107481566852345,3.3735234349453,3.40739195147614,3.76097492180284,3.79484343833368,4.03139563197058e-244,,,,,,,,,3.74299000476171
"canonical","B2_sweep_serial",3,400,19,"GATT","g=4_t=7",4,7,3,"wang",3.67869618402364,0.11008285595327,3.46293774933805,3.49762595807748,3.8597664099698,3.89445461870924,3.81549486205699e-245,,,,,,,,,3.74299000476171
"canonical","B2_sweep_serial",3,400,19,"CATT","surface",,,,"wang",,,,,,,,0.444288901718018,0.37099429980832,816,0.108176531014056,0.729166666666667,1.06963532993426,0.621323529411765,0.897666462743031,
"canonical","B2_sweep_serial",3,400,20,"GATT","g=4_t=4",4,4,0,"wang",3.85003569955352,0.083609368822211,3.68616434659927,3.71251049480883,3.98756090429821,4.01390705250778,0,,,,,,,,,3.69659684514954
"canonical","B2_sweep_serial",3,400,20,"GATT","g=4_t=5",4,5,1,"wang",3.76081390432884,0.0938874750182803,3.57679783324211,3.60638271549512,3.91524509316256,3.94482997541557,0,,,,,,,,,3.69659684514954
"canonical","B2_sweep_serial",3,400,20,"GATT","g=4_t=6",4,6,2,"wang",3.71778359298851,0.103828587468944,3.51428329937853,3.54700072557587,3.88856646040115,3.92128388659849,4.30689593469241e-281,,,,,,,,,3.69659684514954
"canonical","B2_sweep_serial",3,400,20,"GATT","g=4_t=7",4,7,3,"wang",3.72967881997892,0.107889296099092,3.51821968363936,3.55221667973314,3.9071409602247,3.94113795631848,3.63078361953805e-262,,,,,,,,,3.69659684514954
"canonical","B2_sweep_serial",3,400,20,"CATT","surface",,,,"wang",,,,,,,,0.372028998254644,0.300276884413827,836,0.092103666669805,0.742822966507177,1.09378973908484,0.680622009569378,0.917937486348045,
"canonical","B2_sweep_serial",3,400,21,"GATT","g=4_t=4",4,4,0,"wang",3.73844185432326,0.087993538988368,3.56597768567346,3.59370532974409,3.88317837890243,3.91090602297306,0,,,,,,,,,3.71942551927516
"canonical","B2_sweep_serial",3,400,21,"GATT","g=4_t=5",4,5,1,"wang",3.68323144410375,0.102843194572752,3.48166248509616,3.51406940413798,3.85239348406952,3.88480040311134,3.33749212234721e-281,,,,,,,,,3.71942551927516
"canonical","B2_sweep_serial",3,400,21,"GATT","g=4_t=6",4,6,2,"wang",3.84255624665827,0.10738590479807,3.63208373914663,3.66592211160755,4.019190381709,4.05302875416992,1.0266389926407e-280,,,,,,,,,3.71942551927516
"canonical","B2_sweep_serial",3,400,21,"GATT","g=4_t=7",4,7,3,"wang",3.74876305875984,0.109497031305824,3.53415281929355,3.56865642882833,3.92886968869135,3.96337329822613,3.49855937790661e-257,,,,,,,,,3.71942551927516
"canonical","B2_sweep_serial",3,400,21,"CATT","surface",,,,"wang",,,,,,,,0.360504099196484,0.29698346646849,784,0.0868441066219767,0.841836734693878,1.10738217814997,0.764030612244898,0.929344623298535,
"canonical","B2_sweep_serial",3,400,22,"GATT","g=4_t=4",4,4,0,"wang",3.67338132882593,0.0896864504857974,3.49759911458599,3.52586021199857,3.8209024456533,3.84916354306588,0,,,,,,,,,3.68849379551704
"canonical","B2_sweep_serial",3,400,22,"GATT","g=4_t=5",4,5,1,"wang",3.55214789415442,0.107078969509813,3.34227696875809,3.37601862284032,3.72827716546851,3.76201881955075,1.312739341079e-241,,,,,,,,,3.68849379551704
"canonical","B2_sweep_serial",3,400,22,"GATT","g=4_t=6",4,6,2,"wang",3.6870205423124,0.110319925965032,3.47079745893827,3.50556037080911,3.86848071381569,3.90324362568653,3.3775924162624e-245,,,,,,,,,3.68849379551704
"canonical","B2_sweep_serial",3,400,22,"GATT","g=4_t=7",4,7,3,"wang",3.72301066578503,0.123930964230499,3.48011043740796,3.51916232354663,3.92685900802342,3.96591089416209,1.43084199200137e-198,,,,,,,,,3.68849379551704
"canonical","B2_sweep_serial",3,400,22,"CATT","surface",,,,"wang",,,,,,,,0.311242546413107,0.251713374743199,780,0.0759954138794167,0.852564102564103,1.00285309805307,0.788461538461538,0.841621034746037,
"canonical","B2_sweep_serial",3,400,23,"GATT","g=4_t=4",4,4,0,"wang",3.82333571300355,0.0846676975163563,3.65739007390861,3.68406971207298,3.96260171393412,3.9892813520985,0,,,,,,,,,3.84893639867302
"canonical","B2_sweep_serial",3,400,23,"GATT","g=4_t=5",4,5,1,"wang",3.8629593949821,0.0995776427199788,3.66779080004607,3.69916871104357,4.02675007892062,4.05812798991812,0,,,,,,,,,3.84893639867302
"canonical","B2_sweep_serial",3,400,23,"GATT","g=4_t=6",4,6,2,"wang",3.91465987052434,0.109024218566338,3.70097632700619,3.73533094851863,4.09398879253006,4.1283434140425,1.21653153954967e-282,,,,,,,,,3.84893639867302
"canonical","B2_sweep_serial",3,400,23,"GATT","g=4_t=7",4,7,3,"wang",3.83287963380051,0.116137769736662,3.60525378607636,3.64184995869808,4.02390930890293,4.06050548152465,3.69395467624444e-239,,,,,,,,,3.84893639867302
"canonical","B2_sweep_serial",3,400,23,"CATT","surface",,,,"wang",,,,,,,,0.357930135236814,0.291800689060499,800,0.0785463100178675,0.84375,1.08997570740386,0.76125,0.914736649359923,
"canonical","B2_sweep_serial",3,400,24,"GATT","g=4_t=4",4,4,0,"wang",3.86108946060885,0.0921660418017133,3.680447336655,3.70948977808713,4.01268914313056,4.0417315845627,0,,,,,,,,,3.75689719203353
"canonical","B2_sweep_serial",3,400,24,"GATT","g=4_t=5",4,5,1,"wang",3.87188546748794,0.101836587621429,3.67228942186709,3.70437914899248,4.0393917859834,4.07148151310879,1.31933412615992e-316,,,,,,,,,3.75689719203353
"canonical","B2_sweep_serial",3,400,24,"GATT","g=4_t=6",4,6,2,"wang",3.83025036360029,0.101569599271633,3.63117760553347,3.66318320195995,3.99731752524063,4.02932312166712,1.66490482548906e-311,,,,,,,,,3.75689719203353
"canonical","B2_sweep_serial",3,400,24,"GATT","g=4_t=7",4,7,3,"wang",3.95123042752534,0.102412534262235,3.75050554722259,3.78277676089396,4.11968409415671,4.15195530782809,0,,,,,,,,,3.75689719203353
"canonical","B2_sweep_serial",3,400,24,"CATT","surface",,,,"wang",,,,,,,,0.444976548806122,0.370301593659184,796,0.113632081131853,0.680904522613065,1.00058359926916,0.600502512562814,0.839716410909732,
"canonical","B2_sweep_serial",3,400,25,"GATT","g=4_t=4",4,4,0,"wang",3.9245245855578,0.0927143113002132,3.74280787312459,3.7720230797584,4.0770260913572,4.10624129799101,0,,,,,,,,,3.80091661782905
"canonical","B2_sweep_serial",3,400,25,"GATT","g=4_t=5",4,5,1,"wang",3.8042953197846,0.103538042272615,3.60136448429979,3.63399035680032,3.97460028276888,4.0072261552694,7.52771287218048e-296,,,,,,,,,3.80091661782905
"canonical","B2_sweep_serial",3,400,25,"GATT","g=4_t=6",4,6,2,"wang",3.891558633213,0.115908608252372,3.66438193374825,3.70090589529466,4.08221137113135,4.11873533267775,1.98522473086508e-247,,,,,,,,,3.80091661782905
"canonical","B2_sweep_serial",3,400,25,"GATT","g=4_t=7",4,7,3,"wang",3.88735699484212,0.123582566659511,3.64513961316187,3.68408171574195,4.09063227394228,4.12957437652236,1.76259220259156e-217,,,,,,,,,3.80091661782905
"canonical","B2_sweep_serial",3,400,25,"CATT","surface",,,,"wang",,,,,,,,0.308701062153582,0.251950314962045,736,0.0708330633917452,0.885869565217391,1.07395019399607,0.822010869565217,0.901287611606749,
"canonical","B2_sweep_serial",3,400,26,"GATT","g=4_t=4",4,4,0,"wang",3.68858528264151,0.0890524992317165,3.51404559003732,3.54210692307023,3.8350636422128,3.86312497524571,0,,,,,,,,,3.72928481426784
"canonical","B2_sweep_serial",3,400,26,"GATT","g=4_t=5",4,5,1,"wang",3.6466399975608,0.101278493045215,3.44813779721793,3.48005166316141,3.81322833196019,3.84514219790367,3.36159110589038e-284,,,,,,,,,3.72928481426784
"canonical","B2_sweep_serial",3,400,26,"GATT","g=4_t=6",4,6,2,"wang",3.65148877242155,0.107871974570019,3.4400635856554,3.47405512356216,3.82892242128094,3.8629139591877,1.80185072161833e-251,,,,,,,,,3.72928481426784
"canonical","B2_sweep_serial",3,400,26,"GATT","g=4_t=7",4,7,3,"wang",3.56699400262272,0.111760018285262,3.34794839014426,3.38316508950613,3.7508229157393,3.78603961510117,7.86951255241879e-224,,,,,,,,,3.72928481426784
"canonical","B2_sweep_serial",3,400,26,"CATT","surface",,,,"wang",,,,,,,,0.390330339652132,0.328435581096774,788,0.0938040569223667,0.814720812182741,1.11542715195517,0.733502538071066,0.936096179624762,
"canonical","B2_sweep_serial",3,400,27,"GATT","g=4_t=4",4,4,0,"wang",3.82397791051918,0.086917811562322,3.65362212889824,3.68101080049964,3.96694502053871,3.99433369214011,0,,,,,,,,,3.81523219922073
"canonical","B2_sweep_serial",3,400,27,"GATT","g=4_t=5",4,5,1,"wang",3.88495723970797,0.0965063780797082,3.69580821290135,3.72621833769805,4.04369614171789,4.07410626651459,0,,,,,,,,,3.81523219922073
"canonical","B2_sweep_serial",3,400,27,"GATT","g=4_t=6",4,6,2,"wang",3.92472041111991,0.103215061271416,3.72242260677014,3.75494670472737,4.09449411751244,4.12701821546968,1.1281842285288e-316,,,,,,,,,3.81523219922073
"canonical","B2_sweep_serial",3,400,27,"GATT","g=4_t=7",4,7,3,"wang",3.89782302136825,0.110921423973327,3.6804210235518,3.71537347346003,4.08027256927648,4.11522501918471,8.14712246434495e-271,,,,,,,,,3.81523219922073
"canonical","B2_sweep_serial",3,400,27,"CATT","surface",,,,"wang",,,,,,,,0.368097348093892,0.289092867169055,836,0.0872380455425387,0.791866028708134,1.04657095919032,0.70933014354067,0.878310228406257,
"canonical","B2_sweep_serial",3,400,28,"GATT","g=4_t=4",4,4,0,"wang",3.80107705574146,0.0808829827858642,3.64254932126854,3.6680363579742,3.93411775350872,3.95960479021437,0,,,,,,,,,3.86544478853003
"canonical","B2_sweep_serial",3,400,28,"GATT","g=4_t=5",4,5,1,"wang",3.74649337603052,0.0954219217182243,3.55946984465198,3.58953824640461,3.90344850565642,3.93351690740905,0,,,,,,,,,3.86544478853003
"canonical","B2_sweep_serial",3,400,28,"GATT","g=4_t=6",4,6,2,"wang",3.83730169461355,0.10450427497788,3.6324770778108,3.66540741989908,4.00919596932801,4.04212631141629,1.81104890214436e-295,,,,,,,,,3.86544478853003
"canonical","B2_sweep_serial",3,400,28,"GATT","g=4_t=7",4,7,3,"wang",3.77602721790629,0.107966007310762,3.56441773035346,3.59843889891716,3.95361553689543,3.98763670545913,2.77403075364161e-268,,,,,,,,,3.86544478853003
"canonical","B2_sweep_serial",3,400,28,"CATT","surface",,,,"wang",,,,,,,,0.495843547200139,0.392378519859794,896,0.110691147825918,0.716517857142857,1.12720591440321,0.633928571428571,0.945981230843926,
"canonical","B2_sweep_serial",3,400,29,"GATT","g=4_t=4",4,4,0,"wang",3.68040765638419,0.0876845524680601,3.50854909019068,3.53617936951889,3.82463594324948,3.8522662225777,0,,,,,,,,,3.71632176479188
"canonical","B2_sweep_serial",3,400,29,"GATT","g=4_t=5",4,5,1,"wang",3.66892407300836,0.0976064264104362,3.47761899107526,3.50837575210145,3.82947239391528,3.86022915494147,1.6282008275241e-309,,,,,,,,,3.71632176479188
"canonical","B2_sweep_serial",3,400,29,"GATT","g=4_t=6",4,6,2,"wang",3.55065972041563,0.106236737833582,3.34243953878438,3.37591579724312,3.72540364358815,3.75887990204689,3.26868870572964e-245,,,,,,,,,3.71632176479188
"canonical","B2_sweep_serial",3,400,29,"GATT","g=4_t=7",4,7,3,"wang",3.63254571597556,0.114186610353812,3.40874407040006,3.44472541318865,3.82036601876247,3.85634736155106,2.18352919424916e-222,,,,,,,,,3.71632176479188
"canonical","B2_sweep_serial",3,400,29,"CATT","surface",,,,"wang",,,,,,,,0.370945284850285,0.303701265052052,864,0.0821640855320758,0.84837962962963,1.10100080183725,0.771990740740741,0.923989202304332,
"canonical","B2_sweep_serial",3,400,30,"GATT","g=4_t=4",4,4,0,"wang",3.66646708528427,0.0873296842971849,3.49530404793042,3.5228225047493,3.81011166581923,3.83763012263811,0,,,,,,,,,3.74395317642545
"canonical","B2_sweep_serial",3,400,30,"GATT","g=4_t=5",4,5,1,"wang",3.68679846890131,0.10402451615693,3.48291416211631,3.51569332740252,3.8579036104001,3.89068277568631,1.95168412350443e-275,,,,,,,,,3.74395317642545
"canonical","B2_sweep_serial",3,400,30,"GATT","g=4_t=6",4,6,2,"wang",3.6489658547105,0.114880663301772,3.42380389034291,3.46000393615593,3.83792777326508,3.8741278190781,1.04691891376785e-221,,,,,,,,,3.74395317642545
"canonical","B2_sweep_serial",3,400,30,"GATT","g=4_t=7",4,7,3,"wang",3.6390115777205,0.118587791924332,3.40658377470932,3.44395197382259,3.8340711816184,3.87143938073168,4.34542248579309e-207,,,,,,,,,3.74395317642545
"canonical","B2_sweep_serial",3,400,30,"CATT","surface",,,,"wang",,,,,,,,0.461471975581125,0.420139504903412,784,0.116181259589368,0.767857142857143,1.13740190911922,0.622448979591837,0.954537981219236,
"canonical","B2_sweep_serial",3,400,31,"GATT","g=4_t=4",4,4,0,"wang",3.64038321123673,0.0896411162245681,3.46468985051676,3.49293666265028,3.78782975982317,3.8160765719567,0,,,,,,,,,3.81437189089398
"canonical","B2_sweep_serial",3,400,31,"GATT","g=4_t=5",4,5,1,"wang",3.5486865137649,0.0948704312264042,3.36274388389668,3.39263850548043,3.70473452204938,3.73462914363313,1.58355423361441e-306,,,,,,,,,3.81437189089398
"canonical","B2_sweep_serial",3,400,31,"GATT","g=4_t=6",4,6,2,"wang",3.72743053261996,0.0966844373961584,3.53793251596323,3.56839874903114,3.88646231620878,3.91692854927668,0,,,,,,,,,3.81437189089398
"canonical","B2_sweep_serial",3,400,31,"GATT","g=4_t=7",4,7,3,"wang",3.77394642630967,0.103949025084809,3.57021007930835,3.60296545660282,3.94492739601652,3.97768277331099,6.56655891308307e-289,,,,,,,,,3.81437189089398
"canonical","B2_sweep_serial",3,400,31,"CATT","surface",,,,"wang",,,,,,,,0.445845071471209,0.36225565700446,848,0.100662549447155,0.76061320754717,1.09334360687958,0.67688679245283,0.917563080316935,
"canonical","B2_sweep_serial",3,400,32,"GATT","g=4_t=4",4,4,0,"wang",3.75792421806389,0.0876103247816878,3.58621113546347,3.61381802490543,3.90203041122234,3.9296373006643,0,,,,,,,,,3.70819998113383
"canonical","B2_sweep_serial",3,400,32,"GATT","g=4_t=5",4,5,1,"wang",3.80550636695853,0.100939324492438,3.60766892476903,3.63947591530984,3.97153681860721,4.00334380914802,2.3978963136606e-311,,,,,,,,,3.70819998113383
"canonical","B2_sweep_serial",3,400,32,"GATT","g=4_t=6",4,6,2,"wang",3.68133050651899,0.111134627162797,3.46351063812648,3.49853027049175,3.86413074254622,3.89915037491149,6.49646108799263e-241,,,,,,,,,3.70819998113383
"canonical","B2_sweep_serial",3,400,32,"GATT","g=4_t=7",4,7,3,"wang",3.74725688526089,0.111721467357979,3.52828683121207,3.56349138279125,3.93102238773053,3.9662269393097,6.07653955662046e-247,,,,,,,,,3.70819998113383
"canonical","B2_sweep_serial",3,400,32,"CATT","surface",,,,"wang",,,,,,,,0.388214773056136,0.320145845109746,792,0.0998974417605731,0.801767676767677,1.12697786701756,0.720959595959596,0.945789847402967,
"canonical","B2_sweep_serial",3,400,33,"GATT","g=4_t=4",4,4,0,"wang",3.56905285311708,0.0820849432991852,3.40816931930864,3.43403510579165,3.70407060044252,3.72993638692553,0,,,,,,,,,3.63160858630672
"canonical","B2_sweep_serial",3,400,33,"GATT","g=4_t=5",4,5,1,"wang",3.56450601615478,0.0959616737852996,3.37642459015585,3.40666307318233,3.72234895912722,3.75258744215371,2.6299344690065e-302,,,,,,,,,3.63160858630672
"canonical","B2_sweep_serial",3,400,33,"GATT","g=4_t=6",4,6,2,"wang",3.39894493687272,0.110024416484216,3.18330104144265,3.21797083532099,3.57991903842445,3.61458883230279,7.49844270767059e-210,,,,,,,,,3.63160858630672
"canonical","B2_sweep_serial",3,400,33,"GATT","g=4_t=7",4,7,3,"wang",3.56138934991428,0.113482307938919,3.33896811171708,3.37472752177172,3.74805117805684,3.78381058811148,1.73844887125645e-216,,,,,,,,,3.63160858630672
"canonical","B2_sweep_serial",3,400,33,"CATT","surface",,,,"wang",,,,,,,,0.53017016511198,0.458166667517494,736,0.129625642502823,0.577445652173913,1.02268768593396,0.5,0.858266749266425,
"canonical","B2_sweep_serial",3,400,34,"GATT","g=4_t=4",4,4,0,"wang",3.83230484500625,0.0805933674089744,3.67434474624588,3.69974052225013,3.96486916776237,3.99026494376661,0,,,,,,,,,3.80098128851349
"canonical","B2_sweep_serial",3,400,34,"GATT","g=4_t=5",4,5,1,"wang",3.88645487176638,0.0961681742693332,3.69796871225276,3.72827226564677,4.04463747788598,4.07494103127999,0,,,,,,,,,3.80098128851349
"canonical","B2_sweep_serial",3,400,34,"GATT","g=4_t=6",4,6,2,"wang",3.86006035675235,0.104283705104829,3.65566804896027,3.68852888727585,4.03159182622885,4.06445266454443,3.28634473285058e-300,,,,,,,,,3.80098128851349
"canonical","B2_sweep_serial",3,400,34,"GATT","g=4_t=7",4,7,3,"wang",3.74447831208707,0.116183421446551,3.51676298865501,3.55337354658703,3.93558307758712,3.97219363551914,3.46125564116256e-228,,,,,,,,,3.80098128851349
"canonical","B2_sweep_serial",3,400,34,"CATT","surface",,,,"wang",,,,,,,,0.442628712710683,0.366801529647779,800,0.107865254039866,0.7525,1.10612319923983,0.6825,0.928288054659387,
"canonical","B2_sweep_serial",3,400,35,"GATT","g=4_t=4",4,4,0,"wang",3.656714151182,0.0819319387264674,3.49613050082792,3.52194807404002,3.79148022832399,3.81729780153608,0,,,,,,,,,3.65231652728886
"canonical","B2_sweep_serial",3,400,35,"GATT","g=4_t=5",4,5,1,"wang",3.68582285811269,0.0898595906128002,3.50970129545686,3.53801695105486,3.83362876517052,3.86194442076852,0,,,,,,,,,3.65231652728886
"canonical","B2_sweep_serial",3,400,35,"GATT","g=4_t=6",4,6,2,"wang",3.39165003235178,0.104030311582087,3.18775436674211,3.22053535822474,3.56276470647882,3.59554569796146,1.88889709801163e-233,,,,,,,,,3.65231652728886
"canonical","B2_sweep_serial",3,400,35,"GATT","g=4_t=7",4,7,3,"wang",3.41866313503262,0.120184890540493,3.18310507622932,3.22097653708753,3.61634973297771,3.65422119383593,2.80684543079904e-178,,,,,,,,,3.65231652728886
"canonical","B2_sweep_serial",3,400,35,"CATT","surface",,,,"wang",,,,,,,,0.383894453077015,0.298183534566601,808,0.0818821002036794,0.793316831683168,1.09030156035546,0.738861386138614,0.915010113837256,
"canonical","B2_sweep_serial",3,400,36,"GATT","g=4_t=4",4,4,0,"wang",3.63125434190305,0.0887843135089398,3.45724028366081,3.48521710869062,3.77729157511548,3.80526840014528,0,,,,,,,,,3.71073751612644
"canonical","B2_sweep_serial",3,400,36,"GATT","g=4_t=5",4,5,1,"wang",3.76800970898559,0.0973591642157633,3.5771892520526,3.60786809828863,3.92815131968254,3.95883016591857,0,,,,,,,,,3.71073751612644
"canonical","B2_sweep_serial",3,400,36,"GATT","g=4_t=6",4,6,2,"wang",3.7530536253381,0.103018557340591,3.5511409616186,3.58360313922219,3.922504111454,3.95496628905759,6.91528471816876e-291,,,,,,,,,3.71073751612644
"canonical","B2_sweep_serial",3,400,36,"GATT","g=4_t=7",4,7,3,"wang",3.76857197698799,0.105353633670144,3.56208264772532,3.59528063123112,3.94186332274486,3.97506130625066,1.57761282157963e-280,,,,,,,,,3.71073751612644
"canonical","B2_sweep_serial",3,400,36,"CATT","surface",,,,"wang",,,,,,,,0.441690526940076,0.373397325059213,840,0.110937681703435,0.698809523809524,1.02495242235156,0.610714285714286,0.860167376398061,
"canonical","B2_sweep_serial",3,400,37,"GATT","g=4_t=4",4,4,0,"wang",3.72671450434171,0.0816723624458609,3.56663961415287,3.59237539228319,3.86105361640023,3.88678939453055,0,,,,,,,,,3.6266673217431
"canonical","B2_sweep_serial",3,400,37,"GATT","g=4_t=5",4,5,1,"wang",3.78305984162414,0.0901364942495208,3.60639555780888,3.63479846851184,3.93132121473644,3.95972412543941,0,,,,,,,,,3.6266673217431
"canonical","B2_sweep_serial",3,400,37,"GATT","g=4_t=6",4,6,2,"wang",3.98001923620658,0.0992171938781336,3.78555710802442,3.81682143798735,4.1432170344258,4.17448136438874,0,,,,,,,,,3.6266673217431
"canonical","B2_sweep_serial",3,400,37,"GATT","g=4_t=7",4,7,3,"wang",3.99336617407462,0.101145682954658,3.79512427672807,3.82699629288391,4.15973605526532,4.19160807142116,0,,,,,,,,,3.6266673217431
"canonical","B2_sweep_serial",3,400,37,"CATT","surface",,,,"wang",,,,,,,,0.513896979246378,0.432176501991288,860,0.14095706418114,0.604651162790698,1.0273448057347,0.526744186046512,0.862175128263553,
"canonical","B2_sweep_serial",3,400,38,"GATT","g=4_t=4",4,4,0,"wang",3.6303090698507,0.0837256397110847,3.46620983014,3.49259261646936,3.76802552323204,3.7944083095614,0,,,,,,,,,3.77688039705226
"canonical","B2_sweep_serial",3,400,38,"GATT","g=4_t=5",4,5,1,"wang",3.63881931476772,0.0968596532613723,3.44897788132295,3.47949932666214,3.7981393028733,3.82866074821249,3.58690516673222e-309,,,,,,,,,3.77688039705226
"canonical","B2_sweep_serial",3,400,38,"GATT","g=4_t=6",4,6,2,"wang",3.67594825721797,0.105638398485009,3.46890079916969,3.5021885149163,3.84970799951963,3.88299571526624,1.32847098555813e-265,,,,,,,,,3.77688039705226
"canonical","B2_sweep_serial",3,400,38,"GATT","g=4_t=7",4,7,3,"wang",3.75516881512466,0.116601403137934,3.52663426262482,3.56337653076762,3.9469610994817,3.9837033676245,7.46827428666869e-228,,,,,,,,,3.77688039705226
"canonical","B2_sweep_serial",3,400,38,"CATT","surface",,,,"wang",,,,,,,,0.345426101395437,0.296488702812383,808,0.0844386388018564,0.899752475247525,1.16199094633034,0.83539603960396,0.975173756270645,
"canonical","B2_sweep_serial",3,400,39,"GATT","g=4_t=4",4,4,0,"wang",3.63281878519609,0.081328536988007,3.47341778052693,3.49904521581722,3.76659235457497,3.79221978986526,0,,,,,,,,,3.65843568697845
"canonical","B2_sweep_serial",3,400,39,"GATT","g=4_t=5",4,5,1,"wang",3.68479187866082,0.0932828500631734,3.5019608507196,3.53135520960301,3.83822854771863,3.86762290660204,0,,,,,,,,,3.65843568697845
"canonical","B2_sweep_serial",3,400,39,"GATT","g=4_t=6",4,6,2,"wang",3.79977297735407,0.0958333559199037,3.61194304975187,3.64214109853579,3.95740485617234,3.98760290495627,0,,,,,,,,,3.65843568697845
"canonical","B2_sweep_serial",3,400,39,"GATT","g=4_t=7",4,7,3,"wang",3.83919259527636,0.101145645258375,3.64095077181317,3.67282277609054,4.00556241446218,4.03743441873954,1.47482406506004e-315,,,,,,,,,3.65843568697845
"canonical","B2_sweep_serial",3,400,39,"CATT","surface",,,,"wang",,,,,,,,0.486470330771882,0.390764429040995,816,0.121899067114078,0.64828431372549,1.02759479369708,0.566176470588235,0.862384924820972,
"canonical","B2_sweep_serial",3,400,40,"GATT","g=4_t=4",4,4,0,"wang",3.82479907197704,0.0915450762527217,3.64537401814445,3.67422078712245,3.97537735683163,4.00422412580963,0,,,,,,,,,3.71343123657631
"canonical","B2_sweep_serial",3,400,40,"GATT","g=4_t=5",4,5,1,"wang",3.86688256646406,0.0906714962128113,3.68916969806082,3.71774119323244,4.01602393969569,4.04459543486731,0,,,,,,,,,3.71343123657631
"canonical","B2_sweep_serial",3,400,40,"GATT","g=4_t=6",4,6,2,"wang",3.80813827555883,0.0894913815129404,3.6327383894832,3.66093801871174,3.95533853240592,3.98353816163446,0,,,,,,,,,3.71343123657631
"canonical","B2_sweep_serial",3,400,40,"GATT","g=4_t=7",4,7,3,"wang",3.78049319356101,0.10501422438531,3.57466909427788,3.60776012652393,3.95322626059808,3.98631729284414,4.20981006495978e-284,,,,,,,,,3.71343123657631
"canonical","B2_sweep_serial",3,400,40,"CATT","surface",,,,"wang",,,,,,,,0.511151763325697,0.410059522606868,808,0.128263565235441,0.636138613861386,0.950934257404836,0.574257425742574,0.798049360615488,
"canonical","B2_sweep_serial",3,400,41,"GATT","g=4_t=4",4,4,0,"wang",3.84663784110902,0.0780046214101164,3.69375159131156,3.71833162756411,3.97494405465394,3.99952409090648,0,,,,,,,,,3.84863711760198
"canonical","B2_sweep_serial",3,400,41,"GATT","g=4_t=5",4,5,1,"wang",3.91472413664995,0.0941926393881085,3.73010995438428,3.75979099698186,4.06965727631804,4.09933831891563,0,,,,,,,,,3.84863711760198
"canonical","B2_sweep_serial",3,400,41,"GATT","g=4_t=6",4,6,2,"wang",3.98421333640435,0.0939367566895537,3.80010067501607,3.82970108641651,4.13872558639219,4.16832599779264,0,,,,,,,,,3.84863711760198
"canonical","B2_sweep_serial",3,400,41,"GATT","g=4_t=7",4,7,3,"wang",3.95526976181415,0.103766928240928,3.75189031807135,3.78458831482935,4.12595120879895,4.15864920555695,3.36747733220706e-318,,,,,,,,,3.84863711760198
"canonical","B2_sweep_serial",3,400,41,"CATT","surface",,,,"wang",,,,,,,,0.536881917096141,0.436228794683301,824,0.131699491137788,0.572815533980582,1.01607639564707,0.485436893203884,0.852718378340452,
"canonical","B2_sweep_serial",3,400,42,"GATT","g=4_t=4",4,4,0,"wang",3.78247785567659,0.0801948601332465,3.62529881683039,3.65056901920698,3.9143866921462,3.93965689452279,0,,,,,,,,,3.68931830028346
"canonical","B2_sweep_serial",3,400,42,"GATT","g=4_t=5",4,5,1,"wang",3.71954083951432,0.0930592022770269,3.53714815318263,3.56647203841214,3.8726096406165,3.90193352584601,0,,,,,,,,,3.68931830028346
"canonical","B2_sweep_serial",3,400,42,"GATT","g=4_t=6",4,6,2,"wang",3.64847613161326,0.105224586060686,3.44223973101942,3.475397050333,3.82155521289352,3.85471253220711,9.97753156151208e-264,,,,,,,,,3.68931830028346
"canonical","B2_sweep_serial",3,400,42,"GATT","g=4_t=7",4,7,3,"wang",3.60708532256145,0.109028401929099,3.39339357980289,3.42774951953477,3.78642112558814,3.82077706532002,2.5323074943699e-240,,,,,,,,,3.68931830028346
"canonical","B2_sweep_serial",3,400,42,"CATT","surface",,,,"wang",,,,,,,,0.505406086323725,0.418559997849325,816,0.124978882968233,0.669117647058823,1.09058034601176,0.58578431372549,0.915244078186553,
"canonical","B2_sweep_serial",3,400,43,"GATT","g=4_t=4",4,4,0,"wang",3.68508669623513,0.089854048543337,3.50897599583593,3.53728990507242,3.83288348739783,3.86119739663432,0,,,,,,,,,3.72462105381774
"canonical","B2_sweep_serial",3,400,43,"GATT","g=4_t=5",4,5,1,"wang",3.74205324236305,0.10734421364154,3.53166244801732,3.56548768317791,3.91861880154819,3.95244403670878,1.48542217786095e-266,,,,,,,,,3.72462105381774
"canonical","B2_sweep_serial",3,400,43,"GATT","g=4_t=6",4,6,2,"wang",3.74754642111581,0.112322993907914,3.52739739668408,3.5627914952944,3.93230134693722,3.96769544554754,2.28095033472187e-244,,,,,,,,,3.72462105381774
"canonical","B2_sweep_serial",3,400,43,"GATT","g=4_t=7",4,7,3,"wang",3.70118338366413,0.118802055971543,3.46833563083392,3.50577134669111,3.89659542063714,3.93403113649433,2.22448003247409e-213,,,,,,,,,3.72462105381774
"canonical","B2_sweep_serial",3,400,43,"CATT","surface",,,,"wang",,,,,,,,0.407523537414916,0.32674562038774,784,0.0922775477839604,0.795918367346939,1.10434979732531,0.724489795918367,0.926799768531325,
"canonical","B2_sweep_serial",3,400,44,"GATT","g=4_t=4",4,4,0,"wang",3.76507123751212,0.0807898547567644,3.60672603062364,3.63218372175604,3.89795875326821,3.92341644440061,0,,,,,,,,,3.69421374215537
"canonical","B2_sweep_serial",3,400,44,"GATT","g=4_t=5",4,5,1,"wang",3.72975811477406,0.0933610956081979,3.54677372838144,3.57619274321853,3.88332348632959,3.91274250116669,0,,,,,,,,,3.69421374215537
"canonical","B2_sweep_serial",3,400,44,"GATT","g=4_t=6",4,6,2,"wang",3.81598550705096,0.102357624186135,3.6153682485206,3.6476221594779,3.98434885462402,4.01660276558131,1.67289695042042e-304,,,,,,,,,3.69421374215537
"canonical","B2_sweep_serial",3,400,44,"GATT","g=4_t=7",4,7,3,"wang",3.85340919198035,0.114533727561657,3.6289272091737,3.66501793206565,4.04180045189505,4.07789117478701,1.88770195797518e-248,,,,,,,,,3.69421374215537
"canonical","B2_sweep_serial",3,400,44,"CATT","surface",,,,"wang",,,,,,,,0.391145910532084,0.312187838468524,768,0.0995794360424174,0.766927083333333,0.987749434440237,0.716145833333333,0.828945637897819,
"canonical","B2_sweep_serial",3,400,45,"GATT","g=4_t=4",4,4,0,"wang",3.75058432593383,0.0903750269396137,3.57345252663316,3.6019306013721,3.89923805049556,3.9277161252345,0,,,,,,,,,3.67930109353165
"canonical","B2_sweep_serial",3,400,45,"GATT","g=4_t=5",4,5,1,"wang",3.67205446331252,0.0958283294586582,3.48423438739341,3.51443085228912,3.82967807433591,3.85987453923163,1.47231562460691e-321,,,,,,,,,3.67930109353165
"canonical","B2_sweep_serial",3,400,45,"GATT","g=4_t=6",4,6,2,"wang",3.68063476313299,0.110574767507645,3.46391219950964,3.49875541449897,3.86251411176701,3.89735732675635,3.03840318870522e-243,,,,,,,,,3.67930109353165
"canonical","B2_sweep_serial",3,400,45,"GATT","g=4_t=7",4,7,3,"wang",3.44558633558439,0.115866424525443,3.21849231470581,3.25500298373802,3.63616968743076,3.67268035646298,1.25531500208539e-194,,,,,,,,,3.67930109353165
"canonical","B2_sweep_serial",3,400,45,"CATT","surface",,,,"wang",,,,,,,,0.443236990313882,0.360865354245381,792,0.105283426317627,0.736111111111111,1.14868057606914,0.667929292929293,0.964003338974403,
"canonical","B2_sweep_serial",3,400,46,"GATT","g=4_t=4",4,4,0,"wang",3.6848280460005,0.0819200124878182,3.52426777064482,3.55008158577986,3.81957450622113,3.84538832135617,0,,,,,,,,,3.69245307461659
"canonical","B2_sweep_serial",3,400,46,"GATT","g=4_t=5",4,5,1,"wang",3.76628563754911,0.0915765729069165,3.58679885140818,3.61565554529688,3.91691572980134,3.94577242369004,0,,,,,,,,,3.69245307461659
"canonical","B2_sweep_serial",3,400,46,"GATT","g=4_t=6",4,6,2,"wang",3.91659854571378,0.101515891528394,3.71763105289022,3.74961972546973,4.08357736595782,4.11556603853733,0,,,,,,,,,3.69245307461659
"canonical","B2_sweep_serial",3,400,46,"GATT","g=4_t=7",4,7,3,"wang",3.8164199436515,0.103513827284097,3.61353656867246,3.64615481078795,3.98668507651506,4.01930331863055,7.33684642344035e-298,,,,,,,,,3.69245307461659
"canonical","B2_sweep_serial",3,400,46,"CATT","surface",,,,"wang",,,,,,,,0.400792360111836,0.325041111572473,816,0.0971954328303918,0.786764705882353,1.11580850516348,0.713235294117647,0.936416221395993,
"canonical","B2_sweep_serial",3,400,47,"GATT","g=4_t=4",4,4,0,"wang",3.79579642147147,0.0907433661525327,3.61794269057369,3.64653683268202,3.94505601026093,3.97365015236926,0,,,,,,,,,3.72491271984141
"canonical","B2_sweep_serial",3,400,47,"GATT","g=4_t=5",4,5,1,"wang",3.8848750393915,0.101859131131577,3.68523480930233,3.7173316401132,4.0524184386698,4.08451526948067,1.40979655778216e-318,,,,,,,,,3.72491271984141
"canonical","B2_sweep_serial",3,400,47,"GATT","g=4_t=6",4,6,2,"wang",3.81975273162321,0.101139287733142,3.62152336868061,3.6533933696382,3.98611209360822,4.01798209456581,1.95990176887854e-312,,,,,,,,,3.72491271984141
"canonical","B2_sweep_serial",3,400,47,"GATT","g=4_t=7",4,7,3,"wang",3.88692404096012,0.110607604292684,3.67013711842021,3.70499068060888,4.06885740131136,4.10371096350003,7.82028476937043e-271,,,,,,,,,3.72491271984141
"canonical","B2_sweep_serial",3,400,47,"CATT","surface",,,,"wang",,,,,,,,0.37168471001323,0.314753922300825,756,0.0947070942449879,0.867724867724868,1.16618600955943,0.776455026455027,0.978694365084192,
"canonical","B2_sweep_serial",3,400,48,"GATT","g=4_t=4",4,4,0,"wang",3.85327209911295,0.0829138139640406,3.69076400864074,3.71689098055895,3.98965321766696,4.01578018958517,0,,,,,,,,,3.75676583193719
"canonical","B2_sweep_serial",3,400,48,"GATT","g=4_t=5",4,5,1,"wang",3.95474875306679,0.103280886659313,3.75232193332645,3.78486677352167,4.1246307326119,4.15717557280712,4.29343046236043e-321,,,,,,,,,3.75676583193719
"canonical","B2_sweep_serial",3,400,48,"GATT","g=4_t=6",4,6,2,"wang",3.78865004476061,0.101910978611793,3.58890819547673,3.62102136394709,3.95627872557413,3.98839189404449,8.3122612185713e-303,,,,,,,,,3.75676583193719
"canonical","B2_sweep_serial",3,400,48,"GATT","g=4_t=7",4,7,3,"wang",3.84754415684269,0.111476382776905,3.62905445974973,3.66418178272657,4.03090653095881,4.06603385393564,2.43636932826309e-261,,,,,,,,,3.75676583193719
"canonical","B2_sweep_serial",3,400,48,"CATT","surface",,,,"wang",,,,,,,,0.57296877952592,0.474515576914178,720,0.140356261319466,0.522222222222222,0.918409182672684,0.452777777777778,0.770753451469463,
"canonical","B2_sweep_serial",3,400,49,"GATT","g=4_t=4",4,4,0,"wang",3.77142283376918,0.0828303756521052,3.60907827938458,3.63517895905632,3.90766670848205,3.93376738815379,0,,,,,,,,,3.86221724832673
"canonical","B2_sweep_serial",3,400,49,"GATT","g=4_t=5",4,5,1,"wang",3.73671482068551,0.0893869884194817,3.56151954131491,3.58968627523577,3.88374336613525,3.91191010005611,0,,,,,,,,,3.86221724832673
"canonical","B2_sweep_serial",3,400,49,"GATT","g=4_t=6",4,6,2,"wang",3.74617520481702,0.09956200113184,3.55103726683065,3.58241024900731,3.90994016062673,3.94131314280338,3.95574627449185e-310,,,,,,,,,3.86221724832673
"canonical","B2_sweep_serial",3,400,49,"GATT","g=4_t=7",4,7,3,"wang",3.90195129512522,0.104998545719884,3.69615792546189,3.72924401720369,4.07465857304675,4.10774466478854,1.40533940363895e-302,,,,,,,,,3.86221724832673
"canonical","B2_sweep_serial",3,400,49,"CATT","surface",,,,"wang",,,,,,,,0.533330455416884,0.450386748297172,784,0.127457592671445,0.576530612244898,1.01704699655046,0.480867346938776,0.853532932474277,
"canonical","B2_sweep_serial",3,400,50,"GATT","g=4_t=4",4,4,0,"wang",3.80520587257013,0.0815834740678187,3.64530520040228,3.67101296891579,3.93939877622448,3.96510654473799,0,,,,,,,,,3.80786101643304
"canonical","B2_sweep_serial",3,400,50,"GATT","g=4_t=5",4,5,1,"wang",3.8058769171116,0.0919472949576729,3.62566352909718,3.65463704121129,3.95711679301191,3.98609030512602,0,,,,,,,,,3.80786101643304
"canonical","B2_sweep_serial",3,400,50,"GATT","g=4_t=6",4,6,2,"wang",3.73509808714821,0.103267149362466,3.53269819201515,3.56523870345076,3.90495747084566,3.93749798228126,9.26020258816167e-287,,,,,,,,,3.80786101643304
"canonical","B2_sweep_serial",3,400,50,"GATT","g=4_t=7",4,7,3,"wang",3.71336293135639,0.109845442789321,3.49806981792526,3.5326832154026,3.89404264731017,3.92865604478751,8.23012645283985e-251,,,,,,,,,3.80786101643304
"canonical","B2_sweep_serial",3,400,50,"CATT","surface",,,,"wang",,,,,,,,0.56538849186325,0.460517105218843,788,0.128665816973026,0.586294416243655,0.995413532372966,0.521573604060914,0.835377553045772,
"canonical","B2_sweep_serial",3,400,51,"GATT","g=4_t=4",4,4,0,"wang",3.64285301203081,0.0791483415106158,3.48772511201029,3.5126655459037,3.77304047815791,3.79798091205132,0,,,,,,,,,3.74674985162131
"canonical","B2_sweep_serial",3,400,51,"GATT","g=4_t=5",4,5,1,"wang",3.5966091067947,0.0877511592779716,3.42461999365161,3.45227126145169,3.7409469521377,3.76859821993779,0,,,,,,,,,3.74674985162131
"canonical","B2_sweep_serial",3,400,51,"GATT","g=4_t=6",4,6,2,"wang",3.63118144405614,0.0965933790075514,3.44186189856298,3.47229943822205,3.79006344989022,3.82050098954929,1.42807059814287e-309,,,,,,,,,3.74674985162131
"canonical","B2_sweep_serial",3,400,51,"GATT","g=4_t=7",4,7,3,"wang",3.90022997110866,0.109065319199603,3.68646587182893,3.72083344456191,4.0796264976554,4.11399407038839,2.27210432537473e-280,,,,,,,,,3.74674985162131
"canonical","B2_sweep_serial",3,400,51,"CATT","surface",,,,"wang",,,,,,,,0.604092441188199,0.474541858343706,796,0.135550973095891,0.575376884422111,0.946328248538904,0.525125628140704,0.794183875276388,
"canonical","B2_sweep_serial",3,400,52,"GATT","g=4_t=4",4,4,0,"wang",3.73081946147763,0.0790441381750981,3.57589579624341,3.60080339462377,3.86083552833149,3.88574312671185,0,,,,,,,,,3.80200795170654
"canonical","B2_sweep_serial",3,400,52,"GATT","g=4_t=5",4,5,1,"wang",3.92974925550925,0.0953782074403002,3.74281140254173,3.77286602948824,4.08663248153026,4.11668710847677,0,,,,,,,,,3.80200795170654
"canonical","B2_sweep_serial",3,400,52,"GATT","g=4_t=6",4,6,2,"wang",3.85589410568503,0.101326190532964,3.65729841998328,3.68922731588212,4.02256089548794,4.05448979138678,3.65882043257496e-317,,,,,,,,,3.80200795170654
"canonical","B2_sweep_serial",3,400,52,"GATT","g=4_t=7",4,7,3,"wang",3.92182508243414,0.104597896366532,3.71681697108001,3.74977681420406,4.09387335066422,4.12683319378827,5.70328024670425e-308,,,,,,,,,3.80200795170654
"canonical","B2_sweep_serial",3,400,52,"CATT","surface",,,,"wang",,,,,,,,0.560865172739167,0.500664033574595,812,0.143418554491398,0.455665024630542,0.983236589437785,0.350985221674877,0.825158338154731,
"canonical","B2_sweep_serial",3,400,53,"GATT","g=4_t=4",4,4,0,"wang",3.61614635713532,0.0784751040265978,3.46233797834693,3.48706626837675,3.74522644589388,3.76995473592371,0,,,,,,,,,3.77800481976897
"canonical","B2_sweep_serial",3,400,53,"GATT","g=4_t=5",4,5,1,"wang",3.60686281311834,0.0982544727793352,3.41428758363187,3.44524855054936,3.76847707568732,3.79943804260482,2.58529589634425e-295,,,,,,,,,3.77800481976897
"canonical","B2_sweep_serial",3,400,53,"GATT","g=4_t=6",4,6,2,"wang",3.65420130218015,0.112970314022476,3.4327835536274,3.46838162927902,3.84002097508127,3.8756190507329,7.75334883109007e-230,,,,,,,,,3.77800481976897
"canonical","B2_sweep_serial",3,400,53,"GATT","g=4_t=7",4,7,3,"wang",3.72085495365494,0.117444152065328,3.49066864359637,3.52767647035368,3.9140334369562,3.95104126371351,1.37900085117633e-220,,,,,,,,,3.77800481976897
"canonical","B2_sweep_serial",3,400,53,"CATT","surface",,,,"wang",,,,,,,,0.430010816850725,0.382289151720721,856,0.103858498362592,0.816588785046729,1.17452643456742,0.706775700934579,0.98569387193028,
"canonical","B2_sweep_serial",3,400,54,"GATT","g=4_t=4",4,4,0,"wang",3.82366001182788,0.0884471538861202,3.65030677430863,3.67817735696968,3.96914266668608,3.99701324934714,0,,,,,,,,,3.71085341442565
"canonical","B2_sweep_serial",3,400,54,"GATT","g=4_t=5",4,5,1,"wang",3.85455631711775,0.090378089238925,3.67741851582067,3.70589755552075,4.00321507871476,4.03169411841484,0,,,,,,,,,3.71085341442565
"canonical","B2_sweep_serial",3,400,54,"GATT","g=4_t=6",4,6,2,"wang",3.80698662682225,0.0993141978488799,3.61233437434957,3.64362927123373,3.97034398241077,4.00163887929493,8.74496193139006e-322,,,,,,,,,3.71085341442565
"canonical","B2_sweep_serial",3,400,54,"GATT","g=4_t=7",4,7,3,"wang",3.9864668910748,0.108105687695163,3.77458363499703,3.80864881824666,4.16428496390294,4.19835014715256,5.67778350271108e-298,,,,,,,,,3.71085341442565
"canonical","B2_sweep_serial",3,400,54,"CATT","surface",,,,"wang",,,,,,,,0.368215112041562,0.294986985213529,844,0.0950702486092235,0.78436018957346,1.07149267238293,0.75,0.899225194003439,
"canonical","B2_sweep_serial",3,400,55,"GATT","g=4_t=4",4,4,0,"wang",3.72404123167097,0.0819545260998303,3.56341331087824,3.58923800159756,3.85884446174438,3.88466915246369,0,,,,,,,,,3.77109626210825
"canonical","B2_sweep_serial",3,400,55,"GATT","g=4_t=5",4,5,1,"wang",3.77108753481109,0.0954005452262748,3.58410590058722,3.61416756639347,3.92800750322871,3.95806916903496,0,,,,,,,,,3.77109626210825
"canonical","B2_sweep_serial",3,400,55,"GATT","g=4_t=6",4,6,2,"wang",3.79110175836221,0.106038891586117,3.58326934825351,3.61668326338122,3.9655202533432,3.9989341684709,3.08016299379905e-280,,,,,,,,,3.77109626210825
"canonical","B2_sweep_serial",3,400,55,"GATT","g=4_t=7",4,7,3,"wang",3.6555938795504,0.114608553911206,3.43096523979238,3.46707954121534,3.84410821788547,3.88022251930843,1.50032209145724e-223,,,,,,,,,3.77109626210825
"canonical","B2_sweep_serial",3,400,55,"CATT","surface",,,,"wang",,,,,,,,0.546810289733467,0.468904436539918,824,0.13597304605491,0.549757281553398,1.09064034985022,0.472087378640777,0.915294435006223,
"canonical","B2_sweep_serial",3,400,56,"GATT","g=4_t=4",4,4,0,"wang",3.71877182654589,0.0762281171543805,3.56936746113552,3.59338770313204,3.84415594995974,3.86817619195626,0,,,,,,,,,3.77323489659683
"canonical","B2_sweep_serial",3,400,56,"GATT","g=4_t=5",4,5,1,"wang",3.85322200801612,0.0919590021500329,3.67298567432613,3.70196287549363,4.00448114053861,4.03345834170611,0,,,,,,,,,3.77323489659683
"canonical","B2_sweep_serial",3,400,56,"GATT","g=4_t=6",4,6,2,"wang",3.7766263235262,0.103204401539542,3.57434941186716,3.60687015083628,3.94638249621612,3.97890323518525,1.80409550843648e-293,,,,,,,,,3.77323489659683
"canonical","B2_sweep_serial",3,400,56,"GATT","g=4_t=7",4,7,3,"wang",3.5846741057545,0.11583309827794,3.35764540312128,3.39414557071964,3.77520264078937,3.81170280838773,1.398819606394e-210,,,,,,,,,3.77323489659683
"canonical","B2_sweep_serial",3,400,56,"CATT","surface",,,,"wang",,,,,,,,0.527502674461431,0.441392707187286,828,0.123013936070959,0.646135265700483,1.0239282059401,0.535024154589372,0.859307826701615,
"canonical","B2_sweep_serial",3,400,57,"GATT","g=4_t=4",4,4,0,"wang",3.61047088817526,0.0892107665881632,3.43562099725006,3.46373220190965,3.75720957444087,3.78532077910046,0,,,,,,,,,3.73259251136113
"canonical","B2_sweep_serial",3,400,57,"GATT","g=4_t=5",4,5,1,"wang",3.64971283111598,0.103194886608397,3.44745456837944,3.47997230909862,3.81945335313335,3.85197109385252,2.72875009612421e-274,,,,,,,,,3.73259251136113
"canonical","B2_sweep_serial",3,400,57,"GATT","g=4_t=6",4,6,2,"wang",3.82451603087151,0.107387858900231,3.61403969338998,3.64787868160803,4.00115338013499,4.03499236835304,4.2464890695379e-278,,,,,,,,,3.73259251136113
"canonical","B2_sweep_serial",3,400,57,"GATT","g=4_t=7",4,7,3,"wang",3.62666213690243,0.115995958286638,3.39931423451512,3.43586572093082,3.81745855287404,3.85401003928974,6.89046176935138e-215,,,,,,,,,3.73259251136113
"canonical","B2_sweep_serial",3,400,57,"CATT","surface",,,,"wang",,,,,,,,0.40405014113976,0.343151777109427,808,0.0931751702183908,0.766089108910891,1.02466391132655,0.672029702970297,0.859925250260272,
"canonical","B2_sweep_serial",3,400,58,"GATT","g=4_t=4",4,4,0,"wang",3.84325541463709,0.0821183864200739,3.68230633351565,3.70818265826048,3.97832817101369,4.00420449575852,0,,,,,,,,,3.77664749723893
"canonical","B2_sweep_serial",3,400,58,"GATT","g=4_t=5",4,5,1,"wang",3.96657939557823,0.107628799274602,3.75563082363678,3.7895457345762,4.14361305658025,4.17752796751967,1.24983309429068e-297,,,,,,,,,3.77664749723893
"canonical","B2_sweep_serial",3,400,58,"GATT","g=4_t=6",4,6,2,"wang",4.01769745388843,0.107294225847147,3.80740463382015,3.84121411732685,4.19418079045002,4.22799027395671,3.5407130328702e-307,,,,,,,,,3.77664749723893
"canonical","B2_sweep_serial",3,400,58,"GATT","g=4_t=7",4,7,3,"wang",3.91540222190846,0.110120764950203,3.6995694869536,3.73426964119706,4.09653480261986,4.13123495686332,3.41224645078431e-277,,,,,,,,,3.77664749723893
"canonical","B2_sweep_serial",3,400,58,"CATT","surface",,,,"wang",,,,,,,,0.395073730412923,0.330065463686842,808,0.0973174359417586,0.785891089108911,1.04319614913061,0.689356435643564,0.875477997903067,
"canonical","B2_sweep_serial",3,400,59,"GATT","g=4_t=4",4,4,0,"wang",3.72554579269317,0.0945196773314698,3.54029062783187,3.57007472335579,3.88101686203054,3.91080095755446,0,,,,,,,,,3.69029049327491
"canonical","B2_sweep_serial",3,400,59,"GATT","g=4_t=5",4,5,1,"wang",3.77368282552864,0.102071568225553,3.57362622638301,3.60578999824656,3.94157565281071,3.97373942467427,1.67795659193276e-299,,,,,,,,,3.69029049327491
"canonical","B2_sweep_serial",3,400,59,"GATT","g=4_t=6",4,6,2,"wang",3.57441211859999,0.106837053100214,3.36501534065748,3.39868076445989,3.75014347274009,3.7838088965425,1.02927530972211e-245,,,,,,,,,3.69029049327491
"canonical","B2_sweep_serial",3,400,59,"GATT","g=4_t=7",4,7,3,"wang",3.6190915915797,0.110984853554251,3.40156527406809,3.43653771127157,3.80164547188782,3.8366179090913,1.5347856110794e-233,,,,,,,,,3.69029049327491
"canonical","B2_sweep_serial",3,400,59,"CATT","surface",,,,"wang",,,,,,,,0.39598436556729,0.333148512274954,792,0.0994667177336484,0.785353535353535,1.06218810741837,0.695707070707071,0.891416555222203,
"canonical","B2_sweep_serial",3,400,60,"GATT","g=4_t=4",4,4,0,"wang",3.59802522404473,0.0806876252438184,3.43988038332136,3.46530586091194,3.73074458717753,3.75617006476811,0,,,,,,,,,3.66096855339515
"canonical","B2_sweep_serial",3,400,60,"GATT","g=4_t=5",4,5,1,"wang",3.66650660537424,0.0902077177209875,3.48970272611894,3.51812808005,3.81488513069848,3.84331048462954,0,,,,,,,,,3.66096855339515
"canonical","B2_sweep_serial",3,400,60,"GATT","g=4_t=6",4,6,2,"wang",3.69109541128476,0.0970792487899852,3.50082357850935,3.53141422059556,3.85077660197396,3.88136724406018,1.27525966624541e-316,,,,,,,,,3.66096855339515
"canonical","B2_sweep_serial",3,400,60,"GATT","g=4_t=7",4,7,3,"wang",3.56104306346528,0.104428489180302,3.3563669840975,3.38927344532311,3.73281268160746,3.76571914283306,3.65020325870595e-255,,,,,,,,,3.66096855339515
"canonical","B2_sweep_serial",3,400,60,"CATT","surface",,,,"wang",,,,,,,,0.366935797872521,0.294363684833943,824,0.0883665725065179,0.842233009708738,1.13050970000501,0.780339805825243,0.948753855730023,
"canonical","B2_sweep_serial",3,400,61,"GATT","g=4_t=4",4,4,0,"wang",3.74849899415688,0.087371325579149,3.57725434138947,3.60478591979272,3.89221206852105,3.9197436469243,0,,,,,,,,,3.75197538241212
"canonical","B2_sweep_serial",3,400,61,"GATT","g=4_t=5",4,5,1,"wang",3.81107168518586,0.101263104881582,3.61259964508973,3.64450866206897,3.97763470830275,4.00954372528198,2.84132555515496e-310,,,,,,,,,3.75197538241212
"canonical","B2_sweep_serial",3,400,61,"GATT","g=4_t=6",4,6,2,"wang",3.9430804589692,0.121323380609743,3.70529100061581,3.74352121107975,4.14263970685866,4.1808699173226,5.23146335642033e-232,,,,,,,,,3.75197538241212
"canonical","B2_sweep_serial",3,400,61,"GATT","g=4_t=7",4,7,3,"wang",3.93529693713627,0.121720823504748,3.69672850501661,3.73508395371119,4.13550992056135,4.17386536925593,1.30339781571952e-229,,,,,,,,,3.75197538241212
"canonical","B2_sweep_serial",3,400,61,"CATT","surface",,,,"wang",,,,,,,,0.315045214364154,0.258246401712978,752,0.075741260483012,0.906914893617021,1.12631720333943,0.844414893617021,0.945235400844954,
"canonical","B2_sweep_serial",3,400,62,"GATT","g=4_t=4",4,4,0,"wang",3.81082573931047,0.0828359610914961,3.64847023766574,3.67457267736528,3.94707880125566,3.97318124095521,0,,,,,,,,,3.82729786183835
"canonical","B2_sweep_serial",3,400,62,"GATT","g=4_t=5",4,5,1,"wang",3.80565123634331,0.0874639909402519,3.63422496280409,3.66178574098928,3.94951673169735,3.97707750988253,0,,,,,,,,,3.82729786183835
"canonical","B2_sweep_serial",3,400,62,"GATT","g=4_t=6",4,6,2,"wang",3.87388451673293,0.102943293826696,3.67211936679118,3.70455782810891,4.04321120535695,4.07564966667468,3.31522448859794e-310,,,,,,,,,3.82729786183835
"canonical","B2_sweep_serial",3,400,62,"GATT","g=4_t=7",4,7,3,"wang",3.66809973275712,0.110106031261441,3.45229587530182,3.48699138681262,3.84920807870163,3.88390359021242,1.2005315121238e-243,,,,,,,,,3.82729786183835
"canonical","B2_sweep_serial",3,400,62,"CATT","surface",,,,"wang",,,,,,,,0.423435845529704,0.339425870978319,800,0.0916626520585431,0.74375,1.09356585423986,0.65625,0.917749596222097,
"canonical","B2_sweep_serial",3,400,63,"GATT","g=4_t=4",4,4,0,"wang",3.60973071315019,0.0835694306766167,3.44593763752352,3.47227120082403,3.74719022547634,3.77352378877685,0,,,,,,,,,3.64492954079668
"canonical","B2_sweep_serial",3,400,63,"GATT","g=4_t=5",4,5,1,"wang",3.53371628647321,0.0973064366703129,3.34299917363112,3.3736614048903,3.69377116805612,3.7244333993153,4.63304151665401e-289,,,,,,,,,3.64492954079668
"canonical","B2_sweep_serial",3,400,63,"GATT","g=4_t=6",4,6,2,"wang",3.59368330675305,0.0991084339337145,3.39943434414659,3.43066440276344,3.75670221074266,3.78793226935951,3.44211498903117e-288,,,,,,,,,3.64492954079668
"canonical","B2_sweep_serial",3,400,63,"GATT","g=4_t=7",4,7,3,"wang",3.65835454658718,0.105702236540364,3.45118196824858,3.48448980000481,3.83221929316954,3.86552712492577,8.93404554100441e-263,,,,,,,,,3.64492954079668
"canonical","B2_sweep_serial",3,400,63,"CATT","surface",,,,"wang",,,,,,,,0.389749661854751,0.31889310696617,860,0.0873998497122473,0.853488372093023,1.163755594927,0.781395348837209,0.976654696381188,
"canonical","B2_sweep_serial",3,400,64,"GATT","g=4_t=4",4,4,0,"wang",3.7733611939465,0.0754917771186607,3.6254000284979,3.64918824238576,3.89753414550724,3.9213223593951,0,,,,,,,,,3.8887788946311
"canonical","B2_sweep_serial",3,400,64,"GATT","g=4_t=5",4,5,1,"wang",3.77952918088403,0.0985078945170846,3.58645725391475,3.61749807655603,3.94156028521204,3.97260110785331,2.27270197086973e-322,,,,,,,,,3.8887788946311
"canonical","B2_sweep_serial",3,400,64,"GATT","g=4_t=6",4,6,2,"wang",3.7919123361376,0.100794218006074,3.59435929743754,3.62612056347343,3.95770410880176,3.98946537483765,4.99958225685336e-310,,,,,,,,,3.8887788946311
"canonical","B2_sweep_serial",3,400,64,"GATT","g=4_t=7",4,7,3,"wang",3.68454165928523,0.104882659251454,3.47897542292812,3.51202499768484,3.85705832088562,3.89010789564235,1.16892335187504e-270,,,,,,,,,3.8887788946311
"canonical","B2_sweep_serial",3,400,64,"CATT","surface",,,,"wang",,,,,,,,0.530600216154698,0.464676012294497,896,0.123147840790756,0.583705357142857,1.0708937274378,0.494419642857143,0.898722543450279,
"canonical","B2_sweep_serial",3,400,65,"GATT","g=4_t=4",4,4,0,"wang",3.80734177321372,0.0946980337176896,3.62173703625626,3.65157733366104,3.9631062127664,3.99294651017118,0,,,,,,,,,3.75029912116807
"canonical","B2_sweep_serial",3,400,65,"GATT","g=4_t=5",4,5,1,"wang",3.84517073634817,0.102141957662887,3.64497617643939,3.67716212871854,4.0131793439778,4.04536529625695,1.94833051317446e-310,,,,,,,,,3.75029912116807
"canonical","B2_sweep_serial",3,400,65,"GATT","g=4_t=6",4,6,2,"wang",3.88943475313559,0.107788796420378,3.67817259254832,3.71213792018834,4.06673158608283,4.10069691372286,2.03213808336921e-285,,,,,,,,,3.75029912116807
"canonical","B2_sweep_serial",3,400,65,"GATT","g=4_t=7",4,7,3,"wang",3.83125417069483,0.111911427832236,3.61191180095505,3.64717621097926,4.01533213041039,4.05059654043461,3.68397889915988e-257,,,,,,,,,3.75029912116807
"canonical","B2_sweep_serial",3,400,65,"CATT","surface",,,,"wang",,,,,,,,0.347583172898351,0.275660877906927,784,0.0823987369200629,0.844387755102041,1.08873794197482,0.779336734693878,0.913697883639213,
"canonical","B2_sweep_serial",3,400,66,"GATT","g=4_t=4",4,4,0,"wang",3.77497412511067,0.0860813195800064,3.60625783766136,3.63338292227422,3.91656532794712,3.94369041255997,0,,,,,,,,,3.68580834096334
"canonical","B2_sweep_serial",3,400,66,"GATT","g=4_t=5",4,5,1,"wang",3.81251566868072,0.101461019524258,3.61365572300988,3.64562710487217,3.97940423248927,4.01137561435156,2.63482558436065e-309,,,,,,,,,3.68580834096334
"canonical","B2_sweep_serial",3,400,66,"GATT","g=4_t=6",4,6,2,"wang",3.89618687811182,0.115159530566288,3.670478343945,3.70676626362174,4.0856074926019,4.12189541227865,3.23261028685578e-251,,,,,,,,,3.68580834096334
"canonical","B2_sweep_serial",3,400,66,"GATT","g=4_t=7",4,7,3,"wang",3.89156425390577,0.119185732193309,3.65796450949324,3.69552112556467,4.08760738224686,4.12516399831829,3.84504415020626e-234,,,,,,,,,3.68580834096334
"canonical","B2_sweep_serial",3,400,66,"CATT","surface",,,,"wang",,,,,,,,0.314760692867127,0.26372216885621,780,0.0764306590052394,0.916666666666667,1.13592695127961,0.856410256410256,0.953300157309044,
"canonical","B2_sweep_serial",3,400,67,"GATT","g=4_t=4",4,4,0,"wang",3.72577617400144,0.0838982078768386,3.56133870689832,3.58777587118239,3.86377647682049,3.89021364110456,0,,,,,,,,,3.90947296362313
"canonical","B2_sweep_serial",3,400,67,"GATT","g=4_t=5",4,5,1,"wang",3.59715894011415,0.10019315473314,3.40078396379076,3.43235582877872,3.76196205144957,3.79353391643753,1.40913299910397e-282,,,,,,,,,3.90947296362313
"canonical","B2_sweep_serial",3,400,67,"GATT","g=4_t=6",4,6,2,"wang",3.63976953475461,0.0985543677985043,3.44660652182679,3.47766198866377,3.80187708084545,3.83293254768244,7.19239166354239e-299,,,,,,,,,3.90947296362313
"canonical","B2_sweep_serial",3,400,67,"GATT","g=4_t=7",4,7,3,"wang",3.69364854665866,0.108359211461029,3.48126839312665,3.51541346425014,3.87188362906718,3.90602870019066,5.73248317940463e-255,,,,,,,,,3.90947296362313
"canonical","B2_sweep_serial",3,400,67,"CATT","surface",,,,"wang",,,,,,,,0.381737529664295,0.327334568636276,796,0.0825225949106218,0.793969849246231,1.1104578545672,0.717336683417085,0.931925812880375,
"canonical","B2_sweep_serial",3,400,68,"GATT","g=4_t=4",4,4,0,"wang",3.94126320741595,0.0813685644704504,3.78178375032219,3.80742379867247,4.07510261615943,4.10074266450971,0,,,,,,,,,3.77488325755898
"canonical","B2_sweep_serial",3,400,68,"GATT","g=4_t=5",4,5,1,"wang",3.91303628182868,0.0948866230211328,3.72706191662569,3.75696164040588,4.06911092325149,4.09901064703168,0,,,,,,,,,3.77488325755898
"canonical","B2_sweep_serial",3,400,68,"GATT","g=4_t=6",4,6,2,"wang",3.8582256387975,0.0998771911601738,3.66246993970244,3.69394224140892,4.02250903618607,4.05398133789256,0,,,,,,,,,3.77488325755898
"canonical","B2_sweep_serial",3,400,68,"GATT","g=4_t=7",4,7,3,"wang",3.85357568139366,0.107262330442762,3.64334537516974,3.67714480811556,4.03000655467176,4.06380598761758,5.86190846764844e-283,,,,,,,,,3.77488325755898
"canonical","B2_sweep_serial",3,400,68,"CATT","surface",,,,"wang",,,,,,,,0.453312262415947,0.380179123201137,820,0.115435335755444,0.707317073170732,1.10237820057699,0.613414634146341,0.925145152019047,
"canonical","B2_sweep_serial",3,400,69,"GATT","g=4_t=4",4,4,0,"wang",3.93812935145618,0.0863445398729331,3.76889716170867,3.79610518966803,4.08015351324434,4.1073615412037,0,,,,,,,,,3.81418600899192
"canonical","B2_sweep_serial",3,400,69,"GATT","g=4_t=5",4,5,1,"wang",3.96733246619822,0.093816837668474,3.78345484177417,3.81301746549188,4.12164746690456,4.15121009062228,0,,,,,,,,,3.81418600899192
"canonical","B2_sweep_serial",3,400,69,"GATT","g=4_t=6",4,6,2,"wang",3.95087221654084,0.100708895606176,3.75348640667298,3.78522078676744,4.11652364631424,4.1482580264087,0,,,,,,,,,3.81418600899192
"canonical","B2_sweep_serial",3,400,69,"GATT","g=4_t=7",4,7,3,"wang",3.86609699986898,0.110579814709732,3.64936454391123,3.68420934932441,4.04798465041354,4.08282945582672,4.24745571790088e-268,,,,,,,,,3.81418600899192
"canonical","B2_sweep_serial",3,400,69,"CATT","surface",,,,"wang",,,,,,,,0.401678287609123,0.343024744223323,816,0.0986687556539693,0.742647058823529,1.00311795330114,0.627450980392157,0.841843308325656,
"canonical","B2_sweep_serial",3,400,70,"GATT","g=4_t=4",4,4,0,"wang",3.79141090134174,0.0849438337838955,3.62492404510332,3.65169069656696,3.93113110611652,3.95789775758016,0,,,,,,,,,3.70264819047185
"canonical","B2_sweep_serial",3,400,70,"GATT","g=4_t=5",4,5,1,"wang",3.60016870676983,0.108332480148118,3.3878409456488,3.42197759346828,3.77835982007138,3.81249646789086,1.82167919519738e-242,,,,,,,,,3.70264819047185
"canonical","B2_sweep_serial",3,400,70,"GATT","g=4_t=6",4,6,2,"wang",3.57475278628913,0.112338797018422,3.35457278832971,3.38997186665819,3.75953370592007,3.79493278424854,1.6490017466131e-222,,,,,,,,,3.70264819047185
"canonical","B2_sweep_serial",3,400,70,"GATT","g=4_t=7",4,7,3,"wang",3.72868556950174,0.118585209069823,3.49626282879241,3.5336302140224,3.92374092498107,3.96110831021107,2.60866737431922e-217,,,,,,,,,3.70264819047185
"canonical","B2_sweep_serial",3,400,70,"CATT","surface",,,,"wang",,,,,,,,0.327476101161031,0.272298176512148,824,0.0761877460110025,0.91504854368932,1.11990249854389,0.820388349514563,0.939852009700131,
"canonical","B2_sweep_serial",3,400,71,"GATT","g=4_t=4",4,4,0,"wang",3.56788664151354,0.0764963513651767,3.41795654670644,3.44206131198512,3.69371197104195,3.71781673632064,0,,,,,,,,,3.77079558734574
"canonical","B2_sweep_serial",3,400,71,"GATT","g=4_t=5",4,5,1,"wang",3.53442559179047,0.0896663909510176,3.35868269351655,3.38693746996912,3.68191371361181,3.71016849006439,0,,,,,,,,,3.77079558734574
"canonical","B2_sweep_serial",3,400,71,"GATT","g=4_t=6",4,6,2,"wang",3.66541257615871,0.107102802654939,3.45549493865593,3.48924410280052,3.8415810495169,3.8753302136615,5.44200115858852e-257,,,,,,,,,3.77079558734574
"canonical","B2_sweep_serial",3,400,71,"GATT","g=4_t=7",4,7,3,"wang",3.6146990266798,0.115120406816611,3.38906717365389,3.42534276504587,3.80405528831373,3.84033087970571,1.03452412179243e-216,,,,,,,,,3.77079558734574
"canonical","B2_sweep_serial",3,400,71,"CATT","surface",,,,"wang",,,,,,,,0.523759106903038,0.427968912453784,784,0.114756350426583,0.647959183673469,1.1048447186211,0.563775510204082,0.92721511966689,
"canonical","B2_sweep_serial",3,400,72,"GATT","g=4_t=4",4,4,0,"wang",3.76989231836006,0.0855331458818634,3.60225043162486,3.62920278122369,3.91058185549643,3.93753420509526,0,,,,,,,,,3.77894930784967
"canonical","B2_sweep_serial",3,400,72,"GATT","g=4_t=5",4,5,1,"wang",3.85436623819218,0.0991296315520799,3.66007572901684,3.69131246721521,4.01742000916914,4.04865674736752,0,,,,,,,,,3.77894930784967
"canonical","B2_sweep_serial",3,400,72,"GATT","g=4_t=6",4,6,2,"wang",3.67027166921865,0.107491823370838,3.45959156511745,3.49346331357984,3.84708002485747,3.88095177331985,8.02457999831187e-256,,,,,,,,,3.77894930784967
"canonical","B2_sweep_serial",3,400,72,"GATT","g=4_t=7",4,7,3,"wang",3.75312415386039,0.10945167823652,3.53860280477723,3.57309212310634,3.93315618461445,3.96764550294356,5.48532839759108e-258,,,,,,,,,3.77894930784967
"canonical","B2_sweep_serial",3,400,72,"CATT","surface",,,,"wang",,,,,,,,0.612147504216416,0.525156385598244,760,0.152923429327393,0.468421052631579,0.939776951089451,0.384210526315789,0.788685851937734,
"canonical","B2_sweep_serial",3,400,73,"GATT","g=4_t=4",4,4,0,"wang",3.70745253632636,0.0891124480868768,3.53279534612421,3.56087556964087,3.85402950301185,3.88210972652851,0,,,,,,,,,3.70363957950188
"canonical","B2_sweep_serial",3,400,73,"GATT","g=4_t=5",4,5,1,"wang",3.66437419911674,0.100183786372143,3.46801758444365,3.49958649736738,3.82916190086611,3.86073081378983,3.37858803092054e-293,,,,,,,,,3.70363957950188
"canonical","B2_sweep_serial",3,400,73,"GATT","g=4_t=6",4,6,2,"wang",3.54918930664603,0.107735814525396,3.33803098866557,3.37197962118067,3.72639899211138,3.76034762462648,2.62527925275977e-238,,,,,,,,,3.70363957950188
"canonical","B2_sweep_serial",3,400,73,"GATT","g=4_t=7",4,7,3,"wang",3.62258638729741,0.115216229374074,3.39676672550848,3.43307251154655,3.81210026304827,3.84840604908634,2.73121139043972e-217,,,,,,,,,3.70363957950188
"canonical","B2_sweep_serial",3,400,73,"CATT","surface",,,,"wang",,,,,,,,0.472384916252981,0.396575037072607,720,0.110727063118335,0.731944444444444,1.10629935682842,0.626388888888889,0.928435890800368,
"canonical","B2_sweep_serial",3,400,74,"GATT","g=4_t=4",4,4,0,"wang",3.74218469824704,0.0892260930780712,3.56730476795337,3.5954208021432,3.88894859435088,3.91706462854071,0,,,,,,,,,3.71758485836245
"canonical","B2_sweep_serial",3,400,74,"GATT","g=4_t=5",4,5,1,"wang",3.81166261423361,0.105543899581925,3.60480037063342,3.63805830883068,3.98526691963654,4.0185248578338,6.72112463602105e-286,,,,,,,,,3.71758485836245
"canonical","B2_sweep_serial",3,400,74,"GATT","g=4_t=6",4,6,2,"wang",3.63668367446859,0.113613067537765,3.41400615216501,3.44980676587683,3.82356058306036,3.85936119677218,4.03719764137866e-225,,,,,,,,,3.71758485836245
"canonical","B2_sweep_serial",3,400,74,"GATT","g=4_t=7",4,7,3,"wang",3.85490531059837,0.129365503880174,3.60135358015137,3.64211794407905,4.06769267711769,4.10845704104537,2.03924372735072e-195,,,,,,,,,3.71758485836245
"canonical","B2_sweep_serial",3,400,74,"CATT","surface",,,,"wang",,,,,,,,0.297402139955103,0.238071581990037,752,0.0698767625953048,0.898936170212766,1.14277733770385,0.819148936170213,0.959049184082736,
"canonical","B2_sweep_serial",3,400,75,"GATT","g=4_t=4",4,4,0,"wang",3.84101627408084,0.0870780845714246,3.6703463631319,3.6977855383612,3.98424700980049,4.01168618502979,0,,,,,,,,,3.80032464673967
"canonical","B2_sweep_serial",3,400,75,"GATT","g=4_t=5",4,5,1,"wang",3.79284420882151,0.0953047977233529,3.60605023625646,3.63608173106706,3.94960668657596,3.97963818138656,0,,,,,,,,,3.80032464673967
"canonical","B2_sweep_serial",3,400,75,"GATT","g=4_t=6",4,6,2,"wang",3.70679483322471,0.0984905539071108,3.51375689322672,3.54479225166839,3.86879741478104,3.89983277322271,2.76727884858088e-310,,,,,,,,,3.80032464673967
"canonical","B2_sweep_serial",3,400,75,"GATT","g=4_t=7",4,7,3,"wang",3.75068836181398,0.107713878596136,3.53957303746519,3.57351475774961,3.92786196587835,3.96180368616278,5.88263205591435e-266,,,,,,,,,3.80032464673967
"canonical","B2_sweep_serial",3,400,75,"CATT","surface",,,,"wang",,,,,,,,0.332582458287822,0.272674559086227,816,0.0764904663306164,0.813725490196078,1.07268838260333,0.747549019607843,0.900228665872747,
"canonical","B2_sweep_serial",3,400,76,"GATT","g=4_t=4",4,4,0,"wang",3.66729580005721,0.0808965383928892,3.50874149708253,3.53423280529552,3.80035879481891,3.8258501030319,0,,,,,,,,,3.69029890976002
"canonical","B2_sweep_serial",3,400,76,"GATT","g=4_t=5",4,5,1,"wang",3.61374364648473,0.0987959604873521,3.4201071205841,3.45123871569327,3.77624857727619,3.80738017238536,3.21817692540319e-293,,,,,,,,,3.69029890976002
"canonical","B2_sweep_serial",3,400,76,"GATT","g=4_t=6",4,6,2,"wang",3.72612672000331,0.11271462750389,3.50521010782228,3.54072761409503,3.9115258259116,3.94704333218435,5.95778230333137e-240,,,,,,,,,3.69029890976002
"canonical","B2_sweep_serial",3,400,76,"GATT","g=4_t=7",4,7,3,"wang",3.55015428479063,0.113653800119542,3.32739692809313,3.3632103770488,3.73709819253246,3.77291164148813,1.69922374833694e-214,,,,,,,,,3.69029890976002
"canonical","B2_sweep_serial",3,400,76,"CATT","surface",,,,"wang",,,,,,,,0.373043288806473,0.314646257557665,860,0.0911098337150329,0.840697674418605,1.14206739951746,0.745348837209302,0.958453385044776,
"canonical","B2_sweep_serial",3,400,77,"GATT","g=4_t=4",4,4,0,"wang",3.78856739004219,0.0836505356037653,3.6246153516781,3.6509744719522,3.92616030813219,3.95251942840629,0,,,,,,,,,3.75446900768688
"canonical","B2_sweep_serial",3,400,77,"GATT","g=4_t=5",4,5,1,"wang",3.73274638659738,0.0964005901860684,3.54380470025393,3.57418149022746,3.89131128296729,3.92168807294082,0,,,,,,,,,3.75446900768688
"canonical","B2_sweep_serial",3,400,77,"GATT","g=4_t=6",4,6,2,"wang",3.91969087106198,0.112105704605735,3.69996772584011,3.73529335441842,4.10408838770555,4.13941401628386,3.9339757400686e-268,,,,,,,,,3.75446900768688
"canonical","B2_sweep_serial",3,400,77,"GATT","g=4_t=7",4,7,3,"wang",4.01293324565924,0.11446830155694,3.7885794954665,3.82464960197011,4.20121688934838,4.23728699585199,1.51667904747709e-269,,,,,,,,,3.75446900768688
"canonical","B2_sweep_serial",3,400,77,"CATT","surface",,,,"wang",,,,,,,,0.334825345055305,0.27345654194917,808,0.0809257192113857,0.929455445544555,1.14848269383457,0.863861386138614,0.963837270931799,
"canonical","B2_sweep_serial",3,400,78,"GATT","g=4_t=4",4,4,0,"wang",3.81095896334261,0.0882912401719944,3.63791131109014,3.66573276378074,3.95618516290447,3.98400661559507,0,,,,,,,,,3.80080226453715
"canonical","B2_sweep_serial",3,400,78,"GATT","g=4_t=5",4,5,1,"wang",3.86044179695301,0.101683931548283,3.66114495173991,3.69318657541009,4.02769701849593,4.05973864216611,1.08671643425847e-315,,,,,,,,,3.80080226453715
"canonical","B2_sweep_serial",3,400,78,"GATT","g=4_t=6",4,6,2,"wang",3.88709854185048,0.107313350851274,3.67676823746261,3.71058374744935,4.0636133362516,4.09742884623834,1.37413327501637e-287,,,,,,,,,3.80080226453715
"canonical","B2_sweep_serial",3,400,78,"GATT","g=4_t=7",4,7,3,"wang",3.81058408798603,0.108743847022822,3.59745006259979,3.63171633623515,3.98945183973691,4.02371811337227,2.59594291247952e-269,,,,,,,,,3.80080226453715
"canonical","B2_sweep_serial",3,400,78,"CATT","surface",,,,"wang",,,,,,,,0.427913870974498,0.342279552349039,768,0.101562508834144,0.75,1.04830877252282,0.680989583333333,0.879768647648244,
"canonical","B2_sweep_serial",3,400,79,"GATT","g=4_t=4",4,4,0,"wang",3.81321559167837,0.0873576610663495,3.64199772086412,3.66952499344274,3.956906189914,3.98443346249261,0,,,,,,,,,3.68547039034442
"canonical","B2_sweep_serial",3,400,79,"GATT","g=4_t=5",4,5,1,"wang",3.6876583786597,0.0921069049361169,3.50713216083349,3.53615596764791,3.83916078967149,3.86818459648591,0,,,,,,,,,3.68547039034442
"canonical","B2_sweep_serial",3,400,79,"GATT","g=4_t=6",4,6,2,"wang",3.81447493669713,0.104154904788281,3.61033507288868,3.64315532493651,3.98579454845776,4.01861480050559,6.13570246737387e-294,,,,,,,,,3.68547039034442
"canonical","B2_sweep_serial",3,400,79,"GATT","g=4_t=7",4,7,3,"wang",3.73460328757859,0.109881312686471,3.51923987044036,3.553864570881,3.91534200427618,3.94996670471681,1.69789091541633e-253,,,,,,,,,3.68547039034442
"canonical","B2_sweep_serial",3,400,79,"CATT","surface",,,,"wang",,,,,,,,0.359149755242161,0.289765000832619,832,0.0885280579269154,0.807692307692308,1.08817805850397,0.729567307692308,0.91322801451582,
"canonical","B2_sweep_serial",3,400,80,"GATT","g=4_t=4",4,4,0,"wang",3.86380406998166,0.0830257987176306,3.70107649342386,3.72723875285777,4.00036938710555,4.02653164653946,0,,,,,,,,,3.7846477504681
"canonical","B2_sweep_serial",3,400,80,"GATT","g=4_t=5",4,5,1,"wang",3.76695061188578,0.0964747539196009,3.5778635672945,3.6082637270021,3.92563749676945,3.95603765647705,0,,,,,,,,,3.7846477504681
"canonical","B2_sweep_serial",3,400,80,"GATT","g=4_t=6",4,6,2,"wang",3.7317520079689,0.0999660207797739,3.53582220601729,3.5673224988252,3.89618151711259,3.9276818099205,2.65623126314704e-305,,,,,,,,,3.7846477504681
"canonical","B2_sweep_serial",3,400,80,"GATT","g=4_t=7",4,7,3,"wang",3.64114483075584,0.103458064246185,3.43837074932363,3.47097141994825,3.81131824156343,3.84391891218805,1.21764593571287e-271,,,,,,,,,3.7846477504681
"canonical","B2_sweep_serial",3,400,80,"CATT","surface",,,,"wang",,,,,,,,0.508976634090146,0.445837327978849,788,0.122390624645248,0.595177664974619,0.979088575299908,0.49746192893401,0.82167721419187,
"canonical","B2_sweep_serial",3,400,81,"GATT","g=4_t=4",4,4,0,"wang",3.54603484904016,0.0799986817380237,3.38924031278618,3.41444869738865,3.67762100069168,3.70282938529415,0,,,,,,,,,3.61404146134585
"canonical","B2_sweep_serial",3,400,81,"GATT","g=4_t=5",4,5,1,"wang",3.42602907574393,0.0909757721305563,3.24771983749583,3.27638721305189,3.57567093843596,3.60433831399202,1.1787170062512e-310,,,,,,,,,3.61404146134585
"canonical","B2_sweep_serial",3,400,81,"GATT","g=4_t=6",4,6,2,"wang",3.65788370572945,0.101453471682713,3.45903855355632,3.49100755701825,3.82475985444065,3.85672885790259,5.80101368248192e-285,,,,,,,,,3.61404146134585
"canonical","B2_sweep_serial",3,400,81,"GATT","g=4_t=7",4,7,3,"wang",3.60977856288256,0.110675035171569,3.39285947824755,3.42773428858047,3.79182283718466,3.82669764751757,1.21584917490749e-233,,,,,,,,,3.61404146134585
"canonical","B2_sweep_serial",3,400,81,"CATT","surface",,,,"wang",,,,,,,,0.521955623087745,0.427178252487513,768,0.125982341337735,0.638020833333333,1.08350897416728,0.572916666666667,0.909309594561403,
"canonical","B2_sweep_serial",3,400,82,"GATT","g=4_t=4",4,4,0,"wang",3.76101968880276,0.0937883140657739,3.57719796961315,3.60675160525842,3.9152877723471,3.94484140799237,0,,,,,,,,,3.80024243247289
"canonical","B2_sweep_serial",3,400,82,"GATT","g=4_t=5",4,5,1,"wang",3.83497007319946,0.0953678528516901,3.64805251485285,3.67810387896495,3.99183626743398,4.02188763154607,0,,,,,,,,,3.80024243247289
"canonical","B2_sweep_serial",3,400,82,"GATT","g=4_t=6",4,6,2,"wang",3.87632400294352,0.108677764820469,3.66331949629494,3.69756494676752,4.05508305911953,4.08932850959211,6.18637710350061e-279,,,,,,,,,3.80024243247289
"canonical","B2_sweep_serial",3,400,82,"GATT","g=4_t=7",4,7,3,"wang",3.93884211864596,0.115494954179263,3.71247616627295,3.74886978128438,4.12881445600754,4.16520807101896,3.21532673846112e-255,,,,,,,,,3.80024243247289
"canonical","B2_sweep_serial",3,400,82,"CATT","surface",,,,"wang",,,,,,,,0.43672715935166,0.350533561696296,760,0.105092647671709,0.723684210526316,0.993749651010518,0.631578947368421,0.833981179482508,
"canonical","B2_sweep_serial",3,400,83,"GATT","g=4_t=4",4,4,0,"wang",3.70322425568425,0.0826761562195413,3.54118196583557,3.56723404942191,3.83921446194659,3.86526654553293,0,,,,,,,,,3.71519560924001
"canonical","B2_sweep_serial",3,400,83,"GATT","g=4_t=5",4,5,1,"wang",3.6801190254612,0.0957686032945129,3.49241601067368,3.52259365525781,3.83764439566459,3.86782204024873,2.47032822920623e-323,,,,,,,,,3.71519560924001
"canonical","B2_sweep_serial",3,400,83,"GATT","g=4_t=6",4,6,2,"wang",3.68213742713616,0.10445947445378,3.47740061774783,3.51031684274296,3.85395801152936,3.88687423652449,1.75002403703344e-272,,,,,,,,,3.71519560924001
"canonical","B2_sweep_serial",3,400,83,"GATT","g=4_t=7",4,7,3,"wang",3.62714645040602,0.111933500406373,3.40776081921554,3.4430321845286,3.81126071628345,3.8465320815965,1.18690272808573e-230,,,,,,,,,3.71519560924001
"canonical","B2_sweep_serial",3,400,83,"CATT","surface",,,,"wang",,,,,,,,0.428335945563492,0.353229241598528,840,0.102711379378119,0.713095238095238,1.10857859972342,0.634523809523809,0.930348692154277,
"canonical","B2_sweep_serial",3,400,84,"GATT","g=4_t=4",4,4,0,"wang",3.65379840840939,0.0848865664063736,3.48742379416929,3.5141724001096,3.79342441670918,3.8201730226495,0,,,,,,,,,3.76022228985113
"canonical","B2_sweep_serial",3,400,84,"GATT","g=4_t=5",4,5,1,"wang",3.67094630408643,0.101228258756963,3.4725425611401,3.50444059775701,3.83745201041586,3.86935004703277,2.98452477901394e-288,,,,,,,,,3.76022228985113
"canonical","B2_sweep_serial",3,400,84,"GATT","g=4_t=6",4,6,2,"wang",3.72889770911678,0.107179112249478,3.51883050755584,3.55260371761678,3.90519170061678,3.93896491067771,1.64805570995241e-265,,,,,,,,,3.76022228985113
"canonical","B2_sweep_serial",3,400,84,"GATT","g=4_t=7",4,7,3,"wang",3.86486201295975,0.110618937582534,3.64805287757973,3.68291001100137,4.04681401491813,4.08167114833976,9.67314276873626e-268,,,,,,,,,3.76022228985113
"canonical","B2_sweep_serial",3,400,84,"CATT","surface",,,,"wang",,,,,,,,0.411086901486385,0.347510847619732,800,0.101339698721953,0.7425,1.08762946062198,0.67375,0.91276761655924,
"canonical","B2_sweep_serial",3,400,85,"GATT","g=4_t=4",4,4,0,"wang",3.82177556468366,0.0809873864286603,3.6630432028294,3.68856313816694,3.95498799120039,3.98050792653793,0,,,,,,,,,3.84273666639616
"canonical","B2_sweep_serial",3,400,85,"GATT","g=4_t=5",4,5,1,"wang",3.73826989379354,0.0964963132674879,3.54914059365655,3.57954754693026,3.89699224065683,3.92739919393054,0,,,,,,,,,3.84273666639616
"canonical","B2_sweep_serial",3,400,85,"GATT","g=4_t=6",4,6,2,"wang",3.98022680092112,0.097966822014722,3.78821535657786,3.81908568186292,4.14136791997933,4.17223824526439,0,,,,,,,,,3.84273666639616
"canonical","B2_sweep_serial",3,400,85,"GATT","g=4_t=7",4,7,3,"wang",3.87612604115324,0.104358226537509,3.67158767403587,3.70447199480011,4.04778008750636,4.0806644082706,2.89621013231724e-302,,,,,,,,,3.84273666639616
"canonical","B2_sweep_serial",3,400,85,"CATT","surface",,,,"wang",,,,,,,,0.425065672827718,0.348011076576866,836,0.0996608912675332,0.760765550239234,1.0601569230612,0.685406698564593,0.889711931201244,
"canonical","B2_sweep_serial",3,400,86,"GATT","g=4_t=4",4,4,0,"wang",3.78109388779463,0.0871113827495287,3.61035871361533,3.63780838143354,3.92437939415572,3.95182906197393,0,,,,,,,,,3.73896591028343
"canonical","B2_sweep_serial",3,400,86,"GATT","g=4_t=5",4,5,1,"wang",3.76045893878161,0.104520042807476,3.5556034176005,3.58853872828957,3.93237914927366,3.96531445996273,9.12133969859039e-284,,,,,,,,,3.73896591028343
"canonical","B2_sweep_serial",3,400,86,"GATT","g=4_t=6",4,6,2,"wang",3.69389205731017,0.115387754029647,3.46773621337121,3.50409604854349,3.88368806607686,3.92004790124914,3.61099000346233e-225,,,,,,,,,3.73896591028343
"canonical","B2_sweep_serial",3,400,86,"GATT","g=4_t=7",4,7,3,"wang",3.66319707100825,0.114272964700671,3.43922617402167,3.4752347279285,3.85115941408801,3.88716796799484,8.89601252004945e-226,,,,,,,,,3.73896591028343
"canonical","B2_sweep_serial",3,400,86,"CATT","surface",,,,"wang",,,,,,,,0.368847400271585,0.308428150974695,784,0.088294408384719,0.789540816326531,0.977858557550879,0.683673469387755,0.820644950530619,
"canonical","B2_sweep_serial",3,400,87,"GATT","g=4_t=4",4,4,0,"wang",3.66283527441616,0.0898794883603586,3.48667471289144,3.51499663846867,3.81067391036365,3.83899583594088,0,,,,,,,,,3.82798884794432
"canonical","B2_sweep_serial",3,400,87,"GATT","g=4_t=5",4,5,1,"wang",3.67215195201442,0.0985596930841713,3.4789785017184,3.51003564660615,3.83426825742269,3.86532540231045,3.90955146523497e-304,,,,,,,,,3.82798884794432
"canonical","B2_sweep_serial",3,400,87,"GATT","g=4_t=6",4,6,2,"wang",3.61387675333462,0.105592173233465,3.40691989511526,3.44019304482286,3.78756046184637,3.82083361155397,5.16186233416554e-257,,,,,,,,,3.82798884794432
"canonical","B2_sweep_serial",3,400,87,"GATT","g=4_t=7",4,7,3,"wang",3.59046464917271,0.112183082507828,3.37058984604834,3.40593985717738,3.77498944116804,3.81033945229709,4.58573961580918e-225,,,,,,,,,3.82798884794432
"canonical","B2_sweep_serial",3,400,87,"CATT","surface",,,,"wang",,,,,,,,0.424571006909146,0.360291093510463,792,0.0946482451042688,0.720959595959596,0.9851885456561,0.612373737373737,0.826796471811023,
"canonical","B2_sweep_serial",3,400,88,"GATT","g=4_t=4",4,4,0,"wang",3.63940127843071,0.0818827498595218,3.47891403648504,3.50471610979328,3.77408644706814,3.79988852037638,0,,,,,,,,,3.67700907219603
"canonical","B2_sweep_serial",3,400,88,"GATT","g=4_t=5",4,5,1,"wang",3.62499049224476,0.100808499872696,3.42740946160027,3.45917522799516,3.79080575649437,3.82257152288925,1.81911831091819e-283,,,,,,,,,3.67700907219603
"canonical","B2_sweep_serial",3,400,88,"GATT","g=4_t=6",4,6,2,"wang",3.72331231579025,0.105098391973855,3.5173232510636,3.55044080535848,3.89618382622201,3.92930138051689,3.2882894044589e-275,,,,,,,,,3.67700907219603
"canonical","B2_sweep_serial",3,400,88,"GATT","g=4_t=7",4,7,3,"wang",3.88932998691411,0.110842295119674,3.67208307880217,3.70701059441733,4.07164937941089,4.10657689502605,4.98397267702304e-270,,,,,,,,,3.67700907219603
"canonical","B2_sweep_serial",3,400,88,"CATT","surface",,,,"wang",,,,,,,,0.475094744589547,0.38972409869938,796,0.114326732657851,0.689698492462312,1.06049157550049,0.608040201005025,0.889992780443051,
"canonical","B2_sweep_serial",3,400,89,"GATT","g=4_t=4",4,4,0,"wang",3.6010311541493,0.0900638487277986,3.42450925294137,3.45288927231399,3.74917303598461,3.77755305535723,0,,,,,,,,,3.69136441288513
"canonical","B2_sweep_serial",3,400,89,"GATT","g=4_t=5",4,5,1,"wang",3.69186952640818,0.0882775991390732,3.51884861008916,3.54666576435388,3.83707328846248,3.86489044272719,0,,,,,,,,,3.69136441288513
"canonical","B2_sweep_serial",3,400,89,"GATT","g=4_t=6",4,6,2,"wang",3.77042249346736,0.101360375055734,3.57175980733162,3.60369947511544,3.93714551181929,3.9690851796031,3.6498722126562e-303,,,,,,,,,3.69136441288513
"canonical","B2_sweep_serial",3,400,89,"GATT","g=4_t=7",4,7,3,"wang",3.89583296567716,0.105095758236264,3.68984906298138,3.72296578735921,4.06870014399512,4.10181686837295,4.37876313015315e-301,,,,,,,,,3.69136441288513
"canonical","B2_sweep_serial",3,400,89,"CATT","surface",,,,"wang",,,,,,,,0.450609768236421,0.345313726040493,836,0.105153879839008,0.759569377990431,1.06684508531299,0.688995215311005,0.895324815127935,
"canonical","B2_sweep_serial",3,400,90,"GATT","g=4_t=4",4,4,0,"wang",3.93800365771798,0.079176047309669,3.78282145532873,3.80777061959648,4.06823669583948,4.09318586010723,0,,,,,,,,,3.73913980995481
"canonical","B2_sweep_serial",3,400,90,"GATT","g=4_t=5",4,5,1,"wang",3.7090234559237,0.0884071150468007,3.53574869308811,3.56360665911051,3.85444025273689,3.88229821875929,0,,,,,,,,,3.73913980995481
"canonical","B2_sweep_serial",3,400,90,"GATT","g=4_t=6",4,6,2,"wang",3.78067842268372,0.0990140896916586,3.5866143713953,3.61781470119804,3.9435421441694,3.97474247397214,2.67205523240321e-319,,,,,,,,,3.73913980995481
"canonical","B2_sweep_serial",3,400,90,"GATT","g=4_t=7",4,7,3,"wang",3.78126171236438,0.101407727151441,3.58250621782573,3.61446080672842,3.94806261800034,3.98001720690303,1.29818423907116e-304,,,,,,,,,3.73913980995481
"canonical","B2_sweep_serial",3,400,90,"CATT","surface",,,,"wang",,,,,,,,0.465047666653834,0.385608988934868,772,0.115481817497216,0.712435233160622,1.0439050169123,0.602331606217617,0.876072898628888,
"canonical","B2_sweep_serial",3,400,91,"GATT","g=4_t=4",4,4,0,"wang",3.89649858935756,0.0911583442408496,3.71783151634589,3.74655642219963,4.0464407565155,4.07516566236924,0,,,,,,,,,3.78810009167869
"canonical","B2_sweep_serial",3,400,91,"GATT","g=4_t=5",4,5,1,"wang",3.90269206207395,0.095562016992341,3.71539394900157,3.74550649617603,4.05987762797187,4.08999017514632,0,,,,,,,,,3.78810009167869
"canonical","B2_sweep_serial",3,400,91,"GATT","g=4_t=6",4,6,2,"wang",3.8190173203283,0.102429194036485,3.61825978746777,3.65053625080061,3.98749838985599,4.01977485318882,1.46537042695453e-304,,,,,,,,,3.78810009167869
"canonical","B2_sweep_serial",3,400,91,"GATT","g=4_t=7",4,7,3,"wang",3.8648358553425,0.105435574767695,3.65818592447851,3.69140972844356,4.03826198224144,4.07148578620649,1.84276932501651e-294,,,,,,,,,3.78810009167869
"canonical","B2_sweep_serial",3,400,91,"CATT","surface",,,,"wang",,,,,,,,0.32452978395278,0.263042271868479,848,0.0768596928692074,0.870283018867924,1.09228353321146,0.794811320754717,0.9166734382555,
"canonical","B2_sweep_serial",3,400,92,"GATT","g=4_t=4",4,4,0,"wang",3.73806288063817,0.0962212924123372,3.54947261147651,3.57979290292857,3.89633285834777,3.92665314979982,0,,,,,,,,,3.76593973934842
"canonical","B2_sweep_serial",3,400,92,"GATT","g=4_t=5",4,5,1,"wang",3.78505494533806,0.103458957466577,3.58227911322603,3.61488006531333,3.95522982536278,3.98783077745008,2.46900940152455e-293,,,,,,,,,3.76593973934842
"canonical","B2_sweep_serial",3,400,92,"GATT","g=4_t=6",4,6,2,"wang",3.72378686181888,0.119092330380452,3.49037018159709,3.52789736582328,3.91967635781449,3.95720354204068,6.34241233050442e-215,,,,,,,,,3.76593973934842
"canonical","B2_sweep_serial",3,400,92,"GATT","g=4_t=7",4,7,3,"wang",3.73673298763687,0.120716453387395,3.5001330847899,3.5381720464168,3.93529392885694,3.97333289048384,1.10059376495589e-210,,,,,,,,,3.76593973934842
"canonical","B2_sweep_serial",3,400,92,"CATT","surface",,,,"wang",,,,,,,,0.327017392152709,0.262067099941433,732,0.0790691469980555,0.863387978142076,1.10327328912678,0.804644808743169,0.92589633417417,
"canonical","B2_sweep_serial",3,400,93,"GATT","g=4_t=4",4,4,0,"wang",3.6916438131301,0.0740811619673259,3.54644740259597,3.56979111754349,3.8134965087167,3.83684022366422,0,,,,,,,,,3.75656361063495
"canonical","B2_sweep_serial",3,400,93,"GATT","g=4_t=5",4,5,1,"wang",3.75122958751516,0.0995800238301122,3.556056325689,3.58743498699811,3.91502418803222,3.94640284934133,7.55376425479487e-311,,,,,,,,,3.75656361063495
"canonical","B2_sweep_serial",3,400,93,"GATT","g=4_t=6",4,6,2,"wang",3.59116100347612,0.119081166914987,3.35776620324476,3.39528986975134,3.78703213720091,3.82455580370749,4.30842343026013e-200,,,,,,,,,3.75656361063495
"canonical","B2_sweep_serial",3,400,93,"GATT","g=4_t=7",4,7,3,"wang",3.70221201894058,0.117672186593618,3.4715787694158,3.50865845213332,3.89576558574784,3.93284526846535,1.43465522307691e-217,,,,,,,,,3.75656361063495
"canonical","B2_sweep_serial",3,400,93,"CATT","surface",,,,"wang",,,,,,,,0.47401042444215,0.379884086536158,748,0.106862720139378,0.668449197860963,1.04618151932424,0.631016042780749,0.87798340009641,
"canonical","B2_sweep_serial",3,400,94,"GATT","g=4_t=4",4,4,0,"wang",3.73194187177065,0.0877216263302585,3.5600106421419,3.58765260381482,3.87623113972649,3.90387310139941,0,,,,,,,,,3.78378064531514
"canonical","B2_sweep_serial",3,400,94,"GATT","g=4_t=5",4,5,1,"wang",3.7457388455063,0.0993847129441633,3.55094838598541,3.58226550288125,3.90921218813136,3.9405293050272,3.72034550658731e-311,,,,,,,,,3.78378064531514
"canonical","B2_sweep_serial",3,400,94,"GATT","g=4_t=6",4,6,2,"wang",3.74196829768162,0.113637202523637,3.51924347167458,3.5550516905618,3.92888490480143,3.96469312368865,4.21626943862646e-238,,,,,,,,,3.78378064531514
"canonical","B2_sweep_serial",3,400,94,"GATT","g=4_t=7",4,7,3,"wang",3.70050915161506,0.122859747144032,3.45970847016366,3.49842280508621,3.90259549814391,3.94130983306647,1.33441569470331e-199,,,,,,,,,3.78378064531514
"canonical","B2_sweep_serial",3,400,94,"CATT","surface",,,,"wang",,,,,,,,0.424681699599547,0.346436954070858,732,0.0977607764404792,0.71448087431694,1.08253446693479,0.644808743169399,0.908491762132143,
"canonical","B2_sweep_serial",3,400,95,"GATT","g=4_t=4",4,4,0,"wang",3.88411064365302,0.0841402205596587,3.71919884040403,3.74571226530458,4.02250902200146,4.04902244690201,0,,,,,,,,,3.7712395738361
"canonical","B2_sweep_serial",3,400,95,"GATT","g=4_t=5",4,5,1,"wang",3.95270239154888,0.0944081132410563,3.76766588828849,3.79741482885188,4.10798995424589,4.13773889480928,0,,,,,,,,,3.7712395738361
"canonical","B2_sweep_serial",3,400,95,"GATT","g=4_t=6",4,6,2,"wang",4.05399838153835,0.106410348221863,3.84543792979603,3.87896889462423,4.22902786845247,4.26255883328066,6.97082160373873e-318,,,,,,,,,3.7712395738361
"canonical","B2_sweep_serial",3,400,95,"GATT","g=4_t=7",4,7,3,"wang",3.86809707752509,0.118799274027735,3.63525477720459,3.67268961644347,4.0635045386067,4.10093937784558,7.57278589534172e-233,,,,,,,,,3.7712395738361
"canonical","B2_sweep_serial",3,400,95,"CATT","surface",,,,"wang",,,,,,,,0.389744067292772,0.31570516911495,856,0.0994477199273366,0.836448598130841,1.16068737883982,0.772196261682243,0.974079767707054,
"canonical","B2_sweep_serial",3,400,96,"GATT","g=4_t=4",4,4,0,"wang",3.52960345195412,0.0800626149251499,3.37268360895496,3.39791213954403,3.66129476436421,3.68652329495328,0,,,,,,,,,3.69001420139847
"canonical","B2_sweep_serial",3,400,96,"GATT","g=4_t=5",4,5,1,"wang",3.68688361404385,0.103234292491022,3.48454811719598,3.51707827510282,3.85668895298488,3.88921911089173,1.20930889617656e-279,,,,,,,,,3.69001420139847
"canonical","B2_sweep_serial",3,400,96,"GATT","g=4_t=6",4,6,2,"wang",3.68198506006779,0.110376557931283,3.46565098007856,3.50043173724829,3.8635383828873,3.89831914005702,2.75188575645137e-244,,,,,,,,,3.69001420139847
"canonical","B2_sweep_serial",3,400,96,"GATT","g=4_t=7",4,7,3,"wang",3.71468655225439,0.113407605862025,3.49241172743863,3.52814759812181,3.90122550638696,3.93696137707015,1.28101961005374e-235,,,,,,,,,3.69001420139847
"canonical","B2_sweep_serial",3,400,96,"CATT","surface",,,,"wang",,,,,,,,0.46085066267439,0.399019238704566,812,0.115820117583603,0.673645320197044,1.07033622948859,0.571428571428571,0.898254676320189,
"canonical","B2_sweep_serial",3,400,97,"GATT","g=4_t=4",4,4,0,"wang",4.01219363952919,0.0892812333079926,3.83720563636993,3.86533904579761,4.15904823326078,4.18718164268846,0,,,,,,,,,3.79236300109678
"canonical","B2_sweep_serial",3,400,97,"GATT","g=4_t=5",4,5,1,"wang",4.05293499185901,0.101204255308579,3.85457829480738,3.88646876769767,4.21940121602034,4.25129168891063,0,,,,,,,,,3.79236300109678
"canonical","B2_sweep_serial",3,400,97,"GATT","g=4_t=6",4,6,2,"wang",3.9248953625368,0.107232279813319,3.71472395446477,3.74851391815674,4.10127680691686,4.13506677060883,1.33838154101232e-293,,,,,,,,,3.79236300109678
"canonical","B2_sweep_serial",3,400,97,"GATT","g=4_t=7",4,7,3,"wang",3.92749972649401,0.112483953674866,3.70703522671361,3.74248004535609,4.11251940763193,4.14796422627442,2.11886995804678e-267,,,,,,,,,3.79236300109678
"canonical","B2_sweep_serial",3,400,97,"CATT","surface",,,,"wang",,,,,,,,0.41183373148561,0.347540810066796,832,0.102907637797875,0.819711538461538,1.13534568917946,0.717548076923077,0.952812346670441,
"canonical","B2_sweep_serial",3,400,98,"GATT","g=4_t=4",4,4,0,"wang",4.01122683305298,0.0804949023105995,3.85345972234069,3.87882447100778,4.14362919509818,4.16899394376527,0,,,,,,,,,3.76450280201952
"canonical","B2_sweep_serial",3,400,98,"GATT","g=4_t=5",4,5,1,"wang",3.99841969739117,0.0983707806658116,3.80561650863429,3.83661412532989,4.16022526945245,4.19122288614806,0,,,,,,,,,3.76450280201952
"canonical","B2_sweep_serial",3,400,98,"GATT","g=4_t=6",4,6,2,"wang",3.84837073863015,0.105629173296849,3.64134136161856,3.67462617041613,4.02211530684416,4.05540011564173,6.43142808608914e-291,,,,,,,,,3.76450280201952
"canonical","B2_sweep_serial",3,400,98,"GATT","g=4_t=7",4,7,3,"wang",4.02217206975521,0.115555994880656,3.79568647980494,3.83209932935178,4.21224481015864,4.24865765970548,9.48812877449292e-266,,,,,,,,,3.76450280201952
"canonical","B2_sweep_serial",3,400,98,"CATT","surface",,,,"wang",,,,,,,,0.433791001146589,0.382630751938306,852,0.114183543014452,0.753521126760563,1.14385136181524,0.636150234741784,0.959950533727782,
"canonical","B2_sweep_serial",3,400,99,"GATT","g=4_t=4",4,4,0,"wang",3.80064885133037,0.0862185930178965,3.63166351288464,3.65883185373051,3.94246584893023,3.9696341897761,0,,,,,,,,,3.81860209241632
"canonical","B2_sweep_serial",3,400,99,"GATT","g=4_t=5",4,5,1,"wang",3.75676078680686,0.0916924345505973,3.57704691601533,3.60594011906657,3.90758145454715,3.93647465759839,0,,,,,,,,,3.81860209241632
"canonical","B2_sweep_serial",3,400,99,"GATT","g=4_t=6",4,6,2,"wang",3.60564913417499,0.0916477048497803,3.42602293198679,3.45490204026201,3.75639622808797,3.78527533636318,0,,,,,,,,,3.81860209241632
"canonical","B2_sweep_serial",3,400,99,"GATT","g=4_t=7",4,7,3,"wang",3.61147776588859,0.104957272540127,3.40576529017175,3.43883837632187,3.78411715545531,3.81719024160542,9.23876292706457e-260,,,,,,,,,3.81860209241632
"canonical","B2_sweep_serial",3,400,99,"CATT","surface",,,,"wang",,,,,,,,0.541090446817736,0.425124445699242,848,0.117590666111794,0.606132075471698,0.956207890457757,0.5625,0.802475133957054,
