unit_id,time,cohort,eventually_treated,event_time,D,lpop,Y,k_diag
8001,2003,2007.0,1,-4.0,0,5.8967609333053,8.46146904264388,-4.0
8001,2004,2007.0,1,-3.0,0,5.8967609333053,8.33686963728496,-3.0
8001,2005,2007.0,1,-2.0,0,5.8967609333053,8.34021732094704,-2.0
8001,2006,2007.0,1,-1.0,0,5.8967609333053,8.37816098272068,-1.0
8001,2007,2007.0,1,0.0,1,5.8967609333053,8.48735234940522,0.0
8019,2003,2007.0,1,-4.0,0,2.23237719795055,4.99721227376411,-4.0
8019,2004,2007.0,1,-3.0,0,2.23237719795055,5.08140436498446,-3.0
8019,2005,2007.0,1,-2.0,0,2.23237719795055,4.78749174278205,-2.0
8019,2006,2007.0,1,-1.0,0,2.23237719795055,4.99043258677874,-1.0
8019,2007,2007.0,1,0.0,1,2.23237719795055,5.03695260241363,0.0
8023,2003,2007.0,1,-4.0,0,1.29828248379668,2.19722457733622,-4.0
8023,2004,2007.0,1,-3.0,0,1.29828248379668,2.30258509299405,-3.0
8023,2005,2007.0,1,-2.0,0,1.29828248379668,2.77258872223978,-2.0
8023,2006,2007.0,1,-1.0,0,1.29828248379668,1.94591014905531,-1.0
8023,2007,2007.0,1,0.0,1,1.29828248379668,2.99573227355399,0.0
8029,2003,2007.0,1,-4.0,0,3.32625829499766,5.88332238848828,-4.0
8029,2004,2007.0,1,-3.0,0,3.32625829499766,5.78996017089725,-3.0
8029,2005,2007.0,1,-2.0,0,3.32625829499766,5.85793315448346,-2.0
8029,2006,2007.0,1,-1.0,0,3.32625829499766,5.99893656194668,-1.0
8029,2007,2007.0,1,0.0,1,3.32625829499766,6.10479323241498,0.0
8041,2003,2007.0,1,-4.0,0,6.24790553432335,8.96865090337487,-4.0
8041,2004,2007.0,1,-3.0,0,6.24790553432335,8.9157008189569,-3.0
8041,2005,2007.0,1,-2.0,0,6.24790553432335,8.90095787254506,-2.0
8041,2006,2007.0,1,-1.0,0,6.24790553432335,8.90272766403552,-1.0
8041,2007,2007.0,1,0.0,1,6.24790553432335,8.88100262425557,0.0
8063,2003,2007.0,1,-4.0,0,2.08081559723298,4.9416424226093,-4.0
8063,2004,2007.0,1,-3.0,0,2.08081559723298,4.86753445045558,-3.0
8063,2005,2007.0,1,-2.0,0,2.08081559723298,4.66343909411207,-2.0
8063,2006,2007.0,1,-1.0,0,2.08081559723298,4.81218435537242,-1.0
8063,2007,2007.0,1,0.0,1,2.08081559723298,4.91998092582813,0.0
8075,2003,2007.0,1,-4.0,0,3.02061998906177,5.6970934865054,-4.0
8075,2004,2007.0,1,-3.0,0,3.02061998906177,5.63121178182137,-3.0
8075,2005,2007.0,1,-2.0,0,3.02061998906177,5.72031177660741,-2.0
8075,2006,2007.0,1,-1.0,0,3.02061998906177,5.79605775076537,-1.0
8075,2007,2007.0,1,0.0,1,3.02061998906177,5.56068163101553,0.0
8103,2003,2007.0,1,-4.0,0,1.78942340943051,4.45434729625351,-4.0
8103,2004,2007.0,1,-3.0,0,1.78942340943051,4.58496747867057,-3.0
8103,2005,2007.0,1,-2.0,0,1.78942340943051,4.75359019110636,-2.0
8103,2006,2007.0,1,-1.0,0,1.78942340943051,4.90527477843843,-1.0
8103,2007,2007.0,1,0.0,1,1.78942340943051,4.71849887129509,0.0
8117,2003,2007.0,1,-4.0,0,3.15904089116601,6.37842618365159,-4.0
8117,2004,2007.0,1,-3.0,0,3.15904089116601,6.27476202124194,-3.0
8117,2005,2007.0,1,-2.0,0,3.15904089116601,6.2841341610708,-2.0
8117,2006,2007.0,1,-1.0,0,3.15904089116601,6.3818160174061,-1.0
8117,2007,2007.0,1,0.0,1,3.15904089116601,6.43133108193348,0.0
8123,2003,2007.0,1,-4.0,0,5.19814337757751,7.7553388128465,-4.0
8123,2004,2007.0,1,-3.0,0,5.19814337757751,7.68799716639302,-3.0
8123,2005,2007.0,1,-2.0,0,5.19814337757751,7.75405263903576,-2.0
8123,2006,2007.0,1,-1.0,0,5.19814337757751,7.78945456608667,-1.0
8123,2007,2007.0,1,0.0,1,5.19814337757751,7.80302664363222,0.0
12007,2003,2006.0,1,-3.0,0,3.26147543848702,5.50125821054473,-3.0
12007,2004,2006.0,1,-2.0,0,3.26147543848702,5.59471137960184,-2.0
12007,2005,2006.0,1,-1.0,0,3.26147543848702,5.24702407216049,-1.0
12007,2006,2006.0,1,0.0,1,3.26147543848702,5.43372200355424,0.0
12007,2007,2006.0,1,1.0,1,3.26147543848702,5.44241771052179,1.0
12019,2003,2006.0,1,-3.0,0,4.94743987059911,7.77275271646874,-3.0
12019,2004,2006.0,1,-2.0,0,4.94743987059911,7.81116338502528,-2.0
12019,2005,2006.0,1,-1.0,0,4.94743987059911,7.80139132029149,-1.0
12019,2006,2006.0,1,0.0,1,4.94743987059911,7.86326672400957,0.0
12019,2007,2006.0,1,1.0,1,4.94743987059911,7.87016594646984,1.0
12023,2003,2006.0,1,-3.0,0,4.03447070018167,6.99117688712121,-3.0
12023,2004,2006.0,1,-2.0,0,4.03447070018167,6.53813982376767,-2.0
12023,2005,2006.0,1,-1.0,0,4.03447070018167,6.59030104819669,-1.0
12023,2006,2006.0,1,0.0,1,4.03447070018167,6.5510803350434,0.0
12023,2007,2006.0,1,1.0,1,4.03447070018167,6.71780469502369,1.0
12029,2003,2006.0,1,-3.0,0,2.62662320240648,3.85014760171006,-3.0
12029,2004,2006.0,1,-2.0,0,2.62662320240648,4.07753744390572,-2.0
12029,2005,2006.0,1,-1.0,0,2.62662320240648,4.35670882668959,-1.0
12029,2006,2006.0,1,0.0,1,2.62662320240648,4.31748811353631,0.0
12029,2007,2006.0,1,1.0,1,2.62662320240648,4.33073334028633,1.0
12051,2003,2006.0,1,-3.0,0,3.58933532377755,6.42648845745769,-3.0
12051,2004,2006.0,1,-2.0,0,3.58933532377755,6.42324696353352,-2.0
12051,2005,2006.0,1,-1.0,0,3.58933532377755,6.37331978957701,-1.0
12051,2006,2006.0,1,0.0,1,3.58933532377755,6.4118182677099,0.0
12051,2007,2006.0,1,1.0,1,3.58933532377755,6.37331978957701,1.0
12071,2003,2006.0,1,-3.0,0,6.08879087493748,8.75872660784204,-3.0
12071,2004,2006.0,1,-2.0,0,6.08879087493748,8.79845469606509,-2.0
12071,2005,2006.0,1,-1.0,0,6.08879087493748,8.99118884193151,-1.0
12071,2006,2006.0,1,0.0,1,6.08879087493748,9.1516513756275,0.0
12071,2007,2006.0,1,1.0,1,6.08879087493748,9.06843112579349,1.0
12087,2003,2006.0,1,-3.0,0,4.37687589234631,6.72383244082121,-3.0
12087,2004,2006.0,1,-2.0,0,4.37687589234631,6.79234442747081,-2.0
12087,2005,2006.0,1,-1.0,0,4.37687589234631,6.75809450442773,-1.0
12087,2006,2006.0,1,0.0,1,4.37687589234631,6.74641212857337,0.0
12087,2007,2006.0,1,1.0,1,4.37687589234631,6.74758652682932,1.0
12093,2003,2006.0,1,-3.0,0,3.58101580823799,5.72358510195238,-3.0
12093,2004,2006.0,1,-2.0,0,3.58101580823799,6.01126717440416,-2.0
12093,2005,2006.0,1,-1.0,0,3.58101580823799,6.10255859461357,-1.0
12093,2006,2006.0,1,0.0,1,3.58101580823799,6.0913098820777,0.0
12093,2007,2006.0,1,1.0,1,3.58101580823799,6.14418563412565,1.0
12097,2003,2006.0,1,-3.0,0,5.15035665593789,7.59085212368858,-3.0
12097,2004,2006.0,1,-2.0,0,5.15035665593789,7.59387784460512,-2.0
12097,2005,2006.0,1,-1.0,0,5.15035665593789,7.76556908109732,-1.0
12097,2006,2006.0,1,0.0,1,5.15035665593789,7.87321705486274,0.0
12097,2007,2006.0,1,1.0,1,5.15035665593789,7.84737183615979,1.0
12099,2003,2006.0,1,-3.0,0,7.03102015077071,9.76864100976636,-3.0
12099,2004,2006.0,1,-2.0,0,7.03102015077071,9.62918227712599,-2.0
12099,2005,2006.0,1,-1.0,0,7.03102015077071,9.72202562615406,-1.0
12099,2006,2006.0,1,0.0,1,7.03102015077071,9.81623978397185,0.0
12099,2007,2006.0,1,1.0,1,7.03102015077071,9.89363921648131,1.0
12109,2003,2006.0,1,-3.0,0,4.81328131446834,7.55066124310534,-3.0
12109,2004,2006.0,1,-2.0,0,4.81328131446834,7.62705741701893,-2.0
12109,2005,2006.0,1,-1.0,0,4.81328131446834,7.71199650704767,-1.0
12109,2006,2006.0,1,0.0,1,4.81328131446834,7.86288203464149,0.0
12109,2007,2006.0,1,1.0,1,4.81328131446834,7.8811822022271,1.0
12113,2003,2006.0,1,-3.0,0,4.76850428314641,7.09090982207998,-3.0
12113,2004,2006.0,1,-2.0,0,4.76850428314641,7.16394668434255,-2.0
12113,2005,2006.0,1,-1.0,0,4.76850428314641,7.36073990305828,-1.0
12113,2006,2006.0,1,0.0,1,4.76850428314641,7.40306109109009,0.0
12113,2007,2006.0,1,1.0,1,4.76850428314641,7.33367639565768,1.0
12121,2003,2006.0,1,-3.0,0,3.55088095595665,5.67332326717149,-3.0
12121,2004,2006.0,1,-2.0,0,3.55088095595665,5.6970934865054,-2.0
12121,2005,2006.0,1,-1.0,0,3.55088095595665,5.70044357339069,-1.0
12121,2006,2006.0,1,0.0,1,3.55088095595665,5.77765232322266,0.0
12121,2007,2006.0,1,1.0,1,3.55088095595665,5.78382518232974,1.0
13011,2003,inf,0,,0,2.66875481849457,5.27299955856375,0.0
13011,2004,inf,0,,0,2.66875481849457,5.31320597904179,0.0
13011,2005,inf,0,,0,2.66875481849457,5.49306144334055,0.0
13011,2006,inf,0,,0,2.66875481849457,5.59842195899838,0.0
13011,2007,inf,0,,0,2.66875481849457,5.57215403217776,0.0
13013,2003,inf,0,,0,3.83176694166248,6.18826412308259,0.0
13013,2004,inf,0,,0,3.83176694166248,6.18208490671663,0.0
13013,2005,inf,0,,0,3.83176694166248,6.25575004175337,0.0
13013,2006,inf,0,,0,3.83176694166248,6.4377516497364,0.0
13013,2007,inf,0,,0,3.83176694166248,6.40191719672719,0.0
13019,2003,inf,0,,0,2.78716940555481,5.56452040732269,0.0
13019,2004,inf,0,,0,2.78716940555481,5.55682806169954,0.0
13019,2005,inf,0,,0,2.78716940555481,5.65599181081985,0.0
13019,2006,inf,0,,0,2.78716940555481,5.62762111369064,0.0
13019,2007,inf,0,,0,2.78716940555481,4.99721227376411,0.0
13021,2003,inf,0,,0,5.03621856684166,7.73892375743946,0.0
13021,2004,inf,0,,0,5.03621856684166,7.72797554210556,0.0
13021,2005,inf,0,,0,5.03621856684166,7.73149202924568,0.0
13021,2006,inf,0,,0,5.03621856684166,7.70975686445416,0.0
13021,2007,inf,0,,0,5.03621856684166,7.60738142563979,0.0
13037,2003,inf,0,,0,1.84371920815877,2.77258872223978,0.0
13037,2004,inf,0,,0,1.84371920815877,3.04452243772342,0.0
13037,2005,inf,0,,0,1.84371920815877,2.70805020110221,0.0
13037,2006,inf,0,,0,1.84371920815877,3.17805383034795,0.0
13037,2007,inf,0,,0,1.84371920815877,3.46573590279973,0.0
13039,2003,inf,0,,0,3.77652396396598,6.22455842927536,0.0
13039,2004,inf,0,,0,3.77652396396598,6.29156913955832,0.0
13039,2005,inf,0,,0,3.77652396396598,6.35610766069589,0.0
13039,2006,inf,0,,0,3.77652396396598,6.34212141872115,0.0
13039,2007,inf,0,,0,3.77652396396598,6.29341927884648,0.0
13049,2003,inf,0,,0,2.33039479363331,4.62497281328427,0.0
13049,2004,inf,0,,0,2.33039479363331,4.46590811865458,0.0
13049,2005,inf,0,,0,2.33039479363331,4.66343909411207,0.0
13049,2006,inf,0,,0,2.33039479363331,4.70048036579242,0.0
13049,2007,inf,0,,0,2.33039479363331,4.75359019110636,0.0
13057,2003,inf,0,,0,4.95514372559156,7.42237370098682,0.0
13057,2004,inf,0,,0,4.95514372559156,7.49997654095212,0.0
13057,2005,inf,0,,0,4.95514372559156,7.62608275807238,0.0
13057,2006,inf,0,,0,4.95514372559156,7.71378461659875,0.0
13057,2007,inf,0,,0,4.95514372559156,7.80343505695217,0.0
13077,2003,inf,0,,0,4.49104918688339,7.11314210870709,0.0
13077,2004,inf,0,,0,4.49104918688339,7.07834157955767,0.0
13077,2005,inf,0,,0,4.49104918688339,7.10414409298753,0.0
13077,2006,inf,0,,0,4.49104918688339,7.16162200293919,0.0
13077,2007,inf,0,,0,4.49104918688339,7.26332961747684,0.0
13079,2003,inf,0,,0,2.52532856428692,4.02535169073515,0.0
13079,2004,inf,0,,0,2.52532856428692,3.66356164612965,0.0
13079,2005,inf,0,,0,2.52532856428692,3.43398720448515,0.0
13079,2006,inf,0,,0,2.52532856428692,3.40119738166216,0.0
13079,2007,inf,0,,0,2.52532856428692,3.13549421592915,0.0
13093,2003,inf,0,,0,2.44451858888271,3.76120011569356,0.0
13093,2004,inf,0,,0,2.44451858888271,3.73766961828337,0.0
13093,2005,inf,0,,0,2.44451858888271,3.63758615972639,0.0
13093,2006,inf,0,,0,2.44451858888271,4.0943445622221,0.0
13093,2007,inf,0,,0,2.44451858888271,4.34380542185368,0.0
13097,2003,inf,0,,0,4.52367809513269,7.42714413340862,0.0
13097,2004,inf,0,,0,4.52367809513269,7.46794233228585,0.0
13097,2005,inf,0,,0,4.52367809513269,7.57507169950756,0.0
13097,2006,inf,0,,0,4.52367809513269,7.71512360363211,0.0
13097,2007,inf,0,,0,4.52367809513269,7.82763954636642,0.0
13109,2003,inf,0,,0,2.3508989532726,5.19849703126583,0.0
13109,2004,inf,0,,0,2.3508989532726,5.15905529921453,0.0
13109,2005,inf,0,,0,2.3508989532726,5.21493575760899,0.0
13109,2006,inf,0,,0,2.3508989532726,5.13579843705026,0.0
13109,2007,inf,0,,0,2.3508989532726,5.20948615284142,0.0
13113,2003,inf,0,,0,4.51374544806874,7.42535788702715,0.0
13113,2004,inf,0,,0,4.51374544806874,7.44366368311559,0.0
13113,2005,inf,0,,0,4.51374544806874,7.45182223652793,0.0
13113,2006,inf,0,,0,4.51374544806874,7.51752085060303,0.0
13113,2007,inf,0,,0,4.51374544806874,7.63723438878947,0.0
13117,2003,inf,0,,0,4.58911193973939,7.33106030521863,0.0
13117,2004,inf,0,,0,4.58911193973939,7.38894609761844,0.0
13117,2005,inf,0,,0,4.58911193973939,7.52779398772144,0.0
13117,2006,inf,0,,0,4.58911193973939,7.64730883235624,0.0
13117,2007,inf,0,,0,4.58911193973939,7.63819824428578,0.0
13129,2003,inf,0,,0,3.78655048128738,6.44571981938558,0.0
13129,2004,inf,0,,0,3.78655048128738,6.37672694789863,0.0
13129,2005,inf,0,,0,3.78655048128738,6.361302477573,0.0
13129,2006,inf,0,,0,3.78655048128738,6.35437004079735,0.0
13129,2007,inf,0,,0,3.78655048128738,6.39859493453521,0.0
13135,2003,inf,0,,0,6.37748856255844,9.19482056031815,0.0
13135,2004,inf,0,,0,6.37748856255844,9.14590851181679,0.0
13135,2005,inf,0,,0,6.37748856255844,9.19482056031815,0.0
13135,2006,inf,0,,0,6.37748856255844,9.29504909990314,0.0
13135,2007,inf,0,,0,6.37748856255844,9.29569203907569,0.0
13147,2003,inf,0,,0,3.13536377263918,5.5834963087817,0.0
13147,2004,inf,0,,0,3.13536377263918,5.44241771052179,0.0
13147,2005,inf,0,,0,3.13536377263918,5.5834963087817,0.0
13147,2006,inf,0,,0,3.13536377263918,5.51342874616498,0.0
13147,2007,inf,0,,0,3.13536377263918,5.57215403217776,0.0
13155,2003,inf,0,,0,2.29566117792122,4.06044301054642,0.0
13155,2004,inf,0,,0,2.29566117792122,3.8286413964891,0.0
13155,2005,inf,0,,0,2.29566117792122,4.12713438504509,0.0
13155,2006,inf,0,,0,2.29566117792122,3.8286413964891,0.0
13155,2007,inf,0,,0,2.29566117792122,3.87120101090789,0.0
13161,2003,inf,0,,0,2.5403413566761,5.01063529409626,0.0
13161,2004,inf,0,,0,2.5403413566761,4.91265488573605,0.0
13161,2005,inf,0,,0,2.5403413566761,5.07517381523383,0.0
13161,2006,inf,0,,0,2.5403413566761,5.19849703126583,0.0
13161,2007,inf,0,,0,2.5403413566761,5.23644196282995,0.0
13179,2003,inf,0,,0,4.12082419502648,6.02344759296103,0.0
13179,2004,inf,0,,0,4.12082419502648,5.91620206260743,0.0
13179,2005,inf,0,,0,4.12082419502648,6.17586727010576,0.0
13179,2006,inf,0,,0,4.12082419502648,6.13556489108174,0.0
13179,2007,inf,0,,0,4.12082419502648,6.15060276844628,0.0
13195,2003,inf,0,,0,3.24765762629365,4.75359019110636,0.0
13195,2004,inf,0,,0,3.24765762629365,4.77912349311153,0.0
13195,2005,inf,0,,0,3.24765762629365,4.66343909411207,0.0
13195,2006,inf,0,,0,3.24765762629365,4.87519732320115,0.0
13195,2007,inf,0,,0,3.24765762629365,5.00394630594546,0.0
13197,2003,inf,0,,0,1.9662728435742,3.73766961828337,0.0
13197,2004,inf,0,,0,1.9662728435742,3.63758615972639,0.0
13197,2005,inf,0,,0,1.9662728435742,3.52636052461616,0.0
13197,2006,inf,0,,0,1.9662728435742,3.89182029811063,0.0
13197,2007,inf,0,,0,1.9662728435742,3.95124371858143,0.0
13209,2003,inf,0,,0,2.1126345090356,3.8286413964891,0.0
13209,2004,inf,0,,0,2.1126345090356,3.40119738166216,0.0
13209,2005,inf,0,,0,2.1126345090356,3.55534806148941,0.0
13209,2006,inf,0,,0,2.1126345090356,3.66356164612965,0.0
13209,2007,inf,0,,0,2.1126345090356,3.58351893845611,0.0
13211,2003,inf,0,,0,2.73806197517018,5.19295685089021,0.0
13211,2004,inf,0,,0,2.73806197517018,5.18738580584075,0.0
13211,2005,inf,0,,0,2.73806197517018,5.28320372873799,0.0
13211,2006,inf,0,,0,2.73806197517018,5.605802066296,0.0
13211,2007,inf,0,,0,2.73806197517018,5.59471137960184,0.0
13213,2003,inf,0,,0,3.59747663064059,5.71042701737487,0.0
13213,2004,inf,0,,0,3.59747663064059,5.68357976733868,0.0
13213,2005,inf,0,,0,3.59747663064059,5.38449506278909,0.0
13213,2006,inf,0,,0,3.59747663064059,5.72031177660741,0.0
13213,2007,inf,0,,0,3.59747663064059,5.65248918026865,0.0
13217,2003,inf,0,,0,4.12715051394728,6.45204895443723,0.0
13217,2004,inf,0,,0,4.12715051394728,6.49677499018586,0.0
13217,2005,inf,0,,0,4.12715051394728,6.51619307604296,0.0
13217,2006,inf,0,,0,4.12715051394728,6.62804137617953,0.0
13217,2007,inf,0,,0,4.12715051394728,6.62539236800796,0.0
13223,2003,inf,0,,0,4.40278468775839,6.38519439899773,0.0
13223,2004,inf,0,,0,4.40278468775839,6.48463523563525,0.0
13223,2005,inf,0,,0,4.40278468775839,6.71295620067707,0.0
13223,2006,inf,0,,0,4.40278468775839,6.80682936039218,0.0
13223,2007,inf,0,,0,4.40278468775839,6.98471632011827,0.0
13227,2003,inf,0,,0,3.13475481220279,5.32300997913841,0.0
13227,2004,inf,0,,0,3.13475481220279,5.4380793089232,0.0
13227,2005,inf,0,,0,3.13475481220279,5.37527840768417,0.0
13227,2006,inf,0,,0,3.13475481220279,5.40717177146012,0.0
13227,2007,inf,0,,0,3.13475481220279,5.4510384535657,0.0
13233,2003,inf,0,,0,3.64092269256804,5.96614673912369,0.0
13233,2004,inf,0,,0,3.64092269256804,5.92692602597041,0.0
13233,2005,inf,0,,0,3.64092269256804,5.94803498918065,0.0
13233,2006,inf,0,,0,3.64092269256804,5.90808293816893,0.0
13233,2007,inf,0,,0,3.64092269256804,5.91079664404053,0.0
13237,2003,inf,0,,0,2.9344949640828,5.00394630594546,0.0
13237,2004,inf,0,,0,2.9344949640828,5.03695260241363,0.0
13237,2005,inf,0,,0,2.9344949640828,5.08759633523238,0.0
13237,2006,inf,0,,0,2.9344949640828,5.52545293913178,0.0
13237,2007,inf,0,,0,2.9344949640828,5.4249500174814,0.0
13241,2003,inf,0,,0,2.71137799119488,5.4510384535657,0.0
13241,2004,inf,0,,0,2.71137799119488,5.26269018890489,0.0
13241,2005,inf,0,,0,2.71137799119488,5.4249500174814,0.0
13241,2006,inf,0,,0,2.71137799119488,5.37063802812766,0.0
13241,2007,inf,0,,0,2.71137799119488,5.40717177146012,0.0
13263,2003,inf,0,,0,1.87149443724691,2.39789527279837,0.0
13263,2004,inf,0,,0,1.87149443724691,2.77258872223978,0.0
13263,2005,inf,0,,0,1.87149443724691,1.94591014905531,0.0
13263,2006,inf,0,,0,1.87149443724691,1.79175946922805,0.0
13263,2007,inf,0,,0,1.87149443724691,2.30258509299405,0.0
13271,2003,inf,0,,0,2.46759092757831,4.68213122712422,0.0
13271,2004,inf,0,,0,2.46759092757831,4.86753445045558,0.0
13271,2005,inf,0,,0,2.46759092757831,5.16478597392351,0.0
13271,2006,inf,0,,0,2.46759092757831,5.28320372873799,0.0
13271,2007,inf,0,,0,2.46759092757831,5.19295685089021,0.0
13273,2003,inf,0,,0,2.39516427428714,3.98898404656427,0.0
13273,2004,inf,0,,0,2.39516427428714,4.0943445622221,0.0
13273,2005,inf,0,,0,2.39516427428714,4.17438726989564,0.0
13273,2006,inf,0,,0,2.39516427428714,4.18965474202643,0.0
13273,2007,inf,0,,0,2.39516427428714,4.0943445622221,0.0
13297,2003,inf,0,,0,4.10572950708866,6.53233429222235,0.0
13297,2004,inf,0,,0,4.10572950708866,6.4085287910595,0.0
13297,2005,inf,0,,0,4.10572950708866,6.35437004079735,0.0
13297,2006,inf,0,,0,4.10572950708866,6.52649485957079,0.0
13297,2007,inf,0,,0,4.10572950708866,6.62936325343745,0.0
13303,2003,inf,0,,0,3.0528684649248,5.11799381241676,0.0
13303,2004,inf,0,,0,3.0528684649248,4.99043258677874,0.0
13303,2005,inf,0,,0,3.0528684649248,4.969813299576,0.0
13303,2006,inf,0,,0,3.0528684649248,4.93447393313069,0.0
13303,2007,inf,0,,0,3.0528684649248,5.04342511691925,0.0
13313,2003,inf,0,,0,4.42514598824282,7.15148546390474,0.0
13313,2004,inf,0,,0,4.42514598824282,7.15539630189673,0.0
13313,2005,inf,0,,0,4.42514598824282,7.20042489294496,0.0
13313,2006,inf,0,,0,4.42514598824282,7.27586460054653,0.0
13313,2007,inf,0,,0,4.42514598824282,7.18841273649695,0.0
13317,2003,inf,0,,0,2.36902804954276,4.92725368515721,0.0
13317,2004,inf,0,,0,2.36902804954276,4.74493212836325,0.0
13317,2005,inf,0,,0,2.36902804954276,4.64439089914137,0.0
13317,2006,inf,0,,0,2.36902804954276,4.59511985013459,0.0
13317,2007,inf,0,,0,2.36902804954276,4.54329478227,0.0
13321,2003,inf,0,,0,3.08954132723205,4.96284463025991,0.0
13321,2004,inf,0,,0,3.08954132723205,4.97673374242057,0.0
13321,2005,inf,0,,0,3.08954132723205,5.08759633523238,0.0
13321,2006,inf,0,,0,3.08954132723205,5.15329159449778,0.0
13321,2007,inf,0,,0,3.08954132723205,4.89034912822175,0.0
16003,2003,inf,0,,0,1.24588220740315,3.25809653802148,0.0
16003,2004,inf,0,,0,1.24588220740315,3.61091791264422,0.0
16003,2005,inf,0,,0,1.24588220740315,3.98898404656427,0.0
16003,2006,inf,0,,0,1.24588220740315,3.98898404656427,0.0
16003,2007,inf,0,,0,1.24588220740315,3.89182029811063,0.0
16015,2003,inf,0,,0,1.89761985992753,3.89182029811063,0.0
16015,2004,inf,0,,0,1.89761985992753,3.91202300542815,0.0
16015,2005,inf,0,,0,1.89761985992753,4.17438726989564,0.0
16015,2006,inf,0,,0,1.89761985992753,4.02535169073515,0.0
16015,2007,inf,0,,0,1.89761985992753,4.14313472639153,0.0
16017,2003,inf,0,,0,3.60644848013478,6.29710931993394,0.0
16017,2004,inf,0,,0,3.60644848013478,6.29894924685594,0.0
16017,2005,inf,0,,0,3.60644848013478,6.4281052726846,0.0
16017,2006,inf,0,,0,3.60644848013478,6.42971947803914,0.0
16017,2007,inf,0,,0,3.60644848013478,6.40522845803084,0.0
16021,2003,inf,0,,0,2.28960116543575,4.89783979995091,0.0
16021,2004,inf,0,,0,2.28960116543575,4.83628190695148,0.0
16021,2005,inf,0,,0,2.28960116543575,4.96284463025991,0.0
16021,2006,inf,0,,0,2.28960116543575,4.99721227376411,0.0
16021,2007,inf,0,,0,2.28960116543575,4.82028156560504,0.0
16029,2003,inf,0,,0,1.98842214329267,4.9416424226093,0.0
16029,2004,inf,0,,0,1.98842214329267,4.79579054559674,0.0
16029,2005,inf,0,,0,1.98842214329267,4.98360662170834,0.0
16029,2006,inf,0,,0,1.98842214329267,4.78749174278205,0.0
16029,2007,inf,0,,0,1.98842214329267,5.03695260241363,0.0
16041,2003,inf,0,,0,2.42736580989135,5.63835466933375,0.0
16041,2004,inf,0,,0,2.42736580989135,5.53733426701854,0.0
16041,2005,inf,0,,0,2.42736580989135,5.62762111369064,0.0
16041,2006,inf,0,,0,2.42736580989135,5.6937321388027,0.0
16041,2007,inf,0,,0,2.42736580989135,5.74939298590825,0.0
16045,2003,inf,0,,0,2.72004464595058,5.01727983681492,0.0
16045,2004,inf,0,,0,2.72004464595058,4.92725368515721,0.0
16045,2005,inf,0,,0,2.72004464595058,5.12989871492307,0.0
16045,2006,inf,0,,0,2.72004464595058,5.08759633523238,0.0
16045,2007,inf,0,,0,2.72004464595058,5.19849703126583,0.0
16067,2003,inf,0,,0,3.00439464663264,5.73334127689775,0.0
16067,2004,inf,0,,0,3.00439464663264,5.73979291217923,0.0
16067,2005,inf,0,,0,3.00439464663264,5.73334127689775,0.0
16067,2006,inf,0,,0,3.00439464663264,5.77455154554441,0.0
16067,2007,inf,0,,0,3.00439464663264,5.80814248998044,0.0
16079,2003,inf,0,,0,2.62256493174499,5.09375020080676,0.0
16079,2004,inf,0,,0,2.62256493174499,5.17614973257383,0.0
16079,2005,inf,0,,0,2.62256493174499,5.14749447681345,0.0
16079,2006,inf,0,,0,2.62256493174499,5.24702407216049,0.0
16079,2007,inf,0,,0,2.62256493174499,5.38449506278909,0.0
16083,2003,inf,0,,0,4.16331076668682,7.20489251020467,0.0
16083,2004,inf,0,,0,4.16331076668682,7.18311170174328,0.0
16083,2005,inf,0,,0,4.16331076668682,7.14045304310116,0.0
16083,2006,inf,0,,0,4.16331076668682,7.23489842031483,0.0
16083,2007,inf,0,,0,4.16331076668682,7.28961052145117,0.0
17005,2003,2004.0,1,-1.0,0,2.86977214642579,5.18738580584075,-1.0
17005,2004,2004.0,1,0.0,1,2.86977214642579,5.06890420222023,0.0
17005,2005,2004.0,1,1.0,1,2.86977214642579,4.93447393313069,1.0
17005,2006,2004.0,1,2.0,1,2.86977214642579,4.89034912822175,2.0
17005,2007,2004.0,1,3.0,1,2.86977214642579,4.99043258677874,3.0
17015,2003,2004.0,1,-1.0,0,2.81385061998842,5.42934562895444,-1.0
17015,2004,2004.0,1,0.0,1,2.81385061998842,5.42053499927229,0.0
17015,2005,2004.0,1,1.0,1,2.81385061998842,5.50125821054473,1.0
17015,2006,2004.0,1,2.0,1,2.81385061998842,5.46806014113513,2.0
17015,2007,2004.0,1,3.0,1,2.81385061998842,5.4553211153577,3.0
17025,2003,2004.0,1,-1.0,0,2.67827804276854,5.08759633523238,-1.0
17025,2004,2004.0,1,0.0,1,2.67827804276854,5.00394630594546,0.0
17025,2005,2004.0,1,1.0,1,2.67827804276854,4.85203026391962,1.0
17025,2006,2004.0,1,2.0,1,2.67827804276854,4.98360662170834,2.0
17025,2007,2004.0,1,3.0,1,2.67827804276854,4.97673374242057,3.0
17035,2003,2004.0,1,-1.0,0,2.42063475976786,4.92725368515721,-1.0
17035,2004,2004.0,1,0.0,1,2.42063475976786,4.59511985013459,0.0
17035,2005,2004.0,1,1.0,1,2.42063475976786,4.44265125649032,1.0
17035,2006,2004.0,1,2.0,1,2.42063475976786,4.30406509320417,2.0
17035,2007,2004.0,1,3.0,1,2.42063475976786,4.46590811865458,3.0
17047,2003,2004.0,1,-1.0,0,1.94175868650426,4.35670882668959,-1.0
17047,2004,2004.0,1,0.0,1,1.94175868650426,4.39444915467244,0.0
17047,2005,2004.0,1,1.0,1,1.94175868650426,4.20469261939097,1.0
17047,2006,2004.0,1,2.0,1,1.94175868650426,4.00733318523247,2.0
17047,2007,2004.0,1,3.0,1,1.94175868650426,4.12713438504509,3.0
17049,2003,2004.0,1,-1.0,0,3.53409524031307,6.99025650049388,-1.0
17049,2004,2004.0,1,0.0,1,3.53409524031307,6.90975328164481,0.0
17049,2005,2004.0,1,1.0,1,3.53409524031307,6.87523208727658,1.0
17049,2006,2004.0,1,2.0,1,3.53409524031307,6.8330317327862,2.0
17049,2007,2004.0,1,3.0,1,3.53409524031307,6.87626461189077,3.0
17053,2003,2004.0,1,-1.0,0,2.65612512823729,5.61677109766657,-1.0
17053,2004,2004.0,1,0.0,1,2.65612512823729,5.48893772615669,0.0
17053,2005,2004.0,1,1.0,1,2.65612512823729,5.48893772615669,1.0
17053,2006,2004.0,1,2.0,1,2.65612512823729,5.51342874616498,2.0
17053,2007,2004.0,1,3.0,1,2.65612512823729,5.31320597904179,3.0
17063,2003,2004.0,1,-1.0,0,3.62527383102497,6.58063913728495,-1.0
17063,2004,2004.0,1,0.0,1,3.62527383102497,6.47697236288968,0.0
17063,2005,2004.0,1,1.0,1,3.62527383102497,6.49375383985169,1.0
17063,2006,2004.0,1,2.0,1,3.62527383102497,6.4831073514572,2.0
17063,2007,2004.0,1,3.0,1,3.62527383102497,6.5694814204143,3.0
17089,2003,2004.0,1,-1.0,0,6.00170938904395,9.0067543198775,-1.0
17089,2004,2004.0,1,0.0,1,6.00170938904395,8.96763166516713,0.0
17089,2005,2004.0,1,1.0,1,6.00170938904395,8.99118884193151,1.0
17089,2006,2004.0,1,2.0,1,6.00170938904395,8.97802993283716,2.0
17089,2007,2004.0,1,3.0,1,6.00170938904395,9.02509454366498,3.0
17097,2003,2004.0,1,-1.0,0,6.46825136840052,9.27369068747694,-1.0
17097,2004,2004.0,1,0.0,1,6.46825136840052,9.22147811638664,0.0
17097,2005,2004.0,1,1.0,1,6.46825136840052,9.2072355570227,1.0
17097,2006,2004.0,1,2.0,1,6.46825136840052,9.24599704918422,2.0
17097,2007,2004.0,1,3.0,1,6.46825136840052,9.23824732522919,3.0
17113,2003,2004.0,1,-1.0,0,5.01351780234143,7.89095671613892,-1.0
17113,2004,2004.0,1,0.0,1,5.01351780234143,7.77653502818524,0.0
17113,2005,2004.0,1,1.0,1,5.01351780234143,7.755767170103,1.0
17113,2006,2004.0,1,2.0,1,5.01351780234143,7.74022952476318,2.0
17113,2007,2004.0,1,3.0,1,5.01351780234143,7.8188324438034,3.0
17125,2003,2004.0,1,-1.0,0,2.77496090638484,5.24702407216049,-1.0
17125,2004,2004.0,1,0.0,1,2.77496090638484,5.25227342804663,0.0
17125,2005,2004.0,1,1.0,1,2.77496090638484,4.97673374242057,1.0
17125,2006,2004.0,1,2.0,1,2.77496090638484,4.99043258677874,2.0
17125,2007,2004.0,1,3.0,1,2.77496090638484,5.05624580534831,3.0
17135,2003,2004.0,1,-1.0,0,3.42269791310816,6.07764224334903,-1.0
17135,2004,2004.0,1,0.0,1,3.42269791310816,6.10255859461357,0.0
17135,2005,2004.0,1,1.0,1,3.42269791310816,6.15485809401642,1.0
17135,2006,2004.0,1,2.0,1,3.42269791310816,6.0137151560428,2.0
17135,2007,2004.0,1,3.0,1,3.42269791310816,6.01615715969835,3.0
17155,2003,2004.0,1,-1.0,0,1.80599105147478,4.02535169073515,-1.0
17155,2004,2004.0,1,0.0,1,1.80599105147478,3.73766961828337,0.0
17155,2005,2004.0,1,1.0,1,1.80599105147478,3.91202300542815,1.0
17155,2006,2004.0,1,2.0,1,1.80599105147478,3.78418963391826,2.0
17155,2007,2004.0,1,3.0,1,1.80599105147478,4.24849524204936,3.0
17161,2003,2004.0,1,-1.0,0,5.0064532281027,7.87663846097546,-1.0
17161,2004,2004.0,1,0.0,1,5.0064532281027,7.82404601085629,0.0
17161,2005,2004.0,1,1.0,1,5.0064532281027,7.86557175768479,1.0
17161,2006,2004.0,1,2.0,1,5.0064532281027,7.85166117788927,2.0
17161,2007,2004.0,1,3.0,1,5.0064532281027,7.82923253754359,3.0
17169,2003,2004.0,1,-1.0,0,1.97255208000173,4.52178857704904,-1.0
17169,2004,2004.0,1,0.0,1,1.97255208000173,4.53259949315326,0.0
17169,2005,2004.0,1,1.0,1,1.97255208000173,4.31748811353631,1.0
17169,2006,2004.0,1,2.0,1,1.97255208000173,4.38202663467388,2.0
17169,2007,2004.0,1,3.0,1,1.97255208000173,4.43081679884331,3.0
17193,2003,2004.0,1,-1.0,0,2.7324826172428,5.4510384535657,-1.0
17193,2004,2004.0,1,0.0,1,2.7324826172428,5.3890717298165,0.0
17193,2005,2004.0,1,1.0,1,2.7324826172428,5.25227342804663,1.0
17193,2006,2004.0,1,2.0,1,2.7324826172428,5.17614973257383,2.0
17193,2007,2004.0,1,3.0,1,2.7324826172428,5.27299955856375,3.0
17195,2003,2004.0,1,-1.0,0,4.10516909830525,6.71780469502369,-1.0
17195,2004,2004.0,1,0.0,1,4.10516909830525,6.6682282484174,0.0
17195,2005,2004.0,1,1.0,1,4.10516909830525,6.76849321164863,1.0
17195,2006,2004.0,1,2.0,1,4.10516909830525,6.68959926917897,2.0
17195,2007,2004.0,1,3.0,1,4.10516909830525,6.73221070646721,3.0
17199,2003,2004.0,1,-1.0,0,4.11571458795829,6.81014245011514,-1.0
17199,2004,2004.0,1,0.0,1,4.11571458795829,6.8596149036542,0.0
17199,2005,2004.0,1,1.0,1,4.11571458795829,6.77764659363512,1.0
17199,2006,2004.0,1,2.0,1,4.11571458795829,6.72982407048948,2.0
17199,2007,2004.0,1,3.0,1,4.11571458795829,6.77878489768518,3.0
17203,2003,2004.0,1,-1.0,0,3.56865907554909,6.5191472879404,-1.0
17203,2004,2004.0,1,0.0,1,3.56865907554909,6.44094654063292,0.0
17203,2005,2004.0,1,1.0,1,3.56865907554909,6.41673228251233,1.0
17203,2006,2004.0,1,2.0,1,3.56865907554909,6.46925031679577,2.0
17203,2007,2004.0,1,3.0,1,3.56865907554909,6.48616078894409,3.0
18005,2003,inf,0,,0,4.26878794531712,7.15305163493748,0.0
18005,2004,inf,0,,0,4.26878794531712,7.11720550316434,0.0
18005,2005,inf,0,,0,4.26878794531712,7.16626597413364,0.0
18005,2006,inf,0,,0,4.26878794531712,7.10002716662926,0.0
18005,2007,inf,0,,0,4.26878794531712,7.08170858610557,0.0
18017,2003,inf,0,,0,3.71186329050431,6.29156913955832,0.0
18017,2004,inf,0,,0,3.71186329050431,6.20455776256869,0.0
18017,2005,inf,0,,0,3.71186329050431,6.10255859461357,0.0
18017,2006,inf,0,,0,3.71186329050431,6.0913098820777,0.0
18017,2007,inf,0,,0,3.71186329050431,6.06145691892802,0.0
18019,2003,inf,0,,0,4.56925281080129,7.40610338123702,0.0
18019,2004,inf,0,,0,4.56925281080129,7.31388683163346,0.0
18019,2005,inf,0,,0,4.56925281080129,7.27931883541462,0.0
18019,2006,inf,0,,0,4.56925281080129,7.40974195408092,0.0
18019,2007,inf,0,,0,4.56925281080129,7.36897040219479,0.0
18021,2003,inf,0,,0,3.27925571085691,5.47227067367148,0.0
18021,2004,inf,0,,0,3.27925571085691,5.73657229747919,0.0
18021,2005,inf,0,,0,3.27925571085691,5.75574221358691,0.0
18021,2006,inf,0,,0,3.27925571085691,5.60947179518496,0.0
18021,2007,inf,0,,0,3.27925571085691,5.56068163101553,0.0
18023,2003,inf,0,,0,3.52241156124315,6.12029741895095,0.0
18023,2004,inf,0,,0,3.52241156124315,6.07073772800249,0.0
18023,2005,inf,0,,0,3.52241156124315,6.04263283368238,0.0
18023,2006,inf,0,,0,3.52241156124315,6.00141487796115,0.0
18023,2007,inf,0,,0,3.52241156124315,6.02344759296103,0.0
18029,2003,inf,0,,0,3.83100815871387,6.80239476332431,0.0
18029,2004,inf,0,,0,3.83100815871387,6.74405918631135,0.0
18029,2005,inf,0,,0,3.83100815871387,6.75693238924755,0.0
18029,2006,inf,0,,0,3.83100815871387,6.64898455002478,0.0
18029,2007,inf,0,,0,3.83100815871387,6.81014245011514,0.0
18033,2003,inf,0,,0,3.69597919122916,6.50727771238501,0.0
18033,2004,inf,0,,0,3.69597919122916,6.42162226780652,0.0
18033,2005,inf,0,,0,3.69597919122916,6.43615036836943,0.0
18033,2006,inf,0,,0,3.69597919122916,6.51174532964473,0.0
18033,2007,inf,0,,0,3.69597919122916,6.37842618365159,0.0
18035,2003,inf,0,,0,4.77718043011612,7.34729970074316,0.0
18035,2004,inf,0,,0,4.77718043011612,7.22766249872865,0.0
18035,2005,inf,0,,0,4.77718043011612,7.1929342212158,0.0
18035,2006,inf,0,,0,4.77718043011612,7.18992217074581,0.0
18035,2007,inf,0,,0,4.77718043011612,7.17472430983638,0.0
18053,2003,inf,0,,0,4.29596480671984,6.87109129461055,0.0
18053,2004,inf,0,,0,4.29596480671984,6.78105762593618,0.0
18053,2005,inf,0,,0,4.29596480671984,6.75809450442773,0.0
18053,2006,inf,0,,0,4.29596480671984,6.67076632084587,0.0
18053,2007,inf,0,,0,4.29596480671984,6.66568371778241,0.0
18063,2003,inf,0,,0,4.64528473032447,7.56060116276856,0.0
18063,2004,inf,0,,0,4.64528473032447,7.59789795052178,0.0
18063,2005,inf,0,,0,4.64528473032447,7.64444076155657,0.0
18063,2006,inf,0,,0,4.64528473032447,7.70616297019958,0.0
18063,2007,inf,0,,0,4.64528473032447,7.74066440191724,0.0
18081,2003,inf,0,,0,4.74674787021019,7.74975340627444,0.0
18081,2004,inf,0,,0,4.74674787021019,7.73805229768932,0.0
18081,2005,inf,0,,0,4.74674787021019,7.71868549519847,0.0
18081,2006,inf,0,,0,4.74674787021019,7.7106533235012,0.0
18081,2007,inf,0,,0,4.74674787021019,7.71646080017636,0.0
18083,2003,inf,0,,0,3.6701042987876,6.33150184989369,0.0
18083,2004,inf,0,,0,3.6701042987876,6.24997524225948,0.0
18083,2005,inf,0,,0,3.6701042987876,6.24804287450843,0.0
18083,2006,inf,0,,0,3.6701042987876,6.29341927884648,0.0
18083,2007,inf,0,,0,3.6701042987876,6.18208490671663,0.0
18091,2003,inf,0,,0,4.70144353815659,7.43543801981455,0.0
18091,2004,inf,0,,0,4.70144353815659,7.37337430991005,0.0
18091,2005,inf,0,,0,4.70144353815659,7.39510754656249,0.0
18091,2006,inf,0,,0,4.70144353815659,7.3790081276283,0.0
18091,2007,inf,0,,0,4.70144353815659,7.37148929521428,0.0
18093,2003,inf,0,,0,3.82694430506983,6.21060007702465,0.0
18093,2004,inf,0,,0,3.82694430506983,6.15485809401642,0.0
18093,2005,inf,0,,0,3.82694430506983,6.15697898558556,0.0
18093,2006,inf,0,,0,3.82694430506983,6.15909538849193,0.0
18093,2007,inf,0,,0,3.82694430506983,6.20253551718792,0.0
18099,2003,inf,0,,0,3.80950289643767,6.57368016696065,0.0
18099,2004,inf,0,,0,3.80950289643767,6.51471269087253,0.0
18099,2005,inf,0,,0,3.80950289643767,6.48004456192665,0.0
18099,2006,inf,0,,0,3.80950289643767,6.52356230614951,0.0
18099,2007,inf,0,,0,3.80950289643767,6.45833828334479,0.0
18109,2003,inf,0,,0,4.20004002177996,6.68085467879022,0.0
18109,2004,inf,0,,0,4.20004002177996,6.63068338564237,0.0
18109,2005,inf,0,,0,4.20004002177996,6.65929391968364,0.0
18109,2006,inf,0,,0,4.20004002177996,6.61606518513282,0.0
18109,2007,inf,0,,0,4.20004002177996,6.59714570188665,0.0
18113,2003,inf,0,,0,3.83460185845956,6.49072353450251,0.0
18113,2004,inf,0,,0,3.83460185845956,6.45676965557216,0.0
18113,2005,inf,0,,0,3.83460185845956,6.3919171133926,0.0
18113,2006,inf,0,,0,3.83460185845956,6.41999492814714,0.0
18113,2007,inf,0,,0,3.83460185845956,6.39692965521615,0.0
18115,2003,inf,0,,0,1.72686532931006,4.29045944114839,0.0
18115,2004,inf,0,,0,1.72686532931006,4.26267987704132,0.0
18115,2005,inf,0,,0,1.72686532931006,4.17438726989564,0.0
18115,2006,inf,0,,0,1.72686532931006,4.04305126783455,0.0
18115,2007,inf,0,,0,1.72686532931006,4.07753744390572,0.0
18119,2003,inf,0,,0,3.08126756166025,5.28320372873799,0.0
18119,2004,inf,0,,0,3.08126756166025,5.30330490805908,0.0
18119,2005,inf,0,,0,3.08126756166025,5.35185813347607,0.0
18119,2006,inf,0,,0,3.08126756166025,5.30826769740121,0.0
18119,2007,inf,0,,0,3.08126756166025,5.27299955856375,0.0
18133,2003,inf,0,,0,3.58404657700818,6.4425401664682,0.0
18133,2004,inf,0,,0,3.58404657700818,6.47697236288968,0.0
18133,2005,inf,0,,0,3.58404657700818,6.43294009273918,0.0
18133,2006,inf,0,,0,3.58404657700818,6.28785856016178,0.0
18133,2007,inf,0,,0,3.58404657700818,6.24610676548156,0.0
18145,2003,inf,0,,0,3.77149577029117,6.48768401848461,0.0
18145,2004,inf,0,,0,3.77149577029117,6.4723462945009,0.0
18145,2005,inf,0,,0,3.77149577029117,6.31173480915291,0.0
18145,2006,inf,0,,0,3.77149577029117,6.18826412308259,0.0
18145,2007,inf,0,,0,3.77149577029117,6.13556489108174,0.0
18157,2003,inf,0,,0,5.0036442469074,7.70616297019958,0.0
18157,2004,inf,0,,0,5.0036442469074,7.6425241342329,0.0
18157,2005,inf,0,,0,5.0036442469074,7.70751219460034,0.0
18157,2006,inf,0,,0,5.0036442469074,7.73587031995257,0.0
18157,2007,inf,0,,0,5.0036442469074,7.74196789982069,0.0
18175,2003,inf,0,,0,3.30406220422892,5.35185813347607,0.0
18175,2004,inf,0,,0,3.30406220422892,5.31811999384422,0.0
18175,2005,inf,0,,0,3.30406220422892,5.22035582507832,0.0
18175,2006,inf,0,,0,3.30406220422892,5.24702407216049,0.0
18175,2007,inf,0,,0,3.30406220422892,5.27299955856375,0.0
18179,2003,inf,0,,0,3.3178157727231,6.08449941307517,0.0
18179,2004,inf,0,,0,3.3178157727231,5.94803498918065,0.0
18179,2005,inf,0,,0,3.3178157727231,5.92958914338989,0.0
18179,2006,inf,0,,0,3.3178157727231,6.05208916892442,0.0
18179,2007,inf,0,,0,3.3178157727231,5.83188247728352,0.0
18181,2003,inf,0,,0,3.22949919650533,5.53338948872752,0.0
18181,2004,inf,0,,0,3.22949919650533,5.32300997913841,0.0
18181,2005,inf,0,,0,3.22949919650533,5.28826703069454,0.0
18181,2006,inf,0,,0,3.22949919650533,5.25749537202778,0.0
18181,2007,inf,0,,0,3.22949919650533,5.23110861685459,0.0
19013,2003,inf,0,,0,4.85212400952536,7.9043348420851,0.0
19013,2004,inf,0,,0,4.85212400952536,7.83794891602528,0.0
19013,2005,inf,0,,0,4.85212400952536,7.8407064517494,0.0
19013,2006,inf,0,,0,4.85212400952536,7.85476918349913,0.0
19013,2007,inf,0,,0,4.85212400952536,7.87929148508227,0.0
19025,2003,inf,0,,0,2.40829554741616,5.46806014113513,0.0
19025,2004,inf,0,,0,2.40829554741616,5.2257466737132,0.0
19025,2005,inf,0,,0,2.40829554741616,5.18738580584075,0.0
19025,2006,inf,0,,0,2.40829554741616,5.22035582507832,0.0
19025,2007,inf,0,,0,2.40829554741616,5.15329159449778,0.0
19069,2003,inf,0,,0,2.37061750338587,5.28320372873799,0.0
19069,2004,inf,0,,0,2.37061750338587,5.21493575760899,0.0
19069,2005,inf,0,,0,2.37061750338587,5.31320597904179,0.0
19069,2006,inf,0,,0,2.37061750338587,5.19849703126583,0.0
19069,2007,inf,0,,0,2.37061750338587,5.2040066870768,0.0
19077,2003,inf,0,,0,2.4294820261824,5.05624580534831,0.0
19077,2004,inf,0,,0,2.4294820261824,4.97673374242057,0.0
19077,2005,inf,0,,0,2.4294820261824,4.9416424226093,0.0
19077,2006,inf,0,,0,2.4294820261824,4.84418708645859,0.0
19077,2007,inf,0,,0,2.4294820261824,4.87519732320115,0.0
19083,2003,inf,0,,0,2.9344949640828,5.87493073085203,0.0
19083,2004,inf,0,,0,2.9344949640828,5.78689738136671,0.0
19083,2005,inf,0,,0,2.9344949640828,5.75257263882563,0.0
19083,2006,inf,0,,0,2.9344949640828,5.77144112313002,0.0
19083,2007,inf,0,,0,2.9344949640828,5.75257263882563,0.0
19087,2003,inf,0,,0,3.0123927144471,6.20253551718792,0.0
19087,2004,inf,0,,0,3.0123927144471,6.01126717440416,0.0
19087,2005,inf,0,,0,3.0123927144471,6.0137151560428,0.0
19087,2006,inf,0,,0,3.0123927144471,5.98896141688986,0.0
19087,2007,inf,0,,0,3.0123927144471,5.92692602597041,0.0
19111,2003,inf,0,,0,3.63895364534421,6.40687998606931,0.0
19111,2004,inf,0,,0,3.63895364534421,6.32076829425058,0.0
19111,2005,inf,0,,0,3.63895364534421,6.39359075395063,0.0
19111,2006,inf,0,,0,3.63895364534421,6.43615036836943,0.0
19111,2007,inf,0,,0,3.63895364534421,6.43294009273918,0.0
19113,2003,inf,0,,0,5.25593686652208,8.30992298925832,0.0
19113,2004,inf,0,,0,5.25593686652208,8.28702502516506,0.0
19113,2005,inf,0,,0,5.25593686652208,8.25400859056484,0.0
19113,2006,inf,0,,0,5.25593686652208,8.28526113406895,0.0
19113,2007,inf,0,,0,5.25593686652208,8.36985260351753,0.0
19123,2003,inf,0,,0,3.10615495480408,5.89989735358249,0.0
19123,2004,inf,0,,0,3.10615495480408,5.8406416573734,0.0
19123,2005,inf,0,,0,3.10615495480408,5.73657229747919,0.0
19123,2006,inf,0,,0,3.10615495480408,5.80211837537706,0.0
19123,2007,inf,0,,0,3.10615495480408,5.77455154554441,0.0
19131,2003,inf,0,,0,2.38637461872373,5.26785815906333,0.0
19131,2004,inf,0,,0,2.38637461872373,5.18738580584075,0.0
19131,2005,inf,0,,0,2.38637461872373,5.27811465923052,0.0
19131,2006,inf,0,,0,2.38637461872373,5.25749537202778,0.0
19131,2007,inf,0,,0,2.38637461872373,5.31811999384422,0.0
19137,2003,inf,0,,0,2.46563887943034,5.37527840768417,0.0
19137,2004,inf,0,,0,2.46563887943034,5.44673737166631,0.0
19137,2005,inf,0,,0,2.46563887943034,5.37989735354046,0.0
19137,2006,inf,0,,0,2.46563887943034,5.4510384535657,0.0
19137,2007,inf,0,,0,2.46563887943034,5.4553211153577,0.0
19141,2003,inf,0,,0,2.71482718538123,6.08904487544685,0.0
19141,2004,inf,0,,0,2.71482718538123,6.00141487796115,0.0
19141,2005,inf,0,,0,2.71482718538123,6.0330862217988,0.0
19141,2006,inf,0,,0,2.71482718538123,6.05208916892442,0.0
19141,2007,inf,0,,0,2.71482718538123,5.88610403145016,0.0
19153,2003,inf,0,,0,5.92586145952057,9.19136140537838,0.0
19153,2004,inf,0,,0,5.92586145952057,9.12565356380899,0.0
19153,2005,inf,0,,0,5.92586145952057,9.12956406194889,0.0
19153,2006,inf,0,,0,5.92586145952057,9.14729407025855,0.0
19153,2007,inf,0,,0,5.92586145952057,9.1557785839835,0.0
19157,2003,inf,0,,0,2.9346544240454,6.3456363608286,0.0
19157,2004,inf,0,,0,2.9346544240454,6.09582456243222,0.0
19157,2005,inf,0,,0,2.9346544240454,6.06378520868761,0.0
19157,2006,inf,0,,0,2.9346544240454,6.1463292576689,0.0
19157,2007,inf,0,,0,2.9346544240454,6.15485809401642,0.0
19159,2003,inf,0,,0,1.69909578436464,4.64439089914137,0.0
19159,2004,inf,0,,0,1.69909578436464,4.53259949315326,0.0
19159,2005,inf,0,,0,1.69909578436464,4.33073334028633,0.0
19159,2006,inf,0,,0,1.69909578436464,4.27666611901606,0.0
19159,2007,inf,0,,0,1.69909578436464,4.36944785246702,0.0
19183,2003,inf,0,,0,3.02868337369368,6.09582456243222,0.0
19183,2004,inf,0,,0,3.02868337369368,5.92692602597041,0.0
19183,2005,inf,0,,0,3.02868337369368,5.88887795833288,0.0
19183,2006,inf,0,,0,3.02868337369368,5.97888576490112,0.0
19183,2007,inf,0,,0,3.02868337369368,6.12468339089421,0.0
19185,2003,inf,0,,0,1.90657514365664,4.24849524204936,0.0
19185,2004,inf,0,,0,1.90657514365664,3.93182563272433,0.0
19185,2005,inf,0,,0,1.90657514365664,4.02535169073515,0.0
19185,2006,inf,0,,0,1.90657514365664,4.06044301054642,0.0
19185,2007,inf,0,,0,1.90657514365664,4.4188406077966,0.0
19187,2003,inf,0,,0,3.6947372635981,6.73340189183736,0.0
19187,2004,inf,0,,0,3.6947372635981,6.68336094576627,0.0
19187,2005,inf,0,,0,3.6947372635981,6.64898455002478,0.0
19187,2006,inf,0,,0,3.6947372635981,6.68336094576627,0.0
19187,2007,inf,0,,0,3.6947372635981,6.67329796776765,0.0
20013,2003,inf,0,,0,2.37248422037371,5.42934562895444,0.0
20013,2004,inf,0,,0,2.37248422037371,5.45958551414416,0.0
20013,2005,inf,0,,0,2.37248422037371,5.50125821054473,0.0
20013,2006,inf,0,,0,2.37248422037371,5.31811999384422,0.0
20013,2007,inf,0,,0,2.37248422037371,5.28320372873799,0.0
20021,2003,inf,0,,0,3.11817112074657,5.59098698051086,0.0
20021,2004,inf,0,,0,3.11817112074657,5.35658627467201,0.0
20021,2005,inf,0,,0,3.11817112074657,5.54517744447956,0.0
20021,2006,inf,0,,0,3.11817112074657,5.40267738187228,0.0
20021,2007,inf,0,,0,3.11817112074657,5.31811999384422,0.0
20027,2003,inf,0,,0,2.17724860168275,5.14166355650266,0.0
20027,2004,inf,0,,0,2.17724860168275,5.23644196282995,0.0
20027,2005,inf,0,,0,2.17724860168275,5.37063802812766,0.0
20027,2006,inf,0,,0,2.17724860168275,5.39362754635236,0.0
20027,2007,inf,0,,0,2.17724860168275,5.40267738187228,0.0
20031,2003,inf,0,,0,2.18211093952617,5.28826703069454,0.0
20031,2004,inf,0,,0,2.18211093952617,5.19849703126583,0.0
20031,2005,inf,0,,0,2.18211093952617,4.94875989037817,0.0
20031,2006,inf,0,,0,2.18211093952617,5.37527840768417,0.0
20031,2007,inf,0,,0,2.18211093952617,5.39362754635236,0.0
20045,2003,inf,0,,0,4.6047901137698,7.52240023138712,0.0
20045,2004,inf,0,,0,4.6047901137698,7.3664451483276,0.0
20045,2005,inf,0,,0,4.6047901137698,7.37525577800975,0.0
20045,2006,inf,0,,0,4.6047901137698,7.40306109109009,0.0
20045,2007,inf,0,,0,4.6047901137698,7.4265490723973,0.0
20047,2003,inf,0,,0,1.2380843339547,3.66356164612965,0.0
20047,2004,inf,0,,0,1.2380843339547,3.80666248977032,0.0
20047,2005,inf,0,,0,1.2380843339547,3.63758615972639,0.0
20047,2006,inf,0,,0,1.2380843339547,2.94443897916644,0.0
20047,2007,inf,0,,0,1.2380843339547,3.8286413964891,0.0
20063,2003,inf,0,,0,1.12102588350501,4.26267987704132,0.0
20063,2004,inf,0,,0,1.12102588350501,4.18965474202643,0.0
20063,2005,inf,0,,0,1.12102588350501,4.00733318523247,0.0
20063,2006,inf,0,,0,1.12102588350501,4.04305126783455,0.0
20063,2007,inf,0,,0,1.12102588350501,3.97029191355212,0.0
20085,2003,inf,0,,0,2.53821042181031,5.4380793089232,0.0
20085,2004,inf,0,,0,2.53821042181031,5.37527840768417,0.0
20085,2005,inf,0,,0,2.53821042181031,5.3890717298165,0.0
20085,2006,inf,0,,0,2.53821042181031,5.35185813347607,0.0
20085,2007,inf,0,,0,2.53821042181031,5.40717177146012,0.0
20095,2003,inf,0,,0,2.16021475170232,4.92725368515721,0.0
20095,2004,inf,0,,0,2.16021475170232,4.91265488573605,0.0
20095,2005,inf,0,,0,2.16021475170232,5.03695260241363,0.0
20095,2006,inf,0,,0,2.16021475170232,4.969813299576,0.0
20095,2007,inf,0,,0,2.16021475170232,5.05624580534831,0.0
20103,2003,inf,0,,0,4.22961818627967,6.59578051396131,0.0
20103,2004,inf,0,,0,4.22961818627967,6.58892647753352,0.0
20103,2005,inf,0,,0,4.22961818627967,6.46458830368996,0.0
20103,2006,inf,0,,0,4.22961818627967,6.49828214947643,0.0
20103,2007,inf,0,,0,4.22961818627967,6.45676965557216,0.0
20133,2003,inf,0,,0,2.83303685789521,6.11146733950268,0.0
20133,2004,inf,0,,0,2.83303685789521,5.92157841964382,0.0
20133,2005,inf,0,,0,2.83303685789521,5.82008293035236,0.0
20133,2006,inf,0,,0,2.83303685789521,5.84354441703136,0.0
20133,2007,inf,0,,0,2.83303685789521,5.72358510195238,0.0
20137,2003,inf,0,,0,1.78389529417125,4.7361984483945,0.0
20137,2004,inf,0,,0,1.78389529417125,4.70953020131233,0.0
20137,2005,inf,0,,0,1.78389529417125,4.85203026391962,0.0
20137,2006,inf,0,,0,1.78389529417125,4.79579054559674,0.0
20137,2007,inf,0,,0,1.78389529417125,4.64439089914137,0.0
20143,2003,inf,0,,0,1.81856367198011,3.95124371858143,0.0
20143,2004,inf,0,,0,1.81856367198011,3.98898404656427,0.0
20143,2005,inf,0,,0,1.81856367198011,3.98898404656427,0.0
20143,2006,inf,0,,0,1.81856367198011,4.18965474202643,0.0
20143,2007,inf,0,,0,1.81856367198011,4.06044301054642,0.0
20145,2003,inf,0,,0,1.97865388786714,4.49980967033027,0.0
20145,2004,inf,0,,0,1.97865388786714,4.48863636973214,0.0
20145,2005,inf,0,,0,1.97865388786714,4.63472898822964,0.0
20145,2006,inf,0,,0,1.97865388786714,4.80402104473326,0.0
20145,2007,inf,0,,0,1.97865388786714,4.70048036579242,0.0
20171,2003,inf,0,,0,1.63315443905142,5.03043792139244,0.0
20171,2004,inf,0,,0,1.63315443905142,4.91265488573605,0.0
20171,2005,inf,0,,0,1.63315443905142,4.81218435537242,0.0
20171,2006,inf,0,,0,1.63315443905142,4.8283137373023,0.0
20171,2007,inf,0,,0,1.63315443905142,4.79579054559674,0.0
20183,2003,inf,0,,0,1.51204556642545,3.97029191355212,0.0
20183,2004,inf,0,,0,1.51204556642545,3.93182563272433,0.0
20183,2005,inf,0,,0,1.51204556642545,3.63758615972639,0.0
20183,2006,inf,0,,0,1.51204556642545,4.17438726989564,0.0
20183,2007,inf,0,,0,1.51204556642545,4.38202663467388,0.0
20205,2003,inf,0,,0,2.33524587523359,4.79579054559674,0.0
20205,2004,inf,0,,0,2.33524587523359,4.79579054559674,0.0
20205,2005,inf,0,,0,2.33524587523359,4.81218435537242,0.0
20205,2006,inf,0,,0,2.33524587523359,4.94875989037817,0.0
20205,2007,inf,0,,0,2.33524587523359,5.16478597392351,0.0
22007,2003,inf,0,,0,3.15222307031342,4.77912349311153,0.0
22007,2004,inf,0,,0,3.15222307031342,4.83628190695148,0.0
22007,2005,inf,0,,0,3.15222307031342,4.57471097850338,0.0
22007,2006,inf,0,,0,3.15222307031342,4.91998092582813,0.0
22007,2007,inf,0,,0,3.15222307031342,5.07517381523383,0.0
22033,2003,inf,0,,0,6.02308917522617,8.74957394808293,0.0
22033,2004,inf,0,,0,6.02308917522617,8.68016201969438,0.0
22033,2005,inf,0,,0,6.02308917522617,8.68440111040014,0.0
22033,2006,inf,0,,0,6.02308917522617,8.78094111357239,0.0
22033,2007,inf,0,,0,6.02308917522617,8.65782432115598,0.0
22045,2003,inf,0,,0,4.29409665407894,6.65415252018322,0.0
22045,2004,inf,0,,0,4.29409665407894,6.58063913728495,0.0
22045,2005,inf,0,,0,4.29409665407894,6.58202513889283,0.0
22045,2006,inf,0,,0,4.29409665407894,6.76272950693188,0.0
22045,2007,inf,0,,0,4.29409665407894,6.77992190747225,0.0
22069,2003,inf,0,,0,3.66561082717458,5.64190707093811,0.0
22069,2004,inf,0,,0,3.66561082717458,5.53733426701854,0.0
22069,2005,inf,0,,0,3.66561082717458,5.40717177146012,0.0
22069,2006,inf,0,,0,3.66561082717458,5.53733426701854,0.0
22069,2007,inf,0,,0,3.66561082717458,5.78689738136671,0.0
22071,2003,inf,0,,0,6.18347649998489,8.31164394850298,0.0
22071,2004,inf,0,,0,6.18347649998489,8.1371033896393,0.0
22071,2005,inf,0,,0,6.18347649998489,8.14206328310415,0.0
22071,2006,inf,0,,0,6.18347649998489,7.1785454837637,0.0
22071,2007,inf,0,,0,6.18347649998489,7.75147531802146,0.0
22073,2003,inf,0,,0,4.9921318225317,7.51043055637801,0.0
22073,2004,inf,0,,0,4.9921318225317,7.35115822643069,0.0
22073,2005,inf,0,,0,4.9921318225317,7.40367029001237,0.0
22073,2006,inf,0,,0,4.9921318225317,7.45240245122364,0.0
22073,2007,inf,0,,0,4.9921318225317,7.50988306115491,0.0
22081,2003,inf,0,,0,2.26405214327726,4.02535169073515,0.0
22081,2004,inf,0,,0,2.26405214327726,3.78418963391826,0.0
22081,2005,inf,0,,0,2.26405214327726,3.36729582998647,0.0
22081,2006,inf,0,,0,2.26405214327726,3.3322045101752,0.0
22081,2007,inf,0,,0,2.26405214327726,3.3322045101752,0.0
22087,2003,inf,0,,0,4.20810470205826,6.74051935960622,0.0
22087,2004,inf,0,,0,4.20810470205826,6.58892647753352,0.0
22087,2005,inf,0,,0,4.20810470205826,6.5792512120101,0.0
22087,2006,inf,0,,0,4.20810470205826,4.45434729625351,0.0
22087,2007,inf,0,,0,4.20810470205826,5.21493575760899,0.0
22091,2003,inf,0,,0,2.35375337956845,3.2188758248682,0.0
22091,2004,inf,0,,0,2.35375337956845,3.55534806148941,0.0
22091,2005,inf,0,,0,2.35375337956845,3.17805383034795,0.0
22091,2006,inf,0,,0,2.35375337956845,3.3322045101752,0.0
22091,2007,inf,0,,0,2.35375337956845,3.36729582998647,0.0
22111,2003,inf,0,,0,3.12689210625201,5.05624580534831,0.0
22111,2004,inf,0,,0,3.12689210625201,4.69134788222914,0.0
22111,2005,inf,0,,0,3.12689210625201,5.05624580534831,0.0
22111,2006,inf,0,,0,3.12689210625201,4.82028156560504,0.0
22111,2007,inf,0,,0,3.12689210625201,4.88280192258637,0.0
22115,2003,inf,0,,0,3.96140347152558,5.605802066296,0.0
22115,2004,inf,0,,0,3.96140347152558,5.64544689764324,0.0
22115,2005,inf,0,,0,3.96140347152558,5.65599181081985,0.0
22115,2006,inf,0,,0,3.96140347152558,5.74620319054015,0.0
22115,2007,inf,0,,0,3.96140347152558,5.78382518232974,0.0
22119,2003,inf,0,,0,3.73363769145571,5.6970934865054,0.0
22119,2004,inf,0,,0,3.73363769145571,5.46806014113513,0.0
22119,2005,inf,0,,0,3.73363769145571,5.61677109766657,0.0
22119,2006,inf,0,,0,3.73363769145571,5.57594910314632,0.0
22119,2007,inf,0,,0,3.73363769145571,5.81413053182507,0.0
24009,2003,2007.0,1,-4.0,0,4.31164440561939,7.02553831463852,-4.0
24009,2004,2007.0,1,-3.0,0,4.31164440561939,7.14677217945264,-3.0
24009,2005,2007.0,1,-2.0,0,4.31164440561939,7.16162200293919,-2.0
24009,2006,2007.0,1,-1.0,0,4.31164440561939,7.1066061377273,-1.0
24009,2007,2007.0,1,0.0,1,4.31164440561939,7.1929342212158,0.0
24015,2003,2007.0,1,-4.0,0,4.4537773664325,7.04053639021596,-4.0
24015,2004,2007.0,1,-3.0,0,4.4537773664325,7.15305163493748,-3.0
24015,2005,2007.0,1,-2.0,0,4.4537773664325,7.14440718032114,-2.0
24015,2006,2007.0,1,-1.0,0,4.4537773664325,7.18841273649695,-1.0
24015,2007,2007.0,1,0.0,1,4.4537773664325,7.11151211649616,0.0
24017,2003,2007.0,1,-4.0,0,4.79203142282408,7.68017564043659,-4.0
24017,2004,2007.0,1,-3.0,0,4.79203142282408,7.69256964806791,-3.0
24017,2005,2007.0,1,-2.0,0,4.79203142282408,7.69074316354187,-2.0
24017,2006,2007.0,1,-1.0,0,4.79203142282408,7.75491027202143,-1.0
24017,2007,2007.0,1,0.0,1,4.79203142282408,7.75619534394812,0.0
24021,2003,2007.0,1,-4.0,0,5.27441906341037,8.31016902198191,-4.0
24021,2004,2007.0,1,-3.0,0,5.27441906341037,8.36264243156764,-3.0
24021,2005,2007.0,1,-2.0,0,5.27441906341037,8.30819906320645,-2.0
24021,2006,2007.0,1,-1.0,0,5.27441906341037,8.32748441618826,-1.0
24021,2007,2007.0,1,0.0,1,5.27441906341037,8.28803156777646,0.0
24027,2003,2007.0,1,-4.0,0,5.5127914463584,8.76826314537129,-4.0
24027,2004,2007.0,1,-3.0,0,5.5127914463584,8.74273386733017,-3.0
24027,2005,2007.0,1,-2.0,0,5.5127914463584,8.67077227934454,-2.0
24027,2006,2007.0,1,-1.0,0,5.5127914463584,8.71719093322313,-1.0
24027,2007,2007.0,1,0.0,1,5.5127914463584,8.75131624677346,0.0
24033,2003,2007.0,1,-4.0,0,6.68650368678403,9.10830764641103,-4.0
24033,2004,2007.0,1,-3.0,0,6.68650368678403,9.14034700015565,-3.0
24033,2005,2007.0,1,-2.0,0,6.68650368678403,9.17232692977797,-2.0
24033,2006,2007.0,1,-1.0,0,6.68650368678403,9.17926241640532,-1.0
24033,2007,2007.0,1,0.0,1,6.68650368678403,9.15567297063387,0.0
26005,2003,2007.0,1,-4.0,0,4.66027371221412,7.1693500166706,-4.0
26005,2004,2007.0,1,-3.0,0,4.66027371221412,7.15773548424991,-3.0
26005,2005,2007.0,1,-2.0,0,4.66027371221412,7.10578612948127,-2.0
26005,2006,2007.0,1,-1.0,0,4.66027371221412,7.05185562295589,-1.0
26005,2007,2007.0,1,0.0,1,4.66027371221412,6.98749024700099,0.0
26015,2003,2007.0,1,-4.0,0,4.0387437582073,6.34388043412633,-4.0
26015,2004,2007.0,1,-3.0,0,4.0387437582073,6.25190388316589,-3.0
26015,2005,2007.0,1,-2.0,0,4.0387437582073,6.28599809450886,-2.0
26015,2006,2007.0,1,-1.0,0,4.0387437582073,6.18001665365257,-1.0
26015,2007,2007.0,1,0.0,1,4.0387437582073,6.19440539110467,0.0
26027,2003,2007.0,1,-4.0,0,3.9338627720326,5.42053499927229,-4.0
26027,2004,2007.0,1,-3.0,0,3.9338627720326,5.62401750618734,-3.0
26027,2005,2007.0,1,-2.0,0,3.9338627720326,5.72358510195238,-2.0
26027,2006,2007.0,1,-1.0,0,3.9338627720326,5.58724865840025,-1.0
26027,2007,2007.0,1,0.0,1,3.9338627720326,5.27299955856375,0.0
26031,2003,2007.0,1,-4.0,0,3.27518054107867,5.27811465923052,-4.0
26031,2004,2007.0,1,-3.0,0,3.27518054107867,5.12989871492307,-3.0
26031,2005,2007.0,1,-2.0,0,3.27518054107867,5.12989871492307,-2.0
26031,2006,2007.0,1,-1.0,0,3.27518054107867,5.11198778835654,-1.0
26031,2007,2007.0,1,0.0,1,3.27518054107867,4.99721227376411,0.0
26041,2003,2007.0,1,-4.0,0,3.65117758692992,6.31173480915291,-4.0
26041,2004,2007.0,1,-3.0,0,3.65117758692992,6.32076829425058,-3.0
26041,2005,2007.0,1,-2.0,0,3.65117758692992,6.25766758788264,-2.0
26041,2006,2007.0,1,-1.0,0,3.65117758692992,6.25382881157547,-1.0
26041,2007,2007.0,1,0.0,1,3.65117758692992,6.13988455222626,0.0
26057,2003,2007.0,1,-4.0,0,3.74443241323419,6.13988455222626,-4.0
26057,2004,2007.0,1,-3.0,0,3.74443241323419,6.09582456243222,-3.0
26057,2005,2007.0,1,-2.0,0,3.74443241323419,6.25190388316589,-2.0
26057,2006,2007.0,1,-1.0,0,3.74443241323419,6.12249280951439,-1.0
26057,2007,2007.0,1,0.0,1,3.74443241323419,5.92692602597041,0.0
26061,2003,2007.0,1,-4.0,0,3.58396328416438,6.42648845745769,-4.0
26061,2004,2007.0,1,-3.0,0,3.58396328416438,6.40025744530882,-3.0
26061,2005,2007.0,1,-2.0,0,3.58396328416438,6.33859407820318,-2.0
26061,2006,2007.0,1,-1.0,0,3.58396328416438,6.22851100359118,-1.0
26061,2007,2007.0,1,0.0,1,3.58396328416438,6.13556489108174,0.0
26065,2003,2007.0,1,-4.0,0,5.63235807797783,8.4142741374084,-4.0
26065,2004,2007.0,1,-3.0,0,5.63235807797783,8.33254893925264,-3.0
26065,2005,2007.0,1,-2.0,0,5.63235807797783,8.24643378616036,-2.0
26065,2006,2007.0,1,-1.0,0,5.63235807797783,8.21283958467648,-1.0
26065,2007,2007.0,1,0.0,1,5.63235807797783,8.16365617616843,0.0
26073,2003,2007.0,1,-4.0,0,4.14869069196221,6.73933662735717,-4.0
26073,2004,2007.0,1,-3.0,0,4.14869069196221,6.59850902861452,-3.0
26073,2005,2007.0,1,-2.0,0,4.14869069196221,6.68586094706836,-2.0
26073,2006,2007.0,1,-1.0,0,4.14869069196221,6.53087762772588,-1.0
26073,2007,2007.0,1,0.0,1,4.14869069196221,6.51025834052315,0.0
26085,2003,2007.0,1,-4.0,0,2.42771882375081,3.66356164612965,-4.0
26085,2004,2007.0,1,-3.0,0,2.42771882375081,3.40119738166216,-3.0
26085,2005,2007.0,1,-2.0,0,2.42771882375081,3.63758615972639,-2.0
26085,2006,2007.0,1,-1.0,0,2.42771882375081,3.2188758248682,-1.0
26085,2007,2007.0,1,0.0,1,2.42771882375081,3.36729582998647,0.0
26089,2003,2007.0,1,-4.0,0,3.05017310923224,5.64190707093811,-4.0
26089,2004,2007.0,1,-3.0,0,3.05017310923224,5.52942908751142,-3.0
26089,2005,2007.0,1,-2.0,0,3.05017310923224,5.47227067367148,-2.0
26089,2006,2007.0,1,-1.0,0,3.05017310923224,5.28320372873799,-1.0
26089,2007,2007.0,1,0.0,1,3.05017310923224,5.34233425196481,0.0
26105,2003,2007.0,1,-4.0,0,3.34194265444484,5.75890177387728,-4.0
26105,2004,2007.0,1,-3.0,0,3.34194265444484,5.59842195899838,-3.0
26105,2005,2007.0,1,-2.0,0,3.34194265444484,5.75574221358691,-2.0
26105,2006,2007.0,1,-1.0,0,3.34194265444484,5.61312810638807,-1.0
26105,2007,2007.0,1,0.0,1,3.34194265444484,5.52942908751142,0.0
26127,2003,2007.0,1,-4.0,0,3.29112206507397,5.52942908751142,-4.0
26127,2004,2007.0,1,-3.0,0,3.29112206507397,5.51745289646471,-3.0
26127,2005,2007.0,1,-2.0,0,3.29112206507397,5.54907608489522,-2.0
26127,2006,2007.0,1,-1.0,0,3.29112206507397,5.39362754635236,-1.0
26127,2007,2007.0,1,0.0,1,3.29112206507397,5.37527840768417,0.0
26129,2003,2007.0,1,-4.0,0,3.07477448089394,5.74300318780948,-4.0
26129,2004,2007.0,1,-3.0,0,3.07477448089394,5.75574221358691,-3.0
26129,2005,2007.0,1,-2.0,0,3.07477448089394,5.75890177387728,-2.0
26129,2006,2007.0,1,-1.0,0,3.07477448089394,5.5683445037611,-1.0
26129,2007,2007.0,1,0.0,1,3.07477448089394,5.52942908751142,0.0
26137,2003,2007.0,1,-4.0,0,3.14849627810562,6.2363695902037,-4.0
26137,2004,2007.0,1,-3.0,0,3.14849627810562,6.22851100359118,-3.0
26137,2005,2007.0,1,-2.0,0,3.14849627810562,6.18620862390049,-2.0
26137,2006,2007.0,1,-1.0,0,3.14849627810562,6.10479323241498,-1.0
26137,2007,2007.0,1,0.0,1,3.14849627810562,5.94542060860658,0.0
26149,2003,2007.0,1,-4.0,0,4.13391777734183,6.62273632394984,-4.0
26149,2004,2007.0,1,-3.0,0,4.13391777734183,6.45204895443723,-3.0
26149,2005,2007.0,1,-2.0,0,4.13391777734183,6.50727771238501,-2.0
26149,2006,2007.0,1,-1.0,0,4.13391777734183,6.41836493593621,-1.0
26149,2007,2007.0,1,0.0,1,4.13391777734183,6.36990098282823,0.0
27005,2003,2006.0,1,-3.0,0,3.40119738166216,6.84374994900622,-3.0
27005,2004,2006.0,1,-2.0,0,3.40119738166216,6.76157276880406,-2.0
27005,2005,2006.0,1,-1.0,0,3.40119738166216,6.78671695060508,-1.0
27005,2006,2006.0,1,0.0,1,3.40119738166216,6.96790920180188,0.0
27005,2007,2006.0,1,1.0,1,3.40119738166216,6.91075078796194,1.0
27009,2003,2006.0,1,-3.0,0,3.53298558915526,6.52356230614951,-3.0
27009,2004,2006.0,1,-2.0,0,3.53298558915526,6.45362499889269,-2.0
27009,2005,2006.0,1,-1.0,0,3.53298558915526,6.47697236288968,-1.0
27009,2006,2006.0,1,0.0,1,3.53298558915526,6.51767127291227,0.0
27009,2007,2006.0,1,1.0,1,3.53298558915526,6.41673228251233,1.0
27023,2003,2006.0,1,-3.0,0,2.57169577986039,5.79301360838414,-3.0
27023,2004,2006.0,1,-2.0,0,2.57169577986039,5.65599181081985,-2.0
27023,2005,2006.0,1,-1.0,0,2.57169577986039,5.79909265446053,-1.0
27023,2006,2006.0,1,0.0,1,2.57169577986039,5.6970934865054,0.0
27023,2007,2006.0,1,1.0,1,2.57169577986039,5.72358510195238,1.0
27035,2003,2006.0,1,-3.0,0,4.00913156717385,7.4899708988348,-3.0
27035,2004,2006.0,1,-2.0,0,4.00913156717385,7.22983877815125,-2.0
27035,2005,2006.0,1,-1.0,0,4.00913156717385,7.30114780585603,-1.0
27035,2006,2006.0,1,0.0,1,4.00913156717385,7.39510754656249,0.0
27035,2007,2006.0,1,1.0,1,4.00913156717385,7.22329567956231,1.0
27043,2003,2006.0,1,-3.0,0,2.78383771441767,5.57594910314632,-3.0
27043,2004,2006.0,1,-2.0,0,2.78383771441767,5.39362754635236,-2.0
27043,2005,2006.0,1,-1.0,0,2.78383771441767,5.54907608489522,-1.0
27043,2006,2006.0,1,0.0,1,2.78383771441767,5.46383180502561,0.0
27043,2007,2006.0,1,1.0,1,2.78383771441767,5.41164605185504,1.0
27049,2003,2006.0,1,-3.0,0,3.78707184000532,7.2991214627108,-3.0
27049,2004,2006.0,1,-2.0,0,3.78707184000532,7.03174125876313,-2.0
27049,2005,2006.0,1,-1.0,0,3.78707184000532,6.93731408122368,-1.0
27049,2006,2006.0,1,0.0,1,3.78707184000532,6.96979066990159,0.0
27049,2007,2006.0,1,1.0,1,3.78707184000532,6.95844839329766,1.0
27051,2003,2006.0,1,-3.0,0,1.83880207556137,4.54329478227,-3.0
27051,2004,2006.0,1,-2.0,0,1.83880207556137,4.49980967033027,-2.0
27051,2005,2006.0,1,-1.0,0,1.83880207556137,4.33073334028633,-1.0
27051,2006,2006.0,1,0.0,1,1.83880207556137,4.44265125649032,0.0
27051,2007,2006.0,1,1.0,1,1.83880207556137,4.06044301054642,1.0
27055,2003,2006.0,1,-3.0,0,2.98153192415285,5.77765232322266,-3.0
27055,2004,2006.0,1,-2.0,0,2.98153192415285,5.74300318780948,-2.0
27055,2005,2006.0,1,-1.0,0,2.98153192415285,5.73979291217923,-1.0
27055,2006,2006.0,1,0.0,1,2.98153192415285,5.71373280550937,0.0
27055,2007,2006.0,1,1.0,1,2.98153192415285,5.66296048013595,1.0
27091,2003,2006.0,1,-3.0,0,3.08200170870617,6.30991827822652,-3.0
27091,2004,2006.0,1,-2.0,0,3.08200170870617,6.28785856016178,-2.0
27091,2005,2006.0,1,-1.0,0,3.08200170870617,6.3578422665081,-1.0
27091,2006,2006.0,1,0.0,1,3.08200170870617,6.40522845803084,0.0
27091,2007,2006.0,1,1.0,1,3.08200170870617,6.3456363608286,1.0
27115,2003,2006.0,1,-3.0,0,3.27827616814965,6.12686918411419,-3.0
27115,2004,2006.0,1,-2.0,0,3.27827616814965,6.12468339089421,-2.0
27115,2005,2006.0,1,-1.0,0,3.27827616814965,6.09582456243222,-1.0
27115,2006,2006.0,1,0.0,1,3.27827616814965,5.96614673912369,0.0
27115,2007,2006.0,1,1.0,1,3.27827616814965,6.00388706710654,1.0
27123,2003,2006.0,1,-3.0,0,6.23643808100884,9.2617936535651,-3.0
27123,2004,2006.0,1,-2.0,0,6.23643808100884,9.18450961194166,-2.0
27123,2005,2006.0,1,-1.0,0,6.23643808100884,9.13841463240459,-1.0
27123,2006,2006.0,1,0.0,1,6.23643808100884,9.19146331620649,0.0
27123,2007,2006.0,1,1.0,1,6.23643808100884,9.11294802596753,1.0
27129,2003,2006.0,1,-3.0,0,2.84223138256823,5.77455154554441,-3.0
27129,2004,2006.0,1,-2.0,0,2.84223138256823,5.72358510195238,-2.0
27129,2005,2006.0,1,-1.0,0,2.84223138256823,5.75257263882563,-1.0
27129,2006,2006.0,1,0.0,1,2.84223138256823,5.64190707093811,0.0
27129,2007,2006.0,1,1.0,1,2.84223138256823,5.87773578177964,1.0
27149,2003,2006.0,1,-3.0,0,2.30787109742328,5.35185813347607,-3.0
27149,2004,2006.0,1,-2.0,0,2.30787109742328,5.14166355650266,-2.0
27149,2005,2006.0,1,-1.0,0,2.30787109742328,5.2040066870768,-1.0
27149,2006,2006.0,1,0.0,1,2.30787109742328,5.17614973257383,0.0
27149,2007,2006.0,1,1.0,1,2.30787109742328,5.35185813347607,1.0
27157,2003,2006.0,1,-3.0,0,3.07315617051879,6.04737217904628,-3.0
27157,2004,2006.0,1,-2.0,0,3.07315617051879,5.95324333428778,-2.0
27157,2005,2006.0,1,-1.0,0,3.07315617051879,5.89164421182577,-1.0
27157,2006,2006.0,1,0.0,1,3.07315617051879,5.92157841964382,0.0
27157,2007,2006.0,1,1.0,1,3.07315617051879,5.91620206260743,1.0
27163,2003,2006.0,1,-3.0,0,5.30395146516513,8.27231514795602,-3.0
27163,2004,2006.0,1,-2.0,0,5.30395146516513,8.21419441485256,-2.0
27163,2005,2006.0,1,-1.0,0,5.30395146516513,8.17075142375753,-1.0
27163,2006,2006.0,1,0.0,1,5.30395146516513,8.25035895147729,0.0
27163,2007,2006.0,1,1.0,1,5.30395146516513,8.20303024171486,1.0
27165,2003,2006.0,1,-3.0,0,2.47451955690151,5.48479693349065,-3.0
27165,2004,2006.0,1,-2.0,0,2.47451955690151,5.40267738187228,-2.0
27165,2005,2006.0,1,-1.0,0,2.47451955690151,5.30330490805908,-1.0
27165,2006,2006.0,1,0.0,1,2.47451955690151,5.41610040220442,0.0
27165,2007,2006.0,1,1.0,1,2.47451955690151,5.38449506278909,1.0
29003,2003,2007.0,1,-4.0,0,2.80287541484465,4.83628190695148,-4.0
29003,2004,2007.0,1,-3.0,0,2.80287541484465,4.85981240436167,-3.0
29003,2005,2007.0,1,-2.0,0,2.80287541484465,4.87519732320115,-2.0
29003,2006,2007.0,1,-1.0,0,2.80287541484465,4.88280192258637,-1.0
29003,2007,2007.0,1,0.0,1,2.80287541484465,5.01063529409626,0.0
29011,2003,2007.0,1,-4.0,0,2.52900327684191,5.51342874616498,-4.0
29011,2004,2007.0,1,-3.0,0,2.52900327684191,5.51745289646471,-3.0
29011,2005,2007.0,1,-2.0,0,2.52900327684191,5.40267738187228,-2.0
29011,2006,2007.0,1,-1.0,0,2.52900327684191,5.30330490805908,-1.0
29011,2007,2007.0,1,0.0,1,2.52900327684191,5.25749537202778,0.0
29013,2003,2007.0,1,-4.0,0,2.81259038037613,5.36129216570943,-4.0
29013,2004,2007.0,1,-3.0,0,2.81259038037613,5.25227342804663,-3.0
29013,2005,2007.0,1,-2.0,0,2.81259038037613,5.32787616878958,-2.0
29013,2006,2007.0,1,-1.0,0,2.81259038037613,5.18738580584075,-1.0
29013,2007,2007.0,1,0.0,1,2.81259038037613,5.12396397940326,0.0
29023,2003,2007.0,1,-4.0,0,3.71032289140759,6.40025744530882,-4.0
29023,2004,2007.0,1,-3.0,0,3.71032289140759,6.51174532964473,-3.0
29023,2005,2007.0,1,-2.0,0,3.71032289140759,6.53813982376767,-2.0
29023,2006,2007.0,1,-1.0,0,3.71032289140759,6.41345895716736,-1.0
29023,2007,2007.0,1,0.0,1,3.71032289140759,6.29341927884648,0.0
29033,2003,2007.0,1,-4.0,0,2.33068652310492,4.82028156560504,-4.0
29033,2004,2007.0,1,-3.0,0,2.33068652310492,4.80402104473326,-3.0
29033,2005,2007.0,1,-2.0,0,2.33068652310492,4.65396035015752,-2.0
29033,2006,2007.0,1,-1.0,0,2.33068652310492,4.69134788222914,-1.0
29033,2007,2007.0,1,0.0,1,2.33068652310492,4.8283137373023,0.0
29041,2003,2007.0,1,-4.0,0,2.13274531370215,4.71849887129509,-4.0
29041,2004,2007.0,1,-3.0,0,2.13274531370215,4.65396035015752,-3.0
29041,2005,2007.0,1,-2.0,0,2.13274531370215,4.64439089914137,-2.0
29041,2006,2007.0,1,-1.0,0,2.13274531370215,4.36944785246702,-1.0
29041,2007,2007.0,1,0.0,1,2.13274531370215,4.4188406077966,0.0
29065,2003,2007.0,1,-4.0,0,2.7031716536511,5.07517381523383,-4.0
29065,2004,2007.0,1,-3.0,0,2.7031716536511,5.13579843705026,-3.0
29065,2005,2007.0,1,-2.0,0,2.7031716536511,5.11799381241676,-2.0
29065,2006,2007.0,1,-1.0,0,2.7031716536511,5.09375020080676,-1.0
29065,2007,2007.0,1,0.0,1,2.7031716536511,5.02388052084628,0.0
29073,2003,2007.0,1,-4.0,0,2.7305941655371,5.8111409929767,-4.0
29073,2004,2007.0,1,-3.0,0,2.7305941655371,5.76205138278018,-3.0
29073,2005,2007.0,1,-2.0,0,2.7305941655371,5.87211778947542,-2.0
29073,2006,2007.0,1,-1.0,0,2.7305941655371,5.94542060860658,-1.0
29073,2007,2007.0,1,0.0,1,2.7305941655371,5.8805329864007,0.0
29077,2003,2007.0,1,-4.0,0,5.48226676435625,8.44827174594982,-4.0
29077,2004,2007.0,1,-3.0,0,5.48226676435625,8.39117635083275,-3.0
29077,2005,2007.0,1,-2.0,0,5.48226676435625,8.39976009452414,-2.0
29077,2006,2007.0,1,-1.0,0,5.48226676435625,8.46779284112111,-1.0
29077,2007,2007.0,1,0.0,1,5.48226676435625,8.44891435066294,0.0
29079,2003,2007.0,1,-4.0,0,2.3448780051843,4.94875989037817,-4.0
29079,2004,2007.0,1,-3.0,0,2.3448780051843,4.84418708645859,-3.0
29079,2005,2007.0,1,-2.0,0,2.3448780051843,4.969813299576,-2.0
29079,2006,2007.0,1,-1.0,0,2.3448780051843,4.8283137373023,-1.0
29079,2007,2007.0,1,0.0,1,2.3448780051843,4.8283137373023,0.0
29081,2003,2007.0,1,-4.0,0,2.18041745901984,5.11198778835654,-4.0
29081,2004,2007.0,1,-3.0,0,2.18041745901984,5.06259503302697,-3.0
29081,2005,2007.0,1,-2.0,0,2.18041745901984,5.17048399503815,-2.0
29081,2006,2007.0,1,-1.0,0,2.18041745901984,4.94875989037817,-1.0
29081,2007,2007.0,1,0.0,1,2.18041745901984,4.90527477843843,0.0
29085,2003,2007.0,1,-4.0,0,2.19053558918542,3.46573590279973,-4.0
29085,2004,2007.0,1,-3.0,0,2.19053558918542,3.25809653802148,-3.0
29085,2005,2007.0,1,-2.0,0,2.19053558918542,3.3322045101752,-2.0
29085,2006,2007.0,1,-1.0,0,2.19053558918542,3.40119738166216,-1.0
29085,2007,2007.0,1,0.0,1,2.19053558918542,3.49650756146648,0.0
29089,2003,2007.0,1,-4.0,0,2.32356349937924,4.70048036579242,-4.0
29089,2004,2007.0,1,-3.0,0,2.32356349937924,4.7361984483945,-3.0
29089,2005,2007.0,1,-2.0,0,2.32356349937924,4.70953020131233,-2.0
29089,2006,2007.0,1,-1.0,0,2.32356349937924,4.69134788222914,-1.0
29089,2007,2007.0,1,0.0,1,2.32356349937924,4.62497281328427,0.0
29099,2003,2007.0,1,-4.0,0,5.28876690573619,7.80628928926703,-4.0
29099,2004,2007.0,1,-3.0,0,5.28876690573619,7.78572089653462,-3.0
29099,2005,2007.0,1,-2.0,0,5.28876690573619,7.74283595543075,-2.0
29099,2006,2007.0,1,-1.0,0,5.28876690573619,7.73848812249465,-1.0
29099,2007,2007.0,1,0.0,1,5.28876690573619,7.7367436824535,0.0
29101,2003,2007.0,1,-4.0,0,3.87656161714999,6.07993319509559,-4.0
29101,2004,2007.0,1,-3.0,0,3.87656161714999,6.14203740558736,-3.0
29101,2005,2007.0,1,-2.0,0,3.87656161714999,6.20050917404269,-2.0
29101,2006,2007.0,1,-1.0,0,3.87656161714999,6.16120732169508,-1.0
29101,2007,2007.0,1,0.0,1,3.87656161714999,6.18414889093748,0.0
29105,2003,2007.0,1,-4.0,0,3.48164000935702,6.13556489108174,-4.0
29105,2004,2007.0,1,-3.0,0,3.48164000935702,6.0591231955818,-3.0
29105,2005,2007.0,1,-2.0,0,3.48164000935702,6.1463292576689,-2.0
29105,2006,2007.0,1,-1.0,0,3.48164000935702,6.28226674689601,-1.0
29105,2007,2007.0,1,0.0,1,3.48164000935702,6.27476202124194,0.0
29107,2003,2007.0,1,-4.0,0,3.49529470504127,6.1527326947041,-4.0
29107,2004,2007.0,1,-3.0,0,3.49529470504127,6.19236248947487,-3.0
29107,2005,2007.0,1,-2.0,0,3.49529470504127,6.1463292576689,-2.0
29107,2006,2007.0,1,-1.0,0,3.49529470504127,6.09582456243222,-1.0
29107,2007,2007.0,1,0.0,1,3.49529470504127,6.12029741895095,0.0
29117,2003,2007.0,1,-4.0,0,2.67814067069607,5.7268477475872,-4.0
29117,2004,2007.0,1,-3.0,0,2.67814067069607,5.75574221358691,-3.0
29117,2005,2007.0,1,-2.0,0,2.67814067069607,5.64544689764324,-2.0
29117,2006,2007.0,1,-1.0,0,2.67814067069607,5.67675380226828,-1.0
29117,2007,2007.0,1,0.0,1,2.67814067069607,5.54517744447956,0.0
29119,2003,2007.0,1,-4.0,0,3.07643630096895,5.35658627467201,-4.0
29119,2004,2007.0,1,-3.0,0,3.07643630096895,5.23110861685459,-3.0
29119,2005,2007.0,1,-2.0,0,3.07643630096895,5.16478597392351,-2.0
29119,2006,2007.0,1,-1.0,0,3.07643630096895,5.28320372873799,-1.0
29119,2007,2007.0,1,0.0,1,3.07643630096895,5.33753807970132,0.0
29127,2003,2007.0,1,-4.0,0,3.34247303650915,6.39359075395063,-4.0
29127,2004,2007.0,1,-3.0,0,3.34247303650915,6.33150184989369,-3.0
29127,2005,2007.0,1,-2.0,0,3.34247303650915,6.42324696353352,-2.0
29127,2006,2007.0,1,-1.0,0,3.34247303650915,6.39692965521615,-1.0
29127,2007,2007.0,1,0.0,1,3.34247303650915,6.36818718635049,0.0
29131,2003,2007.0,1,-4.0,0,3.15972012365944,5.52942908751142,-4.0
29131,2004,2007.0,1,-3.0,0,3.15972012365944,5.34233425196481,-3.0
29131,2005,2007.0,1,-2.0,0,3.15972012365944,5.34710753071747,-2.0
29131,2006,2007.0,1,-1.0,0,3.15972012365944,5.41610040220442,-1.0
29131,2007,2007.0,1,0.0,1,3.15972012365944,5.38449506278909,0.0
29149,2003,2007.0,1,-4.0,0,2.33640664146956,4.21950770517611,-4.0
29149,2004,2007.0,1,-3.0,0,2.33640664146956,4.18965474202643,-3.0
29149,2005,2007.0,1,-2.0,0,2.33640664146956,4.35670882668959,-2.0
29149,2006,2007.0,1,-1.0,0,2.33640664146956,4.35670882668959,-1.0
29149,2007,2007.0,1,0.0,1,2.33640664146956,4.51085950651685,0.0
29155,2003,2007.0,1,-4.0,0,2.99807951662234,5.4971682252932,-4.0
29155,2004,2007.0,1,-3.0,0,2.99807951662234,5.34233425196481,-3.0
29155,2005,2007.0,1,-2.0,0,2.99807951662234,5.26269018890489,-2.0
29155,2006,2007.0,1,-1.0,0,2.99807951662234,5.45958551414416,-1.0
29155,2007,2007.0,1,0.0,1,2.99807951662234,5.55295958492162,0.0
29163,2003,2007.0,1,-4.0,0,2.90968406892854,5.605802066296,-4.0
29163,2004,2007.0,1,-3.0,0,2.90968406892854,5.69035945432406,-3.0
29163,2005,2007.0,1,-2.0,0,2.90968406892854,5.72031177660741,-2.0
29163,2006,2007.0,1,-1.0,0,2.90968406892854,5.7037824746562,-1.0
29163,2007,2007.0,1,0.0,1,2.90968406892854,5.63835466933375,0.0
29177,2003,2007.0,1,-4.0,0,3.15076827565352,5.48063892334199,-4.0
29177,2004,2007.0,1,-3.0,0,3.15076827565352,5.26785815906333,-3.0
29177,2005,2007.0,1,-2.0,0,3.15076827565352,5.28320372873799,-2.0
29177,2006,2007.0,1,-1.0,0,3.15076827565352,5.18738580584075,-1.0
29177,2007,2007.0,1,0.0,1,3.15076827565352,5.22035582507832,0.0
29201,2003,2007.0,1,-4.0,0,3.69937419120658,6.08904487544685,-4.0
29201,2004,2007.0,1,-3.0,0,3.69937419120658,6.19031540585315,-3.0
29201,2005,2007.0,1,-2.0,0,3.69937419120658,6.15060276844628,-2.0
29201,2006,2007.0,1,-1.0,0,3.69937419120658,6.09807428216624,-1.0
29201,2007,2007.0,1,0.0,1,3.69937419120658,6.00635315960173,0.0
29209,2003,2007.0,1,-4.0,0,3.35543263629441,5.00394630594546,-4.0
29209,2004,2007.0,1,-3.0,0,3.35543263629441,5.19849703126583,-3.0
29209,2005,2007.0,1,-2.0,0,3.35543263629441,5.19849703126583,-2.0
29209,2006,2007.0,1,-1.0,0,3.35543263629441,5.23644196282995,-1.0
29209,2007,2007.0,1,0.0,1,3.35543263629441,5.32300997913841,0.0
29211,2003,2007.0,1,-4.0,0,1.97671643915702,4.26267987704132,-4.0
29211,2004,2007.0,1,-3.0,0,1.97671643915702,4.24849524204936,-3.0
29211,2005,2007.0,1,-2.0,0,1.97671643915702,3.93182563272433,-2.0
29211,2006,2007.0,1,-1.0,0,1.97671643915702,4.02535169073515,-1.0
29211,2007,2007.0,1,0.0,1,1.97671643915702,4.12713438504509,0.0
29215,2003,2007.0,1,-4.0,0,3.13562464220588,5.37989735354046,-4.0
29215,2004,2007.0,1,-3.0,0,3.13562464220588,5.29831736654804,-3.0
29215,2005,2007.0,1,-2.0,0,3.13562464220588,5.43372200355424,-2.0
29215,2006,2007.0,1,-1.0,0,3.13562464220588,5.41610040220442,-1.0
29215,2007,2007.0,1,0.0,1,3.13562464220588,5.40267738187228,0.0
29229,2003,2007.0,1,-4.0,0,2.88786862767805,5.52942908751142,-4.0
29229,2004,2007.0,1,-3.0,0,2.88786862767805,5.54517744447956,-3.0
29229,2005,2007.0,1,-2.0,0,2.88786862767805,5.51745289646471,-2.0
29229,2006,2007.0,1,-1.0,0,2.88786862767805,5.42053499927229,-1.0
29229,2007,2007.0,1,0.0,1,2.88786862767805,5.26269018890489,0.0
29510,2003,2007.0,1,-4.0,0,5.85274543579545,8.40200678160712,-4.0
29510,2004,2007.0,1,-3.0,0,5.85274543579545,8.34616759436413,-3.0
29510,2005,2007.0,1,-2.0,0,5.85274543579545,8.29704514908183,-2.0
29510,2006,2007.0,1,-1.0,0,5.85274543579545,8.29679586577005,-1.0
29510,2007,2007.0,1,0.0,1,5.85274543579545,8.25816336153762,0.0
30009,2003,2007.0,1,-4.0,0,2.25675055665025,5.08140436498446,-4.0
30009,2004,2007.0,1,-3.0,0,2.25675055665025,4.92725368515721,-3.0
30009,2005,2007.0,1,-2.0,0,2.25675055665025,4.77912349311153,-2.0
30009,2006,2007.0,1,-1.0,0,2.25675055665025,4.87519732320115,-1.0
30009,2007,2007.0,1,0.0,1,2.25675055665025,4.97673374242057,0.0
30011,2003,2007.0,1,-4.0,0,0.307484699747961,2.484906649788,-4.0
30011,2004,2007.0,1,-3.0,0,0.307484699747961,1.94591014905531,-3.0
30011,2005,2007.0,1,-2.0,0,0.307484699747961,1.6094379124341,-2.0
30011,2006,2007.0,1,-1.0,0,0.307484699747961,1.94591014905531,-1.0
30011,2007,2007.0,1,0.0,1,0.307484699747961,2.07944154167984,0.0
30013,2003,2007.0,1,-4.0,0,4.3864792072439,7.27793857294566,-4.0
30013,2004,2007.0,1,-3.0,0,4.3864792072439,7.16626597413364,-3.0
30013,2005,2007.0,1,-2.0,0,4.3864792072439,7.19142933003638,-2.0
30013,2006,2007.0,1,-1.0,0,4.3864792072439,7.25981961036319,-1.0
30013,2007,2007.0,1,0.0,1,4.3864792072439,7.28138566357028,0.0
30021,2003,2007.0,1,-4.0,0,2.20375873868715,5.37063802812766,-4.0
30021,2004,2007.0,1,-3.0,0,2.20375873868715,5.30826769740121,-3.0
30021,2005,2007.0,1,-2.0,0,2.20375873868715,5.16478597392351,-2.0
30021,2006,2007.0,1,-1.0,0,2.20375873868715,5.44241771052179,-1.0
30021,2007,2007.0,1,0.0,1,2.20375873868715,5.25227342804663,0.0
30033,2003,2007.0,1,-4.0,0,0.246078522596706,2.39789527279837,-4.0
30033,2004,2007.0,1,-3.0,0,0.246078522596706,2.89037175789616,-3.0
30033,2005,2007.0,1,-2.0,0,0.246078522596706,2.484906649788,-2.0
30033,2006,2007.0,1,-1.0,0,0.246078522596706,2.83321334405622,-1.0
30033,2007,2007.0,1,0.0,1,0.246078522596706,2.89037175789616,0.0
30049,2003,2007.0,1,-4.0,0,4.02026735882578,7.12929754892937,-4.0
30049,2004,2007.0,1,-3.0,0,4.02026735882578,7.0604763659998,-3.0
30049,2005,2007.0,1,-2.0,0,4.02026735882578,7.00397413672268,-2.0
30049,2006,2007.0,1,-1.0,0,4.02026735882578,7.09506437728713,-1.0
30049,2007,2007.0,1,0.0,1,4.02026735882578,7.09589322109753,0.0
30081,2003,2007.0,1,-4.0,0,3.58546149491545,6.21260609575152,-4.0
30081,2004,2007.0,1,-3.0,0,3.58546149491545,6.21860011969173,-3.0
30081,2005,2007.0,1,-2.0,0,3.58546149491545,6.18208490671663,-2.0
30081,2006,2007.0,1,-1.0,0,3.58546149491545,6.26909628370626,-1.0
30081,2007,2007.0,1,0.0,1,3.58546149491545,6.27852142416584,0.0
30087,2003,2007.0,1,-4.0,0,2.23889954130791,5.35185813347607,-4.0
30087,2004,2007.0,1,-3.0,0,2.23889954130791,5.32300997913841,-3.0
30087,2005,2007.0,1,-2.0,0,2.23889954130791,5.11198778835654,-2.0
30087,2006,2007.0,1,-1.0,0,2.23889954130791,5.0998664278242,-1.0
30087,2007,2007.0,1,0.0,1,2.23889954130791,4.969813299576,0.0
30095,2003,2007.0,1,-4.0,0,2.10352421219579,4.56434819146784,-4.0
30095,2004,2007.0,1,-3.0,0,2.10352421219579,4.38202663467388,-3.0
30095,2005,2007.0,1,-2.0,0,2.10352421219579,4.65396035015752,-2.0
30095,2006,2007.0,1,-1.0,0,2.10352421219579,4.65396035015752,-1.0
30095,2007,2007.0,1,0.0,1,2.10352421219579,4.63472898822964,0.0
30101,2003,2007.0,1,-4.0,0,1.66146094050125,4.24849524204936,-4.0
30101,2004,2007.0,1,-3.0,0,1.66146094050125,4.00733318523247,-3.0
30101,2005,2007.0,1,-2.0,0,1.66146094050125,4.26267987704132,-2.0
30101,2006,2007.0,1,-1.0,0,1.66146094050125,4.12713438504509,-1.0
30101,2007,2007.0,1,0.0,1,1.66146094050125,4.29045944114839,0.0
30109,2003,2007.0,1,-4.0,0,0.0657877405380032,2.70805020110221,-4.0
30109,2004,2007.0,1,-3.0,0,0.0657877405380032,2.63905732961526,-3.0
30109,2005,2007.0,1,-2.0,0,0.0657877405380032,2.19722457733622,-2.0
30109,2006,2007.0,1,-1.0,0,0.0657877405380032,2.19722457733622,-1.0
30109,2007,2007.0,1,0.0,1,0.0657877405380032,2.30258509299405,0.0
31003,2003,inf,0,,0,2.00848245273934,4.62497281328427,0.0
31003,2004,inf,0,,0,2.00848245273934,4.44265125649032,0.0
31003,2005,inf,0,,0,2.00848245273934,4.4188406077966,0.0
31003,2006,inf,0,,0,2.00848245273934,4.55387689160054,0.0
31003,2007,inf,0,,0,2.00848245273934,4.51085950651685,0.0
31023,2003,inf,0,,0,2.17099467260645,4.76217393479776,0.0
31023,2004,inf,0,,0,2.17099467260645,4.51085950651685,0.0
31023,2005,inf,0,,0,2.17099467260645,4.70953020131233,0.0
31023,2006,inf,0,,0,2.17099467260645,4.62497281328427,0.0
31023,2007,inf,0,,0,2.17099467260645,4.77068462446567,0.0
31031,2003,inf,0,,0,1.81612682567635,4.88280192258637,0.0
31031,2004,inf,0,,0,1.81612682567635,5.01063529409626,0.0
31031,2005,inf,0,,0,1.81612682567635,5.07517381523383,0.0
31031,2006,inf,0,,0,1.81612682567635,4.96284463025991,0.0
31031,2007,inf,0,,0,1.81612682567635,4.87519732320115,0.0
31033,2003,inf,0,,0,2.28543893415908,5.49306144334055,0.0
31033,2004,inf,0,,0,2.28543893415908,5.5683445037611,0.0
31033,2005,inf,0,,0,2.28543893415908,5.5834963087817,0.0
31033,2006,inf,0,,0,2.28543893415908,5.54126354515843,0.0
31033,2007,inf,0,,0,2.28543893415908,5.59842195899838,0.0
31041,2003,inf,0,,0,2.46750613510783,5.11198778835654,0.0
31041,2004,inf,0,,0,2.46750613510783,5.04342511691925,0.0
31041,2005,inf,0,,0,2.46750613510783,5.06890420222023,0.0
31041,2006,inf,0,,0,2.46750613510783,5.21493575760899,0.0
31041,2007,inf,0,,0,2.46750613510783,5.28826703069454,0.0
31055,2003,inf,0,,0,6.13898975546329,9.36546200884348,0.0
31055,2004,inf,0,,0,6.13898975546329,9.3321154289021,0.0
31055,2005,inf,0,,0,6.13898975546329,9.31118068690225,0.0
31055,2006,inf,0,,0,6.13898975546329,9.32197118814737,0.0
31055,2007,inf,0,,0,6.13898975546329,9.32027043134838,0.0
31059,2003,inf,0,,0,1.89220794052486,4.97673374242057,0.0
31059,2004,inf,0,,0,1.89220794052486,4.77912349311153,0.0
31059,2005,inf,0,,0,1.89220794052486,4.74493212836325,0.0
31059,2006,inf,0,,0,1.89220794052486,4.70048036579242,0.0
31059,2007,inf,0,,0,1.89220794052486,4.64439089914137,0.0
31061,2003,inf,0,,0,1.27368541673724,3.71357206670431,0.0
31061,2004,inf,0,,0,1.27368541673724,3.61091791264422,0.0
31061,2005,inf,0,,0,1.27368541673724,3.40119738166216,0.0
31061,2006,inf,0,,0,1.27368541673724,3.3322045101752,0.0
31061,2007,inf,0,,0,1.27368541673724,3.61091791264422,0.0
31073,2003,inf,0,,0,0.76220671649144,2.70805020110221,0.0
31073,2004,inf,0,,0,0.76220671649144,2.77258872223978,0.0
31073,2005,inf,0,,0,0.76220671649144,2.83321334405622,0.0
31073,2006,inf,0,,0,0.76220671649144,2.70805020110221,0.0
31073,2007,inf,0,,0,0.76220671649144,2.63905732961526,0.0
31079,2003,inf,0,,0,3.98031696606713,7.1708884785125,0.0
31079,2004,inf,0,,0,3.98031696606713,7.09920174355309,0.0
31079,2005,inf,0,,0,3.98031696606713,7.06646697013696,0.0
31079,2006,inf,0,,0,3.98031696606713,7.16549347506085,0.0
31079,2007,inf,0,,0,3.98031696606713,7.17548971362422,0.0
31081,2003,inf,0,,0,2.24102878729494,5.21493575760899,0.0
31081,2004,inf,0,,0,2.24102878729494,5.24174701505964,0.0
31081,2005,inf,0,,0,2.24102878729494,5.20948615284142,0.0
31081,2006,inf,0,,0,2.24102878729494,5.15329159449778,0.0
31081,2007,inf,0,,0,2.24102878729494,5.14749447681345,0.0
31083,2003,inf,0,,0,1.33131005278713,3.85014760171006,0.0
31083,2004,inf,0,,0,1.33131005278713,3.73766961828337,0.0
31083,2005,inf,0,,0,1.33131005278713,3.89182029811063,0.0
31083,2006,inf,0,,0,1.33131005278713,3.98898404656427,0.0
31083,2007,inf,0,,0,1.33131005278713,3.85014760171006,0.0
31101,2003,inf,0,,0,2.18323833536148,5.4249500174814,0.0
31101,2004,inf,0,,0,2.18323833536148,5.30826769740121,0.0
31101,2005,inf,0,,0,2.18323833536148,5.30330490805908,0.0
31101,2006,inf,0,,0,2.18323833536148,5.23110861685459,0.0
31101,2007,inf,0,,0,2.18323833536148,5.26269018890489,0.0
31107,2003,inf,0,,0,2.23793989950051,5.04985600724954,0.0
31107,2004,inf,0,,0,2.23793989950051,5.19295685089021,0.0
31107,2005,inf,0,,0,2.23793989950051,5.08140436498446,0.0
31107,2006,inf,0,,0,2.23793989950051,5.03695260241363,0.0
31107,2007,inf,0,,0,2.23793989950051,5.14166355650266,0.0
31109,2003,inf,0,,0,5.52262424093949,8.57828829077605,0.0
31109,2004,inf,0,,0,5.52262424093949,8.52694548285892,0.0
31109,2005,inf,0,,0,5.52262424093949,8.53168763756669,0.0
31109,2006,inf,0,,0,5.52262424093949,8.52038808231276,0.0
31109,2007,inf,0,,0,5.52262424093949,8.5571828396324,0.0
31123,2003,inf,0,,0,1.69377906086785,4.46590811865458,0.0
31123,2004,inf,0,,0,1.69377906086785,4.40671924726425,0.0
31123,2005,inf,0,,0,1.69377906086785,4.20469261939097,0.0
31123,2006,inf,0,,0,1.69377906086785,4.24849524204936,0.0
31123,2007,inf,0,,0,1.69377906086785,4.04305126783455,0.0
31127,2003,inf,0,,0,2.02498535588378,4.92725368515721,0.0
31127,2004,inf,0,,0,2.02498535588378,4.95582705760126,0.0
31127,2005,inf,0,,0,2.02498535588378,4.71849887129509,0.0
31127,2006,inf,0,,0,2.02498535588378,4.64439089914137,0.0
31127,2007,inf,0,,0,2.02498535588378,4.67282883446191,0.0
31131,2003,inf,0,,0,2.7341077354215,5.94542060860658,0.0
31131,2004,inf,0,,0,2.7341077354215,5.70711026474888,0.0
31131,2005,inf,0,,0,2.7341077354215,5.69035945432406,0.0
31131,2006,inf,0,,0,2.7341077354215,5.74939298590825,0.0
31131,2007,inf,0,,0,2.7341077354215,5.80814248998044,0.0
31133,2003,inf,0,,0,1.12719974552002,3.13549421592915,0.0
31133,2004,inf,0,,0,1.12719974552002,3.09104245335832,0.0
31133,2005,inf,0,,0,1.12719974552002,3.13549421592915,0.0
31133,2006,inf,0,,0,1.12719974552002,3.49650756146648,0.0
31133,2007,inf,0,,0,1.12719974552002,3.55534806148941,0.0
31147,2003,inf,0,,0,2.25454964395549,4.83628190695148,0.0
31147,2004,inf,0,,0,2.25454964395549,4.92725368515721,0.0
31147,2005,inf,0,,0,2.25454964395549,4.93447393313069,0.0
31147,2006,inf,0,,0,2.25454964395549,4.72738781871234,0.0
31147,2007,inf,0,,0,2.25454964395549,4.74493212836325,0.0
31151,2003,inf,0,,0,2.6277796897056,5.66296048013595,0.0
31151,2004,inf,0,,0,2.6277796897056,5.44241771052179,0.0
31151,2005,inf,0,,0,2.6277796897056,5.50125821054473,0.0
31151,2006,inf,0,,0,2.6277796897056,5.4971682252932,0.0
31151,2007,inf,0,,0,2.6277796897056,5.40267738187228,0.0
31153,2003,inf,0,,0,4.8088862396362,7.53315880745556,0.0
31153,2004,inf,0,,0,4.8088862396362,7.49665243816828,0.0
31153,2005,inf,0,,0,4.8088862396362,7.53529670244409,0.0
31153,2006,inf,0,,0,4.8088862396362,7.53743003658651,0.0
31153,2007,inf,0,,0,4.8088862396362,7.61283103040736,0.0
31155,2003,inf,0,,0,2.9871959425317,5.60947179518496,0.0
31155,2004,inf,0,,0,2.9871959425317,5.6021188208797,0.0
31155,2005,inf,0,,0,2.9871959425317,5.46806014113513,0.0
31155,2006,inf,0,,0,2.9871959425317,5.50533153593236,0.0
31155,2007,inf,0,,0,2.9871959425317,5.63835466933375,0.0
31161,2003,inf,0,,0,1.82422665936556,4.45434729625351,0.0
31161,2004,inf,0,,0,1.82422665936556,4.31748811353631,0.0
31161,2005,inf,0,,0,1.82422665936556,4.26267987704132,0.0
31161,2006,inf,0,,0,1.82422665936556,4.27666611901606,0.0
31161,2007,inf,0,,0,1.82422665936556,4.11087386417331,0.0
31177,2003,inf,0,,0,2.93279247378012,5.84932477994686,0.0
31177,2004,inf,0,,0,2.93279247378012,5.83773044716594,0.0
31177,2005,inf,0,,0,2.93279247378012,5.73009978297357,0.0
31177,2006,inf,0,,0,2.93279247378012,5.67332326717149,0.0
31177,2007,inf,0,,0,2.93279247378012,5.59842195899838,0.0
32007,2003,2007.0,1,-4.0,0,3.81310833725371,6.51323011091231,-4.0
32007,2004,2007.0,1,-3.0,0,3.81310833725371,6.67203294546107,-3.0
32007,2005,2007.0,1,-2.0,0,3.81310833725371,6.75110146893676,-2.0
32007,2006,2007.0,1,-1.0,0,3.81310833725371,6.81563999007433,-1.0
32007,2007,2007.0,1,0.0,1,3.81310833725371,6.88653164253051,0.0
32011,2003,2007.0,1,-4.0,0,0.501381164937991,2.56494935746154,-4.0
32011,2004,2007.0,1,-3.0,0,0.501381164937991,3.13549421592915,-3.0
32011,2005,2007.0,1,-2.0,0,0.501381164937991,2.83321334405622,-2.0
32011,2006,2007.0,1,-1.0,0,0.501381164937991,3.25809653802148,-1.0
32011,2007,2007.0,1,0.0,1,0.501381164937991,3.3322045101752,0.0
32033,2003,2007.0,1,-4.0,0,2.21713613116156,4.98360662170834,-4.0
32033,2004,2007.0,1,-3.0,0,2.21713613116156,4.91265488573605,-3.0
32033,2005,2007.0,1,-2.0,0,2.21713613116156,5.07517381523383,-2.0
32033,2006,2007.0,1,-1.0,0,2.21713613116156,5.18738580584075,-1.0
32033,2007,2007.0,1,0.0,1,2.21713613116156,5.18178355029209,0.0
35006,2003,inf,0,,0,3.24239701990955,5.44241771052179,0.0
35006,2004,inf,0,,0,3.24239701990955,5.13579843705026,0.0
35006,2005,inf,0,,0,3.24239701990955,5.26269018890489,0.0
35006,2006,inf,0,,0,3.24239701990955,5.47227067367148,0.0
35006,2007,inf,0,,0,3.24239701990955,5.44241771052179,0.0
35013,2003,inf,0,,0,5.16296717805949,7.57865685059476,0.0
35013,2004,inf,0,,0,5.16296717805949,7.56060116276856,0.0
35013,2005,inf,0,,0,5.16296717805949,7.62851762657506,0.0
35013,2006,inf,0,,0,5.16296717805949,7.59689443814454,0.0
35013,2007,inf,0,,0,5.16296717805949,7.65681009148038,0.0
35025,2003,inf,0,,0,4.01658119931192,6.71901315438526,0.0
35025,2004,inf,0,,0,4.01658119931192,6.70563909486,0.0
35025,2005,inf,0,,0,4.01658119931192,6.79122146272619,0.0
35025,2006,inf,0,,0,4.01658119931192,6.89162589705225,0.0
35025,2007,inf,0,,0,4.01658119931192,7.03262426102801,0.0
35033,2003,inf,0,,0,1.64480505627139,3.04452243772342,0.0
35033,2004,inf,0,,0,1.64480505627139,2.19722457733622,0.0
35033,2005,inf,0,,0,1.64480505627139,2.484906649788,0.0
35033,2006,inf,0,,0,1.64480505627139,3.04452243772342,0.0
35033,2007,inf,0,,0,1.64480505627139,2.83321334405622,0.0
35045,2003,inf,0,,0,4.73445130899984,7.44658509915773,0.0
35045,2004,inf,0,,0,4.73445130899984,7.37713371283395,0.0
35045,2005,inf,0,,0,4.73445130899984,7.35308192051543,0.0
35045,2006,inf,0,,0,4.73445130899984,7.36770857237437,0.0
35045,2007,inf,0,,0,4.73445130899984,7.44775128004791,0.0
37005,2003,2007.0,1,-4.0,0,2.36809189519617,4.62497281328427,-4.0
37005,2004,2007.0,1,-3.0,0,2.36809189519617,4.58496747867057,-3.0
37005,2005,2007.0,1,-2.0,0,2.36809189519617,4.67282883446191,-2.0
37005,2006,2007.0,1,-1.0,0,2.36809189519617,4.63472898822964,-1.0
37005,2007,2007.0,1,0.0,1,2.36809189519617,4.62497281328427,0.0
37021,2003,2007.0,1,-4.0,0,5.32947682879714,8.0487882835342,-4.0
37021,2004,2007.0,1,-3.0,0,5.32947682879714,8.06589354696427,-3.0
37021,2005,2007.0,1,-2.0,0,5.32947682879714,8.14206328310415,-2.0
37021,2006,2007.0,1,-1.0,0,5.32947682879714,8.18395571730495,-1.0
37021,2007,2007.0,1,0.0,1,5.32947682879714,8.24800570160062,0.0
37025,2003,2007.0,1,-4.0,0,4.87567812362863,7.6231530684769,-4.0
37025,2004,2007.0,1,-3.0,0,4.87567812362863,7.68570306123455,-3.0
37025,2005,2007.0,1,-2.0,0,4.87567812362863,7.70571282389443,-2.0
37025,2006,2007.0,1,-1.0,0,4.87567812362863,7.8087293067444,-1.0
37025,2007,2007.0,1,0.0,1,4.87567812362863,7.900636613018,0.0
37029,2003,2007.0,1,-4.0,0,1.92934513218062,3.29583686600433,-4.0
37029,2004,2007.0,1,-3.0,0,1.92934513218062,2.94443897916644,-3.0
37029,2005,2007.0,1,-2.0,0,1.92934513218062,3.46573590279973,-2.0
37029,2006,2007.0,1,-1.0,0,1.92934513218062,3.36729582998647,-1.0
37029,2007,2007.0,1,0.0,1,1.92934513218062,3.25809653802148,0.0
37041,2003,2007.0,1,-4.0,0,2.67594014718398,5.06890420222023,-4.0
37041,2004,2007.0,1,-3.0,0,2.67594014718398,5.18738580584075,-3.0
37041,2005,2007.0,1,-2.0,0,2.67594014718398,4.93447393313069,-2.0
37041,2006,2007.0,1,-1.0,0,2.67594014718398,5.08140436498446,-1.0
37041,2007,2007.0,1,0.0,1,2.67594014718398,5.08140436498446,0.0
37051,2003,2007.0,1,-4.0,0,5.71361068584184,8.03624994213212,-4.0
37051,2004,2007.0,1,-3.0,0,5.71361068584184,8.04269949689764,-3.0
37051,2005,2007.0,1,-2.0,0,5.71361068584184,8.08948247436075,-2.0
37051,2006,2007.0,1,-1.0,0,5.71361068584184,8.12622252945853,-1.0
37051,2007,2007.0,1,0.0,1,5.71361068584184,8.13973227971767,0.0
37057,2003,2007.0,1,-4.0,0,4.99210465747682,7.2841348061952,-4.0
37057,2004,2007.0,1,-3.0,0,4.99210465747682,7.2283884515736,-3.0
37057,2005,2007.0,1,-2.0,0,4.99210465747682,7.22983877815125,-2.0
37057,2006,2007.0,1,-1.0,0,4.99210465747682,7.24208235925696,-1.0
37057,2007,2007.0,1,0.0,1,4.99210465747682,7.24064969425547,0.0
37059,2003,2007.0,1,-4.0,0,3.55062262848208,5.95842469302978,-4.0
37059,2004,2007.0,1,-3.0,0,3.55062262848208,5.9427993751267,-3.0
37059,2005,2007.0,1,-2.0,0,3.55062262848208,6.13988455222626,-2.0
37059,2006,2007.0,1,-1.0,0,3.55062262848208,6.13556489108174,-1.0
37059,2007,2007.0,1,0.0,1,3.55062262848208,6.10924758276437,0.0
37063,2003,2007.0,1,-4.0,0,5.40857885280557,7.96797317966293,-4.0
37063,2004,2007.0,1,-3.0,0,5.40857885280557,7.96485088744731,-3.0
37063,2005,2007.0,1,-2.0,0,5.40857885280557,7.95296679092313,-2.0
37063,2006,2007.0,1,-1.0,0,5.40857885280557,8.02059914989697,-1.0
37063,2007,2007.0,1,0.0,1,5.40857885280557,8.02845516411425,0.0
37075,2003,2007.0,1,-4.0,0,2.07856615864388,4.02535169073515,-4.0
37075,2004,2007.0,1,-3.0,0,2.07856615864388,4.24849524204936,-3.0
37075,2005,2007.0,1,-2.0,0,2.07856615864388,4.17438726989564,-2.0
37075,2006,2007.0,1,-1.0,0,2.07856615864388,4.47733681447821,-1.0
37075,2007,2007.0,1,0.0,1,2.07856615864388,4.75359019110636,0.0
37079,2003,2007.0,1,-4.0,0,2.94306962097069,4.61512051684126,-4.0
37079,2004,2007.0,1,-3.0,0,2.94306962097069,4.70953020131233,-3.0
37079,2005,2007.0,1,-2.0,0,2.94306962097069,4.51085950651685,-2.0
37079,2006,2007.0,1,-1.0,0,2.94306962097069,4.51085950651685,-1.0
37079,2007,2007.0,1,0.0,1,2.94306962097069,4.51085950651685,0.0
37085,2003,2007.0,1,-4.0,0,4.5111341940615,6.84374994900622,-4.0
37085,2004,2007.0,1,-3.0,0,4.5111341940615,6.85751406254539,-3.0
37085,2005,2007.0,1,-2.0,0,4.5111341940615,6.93731408122368,-2.0
37085,2006,2007.0,1,-1.0,0,4.5111341940615,7.0352685992811,-1.0
37085,2007,2007.0,1,0.0,1,4.5111341940615,6.99301512293296,0.0
37093,2003,2007.0,1,-4.0,0,3.51589417829697,5.23110861685459,-4.0
37093,2004,2007.0,1,-3.0,0,3.51589417829697,5.14166355650266,-3.0
37093,2005,2007.0,1,-2.0,0,3.51589417829697,5.28826703069454,-2.0
37093,2006,2007.0,1,-1.0,0,3.51589417829697,5.25227342804663,-1.0
37093,2007,2007.0,1,0.0,1,3.51589417829697,5.30826769740121,0.0
37099,2003,2007.0,1,-4.0,0,3.50016752229797,5.79301360838414,-4.0
37099,2004,2007.0,1,-3.0,0,3.50016752229797,5.75574221358691,-3.0
37099,2005,2007.0,1,-2.0,0,3.50016752229797,5.82600010738045,-2.0
37099,2006,2007.0,1,-1.0,0,3.50016752229797,5.84932477994686,-1.0
37099,2007,2007.0,1,0.0,1,3.50016752229797,5.97380961186926,0.0
37103,2003,2007.0,1,-4.0,0,2.33997721221111,3.8286413964891,-4.0
37103,2004,2007.0,1,-3.0,0,2.33997721221111,3.66356164612965,-3.0
37103,2005,2007.0,1,-2.0,0,2.33997721221111,3.76120011569356,-2.0
37103,2006,2007.0,1,-1.0,0,2.33997721221111,4.11087386417331,-1.0
37103,2007,2007.0,1,0.0,1,2.33997721221111,3.13549421592915,0.0
37105,2003,2007.0,1,-4.0,0,3.89263629162796,6.59850902861452,-4.0
37105,2004,2007.0,1,-3.0,0,3.89263629162796,6.58617165485467,-3.0
37105,2005,2007.0,1,-2.0,0,3.89263629162796,6.67582322163485,-2.0
37105,2006,2007.0,1,-1.0,0,3.89263629162796,6.59304453414244,-1.0
37105,2007,2007.0,1,0.0,1,3.89263629162796,6.65027904858742,0.0
37117,2003,2007.0,1,-4.0,0,3.24231887659467,5.35658627467201,-4.0
37117,2004,2007.0,1,-3.0,0,3.24231887659467,5.40267738187228,-3.0
37117,2005,2007.0,1,-2.0,0,3.24231887659467,5.48893772615669,-2.0
37117,2006,2007.0,1,-1.0,0,3.24231887659467,5.44241771052179,-1.0
37117,2007,2007.0,1,0.0,1,3.24231887659467,5.41164605185504,0.0
37123,2003,2007.0,1,-4.0,0,3.28922244628875,5.53338948872752,-4.0
37123,2004,2007.0,1,-3.0,0,3.28922244628875,5.4380793089232,-3.0
37123,2005,2007.0,1,-2.0,0,3.28922244628875,5.55682806169954,-2.0
37123,2006,2007.0,1,-1.0,0,3.28922244628875,5.605802066296,-1.0
37123,2007,2007.0,1,0.0,1,3.28922244628875,5.57972982598622,0.0
37127,2003,2007.0,1,-4.0,0,4.47072408943517,7.1708884785125,-4.0
37127,2004,2007.0,1,-3.0,0,4.47072408943517,7.11558212618445,-3.0
37127,2005,2007.0,1,-2.0,0,4.47072408943517,7.11639414409346,-2.0
37127,2006,2007.0,1,-1.0,0,4.47072408943517,7.22548147278229,-1.0
37127,2007,2007.0,1,0.0,1,4.47072408943517,7.35627987655075,0.0
37155,2003,2007.0,1,-4.0,0,4.81493666186062,6.85751406254539,-4.0
37155,2004,2007.0,1,-3.0,0,4.81493666186062,6.85329909318608,-3.0
37155,2005,2007.0,1,-2.0,0,4.81493666186062,7.05444965813294,-2.0
37155,2006,2007.0,1,-1.0,0,4.81493666186062,6.99393297522319,-1.0
37155,2007,2007.0,1,0.0,1,4.81493666186062,7.03790596344718,0.0
37161,2003,2007.0,1,-4.0,0,4.14153026532882,6.30078579466324,-4.0
37161,2004,2007.0,1,-3.0,0,4.14153026532882,6.24610676548156,-3.0
37161,2005,2007.0,1,-2.0,0,4.14153026532882,6.25575004175337,-2.0
37161,2006,2007.0,1,-1.0,0,4.14153026532882,6.29710931993394,-1.0
37161,2007,2007.0,1,0.0,1,4.14153026532882,6.4281052726846,0.0
37163,2003,2007.0,1,-4.0,0,4.09702430184386,6.31716468674728,-4.0
37163,2004,2007.0,1,-3.0,0,4.09702430184386,6.38519439899773,-3.0
37163,2005,2007.0,1,-2.0,0,4.09702430184386,6.32435896238131,-2.0
37163,2006,2007.0,1,-1.0,0,4.09702430184386,6.34212141872115,-1.0
37163,2007,2007.0,1,0.0,1,4.09702430184386,6.44730586254121,0.0
37165,2003,2007.0,1,-4.0,0,3.58346338135729,6.15485809401642,-4.0
37165,2004,2007.0,1,-3.0,0,3.58346338135729,6.20657592672493,-3.0
37165,2005,2007.0,1,-2.0,0,3.58346338135729,6.14846829591765,-2.0
37165,2006,2007.0,1,-1.0,0,3.58346338135729,6.18208490671663,-1.0
37165,2007,2007.0,1,0.0,1,3.58346338135729,6.16331480403464,0.0
37167,2003,2007.0,1,-4.0,0,4.06216566385787,6.62539236800796,-4.0
37167,2004,2007.0,1,-3.0,0,4.06216566385787,6.54391184556479,-3.0
37167,2005,2007.0,1,-2.0,0,4.06216566385787,6.61338421837956,-2.0
37167,2006,2007.0,1,-1.0,0,4.06216566385787,6.62936325343745,-1.0
37167,2007,2007.0,1,0.0,1,4.06216566385787,6.61740297797448,0.0
37175,2003,2007.0,1,-4.0,0,3.37874725282456,5.67675380226828,-4.0
37175,2004,2007.0,1,-3.0,0,3.37874725282456,5.70711026474888,-3.0
37175,2005,2007.0,1,-2.0,0,3.37874725282456,5.75890177387728,-2.0
37175,2006,2007.0,1,-1.0,0,3.37874725282456,5.78074351579233,-1.0
37175,2007,2007.0,1,0.0,1,3.37874725282456,5.71373280550937,0.0
37189,2003,2007.0,1,-4.0,0,3.75408181735957,6.3261494731551,-4.0
37189,2004,2007.0,1,-3.0,0,3.75408181735957,6.35610766069589,-3.0
37189,2005,2007.0,1,-2.0,0,3.75408181735957,6.35088571671474,-2.0
37189,2006,2007.0,1,-1.0,0,3.75408181735957,6.44413125670044,-1.0
37189,2007,2007.0,1,0.0,1,3.75408181735957,6.43294009273918,0.0
37191,2003,2007.0,1,-4.0,0,4.73029509291699,7.24708058458576,-4.0
37191,2004,2007.0,1,-3.0,0,4.73029509291699,7.2283884515736,-3.0
37191,2005,2007.0,1,-2.0,0,4.73029509291699,7.21744343169653,-2.0
37191,2006,2007.0,1,-1.0,0,4.73029509291699,7.30988148582479,-1.0
37191,2007,2007.0,1,0.0,1,4.73029509291699,7.30451594646016,0.0
38001,2003,inf,0,,0,0.952815506556527,4.11087386417331,0.0
38001,2004,inf,0,,0,0.952815506556527,4.0943445622221,0.0
38001,2005,inf,0,,0,0.952815506556527,4.06044301054642,0.0
38001,2006,inf,0,,0,0.952815506556527,3.89182029811063,0.0
38001,2007,inf,0,,0,0.952815506556527,4.17438726989564,0.0
38021,2003,inf,0,,0,1.75041650569367,4.68213122712422,0.0
38021,2004,inf,0,,0,1.75041650569367,4.29045944114839,0.0
38021,2005,inf,0,,0,1.75041650569367,4.51085950651685,0.0
38021,2006,inf,0,,0,1.75041650569367,4.74493212836325,0.0
38021,2007,inf,0,,0,1.75041650569367,4.62497281328427,0.0
38023,2003,inf,0,,0,0.825490367547658,4.11087386417331,0.0
38023,2004,inf,0,,0,0.825490367547658,4.11087386417331,0.0
38023,2005,inf,0,,0,0.825490367547658,3.87120101090789,0.0
38023,2006,inf,0,,0,0.825490367547658,3.89182029811063,0.0
38023,2007,inf,0,,0,0.825490367547658,3.85014760171006,0.0
38035,2003,inf,0,,0,4.19130489492644,7.28138566357028,0.0
38035,2004,inf,0,,0,4.19130489492644,7.20637729147225,0.0
38035,2005,inf,0,,0,4.19130489492644,7.29369772060144,0.0
38035,2006,inf,0,,0,4.19130489492644,7.28207365809346,0.0
38035,2007,inf,0,,0,4.19130489492644,7.28207365809346,0.0
38037,2003,inf,0,,0,1.04415610287205,3.46573590279973,0.0
38037,2004,inf,0,,0,1.04415610287205,3.2188758248682,0.0
38037,2005,inf,0,,0,1.04415610287205,3.13549421592915,0.0
38037,2006,inf,0,,0,1.04415610287205,3.29583686600433,0.0
38037,2007,inf,0,,0,1.04415610287205,3.46573590279973,0.0
38049,2003,inf,0,,0,1.78959045194322,3.98898404656427,0.0
38049,2004,inf,0,,0,1.78959045194322,3.63758615972639,0.0
38049,2005,inf,0,,0,1.78959045194322,3.89182029811063,0.0
38049,2006,inf,0,,0,1.78959045194322,3.8286413964891,0.0
38049,2007,inf,0,,0,1.78959045194322,4.02535169073515,0.0
38061,2003,inf,0,,0,1.89175562238673,4.9416424226093,0.0
38061,2004,inf,0,,0,1.89175562238673,4.70953020131233,0.0
38061,2005,inf,0,,0,1.89175562238673,4.64439089914137,0.0
38061,2006,inf,0,,0,1.89175562238673,4.59511985013459,0.0
38061,2007,inf,0,,0,1.89175562238673,4.7361984483945,0.0
38063,2003,inf,0,,0,1.31237867816972,3.91202300542815,0.0
38063,2004,inf,0,,0,1.31237867816972,4.04305126783455,0.0
38063,2005,inf,0,,0,1.31237867816972,4.04305126783455,0.0
38063,2006,inf,0,,0,1.31237867816972,3.80666248977032,0.0
38063,2007,inf,0,,0,1.31237867816972,3.71357206670431,0.0
38073,2003,inf,0,,0,1.7732559976635,4.83628190695148,0.0
38073,2004,inf,0,,0,1.7732559976635,4.87519732320115,0.0
38073,2005,inf,0,,0,1.7732559976635,4.75359019110636,0.0
38073,2006,inf,0,,0,1.7732559976635,4.76217393479776,0.0
38073,2007,inf,0,,0,1.7732559976635,4.79579054559674,0.0
38097,2003,inf,0,,0,2.13735661362627,5.16478597392351,0.0
38097,2004,inf,0,,0,2.13735661362627,5.14166355650266,0.0
38097,2005,inf,0,,0,2.13735661362627,5.01727983681492,0.0
38097,2006,inf,0,,0,2.13735661362627,5.08759633523238,0.0
38097,2007,inf,0,,0,2.13735661362627,5.05624580534831,0.0
38099,2003,inf,0,,0,2.5168089821336,5.84643877505772,0.0
38099,2004,inf,0,,0,2.5168089821336,5.77144112313002,0.0
38099,2005,inf,0,,0,2.5168089821336,5.6970934865054,0.0
38099,2006,inf,0,,0,2.5168089821336,5.69035945432406,0.0
38099,2007,inf,0,,0,2.5168089821336,5.67332326717149,0.0
38105,2003,inf,0,,0,2.98371029832667,6.16751649088834,0.0
38105,2004,inf,0,,0,2.98371029832667,6.07073772800249,0.0
38105,2005,inf,0,,0,2.98371029832667,6.12468339089421,0.0
38105,2006,inf,0,,0,2.98371029832667,6.16961073249146,0.0
38105,2007,inf,0,,0,2.98371029832667,6.18826412308259,0.0
39019,2003,2007.0,1,-4.0,0,3.36162460654233,5.46383180502561,-4.0
39019,2004,2007.0,1,-3.0,0,3.36162460654233,5.44241771052179,-3.0
39019,2005,2007.0,1,-2.0,0,3.36162460654233,5.40267738187228,-2.0
39019,2006,2007.0,1,-1.0,0,3.36162460654233,5.27811465923052,-1.0
39019,2007,2007.0,1,0.0,1,3.36162460654233,5.35185813347607,0.0
39021,2003,2007.0,1,-4.0,0,3.66073714816766,5.89989735358249,-4.0
39021,2004,2007.0,1,-3.0,0,3.66073714816766,5.77455154554441,-3.0
39021,2005,2007.0,1,-2.0,0,3.66073714816766,5.80211837537706,-2.0
39021,2006,2007.0,1,-1.0,0,3.66073714816766,5.8636311755981,-1.0
39021,2007,2007.0,1,0.0,1,3.66073714816766,5.78382518232974,0.0
39035,2003,2007.0,1,-4.0,0,7.23991680927341,10.0020198086004,-4.0
39035,2004,2007.0,1,-3.0,0,7.23991680927341,9.94755228369823,-3.0
39035,2005,2007.0,1,-2.0,0,7.23991680927341,9.91467474192669,-2.0
39035,2006,2007.0,1,-1.0,0,7.23991680927341,9.91595945403145,-1.0
39035,2007,2007.0,1,0.0,1,7.23991680927341,9.89374020108125,0.0
39047,2003,2007.0,1,-4.0,0,3.34755044243138,6.34212141872115,-4.0
39047,2004,2007.0,1,-3.0,0,3.34755044243138,6.3297209055227,-3.0
39047,2005,2007.0,1,-2.0,0,3.34755044243138,6.33859407820318,-2.0
39047,2006,2007.0,1,-1.0,0,3.34755044243138,6.23244801655052,-1.0
39047,2007,2007.0,1,0.0,1,3.34755044243138,6.24416690066374,0.0
39055,2003,2007.0,1,-4.0,0,4.50970499417002,7.29437729928882,-4.0
39055,2004,2007.0,1,-3.0,0,4.50970499417002,7.24208235925696,-3.0
39055,2005,2007.0,1,-2.0,0,4.50970499417002,7.22037383672395,-2.0
39055,2006,2007.0,1,-1.0,0,4.50970499417002,7.30921236569276,-1.0
39055,2007,2007.0,1,0.0,1,4.50970499417002,7.24279792279376,0.0
39063,2003,2007.0,1,-4.0,0,4.26682619873408,7.15461535691366,-4.0
39063,2004,2007.0,1,-3.0,0,4.26682619873408,7.06219163228656,-3.0
39063,2005,2007.0,1,-2.0,0,4.26682619873408,7.12929754892937,-2.0
39063,2006,2007.0,1,-1.0,0,4.26682619873408,7.11395610956603,-1.0
39063,2007,2007.0,1,0.0,1,4.26682619873408,7.14677217945264,0.0
39071,2003,2007.0,1,-4.0,0,3.71051862921742,6.11368217983223,-4.0
39071,2004,2007.0,1,-3.0,0,3.71051862921742,6.14418563412565,-3.0
39071,2005,2007.0,1,-2.0,0,3.71051862921742,6.21060007702465,-2.0
39071,2006,2007.0,1,-1.0,0,3.71051862921742,6.19236248947487,-1.0
39071,2007,2007.0,1,0.0,1,3.71051862921742,6.10702288774225,0.0
39079,2003,2007.0,1,-4.0,0,3.4855691668815,5.8348107370626,-4.0
39079,2004,2007.0,1,-3.0,0,3.4855691668815,5.75574221358691,-3.0
39079,2005,2007.0,1,-2.0,0,3.4855691668815,5.86929691313377,-2.0
39079,2006,2007.0,1,-1.0,0,3.4855691668815,5.82600010738045,-1.0
39079,2007,2007.0,1,0.0,1,3.4855691668815,5.78996017089725,0.0
39095,2003,2007.0,1,-4.0,0,6.12041609322756,9.01054706927019,-4.0
39095,2004,2007.0,1,-3.0,0,6.12041609322756,8.92718138825199,-3.0
39095,2005,2007.0,1,-2.0,0,6.12041609322756,8.84202652949881,-2.0
39095,2006,2007.0,1,-1.0,0,6.12041609322756,8.84029066908897,-1.0
39095,2007,2007.0,1,0.0,1,6.12041609322756,8.82173238093444,0.0
39097,2003,2007.0,1,-4.0,0,3.69419032643251,5.97635090929793,-4.0
39097,2004,2007.0,1,-3.0,0,3.69419032643251,5.94017125272043,-3.0
39097,2005,2007.0,1,-2.0,0,3.69419032643251,6.13339804299665,-2.0
39097,2006,2007.0,1,-1.0,0,3.69419032643251,5.95064255258773,-1.0
39097,2007,2007.0,1,0.0,1,3.69419032643251,5.85507192220243,0.0
39107,2003,2007.0,1,-4.0,0,3.71171668801669,6.77650699237218,-4.0
39107,2004,2007.0,1,-3.0,0,3.71171668801669,6.7696419768525,-3.0
39107,2005,2007.0,1,-2.0,0,3.71171668801669,6.73459165997295,-2.0
39107,2006,2007.0,1,-1.0,0,3.71171668801669,6.80572255341699,-1.0
39107,2007,2007.0,1,0.0,1,3.71171668801669,6.71901315438526,0.0
39111,2003,2007.0,1,-4.0,0,2.71997877196748,3.3322045101752,-4.0
39111,2004,2007.0,1,-3.0,0,2.71997877196748,3.25809653802148,-3.0
39111,2005,2007.0,1,-2.0,0,2.71997877196748,3.52636052461616,-2.0
39111,2006,2007.0,1,-1.0,0,2.71997877196748,3.49650756146648,-1.0
39111,2007,2007.0,1,0.0,1,2.71997877196748,3.40119738166216,0.0
39119,2003,2007.0,1,-4.0,0,4.43775694592726,7.12044437239249,-4.0
39119,2004,2007.0,1,-3.0,0,4.43775694592726,7.02553831463852,-3.0
39119,2005,2007.0,1,-2.0,0,4.43775694592726,6.94601399109923,-2.0
39119,2006,2007.0,1,-1.0,0,4.43775694592726,6.8596149036542,-1.0
39119,2007,2007.0,1,0.0,1,4.43775694592726,6.89568269774787,0.0
39143,2003,2007.0,1,-4.0,0,4.1237739062461,6.83195356556585,-4.0
39143,2004,2007.0,1,-3.0,0,4.1237739062461,6.82871207164168,-3.0
39143,2005,2007.0,1,-2.0,0,4.1237739062461,6.74523634948436,-2.0
39143,2006,2007.0,1,-1.0,0,4.1237739062461,6.73340189183736,-1.0
39143,2007,2007.0,1,0.0,1,4.1237739062461,6.76503897678054,0.0
39163,2003,2007.0,1,-4.0,0,2.54991381109661,4.23410650459726,-4.0
39163,2004,2007.0,1,-3.0,0,2.54991381109661,4.24849524204936,-3.0
39163,2005,2007.0,1,-2.0,0,2.54991381109661,4.0943445622221,-2.0
39163,2006,2007.0,1,-1.0,0,2.54991381109661,3.87120101090789,-1.0
39163,2007,2007.0,1,0.0,1,2.54991381109661,4.00733318523247,0.0
39173,2003,2007.0,1,-4.0,0,4.79632759144445,7.55799495853081,-4.0
39173,2004,2007.0,1,-3.0,0,4.79632759144445,7.52131798019924,-3.0
39173,2005,2007.0,1,-2.0,0,4.79632759144445,7.46508273639955,-2.0
39173,2006,2007.0,1,-1.0,0,4.79632759144445,7.47363710849621,-1.0
39173,2007,2007.0,1,0.0,1,4.79632759144445,7.51261754467451,0.0
40003,2003,inf,0,,0,1.80910810756267,4.02535169073515,0.0
40003,2004,inf,0,,0,1.80910810756267,3.76120011569356,0.0
40003,2005,inf,0,,0,1.80910810756267,3.91202300542815,0.0
40003,2006,inf,0,,0,1.80910810756267,3.85014760171006,0.0
40003,2007,inf,0,,0,1.80910810756267,3.98898404656427,0.0
40013,2003,inf,0,,0,3.59824333385449,6.1779441140506,0.0
40013,2004,inf,0,,0,3.59824333385449,6.24222326545517,0.0
40013,2005,inf,0,,0,3.59824333385449,6.2803958389602,0.0
40013,2006,inf,0,,0,3.59824333385449,6.13556489108174,0.0
40013,2007,inf,0,,0,3.59824333385449,6.19236248947487,0.0
40015,2003,inf,0,,0,3.40618492317319,5.45958551414416,0.0
40015,2004,inf,0,,0,3.40618492317319,5.27811465923052,0.0
40015,2005,inf,0,,0,3.40618492317319,5.32787616878958,0.0
40015,2006,inf,0,,0,3.40618492317319,5.41164605185504,0.0
40015,2007,inf,0,,0,3.40618492317319,5.3890717298165,0.0
40017,2003,inf,0,,0,4.47388769126739,7.12125245324454,0.0
40017,2004,inf,0,,0,4.47388769126739,7.08590146436561,0.0
40017,2005,inf,0,,0,4.47388769126739,7.00033446027523,0.0
40017,2006,inf,0,,0,4.47388769126739,7.07834157955767,0.0
40017,2007,inf,0,,0,4.47388769126739,7.09090982207998,0.0
40025,2003,inf,0,,0,1.14676733055516,3.80666248977032,0.0
40025,2004,inf,0,,0,1.14676733055516,3.58351893845611,0.0
40025,2005,inf,0,,0,1.14676733055516,3.55534806148941,0.0
40025,2006,inf,0,,0,1.14676733055516,3.93182563272433,0.0
40025,2007,inf,0,,0,1.14676733055516,3.55534806148941,0.0
40039,2003,inf,0,,0,3.26354321636336,6.04500531403601,0.0
40039,2004,inf,0,,0,3.26354321636336,5.98645200528444,0.0
40039,2005,inf,0,,0,3.26354321636336,5.89989735358249,0.0
40039,2006,inf,0,,0,3.26354321636336,5.98393628068719,0.0
40039,2007,inf,0,,0,3.26354321636336,6.02344759296103,0.0
40063,2003,inf,0,,0,2.64999726965359,4.62497281328427,0.0
40063,2004,inf,0,,0,2.64999726965359,4.45434729625351,0.0
40063,2005,inf,0,,0,2.64999726965359,4.27666611901606,0.0
40063,2006,inf,0,,0,2.64999726965359,4.11087386417331,0.0
40063,2007,inf,0,,0,2.64999726965359,4.52178857704904,0.0
40069,2003,inf,0,,0,2.35261258659369,4.49980967033027,0.0
40069,2004,inf,0,,0,2.35261258659369,4.38202663467388,0.0
40069,2005,inf,0,,0,2.35261258659369,4.18965474202643,0.0
40069,2006,inf,0,,0,2.35261258659369,4.18965474202643,0.0
40069,2007,inf,0,,0,2.35261258659369,4.66343909411207,0.0
40075,2003,inf,0,,0,2.32503128182388,4.60517018598809,0.0
40075,2004,inf,0,,0,2.32503128182388,4.38202663467388,0.0
40075,2005,inf,0,,0,2.32503128182388,4.26267987704132,0.0
40075,2006,inf,0,,0,2.32503128182388,4.26267987704132,0.0
40075,2007,inf,0,,0,2.32503128182388,4.11087386417331,0.0
40083,2003,inf,0,,0,3.52412272849945,5.65599181081985,0.0
40083,2004,inf,0,,0,3.52412272849945,5.38449506278909,0.0
40083,2005,inf,0,,0,3.52412272849945,5.42934562895444,0.0
40083,2006,inf,0,,0,3.52412272849945,5.4380793089232,0.0
40083,2007,inf,0,,0,3.52412272849945,5.47227067367148,0.0
40101,2003,inf,0,,0,4.24062146794478,7.02642680869964,0.0
40101,2004,inf,0,,0,4.24062146794478,6.7945865808765,0.0
40101,2005,inf,0,,0,4.24062146794478,6.91075078796194,0.0
40101,2006,inf,0,,0,4.24062146794478,6.95177216439891,0.0
40101,2007,inf,0,,0,4.24062146794478,6.78332520060396,0.0
40119,2003,inf,0,,0,4.22229792653256,6.96034772910131,0.0
40119,2004,inf,0,,0,4.22229792653256,6.87729607149743,0.0
40119,2005,inf,0,,0,4.22229792653256,6.7202201551353,0.0
40119,2006,inf,0,,0,4.22229792653256,6.81014245011514,0.0
40119,2007,inf,0,,0,4.22229792653256,6.83625927727707,0.0
40137,2003,inf,0,,0,3.76542374175372,6.20657592672493,0.0
40137,2004,inf,0,,0,3.76542374175372,6.17170059741091,0.0
40137,2005,inf,0,,0,3.76542374175372,6.19440539110467,0.0
40137,2006,inf,0,,0,3.76542374175372,6.30261897574491,0.0
40137,2007,inf,0,,0,3.76542374175372,6.30809844150953,0.0
40143,2003,inf,0,,0,6.33381057064612,9.27556615689389,0.0
40143,2004,inf,0,,0,6.33381057064612,9.18502256399189,0.0
40143,2005,inf,0,,0,6.33381057064612,9.21303673352392,0.0
40143,2006,inf,0,,0,6.33381057064612,9.31775876874345,0.0
40143,2007,inf,0,,0,6.33381057064612,9.36108525866861,0.0
40145,2003,inf,0,,0,4.05162841381337,5.89164421182577,0.0
40145,2004,inf,0,,0,4.05162841381337,5.85220247977447,0.0
40145,2005,inf,0,,0,4.05162841381337,5.92425579741453,0.0
40145,2006,inf,0,,0,4.05162841381337,6.00635315960173,0.0
40145,2007,inf,0,,0,4.05162841381337,6.02102334934953,0.0
40153,2003,inf,0,,0,2.91701368884259,5.73334127689775,0.0
40153,2004,inf,0,,0,2.91701368884259,5.64190707093811,0.0
40153,2005,inf,0,,0,2.91701368884259,5.7268477475872,0.0
40153,2006,inf,0,,0,2.91701368884259,5.86929691313377,0.0
40153,2007,inf,0,,0,2.91701368884259,5.95064255258773,0.0
45007,2003,inf,0,,0,5.1104202954209,7.6586995582683,0.0
45007,2004,inf,0,,0,5.1104202954209,7.61184239958042,0.0
45007,2005,inf,0,,0,5.1104202954209,7.62217459481762,0.0
45007,2006,inf,0,,0,5.1104202954209,7.65822752616135,0.0
45007,2007,inf,0,,0,5.1104202954209,7.63964228785801,0.0
45009,2003,inf,0,,0,2.81289058151315,5.03043792139244,0.0
45009,2004,inf,0,,0,2.81289058151315,4.93447393313069,0.0
45009,2005,inf,0,,0,2.81289058151315,5.12989871492307,0.0
45009,2006,inf,0,,0,2.81289058151315,5.05624580534831,0.0
45009,2007,inf,0,,0,2.81289058151315,5.14166355650266,0.0
45013,2003,inf,0,,0,4.79526974884863,7.58222919427646,0.0
45013,2004,inf,0,,0,4.79526974884863,7.57044325205737,0.0
45013,2005,inf,0,,0,4.79526974884863,7.6511201757027,0.0
45013,2006,inf,0,,0,4.79526974884863,7.74586822979227,0.0
45013,2007,inf,0,,0,4.79526974884863,7.71779621101358,0.0
45017,2003,inf,0,,0,2.72030809849771,4.21950770517611,0.0
45017,2004,inf,0,,0,2.72030809849771,4.12713438504509,0.0
45017,2005,inf,0,,0,2.72030809849771,4.14313472639153,0.0
45017,2006,inf,0,,0,2.72030809849771,4.17438726989564,0.0
45017,2007,inf,0,,0,2.72030809849771,4.23410650459726,0.0
45019,2003,inf,0,,0,5.73647229247886,8.52237971810354,0.0
45019,2004,inf,0,,0,5.73647229247886,8.50936261230105,0.0
45019,2005,inf,0,,0,5.73647229247886,8.60575336839572,0.0
45019,2006,inf,0,,0,5.73647229247886,8.70018119275335,0.0
45019,2007,inf,0,,0,5.73647229247886,8.71292443512011,0.0
45023,2003,inf,0,,0,3.52835852727883,5.34710753071747,0.0
45023,2004,inf,0,,0,3.52835852727883,5.35185813347607,0.0
45023,2005,inf,0,,0,3.52835852727883,5.35658627467201,0.0
45023,2006,inf,0,,0,3.52835852727883,5.47646355193151,0.0
45023,2007,inf,0,,0,3.52835852727883,5.52545293913178,0.0
45025,2003,inf,0,,0,3.75579015939656,5.80513496891649,0.0
45025,2004,inf,0,,0,3.75579015939656,5.73334127689775,0.0
45025,2005,inf,0,,0,3.75579015939656,5.85220247977447,0.0
45025,2006,inf,0,,0,3.75579015939656,5.78382518232974,0.0
45025,2007,inf,0,,0,3.75579015939656,5.89989735358249,0.0
45037,2003,inf,0,,0,3.2025431702473,5.0998664278242,0.0
45037,2004,inf,0,,0,3.2025431702473,4.969813299576,0.0
45037,2005,inf,0,,0,3.2025431702473,5.03043792139244,0.0
45037,2006,inf,0,,0,3.2025431702473,4.99721227376411,0.0
45037,2007,inf,0,,0,3.2025431702473,5.27299955856375,0.0
45051,2003,inf,0,,0,5.28131870446459,7.98786409608569,0.0
45051,2004,inf,0,,0,5.28131870446459,7.97453284413023,0.0
45051,2005,inf,0,,0,5.28131870446459,8.11282747875137,0.0
45051,2006,inf,0,,0,5.28131870446459,8.19973896063079,0.0
45051,2007,inf,0,,0,5.28131870446459,8.28652137368124,0.0
45055,2003,inf,0,,0,3.96360925689958,6.1779441140506,0.0
45055,2004,inf,0,,0,3.96360925689958,6.30261897574491,0.0
45055,2005,inf,0,,0,3.96360925689958,6.4085287910595,0.0
45055,2006,inf,0,,0,3.96360925689958,6.28599809450886,0.0
45055,2007,inf,0,,0,3.96360925689958,6.3818160174061,0.0
45059,2003,inf,0,,0,4.24229031697041,6.42162226780652,0.0
45059,2004,inf,0,,0,4.24229031697041,6.25766758788264,0.0
45059,2005,inf,0,,0,4.24229031697041,6.32435896238131,0.0
45059,2006,inf,0,,0,4.24229031697041,6.35610766069589,0.0
45059,2007,inf,0,,0,4.24229031697041,6.34212141872115,0.0
45067,2003,inf,0,,0,3.56857449107029,5.69035945432406,0.0
45067,2004,inf,0,,0,3.56857449107029,5.605802066296,0.0
45067,2005,inf,0,,0,3.56857449107029,5.61312810638807,0.0
45067,2006,inf,0,,0,3.56857449107029,5.64544689764324,0.0
45067,2007,inf,0,,0,3.56857449107029,5.63835466933375,0.0
45073,2003,inf,0,,0,4.19290702337893,6.56526497003536,0.0
45073,2004,inf,0,,0,4.19290702337893,6.43294009273918,0.0
45073,2005,inf,0,,0,4.19290702337893,6.39692965521615,0.0
45073,2006,inf,0,,0,4.19290702337893,6.41836493593621,0.0
45073,2007,inf,0,,0,4.19290702337893,6.44413125670044,0.0
45081,2003,inf,0,,0,2.95392020573955,5.04985600724954,0.0
45081,2004,inf,0,,0,2.95392020573955,5.10594547390058,0.0
45081,2005,inf,0,,0,2.95392020573955,5.15329159449778,0.0
45081,2006,inf,0,,0,2.95392020573955,5.16478597392351,0.0
45081,2007,inf,0,,0,2.95392020573955,5.11198778835654,0.0
45087,2003,inf,0,,0,3.39722282690674,5.2257466737132,0.0
45087,2004,inf,0,,0,3.39722282690674,5.01727983681492,0.0
45087,2005,inf,0,,0,3.39722282690674,5.09375020080676,0.0
45087,2006,inf,0,,0,3.39722282690674,5.32787616878958,0.0
45087,2007,inf,0,,0,3.39722282690674,5.40717177146012,0.0
46013,2003,inf,0,,0,3.56840530064606,6.74993119378857,0.0
46013,2004,inf,0,,0,3.56840530064606,6.68586094706836,0.0
46013,2005,inf,0,,0,3.56840530064606,6.70196036600254,0.0
46013,2006,inf,0,,0,3.56840530064606,6.78219205600679,0.0
46013,2007,inf,0,,0,3.56840530064606,6.78671695060508,0.0
46021,2003,inf,0,,0,0.577736329048618,3.04452243772342,0.0
46021,2004,inf,0,,0,0.577736329048618,2.99573227355399,0.0
46021,2005,inf,0,,0,0.577736329048618,2.70805020110221,0.0
46021,2006,inf,0,,0,0.577736329048618,2.70805020110221,0.0
46021,2007,inf,0,,0,0.577736329048618,2.56494935746154,0.0
46029,2003,inf,0,,0,3.25412713188084,6.61606518513282,0.0
46029,2004,inf,0,,0,3.25412713188084,6.56244409369372,0.0
46029,2005,inf,0,,0,3.25412713188084,6.62406522779989,0.0
46029,2006,inf,0,,0,3.25412713188084,6.59304453414244,0.0
46029,2007,inf,0,,0,3.25412713188084,6.57228254269401,0.0
46033,2003,inf,0,,0,1.98444381305756,4.23410650459726,0.0
46033,2004,inf,0,,0,1.98444381305756,4.18965474202643,0.0
46033,2005,inf,0,,0,1.98444381305756,4.4188406077966,0.0
46033,2006,inf,0,,0,1.98444381305756,4.47733681447821,0.0
46033,2007,inf,0,,0,1.98444381305756,4.39444915467244,0.0
46047,2003,inf,0,,0,2.00861663589956,4.60517018598809,0.0
46047,2004,inf,0,,0,2.00861663589956,4.69134788222914,0.0
46047,2005,inf,0,,0,2.00861663589956,4.53259949315326,0.0
46047,2006,inf,0,,0,2.00861663589956,4.8283137373023,0.0
46047,2007,inf,0,,0,2.00861663589956,4.83628190695148,0.0
46065,2003,inf,0,,0,2.80220820225204,6.13339804299665,0.0
46065,2004,inf,0,,0,2.80220820225204,6.12686918411419,0.0
46065,2005,inf,0,,0,2.80220820225204,6.16751649088834,0.0
46065,2006,inf,0,,0,2.80220820225204,6.13556489108174,0.0
46065,2007,inf,0,,0,2.80220820225204,6.10479323241498,0.0
46075,2003,inf,0,,0,0.176471143115779,3.49650756146648,0.0
46075,2004,inf,0,,0,0.176471143115779,3.49650756146648,0.0
46075,2005,inf,0,,0,0.176471143115779,3.25809653802148,0.0
46075,2006,inf,0,,0,0.176471143115779,2.94443897916644,0.0
46075,2007,inf,0,,0,0.176471143115779,3.17805383034795,0.0
46079,2003,inf,0,,0,2.42267657325187,5.45958551414416,0.0
46079,2004,inf,0,,0,2.42267657325187,5.31320597904179,0.0
46079,2005,inf,0,,0,2.42267657325187,5.4249500174814,0.0
46079,2006,inf,0,,0,2.42267657325187,5.30330490805908,0.0
46079,2007,inf,0,,0,2.42267657325187,5.32300997913841,0.0
46095,2003,inf,0,,0,0.733809162278835,2.39789527279837,0.0
46095,2004,inf,0,,0,0.733809162278835,2.70805020110221,0.0
46095,2005,inf,0,,0,0.733809162278835,2.83321334405622,0.0
46095,2006,inf,0,,0,0.733809162278835,2.94443897916644,0.0
46095,2007,inf,0,,0,0.733809162278835,3.36729582998647,0.0
46105,2003,inf,0,,0,1.21283343275813,4.04305126783455,0.0
46105,2004,inf,0,,0,1.21283343275813,4.02535169073515,0.0
46105,2005,inf,0,,0,1.21283343275813,4.20469261939097,0.0
46105,2006,inf,0,,0,1.21283343275813,4.17438726989564,0.0
46105,2007,inf,0,,0,1.21283343275813,4.07753744390572,0.0
46109,2003,inf,0,,0,2.30418381435774,5.14749447681345,0.0
46109,2004,inf,0,,0,2.30418381435774,5.15905529921453,0.0
46109,2005,inf,0,,0,2.30418381435774,5.24702407216049,0.0
46109,2006,inf,0,,0,2.30418381435774,5.21493575760899,0.0
46109,2007,inf,0,,0,2.30418381435774,5.12989871492307,0.0
46115,2003,inf,0,,0,2.00875080105707,4.81218435537242,0.0
46115,2004,inf,0,,0,2.00875080105707,4.91265488573605,0.0
46115,2005,inf,0,,0,2.00875080105707,5.02388052084628,0.0
46115,2006,inf,0,,0,2.00875080105707,5.08759633523238,0.0
46115,2007,inf,0,,0,2.00875080105707,5.05624580534831,0.0
46119,2003,inf,0,,0,0.4421184257562,2.83321334405622,0.0
46119,2004,inf,0,,0,0.4421184257562,2.99573227355399,0.0
46119,2005,inf,0,,0,0.4421184257562,2.70805020110221,0.0
46119,2006,inf,0,,0,0.4421184257562,2.99573227355399,0.0
46119,2007,inf,0,,0,0.4421184257562,2.89037175789616,0.0
46121,2003,inf,0,,0,2.20276475771183,3.49650756146648,0.0
46121,2004,inf,0,,0,2.20276475771183,3.76120011569356,0.0
46121,2005,inf,0,,0,2.20276475771183,3.46573590279973,0.0
46121,2006,inf,0,,0,2.20276475771183,3.58351893845611,0.0
46121,2007,inf,0,,0,2.20276475771183,3.17805383034795,0.0
47005,2003,inf,0,,0,2.80560029466806,5.06890420222023,0.0
47005,2004,inf,0,,0,2.80560029466806,4.95582705760126,0.0
47005,2005,inf,0,,0,2.80560029466806,4.99043258677874,0.0
47005,2006,inf,0,,0,2.80560029466806,5.00394630594546,0.0
47005,2007,inf,0,,0,2.80560029466806,4.9416424226093,0.0
47007,2003,inf,0,,0,2.51503163475992,3.97029191355212,0.0
47007,2004,inf,0,,0,2.51503163475992,3.85014760171006,0.0
47007,2005,inf,0,,0,2.51503163475992,4.07753744390572,0.0
47007,2006,inf,0,,0,2.51503163475992,3.93182563272433,0.0
47007,2007,inf,0,,0,2.51503163475992,4.15888308335967,0.0
47009,2003,inf,0,,0,4.66176788710248,6.94312242281943,0.0
47009,2004,inf,0,,0,4.66176788710248,7.00215595440362,0.0
47009,2005,inf,0,,0,4.66176788710248,7.06817200038804,0.0
47009,2006,inf,0,,0,4.66176788710248,7.12044437239249,0.0
47009,2007,inf,0,,0,4.66176788710248,7.09672137849476,0.0
47013,2003,inf,0,,0,3.68522277661039,5.53733426701854,0.0
47013,2004,inf,0,,0,3.68522277661039,5.54126354515843,0.0
47013,2005,inf,0,,0,3.68522277661039,5.68357976733868,0.0
47013,2006,inf,0,,0,3.68522277661039,5.61312810638807,0.0
47013,2007,inf,0,,0,3.68522277661039,5.65599181081985,0.0
47029,2003,inf,0,,0,3.51348385739071,5.36129216570943,0.0
47029,2004,inf,0,,0,3.51348385739071,5.23644196282995,0.0
47029,2005,inf,0,,0,3.51348385739071,5.34710753071747,0.0
47029,2006,inf,0,,0,3.51348385739071,5.32300997913841,0.0
47029,2007,inf,0,,0,3.51348385739071,5.4380793089232,0.0
47047,2003,inf,0,,0,3.36058369877686,5.06890420222023,0.0
47047,2004,inf,0,,0,3.36058369877686,5.07517381523383,0.0
47047,2005,inf,0,,0,3.36058369877686,5.14749447681345,0.0
47047,2006,inf,0,,0,3.36058369877686,5.40717177146012,0.0
47047,2007,inf,0,,0,3.36058369877686,5.48063892334199,0.0
47065,2003,inf,0,,0,5.72976206361515,8.57319538153152,0.0
47065,2004,inf,0,,0,5.72976206361515,8.60300384782935,0.0
47065,2005,inf,0,,0,5.72976206361515,8.63194942871443,0.0
47065,2006,inf,0,,0,5.72976206361515,8.5577591531629,0.0
47065,2007,inf,0,,0,5.72976206361515,8.56369502506766,0.0
47073,2003,inf,0,,0,3.98085853120358,6.12686918411419,0.0
47073,2004,inf,0,,0,3.98085853120358,6.00881318544259,0.0
47073,2005,inf,0,,0,3.98085853120358,5.93489419561959,0.0
47073,2006,inf,0,,0,3.98085853120358,6.04263283368238,0.0
47073,2007,inf,0,,0,3.98085853120358,5.93753620508243,0.0
47081,2003,inf,0,,0,3.10436243807944,4.98360662170834,0.0
47081,2004,inf,0,,0,3.10436243807944,4.85203026391962,0.0
47081,2005,inf,0,,0,3.10436243807944,4.8283137373023,0.0
47081,2006,inf,0,,0,3.10436243807944,4.89034912822175,0.0
47081,2007,inf,0,,0,3.10436243807944,5.01063529409626,0.0
47097,2003,inf,0,,0,3.29957062757386,4.7361984483945,0.0
47097,2004,inf,0,,0,3.29957062757386,4.72738781871234,0.0
47097,2005,inf,0,,0,3.29957062757386,4.52178857704904,0.0
47097,2006,inf,0,,0,3.29957062757386,4.78749174278205,0.0
47097,2007,inf,0,,0,3.29957062757386,4.88280192258637,0.0
47099,2003,inf,0,,0,3.68702774075046,5.89715386763674,0.0
47099,2004,inf,0,,0,3.68702774075046,5.91889385427315,0.0
47099,2005,inf,0,,0,3.68702774075046,5.96614673912369,0.0
47099,2006,inf,0,,0,3.68702774075046,5.96614673912369,0.0
47099,2007,inf,0,,0,3.68702774075046,6.05208916892442,0.0
47125,2003,inf,0,,0,4.90355478157301,7.31654817718298,0.0
47125,2004,inf,0,,0,4.90355478157301,7.33498187887181,0.0
47125,2005,inf,0,,0,4.90355478157301,7.38894609761844,0.0
47125,2006,inf,0,,0,4.90355478157301,7.42595365707754,0.0
47125,2007,inf,0,,0,4.90355478157301,7.51479976048867,0.0
47145,2003,inf,0,,0,3.94951144983914,6.02344759296103,0.0
47145,2004,inf,0,,0,3.94951144983914,6.10255859461357,0.0
47145,2005,inf,0,,0,3.94951144983914,6.19236248947487,0.0
47145,2006,inf,0,,0,3.94951144983914,6.07993319509559,0.0
47145,2007,inf,0,,0,3.94951144983914,6.04973345523196,0.0
47157,2003,inf,0,,0,6.79958192210419,9.48607637340956,0.0
47157,2004,inf,0,,0,6.79958192210419,9.44770236052795,0.0
47157,2005,inf,0,,0,6.79958192210419,9.40640045488065,0.0
47157,2006,inf,0,,0,6.79958192210419,9.47031717333574,0.0
47157,2007,inf,0,,0,6.79958192210419,9.52493210973482,0.0
47171,2003,inf,0,,0,2.87169849263054,4.99721227376411,0.0
47171,2004,inf,0,,0,2.87169849263054,4.69134788222914,0.0
47171,2005,inf,0,,0,2.87169849263054,4.85981240436167,0.0
47171,2006,inf,0,,0,2.87169849263054,4.89034912822175,0.0
47171,2007,inf,0,,0,2.87169849263054,4.85981240436167,0.0
47173,2003,inf,0,,0,2.87964779453319,4.51085950651685,0.0
47173,2004,inf,0,,0,2.87964779453319,4.34380542185368,0.0
47173,2005,inf,0,,0,2.87964779453319,4.33073334028633,0.0
47173,2006,inf,0,,0,2.87964779453319,4.63472898822964,0.0
47173,2007,inf,0,,0,2.87964779453319,4.45434729625351,0.0
48015,2003,inf,0,,0,3.16082289341958,5.73979291217923,0.0
48015,2004,inf,0,,0,3.16082289341958,5.8664680569333,0.0
48015,2005,inf,0,,0,3.16082289341958,5.8664680569333,0.0
48015,2006,inf,0,,0,3.16082289341958,5.89989735358249,0.0
48015,2007,inf,0,,0,3.16082289341958,5.99893656194668,0.0
48019,2003,inf,0,,0,2.87045245712723,4.75359019110636,0.0
48019,2004,inf,0,,0,2.87045245712723,4.67282883446191,0.0
48019,2005,inf,0,,0,2.87045245712723,4.83628190695148,0.0
48019,2006,inf,0,,0,2.87045245712723,4.79579054559674,0.0
48019,2007,inf,0,,0,2.87045245712723,4.79579054559674,0.0
48025,2003,inf,0,,0,3.47689218936423,5.22035582507832,0.0
48025,2004,inf,0,,0,3.47689218936423,5.24174701505964,0.0
48025,2005,inf,0,,0,3.47689218936423,5.19295685089021,0.0
48025,2006,inf,0,,0,3.47689218936423,5.36597601502185,0.0
48025,2007,inf,0,,0,3.47689218936423,5.33271879326537,0.0
48031,2003,inf,0,,0,2.13037227034838,4.57471097850338,0.0
48031,2004,inf,0,,0,2.13037227034838,4.60517018598809,0.0
48031,2005,inf,0,,0,2.13037227034838,4.4188406077966,0.0
48031,2006,inf,0,,0,2.13037227034838,4.45434729625351,0.0
48031,2007,inf,0,,0,2.13037227034838,4.59511985013459,0.0
48043,2003,inf,0,,0,2.18222373632286,4.83628190695148,0.0
48043,2004,inf,0,,0,2.18222373632286,4.89034912822175,0.0
48043,2005,inf,0,,0,2.18222373632286,5.16478597392351,0.0
48043,2006,inf,0,,0,2.18222373632286,5.32787616878958,0.0
48043,2007,inf,0,,0,2.18222373632286,5.4971682252932,0.0
48055,2003,inf,0,,0,3.47178009978404,5.35185813347607,0.0
48055,2004,inf,0,,0,3.47178009978404,5.4971682252932,0.0
48055,2005,inf,0,,0,3.47178009978404,5.37989735354046,0.0
48055,2006,inf,0,,0,3.47178009978404,5.44673737166631,0.0
48055,2007,inf,0,,0,3.47178009978404,5.43372200355424,0.0
48061,2003,inf,0,,0,5.81480791429005,7.84149292446001,0.0
48061,2004,inf,0,,0,5.81480791429005,7.8164169836918,0.0
48061,2005,inf,0,,0,5.81480791429005,7.74240202181578,0.0
48061,2006,inf,0,,0,5.81480791429005,7.81843027207066,0.0
48061,2007,inf,0,,0,5.81480791429005,7.92768504561578,0.0
48073,2003,inf,0,,0,3.84286583473053,6.35262939631957,0.0
48073,2004,inf,0,,0,3.84286583473053,6.07764224334903,0.0
48073,2005,inf,0,,0,3.84286583473053,6.19440539110467,0.0
48073,2006,inf,0,,0,3.84286583473053,6.21060007702465,0.0
48073,2007,inf,0,,0,3.84286583473053,6.22653666928747,0.0
48077,2003,inf,0,,0,2.39844057863757,4.34380542185368,0.0
48077,2004,inf,0,,0,2.39844057863757,4.11087386417331,0.0
48077,2005,inf,0,,0,2.39844057863757,4.15888308335967,0.0
48077,2006,inf,0,,0,2.39844057863757,3.91202300542815,0.0
48077,2007,inf,0,,0,2.39844057863757,3.80666248977032,0.0
48113,2003,inf,0,,0,7.70476640589851,10.4426965306939,0.0
48113,2004,inf,0,,0,7.70476640589851,10.3391261606518,0.0
48113,2005,inf,0,,0,7.70476640589851,10.3371189079706,0.0
48113,2006,inf,0,,0,7.70476640589851,10.3784787232929,0.0
48113,2007,inf,0,,0,7.70476640589851,10.4352622050525,0.0
48117,2003,inf,0,,0,2.92106260521696,5.4249500174814,0.0
48117,2004,inf,0,,0,2.92106260521696,5.28320372873799,0.0
48117,2005,inf,0,,0,2.92106260521696,5.26785815906333,0.0
48117,2006,inf,0,,0,2.92106260521696,5.46383180502561,0.0
48117,2007,inf,0,,0,2.92106260521696,5.4971682252932,0.0
48121,2003,inf,0,,0,6.07068229921461,8.62353322718756,0.0
48121,2004,inf,0,,0,6.07068229921461,8.63034328934889,0.0
48121,2005,inf,0,,0,6.07068229921461,8.68253812400308,0.0
48121,2006,inf,0,,0,6.07068229921461,8.75731184693641,0.0
48121,2007,inf,0,,0,6.07068229921461,8.80956425335415,0.0
48151,2003,inf,0,,0,1.46879558263163,2.94443897916644,0.0
48151,2004,inf,0,,0,1.46879558263163,2.99573227355399,0.0
48151,2005,inf,0,,0,1.46879558263163,2.56494935746154,0.0
48151,2006,inf,0,,0,1.46879558263163,2.99573227355399,0.0
48151,2007,inf,0,,0,1.46879558263163,2.484906649788,0.0
48173,2003,inf,0,,0,0.340748793388473,2.39789527279837,0.0
48173,2004,inf,0,,0,0.340748793388473,1.79175946922805,0.0
48173,2005,inf,0,,0,0.340748793388473,1.94591014905531,0.0
48173,2006,inf,0,,0,0.340748793388473,2.07944154167984,0.0
48173,2007,inf,0,,0,0.340748793388473,1.38629436111989,0.0
48213,2003,inf,0,,0,4.29424678066323,6.57088296233958,0.0
48213,2004,inf,0,,0,4.29424678066323,6.47389069635227,0.0
48213,2005,inf,0,,0,4.29424678066323,6.39692965521615,0.0
48213,2006,inf,0,,0,4.29424678066323,6.49526555593701,0.0
48213,2007,inf,0,,0,4.29424678066323,6.46458830368996,0.0
48221,2003,inf,0,,0,3.71600812150219,6.2363695902037,0.0
48221,2004,inf,0,,0,3.71600812150219,6.13772705408623,0.0
48221,2005,inf,0,,0,3.71600812150219,6.05678401322862,0.0
48221,2006,inf,0,,0,3.71600812150219,6.25382881157547,0.0
48221,2007,inf,0,,0,3.71600812150219,6.36302810354046,0.0
48223,2003,inf,0,,0,3.46448512089807,5.95583736946483,0.0
48223,2004,inf,0,,0,3.46448512089807,5.91889385427315,0.0
48223,2005,inf,0,,0,3.46448512089807,5.85793315448346,0.0
48223,2006,inf,0,,0,3.46448512089807,5.95064255258773,0.0
48223,2007,inf,0,,0,3.46448512089807,5.90536184805457,0.0
48245,2003,inf,0,,0,5.52963144798754,8.01763715990848,0.0
48245,2004,inf,0,,0,5.52963144798754,7.92334821193015,0.0
48245,2005,inf,0,,0,5.52963144798754,8.09162741160107,0.0
48245,2006,inf,0,,0,5.52963144798754,8.18618599422608,0.0
48245,2007,inf,0,,0,5.52963144798754,8.17301131172497,0.0
48249,2003,inf,0,,0,3.67188587773737,5.62040086571715,0.0
48249,2004,inf,0,,0,3.67188587773737,5.76205138278018,0.0
48249,2005,inf,0,,0,3.67188587773737,5.73979291217923,0.0
48249,2006,inf,0,,0,3.67188587773737,5.78689738136671,0.0
48249,2007,inf,0,,0,3.67188587773737,5.86929691313377,0.0
48271,2003,inf,0,,0,1.21757980773215,2.63905732961526,0.0
48271,2004,inf,0,,0,1.21757980773215,1.6094379124341,0.0
48271,2005,inf,0,,0,1.21757980773215,1.6094379124341,0.0
48271,2006,inf,0,,0,1.21757980773215,2.19722457733622,0.0
48271,2007,inf,0,,0,1.21757980773215,2.30258509299405,0.0
48277,2003,inf,0,,0,3.88154317917417,6.32256523992728,0.0
48277,2004,inf,0,,0,3.88154317917417,6.24027584517077,0.0
48277,2005,inf,0,,0,3.88154317917417,6.15060276844628,0.0
48277,2006,inf,0,,0,3.88154317917417,6.37672694789863,0.0
48277,2007,inf,0,,0,3.88154317917417,6.45676965557216,0.0
48291,2003,inf,0,,0,4.25069282559285,6.26530121273771,0.0
48291,2004,inf,0,,0,4.25069282559285,6.24610676548156,0.0
48291,2005,inf,0,,0,4.25069282559285,6.19644412779452,0.0
48291,2006,inf,0,,0,4.25069282559285,6.27664348934164,0.0
48291,2007,inf,0,,0,4.25069282559285,6.289715570909,0.0
48295,2003,inf,0,,0,1.1174340429087,3.58351893845611,0.0
48295,2004,inf,0,,0,1.1174340429087,3.91202300542815,0.0
48295,2005,inf,0,,0,1.1174340429087,4.04305126783455,0.0
48295,2006,inf,0,,0,1.1174340429087,3.98898404656427,0.0
48295,2007,inf,0,,0,1.1174340429087,4.20469261939097,0.0
48305,2003,inf,0,,0,1.87946504964716,3.78418963391826,0.0
48305,2004,inf,0,,0,1.87946504964716,3.71357206670431,0.0
48305,2005,inf,0,,0,1.87946504964716,3.80666248977032,0.0
48305,2006,inf,0,,0,1.87946504964716,3.87120101090789,0.0
48305,2007,inf,0,,0,1.87946504964716,2.99573227355399,0.0
48317,2003,inf,0,,0,1.55730215801357,2.56494935746154,0.0
48317,2004,inf,0,,0,1.55730215801357,1.09861228866811,0.0
48317,2005,inf,0,,0,1.55730215801357,2.07944154167984,0.0
48317,2006,inf,0,,0,1.55730215801357,1.38629436111989,0.0
48317,2007,inf,0,,0,1.55730215801357,1.94591014905531,0.0
48323,2003,inf,0,,0,3.85644686853929,5.78996017089725,0.0
48323,2004,inf,0,,0,3.85644686853929,5.4553211153577,0.0
48323,2005,inf,0,,0,3.85644686853929,5.50125821054473,0.0
48323,2006,inf,0,,0,3.85644686853929,5.71702770140622,0.0
48323,2007,inf,0,,0,3.85644686853929,5.91620206260743,0.0
48341,2003,inf,0,,0,3.00176404578571,5.74939298590825,0.0
48341,2004,inf,0,,0,3.00176404578571,5.59471137960184,0.0
48341,2005,inf,0,,0,3.00176404578571,5.58724865840025,0.0
48341,2006,inf,0,,0,3.00176404578571,5.6937321388027,0.0
48341,2007,inf,0,,0,3.00176404578571,5.6970934865054,0.0
48351,2003,inf,0,,0,2.71283871783401,3.3322045101752,0.0
48351,2004,inf,0,,0,2.71283871783401,3.46573590279973,0.0
48351,2005,inf,0,,0,2.71283871783401,3.80666248977032,0.0
48351,2006,inf,0,,0,2.71283871783401,3.61091791264422,0.0
48351,2007,inf,0,,0,2.71283871783401,3.8286413964891,0.0
48357,2003,inf,0,,0,2.19789102187938,5.30330490805908,0.0
48357,2004,inf,0,,0,2.19789102187938,5.23644196282995,0.0
48357,2005,inf,0,,0,2.19789102187938,5.18178355029209,0.0
48357,2006,inf,0,,0,2.19789102187938,5.25227342804663,0.0
48357,2007,inf,0,,0,2.19789102187938,5.25749537202778,0.0
48363,2003,inf,0,,0,3.29679936561589,5.61312810638807,0.0
48363,2004,inf,0,,0,3.29679936561589,5.62762111369064,0.0
48363,2005,inf,0,,0,3.29679936561589,5.67332326717149,0.0
48363,2006,inf,0,,0,3.29679936561589,5.78689738136671,0.0
48363,2007,inf,0,,0,3.29679936561589,5.78996017089725,0.0
48369,2003,inf,0,,0,2.30418381435774,4.76217393479776,0.0
48369,2004,inf,0,,0,2.30418381435774,4.88280192258637,0.0
48369,2005,inf,0,,0,2.30418381435774,4.87519732320115,0.0
48369,2006,inf,0,,0,2.30418381435774,4.77912349311153,0.0
48369,2007,inf,0,,0,2.30418381435774,4.79579054559674,0.0
48383,2003,inf,0,,0,1.20177038077074,3.43398720448515,0.0
48383,2004,inf,0,,0,1.20177038077074,3.61091791264422,0.0
48383,2005,inf,0,,0,1.20177038077074,3.29583686600433,0.0
48383,2006,inf,0,,0,1.20177038077074,3.61091791264422,0.0
48383,2007,inf,0,,0,1.20177038077074,3.76120011569356,0.0
48385,2003,inf,0,,0,1.11415750000357,3.09104245335832,0.0
48385,2004,inf,0,,0,1.11415750000357,2.70805020110221,0.0
48385,2005,inf,0,,0,1.11415750000357,2.39789527279837,0.0
48385,2006,inf,0,,0,1.11415750000357,2.70805020110221,0.0
48385,2007,inf,0,,0,1.11415750000357,2.94443897916644,0.0
48397,2003,inf,0,,0,3.76305885228819,6.55535689181067,0.0
48397,2004,inf,0,,0,3.76305885228819,6.6052979209482,0.0
48397,2005,inf,0,,0,3.76305885228819,6.68835471394676,0.0
48397,2006,inf,0,,0,3.76305885228819,6.78332520060396,0.0
48397,2007,inf,0,,0,3.76305885228819,6.93828448401696,0.0
48399,2003,inf,0,,0,2.44191215821514,4.86753445045558,0.0
48399,2004,inf,0,,0,2.44191215821514,4.75359019110636,0.0
48399,2005,inf,0,,0,2.44191215821514,4.65396035015752,0.0
48399,2006,inf,0,,0,2.44191215821514,4.62497281328427,0.0
48399,2007,inf,0,,0,2.44191215821514,4.62497281328427,0.0
48409,2003,inf,0,,0,4.20675020260656,6.12249280951439,0.0
48409,2004,inf,0,,0,4.20675020260656,6.13988455222626,0.0
48409,2005,inf,0,,0,4.20675020260656,6.19644412779452,0.0
48409,2006,inf,0,,0,4.20675020260656,6.30627528694802,0.0
48409,2007,inf,0,,0,4.20675020260656,6.38856140554563,0.0
48415,2003,inf,0,,0,2.79490045400094,5.19849703126583,0.0
48415,2004,inf,0,,0,2.79490045400094,5.03043792139244,0.0
48415,2005,inf,0,,0,2.79490045400094,4.969813299576,0.0
48415,2006,inf,0,,0,2.79490045400094,5.07517381523383,0.0
48415,2007,inf,0,,0,2.79490045400094,5.19849703126583,0.0
48417,2003,inf,0,,0,1.19452834549794,3.58351893845611,0.0
48417,2004,inf,0,,0,1.19452834549794,3.55534806148941,0.0
48417,2005,inf,0,,0,1.19452834549794,3.66356164612965,0.0
48417,2006,inf,0,,0,1.19452834549794,4.15888308335967,0.0
48417,2007,inf,0,,0,1.19452834549794,3.93182563272433,0.0
48447,2003,inf,0,,0,0.615185639090233,2.56494935746154,0.0
48447,2004,inf,0,,0,0.615185639090233,2.19722457733622,0.0
48447,2005,inf,0,,0,0.615185639090233,2.484906649788,0.0
48447,2006,inf,0,,0,0.615185639090233,2.484906649788,0.0
48447,2007,inf,0,,0,0.615185639090233,2.484906649788,0.0
48461,2003,inf,0,,0,1.22495121071113,2.77258872223978,0.0
48461,2004,inf,0,,0,1.22495121071113,2.30258509299405,0.0
48461,2005,inf,0,,0,1.22495121071113,2.77258872223978,0.0
48461,2006,inf,0,,0,1.22495121071113,2.83321334405622,0.0
48461,2007,inf,0,,0,1.22495121071113,2.56494935746154,0.0
48465,2003,inf,0,,0,3.80345735882137,6.01126717440416,0.0
48465,2004,inf,0,,0,3.80345735882137,5.82304589548302,0.0
48465,2005,inf,0,,0,3.80345735882137,5.78382518232974,0.0
48465,2006,inf,0,,0,3.80345735882137,5.80513496891649,0.0
48465,2007,inf,0,,0,3.80345735882137,5.92692602597041,0.0
48477,2003,inf,0,,0,3.41355405587153,6.32435896238131,0.0
48477,2004,inf,0,,0,3.41355405587153,6.32435896238131,0.0
48477,2005,inf,0,,0,3.41355405587153,6.23244801655052,0.0
48477,2006,inf,0,,0,3.41355405587153,6.22059017009974,0.0
48477,2007,inf,0,,0,3.41355405587153,6.39692965521615,0.0
48493,2003,inf,0,,0,3.47840530590039,5.55295958492162,0.0
48493,2004,inf,0,,0,3.47840530590039,5.50938833662798,0.0
48493,2005,inf,0,,0,3.47840530590039,5.46806014113513,0.0
48493,2006,inf,0,,0,3.47840530590039,5.73334127689775,0.0
48493,2007,inf,0,,0,3.47840530590039,5.69035945432406,0.0
48503,2003,inf,0,,0,2.88720006673053,5.48063892334199,0.0
48503,2004,inf,0,,0,2.88720006673053,5.4971682252932,0.0
48503,2005,inf,0,,0,2.88720006673053,5.51342874616498,0.0
48503,2006,inf,0,,0,2.88720006673053,5.54517744447956,0.0
48503,2007,inf,0,,0,2.88720006673053,5.51342874616498,0.0
48505,2003,inf,0,,0,2.49995945241429,3.87120101090789,0.0
48505,2004,inf,0,,0,2.49995945241429,4.12713438504509,0.0
48505,2005,inf,0,,0,2.49995945241429,4.26267987704132,0.0
48505,2006,inf,0,,0,2.49995945241429,4.39444915467244,0.0
48505,2007,inf,0,,0,2.49995945241429,4.33073334028633,0.0
48507,2003,inf,0,,0,2.45100509811232,3.40119738166216,0.0
48507,2004,inf,0,,0,2.45100509811232,3.43398720448515,0.0
48507,2005,inf,0,,0,2.45100509811232,3.3322045101752,0.0
48507,2006,inf,0,,0,2.45100509811232,3.40119738166216,0.0
48507,2007,inf,0,,0,2.45100509811232,3.55534806148941,0.0
49003,2003,inf,0,,0,3.7552522294782,6.84481547920826,0.0
49003,2004,inf,0,,0,3.7552522294782,6.79234442747081,0.0
49003,2005,inf,0,,0,3.7552522294782,6.79682371827486,0.0
49003,2006,inf,0,,0,3.7552522294782,6.82654522355659,0.0
49003,2007,inf,0,,0,3.7552522294782,6.93049476595163,0.0
49011,2003,inf,0,,0,5.47643844701387,8.52257866369258,0.0
49011,2004,inf,0,,0,5.47643844701387,8.49412925181769,0.0
49011,2005,inf,0,,0,5.47643844701387,8.51959031601596,0.0
49011,2006,inf,0,,0,5.47643844701387,8.59192953753026,0.0
49011,2007,inf,0,,0,5.47643844701387,8.6909784171879,0.0
49023,2003,inf,0,,0,2.10875759601389,5.29330482472449,0.0
49023,2004,inf,0,,0,2.10875759601389,5.22035582507832,0.0
49023,2005,inf,0,,0,2.10875759601389,5.27811465923052,0.0
49023,2006,inf,0,,0,2.10875759601389,5.46383180502561,0.0
49023,2007,inf,0,,0,2.10875759601389,5.48893772615669,0.0
49037,2003,inf,0,,0,2.66813057710097,5.01727983681492,0.0
49037,2004,inf,0,,0,2.66813057710097,5.12989871492307,0.0
49037,2005,inf,0,,0,2.66813057710097,5.07517381523383,0.0
49037,2006,inf,0,,0,2.66813057710097,5.23644196282995,0.0
49037,2007,inf,0,,0,2.66813057710097,5.01063529409626,0.0
49053,2003,inf,0,,0,4.50373528833274,7.84109976542212,0.0
49053,2004,inf,0,,0,4.50373528833274,7.82763954636642,0.0
49053,2005,inf,0,,0,4.50373528833274,7.92840602618053,0.0
49053,2006,inf,0,,0,4.50373528833274,8.06180227453835,0.0
49053,2007,inf,0,,0,4.50373528833274,8.08978917578932,0.0
51003,2003,inf,0,,0,4.37243074100043,7.08086789669078,0.0
51003,2004,inf,0,,0,4.37243074100043,7.12044437239249,0.0
51003,2005,inf,0,,0,4.37243074100043,7.06987412845857,0.0
51003,2006,inf,0,,0,4.37243074100043,7.18916773842032,0.0
51003,2007,inf,0,,0,4.37243074100043,7.27931883541462,0.0
51015,2003,inf,0,,0,4.18380432834825,6.46925031679577,0.0
51015,2004,inf,0,,0,4.18380432834825,6.39359075395063,0.0
51015,2005,inf,0,,0,4.18380432834825,6.46458830368996,0.0
51015,2006,inf,0,,0,4.18380432834825,6.49677499018586,0.0
51015,2007,inf,0,,0,4.18380432834825,6.48463523563525,0.0
51017,2003,inf,0,,0,1.61899212523891,2.89037175789616,0.0
51017,2004,inf,0,,0,1.61899212523891,2.39789527279837,0.0
51017,2005,inf,0,,0,1.61899212523891,2.77258872223978,0.0
51017,2006,inf,0,,0,1.61899212523891,2.56494935746154,0.0
51017,2007,inf,0,,0,1.61899212523891,2.30258509299405,0.0
51019,2003,inf,0,,0,4.10050885718995,5.80513496891649,0.0
51019,2004,inf,0,,0,4.10050885718995,5.82304589548302,0.0
51019,2005,inf,0,,0,4.10050885718995,5.89715386763674,0.0
51019,2006,inf,0,,0,4.10050885718995,5.94542060860658,0.0
51019,2007,inf,0,,0,4.10050885718995,5.88332238848828,0.0
51023,2003,inf,0,,0,3.41759552747179,5.56452040732269,0.0
51023,2004,inf,0,,0,3.41759552747179,5.50938833662798,0.0
51023,2005,inf,0,,0,3.41759552747179,5.65599181081985,0.0
51023,2006,inf,0,,0,3.41759552747179,5.89440283426485,0.0
51023,2007,inf,0,,0,3.41759552747179,5.98393628068719,0.0
51025,2003,inf,0,,0,2.91338274053697,4.64439089914137,0.0
51025,2004,inf,0,,0,2.91338274053697,4.54329478227,0.0
51025,2005,inf,0,,0,2.91338274053697,4.56434819146784,0.0
51025,2006,inf,0,,0,2.91338274053697,4.54329478227,0.0
51025,2007,inf,0,,0,2.91338274053697,4.61512051684126,0.0
51041,2003,inf,0,,0,5.56030848448194,8.49801037199946,0.0
51041,2004,inf,0,,0,5.56030848448194,8.50875771259514,0.0
51041,2005,inf,0,,0,5.56030848448194,8.53129331579502,0.0
51041,2006,inf,0,,0,5.56030848448194,8.57395152523485,0.0
51041,2007,inf,0,,0,5.56030848448194,8.56254889313703,0.0
51047,2003,inf,0,,0,3.53403686830827,6.04500531403601,0.0
51047,2004,inf,0,,0,3.53403686830827,6.13772705408623,0.0
51047,2005,inf,0,,0,3.53403686830827,6.1779441140506,0.0
51047,2006,inf,0,,0,3.53403686830827,6.24027584517077,0.0
51047,2007,inf,0,,0,3.53403686830827,6.28226674689601,0.0
51053,2003,inf,0,,0,3.2000191500179,5.45958551414416,0.0
51053,2004,inf,0,,0,3.2000191500179,5.4249500174814,0.0
51053,2005,inf,0,,0,3.2000191500179,5.26269018890489,0.0
51053,2006,inf,0,,0,3.2000191500179,5.39816270151775,0.0
51053,2007,inf,0,,0,3.2000191500179,5.46806014113513,0.0
51059,2003,inf,0,,0,6.87703727512594,9.39499254410842,0.0
51059,2004,inf,0,,0,6.87703727512594,9.38681151509196,0.0
51059,2005,inf,0,,0,6.87703727512594,9.45297277587424,0.0
51059,2006,inf,0,,0,6.87703727512594,9.4922055591064,0.0
51059,2007,inf,0,,0,6.87703727512594,9.4753933263676,0.0
51061,2003,inf,0,,0,4.0098572697765,6.71174039505618,0.0
51061,2004,inf,0,,0,4.0098572697765,6.77078942390898,0.0
51061,2005,inf,0,,0,4.0098572697765,6.74758652682932,0.0
51061,2006,inf,0,,0,4.0098572697765,6.76041469108343,0.0
51061,2007,inf,0,,0,4.0098572697765,6.86693328446188,0.0
51077,2003,inf,0,,0,2.88574998281776,4.06044301054642,0.0
51077,2004,inf,0,,0,2.88574998281776,4.26267987704132,0.0
51077,2005,inf,0,,0,2.88574998281776,4.07753744390572,0.0
51077,2006,inf,0,,0,2.88574998281776,4.26267987704132,0.0
51077,2007,inf,0,,0,2.88574998281776,4.14313472639153,0.0
51079,2003,inf,0,,0,2.72418598301161,5.30826769740121,0.0
51079,2004,inf,0,,0,2.72418598301161,4.90527477843843,0.0
51079,2005,inf,0,,0,2.72418598301161,4.8283137373023,0.0
51079,2006,inf,0,,0,2.72418598301161,4.78749174278205,0.0
51079,2007,inf,0,,0,2.72418598301161,4.70953020131233,0.0
51089,2003,inf,0,,0,4.05923538510853,6.15909538849193,0.0
51089,2004,inf,0,,0,4.05923538510853,5.96357934361845,0.0
51089,2005,inf,0,,0,4.05923538510853,6.06610809010375,0.0
51089,2006,inf,0,,0,4.05923538510853,5.98141421125448,0.0
51089,2007,inf,0,,0,4.05923538510853,6.0591231955818,0.0
51109,2003,inf,0,,0,3.24364648319341,5.45958551414416,0.0
51109,2004,inf,0,,0,3.24364648319341,5.40267738187228,0.0
51109,2005,inf,0,,0,3.24364648319341,5.55682806169954,0.0
51109,2006,inf,0,,0,3.24364648319341,5.52942908751142,0.0
51109,2007,inf,0,,0,3.24364648319341,5.71042701737487,0.0
51111,2003,inf,0,,0,2.57611752984138,4.39444915467244,0.0
51111,2004,inf,0,,0,2.57611752984138,4.35670882668959,0.0
51111,2005,inf,0,,0,2.57611752984138,4.38202663467388,0.0
51111,2006,inf,0,,0,2.57611752984138,4.38202663467388,0.0
51111,2007,inf,0,,0,2.57611752984138,4.20469261939097,0.0
51121,2003,inf,0,,0,4.4263903498904,6.96885037834195,0.0
51121,2004,inf,0,,0,4.4263903498904,6.89972310728487,0.0
51121,2005,inf,0,,0,4.4263903498904,6.95749737087695,0.0
51121,2006,inf,0,,0,4.4263903498904,7.0057890192535,0.0
51121,2007,inf,0,,0,4.4263903498904,7.05703698169789,0.0
51149,2003,inf,0,,0,3.49793079061946,5.97888576490112,0.0
51149,2004,inf,0,,0,3.49793079061946,5.8664680569333,0.0
51149,2005,inf,0,,0,3.49793079061946,5.78074351579233,0.0
51149,2006,inf,0,,0,3.49793079061946,5.71373280550937,0.0
51149,2007,inf,0,,0,3.49793079061946,5.73009978297357,0.0
51185,2003,inf,0,,0,3.79768901497121,6.21460809842219,0.0
51185,2004,inf,0,,0,3.79768901497121,6.02586597382531,0.0
51185,2005,inf,0,,0,3.79768901497121,6.19440539110467,0.0
51185,2006,inf,0,,0,3.79768901497121,6.26530121273771,0.0
51185,2007,inf,0,,0,3.79768901497121,6.14846829591765,0.0
51515,2003,inf,0,,0,1.84039089063979,5.07517381523383,0.0
51515,2004,inf,0,,0,1.84039089063979,5.11799381241676,0.0
51515,2005,inf,0,,0,1.84039089063979,5.03695260241363,0.0
51515,2006,inf,0,,0,1.84039089063979,5.20948615284142,0.0
51515,2007,inf,0,,0,1.84039089063979,5.21493575760899,0.0
51520,2003,inf,0,,0,2.85457185376498,6.10255859461357,0.0
51520,2004,inf,0,,0,2.85457185376498,6.16331480403464,0.0
51520,2005,inf,0,,0,2.85457185376498,6.20253551718792,0.0
51520,2006,inf,0,,0,2.85457185376498,6.22455842927536,0.0
51520,2007,inf,0,,0,2.85457185376498,6.289715570909,0.0
51630,2003,inf,0,,0,2.95901642061733,6.81892406527552,0.0
51630,2004,inf,0,,0,2.95901642061733,6.92067150424868,0.0
51630,2005,inf,0,,0,2.95901642061733,7.02197642307216,0.0
51630,2006,inf,0,,0,2.95901642061733,6.99301512293296,0.0
51630,2007,inf,0,,0,2.95901642061733,7.00306545878646,0.0
51650,2003,inf,0,,0,4.98659530183624,7.62657020629066,0.0
51650,2004,inf,0,,0,4.98659530183624,7.6275443904885,0.0
51650,2005,inf,0,,0,4.98659530183624,7.70616297019958,0.0
51650,2006,inf,0,,0,4.98659530183624,7.65207074611648,0.0
51650,2007,inf,0,,0,4.98659530183624,7.57814547241947,0.0
51660,2003,inf,0,,0,3.70051153834364,6.86380339145295,0.0
51660,2004,inf,0,,0,3.70051153834364,6.85118492749374,0.0
51660,2005,inf,0,,0,3.70051153834364,6.90975328164481,0.0
51660,2006,inf,0,,0,3.70051153834364,6.9555926083963,0.0
51660,2007,inf,0,,0,3.70051153834364,7.01571242048723,0.0
51680,2003,inf,0,,0,4.17851719155535,7.21744343169653,0.0
51680,2004,inf,0,,0,4.17851719155535,7.1785454837637,0.0
51680,2005,inf,0,,0,4.17851719155535,7.2211050981825,0.0
51680,2006,inf,0,,0,4.17851719155535,7.27031288607902,0.0
51680,2007,inf,0,,0,4.17851719155535,7.37713371283395,0.0
51700,2003,inf,0,,0,5.1937898371941,7.6685611080159,0.0
51700,2004,inf,0,,0,5.1937898371941,7.73236922228439,0.0
51700,2005,inf,0,,0,5.1937898371941,7.67229245562876,0.0
51700,2006,inf,0,,0,5.1937898371941,7.73061406606374,0.0
51700,2007,inf,0,,0,5.1937898371941,7.78113850984502,0.0
51710,2003,inf,0,,0,5.45704185625577,7.98309894071089,0.0
51710,2004,inf,0,,0,5.45704185625577,7.95962530509811,0.0
51710,2005,inf,0,,0,5.45704185625577,7.95331834656043,0.0
51710,2006,inf,0,,0,5.45704185625577,8.00869818298853,0.0
51710,2007,inf,0,,0,5.45704185625577,8.0149968943483,0.0
51735,2003,inf,0,,0,2.44806975973603,4.85981240436167,0.0
51735,2004,inf,0,,0,2.44806975973603,4.91998092582813,0.0
51735,2005,inf,0,,0,2.44806975973603,4.96284463025991,0.0
51735,2006,inf,0,,0,2.44806975973603,4.99721227376411,0.0
51735,2007,inf,0,,0,2.44806975973603,4.98360662170834,0.0
51770,2003,inf,0,,0,4.55293961038444,7.6685611080159,0.0
51770,2004,inf,0,,0,4.55293961038444,7.59438124255182,0.0
51770,2005,inf,0,,0,4.55293961038444,7.60837447438078,0.0
51770,2006,inf,0,,0,4.55293961038444,7.66152708135852,0.0
51770,2007,inf,0,,0,4.55293961038444,7.73543335249969,0.0
51790,2003,inf,0,,0,3.17190999558746,6.21260609575152,0.0
51790,2004,inf,0,,0,3.17190999558746,6.19236248947487,0.0
51790,2005,inf,0,,0,3.17190999558746,6.1779441140506,0.0
51790,2006,inf,0,,0,3.17190999558746,6.19847871649231,0.0
51790,2007,inf,0,,0,3.17190999558746,6.31173480915291,0.0
51800,2003,inf,0,,0,4.15382342987363,6.60800062529609,0.0
51800,2004,inf,0,,0,4.15382342987363,6.70441435496411,0.0
51800,2005,inf,0,,0,4.15382342987363,6.71659477352098,0.0
51800,2006,inf,0,,0,4.15382342987363,6.77992190747225,0.0
51800,2007,inf,0,,0,4.15382342987363,6.83195356556585,0.0
51830,2003,inf,0,,0,2.4847399692309,6.45833828334479,0.0
51830,2004,inf,0,,0,2.4847399692309,6.4281052726846,0.0
51830,2005,inf,0,,0,2.4847399692309,6.35437004079735,0.0
51830,2006,inf,0,,0,2.4847399692309,6.42648845745769,0.0
51830,2007,inf,0,,0,2.4847399692309,6.35610766069589,0.0
51840,2003,inf,0,,0,3.16061091673622,6.96508034560141,0.0
51840,2004,inf,0,,0,3.16061091673622,7.02908756414966,0.0
51840,2005,inf,0,,0,3.16061091673622,7.00669522683704,0.0
51840,2006,inf,0,,0,3.16061091673622,6.98933526597456,0.0
51840,2007,inf,0,,0,3.16061091673622,7.02286808608264,0.0
54005,2003,2007.0,1,-4.0,0,3.24005006009961,5.04342511691925,-4.0
54005,2004,2007.0,1,-3.0,0,3.24005006009961,4.79579054559674,-3.0
54005,2005,2007.0,1,-2.0,0,3.24005006009961,4.72738781871234,-2.0
54005,2006,2007.0,1,-1.0,0,3.24005006009961,4.36944785246702,-1.0
54005,2007,2007.0,1,0.0,1,3.24005006009961,4.4188406077966,0.0
54017,2003,2007.0,1,-4.0,0,2.00188532346096,3.36729582998647,-4.0
54017,2004,2007.0,1,-3.0,0,2.00188532346096,3.17805383034795,-3.0
54017,2005,2007.0,1,-2.0,0,2.00188532346096,2.484906649788,-2.0
54017,2006,2007.0,1,-1.0,0,2.00188532346096,2.19722457733622,-1.0
54017,2007,2007.0,1,0.0,1,2.00188532346096,2.07944154167984,0.0
54021,2003,2007.0,1,-4.0,0,1.96850998097255,2.77258872223978,-4.0
54021,2004,2007.0,1,-3.0,0,1.96850998097255,2.94443897916644,-3.0
54021,2005,2007.0,1,-2.0,0,1.96850998097255,3.52636052461616,-2.0
54021,2006,2007.0,1,-1.0,0,1.96850998097255,3.46573590279973,-1.0
54021,2007,2007.0,1,0.0,1,1.96850998097255,3.09104245335832,0.0
54027,2003,2007.0,1,-4.0,0,3.00583110823141,4.89783979995091,-4.0
54027,2004,2007.0,1,-3.0,0,3.00583110823141,4.72738781871234,-3.0
54027,2005,2007.0,1,-2.0,0,3.00583110823141,4.80402104473326,-2.0
54027,2006,2007.0,1,-1.0,0,3.00583110823141,4.96284463025991,-1.0
54027,2007,2007.0,1,0.0,1,3.00583110823141,4.85981240436167,0.0
54029,2003,2007.0,1,-4.0,0,3.48636539403203,5.78382518232974,-4.0
54029,2004,2007.0,1,-3.0,0,3.48636539403203,5.73334127689775,-3.0
54029,2005,2007.0,1,-2.0,0,3.48636539403203,5.67332326717149,-2.0
54029,2006,2007.0,1,-1.0,0,3.48636539403203,5.65948221575962,-1.0
54029,2007,2007.0,1,0.0,1,3.48636539403203,5.60947179518496,0.0
54037,2003,2007.0,1,-4.0,0,3.74218322613625,6.17170059741091,-4.0
54037,2004,2007.0,1,-3.0,0,3.74218322613625,6.32435896238131,-3.0
54037,2005,2007.0,1,-2.0,0,3.74218322613625,6.36647044773144,-2.0
54037,2006,2007.0,1,-1.0,0,3.74218322613625,6.30444880242198,-1.0
54037,2007,2007.0,1,0.0,1,3.74218322613625,6.27852142416584,0.0
54047,2003,2007.0,1,-4.0,0,3.30794840944252,4.07753744390572,-4.0
54047,2004,2007.0,1,-3.0,0,3.30794840944252,3.73766961828337,-3.0
54047,2005,2007.0,1,-2.0,0,3.30794840944252,3.80666248977032,-2.0
54047,2006,2007.0,1,-1.0,0,3.30794840944252,4.18965474202643,-1.0
54047,2007,2007.0,1,0.0,1,3.30794840944252,4.06044301054642,0.0
54051,2003,2007.0,1,-4.0,0,3.57006776457451,5.21493575760899,-4.0
54051,2004,2007.0,1,-3.0,0,3.57006776457451,5.18738580584075,-3.0
54051,2005,2007.0,1,-2.0,0,3.57006776457451,5.37527840768417,-2.0
54051,2006,2007.0,1,-1.0,0,3.57006776457451,5.33753807970132,-1.0
54051,2007,2007.0,1,0.0,1,3.57006776457451,5.4249500174814,0.0
54085,2003,2007.0,1,-4.0,0,2.33630996239567,3.71357206670431,-4.0
54085,2004,2007.0,1,-3.0,0,2.33630996239567,3.52636052461616,-3.0
54085,2005,2007.0,1,-2.0,0,2.33630996239567,3.66356164612965,-2.0
54085,2006,2007.0,1,-1.0,0,2.33630996239567,4.20469261939097,-1.0
54085,2007,2007.0,1,0.0,1,2.33630996239567,4.26267987704132,0.0
54087,2003,2007.0,1,-4.0,0,2.73735007014707,3.93182563272433,-4.0
54087,2004,2007.0,1,-3.0,0,2.73735007014707,3.8286413964891,-3.0
54087,2005,2007.0,1,-2.0,0,2.73735007014707,4.02535169073515,-2.0
54087,2006,2007.0,1,-1.0,0,2.73735007014707,4.14313472639153,-1.0
54087,2007,2007.0,1,0.0,1,2.73735007014707,4.38202663467388,0.0
54099,2003,2007.0,1,-4.0,0,3.75894175355891,5.23110861685459,-4.0
54099,2004,2007.0,1,-3.0,0,3.75894175355891,5.27811465923052,-3.0
54099,2005,2007.0,1,-2.0,0,3.75894175355891,5.15329159449778,-2.0
54099,2006,2007.0,1,-1.0,0,3.75894175355891,5.05624580534831,-1.0
54099,2007,2007.0,1,0.0,1,3.75894175355891,5.14166355650266,0.0
55001,2003,2006.0,1,-3.0,0,2.92547074051332,5.08140436498446,-3.0
55001,2004,2006.0,1,-2.0,0,2.92547074051332,4.7361984483945,-2.0
55001,2005,2006.0,1,-1.0,0,2.92547074051332,4.59511985013459,-1.0
55001,2006,2006.0,1,0.0,1,2.92547074051332,4.8283137373023,0.0
55001,2007,2006.0,1,1.0,1,2.92547074051332,4.79579054559674,1.0
55051,2003,2006.0,1,-3.0,0,1.92585320370875,4.76217393479776,-3.0
55051,2004,2006.0,1,-2.0,0,1.92585320370875,4.70048036579242,-2.0
55051,2005,2006.0,1,-1.0,0,1.92585320370875,4.64439089914137,-1.0
55051,2006,2006.0,1,0.0,1,1.92585320370875,4.63472898822964,0.0
55051,2007,2006.0,1,1.0,1,1.92585320370875,4.4188406077966,1.0
55059,2003,2006.0,1,-3.0,0,5.00781131040515,8.00235954625271,-3.0
55059,2004,2006.0,1,-2.0,0,5.00781131040515,7.91644286012226,-2.0
55059,2005,2006.0,1,-1.0,0,5.00781131040515,7.95050243480885,-1.0
55059,2006,2006.0,1,0.0,1,5.00781131040515,7.9208096792886,0.0
55059,2007,2006.0,1,1.0,1,5.00781131040515,7.91205688817901,1.0
55069,2003,2006.0,1,-3.0,0,3.3891585380504,6.59578051396131,-3.0
55069,2004,2006.0,1,-2.0,0,3.3891585380504,6.55535689181067,-2.0
55069,2005,2006.0,1,-1.0,0,3.3891585380504,6.5366915975913,-1.0
55069,2006,2006.0,1,0.0,1,3.3891585380504,6.4150969591716,0.0
55069,2007,2006.0,1,1.0,1,3.3891585380504,6.45204895443723,1.0
55081,2003,2006.0,1,-3.0,0,3.7111056128721,6.65801104587075,-3.0
55081,2004,2006.0,1,-2.0,0,3.7111056128721,6.68710860786651,-2.0
55081,2005,2006.0,1,-1.0,0,3.7111056128721,6.62406522779989,-1.0
55081,2006,2006.0,1,0.0,1,3.7111056128721,6.68210859744981,0.0
55081,2007,2006.0,1,1.0,1,3.7111056128721,6.71901315438526,1.0
55085,2003,2006.0,1,-3.0,0,3.60484545850393,6.72503364216684,-3.0
55085,2004,2006.0,1,-2.0,0,3.60484545850393,6.59850902861452,-2.0
55085,2005,2006.0,1,-1.0,0,3.60484545850393,6.63463335786169,-1.0
55085,2006,2006.0,1,0.0,1,3.60484545850393,6.58479139238572,0.0
55085,2007,2006.0,1,1.0,1,3.60484545850393,6.56526497003536,1.0
55103,2003,2006.0,1,-3.0,0,2.8861405969239,5.6937321388027,-3.0
55103,2004,2006.0,1,-2.0,0,2.8861405969239,5.54907608489522,-2.0
55103,2005,2006.0,1,-1.0,0,2.8861405969239,5.48063892334199,-1.0
55103,2006,2006.0,1,0.0,1,2.8861405969239,5.53338948872752,0.0
55103,2007,2006.0,1,1.0,1,2.8861405969239,5.55682806169954,1.0
55109,2003,2006.0,1,-3.0,0,4.14559202222594,7.45760928971561,-3.0
55109,2004,2006.0,1,-2.0,0,4.14559202222594,7.37713371283395,-2.0
55109,2005,2006.0,1,-1.0,0,4.14559202222594,7.35755620091035,-1.0
55109,2006,2006.0,1,0.0,1,4.14559202222594,7.35627987655075,0.0
55109,2007,2006.0,1,1.0,1,4.14559202222594,7.31121838441963,1.0
55123,2003,2006.0,1,-3.0,0,3.33420251283788,6.04263283368238,-3.0
55123,2004,2006.0,1,-2.0,0,3.33420251283788,6.01859321449623,-2.0
55123,2005,2006.0,1,-1.0,0,3.33420251283788,5.91350300563827,-1.0
55123,2006,2006.0,1,0.0,1,3.33420251283788,5.89440283426485,0.0
55123,2007,2006.0,1,1.0,1,3.33420251283788,5.91079664404053,1.0
55131,2003,2006.0,1,-3.0,0,4.7663787573415,8.0870254706677,-3.0
55131,2004,2006.0,1,-2.0,0,4.7663787573415,8.0925452638913,-2.0
55131,2005,2006.0,1,-1.0,0,4.7663787573415,8.12118324207883,-1.0
55131,2006,2006.0,1,0.0,1,4.7663787573415,8.07340296898641,0.0
55131,2007,2006.0,1,1.0,1,4.7663787573415,8.11820704940578,1.0
55137,2003,2006.0,1,-3.0,0,3.14216755178354,5.95583736946483,-3.0
55137,2004,2006.0,1,-2.0,0,3.14216755178354,5.92425579741453,-2.0
55137,2005,2006.0,1,-1.0,0,3.14216755178354,5.9427993751267,-1.0
55137,2006,2006.0,1,0.0,1,3.14216755178354,5.93753620508243,0.0
55137,2007,2006.0,1,1.0,1,3.14216755178354,5.96357934361845,1.0
