"dgp","setting","linearity_degree","N","rep","estimand_type","estimand_id","g","t","k","method","post_mean","sd","q025","q05","q95","q975","p_bayes","surf_rmse","surf_mae","surf_n","surf_mape","surf_cover95","surf_len95","surf_cover90","surf_len90","true"
"canonical","B2_sweep_serial",2,200,0,"GATT","g=4_t=4",4,4,0,"doubleml",3.74595321228421,0.197341787901668,3.35917041230131,3.421354783087,4.07055164148142,4.13273601226711,1.20004658039679e-80,,,,,,,,,3.84830691385353
"canonical","B2_sweep_serial",2,200,0,"GATT","g=4_t=5",4,5,1,"doubleml",3.43604790705753,0.209197214064273,3.02602889859126,3.09194903271505,3.78014678140001,3.8460669155238,6.34234937474866e-61,,,,,,,,,3.84830691385353
"canonical","B2_sweep_serial",2,200,0,"GATT","g=4_t=6",4,6,2,"doubleml",3.51681153707759,0.312062645922802,2.90517998532415,3.00351404568088,4.03010902847429,4.12844308883103,9.27377308907554e-30,,,,,,,,,3.84830691385353
"canonical","B2_sweep_serial",2,200,0,"GATT","g=4_t=7",4,7,3,"doubleml",3.49247261170593,0.268761166335419,2.9657104010905,3.05039973221445,3.93454549119741,4.01923482232137,6.55544559696264e-39,,,,,,,,,3.84830691385353
"canonical","B2_sweep_serial",2,200,0,"CATT","surface",,,,"doubleml",,,,,,,,1.03308969159144,0.817851451396667,432,0.24538557516976,0.337962962962963,0.967597785409023,0.280092592592593,0.812033837213935,
"canonical","B2_sweep_serial",2,200,1,"GATT","g=4_t=4",4,4,0,"doubleml",3.60627082508472,0.189932191682484,3.23401056694595,3.29386009986702,3.91868155030242,3.97853108322349,1.08919394401508e-80,,,,,,,,,3.67730416263006
"canonical","B2_sweep_serial",2,200,1,"GATT","g=4_t=5",4,5,1,"doubleml",3.96383388649726,0.287257934699274,3.40081867577233,3.49133652357542,4.4363312494191,4.52684909722218,1.29445700878448e-43,,,,,,,,,3.67730416263006
"canonical","B2_sweep_serial",2,200,1,"GATT","g=4_t=6",4,6,2,"doubleml",3.53185175572194,0.311672358988488,2.92098515230943,3.01919622935029,4.04450728209359,4.14271835913445,4.55826388856734e-30,,,,,,,,,3.67730416263006
"canonical","B2_sweep_serial",2,200,1,"GATT","g=4_t=7",4,7,3,"doubleml",3.71834224603873,0.370708042607313,2.99176782801794,3.10858163932393,4.32810285275354,4.44491666405953,5.60426446961163e-24,,,,,,,,,3.67730416263006
"canonical","B2_sweep_serial",2,200,1,"CATT","surface",,,,"doubleml",,,,,,,,1.00898761412394,0.838580874033399,416,0.257027674546154,0.360576923076923,1.1363582451485,0.290865384615385,0.953662110612999,
"canonical","B2_sweep_serial",2,200,2,"GATT","g=4_t=4",4,4,0,"doubleml",3.82755776815479,0.185411930648753,3.46415705891273,3.52258221237946,4.13253332393011,4.19095847739684,5.57968119725419e-95,,,,,,,,,3.67195896283254
"canonical","B2_sweep_serial",2,200,2,"GATT","g=4_t=5",4,5,1,"doubleml",3.77223976521796,0.276310775243655,3.2306805929283,3.31774888131533,4.22673064912059,4.31379893750761,9.79869154118379e-43,,,,,,,,,3.67195896283254
"canonical","B2_sweep_serial",2,200,2,"GATT","g=4_t=6",4,6,2,"doubleml",3.52719465849587,0.301139016485566,2.93697302718875,3.03186494267352,4.02252437431822,4.11741628980299,5.47705275164683e-32,,,,,,,,,3.67195896283254
"canonical","B2_sweep_serial",2,200,2,"GATT","g=4_t=7",4,7,3,"doubleml",3.48739263116886,0.31872161438506,2.86270974095226,2.96314210886113,4.01164315347658,4.11207552138546,3.63649533464527e-28,,,,,,,,,3.67195896283254
"canonical","B2_sweep_serial",2,200,2,"CATT","surface",,,,"doubleml",,,,,,,,1.04092410573687,0.861767714213745,416,0.270147350777033,0.34375,1.05993220152771,0.300480769230769,0.889523338904012,
"canonical","B2_sweep_serial",2,200,3,"GATT","g=4_t=4",4,4,0,"doubleml",3.79785201738993,0.200778582202656,3.40433322430168,3.46760056333956,4.12810347144029,4.19137081047817,4.24059531887873e-80,,,,,,,,,3.73131746748892
"canonical","B2_sweep_serial",2,200,3,"GATT","g=4_t=5",4,5,1,"doubleml",4.07568727064837,0.274592454687258,3.53749594478972,3.62402277318622,4.52735176811053,4.61387859650703,3.87979312972825e-50,,,,,,,,,3.73131746748892
"canonical","B2_sweep_serial",2,200,3,"GATT","g=4_t=6",4,6,2,"doubleml",3.84092388186473,0.29169112347231,3.26921978073945,3.36113457065681,4.32071319307265,4.41262798299001,6.7249245071726e-40,,,,,,,,,3.73131746748892
"canonical","B2_sweep_serial",2,200,3,"GATT","g=4_t=7",4,7,3,"doubleml",4.12930278007314,0.293811571383248,3.55344267737855,3.64602564163712,4.61257991850916,4.70516288276774,3.62705792326593e-45,,,,,,,,,3.73131746748892
"canonical","B2_sweep_serial",2,200,3,"CATT","surface",,,,"doubleml",,,,,,,,1.09771730399443,0.9399134197041,396,0.304448045334814,0.275252525252525,1.03963716138339,0.224747474747475,0.872491200578233,
"canonical","B2_sweep_serial",2,200,4,"GATT","g=4_t=4",4,4,0,"doubleml",4.1262192200231,0.233195526112858,3.66916438388084,3.74264662611426,4.50979181393194,4.58327405616537,2.32198510333725e-70,,,,,,,,,3.99915843378171
"canonical","B2_sweep_serial",2,200,4,"GATT","g=4_t=5",4,5,1,"doubleml",4.17378040950959,0.278148405278655,3.62861954850602,3.71626689249337,4.63129392652581,4.71894127051317,3.3745029905381e-51,,,,,,,,,3.99915843378171
"canonical","B2_sweep_serial",2,200,4,"GATT","g=4_t=6",4,6,2,"doubleml",3.8110593226358,0.354975569951891,3.11531998465061,3.22717633649815,4.39494230877344,4.50679866062098,3.44403607054607e-27,,,,,,,,,3.99915843378171
"canonical","B2_sweep_serial",2,200,4,"GATT","g=4_t=7",4,7,3,"doubleml",3.91315442649215,0.303909030118556,3.31750366818486,3.41326844266552,4.41304041031877,4.50880518479943,3.06906013365239e-38,,,,,,,,,3.99915843378171
"canonical","B2_sweep_serial",2,200,4,"CATT","surface",,,,"doubleml",,,,,,,,1.19062495473369,1.00677828039339,392,0.296034746954784,0.308673469387755,1.14680289671915,0.25,0.962427540444665,
"canonical","B2_sweep_serial",2,200,5,"GATT","g=4_t=4",4,4,0,"doubleml",3.79533711679784,0.208595705453942,3.38649704355351,3.4522276362991,4.13844659729657,4.20417719004217,2.84226903663632e-74,,,,,,,,,3.71859532082961
"canonical","B2_sweep_serial",2,200,5,"GATT","g=4_t=5",4,5,1,"doubleml",3.91787091008456,0.307586793466483,3.31501186801481,3.41193554250404,4.42380627766507,4.5207299521543,1.83087921343076e-37,,,,,,,,,3.71859532082961
"canonical","B2_sweep_serial",2,200,5,"GATT","g=4_t=6",4,6,2,"doubleml",3.60904074914163,0.299408542025307,3.02221078547954,3.11655741115713,4.10152408712612,4.19587071280372,9.24923485898311e-34,,,,,,,,,3.71859532082961
"canonical","B2_sweep_serial",2,200,5,"GATT","g=4_t=7",4,7,3,"doubleml",3.50127962630178,0.288155561783543,2.93650509880626,3.02730579787987,3.97525345472369,4.0660541537973,2.84529424629215e-34,,,,,,,,,3.71859532082961
"canonical","B2_sweep_serial",2,200,5,"CATT","surface",,,,"doubleml",,,,,,,,1.0033691275567,0.850323647014107,400,0.268981881403475,0.3225,1.08165180323584,0.2675,0.907751007242829,
"canonical","B2_sweep_serial",2,200,6,"GATT","g=4_t=4",4,4,0,"doubleml",3.80649982218279,0.199854373964883,3.41479244396908,3.47776855574915,4.13523108861642,4.1982072003965,3.52114142008941e-81,,,,,,,,,3.72604763102472
"canonical","B2_sweep_serial",2,200,6,"GATT","g=4_t=5",4,5,1,"doubleml",3.68802265040121,0.255541789499024,3.18716994248754,3.26769371577658,4.10835158502583,4.18887535831487,1.62350125932847e-47,,,,,,,,,3.72604763102472
"canonical","B2_sweep_serial",2,200,6,"GATT","g=4_t=6",4,6,2,"doubleml",3.63371367024607,0.271627854446893,3.10133285413292,3.18692550734768,4.08050183314446,4.16609448635922,4.09028410214956e-41,,,,,,,,,3.72604763102472
"canonical","B2_sweep_serial",2,200,6,"GATT","g=4_t=7",4,7,3,"doubleml",4.06509760454791,0.3525843088104,3.37404505231464,3.48514789386388,4.64504731523193,4.75615015678117,4.68789047854155e-31,,,,,,,,,3.72604763102472
"canonical","B2_sweep_serial",2,200,6,"CATT","surface",,,,"doubleml",,,,,,,,1.08914257415011,0.914186294675958,364,0.300241631711409,0.307692307692308,1.0579967272369,0.263736263736264,0.887899037320337,
"canonical","B2_sweep_serial",2,200,7,"GATT","g=4_t=4",4,4,0,"doubleml",3.54977393589617,0.178646413711357,3.19963339629281,3.25592666771739,3.84362120407495,3.89991447549954,3.6714992960584e-88,,,,,,,,,3.77648482590356
"canonical","B2_sweep_serial",2,200,7,"GATT","g=4_t=5",4,5,1,"doubleml",3.4410145295474,0.226415356646319,2.99724858147345,3.06859432450627,3.81343473458852,3.88478047762134,1.82858420682173e-52,,,,,,,,,3.77648482590356
"canonical","B2_sweep_serial",2,200,7,"GATT","g=4_t=6",4,6,2,"doubleml",3.43912790968166,0.254126732498375,2.94104866254722,3.02112653722478,3.85712928213855,3.93720715681611,4.98493792651257e-42,,,,,,,,,3.77648482590356
"canonical","B2_sweep_serial",2,200,7,"GATT","g=4_t=7",4,7,3,"doubleml",3.63988244405845,0.311666110259344,3.0290280879301,3.12723719593392,4.15252769218297,4.25073680018679,8.18058073763336e-32,,,,,,,,,3.77648482590356
"canonical","B2_sweep_serial",2,200,7,"CATT","surface",,,,"doubleml",,,,,,,,1.06798038049352,0.855500943117971,444,0.291507700101113,0.328828828828829,0.951420045470051,0.261261261261261,0.798457046900655,
"canonical","B2_sweep_serial",2,200,8,"GATT","g=4_t=4",4,4,0,"doubleml",3.65401722877063,0.198791854398752,3.26439235065584,3.32703365189543,3.98100080564584,4.04364210688543,9.30407472740584e-76,,,,,,,,,3.70988150450108
"canonical","B2_sweep_serial",2,200,8,"GATT","g=4_t=5",4,5,1,"doubleml",3.72390149722429,0.309756580746121,3.1167897501988,3.21439714635771,4.23340584809088,4.33101324424979,1.36107919601515e-33,,,,,,,,,3.70988150450108
"canonical","B2_sweep_serial",2,200,8,"GATT","g=4_t=6",4,6,2,"doubleml",3.72082248621008,0.312790767019208,3.10776384332004,3.20632734191546,4.23531763050469,4.33388112910011,6.240374623531e-33,,,,,,,,,3.70988150450108
"canonical","B2_sweep_serial",2,200,8,"GATT","g=4_t=7",4,7,3,"doubleml",3.45944056439397,0.328064759213041,2.81644544666774,2.91982193294336,3.99905919584458,4.1024356821202,2.67884452657943e-26,,,,,,,,,3.70988150450108
"canonical","B2_sweep_serial",2,200,8,"CATT","surface",,,,"doubleml",,,,,,,,1.03062939835513,0.822528230872018,396,0.259387497348145,0.434343434343434,1.12639519287827,0.353535353535354,0.945300851743503,
"canonical","B2_sweep_serial",2,200,9,"GATT","g=4_t=4",4,4,0,"doubleml",4.20470123374869,0.223267328794948,3.76710530693443,3.837459074911,4.57194339258637,4.64229716056295,2.04161696949207e-79,,,,,,,,,3.9827671511719
"canonical","B2_sweep_serial",2,200,9,"GATT","g=4_t=5",4,5,1,"doubleml",3.77708002359495,0.206441712524198,3.37246169894918,3.43751354698268,4.11664650020723,4.18169834824073,4.4437203580898e-75,,,,,,,,,3.9827671511719
"canonical","B2_sweep_serial",2,200,9,"GATT","g=4_t=6",4,6,2,"doubleml",3.65179125601369,0.231417990073635,3.19822032651701,3.27114244936911,4.03244006265827,4.10536218551037,2.13369359286479e-56,,,,,,,,,3.9827671511719
"canonical","B2_sweep_serial",2,200,9,"GATT","g=4_t=7",4,7,3,"doubleml",3.78610211007264,0.299513651080174,3.19906613644694,3.29344588303881,4.27875833710647,4.37313808369834,6.28573133964992e-37,,,,,,,,,3.9827671511719
"canonical","B2_sweep_serial",2,200,9,"CATT","surface",,,,"doubleml",,,,,,,,1.08167629506428,0.88350610067754,416,0.261761164524901,0.305288461538462,0.941410577291211,0.25,0.790056834564185,
"canonical","B2_sweep_serial",2,200,10,"GATT","g=4_t=4",4,4,0,"doubleml",3.47007293843342,0.264367515679105,2.95192212493293,3.03522697279858,3.90491890406825,3.9882237519339,1.16926756595719e-39,,,,,,,,,3.70163684663264
"canonical","B2_sweep_serial",2,200,10,"GATT","g=4_t=5",4,5,1,"doubleml",3.71104973224252,0.296416821948159,3.13008343222972,3.22348733699381,4.19861212749124,4.29201603225532,2.91273996586825e-36,,,,,,,,,3.70163684663264
"canonical","B2_sweep_serial",2,200,10,"GATT","g=4_t=6",4,6,2,"doubleml",3.81423684886573,0.268085581642232,3.28879875992789,3.37327520755917,4.25519849017228,4.33967493780356,3.08457692874395e-46,,,,,,,,,3.70163684663264
"canonical","B2_sweep_serial",2,200,10,"GATT","g=4_t=7",4,7,3,"doubleml",3.85319172283362,0.27895509194348,3.30644978500771,3.39435132403002,4.31203212163722,4.39993366065953,1.06470349700095e-43,,,,,,,,,3.70163684663264
"canonical","B2_sweep_serial",2,200,10,"CATT","surface",,,,"doubleml",,,,,,,,0.988835486748496,0.819501202467321,404,0.236615673220731,0.366336633663366,1.08564857013851,0.309405940594059,0.911105200496854,
"canonical","B2_sweep_serial",2,200,11,"GATT","g=4_t=4",4,4,0,"doubleml",3.28480642782923,0.212411701238237,2.86848714022353,2.93542019140071,3.63419266425775,3.70112571543493,3.01952668950062e-54,,,,,,,,,3.6877860530158
"canonical","B2_sweep_serial",2,200,11,"GATT","g=4_t=5",4,5,1,"doubleml",3.37333826617171,0.273420997459396,2.83744295430721,2.92360064481664,3.82307588752679,3.90923357803622,2.84389136115199e-35,,,,,,,,,3.6877860530158
"canonical","B2_sweep_serial",2,200,11,"GATT","g=4_t=6",4,6,2,"doubleml",2.91123614963441,0.316919598428864,2.29008514581938,2.3899496804803,3.43252261878852,3.53238715344944,2.03784562530749e-20,,,,,,,,,3.6877860530158
"canonical","B2_sweep_serial",2,200,11,"GATT","g=4_t=7",4,7,3,"doubleml",3.23425992932145,0.277589059073127,2.69019536674424,2.77766645514878,3.69085340349412,3.77832449189865,1.13056788860639e-31,,,,,,,,,3.6877860530158
"canonical","B2_sweep_serial",2,200,11,"CATT","surface",,,,"doubleml",,,,,,,,1.10372928200527,0.915343282688377,388,0.256529247245361,0.304123711340206,1.05871508293122,0.268041237113402,0.888501900555189,
"canonical","B2_sweep_serial",2,200,12,"GATT","g=4_t=4",4,4,0,"doubleml",3.80188316456495,0.189975944225355,3.42953715301725,3.4894004728021,4.1143658563278,4.17422917611266,2.14538360232145e-89,,,,,,,,,3.80714053067063
"canonical","B2_sweep_serial",2,200,12,"GATT","g=4_t=5",4,5,1,"doubleml",3.67622564924627,0.19561595165122,3.29282542618414,3.35446596870896,3.99798532978359,4.0596258723084,4.30213462529949e-79,,,,,,,,,3.80714053067063
"canonical","B2_sweep_serial",2,200,12,"GATT","g=4_t=6",4,6,2,"doubleml",3.67512832363178,0.253764198267861,3.17775963053791,3.25772326705409,4.09253338020946,4.17249701672565,7.82058358567902e-48,,,,,,,,,3.80714053067063
"canonical","B2_sweep_serial",2,200,12,"GATT","g=4_t=7",4,7,3,"doubleml",3.46278455536538,0.275971612224595,2.92189013038322,3.00885154511131,3.91671756561946,4.00367898034755,2.04841131433683e-36,,,,,,,,,3.80714053067063
"canonical","B2_sweep_serial",2,200,12,"CATT","surface",,,,"doubleml",,,,,,,,1.18035148076412,0.99266398991611,408,0.3241431686271,0.230392156862745,0.897004676342936,0.198529411764706,0.752790219565963,
"canonical","B2_sweep_serial",2,200,13,"GATT","g=4_t=4",4,4,0,"doubleml",3.60573256552432,0.203159717458937,3.20754683305464,3.27156449162312,3.93990063942553,4.00391829799401,8.88802412512144e-71,,,,,,,,,3.79138665322487
"canonical","B2_sweep_serial",2,200,13,"GATT","g=4_t=5",4,5,1,"doubleml",3.71528818951215,0.229277109313973,3.26591330923269,3.33816081914862,4.09241555987567,4.1646630697916,2.34886450340724e-59,,,,,,,,,3.79138665322487
"canonical","B2_sweep_serial",2,200,13,"GATT","g=4_t=6",4,6,2,"doubleml",3.36688552482823,0.321624445960277,2.73651318922614,2.83786026839269,3.89591078126378,3.99725786043032,6.03481150402009e-26,,,,,,,,,3.79138665322487
"canonical","B2_sweep_serial",2,200,13,"GATT","g=4_t=7",4,7,3,"doubleml",3.45121179185367,0.313969491027729,2.83584289234099,2.93477781865874,3.96764576504859,4.06658069136634,2.08349108739446e-28,,,,,,,,,3.79138665322487
"canonical","B2_sweep_serial",2,200,13,"CATT","surface",,,,"doubleml",,,,,,,,1.0607854611633,0.848363307682932,404,0.281476241508093,0.376237623762376,1.04665092393195,0.309405940594059,0.878377336947599,
"canonical","B2_sweep_serial",2,200,14,"GATT","g=4_t=4",4,4,0,"doubleml",3.69271017321559,0.200177932095629,3.30036863271372,3.36344670089637,4.02197364553482,4.08505171371747,2.74898025762383e-76,,,,,,,,,3.85494752721267
"canonical","B2_sweep_serial",2,200,14,"GATT","g=4_t=5",4,5,1,"doubleml",3.85860609957899,0.254405778526352,3.35997993227537,3.4401457371468,4.27706646201117,4.35723226688261,2.91859915365985e-52,,,,,,,,,3.85494752721267
"canonical","B2_sweep_serial",2,200,14,"GATT","g=4_t=6",4,6,2,"doubleml",4.05100406371773,0.350753665891566,3.36353950570223,3.47406549336132,4.62794263407414,4.73846862173323,3.71568646182451e-31,,,,,,,,,3.85494752721267
"canonical","B2_sweep_serial",2,200,14,"GATT","g=4_t=7",4,7,3,"doubleml",3.76759888538917,0.268893986262331,3.24057635249851,3.32530753650963,4.20989023426871,4.29462141827983,6.63194218458e-45,,,,,,,,,3.85494752721267
"canonical","B2_sweep_serial",2,200,14,"CATT","surface",,,,"doubleml",,,,,,,,1.00557322202537,0.829048634062819,408,0.245686337898034,0.367647058823529,1.05272739935583,0.28921568627451,0.883476876993677,
"canonical","B2_sweep_serial",2,200,15,"GATT","g=4_t=4",4,4,0,"doubleml",3.69072748655539,0.223087395610994,3.25348422230408,3.32378129153506,4.05767368157572,4.1279707508067,8.8638972431673e-62,,,,,,,,,3.76353924804376
"canonical","B2_sweep_serial",2,200,15,"GATT","g=4_t=5",4,5,1,"doubleml",3.81891116711369,0.23510998365599,3.35810406310736,3.4321895700572,4.20563276417018,4.27971827112002,1.25016320548939e-59,,,,,,,,,3.76353924804376
"canonical","B2_sweep_serial",2,200,15,"GATT","g=4_t=6",4,6,2,"doubleml",3.79952176916208,0.268339467508539,3.27358607306617,3.35814252267279,4.24090101565137,4.32545746525798,8.17092792823683e-46,,,,,,,,,3.76353924804376
"canonical","B2_sweep_serial",2,200,15,"GATT","g=4_t=7",4,7,3,"doubleml",4.04744701919085,0.302275078071096,3.45499874807431,3.5502486479253,4.54464539045641,4.63989529030739,3.46154600087476e-41,,,,,,,,,3.76353924804376
"canonical","B2_sweep_serial",2,200,15,"CATT","surface",,,,"doubleml",,,,,,,,1.07107303028298,0.900893871958093,352,0.29359098140978,0.264204545454545,1.00821716773504,0.227272727272727,0.846122704915831,
"canonical","B2_sweep_serial",2,200,16,"GATT","g=4_t=4",4,4,0,"doubleml",3.50663438459048,0.211247031648563,3.09259780745243,3.15916385959521,3.85410490958574,3.92067096172852,3.50282494528963e-62,,,,,,,,,3.57242913804212
"canonical","B2_sweep_serial",2,200,16,"GATT","g=4_t=5",4,5,1,"doubleml",3.24762829043795,0.258451381435344,2.74107288707441,2.8225135018785,3.67274307899741,3.7541836938015,1.62942564557697e-36,,,,,,,,,3.57242913804212
"canonical","B2_sweep_serial",2,200,16,"GATT","g=4_t=6",4,6,2,"doubleml",3.23470744995313,0.259177943349567,2.72672801139394,2.80839757312282,3.66101732678343,3.74268688851232,4.76071542068043e-36,,,,,,,,,3.57242913804212
"canonical","B2_sweep_serial",2,200,16,"GATT","g=4_t=7",4,7,3,"doubleml",3.05366771429869,0.29266433082407,2.48005616179943,2.5722776190854,3.53505780951199,3.62727926679796,8.66898597484939e-26,,,,,,,,,3.57242913804212
"canonical","B2_sweep_serial",2,200,16,"CATT","surface",,,,"doubleml",,,,,,,,1.08889459922723,0.883922554775705,368,0.310773365712671,0.326086956521739,1.00109148578002,0.260869565217391,0.84014264279916,
"canonical","B2_sweep_serial",2,200,17,"GATT","g=4_t=4",4,4,0,"doubleml",3.54766485594362,0.194381099602373,3.16668489844256,3.22793632673826,3.86739338514899,3.92864481344469,1.01430853341369e-74,,,,,,,,,3.63110004935005
"canonical","B2_sweep_serial",2,200,17,"GATT","g=4_t=5",4,5,1,"doubleml",3.83744231722947,0.242090984735624,3.36295270242309,3.43923799262314,4.2356466418358,4.31193193203584,6.89169541677581e-57,,,,,,,,,3.63110004935005
"canonical","B2_sweep_serial",2,200,17,"GATT","g=4_t=6",4,6,2,"doubleml",3.75243992802063,0.271489757364306,3.22032977721785,3.30587891466092,4.19900094138034,4.2845500788234,9.43302599218751e-44,,,,,,,,,3.63110004935005
"canonical","B2_sweep_serial",2,200,17,"GATT","g=4_t=7",4,7,3,"doubleml",4.09325884446482,0.264648196666535,3.57455790633349,3.65795119958508,4.52856648934456,4.61195978259615,2.90659622969483e-54,,,,,,,,,3.63110004935005
"canonical","B2_sweep_serial",2,200,17,"CATT","surface",,,,"doubleml",,,,,,,,1.14910637781678,0.968786154339601,380,0.339703330440608,0.25,0.953140330620771,0.215789473684211,0.799900756025569,
"canonical","B2_sweep_serial",2,200,18,"GATT","g=4_t=4",4,4,0,"doubleml",3.73112692609571,0.214363925126713,3.31098134994865,3.37852956639533,4.08372428579608,4.15127250224276,3.74267024157695e-68,,,,,,,,,3.7471571156881
"canonical","B2_sweep_serial",2,200,18,"GATT","g=4_t=5",4,5,1,"doubleml",3.76739418213068,0.237736972534971,3.30143827449315,3.37635157190864,4.15843679235272,4.23335008976821,7.38436318266639e-57,,,,,,,,,3.7471571156881
"canonical","B2_sweep_serial",2,200,18,"GATT","g=4_t=6",4,6,2,"doubleml",3.8644703229347,0.288995277651294,3.29804998256816,3.38911528450886,4.33982536136054,4.43089066330124,4.4017133600607e-41,,,,,,,,,3.7471571156881
"canonical","B2_sweep_serial",2,200,18,"GATT","g=4_t=7",4,7,3,"doubleml",3.87411447589102,0.306412507564709,3.27355699191446,3.37011063717318,4.37811831460886,4.47467195986758,6.07912502567128e-37,,,,,,,,,3.7471571156881
"canonical","B2_sweep_serial",2,200,18,"CATT","surface",,,,"doubleml",,,,,,,,0.955059234374762,0.770974666334361,408,0.243419163487303,0.394607843137255,1.02653965406384,0.352941176470588,0.861499423533047,
"canonical","B2_sweep_serial",2,200,19,"GATT","g=4_t=4",4,4,0,"doubleml",3.85886408918083,0.207215744986335,3.45272868877443,3.51802444217707,4.19970373618458,4.26499948958723,1.05667726518074e-77,,,,,,,,,3.83109342102975
"canonical","B2_sweep_serial",2,200,19,"GATT","g=4_t=5",4,5,1,"doubleml",3.8089706251428,0.227395183686168,3.36328425134453,3.43493874767588,4.18300250260973,4.25465699894108,2.81019207379883e-63,,,,,,,,,3.83109342102975
"canonical","B2_sweep_serial",2,200,19,"GATT","g=4_t=6",4,6,2,"doubleml",4.14616617635557,0.267738342447753,3.6214086637383,3.70577569282701,4.58655665988412,4.67092368897284,2.16025288795076e-54,,,,,,,,,3.83109342102975
"canonical","B2_sweep_serial",2,200,19,"GATT","g=4_t=7",4,7,3,"doubleml",4.24966978354582,0.346155888413569,3.57121670386721,3.68029388586521,4.81904568122644,4.92812286322444,6.03751069488642e-35,,,,,,,,,3.83109342102975
"canonical","B2_sweep_serial",2,200,19,"CATT","surface",,,,"doubleml",,,,,,,,0.971914464595261,0.804959816011491,424,0.245703842654438,0.358490566037736,1.02751618325028,0.316037735849057,0.862318952839925,
"canonical","B2_sweep_serial",2,200,20,"GATT","g=4_t=4",4,4,0,"doubleml",3.21994698079678,0.187354748500178,2.85273841850738,2.91177577330727,3.52811818828629,3.58715554308618,1.67974699174622e-66,,,,,,,,,3.55727322561809
"canonical","B2_sweep_serial",2,200,20,"GATT","g=4_t=5",4,5,1,"doubleml",3.28546877798381,0.247158313964093,2.80104738031349,2.87892943662672,3.69200811934091,3.76989017565413,1.27135547601193e-40,,,,,,,,,3.55727322561809
"canonical","B2_sweep_serial",2,200,20,"GATT","g=4_t=6",4,6,2,"doubleml",3.06714306105189,0.251093063773044,2.57500969540702,2.65413163073254,3.48015449137124,3.55927642669676,1.28989682902057e-34,,,,,,,,,3.55727322561809
"canonical","B2_sweep_serial",2,200,20,"GATT","g=4_t=7",4,7,3,"doubleml",3.29615002356293,0.299835297042782,2.70848363542977,2.80296473588093,3.78933531124494,3.88381641169609,2.06021515488089e-28,,,,,,,,,3.55727322561809
"canonical","B2_sweep_serial",2,200,20,"CATT","surface",,,,"doubleml",,,,,,,,1.1131285777737,0.892195108296758,360,0.264555562107662,0.375,0.965714856868876,0.311111111111111,0.81045363342398,
"canonical","B2_sweep_serial",2,200,21,"GATT","g=4_t=4",4,4,0,"doubleml",4.02082980721509,0.203986848937121,3.62102292682489,3.68530122279347,4.35635839163671,4.42063668760528,8.63745138962003e-87,,,,,,,,,3.76733879589433
"canonical","B2_sweep_serial",2,200,21,"GATT","g=4_t=5",4,5,1,"doubleml",4.19783578252046,0.227412403845624,3.75211565782957,3.82377558040537,4.57189598463555,4.64355590721134,2.20177149486926e-76,,,,,,,,,3.76733879589433
"canonical","B2_sweep_serial",2,200,21,"GATT","g=4_t=6",4,6,2,"doubleml",4.01874324432511,0.296170278078643,3.43826016142098,3.53158637774635,4.50590011090388,4.59922632722924,3.05629992048887e-42,,,,,,,,,3.76733879589433
"canonical","B2_sweep_serial",2,200,21,"GATT","g=4_t=7",4,7,3,"doubleml",3.79745095360274,0.322761773570462,3.16484949682848,3.26655495929827,4.3283469479072,4.43005241037699,2.93914491376269e-32,,,,,,,,,3.76733879589433
"canonical","B2_sweep_serial",2,200,21,"CATT","surface",,,,"doubleml",,,,,,,,1.0333178185128,0.853671884436276,412,0.279333185233121,0.359223300970874,1.02930577237973,0.298543689320388,0.863820823709972,
"canonical","B2_sweep_serial",2,200,22,"GATT","g=4_t=4",4,4,0,"doubleml",3.66714195542637,0.249355634258804,3.17841388908195,3.25698834299324,4.0772955678595,4.15587002177079,2.92909863953577e-49,,,,,,,,,3.79041209591555
"canonical","B2_sweep_serial",2,200,22,"GATT","g=4_t=5",4,5,1,"doubleml",3.45466688215721,0.281914727270554,2.9021241656371,2.99095831534733,3.91837544896709,4.00720959867731,7.96621930183162e-35,,,,,,,,,3.79041209591555
"canonical","B2_sweep_serial",2,200,22,"GATT","g=4_t=6",4,6,2,"doubleml",3.59632394589628,0.28544351448289,3.03686493347633,3.12681103932504,4.06583685246752,4.15578295831622,1.06819028650538e-36,,,,,,,,,3.79041209591555
"canonical","B2_sweep_serial",2,200,22,"GATT","g=4_t=7",4,7,3,"doubleml",3.47015139025266,0.315806518952334,2.85118198214077,2.95069577432784,3.98960700617749,4.08912079836456,2.17715219360863e-28,,,,,,,,,3.79041209591555
"canonical","B2_sweep_serial",2,200,22,"CATT","surface",,,,"doubleml",,,,,,,,1.11850288011788,0.909372194309835,416,0.255970631599717,0.341346153846154,1.10984960169818,0.286057692307692,0.931415350869536,
"canonical","B2_sweep_serial",2,200,23,"GATT","g=4_t=4",4,4,0,"doubleml",3.83956312474543,0.193116395913181,3.46106194094585,3.52191484846205,4.15721140102881,4.21806430854501,2.906329842152e-88,,,,,,,,,3.91862955784173
"canonical","B2_sweep_serial",2,200,23,"GATT","g=4_t=5",4,5,1,"doubleml",3.82010387258625,0.32803550687758,3.17716608838444,3.28053335695663,4.35967438821586,4.46304165678806,1.21094887400499e-31,,,,,,,,,3.91862955784173
"canonical","B2_sweep_serial",2,200,23,"GATT","g=4_t=6",4,6,2,"doubleml",3.74831266396242,0.304537367472743,3.15143038706107,3.24739315692541,4.24923217099943,4.34519494086377,4.09041916080754e-35,,,,,,,,,3.91862955784173
"canonical","B2_sweep_serial",2,200,23,"GATT","g=4_t=7",4,7,3,"doubleml",3.91138227910148,0.291417319705065,3.34021482350306,3.43204333511532,4.39072122308763,4.4825497346999,2.24927754325708e-41,,,,,,,,,3.91862955784173
"canonical","B2_sweep_serial",2,200,23,"CATT","surface",,,,"doubleml",,,,,,,,1.04379832335166,0.885093989423916,392,0.250471078823965,0.323979591836735,1.09474435025058,0.255102040816327,0.91873862146808,
"canonical","B2_sweep_serial",2,200,24,"GATT","g=4_t=4",4,4,0,"doubleml",3.54699062942799,0.185284849756756,3.18383899415934,3.24222410316619,3.85175715568979,3.91014226469664,5.48816628469541e-82,,,,,,,,,3.60826425678377
"canonical","B2_sweep_serial",2,200,24,"GATT","g=4_t=5",4,5,1,"doubleml",3.44197218312595,0.22507571922221,3.00083187617631,3.07175548606042,3.81218888019148,3.88311249007559,4.28911443340344e-53,,,,,,,,,3.60826425678377
"canonical","B2_sweep_serial",2,200,24,"GATT","g=4_t=6",4,6,2,"doubleml",3.60950914283476,0.27398513133895,3.07250814887514,3.15884360361136,4.06017468205815,4.14651013679437,6.18419841373591e-40,,,,,,,,,3.60826425678377
"canonical","B2_sweep_serial",2,200,24,"GATT","g=4_t=7",4,7,3,"doubleml",3.35014811418364,0.312586837008469,2.73748916677317,2.83598840498291,3.86430782338437,3.96280706159411,4.21268077740697e-27,,,,,,,,,3.60826425678377
"canonical","B2_sweep_serial",2,200,24,"CATT","surface",,,,"doubleml",,,,,,,,1.03859102003915,0.837893929573987,428,0.287875781846191,0.352803738317757,0.976975941794185,0.315420560747664,0.819904235875726,
"canonical","B2_sweep_serial",2,200,25,"GATT","g=4_t=4",4,4,0,"doubleml",3.54909843417794,0.237653444984863,3.08330623753162,3.1581932145808,3.94000365377507,4.01489063082425,9.91244824555164e-51,,,,,,,,,3.72398094444133
"canonical","B2_sweep_serial",2,200,25,"GATT","g=4_t=5",4,5,1,"doubleml",3.34409739368254,0.219987517759432,2.91292977842469,2.98225004514587,3.70594474221921,3.77526500894039,1.73322481906505e-52,,,,,,,,,3.72398094444133
"canonical","B2_sweep_serial",2,200,25,"GATT","g=4_t=6",4,6,2,"doubleml",3.02475368791533,0.286027473476543,2.46415013689035,2.55428025405755,3.49522712177312,3.58535723894031,1.94493293477748e-26,,,,,,,,,3.72398094444133
"canonical","B2_sweep_serial",2,200,25,"GATT","g=4_t=7",4,7,3,"doubleml",3.27768276340323,0.274759098801949,2.73916482107896,2.82574416070245,3.72962136610401,3.81620070572749,4.16371124918149e-33,,,,,,,,,3.72398094444133
"canonical","B2_sweep_serial",2,200,25,"CATT","surface",,,,"doubleml",,,,,,,,1.23041901386482,0.960769743009488,380,0.27159851492721,0.342105263157895,0.998040652626702,0.284210526315789,0.837582302346186,
"canonical","B2_sweep_serial",2,200,26,"GATT","g=4_t=4",4,4,0,"doubleml",3.76350579427406,0.192186208382721,3.38682774454743,3.44738754067091,4.07962404787722,4.1401838440007,1.08810247056313e-85,,,,,,,,,3.71544729385036
"canonical","B2_sweep_serial",2,200,26,"GATT","g=4_t=5",4,5,1,"doubleml",3.71151395220372,0.205594042254533,3.30855703077036,3.37334176942518,4.04968613498226,4.11447087363708,3.76084327025783e-73,,,,,,,,,3.71544729385036
"canonical","B2_sweep_serial",2,200,26,"GATT","g=4_t=6",4,6,2,"doubleml",3.66720708246004,0.27875395083319,3.12085937396922,3.20869753141627,4.12571663350382,4.21355479095087,7.88935949807676e-40,,,,,,,,,3.71544729385036
"canonical","B2_sweep_serial",2,200,26,"GATT","g=4_t=7",4,7,3,"doubleml",3.94219978904176,0.29260603527556,3.36870249371893,3.46090558149461,4.4234939965889,4.51569708436459,1.13182110466475e-41,,,,,,,,,3.71544729385036
"canonical","B2_sweep_serial",2,200,26,"CATT","surface",,,,"doubleml",,,,,,,,1.10469326640207,0.92646869912658,428,0.304660636272333,0.266355140186916,0.949739987486822,0.19392523364486,0.797047097486305,
"canonical","B2_sweep_serial",2,200,27,"GATT","g=4_t=4",4,4,0,"doubleml",3.85436476243974,0.206116403480521,3.45038403180844,3.51533337170919,4.19339615317029,4.25834549307103,2.47793586923393e-78,,,,,,,,,3.75411216953134
"canonical","B2_sweep_serial",2,200,27,"GATT","g=4_t=5",4,5,1,"doubleml",3.29055377434441,0.312485717391688,2.67809301774252,2.77656039214982,3.80454715653899,3.90301453094629,3.13327940381671e-26,,,,,,,,,3.75411216953134
"canonical","B2_sweep_serial",2,200,27,"GATT","g=4_t=6",4,6,2,"doubleml",3.64632845996703,0.244439578604305,3.16723568572742,3.24426104134142,4.04839587859263,4.12542123420663,1.27570547614952e-50,,,,,,,,,3.75411216953134
"canonical","B2_sweep_serial",2,200,27,"GATT","g=4_t=7",4,7,3,"doubleml",3.45320708088323,0.275068622716881,2.91408248282856,3.00075935653287,3.90565480523358,3.9923316789379,1.89001075693051e-36,,,,,,,,,3.75411216953134
"canonical","B2_sweep_serial",2,200,27,"CATT","surface",,,,"doubleml",,,,,,,,1.11476957309944,0.908084096843881,376,0.287285353182523,0.324468085106383,1.01732942976373,0.26063829787234,0.853769957950547,
"canonical","B2_sweep_serial",2,200,28,"GATT","g=4_t=4",4,4,0,"doubleml",3.43214353842132,0.219014221253249,3.00288354927692,3.07189712053603,3.79238995630662,3.86140352756573,1.19639469231943e-55,,,,,,,,,3.88005031774186
"canonical","B2_sweep_serial",2,200,28,"GATT","g=4_t=5",4,5,1,"doubleml",3.59900137408889,0.314724834767401,2.98215202803884,3.08132497072239,4.11667777745539,4.21585072013894,1.3914099695054e-30,,,,,,,,,3.88005031774186
"canonical","B2_sweep_serial",2,200,28,"GATT","g=4_t=6",4,6,2,"doubleml",3.33613088866369,0.274332628836117,2.79844881211954,2.88489376679209,3.78736801053529,3.87381296520784,2.51021346977923e-34,,,,,,,,,3.88005031774186
"canonical","B2_sweep_serial",2,200,28,"GATT","g=4_t=7",4,7,3,"doubleml",3.21720388839928,0.333584026560173,2.5633912053663,2.66850686797568,3.76590090882289,3.87101657143227,2.59674856798785e-22,,,,,,,,,3.88005031774186
"canonical","B2_sweep_serial",2,200,28,"CATT","surface",,,,"doubleml",,,,,,,,1.11355721153083,0.940925491989403,400,0.254572283714478,0.325,1.1188020473858,0.27,0.938928481773499,
"canonical","B2_sweep_serial",2,200,29,"GATT","g=4_t=4",4,4,0,"doubleml",3.58457026604334,0.188745456931602,3.21463596529385,3.27411154622757,3.89502898585912,3.95450456679284,1.00148690053296e-80,,,,,,,,,3.61528312422381
"canonical","B2_sweep_serial",2,200,29,"GATT","g=4_t=5",4,5,1,"doubleml",3.72286673751176,0.199291902288933,3.33226178353394,3.3950606548642,4.05067282015933,4.11347169148959,3.56927845152308e-78,,,,,,,,,3.61528312422381
"canonical","B2_sweep_serial",2,200,29,"GATT","g=4_t=6",4,6,2,"doubleml",3.41172328628836,0.285135622461138,2.85286773114694,2.94271681714067,3.88072975543606,3.97057884142979,2.70124138148311e-33,,,,,,,,,3.61528312422381
"canonical","B2_sweep_serial",2,200,29,"GATT","g=4_t=7",4,7,3,"doubleml",3.4222384630701,0.362794232235263,2.71117482848135,2.825494919001,4.01898200713921,4.13330209765886,1.99259657965034e-21,,,,,,,,,3.61528312422381
"canonical","B2_sweep_serial",2,200,29,"CATT","surface",,,,"doubleml",,,,,,,,1.04093637933164,0.846965267987463,412,0.271003602452131,0.361650485436893,1.01522922222875,0.293689320388349,0.852007407840065,
"canonical","B2_sweep_serial",2,200,30,"GATT","g=4_t=4",4,4,0,"doubleml",3.70279954173254,0.219478573923122,3.27262943807188,3.3417893315008,4.06380975196428,4.1329696453932,3.6837042686244e-64,,,,,,,,,3.71001434085503
"canonical","B2_sweep_serial",2,200,30,"GATT","g=4_t=5",4,5,1,"doubleml",3.88842623461463,0.271022473377997,3.3572319436028,3.44263383518894,4.33421863404032,4.41962052562646,5.54258609882802e-47,,,,,,,,,3.71001434085503
"canonical","B2_sweep_serial",2,200,30,"GATT","g=4_t=6",4,6,2,"doubleml",3.90632378211919,0.282787097143101,3.3520712520542,3.44118029423497,4.3714672700034,4.46057631218417,1.05425897382397e-43,,,,,,,,,3.71001434085503
"canonical","B2_sweep_serial",2,200,30,"GATT","g=4_t=7",4,7,3,"doubleml",3.4412271751635,0.315052515738828,2.82373558620597,2.92301178444043,3.95944256588658,4.05871876412104,4.48883474432427e-28,,,,,,,,,3.71001434085503
"canonical","B2_sweep_serial",2,200,30,"CATT","surface",,,,"doubleml",,,,,,,,1.12775009927137,0.943612384138218,464,0.34771939063027,0.297413793103448,1.0665542568475,0.25,0.895080744132363,
"canonical","B2_sweep_serial",2,200,31,"GATT","g=4_t=4",4,4,0,"doubleml",4.33866447002838,0.216210635627824,3.91489940778073,3.98302954117341,4.69429939888335,4.76242953227603,7.19313430638821e-90,,,,,,,,,4.03016413756373
"canonical","B2_sweep_serial",2,200,31,"GATT","g=4_t=5",4,5,1,"doubleml",3.99974761141741,0.277137454544522,3.45656817745851,3.54389696076003,4.45559826207479,4.54292704537631,1.6190354868762e-47,,,,,,,,,4.03016413756373
"canonical","B2_sweep_serial",2,200,31,"GATT","g=4_t=6",4,6,2,"doubleml",4.3279925839857,0.250711427581491,3.83660721153738,3.91560888948258,4.74037627848883,4.81937795643403,4.47929054097712e-67,,,,,,,,,4.03016413756373
"canonical","B2_sweep_serial",2,200,31,"GATT","g=4_t=7",4,7,3,"doubleml",4.1405360392298,0.272720733614485,3.60601321929182,3.69195024966108,4.58912182879851,4.67505885916778,2.31520283126296e-52,,,,,,,,,4.03016413756373
"canonical","B2_sweep_serial",2,200,31,"CATT","surface",,,,"doubleml",,,,,,,,1.0731413802468,0.878591619554977,376,0.281141046390117,0.313829787234043,0.996426344296431,0.268617021276596,0.836227531792095,
"canonical","B2_sweep_serial",2,200,32,"GATT","g=4_t=4",4,4,0,"doubleml",3.69743832074069,0.212823827881833,3.2803112797501,3.34737419615394,4.04750244532743,4.11456536173127,6.57969342917129e-68,,,,,,,,,3.80121991738986
"canonical","B2_sweep_serial",2,200,32,"GATT","g=4_t=5",4,5,1,"doubleml",3.75355688410456,0.247777411854256,3.26792207685705,3.34599921710644,4.16111455110268,4.23919169135208,3.8518765925111e-52,,,,,,,,,3.80121991738986
"canonical","B2_sweep_serial",2,200,32,"GATT","g=4_t=6",4,6,2,"doubleml",3.74494431578275,0.250250014492973,3.25446329637705,3.33331957844393,4.15656905312158,4.23542533518846,6.23382556821946e-51,,,,,,,,,3.80121991738986
"canonical","B2_sweep_serial",2,200,32,"GATT","g=4_t=7",4,7,3,"doubleml",4.00555169537134,0.294767368306156,3.42781826511653,3.52070241054348,4.49040098019919,4.58328512562615,2.33151969953482e-42,,,,,,,,,3.80121991738986
"canonical","B2_sweep_serial",2,200,32,"CATT","surface",,,,"doubleml",,,,,,,,1.06828698715138,0.878281385211754,436,0.286486765050026,0.302752293577982,0.985488148949309,0.247706422018349,0.827047906875773,
"canonical","B2_sweep_serial",2,200,33,"GATT","g=4_t=4",4,4,0,"doubleml",3.74408046125153,0.209550384790619,3.33336925087576,3.39940067262714,4.08876024987592,4.15479167162729,1.06178772572499e-71,,,,,,,,,3.8897127020288
"canonical","B2_sweep_serial",2,200,33,"GATT","g=4_t=5",4,5,1,"doubleml",4.24679373416584,0.239778925088733,3.77683567303323,3.85239241011794,4.64119505821375,4.71675179529846,1.7156321195051e-70,,,,,,,,,3.8897127020288
"canonical","B2_sweep_serial",2,200,33,"GATT","g=4_t=6",4,6,2,"doubleml",4.20472530712243,0.263509869465087,3.68825544932616,3.7712900442933,4.63816056995155,4.7211951649187,1.28130792954945e-57,,,,,,,,,3.8897127020288
"canonical","B2_sweep_serial",2,200,33,"GATT","g=4_t=7",4,7,3,"doubleml",3.82514664982959,0.285126130076848,3.26630969941965,3.35615579426816,4.29413750539101,4.38398360023953,2.44876868441152e-41,,,,,,,,,3.8897127020288
"canonical","B2_sweep_serial",2,200,33,"CATT","surface",,,,"doubleml",,,,,,,,1.06892185402998,0.875965174603169,404,0.273058952799505,0.329207920792079,0.977988039857292,0.272277227722772,0.820753615531421,
"canonical","B2_sweep_serial",2,200,34,"GATT","g=4_t=4",4,4,0,"doubleml",3.26217559909849,0.195017555287265,2.87994821136744,2.94140019321401,3.58295100498297,3.64440298682954,4.12482671974113e-63,,,,,,,,,3.55343090024379
"canonical","B2_sweep_serial",2,200,34,"GATT","g=4_t=5",4,5,1,"doubleml",3.67447461706938,0.259370204034809,3.1661183544885,3.24784849948191,4.10110073465685,4.18283087965026,7.34088942123756e-46,,,,,,,,,3.55343090024379
"canonical","B2_sweep_serial",2,200,34,"GATT","g=4_t=6",4,6,2,"doubleml",3.97166497859172,0.344156620355135,3.29713039233399,3.40557758497409,4.53775237220934,4.64619956484945,4.13261659726235e-31,,,,,,,,,3.55343090024379
"canonical","B2_sweep_serial",2,200,34,"GATT","g=4_t=7",4,7,3,"doubleml",3.76523774529431,0.294369201373888,3.18828470789274,3.28104338693766,4.24943210365095,4.34219078269588,9.2200775890829e-38,,,,,,,,,3.55343090024379
"canonical","B2_sweep_serial",2,200,34,"CATT","surface",,,,"doubleml",,,,,,,,1.0760155029506,0.874978856077869,428,0.311119358405493,0.357476635514019,1.07103563698562,0.301401869158879,0.898841637723111,
"canonical","B2_sweep_serial",2,200,35,"GATT","g=4_t=4",4,4,0,"doubleml",3.80148733662209,0.214087368593652,3.3818838013238,3.44934487204135,4.15362980120284,4.22109087192038,7.64702197367863e-71,,,,,,,,,3.75603992341342
"canonical","B2_sweep_serial",2,200,35,"GATT","g=4_t=5",4,5,1,"doubleml",3.62169770565948,0.230628604393615,3.16967394367775,3.24234732320823,4.00104808811074,4.07372146764121,7.14567992145208e-56,,,,,,,,,3.75603992341342
"canonical","B2_sweep_serial",2,200,35,"GATT","g=4_t=6",4,6,2,"doubleml",3.68282575936241,0.24852772548138,3.19572036441703,3.27403393599346,4.09161758273136,4.1699311543078,5.55616227542538e-50,,,,,,,,,3.75603992341342
"canonical","B2_sweep_serial",2,200,35,"GATT","g=4_t=7",4,7,3,"doubleml",3.63075259714801,0.238945943530746,3.16242714988172,3.23772140614769,4.02378378814834,4.09907804441431,1.91210158681132e-52,,,,,,,,,3.75603992341342
"canonical","B2_sweep_serial",2,200,35,"CATT","surface",,,,"doubleml",,,,,,,,0.954190340232971,0.796219803776658,408,0.230269904954288,0.325980392156863,0.91352906974585,0.29656862745098,0.766657930700636,
"canonical","B2_sweep_serial",2,200,36,"GATT","g=4_t=4",4,4,0,"doubleml",3.63803621994787,0.196150773143209,3.25358776601501,3.31539683614017,3.96067560375557,4.02248467388073,4.30026107396121e-77,,,,,,,,,3.69992715081636
"canonical","B2_sweep_serial",2,200,36,"GATT","g=4_t=5",4,5,1,"doubleml",3.60426656474099,0.230793825514478,3.15191897531034,3.2246444176682,3.98388871181379,4.05661415417165,2.79613191728296e-55,,,,,,,,,3.69992715081636
"canonical","B2_sweep_serial",2,200,36,"GATT","g=4_t=6",4,6,2,"doubleml",3.69696133277015,0.287394839813795,3.13367779294934,3.22423878092307,4.16968388461722,4.26024487259095,3.60213705395252e-38,,,,,,,,,3.69992715081636
"canonical","B2_sweep_serial",2,200,36,"GATT","g=4_t=7",4,7,3,"doubleml",3.75126155261781,0.321915718492185,3.120318333339,3.22175719539307,4.28076590984256,4.38220477189663,1.1085042068939e-31,,,,,,,,,3.69992715081636
"canonical","B2_sweep_serial",2,200,36,"CATT","surface",,,,"doubleml",,,,,,,,1.0521084735556,0.896125452661189,412,0.279936916919694,0.298543689320388,1.01551140123157,0.233009708737864,0.852244219976157,
"canonical","B2_sweep_serial",2,200,37,"GATT","g=4_t=4",4,4,0,"doubleml",3.81901501919245,0.206182838762086,3.41490407780096,3.47987435212328,4.15815568626162,4.22312596058394,6.80274480584358e-77,,,,,,,,,3.80921700311807
"canonical","B2_sweep_serial",2,200,37,"GATT","g=4_t=5",4,5,1,"doubleml",4.10550360485492,0.226074488858911,3.66240574537305,3.73364407755738,4.47736313215245,4.54860146433678,5.35516528042244e-74,,,,,,,,,3.80921700311807
"canonical","B2_sweep_serial",2,200,37,"GATT","g=4_t=6",4,6,2,"doubleml",3.98086188520632,0.302242397020954,3.38847766777154,3.48371726949681,4.47800650091582,4.57324610264109,6.43626382355759e-40,,,,,,,,,3.80921700311807
"canonical","B2_sweep_serial",2,200,37,"GATT","g=4_t=7",4,7,3,"doubleml",4.10700187408812,0.30981970213317,3.49976641141639,3.59739369775557,4.61661005042067,4.71423733675986,2.07978013757344e-40,,,,,,,,,3.80921700311807
"canonical","B2_sweep_serial",2,200,37,"CATT","surface",,,,"doubleml",,,,,,,,1.02619584907325,0.819688448004189,384,0.280628989871389,0.361979166666667,1.02341424048994,0.317708333333333,0.858876493204382,
"canonical","B2_sweep_serial",2,200,38,"GATT","g=4_t=4",4,4,0,"doubleml",3.49834557101687,0.203183846718288,3.1001125460675,3.1641378080069,3.83255333402683,3.89657859596623,9.79119603715963e-67,,,,,,,,,3.61361867585869
"canonical","B2_sweep_serial",2,200,38,"GATT","g=4_t=5",4,5,1,"doubleml",3.69841723718068,0.264451590305638,3.18010164043888,3.26343298106009,4.13340149330127,4.21673283392248,9.59230953851691e-45,,,,,,,,,3.61361867585869
"canonical","B2_sweep_serial",2,200,38,"GATT","g=4_t=6",4,6,2,"doubleml",3.1840659804,0.268852359813352,2.65712503385078,2.74184310095157,3.62628885984843,3.71100692694921,1.16720224832353e-32,,,,,,,,,3.61361867585869
"canonical","B2_sweep_serial",2,200,38,"GATT","g=4_t=7",4,7,3,"doubleml",3.5771277682176,0.345666876900928,2.89963313349935,3.00855622307961,4.1456993133556,4.25462240293585,2.12584699958759e-25,,,,,,,,,3.61361867585869
"canonical","B2_sweep_serial",2,200,38,"CATT","surface",,,,"doubleml",,,,,,,,0.98318942851408,0.795410615414841,404,0.254007919885349,0.400990099009901,1.06049210147931,0.334158415841584,0.889993221858491,
"canonical","B2_sweep_serial",2,200,39,"GATT","g=4_t=4",4,4,0,"doubleml",3.86029594680787,0.185048225590161,3.49760808638728,3.55591863275299,4.16467326086275,4.22298380722846,6.05227154387506e-97,,,,,,,,,3.85573163056982
"canonical","B2_sweep_serial",2,200,39,"GATT","g=4_t=5",4,5,1,"doubleml",4.12524911417422,0.235361528828222,3.66394899068594,3.738113762035,4.51238446631344,4.5865492376625,4.43508325491895e-69,,,,,,,,,3.85573163056982
"canonical","B2_sweep_serial",2,200,39,"GATT","g=4_t=6",4,6,2,"doubleml",4.09067476343942,0.252009252435373,3.59674570099918,3.67615633653409,4.50519319034476,4.58460382587967,1.49183775137542e-59,,,,,,,,,3.85573163056982
"canonical","B2_sweep_serial",2,200,39,"GATT","g=4_t=7",4,7,3,"doubleml",4.3551975080891,0.277869880381315,3.81058254585742,3.89814212386438,4.81225289231383,4.89981247032079,1.14764954442328e-55,,,,,,,,,3.85573163056982
"canonical","B2_sweep_serial",2,200,39,"CATT","surface",,,,"doubleml",,,,,,,,1.09076840241812,0.8939247247463,376,0.283995672511514,0.327127659574468,0.931266004290399,0.281914893617021,0.781543238662078,
"canonical","B2_sweep_serial",2,200,40,"GATT","g=4_t=4",4,4,0,"doubleml",3.7823243634592,0.217414479156873,3.35619981123298,3.4247092877601,4.1399394391583,4.20844891568542,4.35926999505341e-68,,,,,,,,,3.6500111313111
"canonical","B2_sweep_serial",2,200,40,"GATT","g=4_t=5",4,5,1,"doubleml",3.97969036760393,0.294379129535101,3.4027178713638,3.4954796788716,4.46390105633626,4.55666286384407,6.04622212791646e-42,,,,,,,,,3.6500111313111
"canonical","B2_sweep_serial",2,200,40,"GATT","g=4_t=6",4,6,2,"doubleml",4.25435166069888,0.29959151643078,3.66716307378914,3.76156735653164,4.74713596486611,4.84154024760861,4.54754908497207e-46,,,,,,,,,3.6500111313111
"canonical","B2_sweep_serial",2,200,40,"GATT","g=4_t=7",4,7,3,"doubleml",4.55778623620767,0.470058599873467,3.63648830256527,3.78460846797139,5.33096400444394,5.47908416985006,1.56455368821923e-22,,,,,,,,,3.6500111313111
"canonical","B2_sweep_serial",2,200,40,"CATT","surface",,,,"doubleml",,,,,,,,1.32777758473163,1.02500877372779,424,0.682263018077694,0.375,1.25579178450925,0.325471698113208,1.05389391841747,
"canonical","B2_sweep_serial",2,200,41,"GATT","g=4_t=4",4,4,0,"doubleml",3.52738183715431,0.25289176050168,3.03172309067439,3.11141181332608,3.94335186098254,4.02304058363422,1.61349902505994e-44,,,,,,,,,3.80215326649079
"canonical","B2_sweep_serial",2,200,41,"GATT","g=4_t=5",4,5,1,"doubleml",3.74141720355178,0.241461064491151,3.26816220974745,3.34424900577925,4.13858540132431,4.21467219735612,1.87746243065562e-54,,,,,,,,,3.80215326649079
"canonical","B2_sweep_serial",2,200,41,"GATT","g=4_t=6",4,6,2,"doubleml",3.75645203276867,0.293918594484759,3.18038216864794,3.27299885695603,4.2399052085813,4.33252189688939,1.05238110487236e-37,,,,,,,,,3.80215326649079
"canonical","B2_sweep_serial",2,200,41,"GATT","g=4_t=7",4,7,3,"doubleml",3.46821946244749,0.661466978355321,2.17176799768229,2.38020285723183,4.55623606766316,4.7646709272127,7.88974363628685e-08,,,,,,,,,3.80215326649079
"canonical","B2_sweep_serial",2,200,41,"CATT","surface",,,,"doubleml",,,,,,,,0.983005139906016,0.780655560581815,384,0.23032490086901,0.510416666666667,1.42071753458509,0.453125,1.19230400131453,
"canonical","B2_sweep_serial",2,200,42,"GATT","g=4_t=4",4,4,0,"doubleml",3.98852947656285,0.225433635061527,3.54668766745312,3.61772406019736,4.35933489292834,4.43037128567258,2.38666116813236e-70,,,,,,,,,3.85298895005909
"canonical","B2_sweep_serial",2,200,42,"GATT","g=4_t=5",4,5,1,"doubleml",3.94685574551767,0.297015182723021,3.36471667992713,3.45830913415498,4.43540235688036,4.52899481110821,1.35153060111882e-40,,,,,,,,,3.85298895005909
"canonical","B2_sweep_serial",2,200,42,"GATT","g=4_t=6",4,6,2,"doubleml",4.16683208794388,0.27046957127635,3.6367214651468,3.72194913175169,4.61171504413607,4.69694271074096,7.46762700421404e-54,,,,,,,,,3.85298895005909
"canonical","B2_sweep_serial",2,200,42,"GATT","g=4_t=7",4,7,3,"doubleml",4.31855354780236,0.330657634620531,3.67047648762097,3.77467001486624,4.86243708073848,4.96663060798375,2.76820213893976e-39,,,,,,,,,3.85298895005909
"canonical","B2_sweep_serial",2,200,42,"CATT","surface",,,,"doubleml",,,,,,,,1.25067885797369,1.01526563001644,384,0.363142579609473,0.317708333333333,1.10108427883937,0.265625,0.924059258428246,
"canonical","B2_sweep_serial",2,200,43,"GATT","g=4_t=4",4,4,0,"doubleml",3.87365301461807,0.17873266101314,3.52334343340811,3.57966388221996,4.16764214701618,4.22396259582803,1.84907519050266e-104,,,,,,,,,3.84120180490784
"canonical","B2_sweep_serial",2,200,43,"GATT","g=4_t=5",4,5,1,"doubleml",3.83625044088914,0.244844850367819,3.35636334858282,3.43351640938223,4.23898447239605,4.31613753319545,1.24995322760971e-55,,,,,,,,,3.84120180490784
"canonical","B2_sweep_serial",2,200,43,"GATT","g=4_t=6",4,6,2,"doubleml",3.65298790452412,0.293701900241212,3.07734275331975,3.16989115910476,4.13608464994348,4.22863305572849,8.15260046711144e-36,,,,,,,,,3.84120180490784
"canonical","B2_sweep_serial",2,200,43,"GATT","g=4_t=7",4,7,3,"doubleml",3.72310669756618,0.316785544057242,3.10221843549357,3.20204072828145,4.24417266685091,4.34399495963879,3.41718191121738e-32,,,,,,,,,3.84120180490784
"canonical","B2_sweep_serial",2,200,43,"CATT","surface",,,,"doubleml",,,,,,,,0.95102613824438,0.761109490702744,404,0.23508210334653,0.428217821782178,1.01336504339662,0.381188118811881,0.850442939304553,
"canonical","B2_sweep_serial",2,200,44,"GATT","g=4_t=4",4,4,0,"doubleml",3.68862874273611,0.172830605824152,3.34988697722258,3.40434762942383,3.97290985604839,4.02737050824964,2.29140721381546e-101,,,,,,,,,3.78692541415681
"canonical","B2_sweep_serial",2,200,44,"GATT","g=4_t=5",4,5,1,"doubleml",3.68106467302081,0.281526274378931,3.12928331018399,3.21799505450353,4.14413429153809,4.23284603585764,2.27623928147373e-39,,,,,,,,,3.78692541415681
"canonical","B2_sweep_serial",2,200,44,"GATT","g=4_t=6",4,6,2,"doubleml",4.02772589342637,0.376941434577256,3.28893425154659,3.40771226699623,4.64773951985651,4.76651753530615,5.96423611593273e-27,,,,,,,,,3.78692541415681
"canonical","B2_sweep_serial",2,200,44,"GATT","g=4_t=7",4,7,3,"doubleml",3.83424535635763,0.305182650955517,3.23609834706025,3.33226445220284,4.33622626051241,4.432392365655,1.67009660628927e-36,,,,,,,,,3.78692541415681
"canonical","B2_sweep_serial",2,200,44,"CATT","surface",,,,"doubleml",,,,,,,,1.02924921922159,0.844527559719765,392,0.269885364630555,0.372448979591837,1.11373088976376,0.306122448979592,0.934672631207243,
"canonical","B2_sweep_serial",2,200,45,"GATT","g=4_t=4",4,4,0,"doubleml",3.91527681952835,0.19583120798692,3.53145470179747,3.59316307374623,4.23739056531046,4.29909893725922,3.16084310685914e-89,,,,,,,,,3.67581992735021
"canonical","B2_sweep_serial",2,200,45,"GATT","g=4_t=5",4,5,1,"doubleml",3.85012744811949,0.256020107960986,3.34833725323985,3.42901174945944,4.27124314677955,4.35191764299914,2.05751370547607e-51,,,,,,,,,3.67581992735021
"canonical","B2_sweep_serial",2,200,45,"GATT","g=4_t=6",4,6,2,"doubleml",3.78402288527296,0.288107097566312,3.2193433458985,3.31012877341262,4.2579169971333,4.34870242464742,1.05008374715167e-39,,,,,,,,,3.67581992735021
"canonical","B2_sweep_serial",2,200,45,"GATT","g=4_t=7",4,7,3,"doubleml",3.93145453300505,0.297445757733983,3.34847155589373,3.44219968861328,4.42070937739683,4.51443751011638,3.48225409477598e-40,,,,,,,,,3.67581992735021
"canonical","B2_sweep_serial",2,200,45,"CATT","surface",,,,"doubleml",,,,,,,,1.08003228689569,0.874715408719377,412,0.323210741559382,0.33495145631068,1.01663741454815,0.283980582524272,0.853189200347144,
"canonical","B2_sweep_serial",2,200,46,"GATT","g=4_t=4",4,4,0,"doubleml",3.61704568630978,0.221210854565645,3.18348037495188,3.25318612733406,3.9809052452855,4.05061099766768,2.13521661631182e-60,,,,,,,,,3.6307508627171
"canonical","B2_sweep_serial",2,200,46,"GATT","g=4_t=5",4,5,1,"doubleml",3.73260939050882,0.275221661873692,3.19318484121621,3.27990993908923,4.18530884192842,4.27203393980143,3.35496199857061e-42,,,,,,,,,3.6307508627171
"canonical","B2_sweep_serial",2,200,46,"GATT","g=4_t=6",4,6,2,"doubleml",3.74017215742313,0.256306718911898,3.23782021539769,3.31858502559402,4.16175928925224,4.24252409944857,1.56601159363987e-48,,,,,,,,,3.6307508627171
"canonical","B2_sweep_serial",2,200,46,"GATT","g=4_t=7",4,7,3,"doubleml",3.50054382494847,0.283139623283331,2.94560035633958,3.03482048303239,3.96626716686455,4.05548729355736,2.06392964685374e-35,,,,,,,,,3.6307508627171
"canonical","B2_sweep_serial",2,200,46,"CATT","surface",,,,"doubleml",,,,,,,,1.0287794739988,0.856130217855132,412,0.2582916319879,0.342233009708738,1.01514263564242,0.29126213592233,0.851934742070251,
"canonical","B2_sweep_serial",2,200,47,"GATT","g=4_t=4",4,4,0,"doubleml",4.10647725648321,0.21323325715756,3.68854774885165,3.75573968051457,4.45721483245185,4.52440676411477,6.03099935093416e-83,,,,,,,,,3.65902896046893
"canonical","B2_sweep_serial",2,200,47,"GATT","g=4_t=5",4,5,1,"doubleml",4.00804798182465,0.223683937411737,3.56963551711939,3.6401205626372,4.37597540101209,4.4464604465299,4.24001275648076e-72,,,,,,,,,3.65902896046893
"canonical","B2_sweep_serial",2,200,47,"GATT","g=4_t=6",4,6,2,"doubleml",4.42565989505134,0.254377013537561,3.92709010609021,4.00724684682603,4.84407294327665,4.92422968401247,4.26918365305885e-68,,,,,,,,,3.65902896046893
"canonical","B2_sweep_serial",2,200,47,"GATT","g=4_t=7",4,7,3,"doubleml",4.42396260805229,0.261047262947437,3.91231937037678,3.99457797340414,4.85334724270043,4.9356058457278,1.01299267117278e-64,,,,,,,,,3.65902896046893
"canonical","B2_sweep_serial",2,200,47,"CATT","surface",,,,"doubleml",,,,,,,,1.20415093723501,1.00577123778325,396,0.359274101879863,0.23989898989899,0.93327749948673,0.191919191919192,0.783231339014771,
"canonical","B2_sweep_serial",2,200,48,"GATT","g=4_t=4",4,4,0,"doubleml",3.70013586094035,0.187236281027034,3.33315949063348,3.39215951514791,4.0081122067328,4.06711223124722,3.17164307083124e-87,,,,,,,,,3.66724241273073
"canonical","B2_sweep_serial",2,200,48,"GATT","g=4_t=5",4,5,1,"doubleml",3.82042124030931,0.248798070153963,3.33278597953807,3.41118473942428,4.22965774119434,4.30805650108055,1.62670619624522e-53,,,,,,,,,3.66724241273073
"canonical","B2_sweep_serial",2,200,48,"GATT","g=4_t=6",4,6,2,"doubleml",4.03666277691117,0.30066657078221,3.44736712217459,3.54211016529377,4.53121538852857,4.62595843164775,2.13728168863946e-41,,,,,,,,,3.66724241273073
"canonical","B2_sweep_serial",2,200,48,"GATT","g=4_t=7",4,7,3,"doubleml",3.79259069872036,0.246908309821071,3.30865930017021,3.38646257767793,4.19871881976279,4.2765220972705,1.51039488708152e-53,,,,,,,,,3.66724241273073
"canonical","B2_sweep_serial",2,200,48,"CATT","surface",,,,"doubleml",,,,,,,,1.09807182246664,0.923804993220284,392,0.314220753367199,0.260204081632653,0.963919342182421,0.186224489795918,0.808946789668649,
"canonical","B2_sweep_serial",2,200,49,"GATT","g=4_t=4",4,4,0,"doubleml",3.64486406117557,0.201426500215936,3.25007537210635,3.31354687658939,3.97618124576176,4.0396527502448,1.73663590055622e-73,,,,,,,,,3.84544103930764
"canonical","B2_sweep_serial",2,200,49,"GATT","g=4_t=5",4,5,1,"doubleml",4.17719735308857,0.326313126294149,3.53763537282459,3.64045990205114,4.71393480412601,4.81675933335256,8.0725690502781e-38,,,,,,,,,3.84544103930764
"canonical","B2_sweep_serial",2,200,49,"GATT","g=4_t=6",4,6,2,"doubleml",4.07597170380892,0.264498698911972,3.55756377589462,3.64090996090877,4.51103344670908,4.59437963172323,6.99144233231376e-54,,,,,,,,,3.84544103930764
"canonical","B2_sweep_serial",2,200,49,"GATT","g=4_t=7",4,7,3,"doubleml",3.95218664231937,0.30704584219804,3.35038784526153,3.44714106059656,4.45723222404219,4.55398543937721,3.24992681565891e-38,,,,,,,,,3.84544103930764
"canonical","B2_sweep_serial",2,200,49,"CATT","surface",,,,"doubleml",,,,,,,,1.06489512561848,0.86288217049745,420,0.264086944487352,0.378571428571429,1.07727869715268,0.323809523809524,0.904080980123293,
"canonical","B2_sweep_serial",2,200,50,"GATT","g=4_t=4",4,4,0,"doubleml",3.58901700777326,0.240477214954926,3.11769032364134,3.19346709884579,3.98456691670073,4.06034369190518,1.14064989996157e-50,,,,,,,,,3.73528163207602
"canonical","B2_sweep_serial",2,200,50,"GATT","g=4_t=5",4,5,1,"doubleml",4.00203808919834,0.266303689630893,3.48009244445461,3.5640074000942,4.44006877830247,4.52398373394206,2.40302126219846e-51,,,,,,,,,3.73528163207602
"canonical","B2_sweep_serial",2,200,50,"GATT","g=4_t=6",4,6,2,"doubleml",3.80613156159483,0.312892019262953,3.19287446795213,3.29146987214208,4.32079325104757,4.41938865523752,2.40597221751314e-34,,,,,,,,,3.73528163207602
"canonical","B2_sweep_serial",2,200,50,"GATT","g=4_t=7",4,7,3,"doubleml",3.55058189279021,0.321440830127,2.92056943761118,3.0218586575925,4.07930512798793,4.18059434796925,1.14813318636128e-28,,,,,,,,,3.73528163207602
"canonical","B2_sweep_serial",2,200,50,"CATT","surface",,,,"doubleml",,,,,,,,1.02655363448207,0.862531781082149,384,0.262326562639301,0.3515625,1.11827093884868,0.291666666666667,0.938482761341032,
"canonical","B2_sweep_serial",2,200,51,"GATT","g=4_t=4",4,4,0,"doubleml",3.51134504541673,0.206759289694007,3.10610428095091,3.17125620072639,3.85143389010708,3.91658580988256,5.50827468098621e-65,,,,,,,,,3.59158968366095
"canonical","B2_sweep_serial",2,200,51,"GATT","g=4_t=5",4,5,1,"doubleml",3.82768681197607,0.252635871915529,3.33252959791302,3.41213768751233,4.24323593643982,4.32284402603912,3.73096257649564e-52,,,,,,,,,3.59158968366095
"canonical","B2_sweep_serial",2,200,51,"GATT","g=4_t=6",4,6,2,"doubleml",3.590716833761,0.237458697481276,3.12530633521081,3.20013194537414,3.98130172214787,4.05612733231119,5.84806897128027e-52,,,,,,,,,3.59158968366095
"canonical","B2_sweep_serial",2,200,51,"GATT","g=4_t=7",4,7,3,"doubleml",3.73292171144498,0.277004769463238,3.19000233546873,3.27728930837429,4.18855411451566,4.27584108742122,1.08237017672647e-41,,,,,,,,,3.59158968366095
"canonical","B2_sweep_serial",2,200,51,"CATT","surface",,,,"doubleml",,,,,,,,1.09387504455445,0.892977714447945,408,0.480192779665105,0.274509803921569,0.954363926527655,0.218137254901961,0.800927630305822,
"canonical","B2_sweep_serial",2,200,52,"GATT","g=4_t=4",4,4,0,"doubleml",3.74913010859938,0.20806586661367,3.34132850040778,3.40689213563642,4.09136808156234,4.15693171679097,6.91621623711593e-73,,,,,,,,,3.61681846219054
"canonical","B2_sweep_serial",2,200,52,"GATT","g=4_t=5",4,5,1,"doubleml",3.95034883320677,0.231213989048103,3.49717773837609,3.57003557846504,4.33066208794849,4.40351992803744,9.55609727319937e-66,,,,,,,,,3.61681846219054
"canonical","B2_sweep_serial",2,200,52,"GATT","g=4_t=6",4,6,2,"doubleml",3.62326210995447,0.284335069203977,3.06597561037717,3.15557243403403,4.09095178587491,4.18054860953177,1.70663626379871e-37,,,,,,,,,3.61681846219054
"canonical","B2_sweep_serial",2,200,52,"GATT","g=4_t=7",4,7,3,"doubleml",3.85241371578136,0.27247846994509,3.3183657239139,3.4042264145783,4.30060101698442,4.38646170764882,1.10093812593341e-45,,,,,,,,,3.61681846219054
"canonical","B2_sweep_serial",2,200,52,"CATT","surface",,,,"doubleml",,,,,,,,1.05822062982068,0.844985369562016,416,0.287124974819627,0.367788461538462,0.976153597233516,0.324519230769231,0.819214102414095,
"canonical","B2_sweep_serial",2,200,53,"GATT","g=4_t=4",4,4,0,"doubleml",3.48669546529021,0.173358665243344,3.14691872232521,3.20154577133004,3.77184515925039,3.82647220825522,2.86150387185282e-90,,,,,,,,,3.63930948153962
"canonical","B2_sweep_serial",2,200,53,"GATT","g=4_t=5",4,5,1,"doubleml",3.45408143398044,0.240764757644512,2.98219117652847,3.05805855930984,3.85010430865105,3.92597169143241,5.61940695396689e-47,,,,,,,,,3.63930948153962
"canonical","B2_sweep_serial",2,200,53,"GATT","g=4_t=6",4,6,2,"doubleml",3.48360259633988,0.343083717422399,2.8111708612058,2.91927997140277,4.04792522127698,4.15603433147395,1.59357395929935e-24,,,,,,,,,3.63930948153962
"canonical","B2_sweep_serial",2,200,53,"GATT","g=4_t=7",4,7,3,"doubleml",3.2376792088571,0.350327540823909,2.55104984063371,2.66144155202273,3.81391686569147,3.92430857708049,1.21120837725301e-20,,,,,,,,,3.63930948153962
"canonical","B2_sweep_serial",2,200,53,"CATT","surface",,,,"doubleml",,,,,,,,1.01203152065693,0.801383318292479,428,0.240854550804129,0.429906542056075,1.08536405188722,0.36214953271028,0.910866425201127,
"canonical","B2_sweep_serial",2,200,54,"GATT","g=4_t=4",4,4,0,"doubleml",3.79421499603999,0.230887224549534,3.34168434786299,3.41443922119079,4.17399077088919,4.246745644217,5.5334711733928e-61,,,,,,,,,3.68738146879263
"canonical","B2_sweep_serial",2,200,54,"GATT","g=4_t=5",4,5,1,"doubleml",3.77041223966963,0.299371009902379,3.18365583761732,3.27799063654766,4.2628338427916,4.35716864172193,1.13271400092135e-36,,,,,,,,,3.68738146879263
"canonical","B2_sweep_serial",2,200,54,"GATT","g=4_t=6",4,6,2,"doubleml",3.90627264717461,0.305652016243742,3.30720569880946,3.40351970564803,4.4090255887012,4.50533959553976,1.05857035553685e-37,,,,,,,,,3.68738146879263
"canonical","B2_sweep_serial",2,200,54,"GATT","g=4_t=7",4,7,3,"doubleml",4.05303617944113,0.307991450494503,3.44938402416412,3.54643521012944,4.55963714875281,4.65668833471813,7.49647384509865e-40,,,,,,,,,3.68738146879263
"canonical","B2_sweep_serial",2,200,54,"CATT","surface",,,,"doubleml",,,,,,,,1.07229025735366,0.913275491058419,396,0.29878724387177,0.315656565656566,1.12100307693573,0.255050505050505,0.940775644404718,
"canonical","B2_sweep_serial",2,200,55,"GATT","g=4_t=4",4,4,0,"doubleml",3.63807749411704,0.190739550441726,3.26423484187507,3.32433878161476,3.95181620661931,4.011920146359,2.09499907750259e-81,,,,,,,,,3.72261804690863
"canonical","B2_sweep_serial",2,200,55,"GATT","g=4_t=5",4,5,1,"doubleml",3.61937413898732,0.24888309763497,3.1315722274143,3.20999778031005,4.02875049766459,4.10717605056035,3.26001338333221e-48,,,,,,,,,3.72261804690863
"canonical","B2_sweep_serial",2,200,55,"GATT","g=4_t=6",4,6,2,"doubleml",4.06480543095432,0.319249964510272,3.43908699351291,3.53968584982974,4.5899250120789,4.69052386839573,1.95422412504574e-37,,,,,,,,,3.72261804690863
"canonical","B2_sweep_serial",2,200,55,"GATT","g=4_t=7",4,7,3,"doubleml",3.94260601022642,0.319471067167653,3.31645421953624,3.41712274751144,4.4680892729414,4.5687578009166,2.72231609526586e-35,,,,,,,,,3.72261804690863
"canonical","B2_sweep_serial",2,200,55,"CATT","surface",,,,"doubleml",,,,,,,,1.00503839014574,0.85288481940835,392,0.277251997308746,0.303571428571429,1.05675739597329,0.244897959183673,0.886858957509554,
"canonical","B2_sweep_serial",2,200,56,"GATT","g=4_t=4",4,4,0,"doubleml",4.07514823894631,0.176851252789263,3.72852615012445,3.78425374839088,4.36604272950174,4.42177032776816,8.68444636018047e-118,,,,,,,,,3.93870469327389
"canonical","B2_sweep_serial",2,200,56,"GATT","g=4_t=5",4,5,1,"doubleml",4.03876009270948,0.236211999120465,3.57579307806533,3.65022584110818,4.42729434431077,4.50172710735362,7.67516441583202e-66,,,,,,,,,3.93870469327389
"canonical","B2_sweep_serial",2,200,56,"GATT","g=4_t=6",4,6,2,"doubleml",3.72840979080518,0.243695147215079,3.25077607528892,3.32756685312787,4.12925272848249,4.20604350632143,3.85331205914217e-53,,,,,,,,,3.93870469327389
"canonical","B2_sweep_serial",2,200,56,"GATT","g=4_t=7",4,7,3,"doubleml",3.65276949800196,0.277767176364876,3.10835583194515,3.19588304688948,4.10965594911443,4.19718316405876,8.45576386955797e-40,,,,,,,,,3.93870469327389
"canonical","B2_sweep_serial",2,200,56,"CATT","surface",,,,"doubleml",,,,,,,,1.10625481471976,0.920896576357873,364,0.276906852175168,0.277472527472527,0.91581824251953,0.203296703296703,0.768579065473253,
"canonical","B2_sweep_serial",2,200,57,"GATT","g=4_t=4",4,4,0,"doubleml",3.39736266285955,0.234617857394927,2.93752010860836,3.01145054165208,3.78327478406703,3.85720521711074,8.05671041794312e-48,,,,,,,,,3.82763550955397
"canonical","B2_sweep_serial",2,200,57,"GATT","g=4_t=5",4,5,1,"doubleml",3.63246594140234,0.232303862283022,3.17715873426666,3.25036000431067,4.01457187849402,4.08777314853802,2.04698753361862e-55,,,,,,,,,3.82763550955397
"canonical","B2_sweep_serial",2,200,57,"GATT","g=4_t=6",4,6,2,"doubleml",3.70168398378913,0.286748083577354,3.13966806290852,3.23002525152459,4.17334271605367,4.26369990466973,1.99754199665647e-38,,,,,,,,,3.82763550955397
"canonical","B2_sweep_serial",2,200,57,"GATT","g=4_t=7",4,7,3,"doubleml",3.70479131898054,0.27513723477101,3.16553224376981,3.25223073781851,4.15735190014258,4.24405039419127,1.2523656073448e-41,,,,,,,,,3.82763550955397
"canonical","B2_sweep_serial",2,200,57,"CATT","surface",,,,"doubleml",,,,,,,,1.06515457631872,0.868985240824638,408,0.244842677231033,0.325980392156863,1.0082123787391,0.272058823529412,0.846118685862867,
"canonical","B2_sweep_serial",2,200,58,"GATT","g=4_t=4",4,4,0,"doubleml",3.86736207462627,0.212090711493863,3.45167191536391,3.51850381946275,4.2162203297898,4.28305223388863,1.37448663392081e-74,,,,,,,,,3.74991432591347
"canonical","B2_sweep_serial",2,200,58,"GATT","g=4_t=5",4,5,1,"doubleml",3.94650014153545,0.227662841168208,3.50028916870804,3.57202800658856,4.32097227648234,4.39271111436285,1.28378399472085e-67,,,,,,,,,3.74991432591347
"canonical","B2_sweep_serial",2,200,58,"GATT","g=4_t=6",4,6,2,"doubleml",4.05496842778642,0.229499682374844,3.60515731232029,3.67747495723343,4.43246189833941,4.50477954325255,3.65097657728683e-70,,,,,,,,,3.74991432591347
"canonical","B2_sweep_serial",2,200,58,"GATT","g=4_t=7",4,7,3,"doubleml",4.29078929496843,0.262041493585532,3.77719740103456,3.8597692960783,4.72180929385857,4.8043811889023,1.45527455142462e-60,,,,,,,,,3.74991432591347
"canonical","B2_sweep_serial",2,200,58,"CATT","surface",,,,"doubleml",,,,,,,,1.02936504957299,0.845697451519626,420,0.275847533497756,0.311904761904762,0.912652070744881,0.269047619047619,0.765921929776772,
"canonical","B2_sweep_serial",2,200,59,"GATT","g=4_t=4",4,4,0,"doubleml",3.68599792136453,0.187303670184112,3.3188894707358,3.37791073024752,3.99408511248155,4.05310637199327,1.62349321902878e-86,,,,,,,,,3.66570131120135
"canonical","B2_sweep_serial",2,200,59,"GATT","g=4_t=5",4,5,1,"doubleml",3.85578741421966,0.249377109799016,3.36701725658954,3.44559847765831,4.26597635078101,4.34455757184978,3.14709750767963e-54,,,,,,,,,3.66570131120135
"canonical","B2_sweep_serial",2,200,59,"GATT","g=4_t=6",4,6,2,"doubleml",3.71942206099627,0.2437159908554,3.24174749269536,3.3185448385738,4.12029928341874,4.19709662929718,6.92344597179345e-53,,,,,,,,,3.66570131120135
"canonical","B2_sweep_serial",2,200,59,"GATT","g=4_t=7",4,7,3,"doubleml",3.91022211407911,0.287619546916665,3.34649815642613,3.43712995185504,4.38331427630317,4.47394607173208,2.14030445300574e-42,,,,,,,,,3.66570131120135
"canonical","B2_sweep_serial",2,200,59,"CATT","surface",,,,"doubleml",,,,,,,,1.02094701333234,0.859327771343711,356,0.280431372247977,0.25561797752809,0.948638567106369,0.210674157303371,0.79612275616245,
"canonical","B2_sweep_serial",2,200,60,"GATT","g=4_t=4",4,4,0,"doubleml",4.04454617759747,0.232525301197787,3.58880495816065,3.66207600582109,4.42701634937386,4.50028739703429,4.58020805973911e-68,,,,,,,,,3.87109292855121
"canonical","B2_sweep_serial",2,200,60,"GATT","g=4_t=5",4,5,1,"doubleml",3.7941849201802,0.282160132386337,3.24116121846775,3.33007269778401,4.2582971425764,4.34720862189266,1.60481148920186e-41,,,,,,,,,3.87109292855121
"canonical","B2_sweep_serial",2,200,60,"GATT","g=4_t=6",4,6,2,"doubleml",3.61749206075913,0.278660466811225,3.07132757758593,3.15913627728282,4.07584784423544,4.16365654393232,7.76764433092693e-39,,,,,,,,,3.87109292855121
"canonical","B2_sweep_serial",2,200,60,"GATT","g=4_t=7",4,7,3,"doubleml",3.78190923168098,0.266077799944111,3.26040632259132,3.34425009813171,4.21956836523025,4.30341214077064,3.77513243870909e-46,,,,,,,,,3.87109292855121
"canonical","B2_sweep_serial",2,200,60,"CATT","surface",,,,"doubleml",,,,,,,,0.953869118807461,0.771568315538818,388,0.215080542329339,0.389175257731959,1.03821615670606,0.337628865979381,0.87129865559908,
"canonical","B2_sweep_serial",2,200,61,"GATT","g=4_t=4",4,4,0,"doubleml",3.82617665974154,0.237732820050622,3.36022889082384,3.43514087974999,4.21721243973308,4.29212442865923,1.39542086676775e-58,,,,,,,,,3.69459340074844
"canonical","B2_sweep_serial",2,200,61,"GATT","g=4_t=5",4,5,1,"doubleml",3.78677446202016,0.257788013914682,3.28151923511588,3.36275081618054,4.21079810785978,4.29202968892444,3.76390941628218e-49,,,,,,,,,3.69459340074844
"canonical","B2_sweep_serial",2,200,61,"GATT","g=4_t=6",4,6,2,"doubleml",3.68314785278425,0.310525437589037,3.0745291740255,3.17237884466418,4.19391686090433,4.29176653154301,9.43334184299219e-33,,,,,,,,,3.69459340074844
"canonical","B2_sweep_serial",2,200,61,"GATT","g=4_t=7",4,7,3,"doubleml",3.94195898553841,0.289629028922779,3.37429651549481,3.46556151879866,4.41835645227816,4.50962145558202,1.73734021046413e-42,,,,,,,,,3.69459340074844
"canonical","B2_sweep_serial",2,200,61,"CATT","surface",,,,"doubleml",,,,,,,,1.0900484540347,0.90999670322065,416,0.325466423967512,0.307692307692308,1.07374207231217,0.262019230769231,0.901112950345496,
"canonical","B2_sweep_serial",2,200,62,"GATT","g=4_t=4",4,4,0,"doubleml",3.88928378451114,0.193942352642777,3.509163755256,3.57027692999726,4.20829063902503,4.26940381376629,9.34750707811944e-90,,,,,,,,,3.76193999317909
"canonical","B2_sweep_serial",2,200,62,"GATT","g=4_t=5",4,5,1,"doubleml",3.80643539168356,0.217997819516897,3.37916751335194,3.44786080625991,4.1650099771072,4.23370327001517,1.42238579787062e-68,,,,,,,,,3.76193999317909
"canonical","B2_sweep_serial",2,200,62,"GATT","g=4_t=6",4,6,2,"doubleml",3.86792084504194,0.30382931826976,3.27242631908866,3.36816597556865,4.36767571451522,4.46341537099521,1.99950771850198e-37,,,,,,,,,3.76193999317909
"canonical","B2_sweep_serial",2,200,62,"GATT","g=4_t=7",4,7,3,"doubleml",3.88224452928442,0.24241389871133,3.40712201471057,3.4835090583335,4.28098000023535,4.35736704385828,5.02501933521958e-58,,,,,,,,,3.76193999317909
"canonical","B2_sweep_serial",2,200,62,"CATT","surface",,,,"doubleml",,,,,,,,1.09789090305168,0.887366129422415,432,0.308094215599033,0.342592592592593,0.939002474056944,0.291666666666667,0.788035890180871,
"canonical","B2_sweep_serial",2,200,63,"GATT","g=4_t=4",4,4,0,"doubleml",3.78199360082706,0.188365435074354,3.41280412923699,3.47215996148327,4.09182724017085,4.15118307241713,5.75115274572028e-90,,,,,,,,,3.78797862656338
"canonical","B2_sweep_serial",2,200,63,"GATT","g=4_t=5",4,5,1,"doubleml",3.4820079856111,0.284445905924544,2.9245042500516,3.01413599946749,3.94987997175471,4.03951172117059,9.34242383855866e-35,,,,,,,,,3.78797862656338
"canonical","B2_sweep_serial",2,200,63,"GATT","g=4_t=6",4,6,2,"doubleml",3.6460049534437,0.252009160699961,3.15207607080157,3.23148667742973,4.06052322945768,4.13993383608584,9.68560422620541e-48,,,,,,,,,3.78797862656338
"canonical","B2_sweep_serial",2,200,63,"GATT","g=4_t=7",4,7,3,"doubleml",3.73619410290982,0.274304971511448,3.19856623372635,3.28500247329933,4.18738573252031,4.27382197209328,1.51069475810888e-42,,,,,,,,,3.78797862656338
"canonical","B2_sweep_serial",2,200,63,"CATT","surface",,,,"doubleml",,,,,,,,1.17966291556764,1.00116688434963,404,0.310418288310278,0.25990099009901,0.979124979487583,0.225247524752475,0.821707765555933,
"canonical","B2_sweep_serial",2,200,64,"GATT","g=4_t=4",4,4,0,"doubleml",3.8001410645785,0.236648931368069,3.33631767845862,3.41088812322201,4.189394005935,4.26396445069839,2.50691024855015e-58,,,,,,,,,3.97345395249899
"canonical","B2_sweep_serial",2,200,64,"GATT","g=4_t=5",4,5,1,"doubleml",3.8629493010489,0.279421251306542,3.31529370765312,3.40334213815233,4.32255646394547,4.41060489444468,9.02782003869738e-44,,,,,,,,,3.97345395249899
"canonical","B2_sweep_serial",2,200,64,"GATT","g=4_t=6",4,6,2,"doubleml",3.52759673021552,0.285302770784621,2.96841357037741,3.05831532647935,3.99687813395169,4.08677989005363,2.03627918182768e-35,,,,,,,,,3.97345395249899
"canonical","B2_sweep_serial",2,200,64,"GATT","g=4_t=7",4,7,3,"doubleml",3.09597444717056,0.46583001455935,2.18296438851475,2.32975208440255,3.86219680993856,4.00898450582636,1.50433066317318e-11,,,,,,,,,3.97345395249899
"canonical","B2_sweep_serial",2,200,64,"CATT","surface",,,,"doubleml",,,,,,,,1.09022468108117,0.900425457549613,388,0.243637089069138,0.36340206185567,1.24183609900479,0.309278350515464,1.04218193537862,
"canonical","B2_sweep_serial",2,200,65,"GATT","g=4_t=4",4,4,0,"doubleml",3.61613886739756,0.19874975976679,3.22659649324601,3.28922453004612,3.943053204749,4.00568124154912,2.85644453275434e-74,,,,,,,,,3.75936876681525
"canonical","B2_sweep_serial",2,200,65,"GATT","g=4_t=5",4,5,1,"doubleml",3.66063187773639,0.277131078542733,3.11746494051147,3.20479171467107,4.11647204080172,4.20379881496132,3.89119817656108e-40,,,,,,,,,3.75936876681525
"canonical","B2_sweep_serial",2,200,65,"GATT","g=4_t=6",4,6,2,"doubleml",3.54757549027316,0.321212332629157,2.91801088196398,3.01922810009876,4.07592288044756,4.17714009858233,1.16749536075899e-28,,,,,,,,,3.75936876681525
"canonical","B2_sweep_serial",2,200,65,"GATT","g=4_t=7",4,7,3,"doubleml",3.9656277042186,0.278156601458437,3.42045077899772,3.50810070568329,4.42315470275392,4.51080462943949,2.03290821643353e-46,,,,,,,,,3.75936876681525
"canonical","B2_sweep_serial",2,200,65,"CATT","surface",,,,"doubleml",,,,,,,,1.14229814047376,0.943833191723707,424,0.300818266336714,0.294811320754717,1.05372542245327,0.233490566037736,0.884314444563243,
"canonical","B2_sweep_serial",2,200,66,"GATT","g=4_t=4",4,4,0,"doubleml",3.37430666182458,0.201379584505968,2.97960992585793,3.0430666467316,3.70554667691756,3.76900339779124,2.56170657824345e-63,,,,,,,,,3.70998394571038
"canonical","B2_sweep_serial",2,200,66,"GATT","g=4_t=5",4,5,1,"doubleml",3.58331213010765,0.27762775383708,3.03917172718611,3.12665500869771,4.03996925151759,4.12745253302919,2.05783651993418e-38,,,,,,,,,3.70998394571038
"canonical","B2_sweep_serial",2,200,66,"GATT","g=4_t=6",4,6,2,"doubleml",3.4892812513428,0.276788483599243,2.9467857878737,3.03400460694065,3.94455789574495,4.03177671481191,9.74542729678758e-37,,,,,,,,,3.70998394571038
"canonical","B2_sweep_serial",2,200,66,"GATT","g=4_t=7",4,7,3,"doubleml",3.21295261821535,0.317791484784684,2.59009274853082,2.69023202330132,3.73567321312938,3.83581248789988,2.48775658801504e-24,,,,,,,,,3.70998394571038
"canonical","B2_sweep_serial",2,200,66,"CATT","surface",,,,"doubleml",,,,,,,,1.03791744480818,0.81808087345914,416,0.224871027224722,0.425480769230769,1.05209623602091,0.365384615384615,0.882947187909545,
"canonical","B2_sweep_serial",2,200,67,"GATT","g=4_t=4",4,4,0,"doubleml",3.34979768446818,0.227995316327225,2.9029350722982,2.97477867642607,3.72481669251028,3.79666029663815,3.60584865182191e-49,,,,,,,,,3.84372030377919
"canonical","B2_sweep_serial",2,200,67,"GATT","g=4_t=5",4,5,1,"doubleml",3.43893019906991,0.251825996173282,2.94536031230614,3.0247132019603,3.85314719617952,3.93250008583368,9.29881295943298e-43,,,,,,,,,3.84372030377919
"canonical","B2_sweep_serial",2,200,67,"GATT","g=4_t=6",4,6,2,"doubleml",3.10091482167792,0.283765536805984,2.54474458509752,2.63416194340045,3.56766769995539,3.65708505825832,4.24706938646689e-28,,,,,,,,,3.84372030377919
"canonical","B2_sweep_serial",2,200,67,"GATT","g=4_t=7",4,7,3,"doubleml",3.232916399864,0.28653421000104,2.67131966349352,2.76160945840695,3.70422334132105,3.79451313623448,7.97661503370968e-30,,,,,,,,,3.84372030377919
"canonical","B2_sweep_serial",2,200,67,"CATT","surface",,,,"doubleml",,,,,,,,1.16305493324115,0.941103363676328,388,0.239614285970228,0.322164948453608,1.02909973594231,0.283505154639175,0.863647912443115,
"canonical","B2_sweep_serial",2,200,68,"GATT","g=4_t=4",4,4,0,"doubleml",3.82118688908717,0.221607267885615,3.38684462189301,3.45667528807644,4.18569849009789,4.25552915628133,6.30914098039323e-67,,,,,,,,,3.78459557529753
"canonical","B2_sweep_serial",2,200,68,"GATT","g=4_t=5",4,5,1,"doubleml",3.95137983887738,0.258099526305042,3.44551405890245,3.52684380063643,4.37591587711833,4.45724561885231,3.30248266260478e-53,,,,,,,,,3.78459557529753
"canonical","B2_sweep_serial",2,200,68,"GATT","g=4_t=6",4,6,2,"doubleml",3.82138362157564,0.333523543931,3.16768948231846,3.27278608624655,4.36998115690472,4.47507776083281,1.0768465363262e-30,,,,,,,,,3.78459557529753
"canonical","B2_sweep_serial",2,200,68,"GATT","g=4_t=7",4,7,3,"doubleml",4.18496200070691,0.388867262537471,3.42279616535492,3.5453321284531,4.82459187296072,4.9471278360589,2.60342359356343e-27,,,,,,,,,3.78459557529753
"canonical","B2_sweep_serial",2,200,68,"CATT","surface",,,,"doubleml",,,,,,,,1.06900121577759,0.894674291920882,396,0.279289847728391,0.345959595959596,1.17803401088913,0.277777777777778,0.988637523417284,
"canonical","B2_sweep_serial",2,200,69,"GATT","g=4_t=4",4,4,0,"doubleml",3.99856514662744,0.19026144358526,3.6256595666123,3.68561285010045,4.31151744315443,4.37147072664258,2.33344117505785e-98,,,,,,,,,3.81412355948646
"canonical","B2_sweep_serial",2,200,69,"GATT","g=4_t=5",4,5,1,"doubleml",4.01339205454655,0.21900513040329,3.58414988314079,3.65316058978217,4.37362351931092,4.4426342259523,2.58721698380584e-75,,,,,,,,,3.81412355948646
"canonical","B2_sweep_serial",2,200,69,"GATT","g=4_t=6",4,6,2,"doubleml",4.20528349578732,0.268688696573262,3.6786633232968,3.763329818474,4.64723717310064,4.73190366827784,1.63169272181497e-55,,,,,,,,,3.81412355948646
"canonical","B2_sweep_serial",2,200,69,"GATT","g=4_t=7",4,7,3,"doubleml",3.8428387305852,0.262272320429003,3.32879442434789,3.41143905523827,4.27423840593212,4.35688303682251,6.5313349681004e-49,,,,,,,,,3.81412355948646
"canonical","B2_sweep_serial",2,200,69,"CATT","surface",,,,"doubleml",,,,,,,,1.08237610415856,0.906836979490985,372,0.291216971649217,0.255376344086022,0.921406115074362,0.193548387096774,0.773268556975804,
"canonical","B2_sweep_serial",2,200,70,"GATT","g=4_t=4",4,4,0,"doubleml",4.0889641719698,0.302727082807441,3.49562998784219,3.59102231890565,4.58690602503395,4.6822983560974,7.10055466902152e-42,,,,,,,,,3.77962411471425
"canonical","B2_sweep_serial",2,200,70,"GATT","g=4_t=5",4,5,1,"doubleml",3.60911541460133,0.254865108120049,3.10958897782993,3.18989952204964,4.02833130715303,4.10864185137274,7.99837271741806e-46,,,,,,,,,3.77962411471425
"canonical","B2_sweep_serial",2,200,70,"GATT","g=4_t=6",4,6,2,"doubleml",3.70956269834277,0.246517668733975,3.22639694226025,3.30407712485502,4.11504827183052,4.19272845442529,1.78299157365677e-51,,,,,,,,,3.77962411471425
"canonical","B2_sweep_serial",2,200,70,"GATT","g=4_t=7",4,7,3,"doubleml",3.77369529324272,0.293112386559266,3.19920556763248,3.29156821176117,4.25582237472428,4.34818501885297,3.12942257197857e-38,,,,,,,,,3.77962411471425
"canonical","B2_sweep_serial",2,200,70,"CATT","surface",,,,"doubleml",,,,,,,,1.16975178027339,0.91575361402776,408,0.342449053241791,0.389705882352941,1.07525805129588,0.343137254901961,0.902385200292577,
"canonical","B2_sweep_serial",2,200,71,"GATT","g=4_t=4",4,4,0,"doubleml",4.15605948518209,0.286534739898456,3.59446171023175,3.68475167212115,4.62736729824302,4.71765726013243,5.66834513432364e-48,,,,,,,,,3.78957751551435
"canonical","B2_sweep_serial",2,200,71,"GATT","g=4_t=5",4,5,1,"doubleml",3.5515674427638,0.199364791330661,3.16081962888819,3.2236414682844,3.8794934172432,3.94231525663941,2.73122297647858e-71,,,,,,,,,3.78957751551435
"canonical","B2_sweep_serial",2,200,71,"GATT","g=4_t=6",4,6,2,"doubleml",3.97208104917102,0.300171333154407,3.38375604235638,3.47834303114666,4.46581906719538,4.56040605598567,2.83998086761114e-40,,,,,,,,,3.78957751551435
"canonical","B2_sweep_serial",2,200,71,"GATT","g=4_t=7",4,7,3,"doubleml",3.62992837910223,0.233748502176933,3.17178972978152,3.2454462203025,4.01441053790197,4.08806702842295,1.10045914691653e-54,,,,,,,,,3.78957751551435
"canonical","B2_sweep_serial",2,200,71,"CATT","surface",,,,"doubleml",,,,,,,,1.09689493266519,0.915053772000394,444,0.280831494664845,0.272522522522523,0.99940462248065,0.22972972972973,0.838726982182217,
"canonical","B2_sweep_serial",2,200,72,"GATT","g=4_t=4",4,4,0,"doubleml",3.69266863922545,0.214767922963143,3.27173124186291,3.33940676206783,4.04593051638306,4.11360603658798,1.47852302334655e-66,,,,,,,,,3.79722597950595
"canonical","B2_sweep_serial",2,200,72,"GATT","g=4_t=5",4,5,1,"doubleml",3.57825161815626,0.279405775295931,3.03062635718415,3.11866991103765,4.03783332527487,4.12587687912837,7.5247510538814e-38,,,,,,,,,3.79722597950595
"canonical","B2_sweep_serial",2,200,72,"GATT","g=4_t=6",4,6,2,"doubleml",3.71022609045693,0.277112400662252,3.16709576120534,3.25441664977803,4.16603553113584,4.25335641970852,3.51135035978361e-41,,,,,,,,,3.79722597950595
"canonical","B2_sweep_serial",2,200,72,"GATT","g=4_t=7",4,7,3,"doubleml",3.81702694036148,0.323325109897136,3.18332136466704,3.28520434004673,4.34884954067622,4.45073251605591,1.82722547826825e-32,,,,,,,,,3.79722597950595
"canonical","B2_sweep_serial",2,200,72,"CATT","surface",,,,"doubleml",,,,,,,,0.967759380500654,0.791255064696352,412,0.230126772239945,0.381067961165049,1.07269928164033,0.330097087378641,0.900237812634941,
"canonical","B2_sweep_serial",2,200,73,"GATT","g=4_t=4",4,4,0,"doubleml",3.75119314339518,0.237175524292971,3.28633765409983,3.36107403355979,4.14131225323057,4.21604863269053,1.2047124938276e-56,,,,,,,,,3.86617069334099
"canonical","B2_sweep_serial",2,200,73,"GATT","g=4_t=5",4,5,1,"doubleml",3.8617509786423,0.268470748546955,3.33555797643722,3.42015579401185,4.30334616327276,4.38794398084739,3.24882650152285e-47,,,,,,,,,3.86617069334099
"canonical","B2_sweep_serial",2,200,73,"GATT","g=4_t=6",4,6,2,"doubleml",3.85561430692819,0.245069090287952,3.37528771245105,3.45251143349169,4.25871718036469,4.33594090140532,4.50929246484591e-56,,,,,,,,,3.86617069334099
"canonical","B2_sweep_serial",2,200,73,"GATT","g=4_t=7",4,7,3,"doubleml",3.74558135893893,0.270091175790707,3.21621237767147,3.30132080807488,4.18984190980297,4.27495034020638,4.9609561138497e-44,,,,,,,,,3.86617069334099
"canonical","B2_sweep_serial",2,200,73,"CATT","surface",,,,"doubleml",,,,,,,,1.0683793470603,0.867235771554197,376,0.259526137479929,0.324468085106383,1.00037203362251,0.271276595744681,0.839538859383195,
"canonical","B2_sweep_serial",2,200,74,"GATT","g=4_t=4",4,4,0,"doubleml",3.54478340803759,0.185759717554973,3.18070104897968,3.23923579357843,3.85033102249676,3.90886576709551,1.76054048410751e-81,,,,,,,,,3.87626890235501
"canonical","B2_sweep_serial",2,200,74,"GATT","g=4_t=5",4,5,1,"doubleml",3.78914166646226,0.235746715116258,3.32708659171614,3.40137273911642,4.1769105938081,4.25119674120838,1.97467452898167e-58,,,,,,,,,3.87626890235501
"canonical","B2_sweep_serial",2,200,74,"GATT","g=4_t=6",4,6,2,"doubleml",3.98033709896979,0.267530431354575,3.45598708461035,3.54028859883449,4.42038559910509,4.50468711332923,2.28746075094663e-50,,,,,,,,,3.87626890235501
"canonical","B2_sweep_serial",2,200,74,"GATT","g=4_t=7",4,7,3,"doubleml",3.88625286203656,0.333422549870241,3.23275666750269,3.3378214471923,4.43468427688083,4.53974905657044,1.07381681424103e-31,,,,,,,,,3.87626890235501
"canonical","B2_sweep_serial",2,200,74,"CATT","surface",,,,"doubleml",,,,,,,,1.13526087134818,0.955616059830238,444,0.30516584125716,0.283783783783784,1.00199182134868,0.240990990990991,0.840898228392284,
"canonical","B2_sweep_serial",2,200,75,"GATT","g=4_t=4",4,4,0,"doubleml",3.84421103568623,0.188368098450885,3.47501634397404,3.5343730154769,4.15404905589556,4.21340572739842,7.10277178746914e-93,,,,,,,,,3.89635317869597
"canonical","B2_sweep_serial",2,200,75,"GATT","g=4_t=5",4,5,1,"doubleml",3.62202682295923,0.236019000681241,3.15943807830802,3.23381002561269,4.01024362030577,4.08461556761044,1.87382642881572e-53,,,,,,,,,3.89635317869597
"canonical","B2_sweep_serial",2,200,75,"GATT","g=4_t=6",4,6,2,"doubleml",3.8713658710466,0.274170769405104,3.33400103316029,3.42039498430753,4.32233675778566,4.4087307089329,1.42444559452795e-45,,,,,,,,,3.89635317869597
"canonical","B2_sweep_serial",2,200,75,"GATT","g=4_t=7",4,7,3,"doubleml",3.74155262146776,0.469742027653966,2.82087515797898,2.96889556831302,4.5142096746225,4.66223008495654,8.25303345942405e-16,,,,,,,,,3.89635317869597
"canonical","B2_sweep_serial",2,200,75,"CATT","surface",,,,"doubleml",,,,,,,,1.06883465534486,0.901476795169067,416,0.259371331209458,0.348557692307692,1.14491286886924,0.28125,0.960841378724838,
"canonical","B2_sweep_serial",2,200,76,"GATT","g=4_t=4",4,4,0,"doubleml",3.97524621217022,0.279229650181177,3.42796615008252,3.51595420515111,4.43453821918933,4.52252627425792,2.72010212289346e-46,,,,,,,,,3.64894386119325
"canonical","B2_sweep_serial",2,200,76,"GATT","g=4_t=5",4,5,1,"doubleml",4.06617846551495,0.268915108357736,3.53911453407769,3.62385237387229,4.5085045571576,4.59324239695221,5.91600464145312e-52,,,,,,,,,3.64894386119325
"canonical","B2_sweep_serial",2,200,76,"GATT","g=4_t=6",4,6,2,"doubleml",4.0666331520517,0.303622878592246,3.47154324043453,3.56721784570773,4.56604845839567,4.66172306366887,3.29100729345729e-41,,,,,,,,,3.64894386119325
"canonical","B2_sweep_serial",2,200,76,"GATT","g=4_t=7",4,7,3,"doubleml",3.88880305736999,0.25464983781921,3.3896985426385,3.46994125303371,4.30766486170627,4.38790757210148,5.9501653469627e-53,,,,,,,,,3.64894386119325
"canonical","B2_sweep_serial",2,200,76,"CATT","surface",,,,"doubleml",,,,,,,,1.05623050179089,0.865583183044842,332,0.298559806270879,0.358433734939759,1.08426920993681,0.322289156626506,0.909947604671006,
"canonical","B2_sweep_serial",2,200,77,"GATT","g=4_t=4",4,4,0,"doubleml",3.70059487474022,0.192034080952454,3.32421498930033,3.38472684854925,4.01646290093119,4.07697476018012,4.74967207213098e-83,,,,,,,,,3.8059067070661
"canonical","B2_sweep_serial",2,200,77,"GATT","g=4_t=5",4,5,1,"doubleml",3.64128705434299,0.298482519200533,3.05627206208063,3.15032688870591,4.13224721998006,4.22630204660534,1.56694024677254e-34,,,,,,,,,3.8059067070661
"canonical","B2_sweep_serial",2,200,77,"GATT","g=4_t=6",4,6,2,"doubleml",3.88999039710748,0.252893735739573,3.39432777923241,3.4740171243013,4.30596366991366,4.38565301498256,1.08221967050388e-53,,,,,,,,,3.8059067070661
"canonical","B2_sweep_serial",2,200,77,"GATT","g=4_t=7",4,7,3,"doubleml",3.86216507300684,0.364826965859637,3.14711735369272,3.26207797890475,4.46225216710892,4.57721279232095,1.72492620389666e-26,,,,,,,,,3.8059067070661
"canonical","B2_sweep_serial",2,200,77,"CATT","surface",,,,"doubleml",,,,,,,,1.09903220997664,0.937534523154704,400,0.288131060548637,0.29,1.08605260744572,0.2325,0.911444279368154,
"canonical","B2_sweep_serial",2,200,78,"GATT","g=4_t=4",4,4,0,"doubleml",3.8755484650361,0.17365047390568,3.53519978759803,3.58991878843045,4.16117814164176,4.21589714247418,1.23275927462738e-110,,,,,,,,,3.86885637002499
"canonical","B2_sweep_serial",2,200,78,"GATT","g=4_t=5",4,5,1,"doubleml",3.79296079745031,0.213468435442713,3.37457034884627,3.44183638753863,4.144085207362,4.21135124605436,6.22560501861781e-71,,,,,,,,,3.86885637002499
"canonical","B2_sweep_serial",2,200,78,"GATT","g=4_t=6",4,6,2,"doubleml",3.7462268706144,0.273108997248795,3.21094306793066,3.29700244405373,4.19545129717507,4.28151067329814,4.01790602982616e-43,,,,,,,,,3.86885637002499
"canonical","B2_sweep_serial",2,200,78,"GATT","g=4_t=7",4,7,3,"doubleml",3.85944016720878,0.26053973909896,3.34879165800542,3.4308903351929,4.28798999922466,4.37008867641213,6.01410104822335e-50,,,,,,,,,3.86885637002499
"canonical","B2_sweep_serial",2,200,78,"CATT","surface",,,,"doubleml",,,,,,,,1.06275193458795,0.898763196608295,408,0.273124188202095,0.242647058823529,0.902335718964603,0.183823529411765,0.757264172546946,
"canonical","B2_sweep_serial",2,200,79,"GATT","g=4_t=4",4,4,0,"doubleml",3.81481096497502,0.192598845316921,3.43732416171229,3.4980139838601,4.13160794608994,4.19229776823776,1.29458563808376e-87,,,,,,,,,3.71866333196542
"canonical","B2_sweep_serial",2,200,79,"GATT","g=4_t=5",4,5,1,"doubleml",3.67833189505925,0.269740462112665,3.14965029997506,3.23464821699138,4.12201557312711,4.20701349014344,1.21372554555273e-42,,,,,,,,,3.71866333196542
"canonical","B2_sweep_serial",2,200,79,"GATT","g=4_t=6",4,6,2,"doubleml",3.79660424066383,0.265073121124766,3.27707046589164,3.36059765708927,4.23261082423838,4.31613801543601,7.8756866625717e-47,,,,,,,,,3.71866333196542
"canonical","B2_sweep_serial",2,200,79,"GATT","g=4_t=7",4,7,3,"doubleml",4.05204374698282,0.275570321329332,3.5119358377089,3.59877080166298,4.50531669230266,4.59215165625674,3.02870579826905e-49,,,,,,,,,3.71866333196542
"canonical","B2_sweep_serial",2,200,79,"CATT","surface",,,,"doubleml",,,,,,,,1.10424416131867,0.869547841148591,384,0.337106091267681,0.361979166666667,0.982905041196513,0.309895833333333,0.824880094038589,
"canonical","B2_sweep_serial",2,200,80,"GATT","g=4_t=4",4,4,0,"doubleml",3.89361459244151,0.190394182079201,3.52044884975683,3.58044396047181,4.20678522441122,4.26678033512619,2.98648667628623e-93,,,,,,,,,3.70334336480337
"canonical","B2_sweep_serial",2,200,80,"GATT","g=4_t=5",4,5,1,"doubleml",3.91620552118619,0.222444759932392,3.48022179973006,3.55031636803236,4.28209467434003,4.35218924264232,1.12168749252494e-69,,,,,,,,,3.70334336480337
"canonical","B2_sweep_serial",2,200,80,"GATT","g=4_t=6",4,6,2,"doubleml",4.09422478799582,0.239576561291921,3.62466335261986,3.70015632284856,4.48829325314308,4.56378622337178,8.89654172790223e-66,,,,,,,,,3.70334336480337
"canonical","B2_sweep_serial",2,200,80,"GATT","g=4_t=7",4,7,3,"doubleml",4.19847728453994,0.258855642567549,3.69112954391067,3.77269754544013,4.62425702363974,4.7058250251692,1.83953443662534e-59,,,,,,,,,3.70334336480337
"canonical","B2_sweep_serial",2,200,80,"CATT","surface",,,,"doubleml",,,,,,,,1.0670301021021,0.879882021147305,360,0.293975695696097,0.297222222222222,0.893029320073015,0.25,0.7494539946853,
"canonical","B2_sweep_serial",2,200,81,"GATT","g=4_t=4",4,4,0,"doubleml",3.68104690968674,0.198431949160407,3.29212743288252,3.35465532438245,4.00743849499104,4.06996638649097,4.02659743819123e-77,,,,,,,,,3.51675841824744
"canonical","B2_sweep_serial",2,200,81,"GATT","g=4_t=5",4,5,1,"doubleml",3.53255792877164,0.230304659533857,3.08116908705302,3.15374038831873,3.91137546922454,3.98394677049025,2.11004173599916e-53,,,,,,,,,3.51675841824744
"canonical","B2_sweep_serial",2,200,81,"GATT","g=4_t=6",4,6,2,"doubleml",3.7619183395846,0.282410381616774,3.20840415838946,3.29739449374073,4.22644218542848,4.31543252077974,8.76675634471184e-41,,,,,,,,,3.51675841824744
"canonical","B2_sweep_serial",2,200,81,"GATT","g=4_t=7",4,7,3,"doubleml",3.99434489187562,0.326826953853485,3.35377582809312,3.4567622695219,4.53192751422934,4.63491395565811,1.19188769985135e-34,,,,,,,,,3.51675841824744
"canonical","B2_sweep_serial",2,200,81,"CATT","surface",,,,"doubleml",,,,,,,,1.1705801325663,0.968217639725435,400,0.365651303794599,0.3,1.01719578175024,0.2525,0.853657796977396,
"canonical","B2_sweep_serial",2,200,82,"GATT","g=4_t=4",4,4,0,"doubleml",3.787182745959,0.194874705492517,3.40523533868307,3.46664230713081,4.10772318478719,4.16913015323494,1.99292745622234e-84,,,,,,,,,3.92885929265747
"canonical","B2_sweep_serial",2,200,82,"GATT","g=4_t=5",4,5,1,"doubleml",3.79107459497241,0.292550378073655,3.21768638576165,3.30987193539644,4.27227725454837,4.36446280418316,1.04876828068845e-38,,,,,,,,,3.92885929265747
"canonical","B2_sweep_serial",2,200,82,"GATT","g=4_t=6",4,6,2,"doubleml",4.01711900106017,0.32101764776747,3.38793596807124,3.48909183905925,4.54514616306108,4.64630203404909,3.14134697148966e-36,,,,,,,,,3.92885929265747
"canonical","B2_sweep_serial",2,200,82,"GATT","g=4_t=7",4,7,3,"doubleml",3.79322557050789,0.312034355835346,3.18164946630742,3.2799746121747,4.30647652884108,4.40480167470836,2.65110331349254e-34,,,,,,,,,3.92885929265747
"canonical","B2_sweep_serial",2,200,82,"CATT","surface",,,,"doubleml",,,,,,,,1.10223275419441,0.891513790475121,400,0.255339722089724,0.3675,1.09804737683804,0.32,0.921510609369129,
"canonical","B2_sweep_serial",2,200,83,"GATT","g=4_t=4",4,4,0,"doubleml",3.85561722974723,0.196257171576562,3.47096023871535,3.53280283605084,4.17843162344362,4.24027422077912,3.14372415578646e-86,,,,,,,,,3.60826506493337
"canonical","B2_sweep_serial",2,200,83,"GATT","g=4_t=5",4,5,1,"doubleml",3.79052807387861,0.297205767816931,3.20801546836506,3.30166797786186,4.27938816989536,4.37304067939215,1.48294717846836e-37,,,,,,,,,3.60826506493337
"canonical","B2_sweep_serial",2,200,83,"GATT","g=4_t=6",4,6,2,"doubleml",3.92457795053092,0.34980609041989,3.23897060632719,3.3491980034794,4.49995789758243,4.61018529473465,1.63935673456599e-29,,,,,,,,,3.60826506493337
"canonical","B2_sweep_serial",2,200,83,"GATT","g=4_t=7",4,7,3,"doubleml",3.7553617489964,0.300578199418669,3.16623929895099,3.2609544953698,4.249769002623,4.34448419904181,4.0356061973751e-36,,,,,,,,,3.60826506493337
"canonical","B2_sweep_serial",2,200,83,"CATT","surface",,,,"doubleml",,,,,,,,1.05144422917614,0.883476683389028,408,0.309511700229845,0.333333333333333,1.12094969539728,0.279411764705882,0.940730845195629,
"canonical","B2_sweep_serial",2,200,84,"GATT","g=4_t=4",4,4,0,"doubleml",3.81829019007868,0.201683956930593,3.42299689511717,3.48654952678557,4.1500308533718,4.21358348504019,3.10507103511234e-80,,,,,,,,,3.90992698500896
"canonical","B2_sweep_serial",2,200,84,"GATT","g=4_t=5",4,5,1,"doubleml",3.75671450688731,0.334240060111783,3.10161602171038,3.20693840705221,4.30649060672242,4.41181299206424,1.30324613756672e-29,,,,,,,,,3.90992698500896
"canonical","B2_sweep_serial",2,200,84,"GATT","g=4_t=6",4,6,2,"doubleml",3.70926362480816,0.367708602248286,2.9885680019112,3.10443665956566,4.31409059005066,4.42995924770512,3.13709089782701e-24,,,,,,,,,3.90992698500896
"canonical","B2_sweep_serial",2,200,84,"GATT","g=4_t=7",4,7,3,"doubleml",3.85218269730372,0.323279439977836,3.218566633007,3.32043521733841,4.38393017726902,4.48579876160044,4.8870922639893e-33,,,,,,,,,3.90992698500896
"canonical","B2_sweep_serial",2,200,84,"CATT","surface",,,,"doubleml",,,,,,,,1.01478124917097,0.851658612874371,420,0.235908150961399,0.366666666666667,1.20235173366606,0.302380952380952,1.00904560416801,
"canonical","B2_sweep_serial",2,200,85,"GATT","g=4_t=4",4,4,0,"doubleml",3.89716068626025,0.164610671369981,3.57452969635925,3.62640016501465,4.16792120750584,4.21979167616124,3.26143216667536e-124,,,,,,,,,3.95853016205639
"canonical","B2_sweep_serial",2,200,85,"GATT","g=4_t=5",4,5,1,"doubleml",3.97078937937818,0.238160482988662,3.50400340649779,3.57905015629234,4.36252860246401,4.43757535225857,1.03433309356717e-62,,,,,,,,,3.95853016205639
"canonical","B2_sweep_serial",2,200,85,"GATT","g=4_t=6",4,6,2,"doubleml",3.87379635542,0.281230933433568,3.32259385020381,3.41121252963806,4.33638018120194,4.42499886063619,1.81614430872373e-43,,,,,,,,,3.95853016205639
"canonical","B2_sweep_serial",2,200,85,"GATT","g=4_t=7",4,7,3,"doubleml",4.25519490608458,0.282595980051333,3.70131695863925,3.79036577791323,4.72002403425594,4.80907285352992,1.54062969452754e-51,,,,,,,,,3.95853016205639
"canonical","B2_sweep_serial",2,200,85,"CATT","surface",,,,"doubleml",,,,,,,,1.00025537556456,0.818595007119442,416,0.250612132666185,0.338942307692308,0.947248707721452,0.28125,0.794956349142363,
"canonical","B2_sweep_serial",2,200,86,"GATT","g=4_t=4",4,4,0,"doubleml",3.60737951572919,0.208703384913839,3.19832839461993,3.26409291824013,3.95066611321826,4.01643063683846,3.06593354820723e-67,,,,,,,,,3.79779661642343
"canonical","B2_sweep_serial",2,200,86,"GATT","g=4_t=5",4,5,1,"doubleml",3.31697305564436,0.253989820152262,2.81916215177946,2.89919688400764,3.73474922728109,3.81478395950927,2.80576538645903e-39,,,,,,,,,3.79779661642343
"canonical","B2_sweep_serial",2,200,86,"GATT","g=4_t=6",4,6,2,"doubleml",3.57083266168141,0.306002970174968,2.9710778562454,3.06750245217723,4.07416287118559,4.17058746711742,9.14884666597502e-32,,,,,,,,,3.79779661642343
"canonical","B2_sweep_serial",2,200,86,"GATT","g=4_t=7",4,7,3,"doubleml",3.28600556808396,0.409388108305115,2.48361961377784,2.61262190058586,3.95938923558207,4.08839152239009,5.00946303869471e-16,,,,,,,,,3.79779661642343
"canonical","B2_sweep_serial",2,200,86,"CATT","surface",,,,"doubleml",,,,,,,,1.09866459094161,0.887061014528953,428,0.248200799769703,0.397196261682243,1.15450139235816,0.317757009345794,0.968888323064037,
"canonical","B2_sweep_serial",2,200,87,"GATT","g=4_t=4",4,4,0,"doubleml",4.00207338550335,0.200246474725731,3.60959750391401,3.67269717056483,4.33144960044187,4.39454926709269,3.6648427236107e-89,,,,,,,,,3.80418900622659
"canonical","B2_sweep_serial",2,200,87,"GATT","g=4_t=5",4,5,1,"doubleml",3.81527808866507,0.200042227406797,3.42320252446793,3.48623783074609,4.14431834658405,4.2073536528622,2.14246553166792e-81,,,,,,,,,3.80418900622659
"canonical","B2_sweep_serial",2,200,87,"GATT","g=4_t=6",4,6,2,"doubleml",4.26292653078672,0.28740232145806,3.6996283272125,3.79019167272715,4.7356613888463,4.82622473436095,4.50791316806378e-50,,,,,,,,,3.80418900622659
"canonical","B2_sweep_serial",2,200,87,"GATT","g=4_t=7",4,7,3,"doubleml",4.06938242368988,0.260454832201905,3.55890032894811,3.64097225112325,4.49779259625651,4.57986451843166,2.49306807834494e-55,,,,,,,,,3.80418900622659
"canonical","B2_sweep_serial",2,200,87,"CATT","surface",,,,"doubleml",,,,,,,,1.14673502050386,0.969165564207856,372,0.297894488335256,0.25,0.929165872051239,0.223118279569892,0.779780751741853,
"canonical","B2_sweep_serial",2,200,88,"GATT","g=4_t=4",4,4,0,"doubleml",3.72188514071214,0.204843565546865,3.32039912660865,3.38494738254812,4.05882289887617,4.12337115481564,4.50876722629314e-74,,,,,,,,,3.66138182025595
"canonical","B2_sweep_serial",2,200,88,"GATT","g=4_t=5",4,5,1,"doubleml",3.68023843573638,0.231163237138285,3.22716681282187,3.30000866047652,4.06046821099623,4.13331005865088,2.2829126161568e-57,,,,,,,,,3.66138182025595
"canonical","B2_sweep_serial",2,200,88,"GATT","g=4_t=6",4,6,2,"doubleml",3.48768394647454,0.326959954977387,2.84685420527724,2.94988255669016,4.02548533625891,4.12851368767184,7.26150411450448e-27,,,,,,,,,3.66138182025595
"canonical","B2_sweep_serial",2,200,88,"GATT","g=4_t=7",4,7,3,"doubleml",3.7601276147802,0.298683347710451,3.17471900586823,3.26883711556527,4.25141811399512,4.34553622369216,1.21349242827974e-36,,,,,,,,,3.66138182025595
"canonical","B2_sweep_serial",2,200,88,"CATT","surface",,,,"doubleml",,,,,,,,1.10403953797757,0.924158265783425,376,0.290230841091277,0.295212765957447,1.04039799356363,0.25531914893617,0.87312971121159,
"canonical","B2_sweep_serial",2,200,89,"GATT","g=4_t=4",4,4,0,"doubleml",4.03676321773949,0.241743989122558,3.56295370184289,3.6391296502553,4.43439678522369,4.5105727336361,6.71949743798336e-63,,,,,,,,,3.78407859322158
"canonical","B2_sweep_serial",2,200,89,"GATT","g=4_t=5",4,5,1,"doubleml",3.69667979251807,0.338502795838304,3.03322649877565,3.13989211477225,4.25346747026389,4.3601330862605,4.5904307894468e-28,,,,,,,,,3.78407859322158
"canonical","B2_sweep_serial",2,200,89,"GATT","g=4_t=6",4,6,2,"doubleml",3.82692331850013,0.303501431326743,3.23207143915124,3.32770777517661,4.32613886182365,4.42177519784902,9.38939452871638e-37,,,,,,,,,3.78407859322158
"canonical","B2_sweep_serial",2,200,89,"GATT","g=4_t=7",4,7,3,"doubleml",3.75355810462629,0.33175290125762,3.1033343612658,3.20787301798109,4.29924319127149,4.40378184798678,5.57323107340793e-30,,,,,,,,,3.78407859322158
"canonical","B2_sweep_serial",2,200,89,"CATT","surface",,,,"doubleml",,,,,,,,1.11569013700301,0.907161603262671,420,0.31931859280466,0.376190476190476,1.1911692161742,0.285714285714286,0.999660937599366,
"canonical","B2_sweep_serial",2,200,90,"GATT","g=4_t=4",4,4,0,"doubleml",3.71737647689594,0.174864307643621,3.37464872902952,3.4297502210111,4.00500273278078,4.06010422476236,1.37139384574915e-100,,,,,,,,,3.75203137026621
"canonical","B2_sweep_serial",2,200,90,"GATT","g=4_t=5",4,5,1,"doubleml",3.56543649910404,0.269990136719445,3.03626555077885,3.12134214276051,4.00953085544756,4.09460744742923,4.06145411129368e-40,,,,,,,,,3.75203137026621
"canonical","B2_sweep_serial",2,200,90,"GATT","g=4_t=6",4,6,2,"doubleml",3.69492204062435,0.261782835877042,3.18183710648744,3.26432749590065,4.12551658534804,4.20800697476126,1.54699440875355e-45,,,,,,,,,3.75203137026621
"canonical","B2_sweep_serial",2,200,90,"GATT","g=4_t=7",4,7,3,"doubleml",3.68130834499882,0.283418999017566,3.12581731000836,3.21512547078878,4.14749121920886,4.23679937998929,7.0698871462508e-39,,,,,,,,,3.75203137026621
"canonical","B2_sweep_serial",2,200,90,"CATT","surface",,,,"doubleml",,,,,,,,1.07718976917504,0.872032815683942,400,0.261080826409908,0.3225,0.970237332659494,0.3,0.814249015581051,
"canonical","B2_sweep_serial",2,200,91,"GATT","g=4_t=4",4,4,0,"doubleml",3.79038424641749,0.20231937153242,3.39384556171132,3.4575984188749,4.12317007396008,4.18692293112366,1.2914788599368e-78,,,,,,,,,3.82096226612776
"canonical","B2_sweep_serial",2,200,91,"GATT","g=4_t=5",4,5,1,"doubleml",3.88688739109347,0.273407045497681,3.35101942457165,3.43717271867843,4.33660206350851,4.42275535761528,3.61991508730215e-46,,,,,,,,,3.82096226612776
"canonical","B2_sweep_serial",2,200,91,"GATT","g=4_t=6",4,6,2,"doubleml",3.63661885830405,0.276412611587152,3.09486009044725,3.18196046848448,4.09127724812363,4.17837762616085,7.809044008586e-40,,,,,,,,,3.82096226612776
"canonical","B2_sweep_serial",2,200,91,"GATT","g=4_t=7",4,7,3,"doubleml",3.81013719680192,0.293120061427311,3.2356324287266,3.32799749128296,4.29227690232088,4.38464196487724,6.23385189364216e-39,,,,,,,,,3.82096226612776
"canonical","B2_sweep_serial",2,200,91,"CATT","surface",,,,"doubleml",,,,,,,,0.994049707245993,0.841880649524388,348,0.261825742580984,0.298850574712644,1.02433509358005,0.238505747126437,0.859649297648081,
"canonical","B2_sweep_serial",2,200,92,"GATT","g=4_t=4",4,4,0,"doubleml",3.68656009926773,0.215036845389373,3.26509562363099,3.33285588398164,4.04026431455382,4.10802457490447,3.49318377052392e-66,,,,,,,,,4.05956306991659
"canonical","B2_sweep_serial",2,200,92,"GATT","g=4_t=5",4,5,1,"doubleml",3.96484124653564,0.234397447747834,3.50543068725801,3.57929166701783,4.35039082605346,4.42425180581328,1.74302044307607e-64,,,,,,,,,4.05956306991659
"canonical","B2_sweep_serial",2,200,92,"GATT","g=4_t=6",4,6,2,"doubleml",3.84371889660865,0.25194247197785,3.34992072146105,3.42931031380599,4.2581274794113,4.33751707175624,7.47032033609831e-53,,,,,,,,,4.05956306991659
"canonical","B2_sweep_serial",2,200,92,"GATT","g=4_t=7",4,7,3,"doubleml",3.8197385564125,0.35789825144103,3.11827086792513,3.23104818593671,4.40842892688828,4.52120624489986,6.83035374336673e-27,,,,,,,,,4.05956306991659
"canonical","B2_sweep_serial",2,200,92,"CATT","surface",,,,"doubleml",,,,,,,,1.03543836665317,0.858886956423476,424,0.232151445869322,0.330188679245283,1.03807044927467,0.287735849056604,0.871176374041174,
"canonical","B2_sweep_serial",2,200,93,"GATT","g=4_t=4",4,4,0,"doubleml",3.75950181745045,0.178464040116761,3.40971872352705,3.46595452720824,4.05304910769267,4.10928491137386,8.17816644499965e-99,,,,,,,,,3.77586877126427
"canonical","B2_sweep_serial",2,200,93,"GATT","g=4_t=5",4,5,1,"doubleml",3.71141186562611,0.242761488491904,3.23560808759556,3.31210466023425,4.11071907101797,4.18721564365666,4.57498276179395e-53,,,,,,,,,3.77586877126427
"canonical","B2_sweep_serial",2,200,93,"GATT","g=4_t=6",4,6,2,"doubleml",3.27859667604402,0.255026643845695,2.77875363506564,2.85911508080785,3.69807827128019,3.7784397170224,3.98471613840598e-38,,,,,,,,,3.77586877126427
"canonical","B2_sweep_serial",2,200,93,"GATT","g=4_t=7",4,7,3,"doubleml",3.3985773611717,0.241692425475297,2.92486890816744,3.00102860835896,3.79612611398445,3.87228581417597,3.27047155122389e-45,,,,,,,,,3.77586877126427
"canonical","B2_sweep_serial",2,200,93,"CATT","surface",,,,"doubleml",,,,,,,,1.1177358803189,0.909579673073288,408,0.256682808190775,0.306372549019608,0.8995691829683,0.252450980392157,0.754942421841493,
"canonical","B2_sweep_serial",2,200,94,"GATT","g=4_t=4",4,4,0,"doubleml",3.5030529163079,0.234419614499498,3.04359891099501,3.11746687571995,3.88863895689586,3.9625069216208,8.58384076005636e-51,,,,,,,,,3.70004148034552
"canonical","B2_sweep_serial",2,200,94,"GATT","g=4_t=5",4,5,1,"doubleml",3.78104656016738,0.267707321119206,3.25634984823729,3.34070710219516,4.22138601813959,4.30574327209746,1.35474576309285e-45,,,,,,,,,3.70004148034552
"canonical","B2_sweep_serial",2,200,94,"GATT","g=4_t=6",4,6,2,"doubleml",3.74620688383825,0.330436971855874,3.09856231473172,3.20268630893323,4.28972745874327,4.39385145294478,4.29580566886066e-30,,,,,,,,,3.70004148034552
"canonical","B2_sweep_serial",2,200,94,"GATT","g=4_t=7",4,7,3,"doubleml",3.37640872594179,0.313871945797961,2.76123101156784,2.86013520040823,3.89268225147535,3.99158644031575,2.73810541583211e-27,,,,,,,,,3.70004148034552
"canonical","B2_sweep_serial",2,200,94,"CATT","surface",,,,"doubleml",,,,,,,,1.08495379021682,0.885696661168792,396,0.281112010653114,0.376262626262626,1.12348650036173,0.313131313131313,0.942859799499374,
"canonical","B2_sweep_serial",2,200,95,"GATT","g=4_t=4",4,4,0,"doubleml",3.65071779218831,0.183103180758826,3.29184214961552,3.34953979290443,3.95189579147219,4.0095934347611,9.51974139713192e-89,,,,,,,,,3.66132845397124
"canonical","B2_sweep_serial",2,200,95,"GATT","g=4_t=5",4,5,1,"doubleml",3.65318655695264,0.22129368230871,3.21945890620013,3.28919075843243,4.01718235547285,4.08691420770515,1.59833746138931e-61,,,,,,,,,3.66132845397124
"canonical","B2_sweep_serial",2,200,95,"GATT","g=4_t=6",4,6,2,"doubleml",4.14465572322083,0.323667910488542,3.51027827070806,3.61226926598211,4.67704218045955,4.77903317573359,7.65937737046742e-38,,,,,,,,,3.66132845397124
"canonical","B2_sweep_serial",2,200,95,"GATT","g=4_t=7",4,7,3,"doubleml",3.77385107960224,0.294366832251628,3.19690268559501,3.28966061810582,4.25804154109866,4.35079947360947,6.31610001608697e-38,,,,,,,,,3.66132845397124
"canonical","B2_sweep_serial",2,200,95,"CATT","surface",,,,"doubleml",,,,,,,,1.08373728479504,0.874403134552676,436,0.305489059160164,0.364678899082569,1.00196456992265,0.302752293577982,0.840875358269614,
"canonical","B2_sweep_serial",2,200,96,"GATT","g=4_t=4",4,4,0,"doubleml",3.9274395723469,0.193964590911589,3.54727595688546,3.60839613912761,4.24648300556619,4.30760318780834,1.84118996251377e-91,,,,,,,,,3.80212176934469
"canonical","B2_sweep_serial",2,200,96,"GATT","g=4_t=5",4,5,1,"doubleml",4.01211010393222,0.213332524922282,3.59398603505544,3.6612092469837,4.36301096088074,4.430234172809,3.31908667123037e-79,,,,,,,,,3.80212176934469
"canonical","B2_sweep_serial",2,200,96,"GATT","g=4_t=6",4,6,2,"doubleml",4.00030592668223,0.247310878068271,3.51558550886002,3.59351563964812,4.40709621371633,4.48502634450443,3.77187136622865e-59,,,,,,,,,3.80212176934469
"canonical","B2_sweep_serial",2,200,96,"GATT","g=4_t=7",4,7,3,"doubleml",3.69961574307548,0.268949280555288,3.17248483536122,3.257233443157,4.14199804299397,4.22674665078975,2.3498707251376e-43,,,,,,,,,3.80212176934469
"canonical","B2_sweep_serial",2,200,96,"CATT","surface",,,,"doubleml",,,,,,,,1.08192046652669,0.893239705241152,392,0.278551608055942,0.313775510204082,0.905069504937341,0.244897959183673,0.7595584385602,
"canonical","B2_sweep_serial",2,200,97,"GATT","g=4_t=4",4,4,0,"doubleml",3.52930403375278,0.22566477750461,3.08700919377573,3.15811842181521,3.90048964569034,3.97159887372982,1.95627121585027e-55,,,,,,,,,3.65492675975894
"canonical","B2_sweep_serial",2,200,97,"GATT","g=4_t=5",4,5,1,"doubleml",3.8714760867173,0.236971069695193,3.40702132107323,3.48169327484489,4.26125889858972,4.33593085236137,2.67706551551306e-60,,,,,,,,,3.65492675975894
"canonical","B2_sweep_serial",2,200,97,"GATT","g=4_t=6",4,6,2,"doubleml",3.7866438200873,0.29886753657564,3.20087420763037,3.29505035708072,4.27823728309389,4.37241343254424,4.33717528715261e-37,,,,,,,,,3.65492675975894
"canonical","B2_sweep_serial",2,200,97,"GATT","g=4_t=7",4,7,3,"doubleml",3.84406533367554,0.284820577912632,3.28582725450759,3.37557706681363,4.31255360053744,4.40230341284349,8.20526048351403e-42,,,,,,,,,3.65492675975894
"canonical","B2_sweep_serial",2,200,97,"CATT","surface",,,,"doubleml",,,,,,,,1.11803303128101,0.900960949747624,416,0.307057163006083,0.358173076923077,1.025378648623,0.293269230769231,0.860525076839239,
"canonical","B2_sweep_serial",2,200,98,"GATT","g=4_t=4",4,4,0,"doubleml",3.52870004135809,0.206573737125714,3.12382295324623,3.18891640355191,3.86848367916427,3.93357712946996,1.00973482626226e-65,,,,,,,,,3.74789394410863
"canonical","B2_sweep_serial",2,200,98,"GATT","g=4_t=5",4,5,1,"doubleml",3.64278512110084,0.256454051616053,3.14014441227923,3.22095564848397,4.06461459371771,4.14542582992244,4.29961918790447e-46,,,,,,,,,3.74789394410863
"canonical","B2_sweep_serial",2,200,98,"GATT","g=4_t=6",4,6,2,"doubleml",3.62231607506813,0.324346641892052,2.98660833343882,3.08881320376542,4.15581894637084,4.25802381669745,2.92284704338635e-29,,,,,,,,,3.74789394410863
"canonical","B2_sweep_serial",2,200,98,"GATT","g=4_t=7",4,7,3,"doubleml",3.66502169789313,0.351970309946637,2.97517256132888,3.08608192569617,4.2439614700901,4.35487083445738,1.08293815909684e-25,,,,,,,,,3.74789394410863
"canonical","B2_sweep_serial",2,200,98,"CATT","surface",,,,"doubleml",,,,,,,,1.13586575830206,0.890422922465226,384,0.277099406122454,0.395833333333333,1.11653733756352,0.338541666666667,0.937027876961363,
"canonical","B2_sweep_serial",2,200,99,"GATT","g=4_t=4",4,4,0,"doubleml",3.96391498525264,0.188116666612643,3.59521309089186,3.65449053370817,4.27333943679711,4.33261687961342,7.25089118489708e-99,,,,,,,,,3.78867706319733
"canonical","B2_sweep_serial",2,200,99,"GATT","g=4_t=5",4,5,1,"doubleml",3.68226556561935,0.251043016279647,3.19023029125983,3.26933645611971,4.09519467511899,4.17430083997887,5.17746722035502e-49,,,,,,,,,3.78867706319733
"canonical","B2_sweep_serial",2,200,99,"GATT","g=4_t=6",4,6,2,"doubleml",3.86928548989246,0.269398447975103,3.34127423020539,3.42616437514682,4.3124066046381,4.39729674957954,4.43600054476668e-47,,,,,,,,,3.78867706319733
"canonical","B2_sweep_serial",2,200,99,"GATT","g=4_t=7",4,7,3,"doubleml",4.01245889458672,0.293185125604368,3.43782660306668,3.53021216799588,4.49470562117757,4.58709118610676,6.17613605863643e-43,,,,,,,,,3.78867706319733
"canonical","B2_sweep_serial",2,200,99,"CATT","surface",,,,"doubleml",,,,,,,,1.24439997302611,1.0054804020564,368,0.401100862936318,0.307065217391304,0.981690359963708,0.244565217391304,0.8238607011903,
