estimand_type,estimand_id,g,t,k,method,post_mean,post_median,sd,q025,q05,q95,q975,p_bayes_tail_min,p_bayes_two_sided,p_bayes,true,family,design,degree,N,rep,seed,task_estimator,max_control_odds,effective_sample_size,max_normalized_weight,fold_sizes
PRE,k=-4,,,-4.0,pretrend,-0.48089765849831323,-0.47613287233207646,0.23067535714546608,-0.9467013657387057,-0.8847382112055554,-0.11005003599244141,-0.049110546737745356,0.018,0.036,0.036,-0.0,correction_completion,PT_conditional,3,200,182,2259584638,raw_structured,,,,
PRE,k=-3,,,-3.0,pretrend,-0.16795730029083075,-0.15526738639868054,0.19884062188475207,-0.5759647361934404,-0.507775245868359,0.1131562493735491,0.17487262857479652,0.296,0.592,0.592,-0.0,correction_completion,PT_conditional,3,200,182,2259584638,raw_structured,,,,
PRE,k=-2,,,-2.0,pretrend,-0.11627672967987905,-0.029097731700687614,0.17520355798222553,-0.5126536780207798,-0.4455935581723037,0.08975947098744008,0.14594591315688224,0.4766666666666667,0.9533333333333334,0.9533333333333334,-0.0,correction_completion,PT_conditional,3,200,182,2259584638,raw_structured,,,,
PRE,slope,,,,pretrend,0.13534887898260572,0.12852514170171428,0.07647519313267377,0.0,0.022001824304445364,0.2704247370259469,0.29152031202705986,0.03,0.06,0.06,0.0,correction_completion,PT_conditional,3,200,182,2259584638,raw_structured,,,,
PRE_SUB,X1=0_k=-4,,,-4.0,pretrend,-0.46728783694604303,-0.46027371086635627,0.2321096327698918,-0.9396185405791639,-0.8753853783735599,-0.10032576809161495,-0.027007843084083258,0.023333333333333334,0.04666666666666667,0.04666666666666667,-0.0,correction_completion,PT_conditional,3,200,182,2259584638,raw_structured,,,,
PRE_SUB,X1=0_k=-3,,,-3.0,pretrend,-0.15747655059863283,-0.14433485207718005,0.2014325460132469,-0.5549799817580715,-0.4956049579353754,0.12960751106622576,0.2062142291530551,0.314,0.628,0.628,-0.0,correction_completion,PT_conditional,3,200,182,2259584638,raw_structured,,,,
PRE_SUB,X1=0_k=-2,,,-2.0,pretrend,-0.11085717429870022,-0.015474966690890254,0.17530780370697507,-0.5084909002547476,-0.4395587513170782,0.10129661030606862,0.15672092299541812,0.4886666666666667,0.9773333333333334,0.9773333333333334,-0.0,correction_completion,PT_conditional,3,200,182,2259584638,raw_structured,,,,
PRE_SUB,X1=1_k=-4,,,-4.0,pretrend,-0.489558454031576,-0.4822468684403066,0.23779986564071315,-0.9855194662107292,-0.9045535398516893,-0.11005003599244124,-0.0405610320343312,0.018666666666666668,0.037333333333333336,0.037333333333333336,-0.0,correction_completion,PT_conditional,3,200,182,2259584638,raw_structured,,,,
PRE_SUB,X1=1_k=-3,,,-3.0,pretrend,-0.17462686827677487,-0.1621932654683635,0.20479541971435855,-0.5984658324639975,-0.5245216333450354,0.10785455024132634,0.17351033780204492,0.294,0.588,0.588,-0.0,correction_completion,PT_conditional,3,200,182,2259584638,raw_structured,,,,
PRE_SUB,X1=1_k=-2,,,-2.0,pretrend,-0.11972553764972016,-0.03406092271393514,0.17950684879029374,-0.5380146995133607,-0.4569724972010175,0.08536831516724096,0.14277172226069829,0.4766666666666667,0.9533333333333334,0.9533333333333334,-0.0,correction_completion,PT_conditional,3,200,182,2259584638,raw_structured,,,,
PRE_SUB,X2=low_k=-4,,,-4.0,pretrend,-0.48206310261609836,-0.4794111222306829,0.23194034186208914,-0.9474382118943092,-0.8865369283445961,-0.109901473758776,-0.04911054673774521,0.018,0.036,0.036,-0.0,correction_completion,PT_conditional,3,200,182,2259584638,raw_structured,,,,
PRE_SUB,X2=low_k=-3,,,-3.0,pretrend,-0.16901271293471853,-0.15576806252827546,0.2006935189528146,-0.5759654073030359,-0.5091995619401753,0.11161642065091404,0.1748726285747965,0.2946666666666667,0.5893333333333334,0.5893333333333334,-0.0,correction_completion,PT_conditional,3,200,182,2259584638,raw_structured,,,,
PRE_SUB,X2=low_k=-2,,,-2.0,pretrend,-0.11702907021817464,-0.029569205131231655,0.17578996450602624,-0.5180748025456684,-0.446640940955604,0.08559833610109384,0.14502004404247634,0.47733333333333333,0.9546666666666667,0.9546666666666667,-0.0,correction_completion,PT_conditional,3,200,182,2259584638,raw_structured,,,,
PRE_SUB,X2=high_k=-4,,,-4.0,pretrend,-0.4793457410897642,-0.4741283084035379,0.23076805570978814,-0.9487799655324711,-0.881688340457229,-0.10944617084509516,-0.0491105467377454,0.018,0.036,0.036,-0.0,correction_completion,PT_conditional,3,200,182,2259584638,raw_structured,,,,
PRE_SUB,X2=high_k=-3,,,-3.0,pretrend,-0.16698879647239856,-0.15526738639868087,0.19801439815565702,-0.5739953244358588,-0.506428083127623,0.11320980380213037,0.17834079328833732,0.29733333333333334,0.5946666666666667,0.5946666666666667,-0.0,correction_completion,PT_conditional,3,200,182,2259584638,raw_structured,,,,
PRE_SUB,X2=high_k=-2,,,-2.0,pretrend,-0.11574882873766242,-0.028387501914082,0.17511565029543277,-0.5126536780207802,-0.44374405202535183,0.09031680605180484,0.1459459131568823,0.4786666666666667,0.9573333333333334,0.9573333333333334,-0.0,correction_completion,PT_conditional,3,200,182,2259584638,raw_structured,,,,
PRE_SUBC,X1_k=-4,,,-4.0,pretrend,-0.02227061708553291,-1.3877787807814457e-17,0.0983295376827836,-0.37649684359145696,-0.2278350068049302,2.225997164373434e-15,0.00572650090423022,0.49933333333333335,0.9986666666666667,0.9986666666666667,-0.0,correction_completion,PT_conditional,3,200,182,2259584638,raw_structured,,,,
PRE_SUBC,X1_k=-3,,,-3.0,pretrend,-0.01715031767814202,0.0,0.08875979922188236,-0.35646090385829066,-0.021671128427515746,1.3468393067483924e-15,2.582656311034263e-15,0.562,1.0,1.0,-0.0,correction_completion,PT_conditional,3,200,182,2259584638,raw_structured,,,,
PRE_SUBC,X1_k=-2,,,-2.0,pretrend,-0.008868363351019915,0.0,0.06312588080491753,-0.15218910287247572,-1.7208456881689926e-15,1.0547118733938987e-15,1.5411283360577916e-15,0.6733333333333333,1.0,1.0,-0.0,correction_completion,PT_conditional,3,200,182,2259584638,raw_structured,,,,
PRE_SUBC,X1_slope,,,,pretrend,0.00785577499742162,1.437342308666497e-17,0.036163886009664845,-0.0016445831306580044,-7.028108254100321e-16,0.0644390521495461,0.1381301389744559,0.47933333333333333,0.9586666666666667,0.9586666666666667,0.0,correction_completion,PT_conditional,3,200,182,2259584638,raw_structured,,,,
PRE_SUBC,X2_k=-4,,,-4.0,pretrend,0.0027173615263341665,0.0,0.03268729167287255,-0.0026454888891779323,-1.3322676295501878e-15,0.017998828000989956,0.030167932444751463,0.502,1.0,1.0,-0.0,correction_completion,PT_conditional,3,200,182,2259584638,raw_structured,,,,
PRE_SUBC,X2_k=-3,,,-3.0,pretrend,0.0020239164623199733,0.0,0.02271232965607794,-1.27675647831893e-15,-9.43689570931383e-16,0.012159961540632086,0.024481059742848987,0.554,1.0,1.0,-0.0,correction_completion,PT_conditional,3,200,182,2259584638,raw_structured,,,,
PRE_SUBC,X2_k=-2,,,-2.0,pretrend,0.0012802414805122228,0.0,0.01864275802838349,-1.1102230246251565e-15,-7.771561172376096e-16,1.0838552277903078e-15,0.01263903597351464,0.6773333333333333,1.0,1.0,-0.0,correction_completion,PT_conditional,3,200,182,2259584638,raw_structured,,,,
PRE_SUBC,X2_slope,,,,pretrend,-0.0009628684988681905,-1.2886517250113425e-17,0.01058214180140829,-0.01040106886672146,-0.005985525022594477,4.1561496308010016e-16,0.0008715547675105562,0.4786666666666667,0.9573333333333334,0.9573333333333334,0.0,correction_completion,PT_conditional,3,200,182,2259584638,raw_structured,,,,
PRE,k=-4,,,-4.0,reference_fold_pretrend,-0.5754130276231907,-0.5709166331506712,0.23446908324705892,-1.063301707681391,-0.9793909649510847,-0.21502414055124827,-0.15549909990763675,0.005333333333333333,0.010666666666666666,0.010666666666666666,-0.0,correction_completion,PT_conditional,3,200,182,2259584638,reference_fold_convolution_rf,,,,
PRE,k=-3,,,-3.0,reference_fold_pretrend,-0.31198811693956546,-0.30412984690332373,0.20691959611942554,-0.7224815525830438,-0.6645418751960088,0.010543839901320412,0.055217294274816676,0.06533333333333333,0.13066666666666665,0.13066666666666665,-0.0,correction_completion,PT_conditional,3,200,182,2259584638,reference_fold_convolution_rf,,,,
PRE,k=-2,,,-2.0,reference_fold_pretrend,-0.20427033308830694,-0.19520136877248506,0.18156376349627795,-0.5826324104585503,-0.5056197400113736,0.050955039428659595,0.09680780198522493,0.16666666666666666,0.3333333333333333,0.3333333333333333,-0.0,correction_completion,PT_conditional,3,200,182,2259584638,reference_fold_convolution_rf,,,,
PRE,slope,,,,reference_fold_pretrend,0.18246326070264357,0.17857638095713924,0.08178243003511773,0.03790128657374058,0.054224310249053706,0.32285848616367285,0.34001530183671536,0.008,0.016,0.016,0.0,correction_completion,PT_conditional,3,200,182,2259584638,reference_fold_convolution_rf,,,,
PRE_SUB,X1=0_k=-4,,,-4.0,reference_fold_pretrend,-0.5295887951277802,-0.5272160256885656,0.22618538624644272,-0.9870586045189886,-0.9099717072002292,-0.17123160315056624,-0.10127075614748823,0.007333333333333333,0.014666666666666666,0.014666666666666666,-0.0,correction_completion,PT_conditional,3,200,182,2259584638,reference_fold_convolution_rf,,,,
PRE_SUB,X1=0_k=-3,,,-3.0,reference_fold_pretrend,-0.2598264214911373,-0.25694426408635285,0.194755280268253,-0.6550979652968418,-0.5810093215526306,0.051360199089880806,0.10912597106256344,0.096,0.192,0.192,-0.0,correction_completion,PT_conditional,3,200,182,2259584638,reference_fold_convolution_rf,,,,
PRE_SUB,X1=0_k=-2,,,-2.0,reference_fold_pretrend,-0.16892984681248835,-0.1596956776654636,0.16587036021186954,-0.5195560737468449,-0.44780041056079695,0.07973766636460912,0.11672978013433397,0.188,0.376,0.376,-0.0,correction_completion,PT_conditional,3,200,182,2259584638,reference_fold_convolution_rf,,,,
PRE_SUB,X1=1_k=-4,,,-4.0,reference_fold_pretrend,-0.6045739028475429,-0.6010070447232196,0.2481039446148061,-1.1354521822751762,-1.035906976224857,-0.23484043062650647,-0.1538766887165726,0.004,0.008,0.008,-0.0,correction_completion,PT_conditional,3,200,182,2259584638,reference_fold_convolution_rf,,,,
PRE_SUB,X1=1_k=-3,,,-3.0,reference_fold_pretrend,-0.34518192313401974,-0.336072399440446,0.22157612514379735,-0.7845777879766407,-0.7232327098701742,0.0,0.046867055402868375,0.056666666666666664,0.11333333333333333,0.11333333333333333,-0.0,correction_completion,PT_conditional,3,200,182,2259584638,reference_fold_convolution_rf,,,,
PRE_SUB,X1=1_k=-2,,,-2.0,reference_fold_pretrend,-0.2267597334456461,-0.2146905264375335,0.1960673199110536,-0.631807212137919,-0.5550039249810619,0.04403983236735161,0.08589815645048178,0.16133333333333333,0.32266666666666666,0.32266666666666666,-0.0,correction_completion,PT_conditional,3,200,182,2259584638,reference_fold_convolution_rf,,,,
PRE_SUB,X2=low_k=-4,,,-4.0,reference_fold_pretrend,-0.6001200901278126,-0.5990752477919934,0.24700259360604965,-1.1217620149121963,-1.027889656942684,-0.21954652706503974,-0.15331426959323435,0.0033333333333333335,0.006666666666666667,0.006666666666666667,-0.0,correction_completion,PT_conditional,3,200,182,2259584638,reference_fold_convolution_rf,,,,
PRE_SUB,X2=low_k=-3,,,-3.0,reference_fold_pretrend,-0.34209631997344314,-0.33492346274422563,0.2198392668690699,-0.7705135208159178,-0.712813315226636,0.004996128680677391,0.0501641211752414,0.06,0.12,0.12,-0.0,correction_completion,PT_conditional,3,200,182,2259584638,reference_fold_convolution_rf,,,,
PRE_SUB,X2=low_k=-2,,,-2.0,reference_fold_pretrend,-0.22567620715356035,-0.2141564437778139,0.19515701470100447,-0.6319047390587214,-0.552852051143989,0.043139517676388926,0.08360571956744203,0.162,0.324,0.324,-0.0,correction_completion,PT_conditional,3,200,182,2259584638,reference_fold_convolution_rf,,,,
PRE_SUB,X2=high_k=-4,,,-4.0,reference_fold_pretrend,-0.567848185811364,-0.5646908995788822,0.23138517941173023,-1.05169556664311,-0.968387374216356,-0.21384977203477806,-0.14140566378430025,0.005333333333333333,0.010666666666666666,0.010666666666666666,-0.0,correction_completion,PT_conditional,3,200,182,2259584638,reference_fold_convolution_rf,,,,
PRE_SUB,X2=high_k=-3,,,-3.0,reference_fold_pretrend,-0.30320319722113426,-0.29576737714524914,0.20384074683911887,-0.7042456256345605,-0.6475951452253188,0.01445905792174063,0.06111445495515502,0.06866666666666667,0.13733333333333334,0.13733333333333334,-0.0,correction_completion,PT_conditional,3,200,182,2259584638,reference_fold_convolution_rf,,,,
PRE_SUB,X2=high_k=-2,,,-2.0,reference_fold_pretrend,-0.1978526770558449,-0.1896718948593818,0.1780912920844401,-0.567902254473345,-0.49064069541541455,0.05362337311633698,0.10154861859363785,0.17,0.34,0.34,-0.0,correction_completion,PT_conditional,3,200,182,2259584638,reference_fold_convolution_rf,,,,
PRE_SUBC,X1_k=-4,,,-4.0,reference_fold_pretrend,-0.07498510771976268,-0.06434561865795463,0.10332130293645321,-0.34147899461127496,-0.26615886559839724,0.06559380011779481,0.08938942449476427,0.20733333333333334,0.4146666666666667,0.4146666666666667,-0.0,correction_completion,PT_conditional,3,200,182,2259584638,reference_fold_convolution_rf,,,,
PRE_SUBC,X1_k=-3,,,-3.0,reference_fold_pretrend,-0.0853555016428824,-0.07354563314358617,0.09029841341699725,-0.3526449493163051,-0.2370783980190749,0.02841186044069432,0.04873242729152324,0.12266666666666666,0.24533333333333332,0.24533333333333332,-0.0,correction_completion,PT_conditional,3,200,182,2259584638,reference_fold_convolution_rf,,,,
PRE_SUBC,X1_k=-2,,,-2.0,reference_fold_pretrend,-0.05782988663315776,-0.04944527249052075,0.07184392860023765,-0.2126602655138512,-0.1645521843507087,0.035060619967690616,0.052947524717611556,0.20533333333333334,0.4106666666666667,0.4106666666666667,-0.0,correction_completion,PT_conditional,3,200,182,2259584638,reference_fold_convolution_rf,,,,
PRE_SUBC,X1_slope,,,,reference_fold_pretrend,0.03239258664844362,0.028769518251738083,0.036788924415177525,-0.024897339051182275,-0.015295396045981336,0.0958945619392455,0.13186885900600662,0.15266666666666667,0.30533333333333335,0.30533333333333335,0.0,correction_completion,PT_conditional,3,200,182,2259584638,reference_fold_convolution_rf,,,,
PRE_SUBC,X2_k=-4,,,-4.0,reference_fold_pretrend,0.032271904316448795,0.03232826977009731,0.0488412744430551,-0.052833473788918554,-0.039306838561373694,0.1045055912499544,0.12084301002125741,0.22333333333333333,0.44666666666666666,0.44666666666666666,-0.0,correction_completion,PT_conditional,3,200,182,2259584638,reference_fold_convolution_rf,,,,
PRE_SUBC,X2_k=-3,,,-3.0,reference_fold_pretrend,0.03889312275230889,0.03848033325885296,0.04167409691176527,-0.034909340766401786,-0.019099259822822772,0.09874547741526388,0.11210738103432057,0.13733333333333334,0.27466666666666667,0.27466666666666667,-0.0,correction_completion,PT_conditional,3,200,182,2259584638,reference_fold_convolution_rf,,,,
PRE_SUBC,X2_k=-2,,,-2.0,reference_fold_pretrend,0.02782353009771549,0.025550064487217444,0.034125819664556176,-0.03302830598046764,-0.019879740183163578,0.08144287335498288,0.09251075871860451,0.21133333333333335,0.4226666666666667,0.4226666666666667,-0.0,correction_completion,PT_conditional,3,200,182,2259584638,reference_fold_convolution_rf,,,,
PRE_SUBC,X2_slope,,,,reference_fold_pretrend,-0.01445896346797712,-0.014374895724726626,0.016974401641560916,-0.04573208727958308,-0.03984964369694672,0.009622207078659843,0.01422123798708565,0.17,0.34,0.34,0.0,correction_completion,PT_conditional,3,200,182,2259584638,reference_fold_convolution_rf,,,,
PRE,k=-4,,,-4.0,pretrend,0.011049168877817463,0.0,0.17773205723728477,-0.3415892846635037,-0.2858391593834016,0.3070541364362421,0.3789369795964613,0.5093333333333333,1.0,1.0,-0.0,correction_completion,PT_hold,3,200,166,2802877464,raw_structured,,,,
PRE,k=-3,,,-3.0,pretrend,-0.0828813406027477,-0.04690826681029801,0.1594231384855513,-0.4370857855499606,-0.3679784390442529,0.14539189298173621,0.1921825864503323,0.42533333333333334,0.8506666666666667,0.8506666666666667,-0.0,correction_completion,PT_hold,3,200,166,2802877464,raw_structured,,,,
PRE,k=-2,,,-2.0,pretrend,-0.09496786123470288,-0.025436874304507924,0.14853822792036728,-0.44140762991236954,-0.3877270573178405,0.07538434928611829,0.13650636323618276,0.466,0.932,0.932,-0.0,correction_completion,PT_hold,3,200,166,2802877464,raw_structured,,,,
PRE,slope,,,,pretrend,0.01625593112905328,0.00374105201660903,0.06255346713664658,-0.09410118906688224,-0.07415636199054933,0.13079413353193958,0.1532776298787818,0.472,0.944,0.944,0.0,correction_completion,PT_hold,3,200,166,2802877464,raw_structured,,,,
PRE_SUB,X1=0_k=-4,,,-4.0,pretrend,0.016887759668492822,0.0022928116673544795,0.17780660594951028,-0.34125453761743874,-0.27695147809642234,0.3139823500911088,0.3882129668100898,0.49466666666666664,0.9893333333333333,0.9893333333333333,-0.0,correction_completion,PT_hold,3,200,166,2802877464,raw_structured,,,,
PRE_SUB,X1=0_k=-3,,,-3.0,pretrend,-0.07796960392311564,-0.03860186321063909,0.15959486698964045,-0.4342944940241377,-0.3692632645074461,0.15368797478828536,0.20099525444709046,0.43866666666666665,0.8773333333333333,0.8773333333333333,-0.0,correction_completion,PT_hold,3,200,166,2802877464,raw_structured,,,,
PRE_SUB,X1=0_k=-2,,,-2.0,pretrend,-0.09088685410860814,-0.015934261703078295,0.14748936835097606,-0.4372678843990627,-0.37791576587602954,0.0767714513532085,0.1429161633777473,0.47533333333333333,0.9506666666666667,0.9506666666666667,-0.0,correction_completion,PT_hold,3,200,166,2802877464,raw_structured,,,,
PRE_SUB,X1=1_k=-4,,,-4.0,pretrend,0.0039289362062621515,0.0,0.18115300441583682,-0.3571517600549791,-0.29171473227878825,0.3047816728782008,0.37885390260073804,0.5246666666666666,1.0,1.0,-0.0,correction_completion,PT_hold,3,200,166,2802877464,raw_structured,,,,
PRE_SUB,X1=1_k=-3,,,-3.0,pretrend,-0.08887126338278677,-0.05291529334609099,0.16222595018580915,-0.4454955305080758,-0.37161610488976304,0.14475432462797558,0.19218258645033248,0.41933333333333334,0.8386666666666667,0.8386666666666667,-0.0,correction_completion,PT_hold,3,200,166,2802877464,raw_structured,,,,
PRE_SUB,X1=1_k=-2,,,-2.0,pretrend,-0.09994469919335502,-0.02904037755806969,0.15227692720685526,-0.4596770585672348,-0.3974655633090644,0.06997887084139331,0.13541450232712865,0.46066666666666667,0.9213333333333333,0.9213333333333333,-0.0,correction_completion,PT_hold,3,200,166,2802877464,raw_structured,,,,
PRE_SUB,X2=low_k=-4,,,-4.0,pretrend,0.0282894613053087,0.015886931496204647,0.1805290274633956,-0.33937834568457487,-0.27578052815357557,0.3243396710222856,0.39128804225681096,0.4693333333333333,0.9386666666666666,0.9386666666666666,-0.0,correction_completion,PT_hold,3,200,166,2802877464,raw_structured,,,,
PRE_SUB,X2=low_k=-3,,,-3.0,pretrend,-0.06612874803699584,-0.019897445094637027,0.16429874776844766,-0.4336807890546466,-0.36695577591679535,0.1829264824940627,0.2290687790546592,0.4766666666666667,0.9533333333333334,0.9533333333333334,-0.0,correction_completion,PT_hold,3,200,166,2802877464,raw_structured,,,,
PRE_SUB,X2=low_k=-2,,,-2.0,pretrend,-0.0831569359372954,0.0,0.1487359747910621,-0.43493432006180405,-0.3738125884853494,0.10302493839029003,0.15124016269074025,0.512,1.0,1.0,-0.0,correction_completion,PT_hold,3,200,166,2802877464,raw_structured,,,,
PRE_SUB,X2=high_k=-4,,,-4.0,pretrend,-0.016054864944741246,0.0,0.2024319331541611,-0.4664722183126337,-0.376295114931651,0.30012315429449443,0.3721134293990191,0.534,1.0,1.0,-0.0,correction_completion,PT_hold,3,200,166,2802877464,raw_structured,,,,
PRE_SUB,X2=high_k=-3,,,-3.0,pretrend,-0.10903891552279034,-0.06302793452503627,0.1835489558985205,-0.5286060591329165,-0.4622748793317785,0.14206146245696688,0.192182586450332,0.408,0.816,0.816,-0.0,correction_completion,PT_hold,3,200,166,2802877464,raw_structured,,,,
PRE_SUB,X2=high_k=-2,,,-2.0,pretrend,-0.11434108673756833,-0.029316180713069066,0.17294128838872724,-0.5231916406456241,-0.4640371865860491,0.06520703424000157,0.1355904821993052,0.4593333333333333,0.9186666666666666,0.9186666666666666,-0.0,correction_completion,PT_hold,3,200,166,2802877464,raw_structured,,,,
PRE_SUBC,X1_k=-4,,,-4.0,pretrend,-0.012958823462230673,-2.7755575615628914e-17,0.04788831700691949,-0.14172763595958257,-0.10046479117106524,1.2226331058684524e-15,0.0021157631318178207,0.484,0.968,0.968,-0.0,correction_completion,PT_hold,3,200,166,2802877464,raw_structured,,,,
PRE_SUBC,X1_k=-3,,,-3.0,pretrend,-0.010901659459671132,0.0,0.04198052597594544,-0.12931250379929046,-0.09293491365166855,9.71445146547012e-16,0.00011959832112806208,0.5486666666666666,1.0,1.0,-0.0,correction_completion,PT_hold,3,200,166,2802877464,raw_structured,,,,
PRE_SUBC,X1_k=-2,,,-2.0,pretrend,-0.009057845084746873,0.0,0.03684748404647661,-0.12403000255028317,-0.07669380106359508,6.661338147750939e-16,1.1657341758564144e-15,0.6386666666666667,1.0,1.0,-0.0,correction_completion,PT_hold,3,200,166,2802877464,raw_structured,,,,
PRE_SUBC,X1_slope,,,,pretrend,0.0049812595993415105,7.124757133476173e-18,0.017867698938232836,-0.0006050969585268011,-4.2052175234072056e-16,0.03922229943762936,0.05560290553378254,0.484,0.968,0.968,0.0,correction_completion,PT_hold,3,200,166,2802877464,raw_structured,,,,
PRE_SUBC,X2_k=-4,,,-4.0,pretrend,-0.04434432625004995,0.0,0.13328017034643697,-0.5071892493493887,-0.39107636558697334,8.881784197001252e-16,0.012277761607737503,0.502,1.0,1.0,-0.0,correction_completion,PT_hold,3,200,166,2802877464,raw_structured,,,,
PRE_SUBC,X2_k=-3,,,-3.0,pretrend,-0.04291016748579451,0.0,0.13199368003464973,-0.5068474736756965,-0.39152189683054217,7.494005416219807e-16,0.006592920691729082,0.5466666666666666,1.0,1.0,-0.0,correction_completion,PT_hold,3,200,166,2802877464,raw_structured,,,,
PRE_SUBC,X2_k=-2,,,-2.0,pretrend,-0.031184150800272932,0.0,0.11296073727314306,-0.46301109497909715,-0.31951186356489103,4.99773833428918e-16,1.0758754998008139e-15,0.638,1.0,1.0,-0.0,correction_completion,PT_hold,3,200,166,2802877464,raw_structured,,,,
PRE_SUBC,X2_slope,,,,pretrend,0.017859818894429415,4.460717509654647e-18,0.054031574826875046,-0.003924314788095592,-3.172561419922155e-16,0.15807328237131796,0.21287192960798823,0.49133333333333334,0.9826666666666667,0.9826666666666667,0.0,correction_completion,PT_hold,3,200,166,2802877464,raw_structured,,,,
PRE,k=-4,,,-4.0,reference_fold_pretrend,-0.18323982947807546,-0.17960171520916907,0.1711729609903221,-0.5120001430786045,-0.46184004929033246,0.1036393020364548,0.14898394106353247,0.13666666666666666,0.2733333333333333,0.2733333333333333,-0.0,correction_completion,PT_hold,3,200,166,2802877464,reference_fold_convolution_rf,,,,
PRE,k=-3,,,-3.0,reference_fold_pretrend,-0.23735058231577497,-0.2377273928344566,0.16189419096945865,-0.5589996590225519,-0.49048239270791466,0.04006761639979863,0.08381209660243623,0.072,0.144,0.144,-0.0,correction_completion,PT_hold,3,200,166,2802877464,reference_fold_convolution_rf,,,,
PRE,k=-2,,,-2.0,reference_fold_pretrend,-0.2321273353692554,-0.23687146597917297,0.15145063374543125,-0.5069318929747676,-0.46460487290361613,0.02176087954783456,0.070809991187937,0.07933333333333334,0.15866666666666668,0.15866666666666668,-0.0,correction_completion,PT_hold,3,200,166,2802877464,reference_fold_convolution_rf,,,,
PRE,slope,,,,reference_fold_pretrend,0.0897534277453594,0.08898041756111554,0.06427496581156975,-0.03408963913692574,-0.01948803917286608,0.19249869708828782,0.21241569727341586,0.08333333333333333,0.16666666666666666,0.16666666666666666,0.0,correction_completion,PT_hold,3,200,166,2802877464,reference_fold_convolution_rf,,,,
PRE_SUB,X1=0_k=-4,,,-4.0,reference_fold_pretrend,-0.15952428789101222,-0.15609100293270325,0.17206270895728623,-0.48220182689356833,-0.43523370749835183,0.12410741919462552,0.1790578510737024,0.17733333333333334,0.3546666666666667,0.3546666666666667,-0.0,correction_completion,PT_hold,3,200,166,2802877464,reference_fold_convolution_rf,,,,
PRE_SUB,X1=0_k=-3,,,-3.0,reference_fold_pretrend,-0.21478418052881754,-0.2160064552360913,0.16279125150350202,-0.5375811395533783,-0.4693269603503099,0.06825712193387375,0.11248067810093272,0.096,0.192,0.192,-0.0,correction_completion,PT_hold,3,200,166,2802877464,reference_fold_convolution_rf,,,,
PRE_SUB,X1=0_k=-2,,,-2.0,reference_fold_pretrend,-0.21485183657962698,-0.22100807500870184,0.14975655233353133,-0.4897385942292245,-0.4425756870287582,0.03482387903334634,0.09087077470259672,0.08866666666666667,0.17733333333333334,0.17733333333333334,-0.0,correction_completion,PT_hold,3,200,166,2802877464,reference_fold_convolution_rf,,,,
PRE_SUB,X1=1_k=-4,,,-4.0,reference_fold_pretrend,-0.21216122165742082,-0.2065954494064539,0.17581013105955012,-0.5496617164269855,-0.5044497137085502,0.08455444321253651,0.12700781143182022,0.11466666666666667,0.22933333333333333,0.22933333333333333,-0.0,correction_completion,PT_hold,3,200,166,2802877464,reference_fold_convolution_rf,,,,
PRE_SUB,X1=1_k=-3,,,-3.0,reference_fold_pretrend,-0.26487058449499135,-0.26582040814123986,0.16562419587518185,-0.589448800955065,-0.5321088363651212,0.021755771888534503,0.06267535486188004,0.058666666666666666,0.11733333333333333,0.11733333333333333,-0.0,correction_completion,PT_hold,3,200,166,2802877464,reference_fold_convolution_rf,,,,
PRE_SUB,X1=1_k=-2,,,-2.0,reference_fold_pretrend,-0.2531950168200217,-0.2582686455891361,0.15743078217352954,-0.5410930061237597,-0.4948206652801124,0.00849491310938776,0.04967065366577726,0.068,0.136,0.136,-0.0,correction_completion,PT_hold,3,200,166,2802877464,reference_fold_convolution_rf,,,,
PRE_SUB,X2=low_k=-4,,,-4.0,reference_fold_pretrend,-0.0949691175279679,-0.09577389932421339,0.17167754145258715,-0.4223087243222375,-0.36548247474475515,0.18638034362388914,0.24472007472105256,0.2853333333333333,0.5706666666666667,0.5706666666666667,-0.0,correction_completion,PT_hold,3,200,166,2802877464,reference_fold_convolution_rf,,,,
PRE_SUB,X2=low_k=-3,,,-3.0,reference_fold_pretrend,-0.1492958166800728,-0.15531251460740036,0.16094671449723516,-0.44493259042397054,-0.39363722895882136,0.12809506504846663,0.19029189731084248,0.16666666666666666,0.3333333333333333,0.3333333333333333,-0.0,correction_completion,PT_hold,3,200,166,2802877464,reference_fold_convolution_rf,,,,
PRE_SUB,X2=low_k=-2,,,-2.0,reference_fold_pretrend,-0.16867795530420654,-0.17586547840843855,0.14238626305176633,-0.4365777340344843,-0.3790762894491258,0.08061101347045325,0.1439274171827041,0.13,0.26,0.26,-0.0,correction_completion,PT_hold,3,200,166,2802877464,reference_fold_convolution_rf,,,,
PRE_SUB,X2=high_k=-4,,,-4.0,reference_fold_pretrend,-0.24567186300240065,-0.23971153170624093,0.17993957451544665,-0.5930098134228694,-0.5336044550502489,0.05400042156501837,0.10118036383539754,0.09,0.18,0.18,-0.0,correction_completion,PT_hold,3,200,166,2802877464,reference_fold_convolution_rf,,,,
PRE_SUB,X2=high_k=-3,,,-3.0,reference_fold_pretrend,-0.2990940450397908,-0.29989000444141045,0.17085687736454327,-0.638808511490146,-0.575433416927501,-0.012003583428300596,0.03482308300031587,0.042666666666666665,0.08533333333333333,0.08533333333333333,-0.0,correction_completion,PT_hold,3,200,166,2802877464,reference_fold_convolution_rf,,,,
PRE_SUB,X2=high_k=-2,,,-2.0,reference_fold_pretrend,-0.274774794349641,-0.2766151795070627,0.1622996093437924,-0.5703244756028476,-0.5269512141057221,0.0,0.028718349268605364,0.05733333333333333,0.11466666666666667,0.11466666666666667,-0.0,correction_completion,PT_hold,3,200,166,2802877464,reference_fold_convolution_rf,,,,
PRE_SUBC,X1_k=-4,,,-4.0,reference_fold_pretrend,-0.052636933766408614,-0.04266104218824936,0.06005197505312842,-0.23641940945917161,-0.16823393728276292,-0.0030948952863042753,0.017885039658911837,0.04066666666666666,0.08133333333333333,0.08133333333333333,-0.0,correction_completion,PT_hold,3,200,166,2802877464,reference_fold_convolution_rf,,,,
PRE_SUBC,X1_k=-3,,,-3.0,reference_fold_pretrend,-0.05008640396617377,-0.04144805342850574,0.053571026758331516,-0.2205176993064822,-0.13293668861896682,-0.0077551598414554055,0.0007864457703023126,0.027333333333333334,0.05466666666666667,0.05466666666666667,-0.0,correction_completion,PT_hold,3,200,166,2802877464,reference_fold_convolution_rf,,,,
PRE_SUBC,X1_k=-2,,,-2.0,reference_fold_pretrend,-0.03834318024039476,-0.03136084654106866,0.04721520784826949,-0.18376893092995816,-0.09300479359313478,0.0,0.004786434806032442,0.052,0.104,0.104,-0.0,correction_completion,PT_hold,3,200,166,2802877464,reference_fold_convolution_rf,,,,
PRE_SUBC,X1_slope,,,,reference_fold_pretrend,0.021173342105140578,0.017383260500547393,0.022683499703000473,-0.0027993993162411085,0.0026876179719224833,0.0589482616866163,0.09216296741695199,0.034666666666666665,0.06933333333333333,0.06933333333333333,0.0,correction_completion,PT_hold,3,200,166,2802877464,reference_fold_convolution_rf,,,,
PRE_SUBC,X2_k=-4,,,-4.0,reference_fold_pretrend,-0.15070274547443274,-0.14328113481631297,0.09117065673942042,-0.3761967674042851,-0.3102036258072596,-0.027707601244744976,-0.005254306807534874,0.022,0.044,0.044,-0.0,correction_completion,PT_hold,3,200,166,2802877464,reference_fold_convolution_rf,,,,
PRE_SUBC,X2_k=-3,,,-3.0,reference_fold_pretrend,-0.149798228359718,-0.14086296434552079,0.08567708667428621,-0.3814617730779378,-0.29097050597296764,-0.03899676978204161,-0.018496753812017378,0.012666666666666666,0.025333333333333333,0.025333333333333333,-0.0,correction_completion,PT_hold,3,200,166,2802877464,reference_fold_convolution_rf,,,,
PRE_SUBC,X2_k=-2,,,-2.0,reference_fold_pretrend,-0.10609683904543447,-0.10610904993830288,0.06466658838033947,-0.23751581303110605,-0.21239835480335478,-0.0027457532422021755,0.008053932284707544,0.048666666666666664,0.09733333333333333,0.09733333333333333,-0.0,correction_completion,PT_hold,3,200,166,2802877464,reference_fold_convolution_rf,,,,
PRE_SUBC,X2_slope,,,,reference_fold_pretrend,0.06127153801344063,0.058657376875455365,0.033428843749172495,0.007495847503718227,0.015941070945160014,0.12027749328395143,0.1418562943876944,0.016,0.032,0.032,0.0,correction_completion,PT_hold,3,200,166,2802877464,reference_fold_convolution_rf,,,,
PRE,k=-4,,,-4.0,pretrend,-0.6990988338107192,-0.6921451670869287,0.21648561284614087,-1.1408901795620938,-1.082075861512485,-0.3554209277692629,-0.29918744413466025,0.0,0.0,0.0,-0.6560958662700815,correction_completion,PT_violation_a20,3,200,150,3669273800,raw_structured,,,,
PRE,k=-3,,,-3.0,pretrend,-0.48211484175789654,-0.4774516152503936,0.20780645799203126,-0.8934045396970797,-0.8307960990972891,-0.14396334966445865,-0.044862849425245994,0.020666666666666667,0.04133333333333333,0.04133333333333333,-0.4373972441800543,correction_completion,PT_violation_a20,3,200,150,3669273800,raw_structured,,,,
PRE,k=-2,,,-2.0,pretrend,-0.3817301904990498,-0.39072064505317644,0.20974765505102727,-0.7680229851724034,-0.7186093321849839,0.0,0.0,0.08333333333333333,0.16666666666666666,0.16666666666666666,-0.21869862209002716,correction_completion,PT_violation_a20,3,200,150,3669273800,raw_structured,,,,
PRE,slope,,,,pretrend,0.24594688396050002,0.2455384463031624,0.07777037579502702,0.09258980606718627,0.11130509643031385,0.3749807214336873,0.4070116384958564,0.0,0.0,0.0,0.21869862209002716,correction_completion,PT_violation_a20,3,200,150,3669273800,raw_structured,,,,
PRE_SUB,X1=0_k=-4,,,-4.0,pretrend,-0.6963641578730233,-0.6886655924850328,0.21905301402553629,-1.1408901795620936,-1.082772463020924,-0.3501944209075164,-0.2952578907984775,0.0,0.0,0.0,-0.6999547103989514,correction_completion,PT_violation_a20,3,200,150,3669273800,raw_structured,,,,
PRE_SUB,X1=0_k=-3,,,-3.0,pretrend,-0.4809560421541071,-0.47686723830872724,0.20829025217972302,-0.8934045396970792,-0.8307960990972875,-0.13381989408896977,-0.044862849425246064,0.020666666666666667,0.04133333333333333,0.04133333333333333,-0.46663647359930094,correction_completion,PT_violation_a20,3,200,150,3669273800,raw_structured,,,,
PRE_SUB,X1=0_k=-2,,,-2.0,pretrend,-0.3805978382965497,-0.3904636152883154,0.20977655844029489,-0.7680229851724036,-0.7150397231512807,0.0,0.0,0.08333333333333333,0.16666666666666666,0.16666666666666666,-0.23331823679965047,correction_completion,PT_violation_a20,3,200,150,3669273800,raw_structured,,,,
PRE_SUB,X1=1_k=-4,,,-4.0,pretrend,-0.7018851074076169,-0.6961514524268562,0.21840951167702854,-1.1441504391782429,-1.083958832484789,-0.3546616623411006,-0.2991874441346605,0.0,0.0,0.0,-0.6036082699413261,correction_completion,PT_violation_a20,3,200,150,3669273800,raw_structured,,,,
PRE_SUB,X1=1_k=-3,,,-3.0,pretrend,-0.48329550550515366,-0.4774635028025591,0.20914608383457758,-0.8961301422816668,-0.8348038877963148,-0.13939168930825904,-0.0359592998776119,0.022,0.044,0.044,-0.4024055132942174,correction_completion,PT_violation_a20,3,200,150,3669273800,raw_structured,,,,
PRE_SUB,X1=1_k=-2,,,-2.0,pretrend,-0.38288390783744597,-0.39120405833696115,0.21098255404739802,-0.7773635392755894,-0.7221131016474025,0.0,0.0,0.08333333333333333,0.16666666666666666,0.16666666666666666,-0.2012027566471087,correction_completion,PT_violation_a20,3,200,150,3669273800,raw_structured,,,,
PRE_SUB,X2=low_k=-4,,,-4.0,pretrend,-0.6972992161334267,-0.6891777223374507,0.21737404761146076,-1.1408901795620938,-1.0827724630209217,-0.3542470962586102,-0.29525789079847736,0.0,0.0,0.0,-0.5116858955567547,correction_completion,PT_violation_a20,3,200,150,3669273800,raw_structured,,,,
PRE_SUB,X2=low_k=-3,,,-3.0,pretrend,-0.4811102237186907,-0.4751259870724599,0.20885002392450933,-0.8892568846105464,-0.8310260695296584,-0.1393916893082586,-0.04067619241612709,0.02266666666666667,0.04533333333333334,0.04533333333333334,-0.3411239303711698,correction_completion,PT_violation_a20,3,200,150,3669273800,raw_structured,,,,
PRE_SUB,X2=low_k=-2,,,-2.0,pretrend,-0.3808731688558011,-0.39046361528831586,0.2098854980044958,-0.7700869166004117,-0.7186093321849825,0.0,0.0,0.084,0.168,0.168,-0.1705619651855849,correction_completion,PT_violation_a20,3,200,150,3669273800,raw_structured,,,,
PRE_SUB,X2=high_k=-4,,,-4.0,pretrend,-0.7016128779057847,-0.6939810661849541,0.21851016768582193,-1.1408901795620936,-1.0845806564991405,-0.359909528434991,-0.2991874441346604,0.0,0.0,0.0,-0.719673060075676,correction_completion,PT_violation_a20,3,200,150,3669273800,raw_structured,,,,
PRE_SUB,X2=high_k=-3,,,-3.0,pretrend,-0.4840598876611283,-0.4795714877295834,0.2089130067435435,-0.8949859531475489,-0.8307960990972878,-0.1417169995020825,-0.05139476315547407,0.020666666666666667,0.04133333333333333,0.04133333333333333,-0.47978204005045066,correction_completion,PT_violation_a20,3,200,150,3669273800,raw_structured,,,,
PRE_SUB,X2=high_k=-2,,,-2.0,pretrend,-0.3832656250652426,-0.39162960798815544,0.2105140513356935,-0.7700869166004115,-0.7228337370495712,0.0,0.0,0.084,0.168,0.168,-0.23989102002522533,correction_completion,PT_violation_a20,3,200,150,3669273800,raw_structured,,,,
PRE_SUBC,X1_k=-4,,,-4.0,pretrend,-0.005520949534593562,0.0,0.06257313347291894,-0.07236090426688498,-0.002741148631701279,0.0011249712928664626,0.011029599463541845,0.522,1.0,1.0,0.09634644045762528,correction_completion,PT_violation_a20,3,200,150,3669273800,raw_structured,,,,
PRE_SUBC,X1_k=-3,,,-3.0,pretrend,-0.0023394633510465156,0.0,0.038899686884718024,-0.009634031103456888,-4.802711675656596e-05,1.7819079545233712e-15,0.00660025075429874,0.52,1.0,1.0,0.06423096030508352,correction_completion,PT_violation_a20,3,200,150,3669273800,raw_structured,,,,
PRE_SUBC,X1_k=-2,,,-2.0,pretrend,-0.002286069540896308,0.0,0.03246501635169096,-0.002900719292718187,-1.4432899320127035e-15,1.2212453270876722e-15,2.348250165773372e-05,0.5546666666666666,1.0,1.0,0.03211548015254176,correction_completion,PT_violation_a20,3,200,150,3669273800,raw_structured,,,,
PRE_SUBC,X1_slope,,,,pretrend,0.0016805603461978586,1.3382152528963939e-17,0.019256334669274764,-0.003950449167365253,-0.00036348153240810385,0.0008941921328771609,0.02714306697267657,0.47333333333333333,0.9466666666666667,0.9466666666666667,-0.03211548015254176,correction_completion,PT_violation_a20,3,200,150,3669273800,raw_structured,,,,
PRE_SUBC,X2_k=-4,,,-4.0,pretrend,-0.004313661772357921,0.0,0.04102140384969802,-0.11047796673092289,-0.021899655708845604,1.5598633495983399e-15,0.01126571311273194,0.5573333333333333,1.0,1.0,-0.20798716451892132,correction_completion,PT_violation_a20,3,200,150,3669273800,raw_structured,,,,
PRE_SUBC,X2_k=-3,,,-3.0,pretrend,-0.002949663942437568,0.0,0.03802130552552815,-0.07689302769893137,-0.005574702556258586,1.2212453270876722e-15,0.0056685238972222565,0.546,1.0,1.0,-0.13865810967928088,correction_completion,PT_violation_a20,3,200,150,3669273800,raw_structured,,,,
PRE_SUBC,X2_k=-2,,,-2.0,pretrend,-0.002392456209441512,0.0,0.028023643987883925,-0.014077118948918298,-1.115774139748282e-15,8.881784197001252e-16,1.3614109839465906e-15,0.5686666666666667,1.0,1.0,-0.06932905483964044,correction_completion,PT_violation_a20,3,200,150,3669273800,raw_structured,,,,
PRE_SUBC,X2_slope,,,,pretrend,0.0015166263865278866,0.0,0.015254669790707841,-0.004058933920030451,-5.951588428436999e-16,0.008219326461980205,0.036950864909110814,0.5146666666666667,1.0,1.0,0.06932905483964044,correction_completion,PT_violation_a20,3,200,150,3669273800,raw_structured,,,,
PRE,k=-4,,,-4.0,reference_fold_pretrend,-0.6464539521864506,-0.6452709511347785,0.20142872915406515,-1.0647770727640113,-0.9946952612453973,-0.32306913217144745,-0.2802229577493497,0.0,0.0,0.0,-0.6560958662700815,correction_completion,PT_violation_a20,3,200,150,3669273800,reference_fold_convolution_rf,,,,
PRE,k=-3,,,-3.0,reference_fold_pretrend,-0.49498294224676964,-0.49302650191711017,0.18412628748291987,-0.8646169848817424,-0.7963157624007936,-0.19127493364300252,-0.14956138586752726,0.004666666666666667,0.009333333333333334,0.009333333333333334,-0.4373972441800543,correction_completion,PT_violation_a20,3,200,150,3669273800,reference_fold_convolution_rf,,,,
PRE,k=-2,,,-2.0,reference_fold_pretrend,-0.39242112115388644,-0.3908492082954042,0.17731794433042444,-0.7417144308890891,-0.686701397452547,-0.09252568164123294,-0.04284202777376477,0.017333333333333333,0.034666666666666665,0.034666666666666665,-0.21869862209002716,correction_completion,PT_violation_a20,3,200,150,3669273800,reference_fold_convolution_rf,,,,
PRE,slope,,,,reference_fold_pretrend,0.23726777587191267,0.23465569582084217,0.07317288762719726,0.10487371663102972,0.1196567742137595,0.3635667209333112,0.38272236610714044,0.0,0.0,0.0,0.21869862209002716,correction_completion,PT_violation_a20,3,200,150,3669273800,reference_fold_convolution_rf,,,,
PRE_SUB,X1=0_k=-4,,,-4.0,reference_fold_pretrend,-0.6151460484503298,-0.6154165564075932,0.2034871738213783,-1.0259601595364696,-0.9578714849746239,-0.29263655912024267,-0.23993551811685224,0.0006666666666666666,0.0013333333333333333,0.0013333333333333333,-0.6999547103989514,correction_completion,PT_violation_a20,3,200,150,3669273800,reference_fold_convolution_rf,,,,
PRE_SUB,X1=0_k=-3,,,-3.0,reference_fold_pretrend,-0.4605822613017393,-0.4567133520062213,0.18506343885004922,-0.826142799634527,-0.7589549529035484,-0.16813216849325058,-0.11731511393201106,0.007333333333333333,0.014666666666666666,0.014666666666666666,-0.46663647359930094,correction_completion,PT_violation_a20,3,200,150,3669273800,reference_fold_convolution_rf,,,,
PRE_SUB,X1=0_k=-2,,,-2.0,reference_fold_pretrend,-0.358168204035979,-0.35603916882816905,0.17373891900690042,-0.6994654799677393,-0.6543103602550193,-0.07911746775556967,-0.018312692994917966,0.020666666666666667,0.04133333333333333,0.04133333333333333,-0.23331823679965047,correction_completion,PT_violation_a20,3,200,150,3669273800,reference_fold_convolution_rf,,,,
PRE_SUB,X1=1_k=-4,,,-4.0,reference_fold_pretrend,-0.6783525710874039,-0.6735692194265803,0.2070844035852715,-1.1007657102316815,-1.0389205414741687,-0.3465342251760711,-0.29138145160069356,0.0,0.0,0.0,-0.6036082699413261,correction_completion,PT_violation_a20,3,200,150,3669273800,reference_fold_convolution_rf,,,,
PRE_SUB,X1=1_k=-3,,,-3.0,reference_fold_pretrend,-0.530032692643593,-0.5335391078512467,0.18952391573985858,-0.9192105934836118,-0.84240499143551,-0.21455995710283027,-0.16502176997459117,0.004,0.008,0.008,-0.4024055132942174,correction_completion,PT_violation_a20,3,200,150,3669273800,reference_fold_convolution_rf,,,,
PRE_SUB,X1=1_k=-2,,,-2.0,reference_fold_pretrend,-0.4273203197268487,-0.4271445526344662,0.18670908501838115,-0.78891735635631,-0.7328907454344337,-0.11520694400909783,-0.04119711478899372,0.018,0.036,0.036,-0.2012027566471087,correction_completion,PT_violation_a20,3,200,150,3669273800,reference_fold_convolution_rf,,,,
PRE_SUB,X2=low_k=-4,,,-4.0,reference_fold_pretrend,-0.6075389828961928,-0.605709120210338,0.20367853985712264,-1.0202420397371816,-0.9590298682125385,-0.28774077882246635,-0.2345866818742344,0.0,0.0,0.0,-0.5116858955567547,correction_completion,PT_violation_a20,3,200,150,3669273800,reference_fold_convolution_rf,,,,
PRE_SUB,X2=low_k=-3,,,-3.0,reference_fold_pretrend,-0.4494994695025882,-0.44637606456731976,0.1839965410272827,-0.8104802172313269,-0.7470237155353388,-0.15614602804320518,-0.1097601217471988,0.005333333333333333,0.010666666666666666,0.010666666666666666,-0.3411239303711698,correction_completion,PT_violation_a20,3,200,150,3669273800,reference_fold_convolution_rf,,,,
PRE_SUB,X2=low_k=-2,,,-2.0,reference_fold_pretrend,-0.34630111468246816,-0.33863269402068824,0.1711654177428175,-0.6916318086789552,-0.6379884146564959,-0.08089139213658039,-0.022131807719800386,0.020666666666666667,0.04133333333333333,0.04133333333333333,-0.1705619651855849,correction_completion,PT_violation_a20,3,200,150,3669273800,reference_fold_convolution_rf,,,,
PRE_SUB,X2=high_k=-4,,,-4.0,reference_fold_pretrend,-0.6803290863733373,-0.6761525661971253,0.20618069637257855,-1.1051382660135667,-1.0387130592734888,-0.35043617510451186,-0.29185931518014896,0.0,0.0,0.0,-0.719673060075676,correction_completion,PT_violation_a20,3,200,150,3669273800,reference_fold_convolution_rf,,,,
PRE_SUB,X2=high_k=-3,,,-3.0,reference_fold_pretrend,-0.5349609326395142,-0.5392073061610119,0.1910664095704374,-0.9138425562379404,-0.8482926147874692,-0.22062258858761372,-0.14983153404413174,0.004,0.008,0.008,-0.47978204005045066,correction_completion,PT_violation_a20,3,200,150,3669273800,reference_fold_convolution_rf,,,,
PRE_SUB,X2=high_k=-2,,,-2.0,reference_fold_pretrend,-0.43306953424216194,-0.4339637561420533,0.18838539961387415,-0.7914894788042647,-0.7368686210565664,-0.11337017656376293,-0.03769334660725849,0.018666666666666668,0.037333333333333336,0.037333333333333336,-0.23989102002522533,correction_completion,PT_violation_a20,3,200,150,3669273800,reference_fold_convolution_rf,,,,
PRE_SUBC,X1_k=-4,,,-4.0,reference_fold_pretrend,-0.06320652263707412,-0.05420259109798742,0.079125023694334,-0.27845243241062356,-0.19084522598802733,0.035443079853534135,0.05839463527730773,0.146,0.292,0.292,0.09634644045762528,correction_completion,PT_violation_a20,3,200,150,3669273800,reference_fold_convolution_rf,,,,
PRE_SUBC,X1_k=-3,,,-3.0,reference_fold_pretrend,-0.06945043134185369,-0.06335390794070354,0.06851862918022417,-0.2460584188249411,-0.1658863416689755,0.015485409373642735,0.03539113290230862,0.096,0.192,0.192,0.06423096030508352,correction_completion,PT_violation_a20,3,200,150,3669273800,reference_fold_convolution_rf,,,,
PRE_SUBC,X1_k=-2,,,-2.0,reference_fold_pretrend,-0.06915211569086976,-0.0649454064999967,0.06509501439442483,-0.22922169057258937,-0.14926712383453744,0.014616415190124214,0.027280556315772354,0.09933333333333333,0.19866666666666666,0.19866666666666666,0.03211548015254176,correction_completion,PT_violation_a20,3,200,150,3669273800,reference_fold_convolution_rf,,,,
PRE_SUBC,X1_slope,,,,reference_fold_pretrend,0.02840518187755711,0.02551441477619667,0.029037825682786216,-0.014546644265580718,-0.007857094164494703,0.0688831078152809,0.09912449615679575,0.094,0.188,0.188,-0.03211548015254176,correction_completion,PT_violation_a20,3,200,150,3669273800,reference_fold_convolution_rf,,,,
PRE_SUBC,X2_k=-4,,,-4.0,reference_fold_pretrend,-0.07279010347714454,-0.07146428350446732,0.07754292912962636,-0.23654030837730422,-0.19323953892687637,0.04671967773360264,0.07137013119913521,0.14333333333333334,0.2866666666666667,0.2866666666666667,-0.20798716451892132,correction_completion,PT_violation_a20,3,200,150,3669273800,reference_fold_convolution_rf,,,,
PRE_SUBC,X2_k=-3,,,-3.0,reference_fold_pretrend,-0.08546146313692593,-0.08527408679272039,0.07066215394486049,-0.22160138869351395,-0.1932537391239667,0.02276042002082658,0.051749867369478474,0.09866666666666667,0.19733333333333333,0.19733333333333333,-0.13865810967928088,correction_completion,PT_violation_a20,3,200,150,3669273800,reference_fold_convolution_rf,,,,
PRE_SUBC,X2_k=-2,,,-2.0,reference_fold_pretrend,-0.08676841955969382,-0.08654947023969448,0.06666153423567095,-0.2154925081825024,-0.18831678260544144,0.019921967835966923,0.037375454811913664,0.098,0.196,0.196,-0.06932905483964044,correction_completion,PT_violation_a20,3,200,150,3669273800,reference_fold_convolution_rf,,,,
PRE_SUBC,X2_slope,,,,reference_fold_pretrend,0.03400440401892709,0.03310159189712335,0.028411396752888944,-0.018233526417627363,-0.010422918770117697,0.07814387093623756,0.08915781330844655,0.09266666666666666,0.18533333333333332,0.18533333333333332,0.06932905483964044,correction_completion,PT_violation_a20,3,200,150,3669273800,reference_fold_convolution_rf,,,,
PRE,k=-4,,,-4.0,pretrend,-0.04495051682716555,-0.024041765699678343,0.17952986254051595,-0.4136526774375411,-0.3521540347019689,0.24591634868750128,0.3014781134696166,0.44733333333333336,0.8946666666666667,0.8946666666666667,-0.15,correction_completion,PT_violation_g05,3,200,134,4242714612,raw_structured,,,,
PRE,k=-3,,,-3.0,pretrend,-0.10218817468536054,-0.05784014049640366,0.1606092537187738,-0.45751121567763886,-0.4006111700442489,0.10948556543305887,0.16889775517286462,0.3933333333333333,0.7866666666666666,0.7866666666666666,-0.09999999999999999,correction_completion,PT_violation_g05,3,200,134,4242714612,raw_structured,,,,
PRE,k=-2,,,-2.0,pretrend,-0.07309858300862801,0.0,0.14671552729455237,-0.4365211982832019,-0.3652904234100586,0.09853981416500769,0.16325790061586037,0.566,1.0,1.0,-0.049999999999999996,correction_completion,PT_violation_g05,3,200,134,4242714612,raw_structured,,,,
PRE,slope,,,,pretrend,0.029451891632917553,0.015015742255903743,0.06474200062750712,-0.08912866809086864,-0.06503081464044573,0.1481604201820187,0.17129330184906263,0.3933333333333333,0.7866666666666666,0.7866666666666666,0.049999999999999996,correction_completion,PT_violation_g05,3,200,134,4242714612,raw_structured,,,,
PRE_SUB,X1=0_k=-4,,,-4.0,pretrend,-0.04149751475549314,-0.01829826529504034,0.1807399767937684,-0.4070478476333272,-0.34678475116125,0.25093614504112344,0.317133435917177,0.456,0.912,0.912,-0.14999999999999994,correction_completion,PT_violation_g05,3,200,134,4242714612,raw_structured,,,,
PRE_SUB,X1=0_k=-3,,,-3.0,pretrend,-0.09978064421859441,-0.053691648726606644,0.16137184662430606,-0.4534143247567644,-0.3996553677038837,0.11804466236630061,0.18310402691243136,0.4013333333333333,0.8026666666666666,0.8026666666666666,-0.09999999999999996,correction_completion,PT_violation_g05,3,200,134,4242714612,raw_structured,,,,
PRE_SUB,X1=0_k=-2,,,-2.0,pretrend,-0.07123450563620808,0.0,0.14688058416896357,-0.43407991663231793,-0.3655830858908834,0.10659634030334782,0.17355229606737335,0.5726666666666667,1.0,1.0,-0.04999999999999998,correction_completion,PT_violation_g05,3,200,134,4242714612,raw_structured,,,,
PRE_SUB,X1=1_k=-4,,,-4.0,pretrend,-0.048940652554431446,-0.02777826767626488,0.18372228275779334,-0.42264243658280815,-0.3588170800030679,0.24345389771575393,0.2908819659271223,0.444,0.888,0.888,-0.14999999999999994,correction_completion,PT_violation_g05,3,200,134,4242714612,raw_structured,,,,
PRE_SUB,X1=1_k=-3,,,-3.0,pretrend,-0.10497020989140139,-0.060362165571725454,0.16443247877529224,-0.47410663552618304,-0.40649174821068523,0.10717648522827375,0.17140133254811074,0.39266666666666666,0.7853333333333333,0.7853333333333333,-0.09999999999999996,correction_completion,PT_violation_g05,3,200,134,4242714612,raw_structured,,,,
PRE_SUB,X1=1_k=-2,,,-2.0,pretrend,-0.07525262797231327,0.0,0.15025445418407302,-0.4436273300850993,-0.3712721451830592,0.0940114325812747,0.16325790061586032,0.566,1.0,1.0,-0.04999999999999998,correction_completion,PT_violation_g05,3,200,134,4242714612,raw_structured,,,,
PRE_SUB,X2=low_k=-4,,,-4.0,pretrend,-0.04702824613609147,-0.026380159490195593,0.18139644220452364,-0.41508461522886736,-0.358705281037691,0.2458772899748156,0.29800519426626687,0.44733333333333336,0.8946666666666667,0.8946666666666667,-0.15000000000000002,correction_completion,PT_violation_g05,3,200,134,4242714612,raw_structured,,,,
PRE_SUB,X2=low_k=-3,,,-3.0,pretrend,-0.103606429038159,-0.059221486593701175,0.16071588569449058,-0.4534143247567643,-0.4014880357342935,0.1074122793402791,0.16745851751473737,0.3933333333333333,0.7866666666666666,0.7866666666666666,-0.1,correction_completion,PT_violation_g05,3,200,134,4242714612,raw_structured,,,,
PRE_SUB,X2=low_k=-2,,,-2.0,pretrend,-0.07323438272196858,0.0,0.1466217316764519,-0.43407991663231804,-0.36558308589088384,0.09814063569296876,0.16292751432526262,0.566,1.0,1.0,-0.05,correction_completion,PT_violation_g05,3,200,134,4242714612,raw_structured,,,,
PRE_SUB,X2=high_k=-4,,,-4.0,pretrend,-0.04410754810604001,-0.02426927273688568,0.1814014435086474,-0.4174260088329783,-0.35186460518403473,0.2508719500360885,0.31671862418315494,0.44533333333333336,0.8906666666666667,0.8906666666666667,-0.15000000000000002,correction_completion,PT_violation_g05,3,200,134,4242714612,raw_structured,,,,
PRE_SUB,X2=high_k=-3,,,-3.0,pretrend,-0.10141334248934189,-0.057275384804041866,0.16274148602414,-0.462048761671621,-0.4039161079559318,0.1083890532354794,0.17598367971754772,0.396,0.792,0.792,-0.1,correction_completion,PT_violation_g05,3,200,134,4242714612,raw_structured,,,,
PRE_SUB,X2=high_k=-2,,,-2.0,pretrend,-0.07338966554935279,0.0,0.1473640089843472,-0.43741511342715383,-0.3671066949233272,0.09814063569296873,0.1656539057389117,0.5693333333333334,1.0,1.0,-0.05,correction_completion,PT_violation_g05,3,200,134,4242714612,raw_structured,,,,
PRE_SUBC,X1_k=-4,,,-4.0,pretrend,-0.007443137798938304,0.0,0.06148623647274774,-0.12989745307817668,-0.01681978214564376,1.333655408330968e-15,0.014467653666879564,0.5686666666666667,1.0,1.0,-0.0,correction_completion,PT_violation_g05,3,200,134,4242714612,raw_structured,,,,
PRE_SUBC,X1_k=-3,,,-3.0,pretrend,-0.0051895656728069865,0.0,0.05336107207227327,-0.0817402946124371,-0.0038540353995910014,9.0413787567911e-16,0.00637587309963952,0.6113333333333333,1.0,1.0,-0.0,correction_completion,PT_violation_g05,3,200,134,4242714612,raw_structured,,,,
PRE_SUBC,X1_k=-2,,,-2.0,pretrend,-0.004018122336105201,0.0,0.045441101780492224,-0.014258824931850066,-8.326672684688674e-16,4.619568616526233e-16,8.881784197001252e-16,0.714,1.0,1.0,-0.0,correction_completion,PT_violation_g05,3,200,134,4242714612,raw_structured,,,,
PRE_SUBC,X1_slope,,,,pretrend,0.0026233333627524347,0.0,0.023028845471108936,-0.004290408695730204,-4.764046300311162e-16,0.00627913973132377,0.04756935066255111,0.5566666666666666,1.0,1.0,0.0,correction_completion,PT_violation_g05,3,200,134,4242714612,raw_structured,,,,
PRE_SUBC,X2_k=-4,,,-4.0,pretrend,0.0029206980300514433,0.0,0.0505865046768066,-0.045202382554632096,-0.0178713077339799,1.142141936583126e-15,0.0664963285444986,0.554,1.0,1.0,-0.0,correction_completion,PT_violation_g05,3,200,134,4242714612,raw_structured,,,,
PRE_SUBC,X2_k=-3,,,-3.0,pretrend,0.0021930865488170993,0.0,0.036993679948804765,-0.03414809244610742,-0.005279825931091499,6.106226635438361e-16,0.025362010878319026,0.6153333333333333,1.0,1.0,-0.0,correction_completion,PT_violation_g05,3,200,134,4242714612,raw_structured,,,,
PRE_SUBC,X2_k=-2,,,-2.0,pretrend,-0.00015528282738422021,0.0,0.017377218067539158,-0.011997287310490816,-4.440892098500626e-16,3.753941602013804e-16,6.38378239159465e-16,0.7113333333333334,1.0,1.0,-0.0,correction_completion,PT_violation_g05,3,200,134,4242714612,raw_structured,,,,
PRE_SUBC,X2_slope,,,,pretrend,-0.0009280703114574506,0.0,0.015678172012332552,-0.023932979509657996,-5.783288220513889e-06,0.006569800264954692,0.015934176862474145,0.546,1.0,1.0,0.0,correction_completion,PT_violation_g05,3,200,134,4242714612,raw_structured,,,,
PRE,k=-4,,,-4.0,reference_fold_pretrend,-0.15491645209479865,-0.1525953557073741,0.17621037832474334,-0.49823542694810974,-0.44628514026489924,0.13680890484228003,0.17610400937431897,0.19666666666666666,0.3933333333333333,0.3933333333333333,-0.15,correction_completion,PT_violation_g05,3,200,134,4242714612,reference_fold_convolution_rf,,,,
PRE,k=-3,,,-3.0,reference_fold_pretrend,-0.19213885298317196,-0.18099308423185362,0.16368371765679704,-0.5455226938002644,-0.4744442969611267,0.04833227890241533,0.09489004945109837,0.11333333333333333,0.22666666666666666,0.22666666666666666,-0.09999999999999999,correction_completion,PT_violation_g05,3,200,134,4242714612,reference_fold_convolution_rf,,,,
PRE,k=-2,,,-2.0,reference_fold_pretrend,-0.13525213113078993,-0.12199614177632091,0.14326122658984125,-0.45261200395681456,-0.3935688741477667,0.06389250085639844,0.09945764863885619,0.21266666666666667,0.42533333333333334,0.42533333333333334,-0.049999999999999996,correction_completion,PT_violation_g05,3,200,134,4242714612,reference_fold_convolution_rf,,,,
PRE,slope,,,,reference_fold_pretrend,0.07030565667010927,0.06691051788280625,0.06361186913664356,-0.04749196642570557,-0.02942397108190308,0.17425556853312751,0.20026214077934462,0.13066666666666665,0.2613333333333333,0.2613333333333333,0.049999999999999996,correction_completion,PT_violation_g05,3,200,134,4242714612,reference_fold_convolution_rf,,,,
PRE_SUB,X1=0_k=-4,,,-4.0,reference_fold_pretrend,-0.14394903631337408,-0.14143714472327124,0.17789436304365902,-0.4811914021926469,-0.43543951658544716,0.15383280749371556,0.19548468262920338,0.216,0.432,0.432,-0.14999999999999994,correction_completion,PT_violation_g05,3,200,134,4242714612,reference_fold_convolution_rf,,,,
PRE_SUB,X1=0_k=-3,,,-3.0,reference_fold_pretrend,-0.19008617789471635,-0.1810500650472348,0.16593614453687452,-0.5461441894717215,-0.4743947009891908,0.05694903164011821,0.09968658888012324,0.118,0.236,0.236,-0.09999999999999996,correction_completion,PT_violation_g05,3,200,134,4242714612,reference_fold_convolution_rf,,,,
PRE_SUB,X1=0_k=-2,,,-2.0,reference_fold_pretrend,-0.13478767755537235,-0.12296166202549894,0.14495994533422576,-0.44677904128970725,-0.39533237294961526,0.06387196589274131,0.10215873482738823,0.222,0.444,0.444,-0.04999999999999998,correction_completion,PT_violation_g05,3,200,134,4242714612,reference_fold_convolution_rf,,,,
PRE_SUB,X1=1_k=-4,,,-4.0,reference_fold_pretrend,-0.16758991033111148,-0.16272083315448155,0.18120585218623952,-0.5264686391798056,-0.4582496458310827,0.1287021106772525,0.17199034372462116,0.17533333333333334,0.3506666666666667,0.3506666666666667,-0.14999999999999994,correction_completion,PT_violation_g05,3,200,134,4242714612,reference_fold_convolution_rf,,,,
PRE_SUB,X1=1_k=-3,,,-3.0,reference_fold_pretrend,-0.19451083308538736,-0.18123880477707432,0.1667540370621753,-0.5548055962133634,-0.48421191356719195,0.04558629196365919,0.09196762519906676,0.11333333333333333,0.22666666666666666,0.22666666666666666,-0.09999999999999996,correction_completion,PT_violation_g05,3,200,134,4242714612,reference_fold_convolution_rf,,,,
PRE_SUB,X1=1_k=-2,,,-2.0,reference_fold_pretrend,-0.13578883304016137,-0.12042573506635873,0.14574078528726786,-0.475679246952614,-0.4005835365705021,0.06075031434471689,0.10049939149403735,0.21333333333333335,0.4266666666666667,0.4266666666666667,-0.04999999999999998,correction_completion,PT_violation_g05,3,200,134,4242714612,reference_fold_convolution_rf,,,,
PRE_SUB,X2=low_k=-4,,,-4.0,reference_fold_pretrend,-0.15306707317395468,-0.1475001423860534,0.17730974128606777,-0.5066594055056243,-0.4493659690027603,0.13839497947387974,0.18296793097082395,0.19933333333333333,0.39866666666666667,0.39866666666666667,-0.15000000000000002,correction_completion,PT_violation_g05,3,200,134,4242714612,reference_fold_convolution_rf,,,,
PRE_SUB,X2=low_k=-3,,,-3.0,reference_fold_pretrend,-0.19482487364592013,-0.18357914810048903,0.16431806548114405,-0.5428291852389339,-0.477080568696731,0.05134236544199404,0.09267829717026235,0.10866666666666666,0.21733333333333332,0.21733333333333332,-0.1,correction_completion,PT_violation_g05,3,200,134,4242714612,reference_fold_convolution_rf,,,,
PRE_SUB,X2=low_k=-2,,,-2.0,reference_fold_pretrend,-0.13766497736725525,-0.12440959615093625,0.14382071950733752,-0.4515324616640877,-0.39741559410977145,0.06147789389113565,0.09589625926507016,0.20866666666666667,0.41733333333333333,0.41733333333333333,-0.05,correction_completion,PT_violation_g05,3,200,134,4242714612,reference_fold_convolution_rf,,,,
PRE_SUB,X2=high_k=-4,,,-4.0,reference_fold_pretrend,-0.17431692041013178,-0.1709112380669617,0.183883874693792,-0.532053558944275,-0.48113990364289216,0.1079780741536994,0.17346355702576888,0.17666666666666667,0.35333333333333333,0.35333333333333333,-0.15000000000000002,correction_completion,PT_violation_g05,3,200,134,4242714612,reference_fold_convolution_rf,,,,
PRE_SUB,X2=high_k=-3,,,-3.0,reference_fold_pretrend,-0.17952298292183816,-0.15941844042246656,0.16858823284638041,-0.5458808556918456,-0.47972828992880856,0.06899826273205668,0.10722643063861971,0.12933333333333333,0.25866666666666666,0.25866666666666666,-0.1,correction_completion,PT_violation_g05,3,200,134,4242714612,reference_fold_convolution_rf,,,,
PRE_SUB,X2=high_k=-2,,,-2.0,reference_fold_pretrend,-0.12056557453825785,-0.09711172921279568,0.14667538677050698,-0.46843276774892223,-0.39029271244499253,0.0782174236561593,0.11886528666099822,0.23466666666666666,0.4693333333333333,0.4693333333333333,-0.05,correction_completion,PT_violation_g05,3,200,134,4242714612,reference_fold_convolution_rf,,,,
PRE_SUBC,X1_k=-4,,,-4.0,reference_fold_pretrend,-0.023640874017737398,-0.010027845035431013,0.06794077447536592,-0.23820968659119315,-0.16526561006866386,0.030223835591270926,0.042567672081706254,0.332,0.664,0.664,-0.0,correction_completion,PT_violation_g05,3,200,134,4242714612,reference_fold_convolution_rf,,,,
PRE_SUBC,X1_k=-3,,,-3.0,reference_fold_pretrend,-0.004424655190670998,0.0040539258852157894,0.059100808796445796,-0.19777509809017377,-0.0813422953051545,0.04382293222733619,0.05169869653044182,0.434,0.868,0.868,-0.0,correction_completion,PT_violation_g05,3,200,134,4242714612,reference_fold_convolution_rf,,,,
PRE_SUBC,X1_k=-2,,,-2.0,reference_fold_pretrend,-0.0010011554847890044,0.0039441650182055095,0.04890914352675907,-0.14229443689982887,-0.038353493222406554,0.03743179309956148,0.04365756540656454,0.44333333333333336,0.8866666666666667,0.8866666666666667,-0.0,correction_completion,PT_violation_g05,3,200,134,4242714612,reference_fold_convolution_rf,,,,
PRE_SUBC,X1_slope,,,,reference_fold_pretrend,0.005769506279953085,0.0012594133032065255,0.02492782328740039,-0.017395864181350043,-0.013981000047215954,0.046956222253303384,0.08398303357374087,0.44866666666666666,0.8973333333333333,0.8973333333333333,0.0,correction_completion,PT_violation_g05,3,200,134,4242714612,reference_fold_convolution_rf,,,,
PRE_SUBC,X2_k=-4,,,-4.0,reference_fold_pretrend,-0.021249847236177098,-0.021087706529175684,0.06337527860133052,-0.1479984109049557,-0.12121086797341417,0.07545583286489803,0.09489035237447582,0.348,0.696,0.696,-0.0,correction_completion,PT_violation_g05,3,200,134,4242714612,reference_fold_convolution_rf,,,,
PRE_SUBC,X2_k=-3,,,-3.0,reference_fold_pretrend,0.015301890724081993,0.013992400759487628,0.05297141910778588,-0.07976891802501353,-0.06350163537615762,0.10452712238822864,0.11856395161835523,0.39866666666666667,0.7973333333333333,0.7973333333333333,-0.0,correction_completion,PT_violation_g05,3,200,134,4242714612,reference_fold_convolution_rf,,,,
PRE_SUBC,X2_k=-2,,,-2.0,reference_fold_pretrend,0.017099402828997416,0.01311981674357743,0.047319613808753526,-0.07269217378713214,-0.05800449252071411,0.092491715015873,0.10749021785707175,0.4206666666666667,0.8413333333333334,0.8413333333333334,-0.0,correction_completion,PT_violation_g05,3,200,134,4242714612,reference_fold_convolution_rf,,,,
PRE_SUBC,X2_slope,,,,reference_fold_pretrend,0.001146168387954992,0.0015019843110491418,0.02169775912779509,-0.04132552721275859,-0.03286209140709442,0.0350454640217787,0.04145564346031797,0.47533333333333333,0.9506666666666667,0.9506666666666667,0.0,correction_completion,PT_violation_g05,3,200,134,4242714612,reference_fold_convolution_rf,,,,
PRE,k=-4,,,-4.0,pretrend,-0.28198259028221706,-0.2794754400148599,0.19425322626272223,-0.6721529314603394,-0.6130473403112804,0.009298012415474632,0.06634899806739022,0.09,0.18,0.18,-0.2999999999999999,correction_completion,PT_violation_g10,3,200,118,3677277599,raw_structured,,,,
PRE,k=-3,,,-3.0,pretrend,-0.24109871593955964,-0.23407309080019922,0.18636098745475838,-0.6138908836837995,-0.560582700937577,0.013966482432314364,0.07314965776200294,0.14266666666666666,0.2853333333333333,0.2853333333333333,-0.19999999999999993,correction_completion,PT_violation_g10,3,200,118,3677277599,raw_structured,,,,
PRE,k=-2,,,-2.0,pretrend,-0.13356282051429452,-0.08262555427942037,0.17333032555945718,-0.5108791635570471,-0.45696870803601497,0.06430757209172633,0.12368111358512676,0.422,0.844,0.844,-0.09999999999999996,correction_completion,PT_violation_g10,3,200,118,3677277599,raw_structured,,,,
PRE,slope,,,,pretrend,0.10440771594571895,0.10104469229539656,0.07274034991904892,-0.020702010684398416,-0.00011642488022540635,0.229315778339647,0.24785592913790752,0.08466666666666667,0.16933333333333334,0.16933333333333334,0.09999999999999996,correction_completion,PT_violation_g10,3,200,118,3677277599,raw_structured,,,,
PRE_SUB,X1=0_k=-4,,,-4.0,pretrend,-0.2749935523669274,-0.27272191713818156,0.19748778485884497,-0.6698793270218556,-0.608173060570258,0.027358235871997243,0.0814787581452955,0.1,0.2,0.2,-0.30000000000000004,correction_completion,PT_violation_g10,3,200,118,3677277599,raw_structured,,,,
PRE_SUB,X1=0_k=-3,,,-3.0,pretrend,-0.23489226415848888,-0.22703972015684823,0.18855244258012568,-0.6131765263213474,-0.5558217612021484,0.03537092673472335,0.08899758230477187,0.154,0.308,0.308,-0.20000000000000004,correction_completion,PT_violation_g10,3,200,118,3677277599,raw_structured,,,,
PRE_SUB,X1=0_k=-2,,,-2.0,pretrend,-0.1284777098415645,-0.07230824799109437,0.17339481285809688,-0.5108791635570463,-0.45339879555294466,0.0731847454229258,0.14166639957127536,0.43333333333333335,0.8666666666666667,0.8666666666666667,-0.10000000000000002,correction_completion,PT_violation_g10,3,200,118,3677277599,raw_structured,,,,
PRE_SUB,X1=1_k=-4,,,-4.0,pretrend,-0.2862470879932412,-0.283250338752705,0.19713958452956198,-0.6749573772880086,-0.6166518911029728,0.009182162727640978,0.06634899806739025,0.09,0.18,0.18,-0.29999999999999993,correction_completion,PT_violation_g10,3,200,118,3677277599,raw_structured,,,,
PRE_SUB,X1=1_k=-3,,,-3.0,pretrend,-0.24488570346699276,-0.2377360755054817,0.18957402971308956,-0.6187886670418435,-0.5691901602733257,0.01256267187897754,0.073480536882209,0.144,0.288,0.288,-0.19999999999999996,correction_completion,PT_violation_g10,3,200,118,3677277599,raw_structured,,,,
PRE_SUB,X1=1_k=-2,,,-2.0,pretrend,-0.1366655999078247,-0.08388762643443042,0.17684045354216513,-0.5172116147319409,-0.4631722452107687,0.06466270002511158,0.1236811135851268,0.42,0.84,0.84,-0.09999999999999998,correction_completion,PT_violation_g10,3,200,118,3677277599,raw_structured,,,,
PRE_SUB,X2=low_k=-4,,,-4.0,pretrend,-0.2811834117274532,-0.27827197992884145,0.19495013811608786,-0.672152931460339,-0.6143133200302973,0.009326891397154504,0.0657177898575098,0.09,0.18,0.18,-0.30000000000000004,correction_completion,PT_violation_g10,3,200,118,3677277599,raw_structured,,,,
PRE_SUB,X2=low_k=-3,,,-3.0,pretrend,-0.24069322007609253,-0.2339468199569988,0.18759667748017972,-0.6149908909270911,-0.5606579643471393,0.019120678760575157,0.07401397855891385,0.144,0.288,0.288,-0.2,correction_completion,PT_violation_g10,3,200,118,3677277599,raw_structured,,,,
PRE_SUB,X2=low_k=-2,,,-2.0,pretrend,-0.13371507209002814,-0.08177726657587556,0.1736171911726425,-0.5142828302127302,-0.45706477831132175,0.06430757209172645,0.12276135102961787,0.4226666666666667,0.8453333333333334,0.8453333333333334,-0.1,correction_completion,PT_violation_g10,3,200,118,3677277599,raw_structured,,,,
PRE_SUB,X2=high_k=-4,,,-4.0,pretrend,-0.28256121969852865,-0.27827197992884123,0.1954034967845279,-0.6721529314603396,-0.6144427126815295,0.009182162727641018,0.06741705511375913,0.09,0.18,0.18,-0.30000000000000004,correction_completion,PT_violation_g10,3,200,118,3677277599,raw_structured,,,,
PRE_SUB,X2=high_k=-3,,,-3.0,pretrend,-0.24151128718727302,-0.2339468199569989,0.18684795724902323,-0.6159277678700744,-0.5606579643471395,0.013966482432314393,0.0740139785589137,0.14333333333333334,0.2866666666666667,0.2866666666666667,-0.2,correction_completion,PT_violation_g10,3,200,118,3677277599,raw_structured,,,,
PRE_SUB,X2=high_k=-2,,,-2.0,pretrend,-0.13350101490329266,-0.08177726657587575,0.1732434196411082,-0.5108791635570468,-0.45705135915144374,0.06430757209172647,0.12368111358512676,0.424,0.848,0.848,-0.1,correction_completion,PT_violation_g10,3,200,118,3677277599,raw_structured,,,,
PRE_SUBC,X1_k=-4,,,-4.0,pretrend,-0.011253535626313853,0.0,0.07086192992532606,-0.22231721484609498,-0.028069336874211148,1.8887669206435463e-15,0.005530628877227302,0.51,1.0,1.0,1.249000902703301e-16,correction_completion,PT_violation_g10,3,200,118,3677277599,raw_structured,,,,
PRE_SUBC,X1_k=-3,,,-3.0,pretrend,-0.009993439308503839,0.0,0.067159703666382,-0.1972321931884364,-0.004021023425854407,1.3891665595622259e-15,0.0010853259916855488,0.538,1.0,1.0,8.326672684688674e-17,correction_completion,PT_violation_g10,3,200,118,3677277599,raw_structured,,,,
PRE_SUBC,X1_k=-2,,,-2.0,pretrend,-0.008187890066260176,0.0,0.05726759534703278,-0.1460173823222107,-1.5543122344752192e-15,8.881784197001252e-16,1.3322676295501878e-15,0.6526666666666666,1.0,1.0,4.163336342344337e-17,correction_completion,PT_violation_g10,3,200,118,3677277599,raw_structured,,,,
PRE_SUBC,X1_slope,,,,pretrend,0.004423955397300672,0.0,0.02802613345425258,-0.0019566238279176236,-6.329014693281667e-16,0.01042578115629855,0.08452808279504395,0.502,1.0,1.0,-4.163336342344337e-17,correction_completion,PT_violation_g10,3,200,118,3677277599,raw_structured,,,,
PRE_SUBC,X2_k=-4,,,-4.0,pretrend,-0.0013778079710754468,0.0,0.037689843381011126,-0.014733401118614712,-1.5598633495983446e-15,0.006666777705992018,0.016314108612226152,0.524,1.0,1.0,-0.0,correction_completion,PT_violation_g10,3,200,118,3677277599,raw_structured,,,,
PRE_SUBC,X2_k=-3,,,-3.0,pretrend,-0.0008180671111805008,0.0,0.03304619893869139,-2.617350780553806e-15,-9.450773497121644e-16,0.003932158461210946,0.012633160594853653,0.564,1.0,1.0,-0.0,correction_completion,PT_violation_g10,3,200,118,3677277599,raw_structured,,,,
PRE_SUBC,X2_k=-2,,,-2.0,pretrend,0.00021405718673548054,0.0,0.014311349276266375,-8.881784197001252e-16,-6.38378239159465e-16,1.6764367671839763e-15,0.007284399687066905,0.6653333333333333,1.0,1.0,-0.0,correction_completion,PT_violation_g10,3,200,118,3677277599,raw_structured,,,,
PRE_SUBC,X2_slope,,,,pretrend,0.00039682149634656156,0.0,0.012861898369603317,-0.005732157764895092,-0.0025722505537029705,5.834618502628272e-16,0.004329274060654086,0.5066666666666667,1.0,1.0,0.0,correction_completion,PT_violation_g10,3,200,118,3677277599,raw_structured,,,,
PRE,k=-4,,,-4.0,reference_fold_pretrend,-0.27692387920960104,-0.28105802117191453,0.1834793172524159,-0.6455888536359286,-0.5720775918538058,0.024310390368603406,0.08967332919213311,0.06666666666666667,0.13333333333333333,0.13333333333333333,-0.2999999999999999,correction_completion,PT_violation_g10,3,200,118,3677277599,reference_fold_convolution_rf,,,,
PRE,k=-3,,,-3.0,reference_fold_pretrend,-0.248479437237173,-0.23860102701318772,0.16762661966586348,-0.5897315002938367,-0.5396790965893878,0.010207547234273825,0.054007932557770595,0.06333333333333334,0.12666666666666668,0.12666666666666668,-0.19999999999999993,correction_completion,PT_violation_g10,3,200,118,3677277599,reference_fold_convolution_rf,,,,
PRE,k=-2,,,-2.0,reference_fold_pretrend,-0.1738392791511058,-0.15923827653673608,0.15528407051274729,-0.5059562256363755,-0.45088623322482857,0.032341556274131565,0.07753206321075112,0.16466666666666666,0.3293333333333333,0.3293333333333333,-0.09999999999999996,correction_completion,PT_violation_g10,3,200,118,3677277599,reference_fold_convolution_rf,,,,
PRE,slope,,,,reference_fold_pretrend,0.10725498508958962,0.10366325310291205,0.06584345367617521,-0.014563591032027888,0.0030130908769985818,0.2194975690525021,0.23983364561872425,0.048,0.096,0.096,0.09999999999999996,correction_completion,PT_violation_g10,3,200,118,3677277599,reference_fold_convolution_rf,,,,
PRE_SUB,X1=0_k=-4,,,-4.0,reference_fold_pretrend,-0.21968691854464162,-0.22298616769423912,0.19226407987424896,-0.5969382753996139,-0.5327319513078067,0.0976935413687521,0.15824652909366527,0.12933333333333333,0.25866666666666666,0.25866666666666666,-0.30000000000000004,correction_completion,PT_violation_g10,3,200,118,3677277599,reference_fold_convolution_rf,,,,
PRE_SUB,X1=0_k=-3,,,-3.0,reference_fold_pretrend,-0.21059995529130782,-0.20213484999202455,0.17422370831867123,-0.5687635279474615,-0.5215986339253688,0.06043014294720921,0.1165620521827968,0.11,0.22,0.22,-0.20000000000000004,correction_completion,PT_violation_g10,3,200,118,3677277599,reference_fold_convolution_rf,,,,
PRE_SUB,X1=0_k=-2,,,-2.0,reference_fold_pretrend,-0.14009865628329662,-0.12437954176910748,0.15853084631280717,-0.4846928778147237,-0.42249758652418784,0.09570266883197695,0.13613183812831486,0.222,0.444,0.444,-0.10000000000000002,correction_completion,PT_violation_g10,3,200,118,3677277599,reference_fold_convolution_rf,,,,
PRE_SUB,X1=1_k=-4,,,-4.0,reference_fold_pretrend,-0.311848126395,-0.3094596174069214,0.19288652370965856,-0.6918104586373647,-0.6416824048335614,0.004718747017747633,0.05638582795361186,0.052,0.104,0.104,-0.29999999999999993,correction_completion,PT_violation_g10,3,200,118,3677277599,reference_fold_convolution_rf,,,,
PRE_SUB,X1=1_k=-3,,,-3.0,reference_fold_pretrend,-0.271592341475328,-0.2591601801538038,0.17802762834512012,-0.6407615844638503,-0.5806481890776843,0.0007147908479641458,0.039301467728940914,0.056,0.112,0.112,-0.19999999999999996,correction_completion,PT_violation_g10,3,200,118,3677277599,reference_fold_convolution_rf,,,,
PRE_SUB,X1=1_k=-2,,,-2.0,reference_fold_pretrend,-0.194426777850108,-0.17596358205583004,0.16780207431240937,-0.5609709698721196,-0.4974819920185524,0.02296302381770003,0.07425868075226506,0.15466666666666667,0.30933333333333335,0.30933333333333335,-0.09999999999999998,correction_completion,PT_violation_g10,3,200,118,3677277599,reference_fold_convolution_rf,,,,
PRE_SUB,X2=low_k=-4,,,-4.0,reference_fold_pretrend,-0.27144322724927095,-0.2704261844642434,0.18625039744682378,-0.6449847514563573,-0.5747910311854214,0.029292473940629133,0.09742814045329735,0.07066666666666667,0.14133333333333334,0.14133333333333334,-0.30000000000000004,correction_completion,PT_violation_g10,3,200,118,3677277599,reference_fold_convolution_rf,,,,
PRE_SUB,X2=low_k=-3,,,-3.0,reference_fold_pretrend,-0.24804516779423277,-0.23583267367462288,0.16917505849323405,-0.5925159623788389,-0.5457074396972533,0.012911958079160894,0.049061524435674714,0.06333333333333334,0.12666666666666668,0.12666666666666668,-0.2,correction_completion,PT_violation_g10,3,200,118,3677277599,reference_fold_convolution_rf,,,,
PRE_SUB,X2=low_k=-2,,,-2.0,reference_fold_pretrend,-0.1747211744080937,-0.15731585426451639,0.1559300507519433,-0.5172210765379942,-0.4520775801490614,0.031278535157509973,0.07873333054199258,0.164,0.328,0.328,-0.1,correction_completion,PT_violation_g10,3,200,118,3677277599,reference_fold_convolution_rf,,,,
PRE_SUB,X2=high_k=-4,,,-4.0,reference_fold_pretrend,-0.24456750740189492,-0.24374719477610762,0.18594158762223456,-0.6057083694492347,-0.539600558302856,0.06907604314625453,0.13094434890825238,0.09066666666666667,0.18133333333333335,0.18133333333333335,-0.30000000000000004,correction_completion,PT_violation_g10,3,200,118,3677277599,reference_fold_convolution_rf,,,,
PRE_SUB,X2=high_k=-3,,,-3.0,reference_fold_pretrend,-0.2362981208801579,-0.22443939276398084,0.16868153366303712,-0.5832470131053554,-0.5314601326193504,0.01957399258163494,0.06262447388835989,0.068,0.136,0.136,-0.2,correction_completion,PT_violation_g10,3,200,118,3677277599,reference_fold_convolution_rf,,,,
PRE_SUB,X2=high_k=-2,,,-2.0,reference_fold_pretrend,-0.1635058699955195,-0.1455938656319099,0.1538330295377011,-0.5005571214980463,-0.4422480254389396,0.039259537373410806,0.09096471244525278,0.17266666666666666,0.3453333333333333,0.3453333333333333,-0.1,correction_completion,PT_violation_g10,3,200,118,3677277599,reference_fold_convolution_rf,,,,
PRE_SUBC,X1_k=-4,,,-4.0,reference_fold_pretrend,-0.0921612078503584,-0.05530355933886486,0.12107020792966905,-0.43354705093429496,-0.36162978397222556,0.024678692784745597,0.03731350163386194,0.136,0.272,0.272,1.249000902703301e-16,correction_completion,PT_violation_g10,3,200,118,3677277599,reference_fold_convolution_rf,,,,
PRE_SUBC,X1_k=-3,,,-3.0,reference_fold_pretrend,-0.060992386184020246,-0.02533857752768314,0.11453597839667772,-0.3914146389440869,-0.3258247533641092,0.04552054772185053,0.0568304935676619,0.302,0.604,0.604,8.326672684688674e-17,correction_completion,PT_violation_g10,3,200,118,3677277599,reference_fold_convolution_rf,,,,
PRE_SUBC,X1_k=-2,,,-2.0,reference_fold_pretrend,-0.054328121566811376,-0.0179329865226511,0.11096524476951893,-0.38818497885526204,-0.32093358154718504,0.04022071493540051,0.0514806586806096,0.374,0.748,0.748,4.163336342344337e-17,correction_completion,PT_violation_g10,3,200,118,3677277599,reference_fold_convolution_rf,,,,
PRE_SUBC,X1_slope,,,,reference_fold_pretrend,0.032342608391851935,0.016010810442643075,0.048941185180282315,-0.01797250067721828,-0.011962370595651091,0.1466839726288477,0.17697944071133573,0.184,0.368,0.368,-4.163336342344337e-17,correction_completion,PT_violation_g10,3,200,118,3677277599,reference_fold_convolution_rf,,,,
PRE_SUBC,X2_k=-4,,,-4.0,reference_fold_pretrend,0.026875719847376075,0.027928089814960665,0.05997309725551705,-0.10775443282035174,-0.028749437701416306,0.09473247846361679,0.13181809652445728,0.164,0.328,0.328,-0.0,correction_completion,PT_violation_g10,3,200,118,3677277599,reference_fold_convolution_rf,,,,
PRE_SUBC,X2_k=-3,,,-3.0,reference_fold_pretrend,0.01174704691407486,0.012206734128406942,0.049077094049876084,-0.0735793721273216,-0.03375856001153446,0.06497959360247968,0.0883316165192016,0.31933333333333336,0.6386666666666667,0.6386666666666667,-0.0,correction_completion,PT_violation_g10,3,200,118,3677277599,reference_fold_convolution_rf,,,,
PRE_SUBC,X2_k=-2,,,-2.0,reference_fold_pretrend,0.011215304412574189,0.008145648304247261,0.029792435395992158,-0.035112636387668615,-0.02635590218693634,0.057586212732589605,0.06987432568240742,0.3933333333333333,0.7866666666666666,0.7866666666666666,-0.0,correction_completion,PT_violation_g10,3,200,118,3677277599,reference_fold_convolution_rf,,,,
PRE_SUBC,X2_slope,,,,reference_fold_pretrend,-0.00823832555591801,-0.008148839896015916,0.020056411618855803,-0.044040299329829995,-0.033319914248006566,0.011797371265327629,0.037158937903796305,0.214,0.428,0.428,0.0,correction_completion,PT_violation_g10,3,200,118,3677277599,reference_fold_convolution_rf,,,,
PRE,k=-4,,,-4.0,pretrend,-0.5736529733126575,-0.5686597416234775,0.20531621292978522,-0.9647454540022011,-0.918105179900821,-0.2421933675710384,-0.18627038479811925,0.0026666666666666666,0.005333333333333333,0.005333333333333333,-0.5999999999999998,correction_completion,PT_violation_g20,3,200,102,1313260147,raw_structured,,,,
PRE,k=-3,,,-3.0,pretrend,-0.4882134452478309,-0.4941289670200839,0.203347336087953,-0.8803160528935542,-0.8068078162648868,-0.14880860956162092,-0.0689313015993891,0.014,0.028,0.028,-0.39999999999999986,correction_completion,PT_violation_g20,3,200,102,1313260147,raw_structured,,,,
PRE,k=-2,,,-2.0,pretrend,-0.2937548294854932,-0.30766150155873606,0.2093626972042216,-0.6903541101046059,-0.6365918585751996,0.0,0.0380652770888028,0.15533333333333332,0.31066666666666665,0.31066666666666665,-0.19999999999999993,correction_completion,PT_violation_g20,3,200,102,1313260147,raw_structured,,,,
PRE,slope,,,,pretrend,0.21365290285136623,0.2141848938738171,0.07811074888217197,0.06256746983984117,0.08451813062585403,0.3378776595836678,0.3606821001240772,0.004,0.008,0.008,0.19999999999999993,correction_completion,PT_violation_g20,3,200,102,1313260147,raw_structured,,,,
PRE_SUB,X1=0_k=-4,,,-4.0,pretrend,-0.3593589112169984,-0.3577625844456097,0.26361759769572585,-0.8781056532103007,-0.7958970620726962,0.05841745779012829,0.13310338597686952,0.09133333333333334,0.18266666666666667,0.18266666666666667,-0.6000000000000001,correction_completion,PT_violation_g20,3,200,102,1313260147,raw_structured,,,,
PRE_SUB,X1=0_k=-3,,,-3.0,pretrend,-0.27499078920117653,-0.2798887318318164,0.2640170640801427,-0.7683171227499608,-0.7092398617983701,0.14585027451324561,0.23011489406871227,0.17733333333333334,0.3546666666666667,0.3546666666666667,-0.4000000000000001,correction_completion,PT_violation_g20,3,200,102,1313260147,raw_structured,,,,
PRE_SUB,X1=0_k=-2,,,-2.0,pretrend,-0.0825633417566866,-0.009131339433682752,0.24160550910795722,-0.5713138680787022,-0.49747585496112534,0.29982740211965114,0.3956878998201644,0.492,0.984,0.984,-0.20000000000000004,correction_completion,PT_violation_g20,3,200,102,1313260147,raw_structured,,,,
PRE_SUB,X1=1_k=-4,,,-4.0,pretrend,-0.7165156813764301,-0.7257937915980901,0.2753020039092647,-1.2418427664616025,-1.1494740433565458,-0.27048415638170664,-0.21254461541628789,0.002,0.004,0.004,-0.6,correction_completion,PT_violation_g20,3,200,102,1313260147,raw_structured,,,,
PRE_SUB,X1=1_k=-3,,,-3.0,pretrend,-0.6303618826122671,-0.6256921950872274,0.27302514090471736,-1.1311190508198186,-1.0723264085756379,-0.19185670803649493,-0.1128712328264527,0.012666666666666666,0.025333333333333333,0.025333333333333333,-0.39999999999999997,correction_completion,PT_violation_g20,3,200,102,1313260147,raw_structured,,,,
PRE_SUB,X1=1_k=-2,,,-2.0,pretrend,-0.4345491546380309,-0.44827572743038996,0.2947101428945244,-0.9833965963160907,-0.9230518280938399,0.0,0.0,0.14133333333333334,0.2826666666666667,0.2826666666666667,-0.19999999999999998,correction_completion,PT_violation_g20,3,200,102,1313260147,raw_structured,,,,
PRE_SUB,X2=low_k=-4,,,-4.0,pretrend,-0.5578725831663413,-0.552692601573936,0.20328014047783227,-0.953739935481773,-0.8955671401944205,-0.23196731360617504,-0.17005565894493688,0.0033333333333333335,0.006666666666666667,0.006666666666666667,-0.6000000000000001,correction_completion,PT_violation_g20,3,200,102,1313260147,raw_structured,,,,
PRE_SUB,X2=low_k=-3,,,-3.0,pretrend,-0.47239681023609825,-0.475346192636092,0.2010603864561127,-0.8590708740848209,-0.7881474217113483,-0.1371618558252226,-0.052085175399434094,0.016,0.032,0.032,-0.4,correction_completion,PT_violation_g20,3,200,102,1313260147,raw_structured,,,,
PRE_SUB,X2=low_k=-2,,,-2.0,pretrend,-0.27819189790001025,-0.2898516077129988,0.2049000683215877,-0.6671159003095837,-0.6109676107166959,0.0,0.05046452152168594,0.16466666666666666,0.3293333333333333,0.3293333333333333,-0.2,correction_completion,PT_violation_g20,3,200,102,1313260147,raw_structured,,,,
PRE_SUB,X2=high_k=-4,,,-4.0,pretrend,-0.6323604801554181,-0.6295114341212276,0.2274197136640772,-1.0556811172277694,-1.0049019580401117,-0.2600942867326397,-0.20758764674727986,0.002,0.004,0.004,-0.6000000000000001,correction_completion,PT_violation_g20,3,200,102,1313260147,raw_structured,,,,
PRE_SUB,X2=high_k=-3,,,-3.0,pretrend,-0.546630172320467,-0.5534970121621166,0.22554131744318462,-0.9780919882369146,-0.9103235399230609,-0.18068046786616357,-0.1038947832503423,0.013333333333333334,0.02666666666666667,0.02666666666666667,-0.4,correction_completion,PT_violation_g20,3,200,102,1313260147,raw_structured,,,,
PRE_SUB,X2=high_k=-2,,,-2.0,pretrend,-0.35155197806153515,-0.36442516127017033,0.2384245018101422,-0.79060889360968,-0.7213683081787696,0.0,0.0,0.146,0.292,0.292,-0.2,correction_completion,PT_violation_g20,3,200,102,1313260147,raw_structured,,,,
PRE_SUBC,X1_k=-4,,,-4.0,pretrend,-0.35715677015943176,-0.33859279713505364,0.3600790645121765,-1.0263554952111458,-0.9415858529488235,8.062994716340187e-16,1.2212453270876722e-15,0.22466666666666665,0.4493333333333333,0.4493333333333333,1.6653345369377348e-16,correction_completion,PT_violation_g20,3,200,102,1313260147,raw_structured,,,,
PRE_SUBC,X1_k=-3,,,-3.0,pretrend,-0.3553710934110906,-0.3338025882216862,0.36088722555066066,-1.0263554952111467,-0.9415858529488235,6.661338147750939e-16,1.0415279749764712e-15,0.23866666666666667,0.47733333333333333,0.47733333333333333,1.1102230246251565e-16,correction_completion,PT_violation_g20,3,200,102,1313260147,raw_structured,,,,
PRE_SUBC,X1_k=-2,,,-2.0,pretrend,-0.35198581288134423,-0.32142076762444166,0.36302542855635533,-1.0263554952111467,-0.9420152734199598,4.440892098500626e-16,7.216449660063518e-16,0.29333333333333333,0.5866666666666667,0.5866666666666667,5.551115123125783e-17,correction_completion,PT_violation_g20,3,200,102,1313260147,raw_structured,,,,
PRE_SUBC,X1_slope,,,,pretrend,0.15244273644155862,0.14300449289653427,0.1544051248079744,-4.3739813358558064e-16,-2.856841747294376e-16,0.4035367941209243,0.4398666408047767,0.21466666666666667,0.42933333333333334,0.42933333333333334,-5.551115123125783e-17,correction_completion,PT_violation_g20,3,200,102,1313260147,raw_structured,,,,
PRE_SUBC,X2_k=-4,,,-4.0,pretrend,-0.07448789698907685,-0.07127405942841417,0.08557286065235341,-0.2415916765548999,-0.19538175424041748,6.661338147750939e-16,1.0283440765590437e-15,0.24066666666666667,0.48133333333333334,0.48133333333333334,-0.0,correction_completion,PT_violation_g20,3,200,102,1313260147,raw_structured,,,,
PRE_SUBC,X2_k=-3,,,-3.0,pretrend,-0.07423336208436866,-0.06985363200885986,0.0846635169766448,-0.23430735045689385,-0.19407142496339133,5.551115123125783e-16,8.881784197001252e-16,0.254,0.508,0.508,-0.0,correction_completion,PT_violation_g20,3,200,102,1313260147,raw_structured,,,,
PRE_SUBC,X2_k=-2,,,-2.0,pretrend,-0.0733600801615249,-0.06595621087840836,0.08423932068418878,-0.23430735045689377,-0.19284665351020633,4.440892098500626e-16,6.661338147750939e-16,0.29933333333333334,0.5986666666666667,0.5986666666666667,-0.0,correction_completion,PT_violation_g20,3,200,102,1313260147,raw_structured,,,,
PRE_SUBC,X2_slope,,,,pretrend,0.03180646394982091,0.02979853125573388,0.03623917801799664,-3.708343156359563e-16,-2.1827777680576737e-16,0.08306307677206919,0.10041743591009723,0.23133333333333334,0.46266666666666667,0.46266666666666667,0.0,correction_completion,PT_violation_g20,3,200,102,1313260147,raw_structured,,,,
PRE,k=-4,,,-4.0,reference_fold_pretrend,-0.5817312941835121,-0.5787096137695307,0.19617710772203933,-0.9693058654716941,-0.9118835234153224,-0.25552450506786517,-0.20150557165588256,0.0013333333333333333,0.0026666666666666666,0.0026666666666666666,-0.5999999999999998,correction_completion,PT_violation_g20,3,200,102,1313260147,reference_fold_convolution_rf,,,,
PRE,k=-3,,,-3.0,reference_fold_pretrend,-0.49163875885413033,-0.4956157128687714,0.18496238748232322,-0.839015363732571,-0.7865214426903774,-0.18227013871451309,-0.11832145257108721,0.006,0.012,0.012,-0.39999999999999986,correction_completion,PT_violation_g20,3,200,102,1313260147,reference_fold_convolution_rf,,,,
PRE,k=-2,,,-2.0,reference_fold_pretrend,-0.28273146692144724,-0.28061456947984725,0.1785945009000488,-0.636844555879086,-0.5812833991812285,0.0,0.01824762120873019,0.06333333333333334,0.12666666666666668,0.12666666666666668,-0.19999999999999993,correction_completion,PT_violation_g20,3,200,102,1313260147,reference_fold_convolution_rf,,,,
PRE,slope,,,,reference_fold_pretrend,0.21508591908430313,0.2139423739765187,0.07282054341596664,0.07610397910866057,0.09262216572140607,0.3395210846547257,0.3619430343496761,0.002,0.004,0.004,0.19999999999999993,correction_completion,PT_violation_g20,3,200,102,1313260147,reference_fold_convolution_rf,,,,
PRE_SUB,X1=0_k=-4,,,-4.0,reference_fold_pretrend,-0.5781675503022945,-0.5816228595249346,0.22565272363558483,-1.011388042630967,-0.935639460776481,-0.20839274061189253,-0.12974904412757846,0.004,0.008,0.008,-0.6000000000000001,correction_completion,PT_violation_g20,3,200,102,1313260147,reference_fold_convolution_rf,,,,
PRE_SUB,X1=0_k=-3,,,-3.0,reference_fold_pretrend,-0.5175526858996997,-0.5240525934405296,0.2173884694725452,-0.9291965826259522,-0.8675737183631791,-0.15265610319789383,-0.0667805275732731,0.014666666666666666,0.029333333333333333,0.029333333333333333,-0.4000000000000001,correction_completion,PT_violation_g20,3,200,102,1313260147,reference_fold_convolution_rf,,,,
PRE_SUB,X1=0_k=-2,,,-2.0,reference_fold_pretrend,-0.24598768617202355,-0.24319813135233387,0.20623243655770634,-0.6552847853105367,-0.5908619452437058,0.05467049875647743,0.11965646877980515,0.12933333333333333,0.25866666666666666,0.25866666666666666,-0.20000000000000004,correction_completion,PT_violation_g20,3,200,102,1313260147,reference_fold_convolution_rf,,,,
PRE_SUB,X1=1_k=-4,,,-4.0,reference_fold_pretrend,-0.5841071234376571,-0.5786510759738149,0.21591436818978205,-1.0320946697166444,-0.9431905709266354,-0.2392234120400212,-0.18113817412707178,0.0033333333333333335,0.006666666666666667,0.006666666666666667,-0.6,correction_completion,PT_violation_g20,3,200,102,1313260147,reference_fold_convolution_rf,,,,
PRE_SUB,X1=1_k=-3,,,-3.0,reference_fold_pretrend,-0.4743628074904173,-0.4691634950397954,0.20535067317608607,-0.8764465130841256,-0.8147680426963336,-0.14935722233500923,-0.088565109468217,0.008666666666666666,0.017333333333333333,0.017333333333333333,-0.39999999999999997,correction_completion,PT_violation_g20,3,200,102,1313260147,reference_fold_convolution_rf,,,,
PRE_SUB,X1=1_k=-2,,,-2.0,reference_fold_pretrend,-0.30722732075439635,-0.29048826407862893,0.20055656256357945,-0.7165766954213382,-0.6583349360077724,0.0,0.013402485792162385,0.06133333333333333,0.12266666666666666,0.12266666666666666,-0.19999999999999998,correction_completion,PT_violation_g20,3,200,102,1313260147,reference_fold_convolution_rf,,,,
PRE_SUB,X2=low_k=-4,,,-4.0,reference_fold_pretrend,-0.5588163361019283,-0.5597719305761121,0.19548635824196303,-0.9501247461269262,-0.8849287262552473,-0.23589806968151683,-0.18642687149188522,0.002,0.004,0.004,-0.6000000000000001,correction_completion,PT_violation_g20,3,200,102,1313260147,reference_fold_convolution_rf,,,,
PRE_SUB,X2=low_k=-3,,,-3.0,reference_fold_pretrend,-0.46299235621742196,-0.46659277580087055,0.18178379450372872,-0.807660117488601,-0.7590570666045502,-0.1629063827653924,-0.09894191183193367,0.007333333333333333,0.014666666666666666,0.014666666666666666,-0.4,correction_completion,PT_violation_g20,3,200,102,1313260147,reference_fold_convolution_rf,,,,
PRE_SUB,X2=low_k=-2,,,-2.0,reference_fold_pretrend,-0.26792880698441907,-0.26515617784871826,0.1749968757425557,-0.6167771179120568,-0.5649969497887067,0.0,0.028326693962315422,0.07466666666666667,0.14933333333333335,0.14933333333333335,-0.2,correction_completion,PT_violation_g20,3,200,102,1313260147,reference_fold_convolution_rf,,,,
PRE_SUB,X2=high_k=-4,,,-4.0,reference_fold_pretrend,-0.5923529260621258,-0.5893108683142845,0.20408073279578787,-1.0098404503344216,-0.9321234883739722,-0.25565038615179575,-0.2046086643960123,0.002,0.004,0.004,-0.6000000000000001,correction_completion,PT_violation_g20,3,200,102,1313260147,reference_fold_convolution_rf,,,,
PRE_SUB,X2=high_k=-3,,,-3.0,reference_fold_pretrend,-0.49595535717383077,-0.49836557695979433,0.19421002891512654,-0.8699359928367016,-0.8103818032437856,-0.17838141986687442,-0.11184947219984433,0.006,0.012,0.012,-0.4,correction_completion,PT_violation_g20,3,200,102,1313260147,reference_fold_convolution_rf,,,,
PRE_SUB,X2=high_k=-2,,,-2.0,reference_fold_pretrend,-0.2988429332032273,-0.2909557220908458,0.18734243344829493,-0.6719975338162378,-0.6121433232980122,0.0,0.016214256197425107,0.06133333333333333,0.12266666666666666,0.12266666666666666,-0.2,correction_completion,PT_violation_g20,3,200,102,1313260147,reference_fold_convolution_rf,,,,
PRE_SUBC,X1_k=-4,,,-4.0,reference_fold_pretrend,-0.005939573135362674,0.031350773987470076,0.20262456779672272,-0.4852322197026692,-0.3789597698487109,0.26790618375678854,0.3118245804201127,0.44466666666666665,0.8893333333333333,0.8893333333333333,1.6653345369377348e-16,correction_completion,PT_violation_g20,3,200,102,1313260147,reference_fold_convolution_rf,,,,
PRE_SUBC,X1_k=-3,,,-3.0,reference_fold_pretrend,0.043189878409282415,0.0801162281158887,0.2040562960007222,-0.43019939066454227,-0.3470840531625624,0.3134281061064805,0.3481892342138156,0.34,0.68,0.68,1.1102230246251565e-16,correction_completion,PT_violation_g20,3,200,102,1313260147,reference_fold_convolution_rf,,,,
PRE_SUBC,X1_k=-2,,,-2.0,reference_fold_pretrend,-0.061239634582372846,-0.027962292577424525,0.19632554040913347,-0.521055584727714,-0.4251309261581197,0.197213237919485,0.22448301531049894,0.446,0.892,0.892,5.551115123125783e-17,correction_completion,PT_violation_g20,3,200,102,1313260147,reference_fold_convolution_rf,,,,
PRE_SUBC,X1_slope,,,,reference_fold_pretrend,-0.0005229573450074264,-0.017110991971201646,0.08367967003146094,-0.12429004470879411,-0.10732768384441091,0.1587472749265812,0.20022851362891952,0.414,0.828,0.828,-5.551115123125783e-17,correction_completion,PT_violation_g20,3,200,102,1313260147,reference_fold_convolution_rf,,,,
PRE_SUBC,X2_k=-4,,,-4.0,reference_fold_pretrend,-0.0335365899601976,-3.885780586188048e-16,0.06834310687476419,-0.2409199538672554,-0.17540370297829286,0.003264860701330618,0.030519581165124588,0.3473333333333333,0.6946666666666667,0.6946666666666667,-0.0,correction_completion,PT_violation_g20,3,200,102,1313260147,reference_fold_convolution_rf,,,,
PRE_SUBC,X2_k=-3,,,-3.0,reference_fold_pretrend,-0.03296300095640892,-2.7755575615628914e-16,0.06617659760938502,-0.236670549029968,-0.16808480990115654,7.216449660063518e-16,0.009250098090107222,0.34,0.68,0.68,-0.0,correction_completion,PT_violation_g20,3,200,102,1313260147,reference_fold_convolution_rf,,,,
PRE_SUBC,X2_k=-2,,,-2.0,reference_fold_pretrend,-0.03091412621880829,-1.6653345369377348e-16,0.061938074626445315,-0.22446539985986466,-0.15102651992964555,3.885780586188048e-16,6.952771691714967e-16,0.36466666666666664,0.7293333333333333,0.7293333333333333,-0.0,correction_completion,PT_violation_g20,3,200,102,1313260147,reference_fold_convolution_rf,,,,
PRE_SUBC,X2_slope,,,,reference_fold_pretrend,0.014103564143729921,1.3481279584734043e-16,0.028035830750999413,-0.007543727852086883,-0.0009277098572813605,0.07037750407332792,0.09795141275219368,0.31333333333333335,0.6266666666666667,0.6266666666666667,0.0,correction_completion,PT_violation_g20,3,200,102,1313260147,reference_fold_convolution_rf,,,,
PRE,k=-4,,,-4.0,pretrend,-1.195068579270045,-1.1990692433518158,0.20385038967053706,-1.5738174517421872,-1.5319852815750523,-0.8610399603428807,-0.8068266410068243,0.0,0.0,0.0,-1.2,correction_completion,PT_violation_g40,3,200,86,897859119,raw_structured,,,,
PRE,k=-3,,,-3.0,pretrend,-0.7427971928251916,-0.743321587805092,0.21119561409787055,-1.1633320478620146,-1.0808118504723294,-0.41341351630449624,-0.3379231992630035,0.0,0.0,0.0,-0.7999999999999999,correction_completion,PT_violation_g40,3,200,86,897859119,raw_structured,,,,
PRE,k=-2,,,-2.0,pretrend,-0.49468827506641166,-0.5051099716514671,0.20273832524128316,-0.8988440654284385,-0.8302961685084161,-0.13355020384226754,-0.04890172910113697,0.022,0.044,0.044,-0.39999999999999997,correction_completion,PT_violation_g40,3,200,86,897859119,raw_structured,,,,
PRE,slope,,,,pretrend,0.3975348856090664,0.3973544942436445,0.07386228941092195,0.2518208430307043,0.2766906623385782,0.5204536669062915,0.5380914021187697,0.0,0.0,0.0,0.39999999999999997,correction_completion,PT_violation_g40,3,200,86,897859119,raw_structured,,,,
PRE_SUB,X1=0_k=-4,,,-4.0,pretrend,-1.188829183518141,-1.1943986704540581,0.20573530090596406,-1.5754421813888515,-1.53070316056051,-0.8584147101931339,-0.8018921648889683,0.0,0.0,0.0,-1.1999999999999995,correction_completion,PT_violation_g40,3,200,86,897859119,raw_structured,,,,
PRE_SUB,X1=0_k=-3,,,-3.0,pretrend,-0.7358795327497267,-0.7347462497816708,0.21253064500550212,-1.154119092992998,-1.0806004625880592,-0.4080482083106663,-0.3275527986802417,0.0006666666666666666,0.0013333333333333333,0.0013333333333333333,-0.7999999999999997,correction_completion,PT_violation_g40,3,200,86,897859119,raw_structured,,,,
PRE_SUB,X1=0_k=-2,,,-2.0,pretrend,-0.4880897732868786,-0.4967816148314066,0.2042450763018327,-0.8946759480953844,-0.8223773296387772,-0.12026368479949189,-0.04287011139716425,0.022,0.044,0.044,-0.39999999999999986,correction_completion,PT_violation_g40,3,200,86,897859119,raw_structured,,,,
PRE_SUB,X1=1_k=-4,,,-4.0,pretrend,-1.2002484549886068,-1.2031693739748626,0.20653622376836464,-1.5874217437296616,-1.5379075712920802,-0.8556289402013398,-0.8071667360707488,0.0,0.0,0.0,-1.1999999999999995,correction_completion,PT_violation_g40,3,200,86,897859119,raw_structured,,,,
PRE_SUB,X1=1_k=-3,,,-3.0,pretrend,-0.74854015590671,-0.7494665980300992,0.21347943196502583,-1.1755119990700142,-1.0941468848259888,-0.4133160881696965,-0.35053607594630926,0.0,0.0,0.0,-0.7999999999999997,correction_completion,PT_violation_g40,3,200,86,897859119,raw_structured,,,,
PRE_SUB,X1=1_k=-2,,,-2.0,pretrend,-0.50016627654376,-0.511231564166726,0.20453799659818167,-0.9003787423717294,-0.841738033832667,-0.14992049294385307,-0.04927428181501331,0.022,0.044,0.044,-0.39999999999999986,correction_completion,PT_violation_g40,3,200,86,897859119,raw_structured,,,,
PRE_SUB,X2=low_k=-4,,,-4.0,pretrend,-1.2292203541041278,-1.2331375878327342,0.21800590449091675,-1.671788791072796,-1.5915899516956256,-0.872518340179528,-0.8182021585880618,0.0,0.0,0.0,-1.2000000000000002,correction_completion,PT_violation_g40,3,200,86,897859119,raw_structured,,,,
PRE_SUB,X2=low_k=-3,,,-3.0,pretrend,-0.7777646430736803,-0.7749563252423286,0.22511736415731212,-1.2307724180508803,-1.155084767436767,-0.4282058331688426,-0.36777394691108295,0.0,0.0,0.0,-0.8,correction_completion,PT_violation_g40,3,200,86,897859119,raw_structured,,,,
PRE_SUB,X2=low_k=-2,,,-2.0,pretrend,-0.5282024232612431,-0.5289654424295975,0.2188628906585951,-0.9583861567560561,-0.8988129840514251,-0.16427715278718252,-0.05627948745549303,0.020666666666666667,0.04133333333333333,0.04133333333333333,-0.4,correction_completion,PT_violation_g40,3,200,86,897859119,raw_structured,,,,
PRE_SUB,X2=high_k=-4,,,-4.0,pretrend,-1.179357084529846,-1.1862695167489088,0.21087131310320945,-1.5660707167243333,-1.5173973230821918,-0.8380711322517564,-0.7828360554846507,0.0,0.0,0.0,-1.2000000000000002,correction_completion,PT_violation_g40,3,200,86,897859119,raw_structured,,,,
PRE_SUB,X2=high_k=-3,,,-3.0,pretrend,-0.7268183918766435,-0.7191335329291367,0.2179190780021268,-1.1541190929929983,-1.0808118504723274,-0.3835451402588522,-0.29506424296584804,0.0,0.0,0.0,-0.8,correction_completion,PT_violation_g40,3,200,86,897859119,raw_structured,,,,
PRE_SUB,X2=high_k=-2,,,-2.0,pretrend,-0.47926011596326196,-0.4880865953794724,0.20832364431248546,-0.8909468790301256,-0.8172565204987112,-0.1122225902397458,0.0,0.034,0.068,0.068,-0.4,correction_completion,PT_violation_g40,3,200,86,897859119,raw_structured,,,,
PRE_SUBC,X1_k=-4,,,-4.0,pretrend,-0.011419271470465519,-2.220446049250313e-16,0.061990986296191826,-0.10262258091971574,-0.07927395266328326,0.005316451414825664,0.030907687512099113,0.48,0.96,0.96,-0.0,correction_completion,PT_violation_g40,3,200,86,897859119,raw_structured,,,,
PRE_SUBC,X1_k=-3,,,-3.0,pretrend,-0.01266062315698323,-1.1102230246251565e-16,0.05633347754380025,-0.1000009729176405,-0.0762714265815037,2.1094237467877974e-15,0.016036497629544642,0.4593333333333333,0.9186666666666666,0.9186666666666666,-0.0,correction_completion,PT_violation_g40,3,200,86,897859119,raw_structured,,,,
PRE_SUBC,X1_k=-2,,,-2.0,pretrend,-0.012076503256881367,-6.591949208711867e-17,0.05232747473411029,-0.09279235319456174,-0.07298039508824455,1.5543122344752192e-15,0.007094326744281126,0.47733333333333333,0.9546666666666667,0.9546666666666667,-0.0,correction_completion,PT_violation_g40,3,200,86,897859119,raw_structured,,,,
PRE_SUBC,X1_slope,,,,pretrend,0.005118254570160313,7.137148015447435e-17,0.024378663689280725,-0.012216235481917047,-0.0013605464461323325,0.03358756216176246,0.04274743434115429,0.43333333333333335,0.8666666666666667,0.8666666666666667,0.0,correction_completion,PT_violation_g40,3,200,86,897859119,raw_structured,,,,
PRE_SUBC,X2_k=-4,,,-4.0,pretrend,0.04986326957428175,1.6653345369377348e-16,0.132158508758212,-0.04107081996214331,-0.01589141370001583,0.38163234234880977,0.44874099499449355,0.49133333333333334,0.9826666666666667,0.9826666666666667,-0.0,correction_completion,PT_violation_g40,3,200,86,897859119,raw_structured,,,,
PRE_SUBC,X2_k=-3,,,-3.0,pretrend,0.050946251197036795,1.1102230246251565e-16,0.13151930274619913,-0.02256580276834965,-1.9984014443252818e-15,0.3816323423488091,0.44874099499449477,0.476,0.952,0.952,-0.0,correction_completion,PT_violation_g40,3,200,86,897859119,raw_structured,,,,
PRE_SUBC,X2_k=-2,,,-2.0,pretrend,0.04894230729798113,1.1102230246251565e-16,0.1273661245803761,-0.01026078902763649,-1.1102230246251565e-15,0.37608894834019707,0.43925294213385274,0.474,0.948,0.948,-0.0,correction_completion,PT_violation_g40,3,200,86,897859119,raw_structured,,,,
PRE_SUBC,X2_slope,,,,pretrend,-0.02145890131535,-4.7580986769649563e-17,0.05576626387117075,-0.19235317567252574,-0.16338544339208666,0.004569792765635058,0.014994096945895334,0.444,0.888,0.888,0.0,correction_completion,PT_violation_g40,3,200,86,897859119,raw_structured,,,,
PRE,k=-4,,,-4.0,reference_fold_pretrend,-1.1632207297191723,-1.1598632082564904,0.2112153923928545,-1.581140172408661,-1.5143307851676897,-0.8295991427964013,-0.7660122609799597,0.0,0.0,0.0,-1.2,correction_completion,PT_violation_g40,3,200,86,897859119,reference_fold_convolution_rf,,,,
PRE,k=-3,,,-3.0,reference_fold_pretrend,-0.7681651198506797,-0.764650902794414,0.2004524660078708,-1.1625677309206777,-1.0957324882369448,-0.446495426419863,-0.38105684876215157,0.0,0.0,0.0,-0.7999999999999999,correction_completion,PT_violation_g40,3,200,86,897859119,reference_fold_convolution_rf,,,,
PRE,k=-2,,,-2.0,reference_fold_pretrend,-0.5206882818146472,-0.5237030117051347,0.19287472549119528,-0.8981448187158375,-0.8351705346906294,-0.19031247889885913,-0.14229266536217883,0.008666666666666666,0.017333333333333333,0.017333333333333333,-0.39999999999999997,correction_completion,PT_violation_g40,3,200,86,897859119,reference_fold_convolution_rf,,,,
PRE,slope,,,,reference_fold_pretrend,0.39619147933382315,0.3962581724682189,0.07510979224655978,0.24929026168204405,0.2751440559215189,0.5188923098096585,0.5471825641248913,0.0,0.0,0.0,0.39999999999999997,correction_completion,PT_violation_g40,3,200,86,897859119,reference_fold_convolution_rf,,,,
PRE_SUB,X1=0_k=-4,,,-4.0,reference_fold_pretrend,-1.144730917784876,-1.144422727085884,0.21573378695848527,-1.5711598242981295,-1.5107031532095894,-0.7950937823382445,-0.7252684010897902,0.0,0.0,0.0,-1.1999999999999995,correction_completion,PT_violation_g40,3,200,86,897859119,reference_fold_convolution_rf,,,,
PRE_SUB,X1=0_k=-3,,,-3.0,reference_fold_pretrend,-0.7496660451956311,-0.7424399864211362,0.20390262963570616,-1.1610448105834361,-1.0874570092308304,-0.4233441346874568,-0.3639455074375694,0.0,0.0,0.0,-0.7999999999999997,correction_completion,PT_violation_g40,3,200,86,897859119,reference_fold_convolution_rf,,,,
PRE_SUB,X1=0_k=-2,,,-2.0,reference_fold_pretrend,-0.5137910986537887,-0.5205053087533913,0.1950376117077737,-0.8954098691092143,-0.8320623989041706,-0.1780383700221285,-0.11211178422368202,0.01,0.02,0.02,-0.39999999999999986,correction_completion,PT_violation_g40,3,200,86,897859119,reference_fold_convolution_rf,,,,
PRE_SUB,X1=1_k=-4,,,-4.0,reference_fold_pretrend,-1.1785707622683996,-1.1763690939868128,0.22008804466568263,-1.6109546280606128,-1.548046890278246,-0.8258411007455264,-0.7643492812980363,0.0,0.0,0.0,-1.1999999999999995,correction_completion,PT_violation_g40,3,200,86,897859119,reference_fold_convolution_rf,,,,
PRE_SUB,X1=1_k=-3,,,-3.0,reference_fold_pretrend,-0.7835228422058146,-0.7797638766020805,0.20991378671112823,-1.2071381660947058,-1.1312118202319545,-0.4480644396024397,-0.38054822396938454,0.0,0.0,0.0,-0.7999999999999997,correction_completion,PT_violation_g40,3,200,86,897859119,reference_fold_convolution_rf,,,,
PRE_SUB,X1=1_k=-2,,,-2.0,reference_fold_pretrend,-0.5264142451934731,-0.5318953815622043,0.19474946884007033,-0.9014859429972167,-0.8477062239622951,-0.1996122827560391,-0.14204496047095766,0.008666666666666666,0.017333333333333333,0.017333333333333333,-0.39999999999999986,correction_completion,PT_violation_g40,3,200,86,897859119,reference_fold_convolution_rf,,,,
PRE_SUB,X2=low_k=-4,,,-4.0,reference_fold_pretrend,-1.1686541640482666,-1.1656419609134612,0.21469578137021525,-1.604956871608043,-1.523711663157287,-0.8241117979753405,-0.7644988963149126,0.0,0.0,0.0,-1.2000000000000002,correction_completion,PT_violation_g40,3,200,86,897859119,reference_fold_convolution_rf,,,,
PRE_SUB,X2=low_k=-3,,,-3.0,reference_fold_pretrend,-0.7745618811026326,-0.7692266791071476,0.20248034008965712,-1.1836127803761285,-1.1089731959842315,-0.4493065476508793,-0.38076096560313505,0.0,0.0,0.0,-0.8,correction_completion,PT_violation_g40,3,200,86,897859119,reference_fold_convolution_rf,,,,
PRE_SUB,X2=low_k=-2,,,-2.0,reference_fold_pretrend,-0.5257216240988103,-0.5284032952814477,0.1944089606243155,-0.896151670020663,-0.8446034104947662,-0.19745292919135168,-0.13968613095775656,0.008666666666666666,0.017333333333333333,0.017333333333333333,-0.4,correction_completion,PT_violation_g40,3,200,86,897859119,reference_fold_convolution_rf,,,,
PRE_SUB,X2=high_k=-4,,,-4.0,reference_fold_pretrend,-1.1678844624180607,-1.162587195200263,0.2139859037404146,-1.5923040757705325,-1.5253790980819537,-0.8233898269524682,-0.7632658338301611,0.0,0.0,0.0,-1.2000000000000002,correction_completion,PT_violation_g40,3,200,86,897859119,reference_fold_convolution_rf,,,,
PRE_SUB,X2=high_k=-3,,,-3.0,reference_fold_pretrend,-0.7725871646172532,-0.7725937637377585,0.20457131348123792,-1.172463483459996,-1.1030379524001235,-0.44540808047370445,-0.3724639803314607,0.0,0.0,0.0,-0.8,correction_completion,PT_violation_g40,3,200,86,897859119,reference_fold_convolution_rf,,,,
PRE_SUB,X2=high_k=-2,,,-2.0,reference_fold_pretrend,-0.5215243587078384,-0.5254979093613722,0.1938197170938209,-0.8999874798269842,-0.8366178103981151,-0.18738020081142848,-0.14004917657417282,0.008,0.016,0.016,-0.4,correction_completion,PT_violation_g40,3,200,86,897859119,reference_fold_convolution_rf,,,,
PRE_SUBC,X1_k=-4,,,-4.0,reference_fold_pretrend,-0.033839844483523715,-1.0949860049347393e-05,0.1093939164720258,-0.3849203691396526,-0.30082326019933503,0.03383040004785001,0.11289196464059503,0.498,0.996,0.996,-0.0,correction_completion,PT_violation_g40,3,200,86,897859119,reference_fold_convolution_rf,,,,
PRE_SUBC,X1_k=-3,,,-3.0,reference_fold_pretrend,-0.03385679701018359,-0.0002831293291861714,0.10541661730124044,-0.38026427385864925,-0.2908850737086022,0.017529579740861403,0.05367003070457484,0.47,0.94,0.94,-0.0,correction_completion,PT_violation_g40,3,200,86,897859119,reference_fold_convolution_rf,,,,
PRE_SUBC,X1_k=-2,,,-2.0,reference_fold_pretrend,-0.012623146539684422,-0.0005188194785804567,0.05601411568528466,-0.20780033314894528,-0.09672084081110736,0.006175761132460282,0.017400253865004742,0.4226666666666667,0.8453333333333334,0.8453333333333334,-0.0,correction_completion,PT_violation_g40,3,200,86,897859119,reference_fold_convolution_rf,,,,
PRE_SUBC,X1_slope,,,,reference_fold_pretrend,0.012989733857901625,6.087620195685341e-05,0.04021475527400063,-0.032473817526497854,-0.012179003132724974,0.10956508344820348,0.14374051295109955,0.48333333333333334,0.9666666666666667,0.9666666666666667,0.0,correction_completion,PT_violation_g40,3,200,86,897859119,reference_fold_convolution_rf,,,,
PRE_SUBC,X2_k=-4,,,-4.0,reference_fold_pretrend,0.0007697016302059447,-0.005700234327520648,0.059918653629481136,-0.10400471772383603,-0.06982041798115388,0.11936777621774532,0.17565640473663693,0.388,0.776,0.776,-0.0,correction_completion,PT_violation_g40,3,200,86,897859119,reference_fold_convolution_rf,,,,
PRE_SUBC,X2_k=-3,,,-3.0,reference_fold_pretrend,0.0019747164853794233,-0.0033736747651342824,0.05703362311245771,-0.0958329852883186,-0.06145678328794597,0.11396417260575849,0.1632918047430426,0.41333333333333333,0.8266666666666667,0.8266666666666667,-0.0,correction_completion,PT_violation_g40,3,200,86,897859119,reference_fold_convolution_rf,,,,
PRE_SUBC,X2_k=-2,,,-2.0,reference_fold_pretrend,0.004197265390971697,0.0012579261238706164,0.043402096380875436,-0.07167012201656234,-0.04079763998925502,0.06207004474723503,0.12100720232450418,0.4666666666666667,0.9333333333333333,0.9333333333333333,-0.0,correction_completion,PT_violation_g40,3,200,86,897859119,reference_fold_convolution_rf,,,,
PRE_SUBC,X2_slope,,,,reference_fold_pretrend,-0.0007468430894534553,0.0014698111931933605,0.022928284843175873,-0.06736960819280345,-0.045763568811553246,0.026014719887351483,0.03876387343311344,0.40066666666666667,0.8013333333333333,0.8013333333333333,0.0,correction_completion,PT_violation_g40,3,200,86,897859119,reference_fold_convolution_rf,,,,
PRE,k=-4,,,-4.0,pretrend,-0.17786710986583862,-0.16986076923045607,0.17902300622799094,-0.5342498502790318,-0.47287995313755593,0.0825861094458691,0.1653087544142206,0.2,0.4,0.4,-0.016483516483516487,correction_completion,PT_violation_het10,3,200,70,1221436231,raw_structured,,,,
PRE,k=-3,,,-3.0,pretrend,-0.16980621720832917,-0.16213780738226832,0.17061928025073828,-0.5149711574426278,-0.45826806569481215,0.06395282307532497,0.13253139373912087,0.23533333333333334,0.4706666666666667,0.4706666666666667,-0.010989010989010992,correction_completion,PT_violation_het10,3,200,70,1221436231,raw_structured,,,,
PRE,k=-2,,,-2.0,pretrend,-0.13777907690566035,-0.09075834813229311,0.16479021329353544,-0.485911882276823,-0.4367281181788199,0.0260711408953606,0.08662541121338571,0.37866666666666665,0.7573333333333333,0.7573333333333333,-0.005494505494505496,correction_completion,PT_violation_het10,3,200,70,1221436231,raw_structured,,,,
PRE,slope,,,,pretrend,0.07221377435141675,0.06729911032659255,0.067919088915223,-0.047080839858421056,-0.022819173042639918,0.18844904809812996,0.2122489025574817,0.18133333333333335,0.3626666666666667,0.3626666666666667,0.005494505494505496,correction_completion,PT_violation_het10,3,200,70,1221436231,raw_structured,,,,
PRE_SUB,X1=0_k=-4,,,-4.0,pretrend,-0.16770570133146248,-0.16340251754069762,0.18369605800269637,-0.527609307383092,-0.4634443823262167,0.13006819887056773,0.1952645164524629,0.218,0.436,0.436,0.29999999999999993,correction_completion,PT_violation_het10,3,200,70,1221436231,raw_structured,,,,
PRE_SUB,X1=0_k=-3,,,-3.0,pretrend,-0.15990366351516977,-0.14995785023612618,0.17434126539416622,-0.4946377679600837,-0.45813169122997144,0.09855349048183086,0.16327322911074515,0.25466666666666665,0.5093333333333333,0.5093333333333333,0.19999999999999996,correction_completion,PT_violation_het10,3,200,70,1221436231,raw_structured,,,,
PRE_SUB,X1=0_k=-2,,,-2.0,pretrend,-0.12965500037920777,-0.08142110719882667,0.1669934884444755,-0.4825396653892589,-0.43398788846711844,0.052392247020243615,0.12010670750083347,0.396,0.792,0.792,0.09999999999999998,correction_completion,PT_violation_het10,3,200,70,1221436231,raw_structured,,,,
PRE_SUB,X1=1_k=-4,,,-4.0,pretrend,-0.18697003834455048,-0.17632114091292933,0.18776004371871138,-0.5683410838896744,-0.49273362777071356,0.08411851885278498,0.16179259216435393,0.194,0.388,0.388,-0.3,correction_completion,PT_violation_het10,3,200,70,1221436231,raw_structured,,,,
PRE_SUB,X1=1_k=-3,,,-3.0,pretrend,-0.17867725489178451,-0.16554246634838682,0.1799075382676897,-0.5517994988205018,-0.4844206809417075,0.062355877371508744,0.13011695589403244,0.22933333333333333,0.45866666666666667,0.45866666666666667,-0.19999999999999998,correction_completion,PT_violation_het10,3,200,70,1221436231,raw_structured,,,,
PRE_SUB,X1=1_k=-2,,,-2.0,pretrend,-0.1450568954606074,-0.0979085619410043,0.17294316438985932,-0.523384169028481,-0.4500180189559247,0.016347241485345006,0.07596068946625617,0.374,0.748,0.748,-0.09999999999999999,correction_completion,PT_violation_het10,3,200,70,1221436231,raw_structured,,,,
PRE_SUB,X2=low_k=-4,,,-4.0,pretrend,-0.18545752459692502,-0.17591749823809422,0.18693181198032355,-0.5530754340130658,-0.48755165378690374,0.08152503729296642,0.15852304279055535,0.196,0.392,0.392,-0.020000000000000004,correction_completion,PT_violation_het10,3,200,70,1221436231,raw_structured,,,,
PRE_SUB,X2=low_k=-3,,,-3.0,pretrend,-0.1773559402534357,-0.1650274768598508,0.17946373710343247,-0.5433515875634405,-0.47295783731090163,0.06344195226335814,0.13011695589403244,0.234,0.468,0.468,-0.013333333333333336,correction_completion,PT_violation_het10,3,200,70,1221436231,raw_structured,,,,
PRE_SUB,X2=low_k=-2,,,-2.0,pretrend,-0.144908119725255,-0.09845089497338194,0.17414252944346223,-0.5239992095822411,-0.44580807201289796,0.0254484215070628,0.07863595614672243,0.37733333333333335,0.7546666666666667,0.7546666666666667,-0.006666666666666668,correction_completion,PT_violation_het10,3,200,70,1221436231,raw_structured,,,,
PRE_SUB,X2=high_k=-4,,,-4.0,pretrend,-0.17359783935747045,-0.16705190681884813,0.17869932501219882,-0.5221793848614048,-0.46408788554751906,0.08602941575369233,0.17355666101312472,0.20733333333333334,0.4146666666666667,0.4146666666666667,-0.009677419354838707,correction_completion,PT_violation_het10,3,200,70,1221436231,raw_structured,,,,
PRE_SUB,X2=high_k=-3,,,-3.0,pretrend,-0.16544648978835183,-0.1570314958016345,0.16994202210226947,-0.5061745154646279,-0.4570136430202962,0.07178283032768332,0.1339544046622638,0.24533333333333332,0.49066666666666664,0.49066666666666664,-0.006451612903225805,correction_completion,PT_violation_het10,3,200,70,1221436231,raw_structured,,,,
PRE_SUB,X2=high_k=-2,,,-2.0,pretrend,-0.1338029307351779,-0.0832591300687035,0.16364192622825494,-0.48402950361475994,-0.4345968758152277,0.03639046258917308,0.09596948394537401,0.38866666666666666,0.7773333333333333,0.7773333333333333,-0.0032258064516129024,correction_completion,PT_violation_het10,3,200,70,1221436231,raw_structured,,,,
PRE_SUBC,X1_k=-4,,,-4.0,pretrend,-0.019264337013088037,0.0,0.09997634230725745,-0.39166660013179366,-0.18301098840711372,0.012644071731416254,0.04839666549803339,0.5366666666666666,1.0,1.0,-0.5999999999999999,correction_completion,PT_violation_het10,3,200,70,1221436231,raw_structured,,,,
PRE_SUBC,X1_k=-3,,,-3.0,pretrend,-0.01877359137661476,0.0,0.09656230658265896,-0.3770157365665631,-0.16330197932656504,6.535785103685295e-05,0.03598723923545921,0.57,1.0,1.0,-0.3999999999999999,correction_completion,PT_violation_het10,3,200,70,1221436231,raw_structured,,,,
PRE_SUBC,X1_k=-2,,,-2.0,pretrend,-0.015401895081399615,0.0,0.08492996652372645,-0.33953113291895276,-0.08322270490391978,1.1123046927963268e-15,0.03078301787145498,0.6466666666666666,1.0,1.0,-0.19999999999999996,correction_completion,PT_violation_het10,3,200,70,1221436231,raw_structured,,,,
PRE_SUBC,X1_slope,,,,pretrend,0.00791014920527809,0.0,0.04033764218319703,-0.019705247853822924,-0.0036612111700695957,0.0697834321334709,0.1582302688375759,0.5286666666666666,1.0,1.0,0.19999999999999996,correction_completion,PT_violation_het10,3,200,70,1221436231,raw_structured,,,,
PRE_SUBC,X2_k=-4,,,-4.0,pretrend,0.011859685239454585,0.0,0.06779045638538703,-1.1657341758564144e-15,-7.500944310123713e-16,0.0846656927714805,0.19774346807436463,0.5386666666666666,1.0,1.0,0.010322580645161297,correction_completion,PT_violation_het10,3,200,70,1221436231,raw_structured,,,,
PRE_SUBC,X2_k=-3,,,-3.0,pretrend,0.011909450465083845,0.0,0.06713157611928125,-8.326672684688674e-16,-6.106226635438361e-16,0.05310019160120323,0.1977434680743644,0.5733333333333334,1.0,1.0,0.006881720430107531,correction_completion,PT_violation_het10,3,200,70,1221436231,raw_structured,,,,
PRE_SUBC,X2_k=-2,,,-2.0,pretrend,0.011105188990077126,0.0,0.06513874504776972,-7.216449660063518e-16,-4.996003610813204e-16,1.057487430955459e-15,0.16738626891277486,0.6553333333333333,1.0,1.0,0.0034408602150537656,correction_completion,PT_violation_het10,3,200,70,1221436231,raw_structured,,,,
PRE_SUBC,X2_slope,,,,pretrend,-0.0050359389741863264,0.0,0.028499716850761338,-0.08398023555870654,-0.02705126576028513,2.5792859911380854e-16,3.8377039641395394e-16,0.5293333333333333,1.0,1.0,-0.0034408602150537656,correction_completion,PT_violation_het10,3,200,70,1221436231,raw_structured,,,,
PRE,k=-4,,,-4.0,reference_fold_pretrend,-0.25389189305598064,-0.252114860994912,0.1759067775997143,-0.6169410785216588,-0.5552538326630461,0.016122206336512488,0.06911769464934844,0.068,0.136,0.136,-0.016483516483516487,correction_completion,PT_violation_het10,3,200,70,1221436231,reference_fold_convolution_rf,,,,
PRE,k=-3,,,-3.0,reference_fold_pretrend,-0.233668028306124,-0.22329817272344585,0.16089097580691022,-0.5586597756348586,-0.5095281683825756,0.014522720905363468,0.05594353283584873,0.07066666666666667,0.14133333333333334,0.14133333333333334,-0.010989010989010992,correction_completion,PT_violation_het10,3,200,70,1221436231,reference_fold_convolution_rf,,,,
PRE,k=-2,,,-2.0,reference_fold_pretrend,-0.1908938895902967,-0.18362703307851547,0.15202435794235367,-0.49724364963755435,-0.46170098244092617,0.031635302499242124,0.06542758310559352,0.13733333333333334,0.27466666666666667,0.27466666666666667,-0.005494505494505496,correction_completion,PT_violation_het10,3,200,70,1221436231,reference_fold_convolution_rf,,,,
PRE,slope,,,,reference_fold_pretrend,0.10142183038360618,0.09878884762089687,0.06510576398216081,-0.014914614184723353,-0.0022286729970417913,0.21151079838109602,0.2365006910907864,0.056,0.112,0.112,0.005494505494505496,correction_completion,PT_violation_het10,3,200,70,1221436231,reference_fold_convolution_rf,,,,
PRE_SUB,X1=0_k=-4,,,-4.0,reference_fold_pretrend,-0.23488997582669988,-0.23154682952833167,0.1815275456210538,-0.6158492007904025,-0.5414660748083017,0.05050139060993895,0.09195162693211364,0.096,0.192,0.192,0.29999999999999993,correction_completion,PT_violation_het10,3,200,70,1221436231,reference_fold_convolution_rf,,,,
PRE_SUB,X1=0_k=-3,,,-3.0,reference_fold_pretrend,-0.21925978926679837,-0.21476333358490612,0.1660437062946765,-0.554982395889073,-0.5024235994807499,0.04034702444189061,0.08690907644504448,0.10266666666666667,0.20533333333333334,0.20533333333333334,0.19999999999999996,correction_completion,PT_violation_het10,3,200,70,1221436231,reference_fold_convolution_rf,,,,
PRE_SUB,X1=0_k=-2,,,-2.0,reference_fold_pretrend,-0.17938744224619715,-0.17208227289284797,0.1575937267438628,-0.5053992481789484,-0.44609768687463885,0.04832983006554519,0.0932463990247589,0.17266666666666666,0.3453333333333333,0.3453333333333333,0.09999999999999998,correction_completion,PT_violation_het10,3,200,70,1221436231,reference_fold_convolution_rf,,,,
PRE_SUB,X1=1_k=-4,,,-4.0,reference_fold_pretrend,-0.27091444390721137,-0.2577848753814055,0.18882271501986628,-0.6635362069170133,-0.6034625026796083,0.023209362168661242,0.06528859508264723,0.06466666666666666,0.12933333333333333,0.12933333333333333,-0.3,correction_completion,PT_violation_het10,3,200,70,1221436231,reference_fold_convolution_rf,,,,
PRE_SUB,X1=1_k=-3,,,-3.0,reference_fold_pretrend,-0.24657540911218648,-0.23786166625586425,0.17432869643072327,-0.6065685566264231,-0.5524734898150654,0.018469203842737012,0.0577393184201681,0.07266666666666667,0.14533333333333334,0.14533333333333334,-0.19999999999999998,correction_completion,PT_violation_het10,3,200,70,1221436231,reference_fold_convolution_rf,,,,
PRE_SUB,X1=1_k=-2,,,-2.0,reference_fold_pretrend,-0.20120174866938598,-0.18933460313177208,0.1641661738896197,-0.5672810366546989,-0.4873034350411733,0.02523239909855167,0.0662605540160729,0.134,0.268,0.268,-0.09999999999999999,correction_completion,PT_violation_het10,3,200,70,1221436231,reference_fold_convolution_rf,,,,
PRE_SUB,X2=low_k=-4,,,-4.0,reference_fold_pretrend,-0.2453538810579221,-0.23557685592527355,0.1854128653010693,-0.6388478593375831,-0.5591303298303499,0.03916206109829228,0.08087504738762033,0.07933333333333334,0.15866666666666668,0.15866666666666668,-0.020000000000000004,correction_completion,PT_violation_het10,3,200,70,1221436231,reference_fold_convolution_rf,,,,
PRE_SUB,X2=low_k=-3,,,-3.0,reference_fold_pretrend,-0.21311648185991766,-0.19916919343708406,0.1681165079382828,-0.5556665941733087,-0.5031384525571858,0.03762440720171976,0.08346931553011376,0.09066666666666667,0.18133333333333335,0.18133333333333335,-0.013333333333333336,correction_completion,PT_violation_het10,3,200,70,1221436231,reference_fold_convolution_rf,,,,
PRE_SUB,X2=low_k=-2,,,-2.0,reference_fold_pretrend,-0.17204502681559408,-0.15428821381203695,0.1532790177427905,-0.5089840352841707,-0.44737248358359566,0.03506645196313842,0.0933310970075025,0.14466666666666667,0.28933333333333333,0.28933333333333333,-0.006666666666666668,correction_completion,PT_violation_het10,3,200,70,1221436231,reference_fold_convolution_rf,,,,
PRE_SUB,X2=high_k=-4,,,-4.0,reference_fold_pretrend,-0.2655624072565737,-0.25984040480935694,0.18293063765249476,-0.6422868403352797,-0.5783774928703538,0.0167542081813512,0.08383465394390222,0.06266666666666666,0.12533333333333332,0.12533333333333332,-0.009677419354838707,correction_completion,PT_violation_het10,3,200,70,1221436231,reference_fold_convolution_rf,,,,
PRE_SUB,X2=high_k=-3,,,-3.0,reference_fold_pretrend,-0.25505411426547325,-0.24987149090589816,0.16938190048963858,-0.5992530542344119,-0.5451878566941262,0.004231354072011161,0.049018334204833224,0.06533333333333333,0.13066666666666665,0.13066666666666665,-0.006451612903225805,correction_completion,PT_violation_het10,3,200,70,1221436231,reference_fold_convolution_rf,,,,
PRE_SUB,X2=high_k=-2,,,-2.0,reference_fold_pretrend,-0.2100821222021001,-0.1996484548693589,0.1644413228323766,-0.5424499036700022,-0.49447868525463934,0.02409148279658149,0.06815697055407668,0.13466666666666666,0.2693333333333333,0.2693333333333333,-0.0032258064516129024,correction_completion,PT_violation_het10,3,200,70,1221436231,reference_fold_convolution_rf,,,,
PRE_SUBC,X1_k=-4,,,-4.0,reference_fold_pretrend,-0.0360244680805115,0.0026207411021182438,0.11738079475404545,-0.3744394912526634,-0.30434785503550355,0.0576789952768857,0.07389674057406317,0.4693333333333333,0.9386666666666666,0.9386666666666666,-0.5999999999999999,correction_completion,PT_violation_het10,3,200,70,1221436231,reference_fold_convolution_rf,,,,
PRE_SUBC,X1_k=-3,,,-3.0,reference_fold_pretrend,-0.027315619845388085,0.009209093718308053,0.11281267095703566,-0.36898012765654775,-0.2898988481446301,0.05764301900429886,0.06870264732005815,0.39466666666666667,0.7893333333333333,0.7893333333333333,-0.3999999999999999,correction_completion,PT_violation_het10,3,200,70,1221436231,reference_fold_convolution_rf,,,,
PRE_SUBC,X1_k=-2,,,-2.0,reference_fold_pretrend,-0.02181430642318881,0.008622478162876701,0.10674172846108333,-0.3607271198621768,-0.2762277430812539,0.05241113711998361,0.0631531740552029,0.414,0.828,0.828,-0.19999999999999996,correction_completion,PT_violation_het10,3,200,70,1221436231,reference_fold_convolution_rf,,,,
PRE_SUBC,X1_slope,,,,reference_fold_pretrend,0.013179925025392817,-0.0024921117767875266,0.047847393872035286,-0.028459392673437632,-0.02300770092852351,0.12457005548967996,0.15666354022724724,0.43266666666666664,0.8653333333333333,0.8653333333333333,0.19999999999999996,correction_completion,PT_violation_het10,3,200,70,1221436231,reference_fold_convolution_rf,,,,
PRE_SUBC,X2_k=-4,,,-4.0,reference_fold_pretrend,-0.020208526198651582,-0.025755034945350752,0.10231152853962854,-0.2082356624955986,-0.1737801628278726,0.14888405043499522,0.20329265184458292,0.3933333333333333,0.7866666666666666,0.7866666666666666,0.010322580645161297,correction_completion,PT_violation_het10,3,200,70,1221436231,reference_fold_convolution_rf,,,,
PRE_SUBC,X2_k=-3,,,-3.0,reference_fold_pretrend,-0.04193763240555555,-0.04783401788353302,0.09527365630054412,-0.2052388605103133,-0.18332604479450754,0.11935124399578347,0.16009733246567107,0.30733333333333335,0.6146666666666667,0.6146666666666667,0.006881720430107531,correction_completion,PT_violation_het10,3,200,70,1221436231,reference_fold_convolution_rf,,,,
PRE_SUBC,X2_k=-2,,,-2.0,reference_fold_pretrend,-0.03803709538650602,-0.04017502030377981,0.08956164937904432,-0.20209687405563784,-0.17287980614558532,0.11569267966800617,0.1484587932066964,0.34933333333333333,0.6986666666666667,0.6986666666666667,0.0034408602150537656,correction_completion,PT_violation_het10,3,200,70,1221436231,reference_fold_convolution_rf,,,,
PRE_SUBC,X2_slope,,,,reference_fold_pretrend,0.013038424199540849,0.015709060283123313,0.03883891975357701,-0.06956198543806255,-0.05100264725376046,0.07131059622615106,0.08341113789645427,0.3426666666666667,0.6853333333333333,0.6853333333333333,-0.0034408602150537656,correction_completion,PT_violation_het10,3,200,70,1221436231,reference_fold_convolution_rf,,,,
PRE,k=-4,,,-4.0,pretrend,-0.05462062817225476,-0.051163375824897245,0.20851295281544677,-0.4701183034271882,-0.4067335987554408,0.2962679166154036,0.3628475968114627,0.39466666666666667,0.7893333333333333,0.7893333333333333,-0.06055045871559632,correction_completion,PT_violation_het20,3,200,54,876592485,raw_structured,,,,
PRE,k=-3,,,-3.0,pretrend,0.0066241460701317225,0.0,0.18966223446078123,-0.36748175947170897,-0.32240551556827846,0.3059146029148445,0.37482583954877075,0.52,1.0,1.0,-0.040366972477064215,correction_completion,PT_violation_het20,3,200,54,876592485,raw_structured,,,,
PRE,k=-2,,,-2.0,pretrend,-0.1210052471124317,-0.09526867591004885,0.17201800909476575,-0.47938645741138547,-0.4218338244656419,0.12558288666302558,0.18601851605304318,0.38066666666666665,0.7613333333333333,0.7613333333333333,-0.020183486238532108,correction_completion,PT_violation_het20,3,200,54,876592485,raw_structured,,,,
PRE,slope,,,,pretrend,0.019401345677780898,0.016825074590543655,0.07160515086700518,-0.12079192941202914,-0.10026516803658082,0.14355314606263841,0.1653510248751332,0.402,0.804,0.804,0.020183486238532108,correction_completion,PT_violation_het20,3,200,54,876592485,raw_structured,,,,
PRE_SUB,X1=0_k=-4,,,-4.0,pretrend,0.49712949987640004,0.4895868754879109,0.2730805423700115,-0.03551921700289322,0.05113369684336877,0.9467539373843772,1.0504859459721911,0.03666666666666667,0.07333333333333333,0.07333333333333333,0.6,correction_completion,PT_violation_het20,3,200,54,876592485,raw_structured,,,,
PRE_SUB,X1=0_k=-3,,,-3.0,pretrend,0.203891229508113,0.19166722092007826,0.25723301884592376,-0.2674980343093848,-0.19065730476709605,0.6552568084184798,0.7267653535231964,0.28,0.56,0.56,0.39999999999999997,correction_completion,PT_violation_het20,3,200,54,876592485,raw_structured,,,,
PRE_SUB,X1=0_k=-2,,,-2.0,pretrend,0.014724465974738995,0.0,0.21048002048930584,-0.40376770111181104,-0.3355682646697552,0.38988487780617437,0.4671034277251307,0.6133333333333333,1.0,1.0,0.19999999999999998,correction_completion,PT_violation_het20,3,200,54,876592485,raw_structured,,,,
PRE_SUB,X1=1_k=-4,,,-4.0,pretrend,-0.5052165660786562,-0.5037936502321818,0.28304699447618153,-1.0651778234729679,-0.9636244934279156,-0.047082044512691164,0.03585952559985888,0.034,0.068,0.068,-0.5999999999999998,correction_completion,PT_violation_het20,3,200,54,876592485,raw_structured,,,,
PRE_SUB,X1=1_k=-3,,,-3.0,pretrend,-0.15447730540421967,-0.13452829918765852,0.252064382598215,-0.6640456376989953,-0.5834831882747369,0.24713311271738272,0.3237766458186093,0.3253333333333333,0.6506666666666666,0.6506666666666666,-0.39999999999999986,correction_completion,PT_violation_het20,3,200,54,876592485,raw_structured,,,,
PRE_SUB,X1=1_k=-2,,,-2.0,pretrend,-0.2318511794669544,-0.19334097613565465,0.24867835186596293,-0.7557493259933071,-0.6708112535276041,0.06752478020225462,0.11601681837036178,0.32666666666666666,0.6533333333333333,0.6533333333333333,-0.19999999999999993,correction_completion,PT_violation_het20,3,200,54,876592485,raw_structured,,,,
PRE_SUB,X2=low_k=-4,,,-4.0,pretrend,0.06329747840028545,0.06579483704264327,0.2097756081653238,-0.3483319953284808,-0.2820393611897679,0.4151320825809592,0.4890154819045824,0.368,0.736,0.736,0.10000000000000002,correction_completion,PT_violation_het20,3,200,54,876592485,raw_structured,,,,
PRE_SUB,X2=low_k=-3,,,-3.0,pretrend,0.04839444698806441,0.03373846591989409,0.19217288977444652,-0.33137487434690727,-0.27050735930353065,0.36442067067015976,0.4111979647327079,0.43533333333333335,0.8706666666666667,0.8706666666666667,0.06666666666666668,correction_completion,PT_violation_het20,3,200,54,876592485,raw_structured,,,,
PRE_SUB,X2=low_k=-2,,,-2.0,pretrend,-0.09188221531620208,-0.054635316956581026,0.16712713611527272,-0.44635795826323926,-0.39678922688314755,0.1601675381549103,0.22232368001651345,0.424,0.848,0.848,0.03333333333333334,correction_completion,PT_violation_het20,3,200,54,876592485,raw_structured,,,,
PRE_SUB,X2=high_k=-4,,,-4.0,pretrend,-0.09959487254255017,-0.09463009294131677,0.2112962265666895,-0.515024151829491,-0.45467587770750095,0.25421401514106057,0.318867393367499,0.314,0.628,0.628,-0.11351351351351352,correction_completion,PT_violation_het20,3,200,54,876592485,raw_structured,,,,
PRE_SUB,X2=high_k=-3,,,-3.0,pretrend,-0.009600517415766579,0.0,0.19211602953839568,-0.3876981400046471,-0.33897570947612177,0.2971278447230405,0.36128313291754566,0.5266666666666666,1.0,1.0,-0.07567567567567568,correction_completion,PT_violation_het20,3,200,54,876592485,raw_structured,,,,
PRE_SUB,X2=high_k=-2,,,-2.0,pretrend,-0.13227694060338077,-0.10511032879450054,0.17644111910813326,-0.49274840612857385,-0.4374565098921745,0.11472715972810744,0.17885803246359336,0.36533333333333334,0.7306666666666667,0.7306666666666667,-0.03783783783783784,correction_completion,PT_violation_het20,3,200,54,876592485,raw_structured,,,,
PRE_SUBC,X1_k=-4,,,-4.0,pretrend,-1.0023460659550563,-0.9969871621825015,0.3714708555973992,-1.7134962315484994,-1.6140593660850844,-0.4417508089217361,-0.30649509005843134,0.007333333333333333,0.014666666666666666,0.014666666666666666,-1.1999999999999997,correction_completion,PT_violation_het20,3,200,54,876592485,raw_structured,,,,
PRE_SUBC,X1_k=-3,,,-3.0,pretrend,-0.35836853491233267,-0.37360641377922965,0.3408450800605271,-1.0191837924793,-0.902047305935423,5.283967707825345e-16,8.545247842661695e-16,0.24533333333333332,0.49066666666666664,0.49066666666666664,-0.7999999999999998,correction_completion,PT_violation_het20,3,200,54,876592485,raw_structured,,,,
PRE_SUBC,X1_k=-2,,,-2.0,pretrend,-0.24657564544169341,-4.440892098500626e-16,0.3137954208273678,-0.8854162771426841,-0.8125145332896063,4.732325642464717e-16,7.639722188201821e-16,0.4053333333333333,0.8106666666666666,0.8106666666666666,-0.3999999999999999,correction_completion,PT_violation_het20,3,200,54,876592485,raw_structured,,,,
PRE_SUBC,X1_slope,,,,pretrend,0.2835964937951091,0.2591410333563979,0.13012333763745934,0.07263977810999576,0.10711103612170754,0.5045076805913662,0.5415739881183976,0.006,0.012,0.012,0.3999999999999999,correction_completion,PT_violation_het20,3,200,54,876592485,raw_structured,,,,
PRE_SUBC,X2_k=-4,,,-4.0,pretrend,-0.16289235094283563,-0.16087779981477565,0.0709800503651567,-0.2898099634077329,-0.26664789384091175,-0.06236034671609554,-0.024925308357404183,0.014666666666666666,0.029333333333333333,0.029333333333333333,-0.21351351351351355,correction_completion,PT_violation_het20,3,200,54,876592485,raw_structured,,,,
PRE_SUBC,X2_k=-3,,,-3.0,pretrend,-0.057994964403830986,-0.05912349278038418,0.06554850762632801,-0.17336755551562805,-0.14979376169913444,3.885780586188048e-16,8.618106228652702e-16,0.2613333333333333,0.5226666666666666,0.5226666666666666,-0.14234234234234236,correction_completion,PT_violation_het20,3,200,54,876592485,raw_structured,,,,
PRE_SUBC,X2_k=-2,,,-2.0,pretrend,-0.04039472528717868,-2.220446049250313e-16,0.057565352703452255,-0.1488478091616594,-0.13471313678910907,3.4729163989055646e-16,5.551115123125783e-16,0.42333333333333334,0.8466666666666667,0.8466666666666667,-0.07117117117117118,correction_completion,PT_violation_het20,3,200,54,876592485,raw_structured,,,,
PRE_SUBC,X2_slope,,,,pretrend,0.04607583620881054,0.041845469715390674,0.025582291291659412,1.7587617870010589e-16,0.015175075869347292,0.08492030233161359,0.09288999720375335,0.018,0.036,0.036,0.07117117117117118,correction_completion,PT_violation_het20,3,200,54,876592485,raw_structured,,,,
PRE,k=-4,,,-4.0,reference_fold_pretrend,-0.1176023421631434,-0.11799600665466344,0.18546157141032588,-0.4916230092501608,-0.42749880192777945,0.18534679698380993,0.24862259124408193,0.25933333333333336,0.5186666666666667,0.5186666666666667,-0.06055045871559632,correction_completion,PT_violation_het20,3,200,54,876592485,reference_fold_convolution_rf,,,,
PRE,k=-3,,,-3.0,reference_fold_pretrend,-0.10101725448318352,-0.09755239534073112,0.16602774847121843,-0.43678313757473763,-0.377689276022391,0.17253375695962697,0.2227268467123493,0.2813333333333333,0.5626666666666666,0.5626666666666666,-0.040366972477064215,correction_completion,PT_violation_het20,3,200,54,876592485,reference_fold_convolution_rf,,,,
PRE,k=-2,,,-2.0,reference_fold_pretrend,-0.17912416791049204,-0.17771127671884368,0.15465820019389762,-0.5055875015059982,-0.44845005422356893,0.05016756828582965,0.09817975984855716,0.146,0.292,0.292,-0.020183486238532108,correction_completion,PT_violation_het20,3,200,54,876592485,reference_fold_convolution_rf,,,,
PRE,slope,,,,reference_fold_pretrend,0.05242612166902067,0.051266270122000676,0.0663561412666486,-0.07601081330572551,-0.05182205202719262,0.1641875273702366,0.18331392133922553,0.216,0.432,0.432,0.020183486238532108,correction_completion,PT_violation_het20,3,200,54,876592485,reference_fold_convolution_rf,,,,
PRE_SUB,X1=0_k=-4,,,-4.0,reference_fold_pretrend,0.1321264917199649,0.13143752129689934,0.23747513955134733,-0.3267367984142304,-0.26175127788337,0.5283973623641883,0.5715483251788175,0.2806666666666667,0.5613333333333334,0.5613333333333334,0.6,correction_completion,PT_violation_het20,3,200,54,876592485,reference_fold_convolution_rf,,,,
PRE_SUB,X1=0_k=-3,,,-3.0,reference_fold_pretrend,0.024546316771723375,0.02533033226821663,0.1983657952499809,-0.3650062037233568,-0.3005184865339207,0.3561180680974601,0.41958451573812305,0.45466666666666666,0.9093333333333333,0.9093333333333333,0.39999999999999997,correction_completion,PT_violation_het20,3,200,54,876592485,reference_fold_convolution_rf,,,,
PRE_SUB,X1=0_k=-2,,,-2.0,reference_fold_pretrend,-0.08880685203188547,-0.07005902720017079,0.173271442452221,-0.43914088763604175,-0.3873169135059906,0.19007706439051675,0.2493020967723474,0.34933333333333333,0.6986666666666667,0.6986666666666667,0.19999999999999998,correction_completion,PT_violation_het20,3,200,54,876592485,reference_fold_convolution_rf,,,,
PRE_SUB,X1=1_k=-4,,,-4.0,reference_fold_pretrend,-0.3215475565010152,-0.3091228615945733,0.2292193917147898,-0.7940051590796192,-0.7067614146322131,0.04728827886217685,0.11322760143388234,0.07533333333333334,0.15066666666666667,0.15066666666666667,-0.5999999999999998,correction_completion,PT_violation_het20,3,200,54,876592485,reference_fold_convolution_rf,,,,
PRE_SUB,X1=1_k=-3,,,-3.0,reference_fold_pretrend,-0.2035608376746908,-0.19592464028749562,0.20780279316435918,-0.6287779270666415,-0.5492006107491098,0.13596109118591718,0.18790765781253319,0.17133333333333334,0.3426666666666667,0.3426666666666667,-0.39999999999999986,correction_completion,PT_violation_het20,3,200,54,876592485,reference_fold_convolution_rf,,,,
PRE_SUB,X1=1_k=-2,,,-2.0,reference_fold_pretrend,-0.2528833092113541,-0.24435997124410846,0.1962046628409937,-0.6680380588785174,-0.6046738212259158,0.03003350639472361,0.07182008068904654,0.116,0.232,0.232,-0.19999999999999993,correction_completion,PT_violation_het20,3,200,54,876592485,reference_fold_convolution_rf,,,,
PRE_SUB,X2=low_k=-4,,,-4.0,reference_fold_pretrend,-0.10035912040879469,-0.09745691826755656,0.19898477647788315,-0.49761386002600344,-0.43183389918815385,0.2235313972145364,0.29878873681572904,0.2906666666666667,0.5813333333333334,0.5813333333333334,0.10000000000000002,correction_completion,PT_violation_het20,3,200,54,876592485,reference_fold_convolution_rf,,,,
PRE_SUB,X2=low_k=-3,,,-3.0,reference_fold_pretrend,-0.11132371021470465,-0.11037098787923544,0.17650770371667215,-0.45546658922507227,-0.40538998084291644,0.1759864741257362,0.23008254063239916,0.27,0.54,0.54,0.06666666666666668,correction_completion,PT_violation_het20,3,200,54,876592485,reference_fold_convolution_rf,,,,
PRE_SUB,X2=low_k=-2,,,-2.0,reference_fold_pretrend,-0.19086973815328778,-0.18547750429185555,0.16527229615705685,-0.5334815559238677,-0.47718961264346993,0.05227354560781215,0.09748203814651771,0.14666666666666667,0.29333333333333333,0.29333333333333333,0.03333333333333334,correction_completion,PT_violation_het20,3,200,54,876592485,reference_fold_convolution_rf,,,,
PRE_SUB,X2=high_k=-4,,,-4.0,reference_fold_pretrend,-0.1275222067521437,-0.1251606213271995,0.18414018270319218,-0.4952480185502274,-0.4316043867362228,0.1624643133359216,0.2435944702828522,0.24133333333333334,0.4826666666666667,0.4826666666666667,-0.11351351351351352,correction_completion,PT_violation_het20,3,200,54,876592485,reference_fold_convolution_rf,,,,
PRE_SUB,X2=high_k=-3,,,-3.0,reference_fold_pretrend,-0.09800516287747055,-0.09359516637424808,0.16527187013106948,-0.44098674916610514,-0.36739985901028066,0.17709054169518046,0.22279452551204812,0.288,0.576,0.576,-0.07567567567567568,correction_completion,PT_violation_het20,3,200,54,876592485,reference_fold_convolution_rf,,,,
PRE_SUB,X2=high_k=-2,,,-2.0,reference_fold_pretrend,-0.17617538285690496,-0.1765167441453878,0.1534115161852343,-0.498574193397102,-0.44328503372876915,0.05682253165518502,0.10266294013823887,0.15066666666666667,0.30133333333333334,0.30133333333333334,-0.03783783783783784,correction_completion,PT_violation_het20,3,200,54,876592485,reference_fold_convolution_rf,,,,
PRE_SUBC,X1_k=-4,,,-4.0,reference_fold_pretrend,-0.45367404822098,-0.4401357994404541,0.2834226592458231,-1.02675478576814,-0.9377566567648914,0.029836126162936228,0.057974390703334905,0.07866666666666666,0.15733333333333333,0.15733333333333333,-1.1999999999999997,correction_completion,PT_violation_het20,3,200,54,876592485,reference_fold_convolution_rf,,,,
PRE_SUBC,X1_k=-3,,,-3.0,reference_fold_pretrend,-0.22810715444641413,-0.23462699107156326,0.23695268877426173,-0.7281826626882654,-0.6548046080816573,0.06484393121755778,0.08345348261040311,0.274,0.548,0.548,-0.7999999999999998,correction_completion,PT_violation_het20,3,200,54,876592485,reference_fold_convolution_rf,,,,
PRE_SUBC,X1_k=-2,,,-2.0,reference_fold_pretrend,-0.16407645717946864,-0.10743156161729918,0.20860313002322575,-0.6062720116051157,-0.5142511593627463,0.06627690454321869,0.07724500577962917,0.374,0.748,0.748,-0.3999999999999999,correction_completion,PT_violation_het20,3,200,54,876592485,reference_fold_convolution_rf,,,,
PRE_SUBC,X1_slope,,,,reference_fold_pretrend,0.14152235076680267,0.13543473933137445,0.0972129267171037,-0.023534096737512826,-0.012402511268881651,0.30215545145044753,0.343952179909806,0.08333333333333333,0.16666666666666666,0.16666666666666666,0.3999999999999999,correction_completion,PT_violation_het20,3,200,54,876592485,reference_fold_convolution_rf,,,,
PRE_SUBC,X2_k=-4,,,-4.0,reference_fold_pretrend,-0.02716308634334901,-0.024783031883274,0.07563555643385331,-0.17724384314972716,-0.15026022852429877,0.0923261725156722,0.12647166269175825,0.35533333333333333,0.7106666666666667,0.7106666666666667,-0.21351351351351355,correction_completion,PT_violation_het20,3,200,54,876592485,reference_fold_convolution_rf,,,,
PRE_SUBC,X2_k=-3,,,-3.0,reference_fold_pretrend,0.013318547337234093,0.013173403885511994,0.06355512401794892,-0.11027935577727355,-0.09097316710604123,0.11787723796855819,0.13961345379651352,0.42333333333333334,0.8466666666666667,0.8466666666666667,-0.14234234234234236,correction_completion,PT_violation_het20,3,200,54,876592485,reference_fold_convolution_rf,,,,
PRE_SUBC,X2_k=-2,,,-2.0,reference_fold_pretrend,0.014694355296382805,0.012301947546420222,0.05466872566583865,-0.09912813322184925,-0.07894484146292644,0.10579654303006043,0.11776984086850276,0.41333333333333333,0.8266666666666667,0.8266666666666667,-0.07117117117117118,correction_completion,PT_violation_het20,3,200,54,876592485,reference_fold_convolution_rf,,,,
PRE_SUBC,X2_slope,,,,reference_fold_pretrend,0.002868414932799716,0.002557560922826579,0.0258526855480129,-0.0508105334022536,-0.040458821256446065,0.0449652491222582,0.05364419381882441,0.45466666666666666,0.9093333333333333,0.9093333333333333,0.07117117117117118,correction_completion,PT_violation_het20,3,200,54,876592485,reference_fold_convolution_rf,,,,
PRE,k=-4,,,-4.0,pretrend,-0.23928904883319593,-0.23464458657233528,0.20414667453639967,-0.6514289763151263,-0.5786175078877089,0.08469970392068257,0.1420861394351985,0.12133333333333333,0.24266666666666667,0.24266666666666667,-0.047058823529411764,correction_completion,PT_violation_het40,3,200,38,3713197091,raw_structured,,,,
PRE,k=-3,,,-3.0,pretrend,-0.3151667662421297,-0.3130235677332811,0.19526125480126097,-0.728749568445806,-0.6551317056188081,-0.004011031345018365,0.055901309417097464,0.048,0.096,0.096,-0.03137254901960784,correction_completion,PT_violation_het40,3,200,38,3713197091,raw_structured,,,,
PRE,k=-2,,,-2.0,pretrend,-0.18667738631219064,-0.18727110896537086,0.1857226587180377,-0.5406028195486609,-0.4852918401591022,0.10881030070912326,0.16663490982783574,0.15933333333333333,0.31866666666666665,0.31866666666666665,-0.01568627450980392,correction_completion,PT_violation_het40,3,200,38,3713197091,raw_structured,,,,
PRE,slope,,,,pretrend,0.10963414752114559,0.10774643339224299,0.07425546079016881,-0.03182020674792454,-0.008999388603898687,0.2337712373649182,0.26069848638749055,0.064,0.128,0.128,0.01568627450980392,correction_completion,PT_violation_het40,3,200,38,3713197091,raw_structured,,,,
PRE_SUB,X1=0_k=-4,,,-4.0,pretrend,0.7377840654143046,0.7316186641450843,0.28075281319250245,0.20585443866127903,0.27562054940301745,1.200445567660039,1.2933087227703963,0.004,0.008,0.008,1.2,correction_completion,PT_violation_het40,3,200,38,3713197091,raw_structured,,,,
PRE_SUB,X1=0_k=-3,,,-3.0,pretrend,0.45225237522332107,0.4550975605808629,0.25381014094300464,-0.05495854174085414,0.01971870368480997,0.8788069697258306,0.9515285511769098,0.03866666666666667,0.07733333333333334,0.07733333333333334,0.7999999999999999,correction_completion,PT_violation_het40,3,200,38,3713197091,raw_structured,,,,
PRE_SUB,X1=0_k=-2,,,-2.0,pretrend,0.39087022648953734,0.3911669381304337,0.23164454914880617,-0.06630779556974613,0.007607402737759245,0.7649871309022068,0.8404676859610241,0.04733333333333333,0.09466666666666666,0.09466666666666666,0.39999999999999997,correction_completion,PT_violation_het40,3,200,38,3713197091,raw_structured,,,,
PRE_SUB,X1=1_k=-4,,,-4.0,pretrend,-1.1426207959676775,-1.136321196361554,0.2721101963735267,-1.712639352540615,-1.6057214003246219,-0.7127890620877252,-0.6474995381822333,0.0,0.0,0.0,-1.1999999999999995,correction_completion,PT_violation_het40,3,200,38,3713197091,raw_structured,,,,
PRE_SUB,X1=1_k=-3,,,-3.0,pretrend,-1.0246674819366033,-1.018340625062271,0.2684587697575276,-1.5701107725679886,-1.496537561514811,-0.6093503887500338,-0.5099590726997932,0.0006666666666666666,0.0013333333333333333,0.0013333333333333333,-0.7999999999999997,correction_completion,PT_violation_het40,3,200,38,3713197091,raw_structured,,,,
PRE_SUB,X1=1_k=-2,,,-2.0,pretrend,-0.7206365000345428,-0.7159094880185808,0.2414594444687952,-1.2006880145126722,-1.117932614698189,-0.34429326555457607,-0.26151654659871115,0.0013333333333333333,0.0026666666666666666,0.0026666666666666666,-0.39999999999999986,correction_completion,PT_violation_het40,3,200,38,3713197091,raw_structured,,,,
PRE_SUB,X2=low_k=-4,,,-4.0,pretrend,-0.42524768996424017,-0.42456178164881053,0.21043000835792258,-0.8486777243909303,-0.7709698630799727,-0.095318357725421,-0.04448740896501091,0.015333333333333332,0.030666666666666665,0.030666666666666665,-0.2823529411764706,correction_completion,PT_violation_het40,3,200,38,3713197091,raw_structured,,,,
PRE_SUB,X2=low_k=-3,,,-3.0,pretrend,-0.4596767761457946,-0.45609074303924146,0.20270470260321624,-0.8652197141155169,-0.8002540466607772,-0.13388039253139086,-0.0760742106197523,0.007333333333333333,0.014666666666666666,0.014666666666666666,-0.18823529411764706,correction_completion,PT_violation_het40,3,200,38,3713197091,raw_structured,,,,
PRE_SUB,X2=low_k=-2,,,-2.0,pretrend,-0.295236495850226,-0.29661913715370963,0.19155432249774468,-0.6702704874086282,-0.6063349088303113,0.015075494309868947,0.08081816259462007,0.056666666666666664,0.11333333333333333,0.11333333333333333,-0.09411764705882353,correction_completion,PT_violation_het40,3,200,38,3713197091,raw_structured,,,,
PRE_SUB,X2=high_k=-4,,,-4.0,pretrend,-0.2614730552238469,-0.25628583857669607,0.20714231563279653,-0.6940459992116861,-0.6134978057802716,0.06281792669460606,0.11773018102200469,0.096,0.192,0.192,-0.07058823529411766,correction_completion,PT_violation_het40,3,200,38,3713197091,raw_structured,,,,
PRE_SUB,X2=high_k=-3,,,-3.0,pretrend,-0.3343306160756835,-0.3311175240000471,0.1980722781576599,-0.7465470109582804,-0.6771010911986768,-0.017290758182326667,0.039390571276193616,0.04133333333333333,0.08266666666666667,0.08266666666666667,-0.04705882352941177,correction_completion,PT_violation_het40,3,200,38,3713197091,raw_structured,,,,
PRE_SUB,X2=high_k=-2,,,-2.0,pretrend,-0.2011557187584697,-0.20230619378048428,0.18783543155771124,-0.5693588087265509,-0.50514419306238,0.09056241947513051,0.1564957956059294,0.14,0.28,0.28,-0.023529411764705885,correction_completion,PT_violation_het40,3,200,38,3713197091,raw_structured,,,,
PRE_SUBC,X1_k=-4,,,-4.0,pretrend,-1.880404861381982,-1.879000432248206,0.372649358042321,-2.5706162576433833,-2.480822753609131,-1.273612346779235,-1.1445790038981858,0.0,0.0,0.0,-2.3999999999999995,correction_completion,PT_violation_het40,3,200,38,3713197091,raw_structured,,,,
PRE_SUBC,X1_k=-3,,,-3.0,pretrend,-1.4769198571599245,-1.4741710023131502,0.3482213191877193,-2.1743050368075854,-2.040975888413101,-0.8982887434145196,-0.8137090049715058,0.0,0.0,0.0,-1.5999999999999996,correction_completion,PT_violation_het40,3,200,38,3713197091,raw_structured,,,,
PRE_SUBC,X1_k=-2,,,-2.0,pretrend,-1.1115067265240801,-1.0990192452337784,0.29402251312017436,-1.7845450329379489,-1.6405269998112906,-0.674540332455874,-0.5881423579375302,0.0,0.0,0.0,-0.7999999999999998,correction_completion,PT_violation_het40,3,200,38,3713197091,raw_structured,,,,
PRE_SUBC,X1_slope,,,,pretrend,0.6933257874992769,0.6956527651156769,0.11932388637709553,0.46144240854142454,0.4984088746335335,0.886581768928151,0.9216080004080426,0.0,0.0,0.0,0.7999999999999998,correction_completion,PT_violation_het40,3,200,38,3713197091,raw_structured,,,,
PRE_SUBC,X2_k=-4,,,-4.0,pretrend,0.16377463474039336,0.16524687210515626,0.07334912891774889,-0.015795481010081363,0.07926667949114795,0.23778093082300558,0.3124574413328697,0.027333333333333334,0.05466666666666667,0.05466666666666667,0.21176470588235294,correction_completion,PT_violation_het40,3,200,38,3713197091,raw_structured,,,,
PRE_SUBC,X2_k=-3,,,-3.0,pretrend,0.12534616007011115,0.12846842797714392,0.06398942871189767,-0.040406445045147524,0.05908256625509274,0.1926996491805633,0.21953461375854288,0.03333333333333333,0.06666666666666667,0.06666666666666667,0.1411764705882353,correction_completion,PT_violation_het40,3,200,38,3713197091,raw_structured,,,,
PRE_SUBC,X2_k=-2,,,-2.0,pretrend,0.0940807770917563,0.09614783292455838,0.054840011849853494,-0.014206044925997181,0.04717459000107486,0.15473873235049762,0.16727444464595614,0.028666666666666667,0.05733333333333333,0.05733333333333333,0.07058823529411765,correction_completion,PT_violation_het40,3,200,38,3713197091,raw_structured,,,,
PRE_SUBC,X2_slope,,,,pretrend,-0.059721214389511335,-0.061021906657902275,0.02631286524257106,-0.11044170115648173,-0.08474386628979602,-0.03142972638348781,0.008828387186111926,0.028666666666666667,0.05733333333333333,0.05733333333333333,-0.07058823529411765,correction_completion,PT_violation_het40,3,200,38,3713197091,raw_structured,,,,
PRE,k=-4,,,-4.0,reference_fold_pretrend,-0.3363950676770472,-0.3346428542478317,0.18590970945155338,-0.7020747282877193,-0.642307476786288,-0.026363863143691428,0.02071939747547882,0.03666666666666667,0.07333333333333333,0.07333333333333333,-0.047058823529411764,correction_completion,PT_violation_het40,3,200,38,3713197091,reference_fold_convolution_rf,,,,
PRE,k=-3,,,-3.0,reference_fold_pretrend,-0.40360673714268397,-0.40248053565538733,0.1749695224079833,-0.7503530671018542,-0.6923609032224357,-0.11048298123155675,-0.05487940331746004,0.010666666666666666,0.021333333333333333,0.021333333333333333,-0.03137254901960784,correction_completion,PT_violation_het40,3,200,38,3713197091,reference_fold_convolution_rf,,,,
PRE,k=-2,,,-2.0,reference_fold_pretrend,-0.25822323190707885,-0.2544037113405615,0.1685618118449926,-0.5895506989212727,-0.5351323823154491,0.01393252441415146,0.06961449109383298,0.06,0.12,0.12,-0.01568627450980392,correction_completion,PT_violation_het40,3,200,38,3713197091,reference_fold_convolution_rf,,,,
PRE,slope,,,,reference_fold_pretrend,0.14818727923025632,0.14932339834092762,0.0683305277324729,0.017704098312212115,0.034790317545693096,0.26097169344104953,0.285891934912544,0.016,0.032,0.032,0.01568627450980392,correction_completion,PT_violation_het40,3,200,38,3713197091,reference_fold_convolution_rf,,,,
PRE_SUB,X1=0_k=-4,,,-4.0,reference_fold_pretrend,0.42846048395720043,0.4176970533733098,0.24448011400224512,-0.02552966484637943,0.03426463550365174,0.832154378344921,0.8965311587895446,0.034666666666666665,0.06933333333333333,0.06933333333333333,1.2,correction_completion,PT_violation_het40,3,200,38,3713197091,reference_fold_convolution_rf,,,,
PRE_SUB,X1=0_k=-3,,,-3.0,reference_fold_pretrend,0.25691549390830415,0.25230983780352334,0.22417352192620973,-0.1812847134186154,-0.10767212287962,0.6221974512186362,0.6859282199728083,0.12866666666666668,0.25733333333333336,0.25733333333333336,0.7999999999999999,correction_completion,PT_violation_het40,3,200,38,3713197091,reference_fold_convolution_rf,,,,
PRE_SUB,X1=0_k=-2,,,-2.0,reference_fold_pretrend,0.2571782507422178,0.25053351010659786,0.2141668002214884,-0.15623678087192117,-0.08877425591094415,0.6142686206043302,0.6842376280004268,0.11733333333333333,0.23466666666666666,0.23466666666666666,0.39999999999999997,correction_completion,PT_violation_het40,3,200,38,3713197091,reference_fold_convolution_rf,,,,
PRE_SUB,X1=1_k=-4,,,-4.0,reference_fold_pretrend,-1.043525672018144,-1.046624332581253,0.2430519177677292,-1.522095007427404,-1.4509565598201266,-0.6418282387138188,-0.5797361337779964,0.0,0.0,0.0,-1.1999999999999995,correction_completion,PT_violation_het40,3,200,38,3713197091,reference_fold_convolution_rf,,,,
PRE_SUB,X1=1_k=-3,,,-3.0,reference_fold_pretrend,-1.0142782337747296,-1.0135221573520226,0.23030642548039026,-1.4755640331576034,-1.3912448240311779,-0.6341262811893981,-0.564871963219387,0.0,0.0,0.0,-0.7999999999999997,correction_completion,PT_violation_het40,3,200,38,3713197091,reference_fold_convolution_rf,,,,
PRE_SUB,X1=1_k=-2,,,-2.0,reference_fold_pretrend,-0.7347264894507682,-0.7441617752018381,0.22672399434890114,-1.1692424222394677,-1.0967126780209484,-0.3454645530378018,-0.27302352807477065,0.002,0.004,0.004,-0.39999999999999986,correction_completion,PT_violation_het40,3,200,38,3713197091,reference_fold_convolution_rf,,,,
PRE_SUB,X2=low_k=-4,,,-4.0,reference_fold_pretrend,-0.4626379780352739,-0.4660047529397038,0.19489682034853562,-0.8550816144140033,-0.7832113291704673,-0.14094857820375276,-0.08403116344041765,0.009333333333333334,0.018666666666666668,0.018666666666666668,-0.2823529411764706,correction_completion,PT_violation_het40,3,200,38,3713197091,reference_fold_convolution_rf,,,,
PRE_SUB,X2=low_k=-3,,,-3.0,reference_fold_pretrend,-0.5125510125331909,-0.5138312981757613,0.18276362379040412,-0.8747693430584694,-0.8073719478594987,-0.2082581915969907,-0.14613006159220077,0.004,0.008,0.008,-0.18823529411764706,correction_completion,PT_violation_het40,3,200,38,3713197091,reference_fold_convolution_rf,,,,
PRE_SUB,X2=low_k=-2,,,-2.0,reference_fold_pretrend,-0.3411579172656274,-0.33878266325785367,0.1761987313526439,-0.6798035771330557,-0.6275444315717011,-0.05002480744542232,0.0011608718189664612,0.02666666666666667,0.05333333333333334,0.05333333333333334,-0.09411764705882353,correction_completion,PT_violation_het40,3,200,38,3713197091,reference_fold_convolution_rf,,,,
PRE_SUB,X2=high_k=-4,,,-4.0,reference_fold_pretrend,-0.36778543747012704,-0.3665472209985643,0.19435401586231374,-0.754416017104282,-0.6907471489838254,-0.045230534219918794,0.005209593051360754,0.02666666666666667,0.05333333333333334,0.05333333333333334,-0.07058823529411766,correction_completion,PT_violation_het40,3,200,38,3713197091,reference_fold_convolution_rf,,,,
PRE_SUB,X2=high_k=-3,,,-3.0,reference_fold_pretrend,-0.4442180140422126,-0.43734656707413533,0.18649099967200983,-0.8178266949727715,-0.7601363672153048,-0.14040598658128955,-0.08249444926012396,0.006666666666666667,0.013333333333333334,0.013333333333333334,-0.04705882352941177,correction_completion,PT_violation_het40,3,200,38,3713197091,reference_fold_convolution_rf,,,,
PRE_SUB,X2=high_k=-2,,,-2.0,reference_fold_pretrend,-0.29218825590702646,-0.29115162122019356,0.17853253897646548,-0.6454703489776608,-0.5874544737811079,6.564804582856534e-06,0.06084537010776868,0.050666666666666665,0.10133333333333333,0.10133333333333333,-0.023529411764705885,correction_completion,PT_violation_het40,3,200,38,3713197091,reference_fold_convolution_rf,,,,
PRE_SUBC,X1_k=-4,,,-4.0,reference_fold_pretrend,-1.4719861559753444,-1.466907706019338,0.3154969213215619,-2.108356543645663,-1.9994044502723223,-0.9693473105504062,-0.8687197240546988,0.0,0.0,0.0,-2.3999999999999995,correction_completion,PT_violation_het40,3,200,38,3713197091,reference_fold_convolution_rf,,,,
PRE_SUBC,X1_k=-3,,,-3.0,reference_fold_pretrend,-1.2711937276830336,-1.2613577752468084,0.2906558633191946,-1.8540030932322094,-1.7552777855066448,-0.8041282698119735,-0.7065677605465546,0.0,0.0,0.0,-1.5999999999999996,correction_completion,PT_violation_het40,3,200,38,3713197091,reference_fold_convolution_rf,,,,
PRE_SUBC,X1_k=-2,,,-2.0,reference_fold_pretrend,-0.9919047401929859,-0.996256093213113,0.28539362400172025,-1.52105001741361,-1.4410512792777752,-0.4868953596892102,-0.40042251971032056,0.0013333333333333333,0.0026666666666666666,0.0026666666666666666,-0.7999999999999998,correction_completion,PT_violation_het40,3,200,38,3713197091,reference_fold_convolution_rf,,,,
PRE_SUBC,X1_slope,,,,reference_fold_pretrend,0.5678750473917918,0.56728649836981,0.11536248851780156,0.3477191038144748,0.382221905662599,0.7595777488926012,0.796372428846214,0.0,0.0,0.0,0.7999999999999998,correction_completion,PT_violation_het40,3,200,38,3713197091,reference_fold_convolution_rf,,,,
PRE_SUBC,X2_k=-4,,,-4.0,reference_fold_pretrend,0.09485254056514682,0.09809098357246715,0.10287100941592157,-0.11254109533025279,-0.07304247878962564,0.24652397107076104,0.28631452342963104,0.15333333333333332,0.30666666666666664,0.30666666666666664,0.21176470588235294,correction_completion,PT_violation_het40,3,200,38,3713197091,reference_fold_convolution_rf,,,,
PRE_SUBC,X2_k=-3,,,-3.0,reference_fold_pretrend,0.06833299849097824,0.06986067998501291,0.09555469782464193,-0.12301477533141132,-0.07661785822774383,0.2133310765557877,0.2467353789920981,0.20466666666666666,0.4093333333333333,0.4093333333333333,0.1411764705882353,correction_completion,PT_violation_het40,3,200,38,3713197091,reference_fold_convolution_rf,,,,
PRE_SUBC,X2_k=-2,,,-2.0,reference_fold_pretrend,0.048969661358600904,0.053205043849152145,0.08994814038863586,-0.12975135780543998,-0.09760537959850199,0.1884801995571911,0.21555907283704676,0.2653333333333333,0.5306666666666666,0.5306666666666666,0.07058823529411765,correction_completion,PT_violation_het40,3,200,38,3713197091,reference_fold_convolution_rf,,,,
PRE_SUBC,X2_slope,,,,reference_fold_pretrend,-0.03358523428828556,-0.03446073856879631,0.03840606322886032,-0.10222448883516146,-0.09174584785697854,0.02617498456468387,0.04594276854152625,0.15533333333333332,0.31066666666666665,0.31066666666666665,-0.07058823529411765,correction_completion,PT_violation_het40,3,200,38,3713197091,reference_fold_convolution_rf,,,,
GATT,g=4_t=4,4.0,4.0,0.0,raw_structured,3.5896636875151433,3.597967179974728,0.21692276743986752,3.163306787482447,3.2258110045179462,3.949241437008697,4.004113361649133,0.0,0.0,0.0,3.8872772508926365,correction_completion,baseline_sweep,1,100,22,660190904,raw_structured,,,,
GATT,g=4_t=5,4.0,5.0,1.0,raw_structured,3.8345795586617712,3.8299756047914006,0.1843879037362034,3.4778884165435584,3.537243222690388,4.139635017437792,4.196873868493768,0.0,0.0,0.0,3.8872772508926365,correction_completion,baseline_sweep,1,100,22,660190904,raw_structured,,,,
GATT,g=4_t=6,4.0,6.0,2.0,raw_structured,3.8023628344415483,3.7941710054867857,0.1807908111535042,3.442901198086972,3.500803569698713,4.111113513501192,4.155004975154233,0.0,0.0,0.0,3.8872772508926365,correction_completion,baseline_sweep,1,100,22,660190904,raw_structured,,,,
GATT,g=4_t=7,4.0,7.0,3.0,raw_structured,3.709025887346228,3.723695186412603,0.2027923622163187,3.304437049318753,3.3677152435795312,4.0288404197202565,4.085715814846825,0.0,0.0,0.0,3.8872772508926365,correction_completion,baseline_sweep,1,100,22,660190904,raw_structured,,,,
ES,k=0,,,0.0,raw_structured,3.5896636875151433,3.597967179974728,0.21692276743986752,3.163306787482447,3.2258110045179462,3.949241437008697,4.004113361649133,0.0,0.0,0.0,3.8872772508926365,correction_completion,baseline_sweep,1,100,22,660190904,raw_structured,,,,
ES,k=1,,,1.0,raw_structured,3.8345795586617712,3.8299756047914006,0.1843879037362034,3.4778884165435584,3.537243222690388,4.139635017437792,4.196873868493768,0.0,0.0,0.0,3.8872772508926365,correction_completion,baseline_sweep,1,100,22,660190904,raw_structured,,,,
ES,k=2,,,2.0,raw_structured,3.8023628344415483,3.7941710054867857,0.1807908111535042,3.442901198086972,3.500803569698713,4.111113513501192,4.155004975154233,0.0,0.0,0.0,3.8872772508926365,correction_completion,baseline_sweep,1,100,22,660190904,raw_structured,,,,
ES,k=3,,,3.0,raw_structured,3.709025887346228,3.723695186412603,0.2027923622163187,3.304437049318753,3.3677152435795312,4.0288404197202565,4.085715814846825,0.0,0.0,0.0,3.8872772508926365,correction_completion,baseline_sweep,1,100,22,660190904,raw_structured,,,,
ATT,ATT,,,,raw_structured,3.7339079919911726,3.730299478052265,0.15071420085036025,3.434874780374088,3.484200727809766,3.983692076323412,4.017419049843464,0.0,0.0,0.0,3.8872772508926374,correction_completion,baseline_sweep,1,100,22,660190904,raw_structured,,,,
GATT,g=4_t=4,4.0,4.0,0.0,reference_fold_convolution,3.556216363679623,3.5643735017212883,0.4583549415517934,2.63176221306478,2.777420258220517,4.280077583922888,4.442034098564132,0.0,0.0,0.0,3.8872772508926365,correction_completion,baseline_sweep,1,100,22,660190904,reference_fold_convolution_rf,2.7460010391730956,16.784048029614524,,"{""0"": {""bar_pi"": 0.42, ""control_ess"": 28.262212423302312, ""fold_sizes"": [{""evaluation"": 50, ""fold"": 0, ""train"": 50}], ""global_fold_bb"": true, ""max_control_odds"": 2.7460010391730956, ""n_clipped"": 0, ""n_complement_units"": 50, ""n_eval_units"": 50, ""posterior_cache_key"": ""g=4_fold=0"", ""posterior_draws"": 1500, ""raw_max_control_odds"": 2.7460010391730956}, ""1"": {""bar_pi"": 0.66, ""control_ess"": 16.784048029614524, ""fold_sizes"": [{""evaluation"": 50, ""fold"": 0, ""train"": 50}], ""global_fold_bb"": true, ""max_control_odds"": 0.9127509032603969, ""n_clipped"": 0, ""n_complement_units"": 50, ""n_eval_units"": 50, ""posterior_cache_key"": ""g=4_fold=1"", ""posterior_draws"": 1500, ""raw_max_control_odds"": 0.9127509032603969}}"
GATT,g=4_t=5,4.0,5.0,1.0,reference_fold_convolution,4.671399800590317,4.645351033899306,0.4695803668736154,3.79897319265749,3.933483531864243,5.492130700472582,5.6828109926780535,0.0,0.0,0.0,3.8872772508926365,correction_completion,baseline_sweep,1,100,22,660190904,reference_fold_convolution_rf,2.7460010391730956,16.784048029614524,,"{""0"": {""bar_pi"": 0.42, ""control_ess"": 28.262212423302312, ""fold_sizes"": [{""evaluation"": 50, ""fold"": 0, ""train"": 50}], ""global_fold_bb"": true, ""max_control_odds"": 2.7460010391730956, ""n_clipped"": 0, ""n_complement_units"": 50, ""n_eval_units"": 50, ""posterior_cache_key"": ""g=4_fold=0"", ""posterior_draws"": 1500, ""raw_max_control_odds"": 2.7460010391730956}, ""1"": {""bar_pi"": 0.66, ""control_ess"": 16.784048029614524, ""fold_sizes"": [{""evaluation"": 50, ""fold"": 0, ""train"": 50}], ""global_fold_bb"": true, ""max_control_odds"": 0.9127509032603969, ""n_clipped"": 0, ""n_complement_units"": 50, ""n_eval_units"": 50, ""posterior_cache_key"": ""g=4_fold=1"", ""posterior_draws"": 1500, ""raw_max_control_odds"": 0.9127509032603969}}"
GATT,g=4_t=6,4.0,6.0,2.0,reference_fold_convolution,4.428114763401843,4.404195459419864,0.5258298441417109,3.413340847491336,3.600345263655749,5.286087103809575,5.456344972901485,0.0,0.0,0.0,3.8872772508926365,correction_completion,baseline_sweep,1,100,22,660190904,reference_fold_convolution_rf,2.7460010391730956,16.784048029614524,,"{""0"": {""bar_pi"": 0.42, ""control_ess"": 28.262212423302312, ""fold_sizes"": [{""evaluation"": 50, ""fold"": 0, ""train"": 50}], ""global_fold_bb"": true, ""max_control_odds"": 2.7460010391730956, ""n_clipped"": 0, ""n_complement_units"": 50, ""n_eval_units"": 50, ""posterior_cache_key"": ""g=4_fold=0"", ""posterior_draws"": 1500, ""raw_max_control_odds"": 2.7460010391730956}, ""1"": {""bar_pi"": 0.66, ""control_ess"": 16.784048029614524, ""fold_sizes"": [{""evaluation"": 50, ""fold"": 0, ""train"": 50}], ""global_fold_bb"": true, ""max_control_odds"": 0.9127509032603969, ""n_clipped"": 0, ""n_complement_units"": 50, ""n_eval_units"": 50, ""posterior_cache_key"": ""g=4_fold=1"", ""posterior_draws"": 1500, ""raw_max_control_odds"": 0.9127509032603969}}"
GATT,g=4_t=7,4.0,7.0,3.0,reference_fold_convolution,3.941089768410897,3.9377153095686674,0.4773441161408952,3.0103386689638856,3.1967014786911845,4.713432368740217,4.870927868318068,0.0,0.0,0.0,3.8872772508926365,correction_completion,baseline_sweep,1,100,22,660190904,reference_fold_convolution_rf,2.7460010391730956,16.784048029614524,,"{""0"": {""bar_pi"": 0.42, ""control_ess"": 28.262212423302312, ""fold_sizes"": [{""evaluation"": 50, ""fold"": 0, ""train"": 50}], ""global_fold_bb"": true, ""max_control_odds"": 2.7460010391730956, ""n_clipped"": 0, ""n_complement_units"": 50, ""n_eval_units"": 50, ""posterior_cache_key"": ""g=4_fold=0"", ""posterior_draws"": 1500, ""raw_max_control_odds"": 2.7460010391730956}, ""1"": {""bar_pi"": 0.66, ""control_ess"": 16.784048029614524, ""fold_sizes"": [{""evaluation"": 50, ""fold"": 0, ""train"": 50}], ""global_fold_bb"": true, ""max_control_odds"": 0.9127509032603969, ""n_clipped"": 0, ""n_complement_units"": 50, ""n_eval_units"": 50, ""posterior_cache_key"": ""g=4_fold=1"", ""posterior_draws"": 1500, ""raw_max_control_odds"": 0.9127509032603969}}"
ES,k=0,,,0.0,reference_fold_convolution,3.556216363679623,3.5643735017212883,0.4583549415517934,2.63176221306478,2.777420258220517,4.280077583922888,4.442034098564132,0.0,0.0,0.0,3.8872772508926365,correction_completion,baseline_sweep,1,100,22,660190904,reference_fold_convolution_rf,,,,{}
ES,k=1,,,1.0,reference_fold_convolution,4.671399800590317,4.645351033899306,0.4695803668736154,3.79897319265749,3.933483531864243,5.492130700472582,5.6828109926780535,0.0,0.0,0.0,3.8872772508926365,correction_completion,baseline_sweep,1,100,22,660190904,reference_fold_convolution_rf,,,,{}
ES,k=2,,,2.0,reference_fold_convolution,4.428114763401843,4.404195459419864,0.5258298441417109,3.413340847491336,3.600345263655749,5.286087103809575,5.456344972901485,0.0,0.0,0.0,3.8872772508926365,correction_completion,baseline_sweep,1,100,22,660190904,reference_fold_convolution_rf,,,,{}
ES,k=3,,,3.0,reference_fold_convolution,3.941089768410897,3.9377153095686674,0.4773441161408952,3.0103386689638856,3.1967014786911845,4.713432368740217,4.870927868318068,0.0,0.0,0.0,3.8872772508926365,correction_completion,baseline_sweep,1,100,22,660190904,reference_fold_convolution_rf,,,,{}
ATT,ATT,,,,reference_fold_convolution,4.14920517402067,4.136807965768731,0.38245914632950545,3.410525051262016,3.5353436678387133,4.795831532481334,4.952761332372686,0.0,0.0,0.0,3.8872772508926374,correction_completion,baseline_sweep,1,100,22,660190904,reference_fold_convolution_rf,,,,{}
GATT,g=4_t=4,4.0,4.0,0.0,raw_structured,3.725548429814765,3.7256246317552306,0.10183503846159882,3.524303674911277,3.5595172596777527,3.8946075398316435,3.9226394811299987,0.0,0.0,0.0,3.710223586456884,correction_completion,baseline_sweep,2,400,6,797538249,raw_structured,,,,
GATT,g=4_t=5,4.0,5.0,1.0,raw_structured,3.740635498086837,3.732971495695529,0.10537107557055041,3.551297349218266,3.574873264131895,3.924395146607657,3.9599119745762423,0.0,0.0,0.0,3.710223586456884,correction_completion,baseline_sweep,2,400,6,797538249,raw_structured,,,,
GATT,g=4_t=6,4.0,6.0,2.0,raw_structured,3.6333365639409347,3.639118119996346,0.10453600791041011,3.4135861364400464,3.455417616396737,3.7913731706018794,3.819989181542799,0.0,0.0,0.0,3.710223586456884,correction_completion,baseline_sweep,2,400,6,797538249,raw_structured,,,,
GATT,g=4_t=7,4.0,7.0,3.0,raw_structured,3.6447328022681256,3.6465778516614944,0.10437018447081713,3.4333238085870734,3.466787602023271,3.8181426156397533,3.8487041030235316,0.0,0.0,0.0,3.710223586456884,correction_completion,baseline_sweep,2,400,6,797538249,raw_structured,,,,
ES,k=0,,,0.0,raw_structured,3.725548429814765,3.7256246317552306,0.10183503846159882,3.524303674911277,3.5595172596777527,3.8946075398316435,3.9226394811299987,0.0,0.0,0.0,3.710223586456884,correction_completion,baseline_sweep,2,400,6,797538249,raw_structured,,,,
ES,k=1,,,1.0,raw_structured,3.740635498086837,3.732971495695529,0.10537107557055041,3.551297349218266,3.574873264131895,3.924395146607657,3.9599119745762423,0.0,0.0,0.0,3.710223586456884,correction_completion,baseline_sweep,2,400,6,797538249,raw_structured,,,,
ES,k=2,,,2.0,raw_structured,3.6333365639409347,3.639118119996346,0.10453600791041011,3.4135861364400464,3.455417616396737,3.7913731706018794,3.819989181542799,0.0,0.0,0.0,3.710223586456884,correction_completion,baseline_sweep,2,400,6,797538249,raw_structured,,,,
ES,k=3,,,3.0,raw_structured,3.6447328022681256,3.6465778516614944,0.10437018447081713,3.4333238085870734,3.466787602023271,3.8181426156397533,3.8487041030235316,0.0,0.0,0.0,3.710223586456884,correction_completion,baseline_sweep,2,400,6,797538249,raw_structured,,,,
ATT,ATT,,,,raw_structured,3.6860633235276663,3.6882779482038393,0.07699041186696466,3.53339793150688,3.5586952397616436,3.8085952146356155,3.8360365019709817,0.0,0.0,0.0,3.7102235864568835,correction_completion,baseline_sweep,2,400,6,797538249,raw_structured,,,,
GATT,g=4_t=4,4.0,4.0,0.0,reference_fold_convolution,3.58474260845735,3.5816306071026514,0.17390940121337695,3.251301899733314,3.3002298886415673,3.859853054465182,3.93814376765351,0.0,0.0,0.0,3.710223586456884,correction_completion,baseline_sweep,2,400,6,797538249,reference_fold_convolution_rf,2.156058657911392,84.50842571125868,,"{""0"": {""bar_pi"": 0.53, ""control_ess"": 84.50842571125868, ""fold_sizes"": [{""evaluation"": 200, ""fold"": 0, ""train"": 200}], ""global_fold_bb"": true, ""max_control_odds"": 1.9844229267694766, ""n_clipped"": 0, ""n_complement_units"": 200, ""n_eval_units"": 200, ""posterior_cache_key"": ""g=4_fold=0"", ""posterior_draws"": 1500, ""raw_max_control_odds"": 1.9844229267694766}, ""1"": {""bar_pi"": 0.45, ""control_ess"": 100.4451212434724, ""fold_sizes"": [{""evaluation"": 200, ""fold"": 0, ""train"": 200}], ""global_fold_bb"": true, ""max_control_odds"": 2.156058657911392, ""n_clipped"": 0, ""n_complement_units"": 200, ""n_eval_units"": 200, ""posterior_cache_key"": ""g=4_fold=1"", ""posterior_draws"": 1500, ""raw_max_control_odds"": 2.156058657911392}}"
GATT,g=4_t=5,4.0,5.0,1.0,reference_fold_convolution,3.774331382287751,3.77126536785478,0.1718026281116605,3.441485484133923,3.5043527586818293,4.060441507216533,4.11624629233742,0.0,0.0,0.0,3.710223586456884,correction_completion,baseline_sweep,2,400,6,797538249,reference_fold_convolution_rf,2.156058657911392,84.50842571125868,,"{""0"": {""bar_pi"": 0.53, ""control_ess"": 84.50842571125868, ""fold_sizes"": [{""evaluation"": 200, ""fold"": 0, ""train"": 200}], ""global_fold_bb"": true, ""max_control_odds"": 1.9844229267694766, ""n_clipped"": 0, ""n_complement_units"": 200, ""n_eval_units"": 200, ""posterior_cache_key"": ""g=4_fold=0"", ""posterior_draws"": 1500, ""raw_max_control_odds"": 1.9844229267694766}, ""1"": {""bar_pi"": 0.45, ""control_ess"": 100.4451212434724, ""fold_sizes"": [{""evaluation"": 200, ""fold"": 0, ""train"": 200}], ""global_fold_bb"": true, ""max_control_odds"": 2.156058657911392, ""n_clipped"": 0, ""n_complement_units"": 200, ""n_eval_units"": 200, ""posterior_cache_key"": ""g=4_fold=1"", ""posterior_draws"": 1500, ""raw_max_control_odds"": 2.156058657911392}}"
GATT,g=4_t=6,4.0,6.0,2.0,reference_fold_convolution,3.491370636495565,3.486954872276663,0.1809775745803518,3.1179600834036147,3.205862950752036,3.8033556979428234,3.851769524638593,0.0,0.0,0.0,3.710223586456884,correction_completion,baseline_sweep,2,400,6,797538249,reference_fold_convolution_rf,2.156058657911392,84.50842571125868,,"{""0"": {""bar_pi"": 0.53, ""control_ess"": 84.50842571125868, ""fold_sizes"": [{""evaluation"": 200, ""fold"": 0, ""train"": 200}], ""global_fold_bb"": true, ""max_control_odds"": 1.9844229267694766, ""n_clipped"": 0, ""n_complement_units"": 200, ""n_eval_units"": 200, ""posterior_cache_key"": ""g=4_fold=0"", ""posterior_draws"": 1500, ""raw_max_control_odds"": 1.9844229267694766}, ""1"": {""bar_pi"": 0.45, ""control_ess"": 100.4451212434724, ""fold_sizes"": [{""evaluation"": 200, ""fold"": 0, ""train"": 200}], ""global_fold_bb"": true, ""max_control_odds"": 2.156058657911392, ""n_clipped"": 0, ""n_complement_units"": 200, ""n_eval_units"": 200, ""posterior_cache_key"": ""g=4_fold=1"", ""posterior_draws"": 1500, ""raw_max_control_odds"": 2.156058657911392}}"
GATT,g=4_t=7,4.0,7.0,3.0,reference_fold_convolution,3.647523368499136,3.6444780567717157,0.1890057403356048,3.272540732768142,3.343980967928543,3.9471412210961256,4.015521875107065,0.0,0.0,0.0,3.710223586456884,correction_completion,baseline_sweep,2,400,6,797538249,reference_fold_convolution_rf,2.156058657911392,84.50842571125868,,"{""0"": {""bar_pi"": 0.53, ""control_ess"": 84.50842571125868, ""fold_sizes"": [{""evaluation"": 200, ""fold"": 0, ""train"": 200}], ""global_fold_bb"": true, ""max_control_odds"": 1.9844229267694766, ""n_clipped"": 0, ""n_complement_units"": 200, ""n_eval_units"": 200, ""posterior_cache_key"": ""g=4_fold=0"", ""posterior_draws"": 1500, ""raw_max_control_odds"": 1.9844229267694766}, ""1"": {""bar_pi"": 0.45, ""control_ess"": 100.4451212434724, ""fold_sizes"": [{""evaluation"": 200, ""fold"": 0, ""train"": 200}], ""global_fold_bb"": true, ""max_control_odds"": 2.156058657911392, ""n_clipped"": 0, ""n_complement_units"": 200, ""n_eval_units"": 200, ""posterior_cache_key"": ""g=4_fold=1"", ""posterior_draws"": 1500, ""raw_max_control_odds"": 2.156058657911392}}"
ES,k=0,,,0.0,reference_fold_convolution,3.58474260845735,3.5816306071026514,0.17390940121337695,3.251301899733314,3.3002298886415673,3.859853054465182,3.93814376765351,0.0,0.0,0.0,3.710223586456884,correction_completion,baseline_sweep,2,400,6,797538249,reference_fold_convolution_rf,,,,{}
ES,k=1,,,1.0,reference_fold_convolution,3.774331382287751,3.77126536785478,0.1718026281116605,3.441485484133923,3.5043527586818293,4.060441507216533,4.11624629233742,0.0,0.0,0.0,3.710223586456884,correction_completion,baseline_sweep,2,400,6,797538249,reference_fold_convolution_rf,,,,{}
ES,k=2,,,2.0,reference_fold_convolution,3.491370636495565,3.486954872276663,0.1809775745803518,3.1179600834036147,3.205862950752036,3.8033556979428234,3.851769524638593,0.0,0.0,0.0,3.710223586456884,correction_completion,baseline_sweep,2,400,6,797538249,reference_fold_convolution_rf,,,,{}
ES,k=3,,,3.0,reference_fold_convolution,3.647523368499136,3.6444780567717157,0.1890057403356048,3.272540732768142,3.343980967928543,3.9471412210961256,4.015521875107065,0.0,0.0,0.0,3.710223586456884,correction_completion,baseline_sweep,2,400,6,797538249,reference_fold_convolution_rf,,,,{}
ATT,ATT,,,,reference_fold_convolution,3.62449199893495,3.6203652123654235,0.14868986492770356,3.3388245497166893,3.382841807693154,3.8678662020250947,3.911161902188889,0.0,0.0,0.0,3.7102235864568835,correction_completion,baseline_sweep,2,400,6,797538249,reference_fold_convolution_rf,,,,{}
GATT,g=4_t=4,4.0,4.0,0.0,raw_structured,3.637090021099759,3.639334534974054,0.10731143371362405,3.424573259719511,3.4576809503676347,3.809716421822397,3.846182555382777,0.0,0.0,0.0,3.662902900588259,correction_completion,baseline_sweep_d3,3,400,90,912001475,raw_structured,,,,
GATT,g=4_t=5,4.0,5.0,1.0,raw_structured,3.6762405574177857,3.6741193574976805,0.10303790554856965,3.497897877433797,3.513439324409243,3.8521453976759554,3.896613551626277,0.0,0.0,0.0,3.662902900588259,correction_completion,baseline_sweep_d3,3,400,90,912001475,raw_structured,,,,
GATT,g=4_t=6,4.0,6.0,2.0,raw_structured,3.6374855569385036,3.642017444890101,0.10190648468835597,3.4391135931646994,3.466333055499486,3.7976978079553674,3.835888858546033,0.0,0.0,0.0,3.662902900588259,correction_completion,baseline_sweep_d3,3,400,90,912001475,raw_structured,,,,
GATT,g=4_t=7,4.0,7.0,3.0,raw_structured,3.6847812277805794,3.67703362192027,0.11090031749824195,3.489443491342921,3.510967989770623,3.8812545501911413,3.91685574984775,0.0,0.0,0.0,3.662902900588259,correction_completion,baseline_sweep_d3,3,400,90,912001475,raw_structured,,,,
ES,k=0,,,0.0,raw_structured,3.637090021099759,3.639334534974054,0.10731143371362405,3.424573259719511,3.4576809503676347,3.809716421822397,3.846182555382777,0.0,0.0,0.0,3.662902900588259,correction_completion,baseline_sweep_d3,3,400,90,912001475,raw_structured,,,,
ES,k=1,,,1.0,raw_structured,3.6762405574177857,3.6741193574976805,0.10303790554856965,3.497897877433797,3.513439324409243,3.8521453976759554,3.896613551626277,0.0,0.0,0.0,3.662902900588259,correction_completion,baseline_sweep_d3,3,400,90,912001475,raw_structured,,,,
ES,k=2,,,2.0,raw_structured,3.6374855569385036,3.642017444890101,0.10190648468835597,3.4391135931646994,3.466333055499486,3.7976978079553674,3.835888858546033,0.0,0.0,0.0,3.662902900588259,correction_completion,baseline_sweep_d3,3,400,90,912001475,raw_structured,,,,
ES,k=3,,,3.0,raw_structured,3.6847812277805794,3.67703362192027,0.11090031749824195,3.489443491342921,3.510967989770623,3.8812545501911413,3.91685574984775,0.0,0.0,0.0,3.662902900588259,correction_completion,baseline_sweep_d3,3,400,90,912001475,raw_structured,,,,
ATT,ATT,,,,raw_structured,3.658899340809157,3.6585956400514195,0.0843278331958468,3.498479187152089,3.5215010749585547,3.7950554257695948,3.829417939176877,0.0,0.0,0.0,3.662902900588259,correction_completion,baseline_sweep_d3,3,400,90,912001475,raw_structured,,,,
GATT,g=4_t=4,4.0,4.0,0.0,reference_fold_convolution,3.5812352977903648,3.5789808963441585,0.1805278051292059,3.225856662999584,3.2835078100284574,3.863824125428961,3.93163138477979,0.0,0.0,0.0,3.662902900588259,correction_completion,baseline_sweep_d3,3,400,90,912001475,reference_fold_convolution_rf,2.2456605418639475,87.81696574937112,,"{""0"": {""bar_pi"": 0.44, ""control_ess"": 95.208345627471, ""fold_sizes"": [{""evaluation"": 200, ""fold"": 0, ""train"": 200}], ""global_fold_bb"": true, ""max_control_odds"": 2.2456605418639475, ""n_clipped"": 0, ""n_complement_units"": 200, ""n_eval_units"": 200, ""posterior_cache_key"": ""g=4_fold=0"", ""posterior_draws"": 1500, ""raw_max_control_odds"": 2.2456605418639475}, ""1"": {""bar_pi"": 0.49, ""control_ess"": 87.81696574937112, ""fold_sizes"": [{""evaluation"": 200, ""fold"": 0, ""train"": 200}], ""global_fold_bb"": true, ""max_control_odds"": 2.1147297104378877, ""n_clipped"": 0, ""n_complement_units"": 200, ""n_eval_units"": 200, ""posterior_cache_key"": ""g=4_fold=1"", ""posterior_draws"": 1500, ""raw_max_control_odds"": 2.1147297104378877}}"
GATT,g=4_t=5,4.0,5.0,1.0,reference_fold_convolution,3.8253696690222436,3.822181828662705,0.18105811724664317,3.4729241421122525,3.519535555252396,4.138740222233803,4.206184880193045,0.0,0.0,0.0,3.662902900588259,correction_completion,baseline_sweep_d3,3,400,90,912001475,reference_fold_convolution_rf,2.2456605418639475,87.81696574937112,,"{""0"": {""bar_pi"": 0.44, ""control_ess"": 95.208345627471, ""fold_sizes"": [{""evaluation"": 200, ""fold"": 0, ""train"": 200}], ""global_fold_bb"": true, ""max_control_odds"": 2.2456605418639475, ""n_clipped"": 0, ""n_complement_units"": 200, ""n_eval_units"": 200, ""posterior_cache_key"": ""g=4_fold=0"", ""posterior_draws"": 1500, ""raw_max_control_odds"": 2.2456605418639475}, ""1"": {""bar_pi"": 0.49, ""control_ess"": 87.81696574937112, ""fold_sizes"": [{""evaluation"": 200, ""fold"": 0, ""train"": 200}], ""global_fold_bb"": true, ""max_control_odds"": 2.1147297104378877, ""n_clipped"": 0, ""n_complement_units"": 200, ""n_eval_units"": 200, ""posterior_cache_key"": ""g=4_fold=1"", ""posterior_draws"": 1500, ""raw_max_control_odds"": 2.1147297104378877}}"
GATT,g=4_t=6,4.0,6.0,2.0,reference_fold_convolution,3.6159463379549477,3.6068129338403616,0.18171101312784413,3.2598150601331084,3.3079448289719724,3.921121865140614,3.9781198231010935,0.0,0.0,0.0,3.662902900588259,correction_completion,baseline_sweep_d3,3,400,90,912001475,reference_fold_convolution_rf,2.2456605418639475,87.81696574937112,,"{""0"": {""bar_pi"": 0.44, ""control_ess"": 95.208345627471, ""fold_sizes"": [{""evaluation"": 200, ""fold"": 0, ""train"": 200}], ""global_fold_bb"": true, ""max_control_odds"": 2.2456605418639475, ""n_clipped"": 0, ""n_complement_units"": 200, ""n_eval_units"": 200, ""posterior_cache_key"": ""g=4_fold=0"", ""posterior_draws"": 1500, ""raw_max_control_odds"": 2.2456605418639475}, ""1"": {""bar_pi"": 0.49, ""control_ess"": 87.81696574937112, ""fold_sizes"": [{""evaluation"": 200, ""fold"": 0, ""train"": 200}], ""global_fold_bb"": true, ""max_control_odds"": 2.1147297104378877, ""n_clipped"": 0, ""n_complement_units"": 200, ""n_eval_units"": 200, ""posterior_cache_key"": ""g=4_fold=1"", ""posterior_draws"": 1500, ""raw_max_control_odds"": 2.1147297104378877}}"
GATT,g=4_t=7,4.0,7.0,3.0,reference_fold_convolution,3.7939802653855415,3.8000754226917812,0.18619033303611357,3.431219043307755,3.486734051217603,4.0938853414586935,4.162713608636283,0.0,0.0,0.0,3.662902900588259,correction_completion,baseline_sweep_d3,3,400,90,912001475,reference_fold_convolution_rf,2.2456605418639475,87.81696574937112,,"{""0"": {""bar_pi"": 0.44, ""control_ess"": 95.208345627471, ""fold_sizes"": [{""evaluation"": 200, ""fold"": 0, ""train"": 200}], ""global_fold_bb"": true, ""max_control_odds"": 2.2456605418639475, ""n_clipped"": 0, ""n_complement_units"": 200, ""n_eval_units"": 200, ""posterior_cache_key"": ""g=4_fold=0"", ""posterior_draws"": 1500, ""raw_max_control_odds"": 2.2456605418639475}, ""1"": {""bar_pi"": 0.49, ""control_ess"": 87.81696574937112, ""fold_sizes"": [{""evaluation"": 200, ""fold"": 0, ""train"": 200}], ""global_fold_bb"": true, ""max_control_odds"": 2.1147297104378877, ""n_clipped"": 0, ""n_complement_units"": 200, ""n_eval_units"": 200, ""posterior_cache_key"": ""g=4_fold=1"", ""posterior_draws"": 1500, ""raw_max_control_odds"": 2.1147297104378877}}"
ES,k=0,,,0.0,reference_fold_convolution,3.5812352977903648,3.5789808963441585,0.1805278051292059,3.225856662999584,3.2835078100284574,3.863824125428961,3.93163138477979,0.0,0.0,0.0,3.662902900588259,correction_completion,baseline_sweep_d3,3,400,90,912001475,reference_fold_convolution_rf,,,,{}
ES,k=1,,,1.0,reference_fold_convolution,3.8253696690222436,3.822181828662705,0.18105811724664317,3.4729241421122525,3.519535555252396,4.138740222233803,4.206184880193045,0.0,0.0,0.0,3.662902900588259,correction_completion,baseline_sweep_d3,3,400,90,912001475,reference_fold_convolution_rf,,,,{}
ES,k=2,,,2.0,reference_fold_convolution,3.6159463379549477,3.6068129338403616,0.18171101312784413,3.2598150601331084,3.3079448289719724,3.921121865140614,3.9781198231010935,0.0,0.0,0.0,3.662902900588259,correction_completion,baseline_sweep_d3,3,400,90,912001475,reference_fold_convolution_rf,,,,{}
ES,k=3,,,3.0,reference_fold_convolution,3.7939802653855415,3.8000754226917812,0.18619033303611357,3.431219043307755,3.486734051217603,4.0938853414586935,4.162713608636283,0.0,0.0,0.0,3.662902900588259,correction_completion,baseline_sweep_d3,3,400,90,912001475,reference_fold_convolution_rf,,,,{}
ATT,ATT,,,,reference_fold_convolution,3.704132892538274,3.6997978902995188,0.15575412691521465,3.408780919106292,3.4458366620852847,3.9657663637233775,4.014844372210392,0.0,0.0,0.0,3.662902900588259,correction_completion,baseline_sweep_d3,3,400,90,912001475,reference_fold_convolution_rf,,,,{}
GATT,g=4_t=4,4.0,4.0,0.0,raw_structured,3.8381917486318047,3.8374870595706474,0.14229930119406772,3.5433851402600416,3.594517781652384,4.074668366270042,4.118087911310527,0.0,0.0,0.0,3.821032807121428,correction_completion,selection_both,1,200,74,2412080681,raw_structured,,,,
GATT,g=4_t=5,4.0,5.0,1.0,raw_structured,3.852437770655664,3.8530716243986287,0.14381072315836524,3.5607100585811584,3.6148760559575477,4.083921006154913,4.121876088666722,0.0,0.0,0.0,3.821032807121428,correction_completion,selection_both,1,200,74,2412080681,raw_structured,,,,
GATT,g=4_t=6,4.0,6.0,2.0,raw_structured,4.038019305710542,4.036243634138584,0.15617000919849539,3.739075081365627,3.788793664026011,4.2991134298957965,4.345121292478117,0.0,0.0,0.0,3.821032807121428,correction_completion,selection_both,1,200,74,2412080681,raw_structured,,,,
GATT,g=4_t=7,4.0,7.0,3.0,raw_structured,4.08476479323739,4.07638247553467,0.1523530483680146,3.8060994158860657,3.84903647129601,4.34371768878078,4.390879167354413,0.0,0.0,0.0,3.821032807121428,correction_completion,selection_both,1,200,74,2412080681,raw_structured,,,,
ES,k=0,,,0.0,raw_structured,3.8381917486318047,3.8374870595706474,0.14229930119406772,3.5433851402600416,3.594517781652384,4.074668366270042,4.118087911310527,0.0,0.0,0.0,3.821032807121428,correction_completion,selection_both,1,200,74,2412080681,raw_structured,,,,
ES,k=1,,,1.0,raw_structured,3.852437770655664,3.8530716243986287,0.14381072315836524,3.5607100585811584,3.6148760559575477,4.083921006154913,4.121876088666722,0.0,0.0,0.0,3.821032807121428,correction_completion,selection_both,1,200,74,2412080681,raw_structured,,,,
ES,k=2,,,2.0,raw_structured,4.038019305710542,4.036243634138584,0.15617000919849539,3.739075081365627,3.788793664026011,4.2991134298957965,4.345121292478117,0.0,0.0,0.0,3.821032807121428,correction_completion,selection_both,1,200,74,2412080681,raw_structured,,,,
ES,k=3,,,3.0,raw_structured,4.08476479323739,4.07638247553467,0.1523530483680146,3.8060994158860657,3.84903647129601,4.34371768878078,4.390879167354413,0.0,0.0,0.0,3.821032807121428,correction_completion,selection_both,1,200,74,2412080681,raw_structured,,,,
ATT,ATT,,,,raw_structured,3.95335340455885,3.9521807431441838,0.11211562630020759,3.7384586902839017,3.7710580775029543,4.144333844031376,4.1735367288217295,0.0,0.0,0.0,3.8210328071214286,correction_completion,selection_both,1,200,74,2412080681,raw_structured,,,,
GATT,g=4_t=4,4.0,4.0,0.0,reference_fold_convolution,3.548811987177879,3.5520517659954005,0.247863308328939,3.063976142712166,3.152746631371151,3.9623173533741736,4.024632538997157,0.0,0.0,0.0,3.821032807121428,correction_completion,selection_both,1,200,74,2412080681,reference_fold_convolution_rf,3.4104164298116646,37.26422005470229,,"{""0"": {""bar_pi"": 0.51, ""control_ess"": 41.5477476444425, ""fold_sizes"": [{""evaluation"": 100, ""fold"": 0, ""train"": 100}], ""global_fold_bb"": true, ""max_control_odds"": 3.4104164298116646, ""n_clipped"": 0, ""n_complement_units"": 100, ""n_eval_units"": 100, ""posterior_cache_key"": ""g=4_fold=0"", ""posterior_draws"": 1500, ""raw_max_control_odds"": 3.4104164298116646}, ""1"": {""bar_pi"": 0.59, ""control_ess"": 37.26422005470229, ""fold_sizes"": [{""evaluation"": 100, ""fold"": 0, ""train"": 100}], ""global_fold_bb"": true, ""max_control_odds"": 1.627561413433212, ""n_clipped"": 0, ""n_complement_units"": 100, ""n_eval_units"": 100, ""posterior_cache_key"": ""g=4_fold=1"", ""posterior_draws"": 1500, ""raw_max_control_odds"": 1.627561413433212}}"
GATT,g=4_t=5,4.0,5.0,1.0,reference_fold_convolution,3.6967155516309127,3.6906888300533955,0.24960611009625133,3.206453591693081,3.28476183678024,4.121999667639665,4.198620029019106,0.0,0.0,0.0,3.821032807121428,correction_completion,selection_both,1,200,74,2412080681,reference_fold_convolution_rf,3.4104164298116646,37.26422005470229,,"{""0"": {""bar_pi"": 0.51, ""control_ess"": 41.5477476444425, ""fold_sizes"": [{""evaluation"": 100, ""fold"": 0, ""train"": 100}], ""global_fold_bb"": true, ""max_control_odds"": 3.4104164298116646, ""n_clipped"": 0, ""n_complement_units"": 100, ""n_eval_units"": 100, ""posterior_cache_key"": ""g=4_fold=0"", ""posterior_draws"": 1500, ""raw_max_control_odds"": 3.4104164298116646}, ""1"": {""bar_pi"": 0.59, ""control_ess"": 37.26422005470229, ""fold_sizes"": [{""evaluation"": 100, ""fold"": 0, ""train"": 100}], ""global_fold_bb"": true, ""max_control_odds"": 1.627561413433212, ""n_clipped"": 0, ""n_complement_units"": 100, ""n_eval_units"": 100, ""posterior_cache_key"": ""g=4_fold=1"", ""posterior_draws"": 1500, ""raw_max_control_odds"": 1.627561413433212}}"
GATT,g=4_t=6,4.0,6.0,2.0,reference_fold_convolution,3.9229158766392915,3.925037970373494,0.251719719330054,3.4306201718224396,3.499587421738594,4.329822782713465,4.403641336226553,0.0,0.0,0.0,3.821032807121428,correction_completion,selection_both,1,200,74,2412080681,reference_fold_convolution_rf,3.4104164298116646,37.26422005470229,,"{""0"": {""bar_pi"": 0.51, ""control_ess"": 41.5477476444425, ""fold_sizes"": [{""evaluation"": 100, ""fold"": 0, ""train"": 100}], ""global_fold_bb"": true, ""max_control_odds"": 3.4104164298116646, ""n_clipped"": 0, ""n_complement_units"": 100, ""n_eval_units"": 100, ""posterior_cache_key"": ""g=4_fold=0"", ""posterior_draws"": 1500, ""raw_max_control_odds"": 3.4104164298116646}, ""1"": {""bar_pi"": 0.59, ""control_ess"": 37.26422005470229, ""fold_sizes"": [{""evaluation"": 100, ""fold"": 0, ""train"": 100}], ""global_fold_bb"": true, ""max_control_odds"": 1.627561413433212, ""n_clipped"": 0, ""n_complement_units"": 100, ""n_eval_units"": 100, ""posterior_cache_key"": ""g=4_fold=1"", ""posterior_draws"": 1500, ""raw_max_control_odds"": 1.627561413433212}}"
GATT,g=4_t=7,4.0,7.0,3.0,reference_fold_convolution,3.898421899225994,3.9060788847132164,0.239446479555448,3.418720126485051,3.5010332378013267,4.284643741663187,4.347330202434449,0.0,0.0,0.0,3.821032807121428,correction_completion,selection_both,1,200,74,2412080681,reference_fold_convolution_rf,3.4104164298116646,37.26422005470229,,"{""0"": {""bar_pi"": 0.51, ""control_ess"": 41.5477476444425, ""fold_sizes"": [{""evaluation"": 100, ""fold"": 0, ""train"": 100}], ""global_fold_bb"": true, ""max_control_odds"": 3.4104164298116646, ""n_clipped"": 0, ""n_complement_units"": 100, ""n_eval_units"": 100, ""posterior_cache_key"": ""g=4_fold=0"", ""posterior_draws"": 1500, ""raw_max_control_odds"": 3.4104164298116646}, ""1"": {""bar_pi"": 0.59, ""control_ess"": 37.26422005470229, ""fold_sizes"": [{""evaluation"": 100, ""fold"": 0, ""train"": 100}], ""global_fold_bb"": true, ""max_control_odds"": 1.627561413433212, ""n_clipped"": 0, ""n_complement_units"": 100, ""n_eval_units"": 100, ""posterior_cache_key"": ""g=4_fold=1"", ""posterior_draws"": 1500, ""raw_max_control_odds"": 1.627561413433212}}"
ES,k=0,,,0.0,reference_fold_convolution,3.548811987177879,3.5520517659954005,0.247863308328939,3.063976142712166,3.152746631371151,3.9623173533741736,4.024632538997157,0.0,0.0,0.0,3.821032807121428,correction_completion,selection_both,1,200,74,2412080681,reference_fold_convolution_rf,,,,{}
ES,k=1,,,1.0,reference_fold_convolution,3.6967155516309127,3.6906888300533955,0.24960611009625133,3.206453591693081,3.28476183678024,4.121999667639665,4.198620029019106,0.0,0.0,0.0,3.821032807121428,correction_completion,selection_both,1,200,74,2412080681,reference_fold_convolution_rf,,,,{}
ES,k=2,,,2.0,reference_fold_convolution,3.9229158766392915,3.925037970373494,0.251719719330054,3.4306201718224396,3.499587421738594,4.329822782713465,4.403641336226553,0.0,0.0,0.0,3.821032807121428,correction_completion,selection_both,1,200,74,2412080681,reference_fold_convolution_rf,,,,{}
ES,k=3,,,3.0,reference_fold_convolution,3.898421899225994,3.9060788847132164,0.239446479555448,3.418720126485051,3.5010332378013267,4.284643741663187,4.347330202434449,0.0,0.0,0.0,3.821032807121428,correction_completion,selection_both,1,200,74,2412080681,reference_fold_convolution_rf,,,,{}
ATT,ATT,,,,reference_fold_convolution,3.7667163286685197,3.768716475193389,0.19904513556936587,3.39897311816958,3.447613785301383,4.0953483992968085,4.156512051447451,0.0,0.0,0.0,3.8210328071214286,correction_completion,selection_both,1,200,74,2412080681,reference_fold_convolution_rf,,,,{}
GATT,g=4_t=4,4.0,4.0,0.0,raw_structured,3.7308347162528346,3.7286609653490066,0.15483818425707405,3.429430013726633,3.4841924573649687,3.9837561502799645,4.034480692742488,0.0,0.0,0.0,3.8776514441081815,correction_completion,selection_obs,2,200,58,730182940,raw_structured,,,,
GATT,g=4_t=5,4.0,5.0,1.0,raw_structured,3.7763698403195765,3.7699557375135706,0.1536251971057759,3.4958232948082277,3.536987772716055,4.035349001896738,4.111443285957515,0.0,0.0,0.0,3.8776514441081815,correction_completion,selection_obs,2,200,58,730182940,raw_structured,,,,
GATT,g=4_t=6,4.0,6.0,2.0,raw_structured,3.697746705089345,3.7030038566725123,0.1621262407331063,3.356945151464472,3.416865940025775,3.9634114311845807,4.010611258588463,0.0,0.0,0.0,3.8776514441081815,correction_completion,selection_obs,2,200,58,730182940,raw_structured,,,,
GATT,g=4_t=7,4.0,7.0,3.0,raw_structured,3.943057748317141,3.939203282095767,0.1946201238785522,3.5690520440654936,3.623710440591018,4.25947177155971,4.3135798567042,0.0,0.0,0.0,3.8776514441081815,correction_completion,selection_obs,2,200,58,730182940,raw_structured,,,,
ES,k=0,,,0.0,raw_structured,3.7308347162528346,3.7286609653490066,0.15483818425707405,3.429430013726633,3.4841924573649687,3.9837561502799645,4.034480692742488,0.0,0.0,0.0,3.8776514441081815,correction_completion,selection_obs,2,200,58,730182940,raw_structured,,,,
ES,k=1,,,1.0,raw_structured,3.7763698403195765,3.7699557375135706,0.1536251971057759,3.4958232948082277,3.536987772716055,4.035349001896738,4.111443285957515,0.0,0.0,0.0,3.8776514441081815,correction_completion,selection_obs,2,200,58,730182940,raw_structured,,,,
ES,k=2,,,2.0,raw_structured,3.697746705089345,3.7030038566725123,0.1621262407331063,3.356945151464472,3.416865940025775,3.9634114311845807,4.010611258588463,0.0,0.0,0.0,3.8776514441081815,correction_completion,selection_obs,2,200,58,730182940,raw_structured,,,,
ES,k=3,,,3.0,raw_structured,3.943057748317141,3.939203282095767,0.1946201238785522,3.5690520440654936,3.623710440591018,4.25947177155971,4.3135798567042,0.0,0.0,0.0,3.8776514441081815,correction_completion,selection_obs,2,200,58,730182940,raw_structured,,,,
ATT,ATT,,,,raw_structured,3.787002252494724,3.7893634499356805,0.1264275394591711,3.532919272244584,3.578779206532696,3.9954863241271146,4.03330749673554,0.0,0.0,0.0,3.877651444108182,correction_completion,selection_obs,2,200,58,730182940,raw_structured,,,,
GATT,g=4_t=4,4.0,4.0,0.0,reference_fold_convolution,3.967755561903353,3.9635080803691216,0.24114949270924346,3.5086926128766276,3.582040682883501,4.365541231821472,4.456896596604058,0.0,0.0,0.0,3.8776514441081815,correction_completion,selection_obs,2,200,58,730182940,reference_fold_convolution_rf,4.619183302759401,29.25744231448646,,"{""0"": {""bar_pi"": 0.46, ""control_ess"": 29.25744231448646, ""fold_sizes"": [{""evaluation"": 100, ""fold"": 0, ""train"": 100}], ""global_fold_bb"": true, ""max_control_odds"": 4.619183302759401, ""n_clipped"": 0, ""n_complement_units"": 100, ""n_eval_units"": 100, ""posterior_cache_key"": ""g=4_fold=0"", ""posterior_draws"": 1500, ""raw_max_control_odds"": 4.619183302759401}, ""1"": {""bar_pi"": 0.52, ""control_ess"": 29.448148247103916, ""fold_sizes"": [{""evaluation"": 100, ""fold"": 0, ""train"": 100}], ""global_fold_bb"": true, ""max_control_odds"": 3.5641690162401187, ""n_clipped"": 0, ""n_complement_units"": 100, ""n_eval_units"": 100, ""posterior_cache_key"": ""g=4_fold=1"", ""posterior_draws"": 1500, ""raw_max_control_odds"": 3.5641690162401187}}"
GATT,g=4_t=5,4.0,5.0,1.0,reference_fold_convolution,4.2001350224856795,4.1885617514335864,0.256058856630938,3.7515631237586655,3.8238050131775028,4.645713212236964,4.794187883110463,0.0,0.0,0.0,3.8776514441081815,correction_completion,selection_obs,2,200,58,730182940,reference_fold_convolution_rf,4.619183302759401,29.25744231448646,,"{""0"": {""bar_pi"": 0.46, ""control_ess"": 29.25744231448646, ""fold_sizes"": [{""evaluation"": 100, ""fold"": 0, ""train"": 100}], ""global_fold_bb"": true, ""max_control_odds"": 4.619183302759401, ""n_clipped"": 0, ""n_complement_units"": 100, ""n_eval_units"": 100, ""posterior_cache_key"": ""g=4_fold=0"", ""posterior_draws"": 1500, ""raw_max_control_odds"": 4.619183302759401}, ""1"": {""bar_pi"": 0.52, ""control_ess"": 29.448148247103916, ""fold_sizes"": [{""evaluation"": 100, ""fold"": 0, ""train"": 100}], ""global_fold_bb"": true, ""max_control_odds"": 3.5641690162401187, ""n_clipped"": 0, ""n_complement_units"": 100, ""n_eval_units"": 100, ""posterior_cache_key"": ""g=4_fold=1"", ""posterior_draws"": 1500, ""raw_max_control_odds"": 3.5641690162401187}}"
GATT,g=4_t=6,4.0,6.0,2.0,reference_fold_convolution,3.94663501532036,3.9368220890541936,0.22042086082675047,3.535870314681263,3.588622336819837,4.332570493171276,4.403401361208256,0.0,0.0,0.0,3.8776514441081815,correction_completion,selection_obs,2,200,58,730182940,reference_fold_convolution_rf,4.619183302759401,29.25744231448646,,"{""0"": {""bar_pi"": 0.46, ""control_ess"": 29.25744231448646, ""fold_sizes"": [{""evaluation"": 100, ""fold"": 0, ""train"": 100}], ""global_fold_bb"": true, ""max_control_odds"": 4.619183302759401, ""n_clipped"": 0, ""n_complement_units"": 100, ""n_eval_units"": 100, ""posterior_cache_key"": ""g=4_fold=0"", ""posterior_draws"": 1500, ""raw_max_control_odds"": 4.619183302759401}, ""1"": {""bar_pi"": 0.52, ""control_ess"": 29.448148247103916, ""fold_sizes"": [{""evaluation"": 100, ""fold"": 0, ""train"": 100}], ""global_fold_bb"": true, ""max_control_odds"": 3.5641690162401187, ""n_clipped"": 0, ""n_complement_units"": 100, ""n_eval_units"": 100, ""posterior_cache_key"": ""g=4_fold=1"", ""posterior_draws"": 1500, ""raw_max_control_odds"": 3.5641690162401187}}"
GATT,g=4_t=7,4.0,7.0,3.0,reference_fold_convolution,4.463725693775314,4.460632377518895,0.23722666766812658,4.0148432780641325,4.084063435893656,4.864287735599201,4.942291518112008,0.0,0.0,0.0,3.8776514441081815,correction_completion,selection_obs,2,200,58,730182940,reference_fold_convolution_rf,4.619183302759401,29.25744231448646,,"{""0"": {""bar_pi"": 0.46, ""control_ess"": 29.25744231448646, ""fold_sizes"": [{""evaluation"": 100, ""fold"": 0, ""train"": 100}], ""global_fold_bb"": true, ""max_control_odds"": 4.619183302759401, ""n_clipped"": 0, ""n_complement_units"": 100, ""n_eval_units"": 100, ""posterior_cache_key"": ""g=4_fold=0"", ""posterior_draws"": 1500, ""raw_max_control_odds"": 4.619183302759401}, ""1"": {""bar_pi"": 0.52, ""control_ess"": 29.448148247103916, ""fold_sizes"": [{""evaluation"": 100, ""fold"": 0, ""train"": 100}], ""global_fold_bb"": true, ""max_control_odds"": 3.5641690162401187, ""n_clipped"": 0, ""n_complement_units"": 100, ""n_eval_units"": 100, ""posterior_cache_key"": ""g=4_fold=1"", ""posterior_draws"": 1500, ""raw_max_control_odds"": 3.5641690162401187}}"
ES,k=0,,,0.0,reference_fold_convolution,3.967755561903353,3.9635080803691216,0.24114949270924346,3.5086926128766276,3.582040682883501,4.365541231821472,4.456896596604058,0.0,0.0,0.0,3.8776514441081815,correction_completion,selection_obs,2,200,58,730182940,reference_fold_convolution_rf,,,,{}
ES,k=1,,,1.0,reference_fold_convolution,4.2001350224856795,4.1885617514335864,0.256058856630938,3.7515631237586655,3.8238050131775028,4.645713212236964,4.794187883110463,0.0,0.0,0.0,3.8776514441081815,correction_completion,selection_obs,2,200,58,730182940,reference_fold_convolution_rf,,,,{}
ES,k=2,,,2.0,reference_fold_convolution,3.94663501532036,3.9368220890541936,0.22042086082675047,3.535870314681263,3.588622336819837,4.332570493171276,4.403401361208256,0.0,0.0,0.0,3.8776514441081815,correction_completion,selection_obs,2,200,58,730182940,reference_fold_convolution_rf,,,,{}
ES,k=3,,,3.0,reference_fold_convolution,4.463725693775314,4.460632377518895,0.23722666766812658,4.0148432780641325,4.084063435893656,4.864287735599201,4.942291518112008,0.0,0.0,0.0,3.8776514441081815,correction_completion,selection_obs,2,200,58,730182940,reference_fold_convolution_rf,,,,{}
ATT,ATT,,,,reference_fold_convolution,4.144562823371177,4.134831335754553,0.19150643471526527,3.7841764496040136,3.8410111129300257,4.474000467508363,4.534751712619282,0.0,0.0,0.0,3.877651444108182,correction_completion,selection_obs,2,200,58,730182940,reference_fold_convolution_rf,,,,{}
GATT,g=4_t=4,4.0,4.0,0.0,raw_structured,3.543699746927054,3.5439827527872003,0.14899131757834003,3.2467317881359175,3.3007133544682996,3.77642147414248,3.8318300584878773,0.0,0.0,0.0,3.8542031129464798,correction_completion,serial_sweep,1,100,42,4149559762,raw_structured,,,,
GATT,g=4_t=5,4.0,5.0,1.0,raw_structured,3.5586425397725785,3.5542979562985906,0.13964428767204076,3.287607220944223,3.3410160345668225,3.7830090164238346,3.842098809693023,0.0,0.0,0.0,3.8542031129464798,correction_completion,serial_sweep,1,100,42,4149559762,raw_structured,,,,
GATT,g=4_t=6,4.0,6.0,2.0,raw_structured,3.532446066919459,3.529491271921188,0.14276041684095214,3.251333516432475,3.303528325573773,3.766119477659626,3.814381049264452,0.0,0.0,0.0,3.8542031129464798,correction_completion,serial_sweep,1,100,42,4149559762,raw_structured,,,,
GATT,g=4_t=7,4.0,7.0,3.0,raw_structured,3.531058317755983,3.530063916946519,0.1582235815598972,3.21582738998668,3.264126085657595,3.7923883461524004,3.846272755704161,0.0,0.0,0.0,3.8542031129464798,correction_completion,serial_sweep,1,100,42,4149559762,raw_structured,,,,
ES,k=0,,,0.0,raw_structured,3.543699746927054,3.5439827527872003,0.14899131757834003,3.2467317881359175,3.3007133544682996,3.77642147414248,3.8318300584878773,0.0,0.0,0.0,3.8542031129464798,correction_completion,serial_sweep,1,100,42,4149559762,raw_structured,,,,
ES,k=1,,,1.0,raw_structured,3.5586425397725785,3.5542979562985906,0.13964428767204076,3.287607220944223,3.3410160345668225,3.7830090164238346,3.842098809693023,0.0,0.0,0.0,3.8542031129464798,correction_completion,serial_sweep,1,100,42,4149559762,raw_structured,,,,
ES,k=2,,,2.0,raw_structured,3.532446066919459,3.529491271921188,0.14276041684095214,3.251333516432475,3.303528325573773,3.766119477659626,3.814381049264452,0.0,0.0,0.0,3.8542031129464798,correction_completion,serial_sweep,1,100,42,4149559762,raw_structured,,,,
ES,k=3,,,3.0,raw_structured,3.531058317755983,3.530063916946519,0.1582235815598972,3.21582738998668,3.264126085657595,3.7923883461524004,3.846272755704161,0.0,0.0,0.0,3.8542031129464798,correction_completion,serial_sweep,1,100,42,4149559762,raw_structured,,,,
ATT,ATT,,,,raw_structured,3.5414616678437687,3.5353317272799587,0.12516628830114873,3.2989169958972733,3.3342458503417722,3.74559936393871,3.778643217544164,0.0,0.0,0.0,3.8542031129464807,correction_completion,serial_sweep,1,100,42,4149559762,raw_structured,,,,
GATT,g=4_t=4,4.0,4.0,0.0,reference_fold_convolution,3.5400874128606263,3.538148563157561,0.2105921291768264,3.1094933545065464,3.190510386640133,3.880522075328217,3.98214168914002,0.0,0.0,0.0,3.8542031129464798,correction_completion,serial_sweep,1,100,42,4149559762,reference_fold_convolution_rf,1.2036568048055243,24.62290798683623,,"{""0"": {""bar_pi"": 0.48, ""control_ess"": 24.62290798683623, ""fold_sizes"": [{""evaluation"": 50, ""fold"": 0, ""train"": 50}], ""global_fold_bb"": true, ""max_control_odds"": 1.1862594106495208, ""n_clipped"": 0, ""n_complement_units"": 50, ""n_eval_units"": 50, ""posterior_cache_key"": ""g=4_fold=0"", ""posterior_draws"": 1500, ""raw_max_control_odds"": 1.1862594106495208}, ""1"": {""bar_pi"": 0.42, ""control_ess"": 27.393869473873767, ""fold_sizes"": [{""evaluation"": 50, ""fold"": 0, ""train"": 50}], ""global_fold_bb"": true, ""max_control_odds"": 1.2036568048055243, ""n_clipped"": 0, ""n_complement_units"": 50, ""n_eval_units"": 50, ""posterior_cache_key"": ""g=4_fold=1"", ""posterior_draws"": 1500, ""raw_max_control_odds"": 1.2036568048055243}}"
GATT,g=4_t=5,4.0,5.0,1.0,reference_fold_convolution,3.663666568907803,3.6611810740399564,0.24103690604115796,3.217119927097938,3.273841480386229,4.052268822448528,4.159210750889224,0.0,0.0,0.0,3.8542031129464798,correction_completion,serial_sweep,1,100,42,4149559762,reference_fold_convolution_rf,1.2036568048055243,24.62290798683623,,"{""0"": {""bar_pi"": 0.48, ""control_ess"": 24.62290798683623, ""fold_sizes"": [{""evaluation"": 50, ""fold"": 0, ""train"": 50}], ""global_fold_bb"": true, ""max_control_odds"": 1.1862594106495208, ""n_clipped"": 0, ""n_complement_units"": 50, ""n_eval_units"": 50, ""posterior_cache_key"": ""g=4_fold=0"", ""posterior_draws"": 1500, ""raw_max_control_odds"": 1.1862594106495208}, ""1"": {""bar_pi"": 0.42, ""control_ess"": 27.393869473873767, ""fold_sizes"": [{""evaluation"": 50, ""fold"": 0, ""train"": 50}], ""global_fold_bb"": true, ""max_control_odds"": 1.2036568048055243, ""n_clipped"": 0, ""n_complement_units"": 50, ""n_eval_units"": 50, ""posterior_cache_key"": ""g=4_fold=1"", ""posterior_draws"": 1500, ""raw_max_control_odds"": 1.2036568048055243}}"
GATT,g=4_t=6,4.0,6.0,2.0,reference_fold_convolution,3.4378901818852574,3.438621827758358,0.2712286209136242,2.9128168650122688,2.995585760616016,3.8781935237618628,3.995689146085642,0.0,0.0,0.0,3.8542031129464798,correction_completion,serial_sweep,1,100,42,4149559762,reference_fold_convolution_rf,1.2036568048055243,24.62290798683623,,"{""0"": {""bar_pi"": 0.48, ""control_ess"": 24.62290798683623, ""fold_sizes"": [{""evaluation"": 50, ""fold"": 0, ""train"": 50}], ""global_fold_bb"": true, ""max_control_odds"": 1.1862594106495208, ""n_clipped"": 0, ""n_complement_units"": 50, ""n_eval_units"": 50, ""posterior_cache_key"": ""g=4_fold=0"", ""posterior_draws"": 1500, ""raw_max_control_odds"": 1.1862594106495208}, ""1"": {""bar_pi"": 0.42, ""control_ess"": 27.393869473873767, ""fold_sizes"": [{""evaluation"": 50, ""fold"": 0, ""train"": 50}], ""global_fold_bb"": true, ""max_control_odds"": 1.2036568048055243, ""n_clipped"": 0, ""n_complement_units"": 50, ""n_eval_units"": 50, ""posterior_cache_key"": ""g=4_fold=1"", ""posterior_draws"": 1500, ""raw_max_control_odds"": 1.2036568048055243}}"
GATT,g=4_t=7,4.0,7.0,3.0,reference_fold_convolution,3.4217264695214773,3.4201899445368804,0.26591779260359716,2.9027454687290026,2.981647467551829,3.8533164954762293,3.9632939704650245,0.0,0.0,0.0,3.8542031129464798,correction_completion,serial_sweep,1,100,42,4149559762,reference_fold_convolution_rf,1.2036568048055243,24.62290798683623,,"{""0"": {""bar_pi"": 0.48, ""control_ess"": 24.62290798683623, ""fold_sizes"": [{""evaluation"": 50, ""fold"": 0, ""train"": 50}], ""global_fold_bb"": true, ""max_control_odds"": 1.1862594106495208, ""n_clipped"": 0, ""n_complement_units"": 50, ""n_eval_units"": 50, ""posterior_cache_key"": ""g=4_fold=0"", ""posterior_draws"": 1500, ""raw_max_control_odds"": 1.1862594106495208}, ""1"": {""bar_pi"": 0.42, ""control_ess"": 27.393869473873767, ""fold_sizes"": [{""evaluation"": 50, ""fold"": 0, ""train"": 50}], ""global_fold_bb"": true, ""max_control_odds"": 1.2036568048055243, ""n_clipped"": 0, ""n_complement_units"": 50, ""n_eval_units"": 50, ""posterior_cache_key"": ""g=4_fold=1"", ""posterior_draws"": 1500, ""raw_max_control_odds"": 1.2036568048055243}}"
ES,k=0,,,0.0,reference_fold_convolution,3.5400874128606263,3.538148563157561,0.2105921291768264,3.1094933545065464,3.190510386640133,3.880522075328217,3.98214168914002,0.0,0.0,0.0,3.8542031129464798,correction_completion,serial_sweep,1,100,42,4149559762,reference_fold_convolution_rf,,,,{}
ES,k=1,,,1.0,reference_fold_convolution,3.663666568907803,3.6611810740399564,0.24103690604115796,3.217119927097938,3.273841480386229,4.052268822448528,4.159210750889224,0.0,0.0,0.0,3.8542031129464798,correction_completion,serial_sweep,1,100,42,4149559762,reference_fold_convolution_rf,,,,{}
ES,k=2,,,2.0,reference_fold_convolution,3.4378901818852574,3.438621827758358,0.2712286209136242,2.9128168650122688,2.995585760616016,3.8781935237618628,3.995689146085642,0.0,0.0,0.0,3.8542031129464798,correction_completion,serial_sweep,1,100,42,4149559762,reference_fold_convolution_rf,,,,{}
ES,k=3,,,3.0,reference_fold_convolution,3.4217264695214773,3.4201899445368804,0.26591779260359716,2.9027454687290026,2.981647467551829,3.8533164954762293,3.9632939704650245,0.0,0.0,0.0,3.8542031129464798,correction_completion,serial_sweep,1,100,42,4149559762,reference_fold_convolution_rf,,,,{}
ATT,ATT,,,,reference_fold_convolution,3.515842658293791,3.5150502634691563,0.21275024018620028,3.094903259802348,3.1739206439942866,3.87693388501554,3.950295483953532,0.0,0.0,0.0,3.8542031129464807,correction_completion,serial_sweep,1,100,42,4149559762,reference_fold_convolution_rf,,,,{}
GATT,g=4_t=4,4.0,4.0,0.0,raw_structured,3.6557669104353905,3.652391653353356,0.08693997405593229,3.4935321114592437,3.5213271393100607,3.800286454557985,3.8294705773810565,0.0,0.0,0.0,3.710029351917702,correction_completion,serial_sweep,2,400,26,2497313373,raw_structured,,,,
GATT,g=4_t=5,4.0,5.0,1.0,raw_structured,3.643654291790979,3.640786260992164,0.0801598325952909,3.4918484269277226,3.516704513896642,3.7788076372954738,3.8006797419877816,0.0,0.0,0.0,3.710029351917702,correction_completion,serial_sweep,2,400,26,2497313373,raw_structured,,,,
GATT,g=4_t=6,4.0,6.0,2.0,raw_structured,3.6246501193557856,3.622853080516136,0.07937603410556392,3.4709801901306485,3.4951802458986454,3.757993105775827,3.7806207780142866,0.0,0.0,0.0,3.710029351917702,correction_completion,serial_sweep,2,400,26,2497313373,raw_structured,,,,
GATT,g=4_t=7,4.0,7.0,3.0,raw_structured,3.613259375704902,3.6121584683056076,0.0859818065774831,3.4379346149234604,3.469817767829305,3.7486431972399044,3.7787313697515788,0.0,0.0,0.0,3.710029351917702,correction_completion,serial_sweep,2,400,26,2497313373,raw_structured,,,,
ES,k=0,,,0.0,raw_structured,3.6557669104353905,3.652391653353356,0.08693997405593229,3.4935321114592437,3.5213271393100607,3.800286454557985,3.8294705773810565,0.0,0.0,0.0,3.710029351917702,correction_completion,serial_sweep,2,400,26,2497313373,raw_structured,,,,
ES,k=1,,,1.0,raw_structured,3.643654291790979,3.640786260992164,0.0801598325952909,3.4918484269277226,3.516704513896642,3.7788076372954738,3.8006797419877816,0.0,0.0,0.0,3.710029351917702,correction_completion,serial_sweep,2,400,26,2497313373,raw_structured,,,,
ES,k=2,,,2.0,raw_structured,3.6246501193557856,3.622853080516136,0.07937603410556392,3.4709801901306485,3.4951802458986454,3.757993105775827,3.7806207780142866,0.0,0.0,0.0,3.710029351917702,correction_completion,serial_sweep,2,400,26,2497313373,raw_structured,,,,
ES,k=3,,,3.0,raw_structured,3.613259375704902,3.6121584683056076,0.0859818065774831,3.4379346149234604,3.469817767829305,3.7486431972399044,3.7787313697515788,0.0,0.0,0.0,3.710029351917702,correction_completion,serial_sweep,2,400,26,2497313373,raw_structured,,,,
ATT,ATT,,,,raw_structured,3.6343326743217648,3.6347745265224862,0.07057586984819923,3.4965986696506293,3.5216977219860763,3.7530972399198186,3.7726496708659134,0.0,0.0,0.0,3.7100293519177017,correction_completion,serial_sweep,2,400,26,2497313373,raw_structured,,,,
GATT,g=4_t=4,4.0,4.0,0.0,reference_fold_convolution,3.722529230167335,3.7260058857091503,0.1188397812998658,3.4833867849189013,3.524644373017914,3.916999729784905,3.943901431275133,0.0,0.0,0.0,3.710029351917702,correction_completion,serial_sweep,2,400,26,2497313373,reference_fold_convolution_rf,2.9615222764981284,84.23802684840147,,"{""0"": {""bar_pi"": 0.52, ""control_ess"": 88.88156674021651, ""fold_sizes"": [{""evaluation"": 200, ""fold"": 0, ""train"": 200}], ""global_fold_bb"": true, ""max_control_odds"": 1.623562488537396, ""n_clipped"": 0, ""n_complement_units"": 200, ""n_eval_units"": 200, ""posterior_cache_key"": ""g=4_fold=0"", ""posterior_draws"": 1500, ""raw_max_control_odds"": 1.623562488537396}, ""1"": {""bar_pi"": 0.495, ""control_ess"": 84.23802684840147, ""fold_sizes"": [{""evaluation"": 200, ""fold"": 0, ""train"": 200}], ""global_fold_bb"": true, ""max_control_odds"": 2.9615222764981284, ""n_clipped"": 0, ""n_complement_units"": 200, ""n_eval_units"": 200, ""posterior_cache_key"": ""g=4_fold=1"", ""posterior_draws"": 1500, ""raw_max_control_odds"": 2.9615222764981284}}"
GATT,g=4_t=5,4.0,5.0,1.0,reference_fold_convolution,3.712685156378227,3.709168303099565,0.14717919676224325,3.4118823808737884,3.4689977249743276,3.9577042134811116,3.9931081067098955,0.0,0.0,0.0,3.710029351917702,correction_completion,serial_sweep,2,400,26,2497313373,reference_fold_convolution_rf,2.9615222764981284,84.23802684840147,,"{""0"": {""bar_pi"": 0.52, ""control_ess"": 88.88156674021651, ""fold_sizes"": [{""evaluation"": 200, ""fold"": 0, ""train"": 200}], ""global_fold_bb"": true, ""max_control_odds"": 1.623562488537396, ""n_clipped"": 0, ""n_complement_units"": 200, ""n_eval_units"": 200, ""posterior_cache_key"": ""g=4_fold=0"", ""posterior_draws"": 1500, ""raw_max_control_odds"": 1.623562488537396}, ""1"": {""bar_pi"": 0.495, ""control_ess"": 84.23802684840147, ""fold_sizes"": [{""evaluation"": 200, ""fold"": 0, ""train"": 200}], ""global_fold_bb"": true, ""max_control_odds"": 2.9615222764981284, ""n_clipped"": 0, ""n_complement_units"": 200, ""n_eval_units"": 200, ""posterior_cache_key"": ""g=4_fold=1"", ""posterior_draws"": 1500, ""raw_max_control_odds"": 2.9615222764981284}}"
GATT,g=4_t=6,4.0,6.0,2.0,reference_fold_convolution,3.631329074274734,3.6295395722689925,0.1584872158151514,3.3192961648747654,3.3696260082817284,3.8850657643705833,3.949393151922817,0.0,0.0,0.0,3.710029351917702,correction_completion,serial_sweep,2,400,26,2497313373,reference_fold_convolution_rf,2.9615222764981284,84.23802684840147,,"{""0"": {""bar_pi"": 0.52, ""control_ess"": 88.88156674021651, ""fold_sizes"": [{""evaluation"": 200, ""fold"": 0, ""train"": 200}], ""global_fold_bb"": true, ""max_control_odds"": 1.623562488537396, ""n_clipped"": 0, ""n_complement_units"": 200, ""n_eval_units"": 200, ""posterior_cache_key"": ""g=4_fold=0"", ""posterior_draws"": 1500, ""raw_max_control_odds"": 1.623562488537396}, ""1"": {""bar_pi"": 0.495, ""control_ess"": 84.23802684840147, ""fold_sizes"": [{""evaluation"": 200, ""fold"": 0, ""train"": 200}], ""global_fold_bb"": true, ""max_control_odds"": 2.9615222764981284, ""n_clipped"": 0, ""n_complement_units"": 200, ""n_eval_units"": 200, ""posterior_cache_key"": ""g=4_fold=1"", ""posterior_draws"": 1500, ""raw_max_control_odds"": 2.9615222764981284}}"
GATT,g=4_t=7,4.0,7.0,3.0,reference_fold_convolution,3.6021118774708425,3.60018970052249,0.1565927932126589,3.2970799789560177,3.3444218299993773,3.8553406512347785,3.912119571588521,0.0,0.0,0.0,3.710029351917702,correction_completion,serial_sweep,2,400,26,2497313373,reference_fold_convolution_rf,2.9615222764981284,84.23802684840147,,"{""0"": {""bar_pi"": 0.52, ""control_ess"": 88.88156674021651, ""fold_sizes"": [{""evaluation"": 200, ""fold"": 0, ""train"": 200}], ""global_fold_bb"": true, ""max_control_odds"": 1.623562488537396, ""n_clipped"": 0, ""n_complement_units"": 200, ""n_eval_units"": 200, ""posterior_cache_key"": ""g=4_fold=0"", ""posterior_draws"": 1500, ""raw_max_control_odds"": 1.623562488537396}, ""1"": {""bar_pi"": 0.495, ""control_ess"": 84.23802684840147, ""fold_sizes"": [{""evaluation"": 200, ""fold"": 0, ""train"": 200}], ""global_fold_bb"": true, ""max_control_odds"": 2.9615222764981284, ""n_clipped"": 0, ""n_complement_units"": 200, ""n_eval_units"": 200, ""posterior_cache_key"": ""g=4_fold=1"", ""posterior_draws"": 1500, ""raw_max_control_odds"": 2.9615222764981284}}"
ES,k=0,,,0.0,reference_fold_convolution,3.722529230167335,3.7260058857091503,0.1188397812998658,3.4833867849189013,3.524644373017914,3.916999729784905,3.943901431275133,0.0,0.0,0.0,3.710029351917702,correction_completion,serial_sweep,2,400,26,2497313373,reference_fold_convolution_rf,,,,{}
ES,k=1,,,1.0,reference_fold_convolution,3.712685156378227,3.709168303099565,0.14717919676224325,3.4118823808737884,3.4689977249743276,3.9577042134811116,3.9931081067098955,0.0,0.0,0.0,3.710029351917702,correction_completion,serial_sweep,2,400,26,2497313373,reference_fold_convolution_rf,,,,{}
ES,k=2,,,2.0,reference_fold_convolution,3.631329074274734,3.6295395722689925,0.1584872158151514,3.3192961648747654,3.3696260082817284,3.8850657643705833,3.949393151922817,0.0,0.0,0.0,3.710029351917702,correction_completion,serial_sweep,2,400,26,2497313373,reference_fold_convolution_rf,,,,{}
ES,k=3,,,3.0,reference_fold_convolution,3.6021118774708425,3.60018970052249,0.1565927932126589,3.2970799789560177,3.3444218299993773,3.8553406512347785,3.912119571588521,0.0,0.0,0.0,3.710029351917702,correction_completion,serial_sweep,2,400,26,2497313373,reference_fold_convolution_rf,,,,{}
ATT,ATT,,,,reference_fold_convolution,3.667163834572785,3.664195744843524,0.1285273688079054,3.411233047817304,3.4495636335168767,3.8794168962797286,3.908075178910279,0.0,0.0,0.0,3.7100293519177017,correction_completion,serial_sweep,2,400,26,2497313373,reference_fold_convolution_rf,,,,{}
GATT,g=4_t=4,4.0,4.0,0.0,raw_structured,3.8064618408959245,3.805771868040977,0.06146836651892695,3.6820677828754027,3.7041779480890584,3.903726228180708,3.9220641342125226,0.0,0.0,0.0,3.785959169669529,correction_completion,serial_sweep_d3,3,800,10,1627620757,raw_structured,,,,
GATT,g=4_t=5,4.0,5.0,1.0,raw_structured,3.7994474047804676,3.8008473334719346,0.058470283066760026,3.680585046450492,3.6989653906836106,3.8934687798210255,3.9158565711291113,0.0,0.0,0.0,3.785959169669529,correction_completion,serial_sweep_d3,3,800,10,1627620757,raw_structured,,,,
GATT,g=4_t=6,4.0,6.0,2.0,raw_structured,3.8141198802741663,3.8130365302886426,0.060669034197711136,3.69780524162435,3.718259553476257,3.9160799836428763,3.9342707089946924,0.0,0.0,0.0,3.785959169669529,correction_completion,serial_sweep_d3,3,800,10,1627620757,raw_structured,,,,
GATT,g=4_t=7,4.0,7.0,3.0,raw_structured,3.811091424691726,3.811574944588698,0.061522573660053044,3.690596609338212,3.709691684082736,3.9120403315289654,3.928329801071614,0.0,0.0,0.0,3.785959169669529,correction_completion,serial_sweep_d3,3,800,10,1627620757,raw_structured,,,,
ES,k=0,,,0.0,raw_structured,3.8064618408959245,3.805771868040977,0.06146836651892695,3.6820677828754027,3.7041779480890584,3.903726228180708,3.9220641342125226,0.0,0.0,0.0,3.785959169669529,correction_completion,serial_sweep_d3,3,800,10,1627620757,raw_structured,,,,
ES,k=1,,,1.0,raw_structured,3.7994474047804676,3.8008473334719346,0.058470283066760026,3.680585046450492,3.6989653906836106,3.8934687798210255,3.9158565711291113,0.0,0.0,0.0,3.785959169669529,correction_completion,serial_sweep_d3,3,800,10,1627620757,raw_structured,,,,
ES,k=2,,,2.0,raw_structured,3.8141198802741663,3.8130365302886426,0.060669034197711136,3.69780524162435,3.718259553476257,3.9160799836428763,3.9342707089946924,0.0,0.0,0.0,3.785959169669529,correction_completion,serial_sweep_d3,3,800,10,1627620757,raw_structured,,,,
ES,k=3,,,3.0,raw_structured,3.811091424691726,3.811574944588698,0.061522573660053044,3.690596609338212,3.709691684082736,3.9120403315289654,3.928329801071614,0.0,0.0,0.0,3.785959169669529,correction_completion,serial_sweep_d3,3,800,10,1627620757,raw_structured,,,,
ATT,ATT,,,,raw_structured,3.807780137660571,3.8079475320649205,0.05300401849733119,3.705154969901001,3.7225615539337986,3.8933726231022416,3.9090267763632975,0.0,0.0,0.0,3.785959169669529,correction_completion,serial_sweep_d3,3,800,10,1627620757,raw_structured,,,,
GATT,g=4_t=4,4.0,4.0,0.0,reference_fold_convolution,3.705282916188532,3.7069247940903405,0.08384262489134592,3.537278013058581,3.5643671486035693,3.8423324549717184,3.8654019593699767,0.0,0.0,0.0,3.785959169669529,correction_completion,serial_sweep_d3,3,800,10,1627620757,reference_fold_convolution_rf,2.950390447835334,166.63410255979935,,"{""0"": {""bar_pi"": 0.51, ""control_ess"": 173.30294322510744, ""fold_sizes"": [{""evaluation"": 400, ""fold"": 0, ""train"": 400}], ""global_fold_bb"": true, ""max_control_odds"": 2.3041442285312064, ""n_clipped"": 0, ""n_complement_units"": 400, ""n_eval_units"": 400, ""posterior_cache_key"": ""g=4_fold=0"", ""posterior_draws"": 1500, ""raw_max_control_odds"": 2.3041442285312064}, ""1"": {""bar_pi"": 0.51, ""control_ess"": 166.63410255979935, ""fold_sizes"": [{""evaluation"": 400, ""fold"": 0, ""train"": 400}], ""global_fold_bb"": true, ""max_control_odds"": 2.950390447835334, ""n_clipped"": 0, ""n_complement_units"": 400, ""n_eval_units"": 400, ""posterior_cache_key"": ""g=4_fold=1"", ""posterior_draws"": 1500, ""raw_max_control_odds"": 2.950390447835334}}"
GATT,g=4_t=5,4.0,5.0,1.0,reference_fold_convolution,3.68620375060675,3.6917141239500344,0.10276226033780418,3.4782398805593884,3.5134679820509134,3.843445013865737,3.871558335190095,0.0,0.0,0.0,3.785959169669529,correction_completion,serial_sweep_d3,3,800,10,1627620757,reference_fold_convolution_rf,2.950390447835334,166.63410255979935,,"{""0"": {""bar_pi"": 0.51, ""control_ess"": 173.30294322510744, ""fold_sizes"": [{""evaluation"": 400, ""fold"": 0, ""train"": 400}], ""global_fold_bb"": true, ""max_control_odds"": 2.3041442285312064, ""n_clipped"": 0, ""n_complement_units"": 400, ""n_eval_units"": 400, ""posterior_cache_key"": ""g=4_fold=0"", ""posterior_draws"": 1500, ""raw_max_control_odds"": 2.3041442285312064}, ""1"": {""bar_pi"": 0.51, ""control_ess"": 166.63410255979935, ""fold_sizes"": [{""evaluation"": 400, ""fold"": 0, ""train"": 400}], ""global_fold_bb"": true, ""max_control_odds"": 2.950390447835334, ""n_clipped"": 0, ""n_complement_units"": 400, ""n_eval_units"": 400, ""posterior_cache_key"": ""g=4_fold=1"", ""posterior_draws"": 1500, ""raw_max_control_odds"": 2.950390447835334}}"
GATT,g=4_t=6,4.0,6.0,2.0,reference_fold_convolution,3.851636605416387,3.8554282078824613,0.10636473567516645,3.6353883315284543,3.6733868464234054,4.024747383212201,4.061051866941585,0.0,0.0,0.0,3.785959169669529,correction_completion,serial_sweep_d3,3,800,10,1627620757,reference_fold_convolution_rf,2.950390447835334,166.63410255979935,,"{""0"": {""bar_pi"": 0.51, ""control_ess"": 173.30294322510744, ""fold_sizes"": [{""evaluation"": 400, ""fold"": 0, ""train"": 400}], ""global_fold_bb"": true, ""max_control_odds"": 2.3041442285312064, ""n_clipped"": 0, ""n_complement_units"": 400, ""n_eval_units"": 400, ""posterior_cache_key"": ""g=4_fold=0"", ""posterior_draws"": 1500, ""raw_max_control_odds"": 2.3041442285312064}, ""1"": {""bar_pi"": 0.51, ""control_ess"": 166.63410255979935, ""fold_sizes"": [{""evaluation"": 400, ""fold"": 0, ""train"": 400}], ""global_fold_bb"": true, ""max_control_odds"": 2.950390447835334, ""n_clipped"": 0, ""n_complement_units"": 400, ""n_eval_units"": 400, ""posterior_cache_key"": ""g=4_fold=1"", ""posterior_draws"": 1500, ""raw_max_control_odds"": 2.950390447835334}}"
GATT,g=4_t=7,4.0,7.0,3.0,reference_fold_convolution,3.8082812884910533,3.808202075150442,0.1133150163399456,3.587100832218878,3.625193471734538,3.9907023542915288,4.019744945200656,0.0,0.0,0.0,3.785959169669529,correction_completion,serial_sweep_d3,3,800,10,1627620757,reference_fold_convolution_rf,2.950390447835334,166.63410255979935,,"{""0"": {""bar_pi"": 0.51, ""control_ess"": 173.30294322510744, ""fold_sizes"": [{""evaluation"": 400, ""fold"": 0, ""train"": 400}], ""global_fold_bb"": true, ""max_control_odds"": 2.3041442285312064, ""n_clipped"": 0, ""n_complement_units"": 400, ""n_eval_units"": 400, ""posterior_cache_key"": ""g=4_fold=0"", ""posterior_draws"": 1500, ""raw_max_control_odds"": 2.3041442285312064}, ""1"": {""bar_pi"": 0.51, ""control_ess"": 166.63410255979935, ""fold_sizes"": [{""evaluation"": 400, ""fold"": 0, ""train"": 400}], ""global_fold_bb"": true, ""max_control_odds"": 2.950390447835334, ""n_clipped"": 0, ""n_complement_units"": 400, ""n_eval_units"": 400, ""posterior_cache_key"": ""g=4_fold=1"", ""posterior_draws"": 1500, ""raw_max_control_odds"": 2.950390447835334}}"
ES,k=0,,,0.0,reference_fold_convolution,3.705282916188532,3.7069247940903405,0.08384262489134592,3.537278013058581,3.5643671486035693,3.8423324549717184,3.8654019593699767,0.0,0.0,0.0,3.785959169669529,correction_completion,serial_sweep_d3,3,800,10,1627620757,reference_fold_convolution_rf,,,,{}
ES,k=1,,,1.0,reference_fold_convolution,3.68620375060675,3.6917141239500344,0.10276226033780418,3.4782398805593884,3.5134679820509134,3.843445013865737,3.871558335190095,0.0,0.0,0.0,3.785959169669529,correction_completion,serial_sweep_d3,3,800,10,1627620757,reference_fold_convolution_rf,,,,{}
ES,k=2,,,2.0,reference_fold_convolution,3.851636605416387,3.8554282078824613,0.10636473567516645,3.6353883315284543,3.6733868464234054,4.024747383212201,4.061051866941585,0.0,0.0,0.0,3.785959169669529,correction_completion,serial_sweep_d3,3,800,10,1627620757,reference_fold_convolution_rf,,,,{}
ES,k=3,,,3.0,reference_fold_convolution,3.8082812884910533,3.808202075150442,0.1133150163399456,3.587100832218878,3.625193471734538,3.9907023542915288,4.019744945200656,0.0,0.0,0.0,3.785959169669529,correction_completion,serial_sweep_d3,3,800,10,1627620757,reference_fold_convolution_rf,,,,{}
ATT,ATT,,,,reference_fold_convolution,3.7628511401756803,3.7666263265855053,0.0893464543249846,3.578145054402914,3.6150463538557536,3.9032674082526917,3.931366024976774,0.0,0.0,0.0,3.785959169669529,correction_completion,serial_sweep_d3,3,800,10,1627620757,reference_fold_convolution_rf,,,,{}
GATT,g=4_t=4,4.0,4.0,0.0,raw_structured,2.5761892010703864,2.583828817708926,0.1871759121913179,2.2033815952949647,2.2658839895255354,2.877046145177474,2.9316050824986184,0.0,0.0,0.0,2.5053123632175205,correction_completion,staggered,3,200,94,1941328431,raw_structured,,,,
GATT,g=4_t=5,4.0,5.0,1.0,raw_structured,3.860955779589412,3.8638089670793865,0.1782874856990751,3.495760240418188,3.5642415757714208,4.1507994528931755,4.200193552411325,0.0,0.0,0.0,3.5074373085045294,correction_completion,staggered,3,200,94,1941328431,raw_structured,,,,
GATT,g=4_t=6,4.0,6.0,2.0,raw_structured,4.683093247499282,4.681853202570453,0.19182918563481594,4.310983020960616,4.366136081891103,5.002715029443555,5.053632700455425,0.0,0.0,0.0,4.509562253791538,correction_completion,staggered,3,200,94,1941328431,raw_structured,,,,
GATT,g=4_t=7,4.0,7.0,3.0,raw_structured,5.0226459091427,5.014861146460682,0.24963382093948608,4.550516222608868,4.628324077902454,5.45974886892989,5.533390262510132,0.0,0.0,0.0,5.511687199078547,correction_completion,staggered,3,200,94,1941328431,raw_structured,,,,
GATT,g=5_t=5,5.0,5.0,0.0,raw_structured,4.240207022370251,4.247250283323302,0.15734899790092916,3.929977860980242,3.989733384628687,4.493860069397269,4.548620331755343,0.0,0.0,0.0,3.8867929513632435,correction_completion,staggered,3,200,94,1941328431,raw_structured,,,,
GATT,g=5_t=6,5.0,6.0,1.0,raw_structured,5.540886702804196,5.54269929687028,0.17189113875691517,5.196029042300732,5.253286601949516,5.816762553882412,5.872108771332666,0.0,0.0,0.0,5.441510131908542,correction_completion,staggered,3,200,94,1941328431,raw_structured,,,,
GATT,g=5_t=7,5.0,7.0,2.0,raw_structured,6.362843237053873,6.359870696007191,0.20312585564744098,5.96595709603863,6.041000860197275,6.701640784753292,6.777885322746031,0.0,0.0,0.0,6.99622731245384,correction_completion,staggered,3,200,94,1941328431,raw_structured,,,,
GATT,g=6_t=6,6.0,6.0,0.0,raw_structured,4.902984107894216,4.904444904852777,0.18371880741365604,4.5446692095549865,4.608691318813391,5.211341944158032,5.265103488283981,0.0,0.0,0.0,4.973739906159848,correction_completion,staggered,3,200,94,1941328431,raw_structured,,,,
GATT,g=6_t=7,6.0,7.0,1.0,raw_structured,6.198716020182912,6.199847102687443,0.2098130440168337,5.795938128476474,5.863174908714266,6.552618330752335,6.622674342954778,0.0,0.0,0.0,6.963235868623786,correction_completion,staggered,3,200,94,1941328431,raw_structured,,,,
ES,k=0,,,0.0,raw_structured,3.8604839010899075,3.8649267266450504,0.12606778693179818,3.61799374099003,3.6506918368416366,4.062719239373523,4.102480844689205,0.0,0.0,0.0,3.716493172332376,correction_completion,staggered,3,200,94,1941328431,raw_structured,,,,
ES,k=1,,,1.0,raw_structured,5.154484237659177,5.154299130236815,0.139250764348902,4.88130734054606,4.919780197478649,5.378485385076755,5.433042400774346,0.0,0.0,0.0,5.203090441265326,correction_completion,staggered,3,200,94,1941328431,raw_structured,,,,
ES,k=2,,,2.0,raw_structured,5.590158241858762,5.584206074564758,0.17147407936615688,5.269891423906176,5.309588231515043,5.870920435512707,5.935658191218472,0.0,0.0,0.0,5.85236138546918,correction_completion,staggered,3,200,94,1941328431,raw_structured,,,,
ES,k=3,,,3.0,raw_structured,5.0226459091427,5.014861146460682,0.24963382093948608,4.550516222608868,4.628324077902454,5.45974886892989,5.533390262510132,0.0,0.0,0.0,5.511687199078547,correction_completion,staggered,3,200,94,1941328431,raw_structured,,,,
ATT,ATT,,,,raw_structured,4.821686121464441,4.8225628751091465,0.11754125537158475,4.608447534486427,4.628756331167513,5.018194542021741,5.055142665141007,0.0,0.0,0.0,4.9065635827795635,correction_completion,staggered,3,200,94,1941328431,raw_structured,,,,
GATT,g=5_t=5,5.0,5.0,0.0,reference_fold_convolution,3.785450234346768,3.780666562108465,0.4250138895502493,2.9567683215705265,3.097335438525265,4.484070646923964,4.650402446720092,0.0,0.0,0.0,3.8867929513632435,correction_completion,staggered,3,200,94,1941328431,reference_fold_convolution_rf,2.0081843368326986,21.299876213171867,,"{""0"": {""bar_pi"": 0.4126984126984127, ""control_ess"": 32.55322606255571, ""fold_sizes"": [{""evaluation"": 63, ""fold"": 0, ""train"": 54}], ""global_fold_bb"": true, ""max_control_odds"": 2.0081843368326986, ""n_clipped"": 0, ""n_complement_units"": 54, ""n_eval_units"": 63, ""posterior_cache_key"": ""g=5_fold=0"", ""posterior_draws"": 1500, ""raw_max_control_odds"": 2.0081843368326986}, ""1"": {""bar_pi"": 0.5185185185185185, ""control_ess"": 21.299876213171867, ""fold_sizes"": [{""evaluation"": 54, ""fold"": 0, ""train"": 63}], ""global_fold_bb"": true, ""max_control_odds"": 1.6055219990856175, ""n_clipped"": 0, ""n_complement_units"": 63, ""n_eval_units"": 54, ""posterior_cache_key"": ""g=5_fold=1"", ""posterior_draws"": 1500, ""raw_max_control_odds"": 1.6055219990856175}}"
GATT,g=5_t=6,5.0,6.0,1.0,reference_fold_convolution,5.767920450173908,5.764974402817843,0.44323140055488774,4.939922308634566,5.058626955430948,6.512679830090937,6.654421366430512,0.0,0.0,0.0,5.441510131908542,correction_completion,staggered,3,200,94,1941328431,reference_fold_convolution_rf,2.0081843368326986,21.299876213171867,,"{""0"": {""bar_pi"": 0.4126984126984127, ""control_ess"": 32.55322606255571, ""fold_sizes"": [{""evaluation"": 63, ""fold"": 0, ""train"": 54}], ""global_fold_bb"": true, ""max_control_odds"": 2.0081843368326986, ""n_clipped"": 0, ""n_complement_units"": 54, ""n_eval_units"": 63, ""posterior_cache_key"": ""g=5_fold=0"", ""posterior_draws"": 1500, ""raw_max_control_odds"": 2.0081843368326986}, ""1"": {""bar_pi"": 0.5185185185185185, ""control_ess"": 21.299876213171867, ""fold_sizes"": [{""evaluation"": 54, ""fold"": 0, ""train"": 63}], ""global_fold_bb"": true, ""max_control_odds"": 1.6055219990856175, ""n_clipped"": 0, ""n_complement_units"": 63, ""n_eval_units"": 54, ""posterior_cache_key"": ""g=5_fold=1"", ""posterior_draws"": 1500, ""raw_max_control_odds"": 1.6055219990856175}}"
GATT,g=5_t=7,5.0,7.0,2.0,reference_fold_convolution,6.413439439379136,6.416091550356592,0.489215526614667,5.406358787285947,5.602641203409539,7.204669825378255,7.385082666965689,0.0,0.0,0.0,6.99622731245384,correction_completion,staggered,3,200,94,1941328431,reference_fold_convolution_rf,2.0081843368326986,21.299876213171867,,"{""0"": {""bar_pi"": 0.4126984126984127, ""control_ess"": 32.55322606255571, ""fold_sizes"": [{""evaluation"": 63, ""fold"": 0, ""train"": 54}], ""global_fold_bb"": true, ""max_control_odds"": 2.0081843368326986, ""n_clipped"": 0, ""n_complement_units"": 54, ""n_eval_units"": 63, ""posterior_cache_key"": ""g=5_fold=0"", ""posterior_draws"": 1500, ""raw_max_control_odds"": 2.0081843368326986}, ""1"": {""bar_pi"": 0.5185185185185185, ""control_ess"": 21.299876213171867, ""fold_sizes"": [{""evaluation"": 54, ""fold"": 0, ""train"": 63}], ""global_fold_bb"": true, ""max_control_odds"": 1.6055219990856175, ""n_clipped"": 0, ""n_complement_units"": 63, ""n_eval_units"": 54, ""posterior_cache_key"": ""g=5_fold=1"", ""posterior_draws"": 1500, ""raw_max_control_odds"": 1.6055219990856175}}"
GATT,g=4_t=4,4.0,4.0,0.0,reference_fold_convolution,2.607962241968734,2.6195787910865755,0.37578938603030004,1.8579308832824577,1.9811031213975259,3.1804071924350787,3.3092089776238263,0.0,0.0,0.0,2.5053123632175205,correction_completion,staggered,3,200,94,1941328431,reference_fold_convolution_rf,1.6423845479710721,22.092457830400907,,"{""0"": {""bar_pi"": 0.3728813559322034, ""control_ess"": 33.691969158968426, ""fold_sizes"": [{""evaluation"": 59, ""fold"": 0, ""train"": 50}], ""global_fold_bb"": true, ""max_control_odds"": 1.6423845479710721, ""n_clipped"": 0, ""n_complement_units"": 50, ""n_eval_units"": 59, ""posterior_cache_key"": ""g=4_fold=0"", ""posterior_draws"": 1500, ""raw_max_control_odds"": 1.6423845479710721}, ""1"": {""bar_pi"": 0.48, ""control_ess"": 22.092457830400907, ""fold_sizes"": [{""evaluation"": 50, ""fold"": 0, ""train"": 59}], ""global_fold_bb"": true, ""max_control_odds"": 1.2026078595009129, ""n_clipped"": 0, ""n_complement_units"": 59, ""n_eval_units"": 50, ""posterior_cache_key"": ""g=4_fold=1"", ""posterior_draws"": 1500, ""raw_max_control_odds"": 1.2026078595009129}}"
GATT,g=4_t=5,4.0,5.0,1.0,reference_fold_convolution,3.3921947484843993,3.388584942659786,0.40190465090879535,2.5986573839342357,2.755205642254516,4.061102503188988,4.172083175455149,0.0,0.0,0.0,3.5074373085045294,correction_completion,staggered,3,200,94,1941328431,reference_fold_convolution_rf,1.6423845479710721,22.092457830400907,,"{""0"": {""bar_pi"": 0.3728813559322034, ""control_ess"": 33.691969158968426, ""fold_sizes"": [{""evaluation"": 59, ""fold"": 0, ""train"": 50}], ""global_fold_bb"": true, ""max_control_odds"": 1.6423845479710721, ""n_clipped"": 0, ""n_complement_units"": 50, ""n_eval_units"": 59, ""posterior_cache_key"": ""g=4_fold=0"", ""posterior_draws"": 1500, ""raw_max_control_odds"": 1.6423845479710721}, ""1"": {""bar_pi"": 0.48, ""control_ess"": 22.092457830400907, ""fold_sizes"": [{""evaluation"": 50, ""fold"": 0, ""train"": 59}], ""global_fold_bb"": true, ""max_control_odds"": 1.2026078595009129, ""n_clipped"": 0, ""n_complement_units"": 59, ""n_eval_units"": 50, ""posterior_cache_key"": ""g=4_fold=1"", ""posterior_draws"": 1500, ""raw_max_control_odds"": 1.2026078595009129}}"
GATT,g=4_t=6,4.0,6.0,2.0,reference_fold_convolution,4.728662915166654,4.726326113421115,0.427812662188198,3.887699301221969,4.01968801511254,5.429698832280341,5.614525548770407,0.0,0.0,0.0,4.509562253791538,correction_completion,staggered,3,200,94,1941328431,reference_fold_convolution_rf,1.6423845479710721,22.092457830400907,,"{""0"": {""bar_pi"": 0.3728813559322034, ""control_ess"": 33.691969158968426, ""fold_sizes"": [{""evaluation"": 59, ""fold"": 0, ""train"": 50}], ""global_fold_bb"": true, ""max_control_odds"": 1.6423845479710721, ""n_clipped"": 0, ""n_complement_units"": 50, ""n_eval_units"": 59, ""posterior_cache_key"": ""g=4_fold=0"", ""posterior_draws"": 1500, ""raw_max_control_odds"": 1.6423845479710721}, ""1"": {""bar_pi"": 0.48, ""control_ess"": 22.092457830400907, ""fold_sizes"": [{""evaluation"": 50, ""fold"": 0, ""train"": 59}], ""global_fold_bb"": true, ""max_control_odds"": 1.2026078595009129, ""n_clipped"": 0, ""n_complement_units"": 59, ""n_eval_units"": 50, ""posterior_cache_key"": ""g=4_fold=1"", ""posterior_draws"": 1500, ""raw_max_control_odds"": 1.2026078595009129}}"
GATT,g=4_t=7,4.0,7.0,3.0,reference_fold_convolution,5.086599837457235,5.066161437744886,0.46155849848039693,4.204556088848948,4.360571493751535,5.864598524771227,5.951966579654491,0.0,0.0,0.0,5.511687199078547,correction_completion,staggered,3,200,94,1941328431,reference_fold_convolution_rf,1.6423845479710721,22.092457830400907,,"{""0"": {""bar_pi"": 0.3728813559322034, ""control_ess"": 33.691969158968426, ""fold_sizes"": [{""evaluation"": 59, ""fold"": 0, ""train"": 50}], ""global_fold_bb"": true, ""max_control_odds"": 1.6423845479710721, ""n_clipped"": 0, ""n_complement_units"": 50, ""n_eval_units"": 59, ""posterior_cache_key"": ""g=4_fold=0"", ""posterior_draws"": 1500, ""raw_max_control_odds"": 1.6423845479710721}, ""1"": {""bar_pi"": 0.48, ""control_ess"": 22.092457830400907, ""fold_sizes"": [{""evaluation"": 50, ""fold"": 0, ""train"": 59}], ""global_fold_bb"": true, ""max_control_odds"": 1.2026078595009129, ""n_clipped"": 0, ""n_complement_units"": 59, ""n_eval_units"": 50, ""posterior_cache_key"": ""g=4_fold=1"", ""posterior_draws"": 1500, ""raw_max_control_odds"": 1.2026078595009129}}"
GATT,g=6_t=6,6.0,6.0,0.0,reference_fold_convolution,5.209088597740583,5.189072539020708,0.4474264375955448,4.365188049927437,4.513084902176794,5.979659073573588,6.11046319896709,0.0,0.0,0.0,4.973739906159848,correction_completion,staggered,3,200,94,1941328431,reference_fold_convolution_rf,1.5996653824239415,20.155459176697494,,"{""0"": {""bar_pi"": 0.28846153846153844, ""control_ess"": 34.22292520138523, ""fold_sizes"": [{""evaluation"": 52, ""fold"": 0, ""train"": 48}], ""global_fold_bb"": true, ""max_control_odds"": 1.5996653824239415, ""n_clipped"": 0, ""n_complement_units"": 48, ""n_eval_units"": 52, ""posterior_cache_key"": ""g=6_fold=0"", ""posterior_draws"": 1500, ""raw_max_control_odds"": 1.5996653824239415}, ""1"": {""bar_pi"": 0.4583333333333333, ""control_ess"": 20.155459176697494, ""fold_sizes"": [{""evaluation"": 48, ""fold"": 0, ""train"": 52}], ""global_fold_bb"": true, ""max_control_odds"": 0.9564643840505084, ""n_clipped"": 0, ""n_complement_units"": 52, ""n_eval_units"": 48, ""posterior_cache_key"": ""g=6_fold=1"", ""posterior_draws"": 1500, ""raw_max_control_odds"": 0.9564643840505084}}"
GATT,g=6_t=7,6.0,7.0,1.0,reference_fold_convolution,6.257878409635176,6.249858366011452,0.46013106958586075,5.374752785746618,5.5127555542738875,7.000394950082563,7.171871699640481,0.0,0.0,0.0,6.963235868623786,correction_completion,staggered,3,200,94,1941328431,reference_fold_convolution_rf,1.5996653824239415,20.155459176697494,,"{""0"": {""bar_pi"": 0.28846153846153844, ""control_ess"": 34.22292520138523, ""fold_sizes"": [{""evaluation"": 52, ""fold"": 0, ""train"": 48}], ""global_fold_bb"": true, ""max_control_odds"": 1.5996653824239415, ""n_clipped"": 0, ""n_complement_units"": 48, ""n_eval_units"": 52, ""posterior_cache_key"": ""g=6_fold=0"", ""posterior_draws"": 1500, ""raw_max_control_odds"": 1.5996653824239415}, ""1"": {""bar_pi"": 0.4583333333333333, ""control_ess"": 20.155459176697494, ""fold_sizes"": [{""evaluation"": 48, ""fold"": 0, ""train"": 52}], ""global_fold_bb"": true, ""max_control_odds"": 0.9564643840505084, ""n_clipped"": 0, ""n_complement_units"": 52, ""n_eval_units"": 48, ""posterior_cache_key"": ""g=6_fold=1"", ""posterior_draws"": 1500, ""raw_max_control_odds"": 0.9564643840505084}}"
ES,k=0,,,0.0,reference_fold_convolution,3.7745755759247364,3.773395779732986,0.20143370496656213,3.37449412140906,3.444277513417925,4.094623552487344,4.173898369079547,0.0,0.0,0.0,3.716493172332376,correction_completion,staggered,3,200,94,1941328431,reference_fold_convolution_rf,,,,{}
ES,k=1,,,1.0,reference_fold_convolution,5.102555940847992,5.098347820707053,0.24574787366501988,4.613717141196416,4.70835689864247,5.506837640897169,5.58299478762414,0.0,0.0,0.0,5.203090441265326,correction_completion,staggered,3,200,94,1941328431,reference_fold_convolution_rf,,,,{}
ES,k=2,,,2.0,reference_fold_convolution,5.638442238241395,5.627696066686292,0.320139997936916,5.011676253224767,5.121572918780051,6.17167211545572,6.243578530370901,0.0,0.0,0.0,5.85236138546918,correction_completion,staggered,3,200,94,1941328431,reference_fold_convolution_rf,,,,{}
ES,k=3,,,3.0,reference_fold_convolution,5.086599837457235,5.066161437744886,0.46155849848039693,4.204556088848948,4.360571493751535,5.864598524771227,5.951966579654491,0.0,0.0,0.0,5.511687199078547,correction_completion,staggered,3,200,94,1941328431,reference_fold_convolution_rf,,,,{}
ATT,ATT,,,,reference_fold_convolution,4.795225795583419,4.790525927824929,0.2307475822000496,4.336258350151142,4.426053929351884,5.171055937996935,5.2391321090492,0.0,0.0,0.0,4.9065635827795635,correction_completion,staggered,3,200,94,1941328431,reference_fold_convolution_rf,,,,{}
PRE,k=-4,,,-4.0,pretrend,-0.10313795288783219,-0.09311217187835878,0.22223951861214192,-0.5635190256828909,-0.479667063428354,0.2502763977125583,0.317198208988062,0.352,0.704,0.704,-0.0,correction_completion,PT_conditional,3,200,183,4001188232,raw_structured,,,,
PRE,k=-3,,,-3.0,pretrend,0.02565760379150514,0.0,0.20409156427453862,-0.36923382180195813,-0.31845463177459743,0.3640953207697601,0.4321533449481393,0.5313333333333333,1.0,1.0,-0.0,correction_completion,PT_conditional,3,200,183,4001188232,raw_structured,,,,
PRE,k=-2,,,-2.0,pretrend,-0.10351172539414191,0.0,0.18381404209985874,-0.5307263827632375,-0.4516109980274002,0.13758218978249367,0.2015638204115379,0.502,1.0,1.0,-0.0,correction_completion,PT_conditional,3,200,183,4001188232,raw_structured,,,,
PRE,slope,,,,pretrend,0.025829312605330584,0.019662117716602406,0.0781237391976534,-0.12360336667567665,-0.09753854210889637,0.15506078157236744,0.19326669276635883,0.4026666666666667,0.8053333333333333,0.8053333333333333,0.0,correction_completion,PT_conditional,3,200,183,4001188232,raw_structured,,,,
PRE_SUB,X1=0_k=-4,,,-4.0,pretrend,-0.053501575098568885,-0.04386062142112171,0.23720141379323673,-0.5098602100087668,-0.44347311898378083,0.3380485418508025,0.4375119806959659,0.43666666666666665,0.8733333333333333,0.8733333333333333,-0.0,correction_completion,PT_conditional,3,200,183,4001188232,raw_structured,,,,
PRE_SUB,X1=0_k=-3,,,-3.0,pretrend,0.07299299651350763,0.026019722940959583,0.22168852399463226,-0.34810936421410005,-0.28153631580104715,0.4680517910065895,0.5617662245989233,0.4653333333333333,0.9306666666666666,0.9306666666666666,-0.0,correction_completion,PT_conditional,3,200,183,4001188232,raw_structured,,,,
PRE_SUB,X1=0_k=-2,,,-2.0,pretrend,-0.060202504123040644,0.0,0.19899446001360474,-0.48957750703016223,-0.4182976335128222,0.2410834588844114,0.3334609173600807,0.5846666666666667,1.0,1.0,-0.0,correction_completion,PT_conditional,3,200,183,4001188232,raw_structured,,,,
PRE_SUB,X1=1_k=-4,,,-4.0,pretrend,-0.1313793402506889,-0.11400984995292698,0.24624323908646784,-0.659375357392988,-0.5437743348951716,0.24470150271922853,0.3171982089880622,0.33,0.66,0.66,-0.0,correction_completion,PT_conditional,3,200,183,4001188232,raw_structured,,,,
PRE_SUB,X1=1_k=-3,,,-3.0,pretrend,-0.001274602412392833,0.0,0.2279948637015107,-0.48318721066602816,-0.40280135641688813,0.359998787999046,0.4320607578977687,0.564,1.0,1.0,-0.0,correction_completion,PT_conditional,3,200,183,4001188232,raw_structured,,,,
PRE_SUB,X1=1_k=-2,,,-2.0,pretrend,-0.12815317887597538,-0.009666727054960182,0.21064845369220248,-0.6542713484347247,-0.5386121291433122,0.12383079088827416,0.19164136039947371,0.49066666666666664,0.9813333333333333,0.9813333333333333,-0.0,correction_completion,PT_conditional,3,200,183,4001188232,raw_structured,,,,
PRE_SUB,X2=low_k=-4,,,-4.0,pretrend,-0.09823048317350466,-0.08861539909663843,0.22621807184026577,-0.5537877613721225,-0.4677899138597826,0.2612288781159017,0.3273764488262634,0.364,0.728,0.728,-0.0,correction_completion,PT_conditional,3,200,183,4001188232,raw_structured,,,,
PRE_SUB,X2=low_k=-3,,,-3.0,pretrend,0.027924941647627176,0.0,0.20781658305959758,-0.3831267508610016,-0.3219048021843429,0.37163631436369543,0.43770623000306386,0.526,1.0,1.0,-0.0,correction_completion,PT_conditional,3,200,183,4001188232,raw_structured,,,,
PRE_SUB,X2=low_k=-2,,,-2.0,pretrend,-0.10314793046509696,0.0,0.18867016648586565,-0.5425112916360241,-0.46753014145234195,0.1553903533779902,0.21242657823613412,0.5113333333333333,1.0,1.0,-0.0,correction_completion,PT_conditional,3,200,183,4001188232,raw_structured,,,,
PRE_SUB,X2=high_k=-4,,,-4.0,pretrend,-0.11140409199002722,-0.1014585478605348,0.2270717242976931,-0.5845644625025244,-0.5038709693855306,0.24490030290417636,0.3169681527431445,0.342,0.684,0.684,-0.0,correction_completion,PT_conditional,3,200,183,4001188232,raw_structured,,,,
PRE_SUB,X2=high_k=-3,,,-3.0,pretrend,0.021586878822038254,0.0,0.2060439202047477,-0.3998047552702124,-0.3195757175882897,0.37076969870488125,0.4305408093227648,0.5366666666666666,1.0,1.0,-0.0,correction_completion,PT_conditional,3,200,183,4001188232,raw_structured,,,,
PRE_SUB,X2=high_k=-2,,,-2.0,pretrend,-0.10360795907339385,0.0,0.18409353303894907,-0.5217921287524058,-0.4512568228950361,0.13619526470023913,0.20156382041153792,0.5046666666666667,1.0,1.0,-0.0,correction_completion,PT_conditional,3,200,183,4001188232,raw_structured,,,,
PRE_SUBC,X1_k=-4,,,-4.0,pretrend,-0.07787776515212,-8.500145032286355e-17,0.20443846028589124,-0.7397506031818462,-0.6033479202972851,1.0824674490095276e-15,2.5250634916317685e-15,0.444,0.888,0.888,-0.0,correction_completion,PT_conditional,3,200,183,4001188232,raw_structured,,,,
PRE_SUBC,X1_k=-3,,,-3.0,pretrend,-0.07426759892590044,0.0,0.2005901739039495,-0.7325181997219694,-0.5902248095565704,9.443834603217732e-16,1.3877787807814457e-15,0.5006666666666667,1.0,1.0,-0.0,correction_completion,PT_conditional,3,200,183,4001188232,raw_structured,,,,
PRE_SUBC,X1_k=-2,,,-2.0,pretrend,-0.06795067475293476,0.0,0.1957216565420558,-0.7280823114306433,-0.5869017673486912,6.675215935558741e-16,1.124794701823358e-15,0.6213333333333333,1.0,1.0,-0.0,correction_completion,PT_conditional,3,200,183,4001188232,raw_structured,,,,
PRE_SUBC,X1_slope,,,,pretrend,0.03215136914722112,2.973811673103098e-17,0.08551346623659233,-7.995588318416529e-16,-3.931379031842295e-16,0.2532841472842861,0.30846615740794564,0.43466666666666665,0.8693333333333333,0.8693333333333333,0.0,correction_completion,PT_conditional,3,200,183,4001188232,raw_structured,,,,
PRE_SUBC,X2_k=-4,,,-4.0,pretrend,-0.013173608816522565,0.0,0.08426348982913288,-0.3176837309152778,-0.19911332898325979,0.07253427570465613,0.09121590114883382,0.5413333333333333,1.0,1.0,-0.0,correction_completion,PT_conditional,3,200,183,4001188232,raw_structured,,,,
PRE_SUBC,X2_k=-3,,,-3.0,pretrend,-0.006338062825588919,0.0,0.07097140751096648,-0.25611850617713133,-0.09262003312720637,0.07224679500034537,0.09121590114883313,0.5786666666666667,1.0,1.0,-0.0,correction_completion,PT_conditional,3,200,183,4001188232,raw_structured,,,,
PRE_SUBC,X2_k=-2,,,-2.0,pretrend,-0.00046002860829689497,0.0,0.059633854711609105,-0.09330095359198018,-8.815864704914133e-16,0.07253427570465691,0.09394487228594813,0.6546666666666666,1.0,1.0,-0.0,correction_completion,PT_conditional,3,200,183,4001188232,raw_structured,,,,
PRE_SUBC,X2_slope,,,,pretrend,0.0037612129077887447,0.0,0.03037782761397289,-0.038697019230752666,-0.030050873894616647,0.05858598332551435,0.10047602903082499,0.5286666666666666,1.0,1.0,0.0,correction_completion,PT_conditional,3,200,183,4001188232,raw_structured,,,,
PRE,k=-4,,,-4.0,reference_fold_pretrend,-0.31243253729659914,-0.3144144093258717,0.2184739096854936,-0.7607235024740394,-0.6679770048451812,0.0348668960843716,0.1063482690533356,0.06733333333333333,0.13466666666666666,0.13466666666666666,-0.0,correction_completion,PT_conditional,3,200,183,4001188232,reference_fold_convolution_rf,,,,
PRE,k=-3,,,-3.0,reference_fold_pretrend,-0.18342370203784977,-0.18892317692500163,0.1941220121757234,-0.5761269531892952,-0.5064961114937871,0.1317515575748604,0.18697004348076027,0.18466666666666667,0.36933333333333335,0.36933333333333335,-0.0,correction_completion,PT_conditional,3,200,183,4001188232,reference_fold_convolution_rf,,,,
PRE,k=-2,,,-2.0,reference_fold_pretrend,-0.270361408628952,-0.26774583988315537,0.17819441461741925,-0.6396021662996357,-0.5720742719016993,0.0,0.02803177126894099,0.09133333333333334,0.18266666666666667,0.18266666666666667,-0.0,correction_completion,PT_conditional,3,200,183,4001188232,reference_fold_convolution_rf,,,,
PRE,slope,,,,reference_fold_pretrend,0.11246474461388921,0.11458615614190641,0.0771382142045893,-0.02918813391423903,-0.011275398304760278,0.23901725886297934,0.26713668439953503,0.07466666666666667,0.14933333333333335,0.14933333333333335,0.0,correction_completion,PT_conditional,3,200,183,4001188232,reference_fold_convolution_rf,,,,
PRE_SUB,X1=0_k=-4,,,-4.0,reference_fold_pretrend,-0.22342116127497672,-0.22267809943577416,0.2248380824355654,-0.6501710509636327,-0.5831827088986077,0.1464276971018698,0.2065513543342952,0.16,0.32,0.32,-0.0,correction_completion,PT_conditional,3,200,183,4001188232,reference_fold_convolution_rf,,,,
PRE_SUB,X1=0_k=-3,,,-3.0,reference_fold_pretrend,-0.1168162360225269,-0.12360705917932745,0.2001799923555987,-0.5083041467896317,-0.43393991497018736,0.21279113552807474,0.28588901092856994,0.2753333333333333,0.5506666666666666,0.5506666666666666,-0.0,correction_completion,PT_conditional,3,200,183,4001188232,reference_fold_convolution_rf,,,,
PRE_SUB,X1=0_k=-2,,,-2.0,reference_fold_pretrend,-0.22030340128795636,-0.21575000397643934,0.17853797626403997,-0.5781262728929806,-0.5242096898126142,0.041698839918778395,0.11729382595711,0.13533333333333333,0.27066666666666667,0.27066666666666667,-0.0,correction_completion,PT_conditional,3,200,183,4001188232,reference_fold_convolution_rf,,,,
PRE_SUB,X1=1_k=-4,,,-4.0,reference_fold_pretrend,-0.36307694089510856,-0.3609853783640996,0.230804452760669,-0.8331807590387269,-0.7509955527919231,0.002289184015854052,0.07086273387748912,0.052,0.104,0.104,-0.0,correction_completion,PT_conditional,3,200,183,4001188232,reference_fold_convolution_rf,,,,
PRE_SUB,X1=1_k=-3,,,-3.0,reference_fold_pretrend,-0.2213210533913955,-0.2258398853756134,0.2074874327309547,-0.6378408952895138,-0.5741640175592474,0.1145842812809137,0.16895400748456763,0.15533333333333332,0.31066666666666665,0.31066666666666665,-0.0,correction_completion,PT_conditional,3,200,183,4001188232,reference_fold_convolution_rf,,,,
PRE_SUB,X1=1_k=-2,,,-2.0,reference_fold_pretrend,-0.29884268866779445,-0.2940287870037037,0.19393496759083917,-0.6929770980814545,-0.6390959659232285,0.0,0.02280216693041818,0.08333333333333333,0.16666666666666666,0.16666666666666666,-0.0,correction_completion,PT_conditional,3,200,183,4001188232,reference_fold_convolution_rf,,,,
PRE_SUB,X2=low_k=-4,,,-4.0,reference_fold_pretrend,-0.3386324510768812,-0.33969670306800037,0.22292141880968291,-0.7952604729548306,-0.7008858995125459,0.0192777400788304,0.09081701658144485,0.059333333333333335,0.11866666666666667,0.11866666666666667,-0.0,correction_completion,PT_conditional,3,200,183,4001188232,reference_fold_convolution_rf,,,,
PRE_SUB,X2=low_k=-3,,,-3.0,reference_fold_pretrend,-0.19984243050175454,-0.20633177472041223,0.19671646002444151,-0.5945437110217119,-0.5392923223893213,0.11869054627959146,0.18147730086021,0.16533333333333333,0.33066666666666666,0.33066666666666666,-0.0,correction_completion,PT_conditional,3,200,183,4001188232,reference_fold_convolution_rf,,,,
PRE_SUB,X2=low_k=-2,,,-2.0,reference_fold_pretrend,-0.28033941730853135,-0.278710320346351,0.1819592303469801,-0.6497350401248535,-0.592836456090787,0.0,0.025419528244795927,0.088,0.176,0.176,-0.0,correction_completion,PT_conditional,3,200,183,4001188232,reference_fold_convolution_rf,,,,
PRE_SUB,X2=high_k=-4,,,-4.0,reference_fold_pretrend,-0.2873060475169379,-0.28501071090170704,0.21710064167509188,-0.7297990190991916,-0.6340967376882054,0.05985085018745413,0.13078425694107035,0.08466666666666667,0.16933333333333334,0.16933333333333334,-0.0,correction_completion,PT_conditional,3,200,183,4001188232,reference_fold_convolution_rf,,,,
PRE_SUB,X2=high_k=-3,,,-3.0,reference_fold_pretrend,-0.16785008222509895,-0.16973693962983616,0.19398946374052906,-0.5604763347618874,-0.4909130562017346,0.14545468003733517,0.20295218289207373,0.19733333333333333,0.39466666666666667,0.39466666666666667,-0.0,correction_completion,PT_conditional,3,200,183,4001188232,reference_fold_convolution_rf,,,,
PRE_SUB,X2=high_k=-2,,,-2.0,reference_fold_pretrend,-0.2606728521348449,-0.2578571023008328,0.1762189834140275,-0.6315657286125796,-0.5651365568859933,0.0,0.033545735977640226,0.09333333333333334,0.18666666666666668,0.18666666666666668,-0.0,correction_completion,PT_conditional,3,200,183,4001188232,reference_fold_convolution_rf,,,,
PRE_SUBC,X1_k=-4,,,-4.0,reference_fold_pretrend,-0.1396557796201318,-0.09499246039094807,0.14036769614312267,-0.5411555644711464,-0.46102983216502547,-0.008792409671268424,0.012464442894185374,0.036,0.072,0.072,-0.0,correction_completion,PT_conditional,3,200,183,4001188232,reference_fold_convolution_rf,,,,
PRE_SUBC,X1_k=-3,,,-3.0,reference_fold_pretrend,-0.10450481736886859,-0.059198529786717816,0.1361966539801668,-0.4996920114027675,-0.42415801098625616,0.012979636595834485,0.025210212495329253,0.08933333333333333,0.17866666666666667,0.17866666666666667,-0.0,correction_completion,PT_conditional,3,200,183,4001188232,reference_fold_convolution_rf,,,,
PRE_SUBC,X1_k=-2,,,-2.0,reference_fold_pretrend,-0.07853928737983804,-0.03689592134143457,0.12784699097524435,-0.45954592125848187,-0.39856115125542096,0.02215232334920512,0.03345176988416835,0.19466666666666665,0.3893333333333333,0.3893333333333333,-0.0,correction_completion,PT_conditional,3,200,183,4001188232,reference_fold_convolution_rf,,,,
PRE_SUBC,X1_slope,,,,reference_fold_pretrend,0.05046544721271218,0.03185812327032832,0.05722009874721983,-0.0046089707617335725,0.0014179972283932926,0.18665871387263222,0.21577826145731804,0.043333333333333335,0.08666666666666667,0.08666666666666667,0.0,correction_completion,PT_conditional,3,200,183,4001188232,reference_fold_convolution_rf,,,,
PRE_SUBC,X2_k=-4,,,-4.0,reference_fold_pretrend,0.05132640355994336,0.05441268960770987,0.04947560236019959,-0.07101060328740498,-0.013875852878666163,0.1139378937060841,0.13117073430635842,0.07666666666666666,0.15333333333333332,0.15333333333333332,-0.0,correction_completion,PT_conditional,3,200,183,4001188232,reference_fold_convolution_rf,,,,
PRE_SUBC,X2_k=-3,,,-3.0,reference_fold_pretrend,0.03199234827665558,0.03289127849871929,0.04207406913909992,-0.044915969367715226,-0.02112424620436194,0.0871128622532846,0.10576525486088013,0.13866666666666666,0.2773333333333333,0.2773333333333333,-0.0,correction_completion,PT_conditional,3,200,183,4001188232,reference_fold_convolution_rf,,,,
PRE_SUBC,X2_k=-2,,,-2.0,reference_fold_pretrend,0.01966656517368639,0.020485713724206888,0.03561575611670442,-0.03694545434410893,-0.022365713017277418,0.06501621913871919,0.07746423461584609,0.244,0.488,0.488,-0.0,correction_completion,PT_conditional,3,200,183,4001188232,reference_fold_convolution_rf,,,,
PRE_SUBC,X2_slope,,,,reference_fold_pretrend,-0.016973605171916258,-0.017680092094599295,0.017686180357385093,-0.04650833291667112,-0.038578479503181315,0.006829941809169237,0.01992970608213288,0.09066666666666667,0.18133333333333335,0.18133333333333335,0.0,correction_completion,PT_conditional,3,200,183,4001188232,reference_fold_convolution_rf,,,,
PRE,k=-4,,,-4.0,pretrend,-0.08406064207776262,-0.08818778344878878,0.18346574985911182,-0.44398167997942134,-0.3757833235476401,0.23070507559713804,0.2884698625528568,0.31333333333333335,0.6266666666666667,0.6266666666666667,-0.0,correction_completion,PT_hold,3,200,167,3655943811,raw_structured,,,,
PRE,k=-3,,,-3.0,pretrend,-0.0947725409870789,-0.09351974244140822,0.1747929317944541,-0.43130025370358893,-0.37400148329459165,0.19858745443796422,0.25459091378425874,0.30466666666666664,0.6093333333333333,0.6093333333333333,-0.0,correction_completion,PT_hold,3,200,167,3655943811,raw_structured,,,,
PRE,k=-2,,,-2.0,pretrend,-0.09430968950988337,-0.08821785359118149,0.16930117035629205,-0.418418462293742,-0.363078388708172,0.1901673310900132,0.24698986683833796,0.32,0.64,0.64,-0.0,correction_completion,PT_hold,3,200,167,3655943811,raw_structured,,,,
PRE,slope,,,,pretrend,0.038288335551237784,0.038326057813652475,0.06958042467669505,-0.09954562488431806,-0.07755138702007829,0.1526892600444348,0.17160491920139082,0.2813333333333333,0.5626666666666666,0.5626666666666666,0.0,correction_completion,PT_hold,3,200,167,3655943811,raw_structured,,,,
PRE_SUB,X1=0_k=-4,,,-4.0,pretrend,0.1789634476975601,0.17327491193754785,0.2215174038226901,-0.25038018343152135,-0.17733373371155542,0.5641844470238131,0.6301914020767421,0.23133333333333334,0.46266666666666667,0.46266666666666667,-0.0,correction_completion,PT_hold,3,200,167,3655943811,raw_structured,,,,
PRE_SUB,X1=0_k=-3,,,-3.0,pretrend,0.16598147587687184,0.16088661425667347,0.21434844944055745,-0.24984240501510654,-0.1775446956704706,0.5146628376813775,0.5990019278471767,0.2613333333333333,0.5226666666666666,0.5226666666666666,-0.0,correction_completion,PT_hold,3,200,167,3655943811,raw_structured,,,,
PRE_SUB,X1=0_k=-2,,,-2.0,pretrend,0.1550087618306776,0.14523430223207773,0.2109231088743577,-0.22727670574493852,-0.17338239236361477,0.5086604098288565,0.5758005774400459,0.31466666666666665,0.6293333333333333,0.6293333333333333,-0.0,correction_completion,PT_hold,3,200,167,3655943811,raw_structured,,,,
PRE_SUB,X1=1_k=-4,,,-4.0,pretrend,-0.4077825987243136,-0.42707912514867075,0.25412070678560117,-0.8906818853488799,-0.8016661773949958,6.303304444034996e-07,0.09408016349852924,0.06266666666666666,0.12533333333333332,0.12533333333333332,-0.0,correction_completion,PT_hold,3,200,167,3655943811,raw_structured,,,,
PRE_SUB,X1=1_k=-3,,,-3.0,pretrend,-0.4157005617427106,-0.4315782841073031,0.2464790571045136,-0.8657931138195565,-0.7936256288738175,0.0,0.04826144893549467,0.07,0.14,0.14,-0.0,correction_completion,PT_hold,3,200,167,3655943811,raw_structured,,,,
PRE_SUB,X1=1_k=-2,,,-2.0,pretrend,-0.40116316808288144,-0.4304858594804386,0.24654897232415485,-0.8526692390946071,-0.7625962292038341,0.0,0.02778070815901341,0.10666666666666667,0.21333333333333335,0.21333333333333335,-0.0,correction_completion,PT_hold,3,200,167,3655943811,raw_structured,,,,
PRE_SUB,X2=low_k=-4,,,-4.0,pretrend,-0.2099646292382168,-0.20736686711939917,0.20065386645848196,-0.6056064612974158,-0.5375921441231168,0.11231467896538544,0.17351566157951923,0.15333333333333332,0.30666666666666664,0.30666666666666664,-0.0,correction_completion,PT_hold,3,200,167,3655943811,raw_structured,,,,
PRE_SUB,X2=low_k=-3,,,-3.0,pretrend,-0.22022086577912522,-0.2212678264336061,0.19242892730366626,-0.5941428266742114,-0.5346923459744294,0.09566953581881031,0.16779919508192917,0.14066666666666666,0.2813333333333333,0.2813333333333333,-0.0,correction_completion,PT_hold,3,200,167,3655943811,raw_structured,,,,
PRE_SUB,X2=low_k=-2,,,-2.0,pretrend,-0.2139006628024541,-0.21151611311085747,0.18870575605609805,-0.5858753925473542,-0.527035198060225,0.08178495235388729,0.14059330740677828,0.174,0.348,0.348,-0.0,correction_completion,PT_hold,3,200,167,3655943811,raw_structured,,,,
PRE_SUB,X2=high_k=-4,,,-4.0,pretrend,-0.008797767846597962,-0.013289257405535996,0.19191679050863492,-0.3741142032781423,-0.31263329324339284,0.3246205869797594,0.3765425886525721,0.472,0.944,0.944,-0.0,correction_completion,PT_hold,3,200,167,3655943811,raw_structured,,,,
PRE_SUB,X2=high_k=-3,,,-3.0,pretrend,-0.019528732053136807,-0.021334942811386544,0.18379713306838047,-0.3723179098753839,-0.3131638609485589,0.2930070006167428,0.35804519801870327,0.4613333333333333,0.9226666666666666,0.9226666666666666,-0.0,correction_completion,PT_hold,3,200,167,3655943811,raw_structured,,,,
PRE_SUB,X2=high_k=-2,,,-2.0,pretrend,-0.02284190954280118,-0.015293268534385522,0.17859013703809823,-0.3507943467627108,-0.2924522954883285,0.28323242077278976,0.35380994323881354,0.4686666666666667,0.9373333333333334,0.9373333333333334,-0.0,correction_completion,PT_hold,3,200,167,3655943811,raw_structured,,,,
PRE_SUBC,X1_k=-4,,,-4.0,pretrend,-0.5867460464218737,-0.6443425253586748,0.3006909053096469,-1.082184143857569,-0.9907137676522556,6.026224373570148e-17,2.7755575615628914e-16,0.06866666666666667,0.13733333333333334,0.13733333333333334,-0.0,correction_completion,PT_hold,3,200,167,3655943811,raw_structured,,,,
PRE_SUBC,X1_k=-3,,,-3.0,pretrend,-0.5816820376195825,-0.6402012749696953,0.2984524590346072,-1.0572205686922564,-0.9792059764494041,5.551115123125783e-17,2.987193825632043e-16,0.08066666666666666,0.16133333333333333,0.16133333333333333,-0.0,correction_completion,PT_hold,3,200,167,3655943811,raw_structured,,,,
PRE_SUBC,X1_k=-2,,,-2.0,pretrend,-0.556171929913559,-0.6303052559908926,0.3058223048051221,-1.000960857979564,-0.9491878988872995,1.4365678785432293e-17,2.759077688541107e-16,0.112,0.224,0.224,-0.0,correction_completion,PT_hold,3,200,167,3655943811,raw_structured,,,,
PRE_SUBC,X1_slope,,,,pretrend,0.24855529602988183,0.27437197498701227,0.12752669499850167,-1.224962591679051e-16,-2.3963965732422453e-17,0.41812294100714137,0.44090490905899926,0.06933333333333333,0.13866666666666666,0.13866666666666666,0.0,correction_completion,PT_hold,3,200,167,3655943811,raw_structured,,,,
PRE_SUBC,X2_k=-4,,,-4.0,pretrend,0.20116686139161888,0.1835499468006149,0.14074871686953822,-3.608224830031759e-16,-8.465450562766811e-17,0.46815733001912113,0.517782185459976,0.07533333333333334,0.15066666666666667,0.15066666666666667,-0.0,correction_completion,PT_hold,3,200,167,3655943811,raw_structured,,,,
PRE_SUBC,X2_k=-3,,,-3.0,pretrend,0.2006921337259884,0.18342760206452263,0.13943664888022056,-3.071327914216937e-16,-4.185020385794046e-17,0.46229390977589485,0.5177821854599759,0.08,0.16,0.16,-0.0,correction_completion,PT_hold,3,200,167,3655943811,raw_structured,,,,
PRE_SUBC,X2_k=-2,,,-2.0,pretrend,0.19105875325965288,0.17835755104390077,0.14002058782972326,-2.7096380694757725e-16,-5.551115123125783e-17,0.45261042584610434,0.5095517237070458,0.12666666666666668,0.25333333333333335,0.25333333333333335,-0.0,correction_completion,PT_hold,3,200,167,3655943811,raw_structured,,,,
PRE_SUBC,X2_slope,,,,pretrend,-0.0854245432061776,-0.07822402205889709,0.059562502652073426,-0.22056958402378435,-0.19646132868688862,2.1262753462686745e-17,1.1034080395409586e-16,0.07133333333333333,0.14266666666666666,0.14266666666666666,0.0,correction_completion,PT_hold,3,200,167,3655943811,raw_structured,,,,
PRE,k=-4,,,-4.0,reference_fold_pretrend,-0.15935217355663966,-0.1558591325710709,0.1797257576027996,-0.5168474208549872,-0.4524123373354606,0.1309421088087301,0.18255111685687606,0.194,0.388,0.388,-0.0,correction_completion,PT_hold,3,200,167,3655943811,reference_fold_convolution_rf,,,,
PRE,k=-3,,,-3.0,reference_fold_pretrend,-0.14613493263278146,-0.14367725089104222,0.16579497162156187,-0.4762486347797128,-0.42502289958831463,0.11706848079996728,0.16496179037517394,0.20333333333333334,0.4066666666666667,0.4066666666666667,-0.0,correction_completion,PT_hold,3,200,167,3655943811,reference_fold_convolution_rf,,,,
PRE,k=-2,,,-2.0,reference_fold_pretrend,-0.13308262353267913,-0.12152251729787067,0.15519454084808826,-0.4422639731685246,-0.4000125927859942,0.09681012765796403,0.1417662353407904,0.23,0.46,0.46,-0.0,correction_completion,PT_hold,3,200,167,3655943811,reference_fold_convolution_rf,,,,
PRE,slope,,,,reference_fold_pretrend,0.06452921496201151,0.06258053485424572,0.06620463832324074,-0.05947189432008079,-0.041287384259042374,0.17751035482428973,0.19755104782880767,0.16466666666666666,0.3293333333333333,0.3293333333333333,0.0,correction_completion,PT_hold,3,200,167,3655943811,reference_fold_convolution_rf,,,,
PRE_SUB,X1=0_k=-4,,,-4.0,reference_fold_pretrend,-0.07401934849272199,-0.07644755511456269,0.1971416260131912,-0.44696174762432306,-0.399961269129218,0.2505415760207172,0.3309657602558964,0.344,0.688,0.688,-0.0,correction_completion,PT_hold,3,200,167,3655943811,reference_fold_convolution_rf,,,,
PRE_SUB,X1=0_k=-3,,,-3.0,reference_fold_pretrend,-0.06449168414182883,-0.0729056932233145,0.18104632240315796,-0.41042406963931083,-0.35528478288688065,0.24014121298658583,0.29847534817546606,0.364,0.728,0.728,-0.0,correction_completion,PT_hold,3,200,167,3655943811,reference_fold_convolution_rf,,,,
PRE_SUB,X1=0_k=-2,,,-2.0,reference_fold_pretrend,-0.06139562046058984,-0.05013155557999302,0.1692610981625763,-0.3952544031110691,-0.34472202427176973,0.21106728870059788,0.2652645847633836,0.396,0.792,0.792,-0.0,correction_completion,PT_hold,3,200,167,3655943811,reference_fold_convolution_rf,,,,
PRE_SUB,X1=1_k=-4,,,-4.0,reference_fold_pretrend,-0.26437718901992296,-0.25294171685171607,0.22237102684199417,-0.7265690778600519,-0.6499142383352099,0.0705818629900233,0.127537076097188,0.11333333333333333,0.22666666666666666,0.22666666666666666,-0.0,correction_completion,PT_hold,3,200,167,3655943811,reference_fold_convolution_rf,,,,
PRE_SUB,X1=1_k=-3,,,-3.0,reference_fold_pretrend,-0.24661893077549243,-0.23052240171362964,0.21337162725819925,-0.7057057573342264,-0.6254030113004344,0.07430416843572853,0.12518789029542762,0.12933333333333333,0.25866666666666666,0.25866666666666666,-0.0,correction_completion,PT_hold,3,200,167,3655943811,reference_fold_convolution_rf,,,,
PRE_SUB,X1=1_k=-2,,,-2.0,reference_fold_pretrend,-0.221312781159866,-0.20160576370614858,0.20347409200980873,-0.6704489188657401,-0.5824097619402832,0.06349032975106528,0.10940203332076212,0.15933333333333333,0.31866666666666665,0.31866666666666665,-0.0,correction_completion,PT_hold,3,200,167,3655943811,reference_fold_convolution_rf,,,,
PRE_SUB,X2=low_k=-4,,,-4.0,reference_fold_pretrend,-0.16057786493688297,-0.15482747569088678,0.1811625583315102,-0.5218990296705461,-0.4576131296638952,0.12287553051055859,0.18726295713589,0.204,0.408,0.408,-0.0,correction_completion,PT_hold,3,200,167,3655943811,reference_fold_convolution_rf,,,,
PRE_SUB,X2=low_k=-3,,,-3.0,reference_fold_pretrend,-0.15567500974787987,-0.15442645477772565,0.16706803230497758,-0.4972532072852174,-0.4393212040914314,0.11236281908406054,0.1617545748834711,0.184,0.368,0.368,-0.0,correction_completion,PT_hold,3,200,167,3655943811,reference_fold_convolution_rf,,,,
PRE_SUB,X2=low_k=-2,,,-2.0,reference_fold_pretrend,-0.14128385156288198,-0.1307319903798965,0.15535140317107077,-0.4582526077770588,-0.4091997049894564,0.09304590436479217,0.14410761180963375,0.20866666666666667,0.41733333333333333,0.41733333333333333,-0.0,correction_completion,PT_hold,3,200,167,3655943811,reference_fold_convolution_rf,,,,
PRE_SUB,X2=high_k=-4,,,-4.0,reference_fold_pretrend,-0.12424445424067063,-0.12059408244056559,0.18012110172791046,-0.47547380690487506,-0.4262116983978273,0.17257394294322836,0.21793887457895286,0.24466666666666667,0.48933333333333334,0.48933333333333334,-0.0,correction_completion,PT_hold,3,200,167,3655943811,reference_fold_convolution_rf,,,,
PRE_SUB,X2=high_k=-3,,,-3.0,reference_fold_pretrend,-0.11638278790473976,-0.12185302211506589,0.165408375195524,-0.45014206227613324,-0.38849232967603015,0.15771463592286494,0.21082942922219633,0.24066666666666667,0.48133333333333334,0.48133333333333334,-0.0,correction_completion,PT_hold,3,200,167,3655943811,reference_fold_convolution_rf,,,,
PRE_SUB,X2=high_k=-2,,,-2.0,reference_fold_pretrend,-0.10816899992579802,-0.09858765571660805,0.1544042781747006,-0.42057201864067656,-0.371119219731224,0.13753802708933133,0.1868367390018599,0.27,0.54,0.54,-0.0,correction_completion,PT_hold,3,200,167,3655943811,reference_fold_convolution_rf,,,,
PRE_SUBC,X1_k=-4,,,-4.0,reference_fold_pretrend,-0.19035784052720098,-0.1428377896070357,0.2138258246617921,-0.717723556371824,-0.591134156594678,-0.00015890512065887843,0.0007773351513205434,0.046,0.092,0.092,-0.0,correction_completion,PT_hold,3,200,167,3655943811,reference_fold_convolution_rf,,,,
PRE_SUBC,X1_k=-3,,,-3.0,reference_fold_pretrend,-0.1821272466336636,-0.12054096193331212,0.2109428223548514,-0.7057425398965848,-0.5804854748920648,0.0004477750627241001,0.0017389833622169593,0.08066666666666666,0.16133333333333333,0.16133333333333333,-0.0,correction_completion,PT_hold,3,200,167,3655943811,reference_fold_convolution_rf,,,,
PRE_SUBC,X1_k=-2,,,-2.0,reference_fold_pretrend,-0.15991716069927614,-0.0053290818548543326,0.20388005302882656,-0.6548757972478724,-0.550062992590954,0.0004633786452606318,0.0012427656018336706,0.126,0.252,0.252,-0.0,correction_completion,PT_hold,3,200,167,3655943811,reference_fold_convolution_rf,,,,
PRE_SUBC,X1_slope,,,,reference_fold_pretrend,0.0782317982534433,0.053132494881291084,0.08933425479121779,-0.00039347944092415224,-4.6743186686315374e-06,0.24743335607313818,0.29666274417846045,0.05333333333333334,0.10666666666666667,0.10666666666666667,0.0,correction_completion,PT_hold,3,200,167,3655943811,reference_fold_convolution_rf,,,,
PRE_SUBC,X2_k=-4,,,-4.0,reference_fold_pretrend,0.03633341069621234,0.013000352188558828,0.06967646168741012,-0.03953840183669067,-0.03212151364799939,0.17809270238914995,0.21202678155142562,0.4246666666666667,0.8493333333333334,0.8493333333333334,-0.0,correction_completion,PT_hold,3,200,167,3655943811,reference_fold_convolution_rf,,,,
PRE_SUBC,X2_k=-3,,,-3.0,reference_fold_pretrend,0.0392922218431401,0.015147797908058563,0.06741851909034793,-0.030706970302888152,-0.02509671784931815,0.17711893724658728,0.20987884543022928,0.4086666666666667,0.8173333333333334,0.8173333333333334,-0.0,correction_completion,PT_hold,3,200,167,3655943811,reference_fold_convolution_rf,,,,
PRE_SUBC,X2_k=-2,,,-2.0,reference_fold_pretrend,0.03311485163708395,0.003804483416610837,0.06264629994322687,-0.027657805968440963,-0.022954475509007928,0.1700913607804679,0.19742064478331325,0.4613333333333333,0.9226666666666666,0.9226666666666666,-0.0,correction_completion,PT_hold,3,200,167,3655943811,reference_fold_convolution_rf,,,,
PRE_SUBC,X2_slope,,,,reference_fold_pretrend,-0.015764251958000082,-0.006201768670787899,0.028350014324922866,-0.08748516731208318,-0.07455861754053225,0.011252372654471777,0.014146717240964028,0.4093333333333333,0.8186666666666667,0.8186666666666667,0.0,correction_completion,PT_hold,3,200,167,3655943811,reference_fold_convolution_rf,,,,
PRE,k=-4,,,-4.0,pretrend,-0.6433886962873362,-0.6453339667289342,0.22664996322980324,-1.078093754200921,-1.0130591517976928,-0.2863108819022939,-0.21164883856265873,0.0013333333333333333,0.0026666666666666666,0.0026666666666666666,-0.6260159189253536,correction_completion,PT_violation_a20,3,200,151,2058447730,raw_structured,,,,
PRE,k=-3,,,-3.0,pretrend,-0.3340341688878914,-0.33842038361098903,0.21517086623672171,-0.7687238291850448,-0.6807806525615852,0.0,0.030348945549187004,0.1,0.2,0.2,-0.4173439459502357,correction_completion,PT_violation_a20,3,200,151,2058447730,raw_structured,,,,
PRE,k=-2,,,-2.0,pretrend,-0.154675948464372,-0.10970056731781044,0.1953327705669526,-0.5762519093002383,-0.5147077159985695,0.0671365003121477,0.12417806088439924,0.39666666666666667,0.7933333333333333,0.7933333333333333,-0.20867197297511786,correction_completion,PT_violation_a20,3,200,151,2058447730,raw_structured,,,,
PRE,slope,,,,pretrend,0.19663645536444022,0.19343941174144763,0.07832832790664503,0.052324507335442715,0.07405490210009744,0.32673122586371794,0.3551545350024467,0.005333333333333333,0.010666666666666666,0.010666666666666666,0.20867197297511786,correction_completion,PT_violation_a20,3,200,151,2058447730,raw_structured,,,,
PRE_SUB,X1=0_k=-4,,,-4.0,pretrend,-0.649237801712943,-0.6475220392194083,0.22841273391596378,-1.083501405459052,-1.0246571345094493,-0.2863108819022941,-0.21818907443024665,0.0013333333333333333,0.0026666666666666666,0.0026666666666666666,-0.7015016037092203,correction_completion,PT_violation_a20,3,200,151,2058447730,raw_structured,,,,
PRE_SUB,X1=0_k=-3,,,-3.0,pretrend,-0.33771284921564826,-0.3410890217110816,0.21741108272910767,-0.775411608099943,-0.6889814777507403,0.0,0.027286725804479807,0.10066666666666667,0.20133333333333334,0.20133333333333334,-0.46766773580614684,correction_completion,PT_violation_a20,3,200,151,2058447730,raw_structured,,,,
PRE_SUB,X1=0_k=-2,,,-2.0,pretrend,-0.15582960602980517,-0.1109295728657359,0.19625831236926197,-0.5799163709376605,-0.5241176878502828,0.06562430125020302,0.11657717774469804,0.3953333333333333,0.7906666666666666,0.7906666666666666,-0.23383386790307342,correction_completion,PT_violation_a20,3,200,151,2058447730,raw_structured,,,,
PRE_SUB,X1=1_k=-4,,,-4.0,pretrend,-0.6387709814776465,-0.6385577537045896,0.2296331306642283,-1.0766114944290486,-1.0122741670514892,-0.2712336522510266,-0.19484017056452255,0.002,0.004,0.004,-0.5692957108992068,correction_completion,PT_violation_a20,3,200,151,2058447730,raw_structured,,,,
PRE_SUB,X1=1_k=-3,,,-3.0,pretrend,-0.33112994757650427,-0.3366090024047992,0.21629813501126308,-0.7648788828134556,-0.6829611340628472,0.0,0.034350379144585275,0.104,0.208,0.208,-0.37953047393280454,correction_completion,PT_violation_a20,3,200,151,2058447730,raw_structured,,,,
PRE_SUB,X1=1_k=-2,,,-2.0,pretrend,-0.15376516617587208,-0.1089576151912333,0.19584968910150843,-0.5799163709376607,-0.5164843368543662,0.06713650031214782,0.1281807543450141,0.3993333333333333,0.7986666666666666,0.7986666666666666,-0.18976523696640227,correction_completion,PT_violation_a20,3,200,151,2058447730,raw_structured,,,,
PRE_SUB,X2=low_k=-4,,,-4.0,pretrend,-0.6459808141820998,-0.6450953907240315,0.2305562811734987,-1.086867439469025,-1.0241973802877946,-0.2782532969828067,-0.2024791246523198,0.0013333333333333333,0.0026666666666666666,0.0026666666666666666,-0.589950471843522,correction_completion,PT_violation_a20,3,200,151,2058447730,raw_structured,,,,
PRE_SUB,X2=low_k=-3,,,-3.0,pretrend,-0.33719946121112193,-0.33909439977062283,0.21942244731202415,-0.7795322041395821,-0.6909699398885434,0.0,0.033995470321172866,0.10333333333333333,0.20666666666666667,0.20666666666666667,-0.39330031456234804,correction_completion,PT_violation_a20,3,200,151,2058447730,raw_structured,,,,
PRE_SUB,X2=low_k=-2,,,-2.0,pretrend,-0.15543487462010996,-0.10895761519123331,0.1980436694432637,-0.582497617440865,-0.5241877719045056,0.06766006718692419,0.12818075434501425,0.4046666666666667,0.8093333333333333,0.8093333333333333,-0.19665015728117402,correction_completion,PT_violation_a20,3,200,151,2058447730,raw_structured,,,,
PRE_SUB,X2=high_k=-4,,,-4.0,pretrend,-0.6461689979837015,-0.6461121010820188,0.22984435171884351,-1.08169108679278,-1.0208016116672691,-0.283795623522128,-0.20672084549421854,0.0013333333333333333,0.0026666666666666666,0.0026666666666666666,-0.772012277644475,correction_completion,PT_violation_a20,3,200,151,2058447730,raw_structured,,,,
PRE_SUB,X2=high_k=-3,,,-3.0,pretrend,-0.33515840345915754,-0.3372909587029689,0.21760924000781243,-0.774119313655849,-0.6827184610529344,0.0,0.033380338370546804,0.102,0.204,0.204,-0.5146748517629833,correction_completion,PT_violation_a20,3,200,151,2058447730,raw_structured,,,,
PRE_SUB,X2=high_k=-2,,,-2.0,pretrend,-0.1563496094678218,-0.11681116186156036,0.19746159705332725,-0.5799163709376608,-0.5182595240345652,0.0671365003121479,0.12742259223384517,0.3993333333333333,0.7986666666666666,0.7986666666666666,-0.25733742588149167,correction_completion,PT_violation_a20,3,200,151,2058447730,raw_structured,,,,
PRE_SUBC,X1_k=-4,,,-4.0,pretrend,0.010466820235296471,1.1102230246251565e-16,0.06723674828253799,-0.008197945957262361,-1.9456658506555867e-15,0.0649215904572309,0.1847345826392506,0.4726666666666667,0.9453333333333334,0.9453333333333334,0.13220589281001346,correction_completion,PT_violation_a20,3,200,151,2058447730,raw_structured,,,,
PRE_SUBC,X1_k=-3,,,-3.0,pretrend,0.006582901639143988,0.0,0.05325976889928928,-0.0002854433838335958,-1.1102230246251565e-15,0.03829318747099661,0.08785994581141929,0.512,1.0,1.0,0.08813726187334231,correction_completion,PT_violation_a20,3,200,151,2058447730,raw_structured,,,,
PRE_SUBC,X1_k=-2,,,-2.0,pretrend,0.0020644398539330865,0.0,0.0332702180247591,-1.041527974976475e-15,-6.945832797811135e-16,0.0038416813489368417,0.0441868158849043,0.6433333333333333,1.0,1.0,0.044068630936671155,correction_completion,PT_violation_a20,3,200,151,2058447730,raw_structured,,,,
PRE_SUBC,X1_slope,,,,pretrend,-0.003330764559865034,-2.3790493384824782e-17,0.022302400691042754,-0.05908365095527849,-0.02367913959555864,5.354843552700976e-16,0.0027008344380559557,0.448,0.896,0.896,-0.044068630936671155,correction_completion,PT_violation_a20,3,200,151,2058447730,raw_structured,,,,
PRE_SUBC,X2_k=-4,,,-4.0,pretrend,-0.00018818380160165186,0.0,0.07634286140585377,-0.044521972541287876,-0.0032979165220622924,0.02481675070663514,0.10152700381005327,0.556,1.0,1.0,-0.18206180580095294,correction_completion,PT_violation_a20,3,200,151,2058447730,raw_structured,,,,
PRE_SUBC,X2_k=-3,,,-3.0,pretrend,0.0020410577519643204,0.0,0.06929286230420108,-0.013869829204326974,-1.1102230246251565e-15,0.016113399456632378,0.10152700381005325,0.556,1.0,1.0,-0.12137453720063529,correction_completion,PT_violation_a20,3,200,151,2058447730,raw_structured,,,,
PRE_SUBC,X2_k=-2,,,-2.0,pretrend,-0.0009147348477118461,0.0,0.055972332686229066,-1.3773704399255846e-15,-6.106226635438361e-16,8.881784197001252e-16,0.0491740562544882,0.6693333333333333,1.0,1.0,-0.060687268600317645,correction_completion,PT_violation_a20,3,200,151,2058447730,raw_structured,,,,
PRE_SUBC,X2_slope,,,,pretrend,-0.00018591637510084524,0.0,0.028474932097622436,-0.04351157306145147,-0.008288979390435425,0.0008589700695302212,0.016582390564533887,0.5066666666666667,1.0,1.0,0.060687268600317645,correction_completion,PT_violation_a20,3,200,151,2058447730,raw_structured,,,,
PRE,k=-4,,,-4.0,reference_fold_pretrend,-0.6590134594413617,-0.6584538843347127,0.2030402835308383,-1.0703612378303968,-1.0015083472987851,-0.33495439358398293,-0.276909203054346,0.0,0.0,0.0,-0.6260159189253536,correction_completion,PT_violation_a20,3,200,151,2058447730,reference_fold_convolution_rf,,,,
PRE,k=-3,,,-3.0,reference_fold_pretrend,-0.4108207296918731,-0.4027659427778093,0.18976351004818698,-0.7839076159913853,-0.7332518529436912,-0.11045100705223822,-0.04517093233081501,0.016666666666666666,0.03333333333333333,0.03333333333333333,-0.4173439459502357,correction_completion,PT_violation_a20,3,200,151,2058447730,reference_fold_convolution_rf,,,,
PRE,k=-2,,,-2.0,reference_fold_pretrend,-0.21323819539247219,-0.20069427631774572,0.1689014259368236,-0.5747953985855501,-0.5012598215378337,0.027801664425818197,0.06462928844429427,0.13266666666666665,0.2653333333333333,0.2653333333333333,-0.20867197297511786,correction_completion,PT_violation_a20,3,200,151,2058447730,reference_fold_convolution_rf,,,,
PRE,slope,,,,reference_fold_pretrend,0.21513714522145025,0.21462972397265126,0.07096147728071717,0.08283450713069948,0.10066599332455238,0.3371892030308951,0.35777850798939576,0.0,0.0,0.0,0.20867197297511786,correction_completion,PT_violation_a20,3,200,151,2058447730,reference_fold_convolution_rf,,,,
PRE_SUB,X1=0_k=-4,,,-4.0,reference_fold_pretrend,-0.6571199571998958,-0.6539995317387977,0.20467449722657835,-1.0689990867694565,-1.0011898137700062,-0.33383355578033896,-0.2655300333060474,0.0,0.0,0.0,-0.7015016037092203,correction_completion,PT_violation_a20,3,200,151,2058447730,reference_fold_convolution_rf,,,,
PRE_SUB,X1=0_k=-3,,,-3.0,reference_fold_pretrend,-0.4108141160697766,-0.4040176877843859,0.19068331664034927,-0.7815875595634659,-0.7364294422483271,-0.10099687201890543,-0.03651074019414477,0.018,0.036,0.036,-0.46766773580614684,correction_completion,PT_violation_a20,3,200,151,2058447730,reference_fold_convolution_rf,,,,
PRE_SUB,X1=0_k=-2,,,-2.0,reference_fold_pretrend,-0.2136679830734337,-0.2040034738408531,0.17010328241144487,-0.5719411355710691,-0.5044179032596344,0.03010190886743692,0.06826259332335012,0.13666666666666666,0.2733333333333333,0.2733333333333333,-0.23383386790307342,correction_completion,PT_violation_a20,3,200,151,2058447730,reference_fold_convolution_rf,,,,
PRE_SUB,X1=1_k=-4,,,-4.0,reference_fold_pretrend,-0.6605083296319925,-0.660021275129165,0.2048971779507099,-1.0787165534294356,-1.0035946975227712,-0.33384541267402223,-0.26987477511785496,0.0,0.0,0.0,-0.5692957108992068,correction_completion,PT_violation_a20,3,200,151,2058447730,reference_fold_convolution_rf,,,,
PRE_SUB,X1=1_k=-3,,,-3.0,reference_fold_pretrend,-0.4108259509724756,-0.40219773890388333,0.19171140832351255,-0.7899053468566958,-0.734203511653027,-0.10738918691410435,-0.04907400163464836,0.015333333333333332,0.030666666666666665,0.030666666666666665,-0.37953047393280454,correction_completion,PT_violation_a20,3,200,151,2058447730,reference_fold_convolution_rf,,,,
PRE_SUB,X1=1_k=-2,,,-2.0,reference_fold_pretrend,-0.21289888932855516,-0.20146139161045118,0.1699279591424462,-0.5707219965326951,-0.5067415450821624,0.02190971456749513,0.06624119958857423,0.13333333333333333,0.26666666666666666,0.26666666666666666,-0.18976523696640227,correction_completion,PT_violation_a20,3,200,151,2058447730,reference_fold_convolution_rf,,,,
PRE_SUB,X2=low_k=-4,,,-4.0,reference_fold_pretrend,-0.6610544242244609,-0.6570667029736127,0.20455457425733048,-1.07710458218112,-1.0033628455640802,-0.3389983963327307,-0.27989938557364186,0.0006666666666666666,0.0013333333333333333,0.0013333333333333333,-0.589950471843522,correction_completion,PT_violation_a20,3,200,151,2058447730,reference_fold_convolution_rf,,,,
PRE_SUB,X2=low_k=-3,,,-3.0,reference_fold_pretrend,-0.4165966128678795,-0.40945298307518396,0.19107724483214447,-0.7873269658530958,-0.742070058333741,-0.1068161989393756,-0.04808308966479856,0.017333333333333333,0.034666666666666665,0.034666666666666665,-0.39330031456234804,correction_completion,PT_violation_a20,3,200,151,2058447730,reference_fold_convolution_rf,,,,
PRE_SUB,X2=low_k=-2,,,-2.0,reference_fold_pretrend,-0.21856518522939525,-0.2088075796958779,0.17055557121051013,-0.5792361161044756,-0.5109992930765149,0.0218239012387328,0.06109456800529779,0.13066666666666665,0.2613333333333333,0.2613333333333333,-0.19665015728117402,correction_completion,PT_violation_a20,3,200,151,2058447730,reference_fold_convolution_rf,,,,
PRE_SUB,X2=high_k=-4,,,-4.0,reference_fold_pretrend,-0.6594065155505815,-0.6619847766332558,0.2064039145265378,-1.0810722195605487,-1.010421750645965,-0.33668236215616587,-0.26278339917744586,0.0,0.0,0.0,-0.772012277644475,correction_completion,PT_violation_a20,3,200,151,2058447730,reference_fold_convolution_rf,,,,
PRE_SUB,X2=high_k=-3,,,-3.0,reference_fold_pretrend,-0.40698904115946544,-0.40032573130607363,0.19242147843150936,-0.7962720463434787,-0.733259649997048,-0.10704514203562523,-0.03924373804313206,0.017333333333333333,0.034666666666666665,0.034666666666666665,-0.5146748517629833,correction_completion,PT_violation_a20,3,200,151,2058447730,reference_fold_convolution_rf,,,,
PRE_SUB,X2=high_k=-2,,,-2.0,reference_fold_pretrend,-0.2087858027055986,-0.19583036728108794,0.17017217450105454,-0.5660030112394986,-0.49895892045366746,0.031752706731634335,0.0734715270806516,0.13533333333333333,0.27066666666666667,0.27066666666666667,-0.25733742588149167,correction_completion,PT_violation_a20,3,200,151,2058447730,reference_fold_convolution_rf,,,,
PRE_SUBC,X1_k=-4,,,-4.0,reference_fold_pretrend,-0.00338837243209681,-0.002825326762035535,0.05393798909472227,-0.13666343628546862,-0.06172241692099176,0.04806558751452145,0.11643033497419854,0.432,0.864,0.864,0.13220589281001346,correction_completion,PT_violation_a20,3,200,151,2058447730,reference_fold_convolution_rf,,,,
PRE_SUBC,X1_k=-3,,,-3.0,reference_fold_pretrend,-1.1834902698986423e-05,0.0011497352078777556,0.04806772069864547,-0.122222195367837,-0.033908438699627376,0.03833354033785667,0.08757567693660527,0.4693333333333333,0.9386666666666666,0.9386666666666666,0.08813726187334231,correction_completion,PT_violation_a20,3,200,151,2058447730,reference_fold_convolution_rf,,,,
PRE_SUBC,X1_k=-2,,,-2.0,reference_fold_pretrend,0.0007690937448785351,0.0026394446346976186,0.03895491424715681,-0.08634974493010084,-0.02044836796142488,0.026249052361119678,0.042792713120950496,0.43466666666666665,0.8693333333333333,0.8693333333333333,0.044068630936671155,correction_completion,PT_violation_a20,3,200,151,2058447730,reference_fold_convolution_rf,,,,
PRE_SUBC,X1_slope,,,,reference_fold_pretrend,0.0006728352397721333,0.0003239983337083645,0.020025581512762927,-0.03974657668966262,-0.017941690330941798,0.019686259889761512,0.052182028460657746,0.47533333333333333,0.9506666666666667,0.9506666666666667,-0.044068630936671155,correction_completion,PT_violation_a20,3,200,151,2058447730,reference_fold_convolution_rf,,,,
PRE_SUBC,X2_k=-4,,,-4.0,reference_fold_pretrend,0.0016479086738793974,-0.004277779868451154,0.056107379761333905,-0.06499321385778624,-0.05273881414692668,0.0836425459141443,0.13898957283279292,0.45,0.9,0.9,-0.18206180580095294,correction_completion,PT_violation_a20,3,200,151,2058447730,reference_fold_convolution_rf,,,,
PRE_SUBC,X2_k=-3,,,-3.0,reference_fold_pretrend,0.009607571708414147,0.0030982293958845275,0.05006399326460159,-0.04886100085501154,-0.03998338357501806,0.07922355793474553,0.13504894610335172,0.45066666666666666,0.9013333333333333,0.9013333333333333,-0.12137453720063529,correction_completion,PT_violation_a20,3,200,151,2058447730,reference_fold_convolution_rf,,,,
PRE_SUBC,X2_k=-2,,,-2.0,reference_fold_pretrend,0.009779382523796705,0.005699145691714286,0.03875570925690041,-0.0353600942199932,-0.02994985852226357,0.0540634346465143,0.09269271104252033,0.416,0.832,0.832,-0.060687268600317645,correction_completion,PT_violation_a20,3,200,151,2058447730,reference_fold_convolution_rf,,,,
PRE_SUBC,X2_slope,,,,reference_fold_pretrend,-0.002424160854447371,0.00011510597798207258,0.020369503308892565,-0.05421399377421197,-0.03360728239847763,0.017377762300479566,0.022051559635093407,0.49266666666666664,0.9853333333333333,0.9853333333333333,0.060687268600317645,correction_completion,PT_violation_a20,3,200,151,2058447730,reference_fold_convolution_rf,,,,
PRE,k=-4,,,-4.0,pretrend,-0.096806931838965,-0.0720606175759462,0.16843296923462225,-0.4708944579561804,-0.4076060468629314,0.15394342627995047,0.20021959118379437,0.35333333333333333,0.7066666666666667,0.7066666666666667,-0.14999999999999997,correction_completion,PT_violation_g05,3,200,135,3089485251,raw_structured,,,,
PRE,k=-3,,,-3.0,pretrend,-0.025317197046706204,0.0,0.14104880880753481,-0.3371022077300302,-0.2735844266510203,0.20998451902833476,0.26299479687884114,0.564,1.0,1.0,-0.09999999999999998,correction_completion,PT_violation_g05,3,200,135,3089485251,raw_structured,,,,
PRE,k=-2,,,-2.0,pretrend,-0.03235553568165396,0.0,0.12022514040202643,-0.34085340484629106,-0.27105270354098593,0.14313559843681037,0.1998055646875582,0.674,1.0,1.0,-0.04999999999999999,correction_completion,PT_violation_g05,3,200,135,3089485251,raw_structured,,,,
PRE,slope,,,,pretrend,0.026672194663711526,0.01924384308622045,0.05648671469389596,-0.08202350614975616,-0.06053149130160394,0.13190037932190862,0.1524850063710011,0.37733333333333335,0.7546666666666667,0.7546666666666667,0.04999999999999999,correction_completion,PT_violation_g05,3,200,135,3089485251,raw_structured,,,,
PRE_SUB,X1=0_k=-4,,,-4.0,pretrend,-0.09648935338980312,-0.07374606877230463,0.16999811991951033,-0.4708944579561795,-0.4124488889547828,0.1545336743964593,0.2024070775252721,0.35533333333333333,0.7106666666666667,0.7106666666666667,-0.15000000000000002,correction_completion,PT_violation_g05,3,200,135,3089485251,raw_structured,,,,
PRE_SUB,X1=0_k=-3,,,-3.0,pretrend,-0.024766371815080523,0.0,0.14104020127683503,-0.3371022077300307,-0.27358442665102056,0.2145567730945193,0.26241578721963055,0.5633333333333334,1.0,1.0,-0.1,correction_completion,PT_violation_g05,3,200,135,3089485251,raw_structured,,,,
PRE_SUB,X1=0_k=-2,,,-2.0,pretrend,-0.032356886094375155,0.0,0.12062629505832756,-0.3410197794659866,-0.27157195619916,0.14313559843680995,0.19980556468755803,0.674,1.0,1.0,-0.05,correction_completion,PT_violation_g05,3,200,135,3089485251,raw_structured,,,,
PRE_SUB,X1=1_k=-4,,,-4.0,pretrend,-0.097008568949544,-0.07292648169883179,0.16919492792473087,-0.4712686368453193,-0.4124488889547838,0.1539434262799502,0.20083470685003033,0.356,0.712,0.712,-0.1499999999999999,correction_completion,PT_violation_g05,3,200,135,3089485251,raw_structured,,,,
PRE_SUB,X1=1_k=-3,,,-3.0,pretrend,-0.025666927352500295,0.0,0.1421422898837273,-0.33885788505560743,-0.2782493737405936,0.21817452240493257,0.26621188347483604,0.566,1.0,1.0,-0.09999999999999995,correction_completion,PT_violation_g05,3,200,135,3089485251,raw_structured,,,,
PRE_SUB,X1=1_k=-2,,,-2.0,pretrend,-0.032354678276751626,0.0,0.12080388671924097,-0.3410197794659866,-0.2715719561991599,0.14354892107828107,0.20050676551017985,0.6753333333333333,1.0,1.0,-0.049999999999999975,correction_completion,PT_violation_g05,3,200,135,3089485251,raw_structured,,,,
PRE_SUB,X2=low_k=-4,,,-4.0,pretrend,-0.09806807936669303,-0.07374606877230463,0.17073421265328625,-0.4771262892288915,-0.41462711530677615,0.1545336743964591,0.20052538626892352,0.3526666666666667,0.7053333333333334,0.7053333333333334,-0.15000000000000002,correction_completion,PT_violation_g05,3,200,135,3089485251,raw_structured,,,,
PRE_SUB,X2=low_k=-3,,,-3.0,pretrend,-0.02519740152201829,0.0,0.1418401794126505,-0.3371022077300305,-0.27792659928606994,0.21455677309451965,0.2629947968788409,0.5633333333333334,1.0,1.0,-0.1,correction_completion,PT_violation_g05,3,200,135,3089485251,raw_structured,,,,
PRE_SUB,X2=low_k=-2,,,-2.0,pretrend,-0.03198261127257722,0.0,0.1209475773343068,-0.34013654729677123,-0.27064483549232266,0.14459408014697306,0.20060484225032502,0.6746666666666666,1.0,1.0,-0.05,correction_completion,PT_violation_g05,3,200,135,3089485251,raw_structured,,,,
PRE_SUB,X2=high_k=-4,,,-4.0,pretrend,-0.09652197868004733,-0.07332468783080479,0.1687623477008947,-0.4708944579561799,-0.40672722461313787,0.15724871325070328,0.2005253862689234,0.35333333333333333,0.7066666666666667,0.7066666666666667,-0.15000000000000002,correction_completion,PT_violation_g05,3,200,135,3089485251,raw_structured,,,,
PRE_SUB,X2=high_k=-3,,,-3.0,pretrend,-0.02563813342135012,0.0,0.14152779585635705,-0.3371022077300307,-0.27826205162395184,0.20998451902833448,0.26299479687884136,0.5633333333333334,1.0,1.0,-0.10000000000000002,correction_completion,PT_violation_g05,3,200,135,3089485251,raw_structured,,,,
PRE_SUB,X2=high_k=-2,,,-2.0,pretrend,-0.03283137620606879,0.0,0.12049993081108501,-0.34085340484629106,-0.27105270354098543,0.14005072980986075,0.1998055646875581,0.674,1.0,1.0,-0.05000000000000001,correction_completion,PT_violation_g05,3,200,135,3089485251,raw_structured,,,,
PRE_SUBC,X1_k=-4,,,-4.0,pretrend,-0.0005192155597409032,0.0,0.039095409115891905,-0.019793647620486896,-1.1671219546371957e-15,0.006709351304789333,0.025349130619892475,0.556,1.0,1.0,8.326672684688674e-17,correction_completion,PT_violation_g05,3,200,135,3089485251,raw_structured,,,,
PRE_SUBC,X1_k=-3,,,-3.0,pretrend,-0.0009005555374197712,0.0,0.02816762933446862,-3.2721886370504826e-05,-7.771561172376096e-16,8.895661984809054e-16,0.011301047275914713,0.6393333333333333,1.0,1.0,5.551115123125783e-17,correction_completion,PT_violation_g05,3,200,135,3089485251,raw_structured,,,,
PRE_SUBC,X1_k=-2,,,-2.0,pretrend,2.207817623534984e-06,0.0,0.022741209714373187,-7.771561172376096e-16,-4.510281037539698e-16,5.554584570077733e-16,9.860168237452134e-16,0.7453333333333333,1.0,1.0,2.7755575615628914e-17,correction_completion,PT_violation_g05,3,200,135,3089485251,raw_structured,,,,
PRE_SUBC,X1_slope,,,,pretrend,0.00023975356688847978,0.0,0.012497716261207893,-0.007550031557109836,-0.002211286722386648,4.2012524411763985e-16,0.004777809400070594,0.552,1.0,1.0,-2.7755575615628914e-17,correction_completion,PT_violation_g05,3,200,135,3089485251,raw_structured,,,,
PRE_SUBC,X2_k=-4,,,-4.0,pretrend,0.001546100686645695,0.0,0.040200790866203054,-0.013694095420767344,-8.90953977261688e-16,0.008873390422806528,0.049390987321093816,0.5706666666666667,1.0,1.0,-2.0816681711721685e-17,correction_completion,PT_violation_g05,3,200,135,3089485251,raw_structured,,,,
PRE_SUBC,X2_k=-3,,,-3.0,pretrend,-0.00044073189933182513,0.0,0.0294702306516026,-0.00013260953136840813,-5.828670879282072e-16,7.150530167976396e-16,0.014021728723826819,0.644,1.0,1.0,-1.3877787807814457e-17,correction_completion,PT_violation_g05,3,200,135,3089485251,raw_structured,,,,
PRE_SUBC,X2_k=-2,,,-2.0,pretrend,-0.0008487649334915758,0.0,0.021169787612887108,-6.38378239159465e-16,-4.163336342344337e-16,3.887515309664023e-16,6.297479898664754e-16,0.7626666666666667,1.0,1.0,-6.938893903907228e-18,correction_completion,PT_violation_g05,3,200,135,3089485251,raw_structured,,,,
PRE_SUBC,X2_slope,,,,pretrend,-0.00020771952341298972,0.0,0.012954517333944206,-0.017029350912680388,-0.00307663815802181,2.7388805509279504e-16,0.004612259604030971,0.564,1.0,1.0,6.938893903907228e-18,correction_completion,PT_violation_g05,3,200,135,3089485251,raw_structured,,,,
PRE,k=-4,,,-4.0,reference_fold_pretrend,-0.15322860547314163,-0.14415194621190047,0.16375044294166044,-0.4901425558133666,-0.43176809868072263,0.09687327394681684,0.14138757840692348,0.172,0.344,0.344,-0.14999999999999997,correction_completion,PT_violation_g05,3,200,135,3089485251,reference_fold_convolution_rf,,,,
PRE,k=-3,,,-3.0,reference_fold_pretrend,-0.08901612915967926,-0.08607736249457312,0.1501815875385808,-0.3951579504396239,-0.34589177889683576,0.14360485320687433,0.19335627453289958,0.294,0.588,0.588,-0.09999999999999998,correction_completion,PT_violation_g05,3,200,135,3089485251,reference_fold_convolution_rf,,,,
PRE,k=-2,,,-2.0,reference_fold_pretrend,-0.07479570136999134,-0.05500713700140408,0.13069157334135487,-0.3665089188832662,-0.3161728072130877,0.11777065369456743,0.1537622398817882,0.36533333333333334,0.7306666666666667,0.7306666666666667,-0.04999999999999999,correction_completion,PT_violation_g05,3,200,135,3089485251,reference_fold_convolution_rf,,,,
PRE,slope,,,,reference_fold_pretrend,0.05089384115062677,0.04670194819750645,0.059195445870698755,-0.054549859897283566,-0.038254533242028405,0.1527373863597355,0.17400482224624053,0.19666666666666666,0.3933333333333333,0.3933333333333333,0.04999999999999999,correction_completion,PT_violation_g05,3,200,135,3089485251,reference_fold_convolution_rf,,,,
PRE_SUB,X1=0_k=-4,,,-4.0,reference_fold_pretrend,-0.1473622459862177,-0.1396605281330388,0.16595480408645405,-0.4913697313414887,-0.43181044162155474,0.11021922139549063,0.1584391112957336,0.18866666666666668,0.37733333333333335,0.37733333333333335,-0.15000000000000002,correction_completion,PT_violation_g05,3,200,135,3089485251,reference_fold_convolution_rf,,,,
PRE_SUB,X1=0_k=-3,,,-3.0,reference_fold_pretrend,-0.08331098489807354,-0.07921431578524182,0.15207703464947944,-0.39571224369799046,-0.3419936502236212,0.15727905924668742,0.211515007918273,0.30866666666666664,0.6173333333333333,0.6173333333333333,-0.1,correction_completion,PT_violation_g05,3,200,135,3089485251,reference_fold_convolution_rf,,,,
PRE_SUB,X1=0_k=-2,,,-2.0,reference_fold_pretrend,-0.06963256412984407,-0.048948801127200466,0.13317879686999726,-0.365932444229157,-0.30507335428882265,0.13426613862232017,0.17558957894277985,0.38133333333333336,0.7626666666666667,0.7626666666666667,-0.05,correction_completion,PT_violation_g05,3,200,135,3089485251,reference_fold_convolution_rf,,,,
PRE_SUB,X1=1_k=-4,,,-4.0,reference_fold_pretrend,-0.15695327816325205,-0.14634950079100878,0.16582888862073886,-0.49309912768884023,-0.4338767288903959,0.10166335541332998,0.1392599011147747,0.166,0.332,0.332,-0.1499999999999999,correction_completion,PT_violation_g05,3,200,135,3089485251,reference_fold_convolution_rf,,,,
PRE_SUB,X1=1_k=-3,,,-3.0,reference_fold_pretrend,-0.09263844297657177,-0.08783349091263687,0.15232313233773292,-0.41209834223267217,-0.34902033709634145,0.14129865804135622,0.18815570850838104,0.292,0.584,0.584,-0.09999999999999995,correction_completion,PT_violation_g05,3,200,135,3089485251,reference_fold_convolution_rf,,,,
PRE_SUB,X1=1_k=-2,,,-2.0,reference_fold_pretrend,-0.07807388374468802,-0.05703187098227666,0.13224827835872935,-0.3762517872152622,-0.3192273459724837,0.11581077416999856,0.15280644711057073,0.3586666666666667,0.7173333333333334,0.7173333333333334,-0.049999999999999975,correction_completion,PT_violation_g05,3,200,135,3089485251,reference_fold_convolution_rf,,,,
PRE_SUB,X2=low_k=-4,,,-4.0,reference_fold_pretrend,-0.1635404735754406,-0.1573516775858459,0.16949752698394718,-0.5173362011167971,-0.4525700796054137,0.10274936406606322,0.14304788028697096,0.15866666666666668,0.31733333333333336,0.31733333333333336,-0.15000000000000002,correction_completion,PT_violation_g05,3,200,135,3089485251,reference_fold_convolution_rf,,,,
PRE_SUB,X2=low_k=-3,,,-3.0,reference_fold_pretrend,-0.0979707638546624,-0.08850404973538238,0.15374960341520616,-0.41534978505100145,-0.3637051294547846,0.14328844885251174,0.18521233132556428,0.2826666666666667,0.5653333333333334,0.5653333333333334,-0.1,correction_completion,PT_violation_g05,3,200,135,3089485251,reference_fold_convolution_rf,,,,
PRE_SUB,X2=low_k=-2,,,-2.0,reference_fold_pretrend,-0.0658201121100652,-0.04559351993041502,0.12979266354120234,-0.34615418283661087,-0.29421325613359256,0.13475158265794973,0.18426049272181075,0.374,0.748,0.748,-0.05,correction_completion,PT_violation_g05,3,200,135,3089485251,reference_fold_convolution_rf,,,,
PRE_SUB,X2=high_k=-4,,,-4.0,reference_fold_pretrend,-0.1427069440986429,-0.12649893724958566,0.17282087082583217,-0.52450705641165,-0.43908794472104856,0.11671649817053033,0.16319109018850556,0.20733333333333334,0.4146666666666667,0.4146666666666667,-0.15000000000000002,correction_completion,PT_violation_g05,3,200,135,3089485251,reference_fold_convolution_rf,,,,
PRE_SUB,X2=high_k=-3,,,-3.0,reference_fold_pretrend,-0.07973233218325586,-0.07536960732448053,0.15905898697057752,-0.4097415063212621,-0.3596090783090339,0.16825200639838545,0.22006147388846609,0.32066666666666666,0.6413333333333333,0.6413333333333333,-0.10000000000000002,correction_completion,PT_violation_g05,3,200,135,3089485251,reference_fold_convolution_rf,,,,
PRE_SUB,X2=high_k=-2,,,-2.0,reference_fold_pretrend,-0.08592930067310052,-0.05808631103635939,0.14325822267220262,-0.4176373833862989,-0.35632733983731707,0.10708017887785182,0.15266765934276497,0.362,0.724,0.724,-0.05000000000000001,correction_completion,PT_violation_g05,3,200,135,3089485251,reference_fold_convolution_rf,,,,
PRE_SUBC,X1_k=-4,,,-4.0,reference_fold_pretrend,-0.009591032177034338,0.00044094459126131635,0.05433369898251944,-0.20115706531967,-0.1117568955170821,0.010281266573408911,0.030450507823673825,0.44733333333333336,0.8946666666666667,0.8946666666666667,8.326672684688674e-17,correction_completion,PT_violation_g05,3,200,135,3089485251,reference_fold_convolution_rf,,,,
PRE_SUBC,X1_k=-3,,,-3.0,reference_fold_pretrend,-0.009327458078498246,0.0002977855346282289,0.05103750106322806,-0.18978747742838806,-0.0806713311260946,0.0057984124183334184,0.013267921589339576,0.458,0.916,0.916,5.551115123125783e-17,correction_completion,PT_violation_g05,3,200,135,3089485251,reference_fold_convolution_rf,,,,
PRE_SUBC,X1_k=-2,,,-2.0,reference_fold_pretrend,-0.008441319614843944,-0.0001861834875156853,0.0461194576332502,-0.1615521909315543,-0.023469451226799876,0.003640839173269078,0.006729865545086411,0.4713333333333333,0.9426666666666667,0.9426666666666667,2.7755575615628914e-17,correction_completion,PT_violation_g05,3,200,135,3089485251,reference_fold_convolution_rf,,,,
PRE_SUBC,X1_slope,,,,reference_fold_pretrend,0.003990666593067389,-0.00011490108349134993,0.021583469865587925,-0.009871953656982463,-0.003384147192413874,0.03729968893041452,0.07670770955521385,0.464,0.928,0.928,-2.7755575615628914e-17,correction_completion,PT_violation_g05,3,200,135,3089485251,reference_fold_convolution_rf,,,,
PRE_SUBC,X2_k=-4,,,-4.0,reference_fold_pretrend,0.02083352947679771,0.021510043270805038,0.09898890554149385,-0.183284962519595,-0.1413334565284973,0.179446442052526,0.2121036813765101,0.408,0.816,0.816,-2.0816681711721685e-17,correction_completion,PT_violation_g05,3,200,135,3089485251,reference_fold_convolution_rf,,,,
PRE_SUBC,X2_k=-3,,,-3.0,reference_fold_pretrend,0.01823843167140654,0.01620082817741412,0.08735861739987343,-0.15513217203887616,-0.123714888269791,0.1615048552939223,0.1897244547285846,0.4246666666666667,0.8493333333333334,0.8493333333333334,-1.3877787807814457e-17,correction_completion,PT_violation_g05,3,200,135,3089485251,reference_fold_convolution_rf,,,,
PRE_SUBC,X2_k=-2,,,-2.0,reference_fold_pretrend,-0.020109188563035337,-0.004241950168120164,0.077619309799346,-0.19063644552050424,-0.15857848928115226,0.1082477453928195,0.13264249753160942,0.47933333333333333,0.9586666666666667,0.9586666666666667,-6.938893903907228e-18,correction_completion,PT_violation_g05,3,200,135,3089485251,reference_fold_convolution_rf,,,,
PRE_SUBC,X2_slope,,,,reference_fold_pretrend,-0.005633447372155061,-0.006647529388513023,0.03545413450352428,-0.07111587011145304,-0.06212671426672647,0.054993601449258786,0.06710290044244331,0.42866666666666664,0.8573333333333333,0.8573333333333333,6.938893903907228e-18,correction_completion,PT_violation_g05,3,200,135,3089485251,reference_fold_convolution_rf,,,,
PRE,k=-4,,,-4.0,pretrend,-0.24792208927688994,-0.24506372849092464,0.1809866520429939,-0.598060469314205,-0.5471498734388367,0.028500112912702734,0.09010773865746646,0.10133333333333333,0.20266666666666666,0.20266666666666666,-0.2999999999999999,correction_completion,PT_violation_g10,3,200,119,4062074280,raw_structured,,,,
PRE,k=-3,,,-3.0,pretrend,-0.18698788051085938,-0.178205205954741,0.171917024485669,-0.5308168313352504,-0.48176123573339363,0.05020308247271848,0.11427252648569872,0.204,0.408,0.408,-0.19999999999999993,correction_completion,PT_violation_g10,3,200,119,4062074280,raw_structured,,,,
PRE,k=-2,,,-2.0,pretrend,-0.0313500146495621,0.0,0.13332840684113692,-0.35274125909092,-0.2951822495937359,0.1740004148378836,0.24875123573697208,0.66,1.0,1.0,-0.09999999999999996,correction_completion,PT_violation_g10,3,200,119,4062074280,raw_structured,,,,
PRE,slope,,,,pretrend,0.08207800310728218,0.07877462537587142,0.06292754667345697,-0.032439519801839484,-0.011219341753058278,0.18695526433017318,0.20683480644035146,0.10666666666666667,0.21333333333333335,0.21333333333333335,0.09999999999999996,correction_completion,PT_violation_g10,3,200,119,4062074280,raw_structured,,,,
PRE_SUB,X1=0_k=-4,,,-4.0,pretrend,-0.23771230739225901,-0.2340703771602672,0.18330031280137696,-0.58621113637646,-0.5394150172155097,0.03930675754103302,0.10586748294289071,0.116,0.232,0.232,-0.2999999999999999,correction_completion,PT_violation_g10,3,200,119,4062074280,raw_structured,,,,
PRE_SUB,X1=0_k=-3,,,-3.0,pretrend,-0.17789859583254664,-0.17179661027600684,0.1741162781011854,-0.5235251817565714,-0.4693345118149887,0.0629450589782494,0.12321421836964115,0.22333333333333333,0.44666666666666666,0.44666666666666666,-0.19999999999999993,correction_completion,PT_violation_g10,3,200,119,4062074280,raw_structured,,,,
PRE_SUB,X1=0_k=-2,,,-2.0,pretrend,-0.0243184473977738,0.0,0.1371039908648697,-0.35153714859414187,-0.2924882359622769,0.1988551594751379,0.27270466035295604,0.6806666666666666,1.0,1.0,-0.09999999999999996,correction_completion,PT_violation_g10,3,200,119,4062074280,raw_structured,,,,
PRE_SUB,X1=1_k=-4,,,-4.0,pretrend,-0.2617052948211417,-0.2565523758159566,0.19246643758166374,-0.6585192593161384,-0.5811303626162393,0.023515981403716944,0.0879888795368461,0.09933333333333333,0.19866666666666666,0.19866666666666666,-0.30000000000000004,correction_completion,PT_violation_g10,3,200,119,4062074280,raw_structured,,,,
PRE_SUB,X1=1_k=-3,,,-3.0,pretrend,-0.19925841482658158,-0.18768079719458755,0.1826850302527653,-0.5745845715983563,-0.5021620316959405,0.04858256435392965,0.10545868656397407,0.20066666666666666,0.4013333333333333,0.4013333333333333,-0.2,correction_completion,PT_violation_g10,3,200,119,4062074280,raw_structured,,,,
PRE_SUB,X1=1_k=-2,,,-2.0,pretrend,-0.04084263043947631,0.0,0.1425328718448188,-0.38776741940213744,-0.3198017809712227,0.17043500601848435,0.2442241981279592,0.6486666666666666,1.0,1.0,-0.1,correction_completion,PT_violation_g10,3,200,119,4062074280,raw_structured,,,,
PRE_SUB,X2=low_k=-4,,,-4.0,pretrend,-0.2518110833509249,-0.24962382253213328,0.18289301447588951,-0.6008227635995846,-0.5504440649517269,0.02528498163225739,0.09088959765111551,0.10066666666666667,0.20133333333333334,0.20133333333333334,-0.3000000000000001,correction_completion,PT_violation_g10,3,200,119,4062074280,raw_structured,,,,
PRE_SUB,X2=low_k=-3,,,-3.0,pretrend,-0.18972332719686247,-0.17917907019591073,0.17291003553250686,-0.5376664552250741,-0.48542148096608684,0.04961661224321581,0.11100860658119399,0.20266666666666666,0.4053333333333333,0.4053333333333333,-0.20000000000000007,correction_completion,PT_violation_g10,3,200,119,4062074280,raw_structured,,,,
PRE_SUB,X2=low_k=-2,,,-2.0,pretrend,-0.03325055340722481,0.0,0.133238955367086,-0.35274125909092025,-0.29659157625794025,0.16744518163302494,0.2418690039235937,0.6593333333333333,1.0,1.0,-0.10000000000000003,correction_completion,PT_violation_g10,3,200,119,4062074280,raw_structured,,,,
PRE_SUB,X2=high_k=-4,,,-4.0,pretrend,-0.24368917549682892,-0.24183797038966065,0.1820117457610141,-0.5957423355100414,-0.545437197487696,0.034193807686064934,0.09408521655426354,0.10733333333333334,0.21466666666666667,0.21466666666666667,-0.30000000000000004,correction_completion,PT_violation_g10,3,200,119,4062074280,raw_structured,,,,
PRE_SUB,X2=high_k=-3,,,-3.0,pretrend,-0.18468474508045127,-0.17769237876918142,0.17213967918415188,-0.5254697738877369,-0.4728037044638116,0.0545749293655057,0.11656737029814758,0.20733333333333334,0.4146666666666667,0.4146666666666667,-0.2,correction_completion,PT_violation_g10,3,200,119,4062074280,raw_structured,,,,
PRE_SUB,X2=high_k=-2,,,-2.0,pretrend,-0.02970510094732501,0.0,0.13415795073204395,-0.3515371485941416,-0.29518224959373623,0.18023007329850207,0.25306400643845517,0.662,1.0,1.0,-0.1,correction_completion,PT_violation_g10,3,200,119,4062074280,raw_structured,,,,
PRE_SUBC,X1_k=-4,,,-4.0,pretrend,-0.023992987428882676,-2.7755575615628914e-17,0.0971776833551351,-0.3708053238209528,-0.24406768473243465,1.1426623536259217e-15,1.8318679906315083e-15,0.49066666666666664,0.9813333333333333,0.9813333333333333,-1.249000902703301e-16,correction_completion,PT_violation_g10,3,200,119,4062074280,raw_structured,,,,
PRE_SUBC,X1_k=-3,,,-3.0,pretrend,-0.021359818994034992,0.0,0.0918430986622684,-0.334309598362236,-0.21302824709616838,9.71445146547012e-16,1.4578616092109049e-15,0.542,1.0,1.0,-8.326672684688674e-17,correction_completion,PT_violation_g10,3,200,119,4062074280,raw_structured,,,,
PRE_SUBC,X1_k=-2,,,-2.0,pretrend,-0.016524183041702507,0.0,0.0825799973686249,-0.299775178362447,-0.02489479571186475,5.551115123125783e-16,8.749945212826977e-16,0.7166666666666667,1.0,1.0,-4.163336342344337e-17,correction_completion,PT_violation_g10,3,200,119,4062074280,raw_structured,,,,
PRE_SUBC,X1_slope,,,,pretrend,0.009373055951172894,1.0160523216435585e-17,0.03861426883022489,-6.429380837248898e-16,-3.766828119263924e-16,0.08925757125174565,0.13957967502682378,0.484,0.968,0.968,4.163336342344337e-17,correction_completion,PT_violation_g10,3,200,119,4062074280,raw_structured,,,,
PRE_SUBC,X2_k=-4,,,-4.0,pretrend,0.008121907854095927,0.0,0.04654208156213233,-1.4543921622589544e-15,-7.216449660063518e-16,0.048980881743767496,0.08243841989560013,0.5186666666666667,1.0,1.0,8.326672684688674e-17,correction_completion,PT_violation_g10,3,200,119,4062074280,raw_structured,,,,
PRE_SUBC,X2_k=-3,,,-3.0,pretrend,0.005038582116411164,0.0,0.030302741064444822,-9.992007221626409e-16,-6.106226635438361e-16,0.041287200785554805,0.06546458570808703,0.568,1.0,1.0,5.551115123125783e-17,correction_completion,PT_violation_g10,3,200,119,4062074280,raw_structured,,,,
PRE_SUBC,X2_k=-2,,,-2.0,pretrend,0.0035454524598997994,0.0,0.027961754742961968,-5.901529265273098e-16,-3.885780586188048e-16,0.02294410866883311,0.05115559567057642,0.7166666666666667,1.0,1.0,2.7755575615628914e-17,correction_completion,PT_violation_g10,3,200,119,4062074280,raw_structured,,,,
PRE_SUBC,X2_slope,,,,pretrend,-0.0027134528753578503,0.0,0.014748066756630604,-0.032410010806993086,-0.019674329074177828,2.364923733035238e-16,4.1945613649119114e-16,0.5013333333333333,1.0,1.0,-2.7755575615628914e-17,correction_completion,PT_violation_g10,3,200,119,4062074280,raw_structured,,,,
PRE,k=-4,,,-4.0,reference_fold_pretrend,-0.2724468263313665,-0.265751501640518,0.1764105838498101,-0.6341102209513958,-0.563623474363337,0.011670124075644115,0.059465002086843806,0.058666666666666666,0.11733333333333333,0.11733333333333333,-0.2999999999999999,correction_completion,PT_violation_g10,3,200,119,4062074280,reference_fold_convolution_rf,,,,
PRE,k=-3,,,-3.0,reference_fold_pretrend,-0.21230898996842712,-0.20673519212152475,0.1625100104948404,-0.5492769042151618,-0.4887959990526534,0.03654999233393086,0.07485011430291287,0.096,0.192,0.192,-0.19999999999999993,correction_completion,PT_violation_g10,3,200,119,4062074280,reference_fold_convolution_rf,,,,
PRE,k=-2,,,-2.0,reference_fold_pretrend,-0.0786759038609884,-0.06326669623122362,0.1266749098508124,-0.3514978378170946,-0.29975030713344464,0.11130141319464172,0.154838121608357,0.332,0.664,0.664,-0.09999999999999996,correction_completion,PT_violation_g10,3,200,119,4062074280,reference_fold_convolution_rf,,,,
PRE,slope,,,,reference_fold_pretrend,0.09433102591371016,0.09196370115632557,0.06159618289576268,-0.01641151637584636,-0.0019362335072178696,0.20030599655586748,0.22058552850422392,0.059333333333333335,0.11866666666666667,0.11866666666666667,0.09999999999999996,correction_completion,PT_violation_g10,3,200,119,4062074280,reference_fold_convolution_rf,,,,
PRE_SUB,X1=0_k=-4,,,-4.0,reference_fold_pretrend,-0.2649524584672467,-0.2612627130405252,0.1797947611250444,-0.6258069589787635,-0.5599402102375399,0.024931756588301147,0.07818873353715361,0.07133333333333333,0.14266666666666666,0.14266666666666666,-0.2999999999999999,correction_completion,PT_violation_g10,3,200,119,4062074280,reference_fold_convolution_rf,,,,
PRE_SUB,X1=0_k=-3,,,-3.0,reference_fold_pretrend,-0.19790436927568059,-0.1946281090119807,0.16577374574024858,-0.5449111918824416,-0.4755772930561743,0.06389387312818212,0.10727636326819628,0.12,0.24,0.24,-0.19999999999999993,correction_completion,PT_violation_g10,3,200,119,4062074280,reference_fold_convolution_rf,,,,
PRE_SUB,X1=0_k=-2,,,-2.0,reference_fold_pretrend,-0.06882955286094677,-0.049225892006889864,0.12987288907247152,-0.3321941356423931,-0.2892650212135938,0.12483601385201094,0.17020270703463553,0.37933333333333336,0.7586666666666667,0.7586666666666667,-0.09999999999999996,correction_completion,PT_violation_g10,3,200,119,4062074280,reference_fold_convolution_rf,,,,
PRE_SUB,X1=1_k=-4,,,-4.0,reference_fold_pretrend,-0.2825642229479283,-0.2761640458035359,0.18727985599084193,-0.6690061276197492,-0.5925640401117612,0.007168367753267538,0.07543258514685501,0.056666666666666664,0.11333333333333333,0.11333333333333333,-0.30000000000000004,correction_completion,PT_violation_g10,3,200,119,4062074280,reference_fold_convolution_rf,,,,
PRE_SUB,X1=1_k=-3,,,-3.0,reference_fold_pretrend,-0.23175522790363492,-0.22444574230329783,0.17340513716661898,-0.5946675150207721,-0.5297436905944144,0.03265043882204084,0.07451104424170645,0.09133333333333334,0.18266666666666667,0.18266666666666667,-0.2,correction_completion,PT_violation_g10,3,200,119,4062074280,reference_fold_convolution_rf,,,,
PRE_SUB,X1=1_k=-2,,,-2.0,reference_fold_pretrend,-0.09196847771104462,-0.07223920008593793,0.13820551381843552,-0.3976067302171578,-0.3377963150072123,0.10512894999348416,0.14677188141103556,0.32066666666666666,0.6413333333333333,0.6413333333333333,-0.1,correction_completion,PT_violation_g10,3,200,119,4062074280,reference_fold_convolution_rf,,,,
PRE_SUB,X2=low_k=-4,,,-4.0,reference_fold_pretrend,-0.2775477141608514,-0.2710855358600046,0.18126981795837668,-0.6479608049352581,-0.5818827708062043,0.009768810561596418,0.0594410734199776,0.05733333333333333,0.11466666666666667,0.11466666666666667,-0.3000000000000001,correction_completion,PT_violation_g10,3,200,119,4062074280,reference_fold_convolution_rf,,,,
PRE_SUB,X2=low_k=-3,,,-3.0,reference_fold_pretrend,-0.2191723621400665,-0.21076660647928744,0.16715081531316484,-0.5633144210076345,-0.5151971716803986,0.03567431101263322,0.07391726934605082,0.09466666666666666,0.18933333333333333,0.18933333333333333,-0.20000000000000007,correction_completion,PT_violation_g10,3,200,119,4062074280,reference_fold_convolution_rf,,,,
PRE_SUB,X2=low_k=-2,,,-2.0,reference_fold_pretrend,-0.08163803069915745,-0.06656663081929384,0.12861610033306292,-0.3653792823112855,-0.3068674640354821,0.1106292125130492,0.15004893745865946,0.32666666666666666,0.6533333333333333,0.6533333333333333,-0.10000000000000003,correction_completion,PT_violation_g10,3,200,119,4062074280,reference_fold_convolution_rf,,,,
PRE_SUB,X2=high_k=-4,,,-4.0,reference_fold_pretrend,-0.27316791094587395,-0.2667402688520837,0.17670761904412394,-0.6328453115262026,-0.558855839999854,0.01222160490103093,0.055447447943787656,0.058,0.116,0.116,-0.30000000000000004,correction_completion,PT_violation_g10,3,200,119,4062074280,reference_fold_convolution_rf,,,,
PRE_SUB,X2=high_k=-3,,,-3.0,reference_fold_pretrend,-0.20830518863878725,-0.20046893611689168,0.16242412119474284,-0.5437348030124353,-0.48579974738694554,0.04196909919912285,0.0742742872076967,0.10066666666666667,0.20133333333333334,0.20133333333333334,-0.2,correction_completion,PT_violation_g10,3,200,119,4062074280,reference_fold_convolution_rf,,,,
PRE_SUB,X2=high_k=-2,,,-2.0,reference_fold_pretrend,-0.07782645100727477,-0.06103973568163148,0.12744052024776248,-0.34769142966228783,-0.30026122614164547,0.11434417945284774,0.15931879243263955,0.33866666666666667,0.6773333333333333,0.6773333333333333,-0.1,correction_completion,PT_violation_g10,3,200,119,4062074280,reference_fold_convolution_rf,,,,
PRE_SUBC,X1_k=-4,,,-4.0,reference_fold_pretrend,-0.017611764480681667,0.012620379604065368,0.0985599898599495,-0.2858889693360965,-0.24464067485452756,0.0707167640857924,0.08528849372123194,0.384,0.768,0.768,-1.249000902703301e-16,correction_completion,PT_violation_g10,3,200,119,4062074280,reference_fold_convolution_rf,,,,
PRE_SUBC,X1_k=-3,,,-3.0,reference_fold_pretrend,-0.0338508586279544,-0.0050850934128705005,0.09427986387911035,-0.2993783718074357,-0.2583636137854245,0.044684196589426045,0.05594490958671256,0.44333333333333336,0.8866666666666667,0.8866666666666667,-8.326672684688674e-17,correction_completion,PT_violation_g10,3,200,119,4062074280,reference_fold_convolution_rf,,,,
PRE_SUBC,X1_k=-2,,,-2.0,reference_fold_pretrend,-0.023138924850097848,0.0,0.08511548589606793,-0.28770749369745074,-0.2395050333059497,0.041475566782161154,0.04924711669835291,0.548,1.0,1.0,-4.163336342344337e-17,correction_completion,PT_violation_g10,3,200,119,4062074280,reference_fold_convolution_rf,,,,
PRE_SUBC,X1_slope,,,,reference_fold_pretrend,0.010262566824860831,-0.0020948333549119604,0.039181956716103535,-0.02760351198123352,-0.022076822047655823,0.10266126560047996,0.12271274812027597,0.43333333333333335,0.8666666666666667,0.8666666666666667,4.163336342344337e-17,correction_completion,PT_violation_g10,3,200,119,4062074280,reference_fold_convolution_rf,,,,
PRE_SUBC,X2_k=-4,,,-4.0,reference_fold_pretrend,0.004379803214977476,-0.004910912505943332,0.05343186037808842,-0.04090984770568828,-0.02905047297006875,0.06554478419115009,0.15916551801822948,0.37066666666666664,0.7413333333333333,0.7413333333333333,8.326672684688674e-17,correction_completion,PT_violation_g10,3,200,119,4062074280,reference_fold_convolution_rf,,,,
PRE_SUBC,X2_k=-3,,,-3.0,reference_fold_pretrend,0.010867173501279212,0.001950248894140437,0.05152654805945904,-0.02672371304352098,-0.019271811735292473,0.06429366580831629,0.15859902753226207,0.44133333333333336,0.8826666666666667,0.8826666666666667,5.551115123125783e-17,correction_completion,PT_violation_g10,3,200,119,4062074280,reference_fold_convolution_rf,,,,
PRE_SUBC,X2_k=-2,,,-2.0,reference_fold_pretrend,0.0038115796918826834,0.0,0.03595651166838655,-0.022375188342037847,-0.017272878717774734,0.03214232904615603,0.05935514420311714,0.55,1.0,1.0,2.7755575615628914e-17,correction_completion,PT_violation_g10,3,200,119,4062074280,reference_fold_convolution_rf,,,,
PRE_SUBC,X2_slope,,,,reference_fold_pretrend,-0.0027632383099552528,0.0007854470016083151,0.02038429849498999,-0.06327973445919918,-0.02588711832676891,0.00927338027987333,0.012354187210107802,0.432,0.864,0.864,-2.7755575615628914e-17,correction_completion,PT_violation_g10,3,200,119,4062074280,reference_fold_convolution_rf,,,,
PRE,k=-4,,,-4.0,pretrend,-0.3397933946433026,-0.3409949580952336,0.1787060410774569,-0.6725133727334695,-0.6252625527709529,-0.03426846739117982,0.0,0.038,0.076,0.076,-0.6,correction_completion,PT_violation_g20,3,200,103,828956251,raw_structured,,,,
PRE,k=-3,,,-3.0,pretrend,-0.03581220163858561,0.0,0.14828339797980672,-0.3597063543738412,-0.310694334445956,0.20141072475242155,0.25352474783480156,0.5366666666666666,1.0,1.0,-0.39999999999999997,correction_completion,PT_violation_g20,3,200,103,828956251,raw_structured,,,,
PRE,k=-2,,,-2.0,pretrend,-0.0013175925334040195,0.0,0.11731124833180819,-0.2876869601331361,-0.22478450585920323,0.215642978268268,0.25808822431320655,0.7526666666666667,1.0,1.0,-0.19999999999999998,correction_completion,PT_violation_g20,3,200,103,828956251,raw_structured,,,,
PRE,slope,,,,pretrend,0.07802301283860594,0.07603665426549343,0.05513698839023781,-0.02959183219471342,-0.006031105616345753,0.17171261919644226,0.19273221637171845,0.08066666666666666,0.16133333333333333,0.16133333333333333,0.19999999999999998,correction_completion,PT_violation_g20,3,200,103,828956251,raw_structured,,,,
PRE_SUB,X1=0_k=-4,,,-4.0,pretrend,-0.3376329004853579,-0.3380401532568848,0.1806563795543938,-0.6760456283203161,-0.6265109722831214,-0.03287557122078132,0.0,0.03866666666666667,0.07733333333333334,0.07733333333333334,-0.5999999999999998,correction_completion,PT_violation_g20,3,200,103,828956251,raw_structured,,,,
PRE_SUB,X1=0_k=-3,,,-3.0,pretrend,-0.0325342448467577,0.0,0.14947102578988897,-0.35857421011739715,-0.3029568449154345,0.21465172368264201,0.26221492114944195,0.548,1.0,1.0,-0.39999999999999986,correction_completion,PT_violation_g20,3,200,103,828956251,raw_structured,,,,
PRE_SUB,X1=0_k=-2,,,-2.0,pretrend,-4.725205137016989e-05,0.0,0.11791618942780896,-0.2861592655079635,-0.22466502027131666,0.21798129520111587,0.2655446626821855,0.758,1.0,1.0,-0.19999999999999993,correction_completion,PT_violation_g20,3,200,103,828956251,raw_structured,,,,
PRE_SUB,X1=1_k=-4,,,-4.0,pretrend,-0.34329689868321306,-0.3419910744378436,0.18427309392907784,-0.7012693904120575,-0.6366042699214863,-0.0290536221950071,0.0,0.04133333333333333,0.08266666666666667,0.08266666666666667,-0.6000000000000001,correction_completion,PT_violation_g20,3,200,103,828956251,raw_structured,,,,
PRE_SUB,X1=1_k=-3,,,-3.0,pretrend,-0.0411278072469552,0.0,0.15411666383712883,-0.38471679754378635,-0.32698974606221076,0.20141072475242147,0.25628264134789136,0.5293333333333333,1.0,1.0,-0.4000000000000001,correction_completion,PT_violation_g20,3,200,103,828956251,raw_structured,,,,
PRE_SUB,X1=1_k=-2,,,-2.0,pretrend,-0.003377604125891351,0.0,0.12018921416447644,-0.2925349454050854,-0.2336743262884972,0.20964305100883443,0.2580882243132064,0.7513333333333333,1.0,1.0,-0.20000000000000004,correction_completion,PT_violation_g20,3,200,103,828956251,raw_structured,,,,
PRE_SUB,X2=low_k=-4,,,-4.0,pretrend,-0.33792443195444494,-0.3395482219102972,0.17970782677208458,-0.67251337273347,-0.6222856754557509,-0.03080336606124778,0.0,0.04066666666666666,0.08133333333333333,0.08133333333333333,-0.6000000000000001,correction_completion,PT_violation_g20,3,200,103,828956251,raw_structured,,,,
PRE_SUB,X2=low_k=-3,,,-3.0,pretrend,-0.03476487563307808,0.0,0.14892760249643058,-0.3622351665611079,-0.3106943344459559,0.20225365628808756,0.25800298643846753,0.544,1.0,1.0,-0.4,correction_completion,PT_violation_g20,3,200,103,828956251,raw_structured,,,,
PRE_SUB,X2=low_k=-2,,,-2.0,pretrend,-0.0005213281079299041,0.0,0.11780629132703854,-0.28768696013313577,-0.22478450585920337,0.21798129520111598,0.26088852050422734,0.7573333333333333,1.0,1.0,-0.2,correction_completion,PT_violation_g20,3,200,103,828956251,raw_structured,,,,
PRE_SUB,X2=high_k=-4,,,-4.0,pretrend,-0.3437661905583998,-0.34267702110637377,0.18020150707374866,-0.6828901706135212,-0.6308607784497343,-0.03729886879119538,0.0,0.037333333333333336,0.07466666666666667,0.07466666666666667,-0.6000000000000001,correction_completion,PT_violation_g20,3,200,103,828956251,raw_structured,,,,
PRE_SUB,X2=high_k=-3,,,-3.0,pretrend,-0.03885289754263236,0.0,0.15002382241245538,-0.3652557160340794,-0.3188700972657108,0.19962716049353288,0.25101229762022265,0.5333333333333333,1.0,1.0,-0.4,correction_completion,PT_violation_g20,3,200,103,828956251,raw_structured,,,,
PRE_SUB,X2=high_k=-2,,,-2.0,pretrend,-0.0033586945842033807,0.0,0.1187405070887511,-0.2923620037700344,-0.23296938256043337,0.20936407730934953,0.25312992817746255,0.748,1.0,1.0,-0.2,correction_completion,PT_violation_g20,3,200,103,828956251,raw_structured,,,,
PRE_SUBC,X1_k=-4,,,-4.0,pretrend,-0.005663998197855184,0.0,0.07144420922746253,-0.18167386664764587,-0.005126094095514518,1.1632584323146257e-06,0.009839511807112724,0.5173333333333333,1.0,1.0,-3.3306690738754696e-16,correction_completion,PT_violation_g20,3,200,103,828956251,raw_structured,,,,
PRE_SUBC,X1_k=-3,,,-3.0,pretrend,-0.008593562400197501,0.0,0.06147218227110244,-0.16797039104800904,-0.0003915788661223754,1.0547118733938987e-15,0.0004898298515073894,0.6306666666666667,1.0,1.0,-2.220446049250313e-16,correction_completion,PT_violation_g20,3,200,103,828956251,raw_structured,,,,
PRE_SUBC,X1_k=-2,,,-2.0,pretrend,-0.003330352074521181,0.0,0.03844573552923211,-0.0017181909634197904,-6.741135427645872e-16,6.106226635438361e-16,1.0547118733938987e-15,0.7613333333333333,1.0,1.0,-1.1102230246251565e-16,correction_completion,PT_violation_g20,3,200,103,828956251,raw_structured,,,,
PRE_SUBC,X1_slope,,,,pretrend,0.0026792479620344097,0.0,0.025033782437413145,-0.0038366013606386676,-2.492696642493818e-07,0.0017924014113930478,0.0701967475361845,0.5033333333333333,1.0,1.0,1.1102230246251565e-16,correction_completion,PT_violation_g20,3,200,103,828956251,raw_structured,,,,
PRE_SUBC,X2_k=-4,,,-4.0,pretrend,-0.005841758603954783,0.0,0.04125082732026747,-0.0982635140853198,-0.012712896947405211,1.3350431871117482e-15,0.008001455495688424,0.5373333333333333,1.0,1.0,-0.0,correction_completion,PT_violation_g20,3,200,103,828956251,raw_structured,,,,
PRE_SUBC,X2_k=-3,,,-3.0,pretrend,-0.004088021909554284,0.0,0.03582394008615601,-0.03940153880855832,-7.29624693995845e-16,7.077671781985373e-16,0.006991834790874278,0.6313333333333333,1.0,1.0,-0.0,correction_completion,PT_violation_g20,3,200,103,828956251,raw_structured,,,,
PRE_SUBC,X2_k=-2,,,-2.0,pretrend,-0.0028373664762734764,0.0,0.028187193084903465,-9.874046025259985e-16,-4.85722573273506e-16,3.885780586188048e-16,6.807054919732953e-16,0.7593333333333333,1.0,1.0,-0.0,correction_completion,PT_violation_g20,3,200,103,828956251,raw_structured,,,,
PRE_SUBC,X2_slope,,,,pretrend,0.002038477579089028,0.0,0.015035614740055075,-0.0031663884309254212,-3.921838052724423e-16,0.0030633544122950058,0.02681604947304573,0.5026666666666667,1.0,1.0,0.0,correction_completion,PT_violation_g20,3,200,103,828956251,raw_structured,,,,
PRE,k=-4,,,-4.0,reference_fold_pretrend,-0.3849084991595938,-0.3773349396492147,0.181951436591559,-0.7476601937026902,-0.6924508356388717,-0.08845123856580794,-0.02798706886657697,0.017333333333333333,0.034666666666666665,0.034666666666666665,-0.6,correction_completion,PT_violation_g20,3,200,103,828956251,reference_fold_convolution_rf,,,,
PRE,k=-3,,,-3.0,reference_fold_pretrend,-0.12274308463534923,-0.11472546820936705,0.15250047897385896,-0.4317176861168503,-0.3837429458271846,0.1151926603777169,0.1646622717255688,0.228,0.456,0.456,-0.39999999999999997,correction_completion,PT_violation_g20,3,200,103,828956251,reference_fold_convolution_rf,,,,
PRE,k=-2,,,-2.0,reference_fold_pretrend,-0.05870879136951126,-0.03980907952817565,0.131433715271408,-0.3401419187010517,-0.2721669837392705,0.1425259588071657,0.18969648435780556,0.41933333333333334,0.8386666666666667,0.8386666666666667,-0.19999999999999998,correction_completion,PT_violation_g20,3,200,103,828956251,reference_fold_convolution_rf,,,,
PRE,slope,,,,reference_fold_pretrend,0.10420860415135648,0.10138293840792745,0.06080831279597027,-0.014051801505440994,0.007279020317761569,0.20755683563568236,0.2241465268411067,0.038,0.076,0.076,0.19999999999999998,correction_completion,PT_violation_g20,3,200,103,828956251,reference_fold_convolution_rf,,,,
PRE_SUB,X1=0_k=-4,,,-4.0,reference_fold_pretrend,-0.37413335483670473,-0.36787352807453716,0.18500411054372706,-0.7433448604615919,-0.6906459736614394,-0.0735927613257903,-0.019850003261581782,0.021333333333333333,0.042666666666666665,0.042666666666666665,-0.5999999999999998,correction_completion,PT_violation_g20,3,200,103,828956251,reference_fold_convolution_rf,,,,
PRE_SUB,X1=0_k=-3,,,-3.0,reference_fold_pretrend,-0.11258919720817528,-0.10483756645245083,0.15643068503668503,-0.42490711299297185,-0.38253910643795785,0.12629379314342604,0.19017806125967213,0.25866666666666666,0.5173333333333333,0.5173333333333333,-0.39999999999999986,correction_completion,PT_violation_g20,3,200,103,828956251,reference_fold_convolution_rf,,,,
PRE_SUB,X1=0_k=-2,,,-2.0,reference_fold_pretrend,-0.05479000604488506,-0.03526143042456999,0.13308985508335205,-0.3329323534507944,-0.2710698544411721,0.15471489917841452,0.19589075594899763,0.43133333333333335,0.8626666666666667,0.8626666666666667,-0.19999999999999993,correction_completion,PT_violation_g20,3,200,103,828956251,reference_fold_convolution_rf,,,,
PRE_SUB,X1=1_k=-4,,,-4.0,reference_fold_pretrend,-0.40238170616968416,-0.39350937901596317,0.19143072821007365,-0.77673664935529,-0.7220944482681221,-0.08573532188250946,-0.02886317873676434,0.016666666666666666,0.03333333333333333,0.03333333333333333,-0.6000000000000001,correction_completion,PT_violation_g20,3,200,103,828956251,reference_fold_convolution_rf,,,,
PRE_SUB,X1=1_k=-3,,,-3.0,reference_fold_pretrend,-0.1392088480307664,-0.1327889072556454,0.1603731480752306,-0.46621128820071817,-0.4182199256495661,0.10488951241951458,0.15560137555469394,0.21533333333333332,0.43066666666666664,0.43066666666666664,-0.4000000000000001,correction_completion,PT_violation_g20,3,200,103,828956251,reference_fold_convolution_rf,,,,
PRE_SUB,X1=1_k=-2,,,-2.0,reference_fold_pretrend,-0.06506357838241858,-0.043892188896255915,0.1360985324103706,-0.36009344183966246,-0.30243333856446203,0.14058908917361107,0.18451882563932295,0.4093333333333333,0.8186666666666667,0.8186666666666667,-0.20000000000000004,correction_completion,PT_violation_g20,3,200,103,828956251,reference_fold_convolution_rf,,,,
PRE_SUB,X2=low_k=-4,,,-4.0,reference_fold_pretrend,-0.3786891220033432,-0.36918893304288314,0.18305874251302948,-0.7421430151330161,-0.6851395725450898,-0.07764382217824028,-0.020057899958112635,0.02,0.04,0.04,-0.6000000000000001,correction_completion,PT_violation_g20,3,200,103,828956251,reference_fold_convolution_rf,,,,
PRE_SUB,X2=low_k=-3,,,-3.0,reference_fold_pretrend,-0.12526049225999325,-0.117683666060376,0.15402460178075517,-0.4349697471661618,-0.39227040594305146,0.1142181803771789,0.15623299069205682,0.22733333333333333,0.45466666666666666,0.45466666666666666,-0.4,correction_completion,PT_violation_g20,3,200,103,828956251,reference_fold_convolution_rf,,,,
PRE_SUB,X2=low_k=-2,,,-2.0,reference_fold_pretrend,-0.06066679224126572,-0.0413589483222381,0.13325772084900184,-0.35046315216542784,-0.279590407690527,0.14156109931694794,0.18827251935625994,0.42,0.84,0.84,-0.2,correction_completion,PT_violation_g20,3,200,103,828956251,reference_fold_convolution_rf,,,,
PRE_SUB,X2=high_k=-4,,,-4.0,reference_fold_pretrend,-0.39336158212952355,-0.38574984713109933,0.18304720775494016,-0.7618407573033185,-0.7068121880549496,-0.10185176338961996,-0.03186415426776852,0.016666666666666666,0.03333333333333333,0.03333333333333333,-0.6000000000000001,correction_completion,PT_violation_g20,3,200,103,828956251,reference_fold_convolution_rf,,,,
PRE_SUB,X2=high_k=-3,,,-3.0,reference_fold_pretrend,-0.12654515238463407,-0.11903028436121182,0.15327098767944114,-0.44025405908040655,-0.3890996036282037,0.11449022531267734,0.16551540434536408,0.22,0.44,0.44,-0.4,correction_completion,PT_violation_g20,3,200,103,828956251,reference_fold_convolution_rf,,,,
PRE_SUB,X2=high_k=-2,,,-2.0,reference_fold_pretrend,-0.06053721601991915,-0.04079675533887668,0.1319326152614728,-0.3410643875762449,-0.27887669023943934,0.14261286797271996,0.18584570630697822,0.4126666666666667,0.8253333333333334,0.8253333333333334,-0.2,correction_completion,PT_violation_g20,3,200,103,828956251,reference_fold_convolution_rf,,,,
PRE_SUBC,X1_k=-4,,,-4.0,reference_fold_pretrend,-0.028248351332979534,-0.002844097088312403,0.09305243986815741,-0.30343569024556305,-0.24536869348122609,0.022950158855967892,0.09344714293951455,0.33066666666666666,0.6613333333333333,0.6613333333333333,-3.3306690738754696e-16,correction_completion,PT_violation_g20,3,200,103,828956251,reference_fold_convolution_rf,,,,
PRE_SUBC,X1_k=-3,,,-3.0,reference_fold_pretrend,-0.026619650822591136,0.0019801903014070588,0.08464732536084092,-0.30117651193116285,-0.24087187762505025,0.010732744457579395,0.015513457609391748,0.366,0.732,0.732,-2.220446049250313e-16,correction_completion,PT_violation_g20,3,200,103,828956251,reference_fold_convolution_rf,,,,
PRE_SUBC,X1_k=-2,,,-2.0,reference_fold_pretrend,-0.010273572337533506,0.001224636312964364,0.056267959397183244,-0.21537790221040673,-0.10982488534589999,0.00940784263693643,0.012122814417681838,0.418,0.836,0.836,-1.1102230246251565e-16,correction_completion,PT_violation_g20,3,200,103,828956251,reference_fold_convolution_rf,,,,
PRE_SUBC,X1_slope,,,,reference_fold_pretrend,0.010589851998689597,0.000166598748525437,0.03394426905978268,-0.023945770502529426,-0.00701685519310095,0.0920584220587837,0.11956361770152052,0.4686666666666667,0.9373333333333334,0.9373333333333334,1.1102230246251565e-16,correction_completion,PT_violation_g20,3,200,103,828956251,reference_fold_convolution_rf,,,,
PRE_SUBC,X2_k=-4,,,-4.0,reference_fold_pretrend,-0.014672460126180273,-0.007187799207701122,0.03710696770489395,-0.124509444262172,-0.06914579535954053,0.016349132982178095,0.02392563594172654,0.30866666666666664,0.6173333333333333,0.6173333333333333,-0.0,correction_completion,PT_violation_g20,3,200,103,828956251,reference_fold_convolution_rf,,,,
PRE_SUBC,X2_k=-3,,,-3.0,reference_fold_pretrend,-0.0012846601246408263,0.004469046325511927,0.032833715711563245,-0.06980946016205963,-0.04427251761964956,0.023581724553416544,0.032500383695586485,0.358,0.716,0.716,-0.0,correction_completion,PT_violation_g20,3,200,103,828956251,reference_fold_convolution_rf,,,,
PRE_SUBC,X2_k=-2,,,-2.0,reference_fold_pretrend,0.0001295762213465684,0.0025336074263185918,0.02731334315028549,-0.04901853560054067,-0.028699364813383994,0.0206355463928879,0.025913863596729703,0.426,0.852,0.852,-0.0,correction_completion,PT_violation_g20,3,200,103,828956251,reference_fold_convolution_rf,,,,
PRE_SUBC,X2_slope,,,,reference_fold_pretrend,0.0033183660290339928,0.0006206549504231957,0.013720842316181443,-0.010258940461740808,-0.0071129964204672946,0.021935456125335602,0.039846457146196064,0.446,0.892,0.892,0.0,correction_completion,PT_violation_g20,3,200,103,828956251,reference_fold_convolution_rf,,,,
PRE,k=-4,,,-4.0,pretrend,-0.8914500221137529,-0.8946272852449371,0.2057470394866121,-1.2883105817642797,-1.222659613338104,-0.5481820254819477,-0.47800888960387794,0.0,0.0,0.0,-1.2,correction_completion,PT_violation_g40,3,200,87,466251909,raw_structured,,,,
PRE,k=-3,,,-3.0,pretrend,-0.4554055085685316,-0.4532435734409086,0.19253910532059842,-0.8362311130468748,-0.7796188809699298,-0.13570324158277286,-0.07880168198903498,0.014,0.028,0.028,-0.7999999999999999,correction_completion,PT_violation_g40,3,200,87,466251909,raw_structured,,,,
PRE,k=-2,,,-2.0,pretrend,-0.3484380514781757,-0.359393755883914,0.19647000424532032,-0.7227047270654157,-0.6492207852556995,0.0,0.0,0.09466666666666666,0.18933333333333333,0.18933333333333333,-0.39999999999999997,correction_completion,PT_violation_g40,3,200,87,466251909,raw_structured,,,,
PRE,slope,,,,pretrend,0.280971366782607,0.2816572978223307,0.07358078330906367,0.13435262165427075,0.15639053359777927,0.40100812078523396,0.42683223210347226,0.0,0.0,0.0,0.39999999999999997,correction_completion,PT_violation_g40,3,200,87,466251909,raw_structured,,,,
PRE_SUB,X1=0_k=-4,,,-4.0,pretrend,-0.8654162575959762,-0.8729081896339037,0.21808523457309692,-1.2842323015744839,-1.2083770477570062,-0.4966487814848188,-0.421505302900398,0.0,0.0,0.0,-1.1999999999999993,correction_completion,PT_violation_g40,3,200,87,466251909,raw_structured,,,,
PRE_SUB,X1=0_k=-3,,,-3.0,pretrend,-0.42860307431154343,-0.426050060325756,0.20095363577127387,-0.8151728420894991,-0.7630970543238838,-0.0941351725177858,-0.006995614899709288,0.024,0.048,0.048,-0.7999999999999996,correction_completion,PT_violation_g40,3,200,87,466251909,raw_structured,,,,
PRE_SUB,X1=0_k=-2,,,-2.0,pretrend,-0.3410312373713813,-0.3553730124561385,0.20098991188738144,-0.722704727065415,-0.6451198811752227,0.0,0.0,0.10266666666666667,0.20533333333333334,0.20533333333333334,-0.3999999999999998,correction_completion,PT_violation_g40,3,200,87,466251909,raw_structured,,,,
PRE_SUB,X1=1_k=-4,,,-4.0,pretrend,-0.9149805400432821,-0.9162706534232123,0.22036683822364597,-1.360637026150945,-1.2809545718489812,-0.5492172384320874,-0.48611313691772023,0.0,0.0,0.0,-1.1999999999999995,correction_completion,PT_violation_g40,3,200,87,466251909,raw_structured,,,,
PRE_SUB,X1=1_k=-3,,,-3.0,pretrend,-0.47963078568542467,-0.4712833695518747,0.2111498488798488,-0.9284234431080255,-0.8403799065652502,-0.1470510464424607,-0.08513741842882329,0.014,0.028,0.028,-0.7999999999999997,correction_completion,PT_violation_g40,3,200,87,466251909,raw_structured,,,,
PRE_SUB,X1=1_k=-2,,,-2.0,pretrend,-0.35513267192085507,-0.3665637746593148,0.1993747785230938,-0.7358180912531598,-0.6615535279340273,0.0,0.0,0.09266666666666666,0.18533333333333332,0.18533333333333332,-0.39999999999999986,correction_completion,PT_violation_g40,3,200,87,466251909,raw_structured,,,,
PRE_SUB,X2=low_k=-4,,,-4.0,pretrend,-0.9027171967880327,-0.9036052976478769,0.2159282672883154,-1.3356571639315873,-1.2626481202684199,-0.5492172384320856,-0.4821855466710632,0.0,0.0,0.0,-1.2000000000000002,correction_completion,PT_violation_g40,3,200,87,466251909,raw_structured,,,,
PRE_SUB,X2=low_k=-3,,,-3.0,pretrend,-0.45527042896522857,-0.4538177575290609,0.19585980342323567,-0.8401992157615739,-0.7838929815264774,-0.1324217076101635,-0.07349950634702324,0.017333333333333333,0.034666666666666665,0.034666666666666665,-0.8,correction_completion,PT_violation_g40,3,200,87,466251909,raw_structured,,,,
PRE_SUB,X2=low_k=-2,,,-2.0,pretrend,-0.3493677234580996,-0.3591903789393091,0.19909582740874096,-0.7298394993039753,-0.6565458321865609,0.0,0.0,0.09666666666666666,0.19333333333333333,0.19333333333333333,-0.4,correction_completion,PT_violation_g40,3,200,87,466251909,raw_structured,,,,
PRE_SUB,X2=high_k=-4,,,-4.0,pretrend,-0.8800313857390186,-0.8851625737792035,0.20787586906638597,-1.2920978986405514,-1.2107022040742732,-0.5320897691965479,-0.45346533533898975,0.0,0.0,0.0,-1.2000000000000002,correction_completion,PT_violation_g40,3,200,87,466251909,raw_structured,,,,
PRE_SUB,X2=high_k=-3,,,-3.0,pretrend,-0.45000034035480313,-0.4464744479966168,0.19373434741991866,-0.8276781615523771,-0.7720685173747278,-0.13480676195668123,-0.07684025518279883,0.016,0.032,0.032,-0.8,correction_completion,PT_violation_g40,3,200,87,466251909,raw_structured,,,,
PRE_SUB,X2=high_k=-2,,,-2.0,pretrend,-0.34647511800424746,-0.3579982485498776,0.19637928237893093,-0.7190002730193467,-0.6484518173593333,0.0,0.0,0.09533333333333334,0.19066666666666668,0.19066666666666668,-0.4,correction_completion,PT_violation_g40,3,200,87,466251909,raw_structured,,,,
PRE_SUBC,X1_k=-4,,,-4.0,pretrend,-0.049564282447305874,0.0,0.1519143279499855,-0.5427493001406349,-0.4555383451495142,0.03609618260994599,0.07030835736211663,0.5006666666666667,1.0,1.0,-1.6653345369377348e-16,correction_completion,PT_violation_g40,3,200,87,466251909,raw_structured,,,,
PRE_SUBC,X1_k=-3,,,-3.0,pretrend,-0.05102771137388125,-5.551115123125783e-17,0.14875784299146716,-0.5395642036296846,-0.4555383451495159,1.942890293094024e-15,0.023014323750005963,0.48,0.96,0.96,-1.1102230246251565e-16,correction_completion,PT_violation_g40,3,200,87,466251909,raw_structured,,,,
PRE_SUBC,X1_k=-2,,,-2.0,pretrend,-0.014101434549473827,0.0,0.07643447143075935,-0.2887346717471169,-0.011019657540008677,1.1657341758564144e-15,1.861011345027911e-15,0.538,1.0,1.0,-5.551115123125783e-17,correction_completion,PT_violation_g40,3,200,87,466251909,raw_structured,,,,
PRE_SUBC,X1_slope,,,,pretrend,0.018917836045653853,3.0729387288732013e-17,0.056315923863851626,-0.018470402919672686,-0.010325880624411197,0.1782109578691084,0.21087619625718854,0.46,0.92,0.92,5.551115123125783e-17,correction_completion,PT_violation_g40,3,200,87,466251909,raw_structured,,,,
PRE_SUBC,X2_k=-4,,,-4.0,pretrend,0.022685811049014067,2.220446049250313e-16,0.09382857152991482,-0.004205977774065239,-1.5543122344752192e-15,0.1857642623437377,0.3421088922657047,0.4513333333333333,0.9026666666666666,0.9026666666666666,-0.0,correction_completion,PT_violation_g40,3,200,87,466251909,raw_structured,,,,
PRE_SUBC,X2_k=-3,,,-3.0,pretrend,0.005270088610425559,5.551115123125783e-17,0.06391178546586364,-2.6645352591003757e-15,-1.1102230246251565e-15,0.03589252984869009,0.11171886583699339,0.4846666666666667,0.9693333333333334,0.9693333333333334,-0.0,correction_completion,PT_violation_g40,3,200,87,466251909,raw_structured,,,,
PRE_SUBC,X2_k=-2,,,-2.0,pretrend,0.002892605453852197,0.0,0.039833459238401994,-1.1657341758564144e-15,-8.326672684688674e-16,0.012922275742637542,0.02835707185881641,0.5553333333333333,1.0,1.0,-0.0,correction_completion,PT_violation_g40,3,200,87,466251909,raw_structured,,,,
PRE_SUBC,X2_slope,,,,pretrend,-0.0058207297015532514,-4.7580986769649563e-17,0.02699075899431775,-0.09530735965485593,-0.053807909144040385,4.999968693044005e-16,0.001967658032434596,0.41933333333333334,0.8386666666666667,0.8386666666666667,0.0,correction_completion,PT_violation_g40,3,200,87,466251909,raw_structured,,,,
PRE,k=-4,,,-4.0,reference_fold_pretrend,-0.8534021473933208,-0.8505828256013863,0.2070720167026364,-1.2575265315035755,-1.2039890080516151,-0.5176393396524215,-0.4620779212216231,0.0,0.0,0.0,-1.2,correction_completion,PT_violation_g40,3,200,87,466251909,reference_fold_convolution_rf,,,,
PRE,k=-3,,,-3.0,reference_fold_pretrend,-0.48932993953274756,-0.48802187773375827,0.19353167648629185,-0.8874568718718685,-0.8111965789113431,-0.1792249353864661,-0.11718749160135851,0.004,0.008,0.008,-0.7999999999999999,correction_completion,PT_violation_g40,3,200,87,466251909,reference_fold_convolution_rf,,,,
PRE,k=-2,,,-2.0,reference_fold_pretrend,-0.3339829892466509,-0.33090428104535674,0.18096850855183524,-0.6841526372139187,-0.6334464212644767,-0.014655480937936139,0.0,0.042,0.084,0.084,-0.39999999999999997,correction_completion,PT_violation_g40,3,200,87,466251909,reference_fold_convolution_rf,,,,
PRE,slope,,,,reference_fold_pretrend,0.27663209360657914,0.27413077697038685,0.07317657949015315,0.1416795477704965,0.1565920634155788,0.40289504908710294,0.42227437649762783,0.0,0.0,0.0,0.39999999999999997,correction_completion,PT_violation_g40,3,200,87,466251909,reference_fold_convolution_rf,,,,
PRE_SUB,X1=0_k=-4,,,-4.0,reference_fold_pretrend,-0.8156626824120858,-0.8118824823029626,0.2166445468923718,-1.2418253438706215,-1.1880834868605856,-0.46291465626401873,-0.4094257392644409,0.0,0.0,0.0,-1.1999999999999993,correction_completion,PT_violation_g40,3,200,87,466251909,reference_fold_convolution_rf,,,,
PRE_SUB,X1=0_k=-3,,,-3.0,reference_fold_pretrend,-0.45536335520117655,-0.46013386576824067,0.20142055879877874,-0.8647404493937602,-0.7853598488147807,-0.11970006071135056,-0.054166268324060796,0.012666666666666666,0.025333333333333333,0.025333333333333333,-0.7999999999999996,correction_completion,PT_violation_g40,3,200,87,466251909,reference_fold_convolution_rf,,,,
PRE_SUB,X1=0_k=-2,,,-2.0,reference_fold_pretrend,-0.3119397289071377,-0.3039223562085924,0.18818078794785129,-0.6811533479580002,-0.6279788570968685,0.0,0.013327710039638195,0.06466666666666666,0.12933333333333333,0.12933333333333333,-0.3999999999999998,correction_completion,PT_violation_g40,3,200,87,466251909,reference_fold_convolution_rf,,,,
PRE_SUB,X1=1_k=-4,,,-4.0,reference_fold_pretrend,-0.8875128176648215,-0.8822080291033018,0.2190544757241741,-1.3224169835800375,-1.249183867767222,-0.5261680848759327,-0.4744024841934012,0.0,0.0,0.0,-1.1999999999999995,correction_completion,PT_violation_g40,3,200,87,466251909,reference_fold_convolution_rf,,,,
PRE_SUB,X1=1_k=-3,,,-3.0,reference_fold_pretrend,-0.5200305061401291,-0.5144348635066587,0.20637615646196128,-0.9393190822297227,-0.8678128554001874,-0.18220514756343342,-0.1276393275418432,0.004,0.008,0.008,-0.7999999999999997,correction_completion,PT_violation_g40,3,200,87,466251909,reference_fold_convolution_rf,,,,
PRE_SUB,X1=1_k=-2,,,-2.0,reference_fold_pretrend,-0.3539067053227493,-0.35260830066111226,0.19035753485218915,-0.7221387909643361,-0.6704458069071603,-0.023185133629545208,0.0,0.042,0.084,0.084,-0.39999999999999986,correction_completion,PT_violation_g40,3,200,87,466251909,reference_fold_convolution_rf,,,,
PRE_SUB,X2=low_k=-4,,,-4.0,reference_fold_pretrend,-0.8446320364043288,-0.8396350725638333,0.20873334171521482,-1.2525812253051136,-1.2005866525994389,-0.5077947257673993,-0.4461757371242103,0.0,0.0,0.0,-1.2000000000000002,correction_completion,PT_violation_g40,3,200,87,466251909,reference_fold_convolution_rf,,,,
PRE_SUB,X2=low_k=-3,,,-3.0,reference_fold_pretrend,-0.48353151982156456,-0.4810920410053753,0.19527908745440242,-0.8861287615747953,-0.8077581587113274,-0.17041891630118283,-0.11819169811803794,0.006,0.012,0.012,-0.8,correction_completion,PT_violation_g40,3,200,87,466251909,reference_fold_convolution_rf,,,,
PRE_SUB,X2=low_k=-2,,,-2.0,reference_fold_pretrend,-0.3313029140374725,-0.32318518243179006,0.18101656056463403,-0.6878307313003894,-0.6352950385456698,-0.013379703928148638,0.0,0.044,0.088,0.088,-0.4,correction_completion,PT_violation_g40,3,200,87,466251909,reference_fold_convolution_rf,,,,
PRE_SUB,X2=high_k=-4,,,-4.0,reference_fold_pretrend,-0.7971709117303475,-0.794184959451347,0.21487998557461746,-1.2152238824651076,-1.165354033729043,-0.44485029349919464,-0.38338136798594513,0.0,0.0,0.0,-1.2000000000000002,correction_completion,PT_violation_g40,3,200,87,466251909,reference_fold_convolution_rf,,,,
PRE_SUB,X2=high_k=-3,,,-3.0,reference_fold_pretrend,-0.45702873882711353,-0.4594714982689929,0.1995892453046177,-0.8642693464081431,-0.7882254089831421,-0.128311861619834,-0.08061670633679861,0.008,0.016,0.016,-0.8,correction_completion,PT_violation_g40,3,200,87,466251909,reference_fold_convolution_rf,,,,
PRE_SUB,X2=high_k=-2,,,-2.0,reference_fold_pretrend,-0.31880629834500496,-0.3162030052977288,0.18485400840724273,-0.6831959735689022,-0.6316268131750409,-0.010653357009716192,0.0,0.046,0.092,0.092,-0.4,correction_completion,PT_violation_g40,3,200,87,466251909,reference_fold_convolution_rf,,,,
PRE_SUBC,X1_k=-4,,,-4.0,reference_fold_pretrend,-0.07185013525273568,-0.014578800830023664,0.13593144574407784,-0.45047890752331504,-0.38718451767071527,0.016471384316722435,0.03865525398156553,0.21666666666666667,0.43333333333333335,0.43333333333333335,-1.6653345369377348e-16,correction_completion,PT_violation_g40,3,200,87,466251909,reference_fold_convolution_rf,,,,
PRE_SUBC,X1_k=-3,,,-3.0,reference_fold_pretrend,-0.06466715093895249,-0.008719262008454881,0.12942773195961793,-0.437464217336109,-0.36247470383613645,0.01304600704669086,0.017939305486671723,0.27,0.54,0.54,-1.1102230246251565e-16,correction_completion,PT_violation_g40,3,200,87,466251909,reference_fold_convolution_rf,,,,
PRE_SUBC,X1_k=-2,,,-2.0,reference_fold_pretrend,-0.041966976415611576,-0.0039932190326670905,0.11141134368207721,-0.3984180249151236,-0.336787243181833,0.015564416202823835,0.019531528094446506,0.38533333333333336,0.7706666666666667,0.7706666666666667,-5.551115123125783e-17,correction_completion,PT_violation_g40,3,200,87,466251909,reference_fold_convolution_rf,,,,
PRE_SUBC,X1_slope,,,,reference_fold_pretrend,0.027632263146551688,0.004451422709517046,0.053677458453941604,-0.011170164391984741,-0.00526170368026513,0.15216063946546285,0.1810980068212965,0.23266666666666666,0.4653333333333333,0.4653333333333333,5.551115123125783e-17,correction_completion,PT_violation_g40,3,200,87,466251909,reference_fold_convolution_rf,,,,
PRE_SUBC,X2_k=-4,,,-4.0,reference_fold_pretrend,0.04746112467398147,0.044761457910141855,0.0668284917300032,-0.06509767166176868,-0.04482176856307032,0.15755737151803703,0.1951553839314495,0.22133333333333333,0.44266666666666665,0.44266666666666665,-0.0,correction_completion,PT_violation_g40,3,200,87,466251909,reference_fold_convolution_rf,,,,
PRE_SUBC,X2_k=-3,,,-3.0,reference_fold_pretrend,0.026502780994450983,0.02448216083098409,0.05587980900284002,-0.06687243326280663,-0.053531798640001974,0.11498188986533299,0.13840306548756495,0.31066666666666665,0.6213333333333333,0.6213333333333333,-0.0,correction_completion,PT_violation_g40,3,200,87,466251909,reference_fold_convolution_rf,,,,
PRE_SUBC,X2_k=-2,,,-2.0,reference_fold_pretrend,0.01249661569246749,0.011047312668286187,0.04862995137599363,-0.07421360125338713,-0.06480472834563304,0.0881298141561418,0.10724932718291054,0.4106666666666667,0.8213333333333334,0.8213333333333334,-0.0,correction_completion,PT_violation_g40,3,200,87,466251909,reference_fold_convolution_rf,,,,
PRE_SUBC,X2_slope,,,,reference_fold_pretrend,-0.014848967978808133,-0.014142119390665876,0.02243538660738934,-0.06275893250133646,-0.05076426261407207,0.017619277947368,0.02268661683765438,0.244,0.488,0.488,0.0,correction_completion,PT_violation_g40,3,200,87,466251909,reference_fold_convolution_rf,,,,
PRE,k=-4,,,-4.0,pretrend,0.05030585412277288,0.04858540748219725,0.18210274013807157,-0.30576120127113876,-0.24342877059390056,0.3635673539865227,0.41621747342093834,0.402,0.804,0.804,0.00967741935483871,correction_completion,PT_violation_het10,3,200,71,1182088202,raw_structured,,,,
PRE,k=-3,,,-3.0,pretrend,0.09186256036573104,0.08978579561704816,0.18284634788129892,-0.2562896202908441,-0.20970850434605925,0.40109290854867524,0.4469450015748567,0.3313333333333333,0.6626666666666666,0.6626666666666666,0.006451612903225807,correction_completion,PT_violation_het10,3,200,71,1182088202,raw_structured,,,,
PRE,k=-2,,,-2.0,pretrend,-0.1327698448749355,-0.11146758763422782,0.17593597072089917,-0.5080618444751004,-0.44124751497876846,0.11782240205674023,0.17035387078656425,0.3446666666666667,0.6893333333333334,0.6893333333333334,0.0032258064516129037,correction_completion,PT_violation_het10,3,200,71,1182088202,raw_structured,,,,
PRE,slope,,,,pretrend,-0.014419488444631801,-0.01490750568695039,0.06820496609324178,-0.1507631140763215,-0.12883888405922952,0.09896205419007048,0.1222213556485452,0.414,0.828,0.828,-0.0032258064516129037,correction_completion,PT_violation_het10,3,200,71,1182088202,raw_structured,,,,
PRE_SUB,X1=0_k=-4,,,-4.0,pretrend,0.23704074638244674,0.23640017875152278,0.23834535992191408,-0.1927510563619122,-0.1410748831050342,0.637144919900943,0.7250021589893804,0.17533333333333334,0.3506666666666667,0.3506666666666667,0.3,correction_completion,PT_violation_het10,3,200,71,1182088202,raw_structured,,,,
PRE_SUB,X1=0_k=-3,,,-3.0,pretrend,0.2740938144587839,0.2670172731730822,0.24033720849392545,-0.1652907275517056,-0.09946488333106299,0.6866946132439113,0.7600783638284692,0.15,0.3,0.3,0.19999999999999998,correction_completion,PT_violation_het10,3,200,71,1182088202,raw_structured,,,,
PRE_SUB,X1=0_k=-2,,,-2.0,pretrend,-0.011184416643490517,0.0,0.20911304888522372,-0.44209844402466303,-0.36398219383770714,0.3634076746543101,0.44972885337795976,0.608,1.0,1.0,0.09999999999999999,correction_completion,PT_violation_het10,3,200,71,1182088202,raw_structured,,,,
PRE_SUB,X1=1_k=-4,,,-4.0,pretrend,-0.1488780309542126,-0.14589877536380458,0.2568625294555622,-0.6395422933168409,-0.5815217969861612,0.2625775558447887,0.3260884136671961,0.32266666666666666,0.6453333333333333,0.6453333333333333,-0.2999999999999999,correction_completion,PT_violation_het10,3,200,71,1182088202,raw_structured,,,,
PRE_SUB,X1=1_k=-3,,,-3.0,pretrend,-0.10251744400019198,-0.0919564722543714,0.2551554088522317,-0.6012227434757271,-0.5310953899971773,0.3085914161473289,0.3801011848491715,0.386,0.772,0.772,-0.19999999999999993,correction_completion,PT_violation_het10,3,200,71,1182088202,raw_structured,,,,
PRE_SUB,X1=1_k=-2,,,-2.0,pretrend,-0.26246096832181015,-0.2294718820685769,0.2650889696737258,-0.8283044587850198,-0.7323092665879023,0.04153245725665497,0.1000340349040558,0.2833333333333333,0.5666666666666667,0.5666666666666667,-0.09999999999999996,correction_completion,PT_violation_het10,3,200,71,1182088202,raw_structured,,,,
PRE_SUB,X2=low_k=-4,,,-4.0,pretrend,0.0243206553672166,0.02064486444237132,0.18498908744826273,-0.34271187813209697,-0.2771420991080803,0.3367496196566325,0.39499634972041386,0.45866666666666667,0.9173333333333333,0.9173333333333333,-0.029032258064516134,correction_completion,PT_violation_het10,3,200,71,1182088202,raw_structured,,,,
PRE_SUB,X2=low_k=-3,,,-3.0,pretrend,0.06661236255369611,0.06298244403560042,0.18485771935430406,-0.2967875500108976,-0.23705492449391008,0.38399188022103514,0.429168770154471,0.38,0.76,0.76,-0.019354838709677424,correction_completion,PT_violation_het10,3,200,71,1182088202,raw_structured,,,,
PRE_SUB,X2=low_k=-2,,,-2.0,pretrend,-0.14908967608113927,-0.13134000778387994,0.18150441821584928,-0.5395475416532841,-0.4658943202868214,0.1009686914474634,0.1466044647826948,0.328,0.656,0.656,-0.009677419354838712,correction_completion,PT_violation_het10,3,200,71,1182088202,raw_structured,,,,
PRE_SUB,X2=high_k=-4,,,-4.0,pretrend,0.03882942526859568,0.03864650884345194,0.18359248725792224,-0.3264568520232748,-0.2599849914576718,0.3502347527641981,0.40385704498322356,0.42733333333333334,0.8546666666666667,0.8546666666666667,-0.00967741935483871,correction_completion,PT_violation_het10,3,200,71,1182088202,raw_structured,,,,
PRE_SUB,X2=high_k=-3,,,-3.0,pretrend,0.08045654840113582,0.07947331453448545,0.18457145074364753,-0.27573402918055434,-0.22050280307361192,0.3934555064182164,0.443643606990995,0.358,0.716,0.716,-0.0064516129032258064,correction_completion,PT_violation_het10,3,200,71,1182088202,raw_structured,,,,
PRE_SUB,X2=high_k=-2,,,-2.0,pretrend,-0.14103237777875638,-0.12195157975032075,0.17835012347693693,-0.5200579557922692,-0.4492677735530427,0.10775393954263168,0.15700471306965336,0.338,0.676,0.676,-0.0032258064516129032,correction_completion,PT_violation_het10,3,200,71,1182088202,raw_structured,,,,
PRE_SUBC,X1_k=-4,,,-4.0,pretrend,-0.38591877733665936,-0.4167033528140197,0.3353409033695788,-1.0241203844990827,-0.9051041952980302,9.159339953157541e-16,1.4724332864091063e-15,0.20333333333333334,0.4066666666666667,0.4066666666666667,-0.5999999999999999,correction_completion,PT_violation_het10,3,200,71,1182088202,raw_structured,,,,
PRE_SUBC,X1_k=-3,,,-3.0,pretrend,-0.37661125845897586,-0.40777468410024703,0.3341314748406422,-1.0072797052004054,-0.8997131351773304,9.43689570931383e-16,1.3745948823640182e-15,0.21533333333333332,0.43066666666666664,0.43066666666666664,-0.3999999999999999,correction_completion,PT_violation_het10,3,200,71,1182088202,raw_structured,,,,
PRE_SUBC,X1_k=-2,,,-2.0,pretrend,-0.25127655167831964,-6.661338147750939e-16,0.32028304648302447,-0.9095837780016989,-0.8326285916861712,8.19483370051443e-16,1.3027339623716782e-15,0.38,0.76,0.76,-0.19999999999999996,correction_completion,PT_violation_het10,3,200,71,1182088202,raw_structured,,,,
PRE_SUBC,X1_slope,,,,pretrend,0.1544468143290178,0.16058184057849767,0.13700466819926285,-5.157580711718472e-16,-3.1923868310761758e-16,0.3755749719492703,0.4225122000983983,0.194,0.388,0.388,0.19999999999999996,correction_completion,PT_violation_het10,3,200,71,1182088202,raw_structured,,,,
PRE_SUBC,X2_k=-4,,,-4.0,pretrend,0.014508769901379075,0.013610883889636919,0.030664055047653484,-1.3877787807814457e-15,-6.38378239159465e-16,0.0325297612771129,0.04061636477359889,0.20733333333333334,0.4146666666666667,0.4146666666666667,0.019354838709677427,correction_completion,PT_violation_het10,3,200,71,1182088202,raw_structured,,,,
PRE_SUBC,X2_k=-3,,,-3.0,pretrend,0.013844185847439709,0.013213524353669903,0.029491261446572947,-1.0547118733938987e-15,-5.630912403020715e-16,0.030827085443912838,0.0383104591203561,0.21933333333333332,0.43866666666666665,0.43866666666666665,0.012903225806451618,correction_completion,PT_violation_het10,3,200,71,1182088202,raw_structured,,,,
PRE_SUBC,X2_k=-2,,,-2.0,pretrend,0.008057298302382897,3.3306690738754696e-16,0.016073389136742673,-9.992007221626409e-16,-5.551115123125783e-16,0.027113966178535603,0.03026053240975048,0.4,0.8,0.8,0.006451612903225809,correction_completion,PT_violation_het10,3,200,71,1182088202,raw_structured,,,,
PRE_SUBC,X2_slope,,,,pretrend,-0.005662284264385683,-0.0052210947624744515,0.011270110734533578,-0.01658199603033555,-0.013263999184080144,2.1713781566441113e-16,4.161725527688068e-16,0.20266666666666666,0.4053333333333333,0.4053333333333333,-0.006451612903225809,correction_completion,PT_violation_het10,3,200,71,1182088202,raw_structured,,,,
PRE,k=-4,,,-4.0,reference_fold_pretrend,-0.04064086122017847,-0.04000574195357103,0.17491873769699445,-0.39545776785934533,-0.32741924688984875,0.23829658170938744,0.2988737559343431,0.412,0.824,0.824,0.00967741935483871,correction_completion,PT_violation_het10,3,200,71,1182088202,reference_fold_convolution_rf,,,,
PRE,k=-3,,,-3.0,reference_fold_pretrend,-0.014870719426823198,-0.017089139387016568,0.16553210499808127,-0.32437656038372553,-0.27340121184836397,0.25903017852323773,0.32126538868077836,0.4593333333333333,0.9186666666666666,0.9186666666666666,0.006451612903225807,correction_completion,PT_violation_het10,3,200,71,1182088202,reference_fold_convolution_rf,,,,
PRE,k=-2,,,-2.0,reference_fold_pretrend,-0.12900898955595433,-0.12283866531069543,0.15351251515824207,-0.4485072355023736,-0.390478685872815,0.10695766599584117,0.14834069217516305,0.23333333333333334,0.4666666666666667,0.4666666666666667,0.0032258064516129037,correction_completion,PT_violation_het10,3,200,71,1182088202,reference_fold_convolution_rf,,,,
PRE,slope,,,,reference_fold_pretrend,0.02004807229072401,0.019198828157294956,0.06544050890116351,-0.09894631586748578,-0.08239442288639731,0.12856244986423307,0.15347463667844582,0.38266666666666665,0.7653333333333333,0.7653333333333333,-0.0032258064516129037,correction_completion,PT_violation_het10,3,200,71,1182088202,reference_fold_convolution_rf,,,,
PRE_SUB,X1=0_k=-4,,,-4.0,reference_fold_pretrend,0.05843870100649095,0.049154520097897045,0.1997528456615892,-0.3244558044184063,-0.25757907134457164,0.3933345923620805,0.458739447525385,0.4066666666666667,0.8133333333333334,0.8133333333333334,0.3,correction_completion,PT_violation_het10,3,200,71,1182088202,reference_fold_convolution_rf,,,,
PRE_SUB,X1=0_k=-3,,,-3.0,reference_fold_pretrend,0.08047712332124982,0.07270344706910759,0.19100998668018482,-0.2548680535638851,-0.204083447913031,0.39493533270528114,0.4975027442713275,0.368,0.736,0.736,0.19999999999999998,correction_completion,PT_violation_het10,3,200,71,1182088202,reference_fold_convolution_rf,,,,
PRE_SUB,X1=0_k=-2,,,-2.0,reference_fold_pretrend,-0.05044187266134473,-0.05389102267480036,0.17238415068756788,-0.38490089436131714,-0.3308729259473702,0.24747222360678164,0.3332032576332186,0.386,0.772,0.772,0.09999999999999999,correction_completion,PT_violation_het10,3,200,71,1182088202,reference_fold_convolution_rf,,,,
PRE_SUB,X1=1_k=-4,,,-4.0,reference_fold_pretrend,-0.14632572759529253,-0.13402069820037782,0.2033608638098278,-0.5595743827927081,-0.49609602237327993,0.16946134919276765,0.23229698913301805,0.23,0.46,0.46,-0.2999999999999999,correction_completion,PT_violation_het10,3,200,71,1182088202,reference_fold_convolution_rf,,,,
PRE_SUB,X1=1_k=-3,,,-3.0,reference_fold_pretrend,-0.11657508502476774,-0.11489785679690473,0.19344882720736176,-0.5144090844382915,-0.45052303028962276,0.19398877618697025,0.253946809159553,0.27266666666666667,0.5453333333333333,0.5453333333333333,-0.19999999999999993,correction_completion,PT_violation_het10,3,200,71,1182088202,reference_fold_convolution_rf,,,,
PRE_SUB,X1=1_k=-2,,,-2.0,reference_fold_pretrend,-0.21281391424353788,-0.19654300161657762,0.18479685925606215,-0.6292591372619039,-0.5366007881374167,0.041685903033510295,0.08014585200094441,0.14933333333333335,0.2986666666666667,0.2986666666666667,-0.09999999999999996,correction_completion,PT_violation_het10,3,200,71,1182088202,reference_fold_convolution_rf,,,,
PRE_SUB,X2=low_k=-4,,,-4.0,reference_fold_pretrend,-0.05220840506069494,-0.04959505889893413,0.17696960954207383,-0.4133359104105203,-0.34834449799524325,0.22292819222477436,0.29533632197412224,0.39,0.78,0.78,-0.029032258064516134,correction_completion,PT_violation_het10,3,200,71,1182088202,reference_fold_convolution_rf,,,,
PRE_SUB,X2=low_k=-3,,,-3.0,reference_fold_pretrend,-0.025193412619409685,-0.02448556954177824,0.1670118192158029,-0.33740206046851134,-0.2945074639797511,0.25049185031116644,0.30836772055312606,0.436,0.872,0.872,-0.019354838709677424,correction_completion,PT_violation_het10,3,200,71,1182088202,reference_fold_convolution_rf,,,,
PRE_SUB,X2=low_k=-2,,,-2.0,reference_fold_pretrend,-0.13711452683259992,-0.12812286520900806,0.1539110586944146,-0.4637307200713569,-0.40803221632267517,0.09175027060671534,0.13450275092436834,0.22066666666666668,0.44133333333333336,0.44133333333333336,-0.009677419354838712,correction_completion,PT_violation_het10,3,200,71,1182088202,reference_fold_convolution_rf,,,,
PRE_SUB,X2=high_k=-4,,,-4.0,reference_fold_pretrend,-0.04253365900677858,-0.04411653874746884,0.17522577968769368,-0.4073452454908411,-0.3353607649286655,0.2337741314520908,0.29737878369258985,0.4093333333333333,0.8186666666666667,0.8186666666666667,-0.00967741935483871,correction_completion,PT_violation_het10,3,200,71,1182088202,reference_fold_convolution_rf,,,,
PRE_SUB,X2=high_k=-3,,,-3.0,reference_fold_pretrend,-0.017149479446612225,-0.017921727775293776,0.16609969777781072,-0.32546217649249704,-0.2765658358923343,0.2595476433696791,0.3223426465520671,0.46,0.92,0.92,-0.0064516129032258064,correction_completion,PT_violation_het10,3,200,71,1182088202,reference_fold_convolution_rf,,,,
PRE_SUB,X2=high_k=-2,,,-2.0,reference_fold_pretrend,-0.13069294551009542,-0.12318035702729446,0.1548873627410109,-0.45413781786807594,-0.3969023472019308,0.10775982674094978,0.14943082967876734,0.23066666666666666,0.4613333333333333,0.4613333333333333,-0.0032258064516129032,correction_completion,PT_violation_het10,3,200,71,1182088202,reference_fold_convolution_rf,,,,
PRE_SUBC,X1_k=-4,,,-4.0,reference_fold_pretrend,-0.20476442860178348,-0.16471778263925832,0.20018813171773106,-0.6549568179991263,-0.5718887300363887,0.03658033119095888,0.050664475519489154,0.13266666666666665,0.2653333333333333,0.2653333333333333,-0.5999999999999999,correction_completion,PT_violation_het10,3,200,71,1182088202,reference_fold_convolution_rf,,,,
PRE_SUBC,X1_k=-3,,,-3.0,reference_fold_pretrend,-0.19705220834601755,-0.1450434306123316,0.19542329443665446,-0.6307069270799166,-0.548775800529735,0.023752486271061257,0.03978992312338676,0.128,0.256,0.256,-0.3999999999999999,correction_completion,PT_violation_het10,3,200,71,1182088202,reference_fold_convolution_rf,,,,
PRE_SUBC,X1_k=-2,,,-2.0,reference_fold_pretrend,-0.16237204158219315,-0.07485822084098936,0.18225396241878372,-0.5852224073959621,-0.5066184363643885,0.02290552389510636,0.0396912797143431,0.166,0.332,0.332,-0.19999999999999996,correction_completion,PT_violation_het10,3,200,71,1182088202,reference_fold_convolution_rf,,,,
PRE_SUBC,X1_slope,,,,reference_fold_pretrend,0.08362641029139849,0.06654674211235707,0.08149413589347895,-0.017192575547892514,-0.011639649133768158,0.2311538281483016,0.26863325204681093,0.11933333333333333,0.23866666666666667,0.23866666666666667,0.19999999999999996,correction_completion,PT_violation_het10,3,200,71,1182088202,reference_fold_convolution_rf,,,,
PRE_SUBC,X2_k=-4,,,-4.0,reference_fold_pretrend,0.00967474605391636,0.006557973619865931,0.03198235633045433,-0.031429693692255026,-0.024675316069318647,0.05337315548682626,0.07147927879024983,0.4026666666666667,0.8053333333333333,0.8053333333333333,0.019354838709677427,correction_completion,PT_violation_het10,3,200,71,1182088202,reference_fold_convolution_rf,,,,
PRE_SUBC,X2_k=-3,,,-3.0,reference_fold_pretrend,0.008043933172797458,0.003993506148844163,0.029032655876623858,-0.030121278355431352,-0.023623229785397815,0.04897366815766665,0.05836302757818573,0.42333333333333334,0.8466666666666667,0.8466666666666667,0.012903225806451618,correction_completion,PT_violation_het10,3,200,71,1182088202,reference_fold_convolution_rf,,,,
PRE_SUBC,X2_k=-2,,,-2.0,reference_fold_pretrend,0.006421581322504492,0.00017675071488765974,0.025850775236312355,-0.024783086131449222,-0.020872966977067437,0.0463267834243156,0.05448439214220315,0.498,0.996,0.996,0.006451612903225809,correction_completion,PT_violation_het10,3,200,71,1182088202,reference_fold_convolution_rf,,,,
PRE_SUBC,X2_slope,,,,reference_fold_pretrend,-0.0036809775592748922,-0.002039234964641442,0.01225799458340087,-0.02590996855474742,-0.02120612991404413,0.009846776729914563,0.012433292781022589,0.4166666666666667,0.8333333333333334,0.8333333333333334,-0.006451612903225809,correction_completion,PT_violation_het10,3,200,71,1182088202,reference_fold_convolution_rf,,,,
PRE,k=-4,,,-4.0,pretrend,0.07089562554325753,0.06293401212768313,0.1831192422454989,-0.2954017016060283,-0.22590188687161855,0.37741244294367615,0.423606439346209,0.368,0.736,0.736,-0.030303030303030297,correction_completion,PT_violation_het20,3,200,55,1921988967,raw_structured,,,,
PRE,k=-3,,,-3.0,pretrend,0.0353714191166754,0.03013607869392704,0.17706042097585825,-0.3050193840227082,-0.26482085643248077,0.33118605846396476,0.3744467721777724,0.44266666666666665,0.8853333333333333,0.8853333333333333,-0.020202020202020197,correction_completion,PT_violation_het20,3,200,55,1921988967,raw_structured,,,,
PRE,k=-2,,,-2.0,pretrend,-0.04943022641381137,-0.013998811301318541,0.173079043391433,-0.39401767176544167,-0.3459935897019565,0.2374084306161362,0.28385818923174216,0.47733333333333333,0.9546666666666667,0.9546666666666667,-0.010101010101010098,correction_completion,PT_violation_het20,3,200,55,1921988967,raw_structured,,,,
PRE,slope,,,,pretrend,-0.016714249174950856,-0.016391139627133317,0.0694604636473,-0.14950084103690253,-0.13003494197381096,0.10009648145038881,0.12177741173121086,0.404,0.808,0.808,0.010101010101010098,correction_completion,PT_violation_het20,3,200,55,1921988967,raw_structured,,,,
PRE_SUB,X1=0_k=-4,,,-4.0,pretrend,0.40498504632345705,0.40239519840193116,0.2420160861403032,-0.058451181458125966,0.0,0.8072608615855997,0.9053913951852716,0.05733333333333333,0.11466666666666667,0.11466666666666667,0.5999999999999996,correction_completion,PT_violation_het20,3,200,55,1921988967,raw_structured,,,,
PRE_SUB,X1=0_k=-3,,,-3.0,pretrend,0.3580796289350534,0.3666770328197114,0.23632005040119042,-0.08232965384006909,-0.005397526435570699,0.7497064456613288,0.8080864629925879,0.08866666666666667,0.17733333333333334,0.17733333333333334,0.3999999999999998,correction_completion,PT_violation_het20,3,200,55,1921988967,raw_structured,,,,
PRE_SUB,X1=0_k=-2,,,-2.0,pretrend,0.18613897788034417,0.16013459872726754,0.25298701747856017,-0.26999941267938726,-0.18529424152805482,0.6081420307459242,0.6915127075449062,0.36133333333333334,0.7226666666666667,0.7226666666666667,0.1999999999999999,correction_completion,PT_violation_het20,3,200,55,1921988967,raw_structured,,,,
PRE_SUB,X1=1_k=-4,,,-4.0,pretrend,-0.2310698124696151,-0.2350214783711957,0.23247847217268824,-0.6888707565989282,-0.6222889429867252,0.14289026980462918,0.2165341997826957,0.18,0.36,0.36,-0.5999999999999998,correction_completion,PT_violation_het20,3,200,55,1921988967,raw_structured,,,,
PRE_SUB,X1=1_k=-3,,,-3.0,pretrend,-0.25630715514224317,-0.25503272343093086,0.2279046721147508,-0.712497556476428,-0.6263466309505761,0.0959044408453746,0.15900297300230926,0.16933333333333334,0.33866666666666667,0.33866666666666667,-0.39999999999999986,correction_completion,PT_violation_het20,3,200,55,1921988967,raw_structured,,,,
PRE_SUB,X1=1_k=-2,,,-2.0,pretrend,-0.26234854567968274,-0.25790632988256473,0.23723937533664946,-0.7311501269411546,-0.6620437392456825,0.022937260885750634,0.0814214378670866,0.25266666666666665,0.5053333333333333,0.5053333333333333,-0.19999999999999993,correction_completion,PT_violation_het20,3,200,55,1921988967,raw_structured,,,,
PRE_SUB,X2=low_k=-4,,,-4.0,pretrend,0.050480474721059286,0.04267291996305925,0.1844055583014088,-0.315655183834261,-0.24705491810234922,0.36038080273394074,0.41119370759124524,0.4093333333333333,0.8186666666666667,0.8186666666666667,-0.05454545454545454,correction_completion,PT_violation_het20,3,200,55,1921988967,raw_structured,,,,
PRE_SUB,X2=low_k=-3,,,-3.0,pretrend,0.016423526432841833,0.010121676805211872,0.17808626473306083,-0.3376001913810464,-0.282175122043648,0.31099890596698326,0.35419326331044565,0.47733333333333333,0.9546666666666667,0.9546666666666667,-0.03636363636363636,correction_completion,PT_violation_het20,3,200,55,1921988967,raw_structured,,,,
PRE_SUB,X2=low_k=-2,,,-2.0,pretrend,-0.06084932674325615,-0.028914404053986816,0.17467604829085823,-0.4054282223498317,-0.35724717496157005,0.2218505873015662,0.2660118843208687,0.46066666666666667,0.9213333333333333,0.9213333333333333,-0.01818181818181818,correction_completion,PT_violation_het20,3,200,55,1921988967,raw_structured,,,,
PRE_SUB,X2=high_k=-4,,,-4.0,pretrend,0.08098926718315737,0.07188735278825248,0.1854331716052479,-0.2882814302622389,-0.22288243486302012,0.3921707545574846,0.4366145457312477,0.348,0.696,0.696,-0.018181818181818177,correction_completion,PT_violation_het20,3,200,55,1921988967,raw_structured,,,,
PRE_SUB,X2=high_k=-3,,,-3.0,pretrend,0.044741846327179036,0.038395194069699885,0.17932586868345893,-0.2969608325727739,-0.25628638823129024,0.3466157890395187,0.3917702186023245,0.42533333333333334,0.8506666666666667,0.8506666666666667,-0.012121212121212118,correction_completion,PT_violation_het20,3,200,55,1921988967,raw_structured,,,,
PRE_SUB,X2=high_k=-2,,,-2.0,pretrend,-0.043988781239610454,-0.006724443637809259,0.17349622402675052,-0.3914924026041387,-0.3382689319181753,0.24120965628923513,0.29343645475820296,0.4846666666666667,0.9693333333333334,0.9693333333333334,-0.006060606060606059,correction_completion,PT_violation_het20,3,200,55,1921988967,raw_structured,,,,
PRE_SUBC,X1_k=-4,,,-4.0,pretrend,-0.6360548587930721,-0.6420283777487892,0.30146328456580246,-1.1952953703328353,-1.1121813907875056,-3.4347524824341096e-17,1.14665221762066e-16,0.048666666666666664,0.09733333333333333,0.09733333333333333,-1.1999999999999993,correction_completion,PT_violation_het20,3,200,55,1921988967,raw_structured,,,,
PRE_SUBC,X1_k=-3,,,-3.0,pretrend,-0.6143867840772965,-0.628705910074306,0.30001470471705477,-1.1428568609020946,-1.0896596129118503,0.0,1.14665221762066e-16,0.06333333333333334,0.12666666666666668,0.12666666666666668,-0.7999999999999996,correction_completion,PT_violation_het20,3,200,55,1921988967,raw_structured,,,,
PRE_SUBC,X1_k=-2,,,-2.0,pretrend,-0.4484875235600269,-0.5174793394164022,0.3468017852066628,-1.0701463191081824,-0.9612173708535383,1.1102230246251565e-16,3.595214403961909e-16,0.22933333333333333,0.45866666666666667,0.45866666666666667,-0.3999999999999998,correction_completion,PT_violation_het20,3,200,55,1921988967,raw_structured,,,,
PRE_SUBC,X1_slope,,,,pretrend,0.25610183343527404,0.26113875576459256,0.12348585227143336,-4.2153780466236414e-17,1.2266973151550286e-17,0.4456611376360689,0.4771210741073588,0.048,0.096,0.096,0.3999999999999998,correction_completion,PT_violation_het20,3,200,55,1921988967,raw_structured,,,,
PRE_SUBC,X2_k=-4,,,-4.0,pretrend,0.03050879246209809,0.02006720969629635,0.0569743375941378,-3.3306690738754696e-16,0.0,0.11244829382419033,0.1832221948727983,0.06333333333333334,0.12666666666666668,0.12666666666666668,0.03636363636363637,correction_completion,PT_violation_het20,3,200,55,1921988967,raw_structured,,,,
PRE_SUBC,X2_k=-3,,,-3.0,pretrend,0.028318319894337207,0.019543952302559772,0.05263800664353864,-2.4255228901759463e-16,0.0,0.10501358702792939,0.14567419642788026,0.07333333333333333,0.14666666666666667,0.14666666666666667,0.024242424242424246,correction_completion,PT_violation_het20,3,200,55,1921988967,raw_structured,,,,
PRE_SUBC,X2_k=-2,,,-2.0,pretrend,0.016860545503645706,0.015744826684048266,0.03754615319366047,-3.3306690738754696e-16,-1.249000902703301e-16,0.03205338590663206,0.0378211395926509,0.24466666666666667,0.48933333333333334,0.48933333333333334,0.012121212121212123,correction_completion,PT_violation_het20,3,200,55,1921988967,raw_structured,,,,
PRE_SUBC,X2_slope,,,,pretrend,-0.011787397334186742,-0.008232688618707452,0.021148630226638064,-0.06657639027395765,-0.03987829301149353,0.0,1.2471422704076082e-16,0.06066666666666667,0.12133333333333333,0.12133333333333333,-0.012121212121212123,correction_completion,PT_violation_het20,3,200,55,1921988967,raw_structured,,,,
PRE,k=-4,,,-4.0,reference_fold_pretrend,-0.0019289909724448835,-0.01354758068663996,0.17699503773584474,-0.33564452740349754,-0.2860472642881874,0.29990268618949056,0.35737899556472413,0.474,0.948,0.948,-0.030303030303030297,correction_completion,PT_violation_het20,3,200,55,1921988967,reference_fold_convolution_rf,,,,
PRE,k=-3,,,-3.0,reference_fold_pretrend,-0.03331739318468624,-0.03213365475824052,0.16101628517494448,-0.34404115519614825,-0.3018860165963313,0.23296514804120486,0.2882645943826313,0.4146666666666667,0.8293333333333334,0.8293333333333334,-0.020202020202020197,correction_completion,PT_violation_het20,3,200,55,1921988967,reference_fold_convolution_rf,,,,
PRE,k=-2,,,-2.0,reference_fold_pretrend,-0.08268270038433342,-0.07814176683369733,0.14750772162565245,-0.3846807178367146,-0.32853743722856377,0.14837895910149446,0.1981509250853081,0.31133333333333335,0.6226666666666667,0.6226666666666667,-0.010101010101010098,correction_completion,PT_violation_het20,3,200,55,1921988967,reference_fold_convolution_rf,,,,
PRE,slope,,,,reference_fold_pretrend,0.011078889976502897,0.013279255404439014,0.06499649243876424,-0.11517037761499663,-0.09587274348905814,0.11563549831294095,0.1376618434879129,0.416,0.832,0.832,0.010101010101010098,correction_completion,PT_violation_het20,3,200,55,1921988967,reference_fold_convolution_rf,,,,
PRE_SUB,X1=0_k=-4,,,-4.0,reference_fold_pretrend,0.17395968654885965,0.17313185578287066,0.21655854389258045,-0.23777117192344252,-0.17569756391796632,0.5404481297299892,0.6272645671701244,0.20933333333333334,0.4186666666666667,0.4186666666666667,0.5999999999999996,correction_completion,PT_violation_het20,3,200,55,1921988967,reference_fold_convolution_rf,,,,
PRE_SUB,X1=0_k=-3,,,-3.0,reference_fold_pretrend,0.13696139530852533,0.12531839219228622,0.20182254028045152,-0.23169482414647458,-0.1809629996383575,0.4837243636308957,0.5618086915860399,0.24466666666666667,0.48933333333333334,0.48933333333333334,0.3999999999999998,correction_completion,PT_violation_het20,3,200,55,1921988967,reference_fold_convolution_rf,,,,
PRE_SUB,X1=0_k=-2,,,-2.0,reference_fold_pretrend,0.04685009089729044,0.025305587996678043,0.18486444620776118,-0.3118789945864745,-0.25428308582726555,0.3690448273259076,0.4241745016013388,0.4513333333333333,0.9026666666666666,0.9026666666666666,0.1999999999999999,correction_completion,PT_violation_het20,3,200,55,1921988967,reference_fold_convolution_rf,,,,
PRE_SUB,X1=1_k=-4,,,-4.0,reference_fold_pretrend,-0.16090529565516243,-0.15687524453017201,0.21648375382740592,-0.5953782082957142,-0.5347248694654779,0.18499564667451077,0.27089222851004074,0.23,0.46,0.46,-0.5999999999999998,correction_completion,PT_violation_het20,3,200,55,1921988967,reference_fold_convolution_rf,,,,
PRE_SUB,X1=1_k=-3,,,-3.0,reference_fold_pretrend,-0.18722322124585825,-0.17178364549686748,0.2044375375256823,-0.5970281108272426,-0.5429569101263035,0.13063715245312202,0.1971604472694054,0.182,0.364,0.364,-0.39999999999999986,correction_completion,PT_violation_het20,3,200,55,1921988967,reference_fold_convolution_rf,,,,
PRE_SUB,X1=1_k=-2,,,-2.0,reference_fold_pretrend,-0.19976041558118576,-0.18510852995429647,0.1913941529776446,-0.6122438674035497,-0.540348163768673,0.06868502749658136,0.12180066456903003,0.16,0.32,0.32,-0.19999999999999993,correction_completion,PT_violation_het20,3,200,55,1921988967,reference_fold_convolution_rf,,,,
PRE_SUB,X2=low_k=-4,,,-4.0,reference_fold_pretrend,-0.0026732211306370888,-0.014900818200339144,0.17918466160259172,-0.3475621181689926,-0.28805919279374503,0.30222742298234145,0.3664088733987459,0.4653333333333333,0.9306666666666666,0.9306666666666666,-0.05454545454545454,correction_completion,PT_violation_het20,3,200,55,1921988967,reference_fold_convolution_rf,,,,
PRE_SUB,X2=low_k=-3,,,-3.0,reference_fold_pretrend,-0.034209726726343904,-0.03117868971735238,0.162276716057677,-0.3585950019318744,-0.30443650569510233,0.23015677705350268,0.2810757880828565,0.4126666666666667,0.8253333333333334,0.8253333333333334,-0.03636363636363636,correction_completion,PT_violation_het20,3,200,55,1921988967,reference_fold_convolution_rf,,,,
PRE_SUB,X2=low_k=-2,,,-2.0,reference_fold_pretrend,-0.08011667400645264,-0.07288421504559783,0.14862001039619607,-0.3842423316285516,-0.32733496039429877,0.14877330036578404,0.20636172904666053,0.32066666666666666,0.6413333333333333,0.6413333333333333,-0.01818181818181818,correction_completion,PT_violation_het20,3,200,55,1921988967,reference_fold_convolution_rf,,,,
PRE_SUB,X2=high_k=-4,,,-4.0,reference_fold_pretrend,0.007999656781484477,-0.002648123486248823,0.18005124909783202,-0.3330310995932941,-0.27671275766051284,0.31026019636750846,0.38141964369662545,0.49333333333333335,0.9866666666666667,0.9866666666666667,-0.018181818181818177,correction_completion,PT_violation_het20,3,200,55,1921988967,reference_fold_convolution_rf,,,,
PRE_SUB,X2=high_k=-3,,,-3.0,reference_fold_pretrend,-0.02913350082921322,-0.030094420481107276,0.1624494273109378,-0.34141069311667555,-0.2924694258427676,0.23791588322127952,0.2953585121667646,0.4206666666666667,0.8413333333333334,0.8413333333333334,-0.012121212121212118,correction_completion,PT_violation_het20,3,200,55,1921988967,reference_fold_convolution_rf,,,,
PRE_SUB,X2=high_k=-2,,,-2.0,reference_fold_pretrend,-0.07519765357813213,-0.0649079536271879,0.14722602888925354,-0.3767338204223685,-0.32179219067515186,0.15241529215072303,0.21547005240748587,0.32266666666666666,0.6453333333333333,0.6453333333333333,-0.006060606060606059,correction_completion,PT_violation_het20,3,200,55,1921988967,reference_fold_convolution_rf,,,,
PRE_SUBC,X1_k=-4,,,-4.0,reference_fold_pretrend,-0.3348649822040221,-0.3298128648136144,0.24974484878437,-0.8511120333524572,-0.7597261936085047,0.040362442067186984,0.08571630499203998,0.096,0.192,0.192,-1.1999999999999993,correction_completion,PT_violation_het20,3,200,55,1921988967,reference_fold_convolution_rf,,,,
PRE_SUBC,X1_k=-3,,,-3.0,reference_fold_pretrend,-0.3241846165543836,-0.3183674552144722,0.24822083743223952,-0.8251267271513545,-0.7497291972449194,0.044128621085453165,0.08048469584693352,0.1,0.2,0.2,-0.7999999999999996,correction_completion,PT_violation_het20,3,200,55,1921988967,reference_fold_convolution_rf,,,,
PRE_SUBC,X1_k=-2,,,-2.0,reference_fold_pretrend,-0.2466105064784762,-0.24350835808341617,0.234451348947967,-0.7413483900461688,-0.6650347522504332,0.06804138942731591,0.09097918266525054,0.194,0.388,0.388,-0.3999999999999998,correction_completion,PT_violation_het20,3,200,55,1921988967,reference_fold_convolution_rf,,,,
PRE_SUBC,X1_slope,,,,reference_fold_pretrend,0.13568390615709355,0.13365708539711535,0.10159999712870336,-0.02936878343221806,-0.012472162886372436,0.3097635777077967,0.34075566523792306,0.092,0.184,0.184,0.3999999999999998,correction_completion,PT_violation_het20,3,200,55,1921988967,reference_fold_convolution_rf,,,,
PRE_SUBC,X2_k=-4,,,-4.0,reference_fold_pretrend,0.010672877912121567,0.0033833176803496692,0.05516366009278504,-0.07341080570680199,-0.061442015548546294,0.10188109614074804,0.13121398360054298,0.4666666666666667,0.9333333333333333,0.9333333333333333,0.03636363636363637,correction_completion,PT_violation_het20,3,200,55,1921988967,reference_fold_convolution_rf,,,,
PRE_SUBC,X2_k=-3,,,-3.0,reference_fold_pretrend,0.005076225897130678,-0.0013280984006487622,0.050504180756247914,-0.07338071136824062,-0.06256420223383105,0.08975847540989494,0.1157430081166354,0.48733333333333334,0.9746666666666667,0.9746666666666667,0.024242424242424246,correction_completion,PT_violation_het20,3,200,55,1921988967,reference_fold_convolution_rf,,,,
PRE_SUBC,X2_k=-2,,,-2.0,reference_fold_pretrend,0.004919020428320512,0.0,0.041840498569844634,-0.06155841391865317,-0.04889306676575637,0.07961680921286836,0.09602254296284576,0.518,1.0,1.0,0.012121212121212123,correction_completion,PT_violation_het20,3,200,55,1921988967,reference_fold_convolution_rf,,,,
PRE_SUBC,X2_slope,,,,reference_fold_pretrend,-0.0033635789970676115,-0.0006931118434662796,0.020549493362123313,-0.0472298834030158,-0.039398174010192424,0.023366489105933346,0.028224742745559177,0.4826666666666667,0.9653333333333334,0.9653333333333334,-0.012121212121212123,correction_completion,PT_violation_het20,3,200,55,1921988967,reference_fold_convolution_rf,,,,
PRE,k=-4,,,-4.0,pretrend,-0.06331142758489876,-0.05988828775279479,0.1930298974141537,-0.44328507757164226,-0.37379086350947316,0.2531378112113554,0.30939304079177526,0.36333333333333334,0.7266666666666667,0.7266666666666667,-0.04615384615384615,correction_completion,PT_violation_het40,3,200,39,3292393817,raw_structured,,,,
PRE,k=-3,,,-3.0,pretrend,-0.03128592296454861,-0.035974942863714325,0.18731639639361178,-0.39299642011003866,-0.33370566633802357,0.27105731397601857,0.33536817624858234,0.43066666666666664,0.8613333333333333,0.8613333333333333,-0.030769230769230767,correction_completion,PT_violation_het40,3,200,39,3292393817,raw_structured,,,,
PRE,k=-2,,,-2.0,pretrend,0.05707271715223007,0.04235451225613329,0.18724571008067162,-0.32919352070972635,-0.25243347707416874,0.3547277029431899,0.4134429594446523,0.43466666666666665,0.8693333333333333,0.8693333333333333,-0.015384615384615384,correction_completion,PT_violation_het40,3,200,39,3292393817,raw_structured,,,,
PRE,slope,,,,pretrend,0.013959529395111673,0.014703871195120302,0.07222203632604614,-0.1277746522358413,-0.10363063346778595,0.12717164894753613,0.1536120466186186,0.4186666666666667,0.8373333333333334,0.8373333333333334,0.015384615384615384,correction_completion,PT_violation_het40,3,200,39,3292393817,raw_structured,,,,
PRE_SUB,X1=0_k=-4,,,-4.0,pretrend,0.6981507304378266,0.6881898661443773,0.25461444988672455,0.23326765767660826,0.29878546545219525,1.1196887516125194,1.1983132094100373,0.002,0.004,0.004,1.1999999999999997,correction_completion,PT_violation_het40,3,200,39,3292393817,raw_structured,,,,
PRE_SUB,X1=0_k=-3,,,-3.0,pretrend,0.7040413480248294,0.6972246667562221,0.25648698748357895,0.23592036986790976,0.30219101763706147,1.1467729010463426,1.2235801863447875,0.0013333333333333333,0.0026666666666666666,0.0026666666666666666,0.7999999999999998,correction_completion,PT_violation_het40,3,200,39,3292393817,raw_structured,,,,
PRE_SUB,X1=0_k=-2,,,-2.0,pretrend,0.3927457141662659,0.4171841651436747,0.2852522564991327,-0.10593951593310531,0.0,0.8287187174268165,0.9130045304872776,0.17066666666666666,0.3413333333333333,0.3413333333333333,0.3999999999999999,correction_completion,PT_violation_het40,3,200,39,3292393817,raw_structured,,,,
PRE_SUB,X1=1_k=-4,,,-4.0,pretrend,-0.7683689813096447,-0.7639031543043495,0.25486121544525464,-1.267074076661701,-1.179615476927259,-0.3509879228402016,-0.2811720419346576,0.0006666666666666666,0.0013333333333333333,0.0013333333333333333,-1.1999999999999995,correction_completion,PT_violation_het40,3,200,39,3292393817,raw_structured,,,,
PRE_SUB,X1=1_k=-3,,,-3.0,pretrend,-0.7121445072139726,-0.7078683190548924,0.2396052767085067,-1.1822921344494228,-1.1092070925547528,-0.31298225181824224,-0.24753398764504045,0.0013333333333333333,0.0026666666666666666,0.0026666666666666666,-0.7999999999999997,correction_completion,PT_violation_het40,3,200,39,3292393817,raw_structured,,,,
PRE_SUB,X1=1_k=-2,,,-2.0,pretrend,-0.25373561341632167,-0.2399432939721059,0.26084267878322975,-0.7851371706887782,-0.6938196237889108,0.08659383190568495,0.17106120861279542,0.276,0.552,0.552,-0.39999999999999986,correction_completion,PT_violation_het40,3,200,39,3292393817,raw_structured,,,,
PRE_SUB,X2=low_k=-4,,,-4.0,pretrend,-0.02664223245326228,-0.022470560689983106,0.20187596972327682,-0.4172149331486527,-0.3477834382528869,0.295798026707044,0.3571805959619214,0.45,0.9,0.9,0.03428571428571431,correction_completion,PT_violation_het40,3,200,39,3292393817,raw_structured,,,,
PRE_SUB,X2=low_k=-3,,,-3.0,pretrend,0.00346169585339544,-0.003516667046700777,0.19635144180035624,-0.3857409786814015,-0.3120100322415686,0.3169205541325392,0.3836978922292052,0.49466666666666664,0.9893333333333333,0.9893333333333333,0.02285714285714287,correction_completion,PT_violation_het40,3,200,39,3292393817,raw_structured,,,,
PRE_SUB,X2=low_k=-2,,,-2.0,pretrend,0.06405328658635373,0.0532919265564277,0.1971550623071827,-0.344101398665262,-0.27356552442526605,0.3760697563324742,0.43734465766023933,0.42866666666666664,0.8573333333333333,0.8573333333333333,0.011428571428571436,correction_completion,PT_violation_het40,3,200,39,3292393817,raw_structured,,,,
PRE_SUB,X2=high_k=-4,,,-4.0,pretrend,-0.1402302357534665,-0.13618916964287264,0.2012838620905729,-0.5408239881948695,-0.4710651200104833,0.18398906919112074,0.23873451941733353,0.23866666666666667,0.47733333333333333,0.47733333333333333,-0.17142857142857143,correction_completion,PT_violation_het40,3,200,39,3292393817,raw_structured,,,,
PRE_SUB,X2=high_k=-3,,,-3.0,pretrend,-0.10505164792413961,-0.108274612159866,0.19463301541804165,-0.4974350200925868,-0.4145383234677998,0.20980018128843367,0.26365767613786006,0.3006666666666667,0.6013333333333334,0.6013333333333334,-0.11428571428571428,correction_completion,PT_violation_het40,3,200,39,3292393817,raw_structured,,,,
PRE_SUB,X2=high_k=-2,,,-2.0,pretrend,0.027997120235394364,0.00953044997674362,0.1924936166623954,-0.38182104824706425,-0.3017121319587967,0.3355686045085149,0.397116818921666,0.47933333333333333,0.9586666666666667,0.9586666666666667,-0.05714285714285714,correction_completion,PT_violation_het40,3,200,39,3292393817,raw_structured,,,,
PRE_SUBC,X1_k=-4,,,-4.0,pretrend,-1.4665197117474715,-1.47160231470881,0.33271124529840473,-2.137818532125619,-2.0111556401473183,-0.9200616570411512,-0.8345047425543133,0.0,0.0,0.0,-2.3999999999999995,correction_completion,PT_violation_het40,3,200,39,3292393817,raw_structured,,,,
PRE_SUBC,X1_k=-3,,,-3.0,pretrend,-1.416185855238802,-1.4193318639889958,0.32489186100376677,-2.0687803175348565,-1.9389817368114548,-0.879959471234591,-0.7918529611415586,0.0,0.0,0.0,-1.5999999999999996,correction_completion,PT_violation_het40,3,200,39,3292393817,raw_structured,,,,
PRE_SUBC,X1_k=-2,,,-2.0,pretrend,-0.6464813275825876,-0.6904953461620493,0.39721493357981474,-1.3421408034613367,-1.2463343325642438,0.0,1.1102230246251565e-16,0.14466666666666667,0.28933333333333333,0.28933333333333333,-0.7999999999999998,correction_completion,PT_violation_het40,3,200,39,3292393817,raw_structured,,,,
PRE_SUBC,X1_slope,,,,pretrend,0.5627437266644718,0.5667177193872605,0.13304879371267891,0.30678517485592277,0.33664603318166014,0.778331689084508,0.8251282347446645,0.0,0.0,0.0,0.7999999999999998,correction_completion,PT_violation_het40,3,200,39,3292393817,raw_structured,,,,
PRE_SUBC,X2_k=-4,,,-4.0,pretrend,-0.11358800330020419,-0.12352551122533448,0.10750008141885216,-0.3147828365885197,-0.19364973821004366,0.1201003194877905,0.21434508572861014,0.06933333333333333,0.13866666666666666,0.13866666666666666,-0.20571428571428574,correction_completion,PT_violation_het40,3,200,39,3292393817,raw_structured,,,,
PRE_SUBC,X2_k=-3,,,-3.0,pretrend,-0.10851334377753506,-0.12018595580936521,0.10728765232175337,-0.3113530127455935,-0.1834236013322416,0.1353635000411207,0.21770783265932525,0.07066666666666667,0.14133333333333334,0.14133333333333334,-0.13714285714285715,correction_completion,PT_violation_het40,3,200,39,3292393817,raw_structured,,,,
PRE_SUBC,X2_k=-2,,,-2.0,pretrend,-0.036056166350959366,-0.05618661801195955,0.09785605407536788,-0.12612610626650575,-0.11084810823268132,0.2080357814385795,0.2801110699736535,0.22866666666666666,0.4573333333333333,0.4573333333333333,-0.06857142857142857,correction_completion,PT_violation_het40,3,200,39,3292393817,raw_structured,,,,
PRE_SUBC,X2_slope,,,,pretrend,0.04241763312904586,0.047885548568573945,0.044126859393211454,-0.09756491501942949,-0.059111338398972736,0.07460939247467713,0.12028593380062692,0.07333333333333333,0.14666666666666667,0.14666666666666667,0.06857142857142857,correction_completion,PT_violation_het40,3,200,39,3292393817,raw_structured,,,,
PRE,k=-4,,,-4.0,reference_fold_pretrend,-0.1804859765989673,-0.18601723049015906,0.1821981933145223,-0.5398812190470269,-0.48497046600947386,0.12639641375014263,0.17740703486626813,0.164,0.328,0.328,-0.04615384615384615,correction_completion,PT_violation_het40,3,200,39,3292393817,reference_fold_convolution_rf,,,,
PRE,k=-3,,,-3.0,reference_fold_pretrend,-0.12552613758894485,-0.12806028698748417,0.1756682567268947,-0.4787673262408619,-0.410152637370088,0.1552014297254288,0.22158166250758304,0.24333333333333335,0.4866666666666667,0.4866666666666667,-0.030769230769230767,correction_completion,PT_violation_het40,3,200,39,3292393817,reference_fold_convolution_rf,,,,
PRE,k=-2,,,-2.0,reference_fold_pretrend,-0.05034474423027014,-0.054985469154759326,0.16611854402967924,-0.3705020440600377,-0.3188579559184098,0.22244279208995654,0.2770153929362628,0.38466666666666666,0.7693333333333333,0.7693333333333333,-0.015384615384615384,correction_completion,PT_violation_het40,3,200,39,3292393817,reference_fold_convolution_rf,,,,
PRE,slope,,,,reference_fold_pretrend,0.060203924943218697,0.06090180613433298,0.06818177709031761,-0.07320452203498605,-0.05164675486339483,0.17023540870433093,0.19511953388334866,0.19,0.38,0.38,0.015384615384615384,correction_completion,PT_violation_het40,3,200,39,3292393817,reference_fold_convolution_rf,,,,
PRE_SUB,X1=0_k=-4,,,-4.0,reference_fold_pretrend,0.42731885029451677,0.4271387484115243,0.2356196244222327,-0.024923023156538483,0.04044137277208506,0.8142445172915429,0.918921954979387,0.030666666666666665,0.06133333333333333,0.06133333333333333,1.1999999999999997,correction_completion,PT_violation_het40,3,200,39,3292393817,reference_fold_convolution_rf,,,,
PRE_SUB,X1=0_k=-3,,,-3.0,reference_fold_pretrend,0.45999961600290656,0.4593312114058109,0.2204156340240857,0.03151215434297806,0.0914320101236605,0.8139403092092149,0.8769713287329982,0.016666666666666666,0.03333333333333333,0.03333333333333333,0.7999999999999998,correction_completion,PT_violation_het40,3,200,39,3292393817,reference_fold_convolution_rf,,,,
PRE_SUB,X1=0_k=-2,,,-2.0,reference_fold_pretrend,0.310786371263397,0.3118611820756362,0.2305604343567231,-0.13081956721812138,-0.06424562223301156,0.6846244789392453,0.7543997153992943,0.09533333333333334,0.19066666666666668,0.19066666666666668,0.3999999999999999,correction_completion,PT_violation_het40,3,200,39,3292393817,reference_fold_convolution_rf,,,,
PRE_SUB,X1=1_k=-4,,,-4.0,reference_fold_pretrend,-0.7432682237225637,-0.7476664175962244,0.23497999037710793,-1.2098946751525683,-1.120894502102108,-0.36853392871946644,-0.28876579999829854,0.0,0.0,0.0,-1.1999999999999995,correction_completion,PT_violation_het40,3,200,39,3292393817,reference_fold_convolution_rf,,,,
PRE_SUB,X1=1_k=-3,,,-3.0,reference_fold_pretrend,-0.6676796131369555,-0.6665095808286311,0.23480727920038003,-1.119784931766438,-1.049224595647871,-0.2799968198497899,-0.2201079173279072,0.0013333333333333333,0.0026666666666666666,0.0026666666666666666,-0.7999999999999997,correction_completion,PT_violation_het40,3,200,39,3292393817,reference_fold_convolution_rf,,,,
PRE_SUB,X1=1_k=-2,,,-2.0,reference_fold_pretrend,-0.38472540672440636,-0.3754811687032481,0.2342519329035196,-0.8493854573159126,-0.7781684387726954,1.9437877913899943e-05,0.07278174555895686,0.06066666666666667,0.12133333333333333,0.12133333333333333,-0.39999999999999986,correction_completion,PT_violation_het40,3,200,39,3292393817,reference_fold_convolution_rf,,,,
PRE_SUB,X2=low_k=-4,,,-4.0,reference_fold_pretrend,-0.16576384580187278,-0.16590681670706917,0.18979084088827736,-0.5378807853547128,-0.4802819146389894,0.1488244740267719,0.21210536245068734,0.18866666666666668,0.37733333333333335,0.37733333333333335,0.03428571428571431,correction_completion,PT_violation_het40,3,200,39,3292393817,reference_fold_convolution_rf,,,,
PRE_SUB,X2=low_k=-3,,,-3.0,reference_fold_pretrend,-0.10512143849138719,-0.10757942258426868,0.18186494141100482,-0.46320921446630614,-0.4013749548957987,0.1873216066082001,0.24493258114151223,0.28,0.56,0.56,0.02285714285714287,correction_completion,PT_violation_het40,3,200,39,3292393817,reference_fold_convolution_rf,,,,
PRE_SUB,X2=low_k=-2,,,-2.0,reference_fold_pretrend,-0.03797805734472589,-0.04262264459979593,0.17339002794000793,-0.377178895584302,-0.3129013126522784,0.2464062959586444,0.2937240502672874,0.4066666666666667,0.8133333333333334,0.8133333333333334,0.011428571428571436,correction_completion,PT_violation_het40,3,200,39,3292393817,reference_fold_convolution_rf,,,,
PRE_SUB,X2=high_k=-4,,,-4.0,reference_fold_pretrend,-0.261947059574813,-0.2655704460170442,0.18830182733476886,-0.6355727390736168,-0.5766426821494091,0.04356453646957343,0.10393491058971871,0.08133333333333333,0.16266666666666665,0.16266666666666665,-0.17142857142857143,correction_completion,PT_violation_het40,3,200,39,3292393817,reference_fold_convolution_rf,,,,
PRE_SUB,X2=high_k=-3,,,-3.0,reference_fold_pretrend,-0.20154635503755855,-0.2021739460878229,0.18277815723344681,-0.5711561951424745,-0.5076381322743262,0.09164958441120422,0.15693021652365577,0.13533333333333333,0.27066666666666667,0.27066666666666667,-0.11428571428571428,correction_completion,PT_violation_het40,3,200,39,3292393817,reference_fold_convolution_rf,,,,
PRE_SUB,X2=high_k=-2,,,-2.0,reference_fold_pretrend,-0.09482347053645507,-0.09858295555530372,0.1685469772677262,-0.41537975548730177,-0.36111829942358264,0.18210246637353344,0.2331185880738227,0.29,0.58,0.58,-0.05714285714285714,correction_completion,PT_violation_het40,3,200,39,3292393817,reference_fold_convolution_rf,,,,
PRE_SUBC,X1_k=-4,,,-4.0,reference_fold_pretrend,-1.1705870740170803,-1.174165350601498,0.2979729320921595,-1.792836509964788,-1.6405914515915248,-0.6841064535809588,-0.5704102494197589,0.0,0.0,0.0,-2.3999999999999995,correction_completion,PT_violation_het40,3,200,39,3292393817,reference_fold_convolution_rf,,,,
PRE_SUBC,X1_k=-3,,,-3.0,reference_fold_pretrend,-1.127679229139862,-1.1348608564642617,0.29090688621111965,-1.6701991047719884,-1.5864700539950078,-0.6314019144563918,-0.5247172240178427,0.0,0.0,0.0,-1.5999999999999996,correction_completion,PT_violation_het40,3,200,39,3292393817,reference_fold_convolution_rf,,,,
PRE_SUBC,X1_k=-2,,,-2.0,reference_fold_pretrend,-0.6955117779878033,-0.6935487969885727,0.3255325367677988,-1.3152845936238173,-1.2184823031313519,-0.08630173029685863,-0.005792047956779074,0.017333333333333333,0.034666666666666665,0.034666666666666665,-0.7999999999999998,correction_completion,PT_violation_het40,3,200,39,3292393817,reference_fold_convolution_rf,,,,
PRE_SUBC,X1_slope,,,,reference_fold_pretrend,0.4616165327370549,0.4651474244547141,0.11628467778749366,0.22030032958713414,0.26707239116802967,0.6478935724123813,0.6830482580195713,0.0,0.0,0.0,0.7999999999999998,correction_completion,PT_violation_het40,3,200,39,3292393817,reference_fold_convolution_rf,,,,
PRE_SUBC,X2_k=-4,,,-4.0,reference_fold_pretrend,-0.09618321377294023,-0.0939296983697798,0.07226754376234847,-0.26585890766727016,-0.18329699345594944,-0.004990211955502823,0.056670534965297656,0.04666666666666667,0.09333333333333334,0.09333333333333334,-0.20571428571428574,correction_completion,PT_violation_het40,3,200,39,3292393817,reference_fold_convolution_rf,,,,
PRE_SUBC,X2_k=-3,,,-3.0,reference_fold_pretrend,-0.09642491654617139,-0.09536038906799552,0.07038696409408436,-0.265222782106809,-0.17675881240793737,-0.0068714150016209435,0.04974571529909895,0.044,0.088,0.088,-0.13714285714285715,correction_completion,PT_violation_het40,3,200,39,3292393817,reference_fold_convolution_rf,,,,
PRE_SUBC,X2_k=-2,,,-2.0,reference_fold_pretrend,-0.056845413191729185,-0.059079773527119926,0.05200972774963274,-0.1439142411160017,-0.12994519024778842,0.01633842674406381,0.07135795304818335,0.08666666666666667,0.17333333333333334,0.17333333333333334,-0.06857142857142857,correction_completion,PT_violation_het40,3,200,39,3292393817,reference_fold_convolution_rf,,,,
PRE_SUBC,X2_slope,,,,reference_fold_pretrend,0.03844606340020661,0.03812282726783593,0.027264805901310987,-0.02275181989728697,0.003095083646641718,0.07264616693896513,0.10279156391086706,0.044,0.088,0.088,0.06857142857142857,correction_completion,PT_violation_het40,3,200,39,3292393817,reference_fold_convolution_rf,,,,
GATT,g=4_t=4,4.0,4.0,0.0,raw_structured,3.7991962665142163,3.7959761984657057,0.20788750720962598,3.4006376798506897,3.4676419419341524,4.146446484121062,4.220730394631234,0.0,0.0,0.0,3.7999144072868045,correction_completion,baseline_sweep,1,100,23,1787558877,raw_structured,,,,
GATT,g=4_t=5,4.0,5.0,1.0,raw_structured,3.7192749149633575,3.7252680197010273,0.19562151996498117,3.328292320868087,3.396072739692764,4.029867628639667,4.097258883536778,0.0,0.0,0.0,3.7999144072868045,correction_completion,baseline_sweep,1,100,23,1787558877,raw_structured,,,,
GATT,g=4_t=6,4.0,6.0,2.0,raw_structured,3.7094152132051526,3.714912930663009,0.19358398026819384,3.3295002227745374,3.3821115335853027,4.021705420745615,4.06590602881314,0.0,0.0,0.0,3.7999144072868045,correction_completion,baseline_sweep,1,100,23,1787558877,raw_structured,,,,
GATT,g=4_t=7,4.0,7.0,3.0,raw_structured,3.7251941831185933,3.7310654753932155,0.20829870962575317,3.326437657746471,3.375946470607564,4.047698672804367,4.14225881222055,0.0,0.0,0.0,3.7999144072868045,correction_completion,baseline_sweep,1,100,23,1787558877,raw_structured,,,,
ES,k=0,,,0.0,raw_structured,3.7991962665142163,3.7959761984657057,0.20788750720962598,3.4006376798506897,3.4676419419341524,4.146446484121062,4.220730394631234,0.0,0.0,0.0,3.7999144072868045,correction_completion,baseline_sweep,1,100,23,1787558877,raw_structured,,,,
ES,k=1,,,1.0,raw_structured,3.7192749149633575,3.7252680197010273,0.19562151996498117,3.328292320868087,3.396072739692764,4.029867628639667,4.097258883536778,0.0,0.0,0.0,3.7999144072868045,correction_completion,baseline_sweep,1,100,23,1787558877,raw_structured,,,,
ES,k=2,,,2.0,raw_structured,3.7094152132051526,3.714912930663009,0.19358398026819384,3.3295002227745374,3.3821115335853027,4.021705420745615,4.06590602881314,0.0,0.0,0.0,3.7999144072868045,correction_completion,baseline_sweep,1,100,23,1787558877,raw_structured,,,,
ES,k=3,,,3.0,raw_structured,3.7251941831185933,3.7310654753932155,0.20829870962575317,3.326437657746471,3.375946470607564,4.047698672804367,4.14225881222055,0.0,0.0,0.0,3.7999144072868045,correction_completion,baseline_sweep,1,100,23,1787558877,raw_structured,,,,
ATT,ATT,,,,raw_structured,3.7382701444503303,3.7385068557702645,0.17055986908735443,3.4029002820693557,3.4487987205964528,4.013145236232861,4.063203530143498,0.0,0.0,0.0,3.7999144072868045,correction_completion,baseline_sweep,1,100,23,1787558877,raw_structured,,,,
GATT,g=4_t=4,4.0,4.0,0.0,reference_fold_convolution,3.7854924377394235,3.788947114898293,0.35986143762216743,3.0750988727593573,3.1939885943544657,4.357584004081462,4.46366109519588,0.0,0.0,0.0,3.7999144072868045,correction_completion,baseline_sweep,1,100,23,1787558877,reference_fold_convolution_rf,1.606841256799257,23.53460983039853,,"{""0"": {""bar_pi"": 0.46, ""control_ess"": 23.53460983039853, ""fold_sizes"": [{""evaluation"": 50, ""fold"": 0, ""train"": 50}], ""global_fold_bb"": true, ""max_control_odds"": 1.4657396670769667, ""n_clipped"": 0, ""n_complement_units"": 50, ""n_eval_units"": 50, ""posterior_cache_key"": ""g=4_fold=0"", ""posterior_draws"": 1500, ""raw_max_control_odds"": 1.4657396670769667}, ""1"": {""bar_pi"": 0.44, ""control_ess"": 24.526808147355297, ""fold_sizes"": [{""evaluation"": 50, ""fold"": 0, ""train"": 50}], ""global_fold_bb"": true, ""max_control_odds"": 1.606841256799257, ""n_clipped"": 0, ""n_complement_units"": 50, ""n_eval_units"": 50, ""posterior_cache_key"": ""g=4_fold=1"", ""posterior_draws"": 1500, ""raw_max_control_odds"": 1.606841256799257}}"
GATT,g=4_t=5,4.0,5.0,1.0,reference_fold_convolution,3.5780123420847207,3.5745811053121868,0.3685784607971076,2.8379691425909526,2.9777160003180887,4.189176017274016,4.341416312042635,0.0,0.0,0.0,3.7999144072868045,correction_completion,baseline_sweep,1,100,23,1787558877,reference_fold_convolution_rf,1.606841256799257,23.53460983039853,,"{""0"": {""bar_pi"": 0.46, ""control_ess"": 23.53460983039853, ""fold_sizes"": [{""evaluation"": 50, ""fold"": 0, ""train"": 50}], ""global_fold_bb"": true, ""max_control_odds"": 1.4657396670769667, ""n_clipped"": 0, ""n_complement_units"": 50, ""n_eval_units"": 50, ""posterior_cache_key"": ""g=4_fold=0"", ""posterior_draws"": 1500, ""raw_max_control_odds"": 1.4657396670769667}, ""1"": {""bar_pi"": 0.44, ""control_ess"": 24.526808147355297, ""fold_sizes"": [{""evaluation"": 50, ""fold"": 0, ""train"": 50}], ""global_fold_bb"": true, ""max_control_odds"": 1.606841256799257, ""n_clipped"": 0, ""n_complement_units"": 50, ""n_eval_units"": 50, ""posterior_cache_key"": ""g=4_fold=1"", ""posterior_draws"": 1500, ""raw_max_control_odds"": 1.606841256799257}}"
GATT,g=4_t=6,4.0,6.0,2.0,reference_fold_convolution,3.5033379960814917,3.510619186171933,0.32293182771001055,2.891622212753516,2.9766706240399188,4.028827350965875,4.139935910756628,0.0,0.0,0.0,3.7999144072868045,correction_completion,baseline_sweep,1,100,23,1787558877,reference_fold_convolution_rf,1.606841256799257,23.53460983039853,,"{""0"": {""bar_pi"": 0.46, ""control_ess"": 23.53460983039853, ""fold_sizes"": [{""evaluation"": 50, ""fold"": 0, ""train"": 50}], ""global_fold_bb"": true, ""max_control_odds"": 1.4657396670769667, ""n_clipped"": 0, ""n_complement_units"": 50, ""n_eval_units"": 50, ""posterior_cache_key"": ""g=4_fold=0"", ""posterior_draws"": 1500, ""raw_max_control_odds"": 1.4657396670769667}, ""1"": {""bar_pi"": 0.44, ""control_ess"": 24.526808147355297, ""fold_sizes"": [{""evaluation"": 50, ""fold"": 0, ""train"": 50}], ""global_fold_bb"": true, ""max_control_odds"": 1.606841256799257, ""n_clipped"": 0, ""n_complement_units"": 50, ""n_eval_units"": 50, ""posterior_cache_key"": ""g=4_fold=1"", ""posterior_draws"": 1500, ""raw_max_control_odds"": 1.606841256799257}}"
GATT,g=4_t=7,4.0,7.0,3.0,reference_fold_convolution,3.5445472769652824,3.561946977912151,0.4028854202499244,2.736200784702555,2.8883987213791467,4.193943500253454,4.316062864886313,0.0,0.0,0.0,3.7999144072868045,correction_completion,baseline_sweep,1,100,23,1787558877,reference_fold_convolution_rf,1.606841256799257,23.53460983039853,,"{""0"": {""bar_pi"": 0.46, ""control_ess"": 23.53460983039853, ""fold_sizes"": [{""evaluation"": 50, ""fold"": 0, ""train"": 50}], ""global_fold_bb"": true, ""max_control_odds"": 1.4657396670769667, ""n_clipped"": 0, ""n_complement_units"": 50, ""n_eval_units"": 50, ""posterior_cache_key"": ""g=4_fold=0"", ""posterior_draws"": 1500, ""raw_max_control_odds"": 1.4657396670769667}, ""1"": {""bar_pi"": 0.44, ""control_ess"": 24.526808147355297, ""fold_sizes"": [{""evaluation"": 50, ""fold"": 0, ""train"": 50}], ""global_fold_bb"": true, ""max_control_odds"": 1.606841256799257, ""n_clipped"": 0, ""n_complement_units"": 50, ""n_eval_units"": 50, ""posterior_cache_key"": ""g=4_fold=1"", ""posterior_draws"": 1500, ""raw_max_control_odds"": 1.606841256799257}}"
ES,k=0,,,0.0,reference_fold_convolution,3.7854924377394235,3.788947114898293,0.35986143762216743,3.0750988727593573,3.1939885943544657,4.357584004081462,4.46366109519588,0.0,0.0,0.0,3.7999144072868045,correction_completion,baseline_sweep,1,100,23,1787558877,reference_fold_convolution_rf,,,,{}
ES,k=1,,,1.0,reference_fold_convolution,3.5780123420847207,3.5745811053121868,0.3685784607971076,2.8379691425909526,2.9777160003180887,4.189176017274016,4.341416312042635,0.0,0.0,0.0,3.7999144072868045,correction_completion,baseline_sweep,1,100,23,1787558877,reference_fold_convolution_rf,,,,{}
ES,k=2,,,2.0,reference_fold_convolution,3.5033379960814917,3.510619186171933,0.32293182771001055,2.891622212753516,2.9766706240399188,4.028827350965875,4.139935910756628,0.0,0.0,0.0,3.7999144072868045,correction_completion,baseline_sweep,1,100,23,1787558877,reference_fold_convolution_rf,,,,{}
ES,k=3,,,3.0,reference_fold_convolution,3.5445472769652824,3.561946977912151,0.4028854202499244,2.736200784702555,2.8883987213791467,4.193943500253454,4.316062864886313,0.0,0.0,0.0,3.7999144072868045,correction_completion,baseline_sweep,1,100,23,1787558877,reference_fold_convolution_rf,,,,{}
ATT,ATT,,,,reference_fold_convolution,3.6028475132177302,3.6117158297381935,0.3086673806791709,2.992702305997351,3.083243203458382,4.095398909570746,4.226842999571283,0.0,0.0,0.0,3.7999144072868045,correction_completion,baseline_sweep,1,100,23,1787558877,reference_fold_convolution_rf,,,,{}
GATT,g=4_t=4,4.0,4.0,0.0,raw_structured,3.8181065497197104,3.8249534430547394,0.10557159668200308,3.606614858629382,3.645321798876686,3.9846282929446812,4.01621054796691,0.0,0.0,0.0,3.7801775168030054,correction_completion,baseline_sweep,2,400,7,3852642309,raw_structured,,,,
GATT,g=4_t=5,4.0,5.0,1.0,raw_structured,3.8374885160347763,3.8414382897511556,0.1007268903751461,3.6272069592462817,3.6657628979121184,3.9995154577119885,4.030681407263378,0.0,0.0,0.0,3.7801775168030054,correction_completion,baseline_sweep,2,400,7,3852642309,raw_structured,,,,
GATT,g=4_t=6,4.0,6.0,2.0,raw_structured,3.92482723701812,3.917895969039836,0.10695441055126323,3.7345662807996556,3.7635472098561404,4.107096122154209,4.158548919075727,0.0,0.0,0.0,3.7801775168030054,correction_completion,baseline_sweep,2,400,7,3852642309,raw_structured,,,,
GATT,g=4_t=7,4.0,7.0,3.0,raw_structured,3.8983358518763027,3.896373632332497,0.10342033612155908,3.697044335087704,3.7230208280446977,4.068144345152713,4.100781660603535,0.0,0.0,0.0,3.7801775168030054,correction_completion,baseline_sweep,2,400,7,3852642309,raw_structured,,,,
ES,k=0,,,0.0,raw_structured,3.8181065497197104,3.8249534430547394,0.10557159668200308,3.606614858629382,3.645321798876686,3.9846282929446812,4.01621054796691,0.0,0.0,0.0,3.7801775168030054,correction_completion,baseline_sweep,2,400,7,3852642309,raw_structured,,,,
ES,k=1,,,1.0,raw_structured,3.8374885160347763,3.8414382897511556,0.1007268903751461,3.6272069592462817,3.6657628979121184,3.9995154577119885,4.030681407263378,0.0,0.0,0.0,3.7801775168030054,correction_completion,baseline_sweep,2,400,7,3852642309,raw_structured,,,,
ES,k=2,,,2.0,raw_structured,3.92482723701812,3.917895969039836,0.10695441055126323,3.7345662807996556,3.7635472098561404,4.107096122154209,4.158548919075727,0.0,0.0,0.0,3.7801775168030054,correction_completion,baseline_sweep,2,400,7,3852642309,raw_structured,,,,
ES,k=3,,,3.0,raw_structured,3.8983358518763027,3.896373632332497,0.10342033612155908,3.697044335087704,3.7230208280446977,4.068144345152713,4.100781660603535,0.0,0.0,0.0,3.7801775168030054,correction_completion,baseline_sweep,2,400,7,3852642309,raw_structured,,,,
ATT,ATT,,,,raw_structured,3.8696895386622274,3.8680000447013,0.07827211813024586,3.714648517926969,3.742674363173906,3.998489514863402,4.027129857792824,0.0,0.0,0.0,3.7801775168030054,correction_completion,baseline_sweep,2,400,7,3852642309,raw_structured,,,,
GATT,g=4_t=4,4.0,4.0,0.0,reference_fold_convolution,3.7619359024034202,3.7637328251644417,0.1720766898500501,3.4120636664187125,3.491574260910258,4.044095350198649,4.084409986367594,0.0,0.0,0.0,3.7801775168030054,correction_completion,baseline_sweep,2,400,7,3852642309,reference_fold_convolution_rf,2.8660370813138574,84.78557206079815,,"{""0"": {""bar_pi"": 0.51, ""control_ess"": 84.78557206079815, ""fold_sizes"": [{""evaluation"": 200, ""fold"": 0, ""train"": 200}], ""global_fold_bb"": true, ""max_control_odds"": 2.8660370813138574, ""n_clipped"": 0, ""n_complement_units"": 200, ""n_eval_units"": 200, ""posterior_cache_key"": ""g=4_fold=0"", ""posterior_draws"": 1500, ""raw_max_control_odds"": 2.8660370813138574}, ""1"": {""bar_pi"": 0.51, ""control_ess"": 90.63475168336947, ""fold_sizes"": [{""evaluation"": 200, ""fold"": 0, ""train"": 200}], ""global_fold_bb"": true, ""max_control_odds"": 2.168843320854166, ""n_clipped"": 0, ""n_complement_units"": 200, ""n_eval_units"": 200, ""posterior_cache_key"": ""g=4_fold=1"", ""posterior_draws"": 1500, ""raw_max_control_odds"": 2.168843320854166}}"
GATT,g=4_t=5,4.0,5.0,1.0,reference_fold_convolution,3.658360484901519,3.656763732934089,0.16919409984314732,3.3179493577631796,3.3728045035858463,3.923264450991953,3.9714425027695337,0.0,0.0,0.0,3.7801775168030054,correction_completion,baseline_sweep,2,400,7,3852642309,reference_fold_convolution_rf,2.8660370813138574,84.78557206079815,,"{""0"": {""bar_pi"": 0.51, ""control_ess"": 84.78557206079815, ""fold_sizes"": [{""evaluation"": 200, ""fold"": 0, ""train"": 200}], ""global_fold_bb"": true, ""max_control_odds"": 2.8660370813138574, ""n_clipped"": 0, ""n_complement_units"": 200, ""n_eval_units"": 200, ""posterior_cache_key"": ""g=4_fold=0"", ""posterior_draws"": 1500, ""raw_max_control_odds"": 2.8660370813138574}, ""1"": {""bar_pi"": 0.51, ""control_ess"": 90.63475168336947, ""fold_sizes"": [{""evaluation"": 200, ""fold"": 0, ""train"": 200}], ""global_fold_bb"": true, ""max_control_odds"": 2.168843320854166, ""n_clipped"": 0, ""n_complement_units"": 200, ""n_eval_units"": 200, ""posterior_cache_key"": ""g=4_fold=1"", ""posterior_draws"": 1500, ""raw_max_control_odds"": 2.168843320854166}}"
GATT,g=4_t=6,4.0,6.0,2.0,reference_fold_convolution,3.941207600317512,3.9428136524334327,0.16601726180419932,3.6157507711682357,3.6645055636405184,4.210154616937791,4.269161939715267,0.0,0.0,0.0,3.7801775168030054,correction_completion,baseline_sweep,2,400,7,3852642309,reference_fold_convolution_rf,2.8660370813138574,84.78557206079815,,"{""0"": {""bar_pi"": 0.51, ""control_ess"": 84.78557206079815, ""fold_sizes"": [{""evaluation"": 200, ""fold"": 0, ""train"": 200}], ""global_fold_bb"": true, ""max_control_odds"": 2.8660370813138574, ""n_clipped"": 0, ""n_complement_units"": 200, ""n_eval_units"": 200, ""posterior_cache_key"": ""g=4_fold=0"", ""posterior_draws"": 1500, ""raw_max_control_odds"": 2.8660370813138574}, ""1"": {""bar_pi"": 0.51, ""control_ess"": 90.63475168336947, ""fold_sizes"": [{""evaluation"": 200, ""fold"": 0, ""train"": 200}], ""global_fold_bb"": true, ""max_control_odds"": 2.168843320854166, ""n_clipped"": 0, ""n_complement_units"": 200, ""n_eval_units"": 200, ""posterior_cache_key"": ""g=4_fold=1"", ""posterior_draws"": 1500, ""raw_max_control_odds"": 2.168843320854166}}"
GATT,g=4_t=7,4.0,7.0,3.0,reference_fold_convolution,3.7369680810646932,3.7333509912079403,0.16472085892341437,3.4226798356758663,3.4659052211529002,4.010160912314103,4.062259833619062,0.0,0.0,0.0,3.7801775168030054,correction_completion,baseline_sweep,2,400,7,3852642309,reference_fold_convolution_rf,2.8660370813138574,84.78557206079815,,"{""0"": {""bar_pi"": 0.51, ""control_ess"": 84.78557206079815, ""fold_sizes"": [{""evaluation"": 200, ""fold"": 0, ""train"": 200}], ""global_fold_bb"": true, ""max_control_odds"": 2.8660370813138574, ""n_clipped"": 0, ""n_complement_units"": 200, ""n_eval_units"": 200, ""posterior_cache_key"": ""g=4_fold=0"", ""posterior_draws"": 1500, ""raw_max_control_odds"": 2.8660370813138574}, ""1"": {""bar_pi"": 0.51, ""control_ess"": 90.63475168336947, ""fold_sizes"": [{""evaluation"": 200, ""fold"": 0, ""train"": 200}], ""global_fold_bb"": true, ""max_control_odds"": 2.168843320854166, ""n_clipped"": 0, ""n_complement_units"": 200, ""n_eval_units"": 200, ""posterior_cache_key"": ""g=4_fold=1"", ""posterior_draws"": 1500, ""raw_max_control_odds"": 2.168843320854166}}"
ES,k=0,,,0.0,reference_fold_convolution,3.7619359024034202,3.7637328251644417,0.1720766898500501,3.4120636664187125,3.491574260910258,4.044095350198649,4.084409986367594,0.0,0.0,0.0,3.7801775168030054,correction_completion,baseline_sweep,2,400,7,3852642309,reference_fold_convolution_rf,,,,{}
ES,k=1,,,1.0,reference_fold_convolution,3.658360484901519,3.656763732934089,0.16919409984314732,3.3179493577631796,3.3728045035858463,3.923264450991953,3.9714425027695337,0.0,0.0,0.0,3.7801775168030054,correction_completion,baseline_sweep,2,400,7,3852642309,reference_fold_convolution_rf,,,,{}
ES,k=2,,,2.0,reference_fold_convolution,3.941207600317512,3.9428136524334327,0.16601726180419932,3.6157507711682357,3.6645055636405184,4.210154616937791,4.269161939715267,0.0,0.0,0.0,3.7801775168030054,correction_completion,baseline_sweep,2,400,7,3852642309,reference_fold_convolution_rf,,,,{}
ES,k=3,,,3.0,reference_fold_convolution,3.7369680810646932,3.7333509912079403,0.16472085892341437,3.4226798356758663,3.4659052211529002,4.010160912314103,4.062259833619062,0.0,0.0,0.0,3.7801775168030054,correction_completion,baseline_sweep,2,400,7,3852642309,reference_fold_convolution_rf,,,,{}
ATT,ATT,,,,reference_fold_convolution,3.774618017171786,3.7783081911836716,0.13904769938238962,3.497949654604919,3.5447759559934005,3.99588870086336,4.045269175644913,0.0,0.0,0.0,3.7801775168030054,correction_completion,baseline_sweep,2,400,7,3852642309,reference_fold_convolution_rf,,,,{}
GATT,g=4_t=4,4.0,4.0,0.0,raw_structured,3.9826490099389713,3.9780211936515157,0.11773176579146882,3.764892987749585,3.796092261405066,4.185288731370374,4.233461536898191,0.0,0.0,0.0,3.957585495940091,correction_completion,baseline_sweep_d3,3,400,91,1800244346,raw_structured,,,,
GATT,g=4_t=5,4.0,5.0,1.0,raw_structured,3.899829235240629,3.8970332180691996,0.10292991670085273,3.6997466053198966,3.7312863478124374,4.069843416731308,4.0901048516698495,0.0,0.0,0.0,3.957585495940091,correction_completion,baseline_sweep_d3,3,400,91,1800244346,raw_structured,,,,
GATT,g=4_t=6,4.0,6.0,2.0,raw_structured,3.8308322276126447,3.8412819921534265,0.10803840749351516,3.611594571417321,3.640073116388931,4.000391140944291,4.035047244268401,0.0,0.0,0.0,3.957585495940091,correction_completion,baseline_sweep_d3,3,400,91,1800244346,raw_structured,,,,
GATT,g=4_t=7,4.0,7.0,3.0,raw_structured,3.8583256171605482,3.859890270979021,0.10951168906476844,3.6424410418416966,3.6779091277270357,4.042597628045562,4.078881765448878,0.0,0.0,0.0,3.957585495940091,correction_completion,baseline_sweep_d3,3,400,91,1800244346,raw_structured,,,,
ES,k=0,,,0.0,raw_structured,3.9826490099389713,3.9780211936515157,0.11773176579146882,3.764892987749585,3.796092261405066,4.185288731370374,4.233461536898191,0.0,0.0,0.0,3.957585495940091,correction_completion,baseline_sweep_d3,3,400,91,1800244346,raw_structured,,,,
ES,k=1,,,1.0,raw_structured,3.899829235240629,3.8970332180691996,0.10292991670085273,3.6997466053198966,3.7312863478124374,4.069843416731308,4.0901048516698495,0.0,0.0,0.0,3.957585495940091,correction_completion,baseline_sweep_d3,3,400,91,1800244346,raw_structured,,,,
ES,k=2,,,2.0,raw_structured,3.8308322276126447,3.8412819921534265,0.10803840749351516,3.611594571417321,3.640073116388931,4.000391140944291,4.035047244268401,0.0,0.0,0.0,3.957585495940091,correction_completion,baseline_sweep_d3,3,400,91,1800244346,raw_structured,,,,
ES,k=3,,,3.0,raw_structured,3.8583256171605482,3.859890270979021,0.10951168906476844,3.6424410418416966,3.6779091277270357,4.042597628045562,4.078881765448878,0.0,0.0,0.0,3.957585495940091,correction_completion,baseline_sweep_d3,3,400,91,1800244346,raw_structured,,,,
ATT,ATT,,,,raw_structured,3.8929090224881984,3.8940036457292293,0.081361316289476,3.7293177506390287,3.756154772836931,4.023846909104857,4.052350590943476,0.0,0.0,0.0,3.9575854959400916,correction_completion,baseline_sweep_d3,3,400,91,1800244346,raw_structured,,,,
GATT,g=4_t=4,4.0,4.0,0.0,reference_fold_convolution,3.94496713312697,3.942963063747018,0.18629637613433622,3.571496042024697,3.646730280004173,4.255916013816462,4.321233757185697,0.0,0.0,0.0,3.957585495940091,correction_completion,baseline_sweep_d3,3,400,91,1800244346,reference_fold_convolution_rf,3.303476056368042,76.23963693519943,,"{""0"": {""bar_pi"": 0.51, ""control_ess"": 76.23963693519943, ""fold_sizes"": [{""evaluation"": 200, ""fold"": 0, ""train"": 200}], ""global_fold_bb"": true, ""max_control_odds"": 3.303476056368042, ""n_clipped"": 0, ""n_complement_units"": 200, ""n_eval_units"": 200, ""posterior_cache_key"": ""g=4_fold=0"", ""posterior_draws"": 1500, ""raw_max_control_odds"": 3.303476056368042}, ""1"": {""bar_pi"": 0.505, ""control_ess"": 87.74090477137192, ""fold_sizes"": [{""evaluation"": 200, ""fold"": 0, ""train"": 200}], ""global_fold_bb"": true, ""max_control_odds"": 2.4664448251228586, ""n_clipped"": 0, ""n_complement_units"": 200, ""n_eval_units"": 200, ""posterior_cache_key"": ""g=4_fold=1"", ""posterior_draws"": 1500, ""raw_max_control_odds"": 2.4664448251228586}}"
GATT,g=4_t=5,4.0,5.0,1.0,reference_fold_convolution,4.0545028398130665,4.050254407762774,0.183151632055212,3.7029448004411982,3.754375883816685,4.351699006603624,4.416327830233343,0.0,0.0,0.0,3.957585495940091,correction_completion,baseline_sweep_d3,3,400,91,1800244346,reference_fold_convolution_rf,3.303476056368042,76.23963693519943,,"{""0"": {""bar_pi"": 0.51, ""control_ess"": 76.23963693519943, ""fold_sizes"": [{""evaluation"": 200, ""fold"": 0, ""train"": 200}], ""global_fold_bb"": true, ""max_control_odds"": 3.303476056368042, ""n_clipped"": 0, ""n_complement_units"": 200, ""n_eval_units"": 200, ""posterior_cache_key"": ""g=4_fold=0"", ""posterior_draws"": 1500, ""raw_max_control_odds"": 3.303476056368042}, ""1"": {""bar_pi"": 0.505, ""control_ess"": 87.74090477137192, ""fold_sizes"": [{""evaluation"": 200, ""fold"": 0, ""train"": 200}], ""global_fold_bb"": true, ""max_control_odds"": 2.4664448251228586, ""n_clipped"": 0, ""n_complement_units"": 200, ""n_eval_units"": 200, ""posterior_cache_key"": ""g=4_fold=1"", ""posterior_draws"": 1500, ""raw_max_control_odds"": 2.4664448251228586}}"
GATT,g=4_t=6,4.0,6.0,2.0,reference_fold_convolution,3.8222440225635625,3.827335959713788,0.18704836435306263,3.4469333752772173,3.5047708203809087,4.127404332453533,4.182704624968104,0.0,0.0,0.0,3.957585495940091,correction_completion,baseline_sweep_d3,3,400,91,1800244346,reference_fold_convolution_rf,3.303476056368042,76.23963693519943,,"{""0"": {""bar_pi"": 0.51, ""control_ess"": 76.23963693519943, ""fold_sizes"": [{""evaluation"": 200, ""fold"": 0, ""train"": 200}], ""global_fold_bb"": true, ""max_control_odds"": 3.303476056368042, ""n_clipped"": 0, ""n_complement_units"": 200, ""n_eval_units"": 200, ""posterior_cache_key"": ""g=4_fold=0"", ""posterior_draws"": 1500, ""raw_max_control_odds"": 3.303476056368042}, ""1"": {""bar_pi"": 0.505, ""control_ess"": 87.74090477137192, ""fold_sizes"": [{""evaluation"": 200, ""fold"": 0, ""train"": 200}], ""global_fold_bb"": true, ""max_control_odds"": 2.4664448251228586, ""n_clipped"": 0, ""n_complement_units"": 200, ""n_eval_units"": 200, ""posterior_cache_key"": ""g=4_fold=1"", ""posterior_draws"": 1500, ""raw_max_control_odds"": 2.4664448251228586}}"
GATT,g=4_t=7,4.0,7.0,3.0,reference_fold_convolution,4.020727940644305,4.014473651741631,0.19368758551813975,3.6446991799759276,3.7133603766761727,4.346205764685298,4.421625116089276,0.0,0.0,0.0,3.957585495940091,correction_completion,baseline_sweep_d3,3,400,91,1800244346,reference_fold_convolution_rf,3.303476056368042,76.23963693519943,,"{""0"": {""bar_pi"": 0.51, ""control_ess"": 76.23963693519943, ""fold_sizes"": [{""evaluation"": 200, ""fold"": 0, ""train"": 200}], ""global_fold_bb"": true, ""max_control_odds"": 3.303476056368042, ""n_clipped"": 0, ""n_complement_units"": 200, ""n_eval_units"": 200, ""posterior_cache_key"": ""g=4_fold=0"", ""posterior_draws"": 1500, ""raw_max_control_odds"": 3.303476056368042}, ""1"": {""bar_pi"": 0.505, ""control_ess"": 87.74090477137192, ""fold_sizes"": [{""evaluation"": 200, ""fold"": 0, ""train"": 200}], ""global_fold_bb"": true, ""max_control_odds"": 2.4664448251228586, ""n_clipped"": 0, ""n_complement_units"": 200, ""n_eval_units"": 200, ""posterior_cache_key"": ""g=4_fold=1"", ""posterior_draws"": 1500, ""raw_max_control_odds"": 2.4664448251228586}}"
ES,k=0,,,0.0,reference_fold_convolution,3.94496713312697,3.942963063747018,0.18629637613433622,3.571496042024697,3.646730280004173,4.255916013816462,4.321233757185697,0.0,0.0,0.0,3.957585495940091,correction_completion,baseline_sweep_d3,3,400,91,1800244346,reference_fold_convolution_rf,,,,{}
ES,k=1,,,1.0,reference_fold_convolution,4.0545028398130665,4.050254407762774,0.183151632055212,3.7029448004411982,3.754375883816685,4.351699006603624,4.416327830233343,0.0,0.0,0.0,3.957585495940091,correction_completion,baseline_sweep_d3,3,400,91,1800244346,reference_fold_convolution_rf,,,,{}
ES,k=2,,,2.0,reference_fold_convolution,3.8222440225635625,3.827335959713788,0.18704836435306263,3.4469333752772173,3.5047708203809087,4.127404332453533,4.182704624968104,0.0,0.0,0.0,3.957585495940091,correction_completion,baseline_sweep_d3,3,400,91,1800244346,reference_fold_convolution_rf,,,,{}
ES,k=3,,,3.0,reference_fold_convolution,4.020727940644305,4.014473651741631,0.19368758551813975,3.6446991799759276,3.7133603766761727,4.346205764685298,4.421625116089276,0.0,0.0,0.0,3.957585495940091,correction_completion,baseline_sweep_d3,3,400,91,1800244346,reference_fold_convolution_rf,,,,{}
ATT,ATT,,,,reference_fold_convolution,3.960610484036976,3.961977242915464,0.15216892563180864,3.674329434948811,3.7123357798069985,4.212443914307482,4.26568391460474,0.0,0.0,0.0,3.9575854959400916,correction_completion,baseline_sweep_d3,3,400,91,1800244346,reference_fold_convolution_rf,,,,{}
GATT,g=4_t=4,4.0,4.0,0.0,raw_structured,4.123949722439205,4.1213130770634665,0.17212328667099533,3.8003401045931477,3.8479818370434655,4.416282835316869,4.471293494779613,0.0,0.0,0.0,3.825634938717757,correction_completion,selection_both,1,200,75,1395178956,raw_structured,,,,
GATT,g=4_t=5,4.0,5.0,1.0,raw_structured,3.875766494156965,3.8819285131969243,0.15364470163199753,3.5558821486409986,3.6155794963047776,4.119705560137905,4.167279426109092,0.0,0.0,0.0,3.825634938717757,correction_completion,selection_both,1,200,75,1395178956,raw_structured,,,,
GATT,g=4_t=6,4.0,6.0,2.0,raw_structured,3.9163720307880574,3.917106226421733,0.1418289895615785,3.642050770194923,3.681398268299305,4.147268623724246,4.187467112212106,0.0,0.0,0.0,3.825634938717757,correction_completion,selection_both,1,200,75,1395178956,raw_structured,,,,
GATT,g=4_t=7,4.0,7.0,3.0,raw_structured,3.903356510301907,3.9076139993839463,0.1537178497997133,3.5885229670609142,3.6450477015942875,4.155431986823943,4.20312625424907,0.0,0.0,0.0,3.825634938717757,correction_completion,selection_both,1,200,75,1395178956,raw_structured,,,,
ES,k=0,,,0.0,raw_structured,4.123949722439205,4.1213130770634665,0.17212328667099533,3.8003401045931477,3.8479818370434655,4.416282835316869,4.471293494779613,0.0,0.0,0.0,3.825634938717757,correction_completion,selection_both,1,200,75,1395178956,raw_structured,,,,
ES,k=1,,,1.0,raw_structured,3.875766494156965,3.8819285131969243,0.15364470163199753,3.5558821486409986,3.6155794963047776,4.119705560137905,4.167279426109092,0.0,0.0,0.0,3.825634938717757,correction_completion,selection_both,1,200,75,1395178956,raw_structured,,,,
ES,k=2,,,2.0,raw_structured,3.9163720307880574,3.917106226421733,0.1418289895615785,3.642050770194923,3.681398268299305,4.147268623724246,4.187467112212106,0.0,0.0,0.0,3.825634938717757,correction_completion,selection_both,1,200,75,1395178956,raw_structured,,,,
ES,k=3,,,3.0,raw_structured,3.903356510301907,3.9076139993839463,0.1537178497997133,3.5885229670609142,3.6450477015942875,4.155431986823943,4.20312625424907,0.0,0.0,0.0,3.825634938717757,correction_completion,selection_both,1,200,75,1395178956,raw_structured,,,,
ATT,ATT,,,,raw_structured,3.954861189421534,3.9534185867614164,0.11722733188602218,3.7292616400965777,3.7619126956795124,4.1399328501291555,4.173954575833893,0.0,0.0,0.0,3.8256349387177577,correction_completion,selection_both,1,200,75,1395178956,raw_structured,,,,
GATT,g=4_t=4,4.0,4.0,0.0,reference_fold_convolution,4.162250207051405,4.14802456073146,0.26644277030101854,3.6623804562406805,3.748020766458581,4.592731184703756,4.698854993353973,0.0,0.0,0.0,3.825634938717757,correction_completion,selection_both,1,200,75,1395178956,reference_fold_convolution_rf,4.127183273225784,30.816036929399836,,"{""0"": {""bar_pi"": 0.48, ""control_ess"": 37.97727927214528, ""fold_sizes"": [{""evaluation"": 100, ""fold"": 0, ""train"": 100}], ""global_fold_bb"": true, ""max_control_odds"": 4.127183273225784, ""n_clipped"": 0, ""n_complement_units"": 100, ""n_eval_units"": 100, ""posterior_cache_key"": ""g=4_fold=0"", ""posterior_draws"": 1500, ""raw_max_control_odds"": 4.127183273225784}, ""1"": {""bar_pi"": 0.59, ""control_ess"": 30.816036929399836, ""fold_sizes"": [{""evaluation"": 100, ""fold"": 0, ""train"": 100}], ""global_fold_bb"": true, ""max_control_odds"": 2.5126045786622537, ""n_clipped"": 0, ""n_complement_units"": 100, ""n_eval_units"": 100, ""posterior_cache_key"": ""g=4_fold=1"", ""posterior_draws"": 1500, ""raw_max_control_odds"": 2.5126045786622537}}"
GATT,g=4_t=5,4.0,5.0,1.0,reference_fold_convolution,3.606140381110915,3.61458017820855,0.2713282733592315,3.0289486433472153,3.152037590998055,4.024487152786652,4.107933705480194,0.0,0.0,0.0,3.825634938717757,correction_completion,selection_both,1,200,75,1395178956,reference_fold_convolution_rf,4.127183273225784,30.816036929399836,,"{""0"": {""bar_pi"": 0.48, ""control_ess"": 37.97727927214528, ""fold_sizes"": [{""evaluation"": 100, ""fold"": 0, ""train"": 100}], ""global_fold_bb"": true, ""max_control_odds"": 4.127183273225784, ""n_clipped"": 0, ""n_complement_units"": 100, ""n_eval_units"": 100, ""posterior_cache_key"": ""g=4_fold=0"", ""posterior_draws"": 1500, ""raw_max_control_odds"": 4.127183273225784}, ""1"": {""bar_pi"": 0.59, ""control_ess"": 30.816036929399836, ""fold_sizes"": [{""evaluation"": 100, ""fold"": 0, ""train"": 100}], ""global_fold_bb"": true, ""max_control_odds"": 2.5126045786622537, ""n_clipped"": 0, ""n_complement_units"": 100, ""n_eval_units"": 100, ""posterior_cache_key"": ""g=4_fold=1"", ""posterior_draws"": 1500, ""raw_max_control_odds"": 2.5126045786622537}}"
GATT,g=4_t=6,4.0,6.0,2.0,reference_fold_convolution,3.9861218754320618,3.9870941192092264,0.24240296710365802,3.5121054821883577,3.5765006104492327,4.39817782413347,4.4579698378198795,0.0,0.0,0.0,3.825634938717757,correction_completion,selection_both,1,200,75,1395178956,reference_fold_convolution_rf,4.127183273225784,30.816036929399836,,"{""0"": {""bar_pi"": 0.48, ""control_ess"": 37.97727927214528, ""fold_sizes"": [{""evaluation"": 100, ""fold"": 0, ""train"": 100}], ""global_fold_bb"": true, ""max_control_odds"": 4.127183273225784, ""n_clipped"": 0, ""n_complement_units"": 100, ""n_eval_units"": 100, ""posterior_cache_key"": ""g=4_fold=0"", ""posterior_draws"": 1500, ""raw_max_control_odds"": 4.127183273225784}, ""1"": {""bar_pi"": 0.59, ""control_ess"": 30.816036929399836, ""fold_sizes"": [{""evaluation"": 100, ""fold"": 0, ""train"": 100}], ""global_fold_bb"": true, ""max_control_odds"": 2.5126045786622537, ""n_clipped"": 0, ""n_complement_units"": 100, ""n_eval_units"": 100, ""posterior_cache_key"": ""g=4_fold=1"", ""posterior_draws"": 1500, ""raw_max_control_odds"": 2.5126045786622537}}"
GATT,g=4_t=7,4.0,7.0,3.0,reference_fold_convolution,3.7448964471404653,3.747350445294414,0.24703564447001627,3.2567337780862067,3.33434956424406,4.143445724516921,4.235225710110215,0.0,0.0,0.0,3.825634938717757,correction_completion,selection_both,1,200,75,1395178956,reference_fold_convolution_rf,4.127183273225784,30.816036929399836,,"{""0"": {""bar_pi"": 0.48, ""control_ess"": 37.97727927214528, ""fold_sizes"": [{""evaluation"": 100, ""fold"": 0, ""train"": 100}], ""global_fold_bb"": true, ""max_control_odds"": 4.127183273225784, ""n_clipped"": 0, ""n_complement_units"": 100, ""n_eval_units"": 100, ""posterior_cache_key"": ""g=4_fold=0"", ""posterior_draws"": 1500, ""raw_max_control_odds"": 4.127183273225784}, ""1"": {""bar_pi"": 0.59, ""control_ess"": 30.816036929399836, ""fold_sizes"": [{""evaluation"": 100, ""fold"": 0, ""train"": 100}], ""global_fold_bb"": true, ""max_control_odds"": 2.5126045786622537, ""n_clipped"": 0, ""n_complement_units"": 100, ""n_eval_units"": 100, ""posterior_cache_key"": ""g=4_fold=1"", ""posterior_draws"": 1500, ""raw_max_control_odds"": 2.5126045786622537}}"
ES,k=0,,,0.0,reference_fold_convolution,4.162250207051405,4.14802456073146,0.26644277030101854,3.6623804562406805,3.748020766458581,4.592731184703756,4.698854993353973,0.0,0.0,0.0,3.825634938717757,correction_completion,selection_both,1,200,75,1395178956,reference_fold_convolution_rf,,,,{}
ES,k=1,,,1.0,reference_fold_convolution,3.606140381110915,3.61458017820855,0.2713282733592315,3.0289486433472153,3.152037590998055,4.024487152786652,4.107933705480194,0.0,0.0,0.0,3.825634938717757,correction_completion,selection_both,1,200,75,1395178956,reference_fold_convolution_rf,,,,{}
ES,k=2,,,2.0,reference_fold_convolution,3.9861218754320618,3.9870941192092264,0.24240296710365802,3.5121054821883577,3.5765006104492327,4.39817782413347,4.4579698378198795,0.0,0.0,0.0,3.825634938717757,correction_completion,selection_both,1,200,75,1395178956,reference_fold_convolution_rf,,,,{}
ES,k=3,,,3.0,reference_fold_convolution,3.7448964471404653,3.747350445294414,0.24703564447001627,3.2567337780862067,3.33434956424406,4.143445724516921,4.235225710110215,0.0,0.0,0.0,3.825634938717757,correction_completion,selection_both,1,200,75,1395178956,reference_fold_convolution_rf,,,,{}
ATT,ATT,,,,reference_fold_convolution,3.8748522276837116,3.8745119145314533,0.20451337831124522,3.4728607379325864,3.5428193334863396,4.204007655393782,4.279706016803073,0.0,0.0,0.0,3.8256349387177577,correction_completion,selection_both,1,200,75,1395178956,reference_fold_convolution_rf,,,,{}
GATT,g=4_t=4,4.0,4.0,0.0,raw_structured,3.9478346517156133,3.946353398760942,0.13900437950704064,3.68087647829807,3.7173583230745737,4.182903463873842,4.219617879738154,0.0,0.0,0.0,3.9271763792982575,correction_completion,selection_obs,2,200,59,2371206560,raw_structured,,,,
GATT,g=4_t=5,4.0,5.0,1.0,raw_structured,3.955327834432228,3.951547626245441,0.13710568289406497,3.6929588957392365,3.734154769599511,4.184372189444437,4.229703127024007,0.0,0.0,0.0,3.9271763792982575,correction_completion,selection_obs,2,200,59,2371206560,raw_structured,,,,
GATT,g=4_t=6,4.0,6.0,2.0,raw_structured,3.933566319945084,3.9311142787006235,0.14144457340903285,3.663242383767442,3.7016961380911217,4.1725885348459295,4.205277956406394,0.0,0.0,0.0,3.9271763792982575,correction_completion,selection_obs,2,200,59,2371206560,raw_structured,,,,
GATT,g=4_t=7,4.0,7.0,3.0,raw_structured,3.8462233309335714,3.845255169735462,0.1636783562619096,3.529400851418112,3.575377694389599,4.109868814889471,4.162258139139846,0.0,0.0,0.0,3.9271763792982575,correction_completion,selection_obs,2,200,59,2371206560,raw_structured,,,,
ES,k=0,,,0.0,raw_structured,3.9478346517156133,3.946353398760942,0.13900437950704064,3.68087647829807,3.7173583230745737,4.182903463873842,4.219617879738154,0.0,0.0,0.0,3.9271763792982575,correction_completion,selection_obs,2,200,59,2371206560,raw_structured,,,,
ES,k=1,,,1.0,raw_structured,3.955327834432228,3.951547626245441,0.13710568289406497,3.6929588957392365,3.734154769599511,4.184372189444437,4.229703127024007,0.0,0.0,0.0,3.9271763792982575,correction_completion,selection_obs,2,200,59,2371206560,raw_structured,,,,
ES,k=2,,,2.0,raw_structured,3.933566319945084,3.9311142787006235,0.14144457340903285,3.663242383767442,3.7016961380911217,4.1725885348459295,4.205277956406394,0.0,0.0,0.0,3.9271763792982575,correction_completion,selection_obs,2,200,59,2371206560,raw_structured,,,,
ES,k=3,,,3.0,raw_structured,3.8462233309335714,3.845255169735462,0.1636783562619096,3.529400851418112,3.575377694389599,4.109868814889471,4.162258139139846,0.0,0.0,0.0,3.9271763792982575,correction_completion,selection_obs,2,200,59,2371206560,raw_structured,,,,
ATT,ATT,,,,raw_structured,3.920738034256624,3.921488771321319,0.11864228641576928,3.6863281935939263,3.72572185237291,4.124362234734005,4.156085740758368,0.0,0.0,0.0,3.927176379298258,correction_completion,selection_obs,2,200,59,2371206560,raw_structured,,,,
GATT,g=4_t=4,4.0,4.0,0.0,reference_fold_convolution,3.8391261658863503,3.8389121324936637,0.22877503530509258,3.420522452681474,3.4774970565414387,4.213308006630527,4.276132027904881,0.0,0.0,0.0,3.9271763792982575,correction_completion,selection_obs,2,200,59,2371206560,reference_fold_convolution_rf,4.2108770996350255,30.83529640331443,,"{""0"": {""bar_pi"": 0.5, ""control_ess"": 30.83529640331443, ""fold_sizes"": [{""evaluation"": 100, ""fold"": 0, ""train"": 100}], ""global_fold_bb"": true, ""max_control_odds"": 4.2108770996350255, ""n_clipped"": 0, ""n_complement_units"": 100, ""n_eval_units"": 100, ""posterior_cache_key"": ""g=4_fold=0"", ""posterior_draws"": 1500, ""raw_max_control_odds"": 4.2108770996350255}, ""1"": {""bar_pi"": 0.53, ""control_ess"": 38.37824410717178, ""fold_sizes"": [{""evaluation"": 100, ""fold"": 0, ""train"": 100}], ""global_fold_bb"": true, ""max_control_odds"": 2.485888028509736, ""n_clipped"": 0, ""n_complement_units"": 100, ""n_eval_units"": 100, ""posterior_cache_key"": ""g=4_fold=1"", ""posterior_draws"": 1500, ""raw_max_control_odds"": 2.485888028509736}}"
GATT,g=4_t=5,4.0,5.0,1.0,reference_fold_convolution,3.753971745962185,3.753366950582813,0.2555939345745509,3.252932749444865,3.3409656946224824,4.174778074215657,4.241953890396374,0.0,0.0,0.0,3.9271763792982575,correction_completion,selection_obs,2,200,59,2371206560,reference_fold_convolution_rf,4.2108770996350255,30.83529640331443,,"{""0"": {""bar_pi"": 0.5, ""control_ess"": 30.83529640331443, ""fold_sizes"": [{""evaluation"": 100, ""fold"": 0, ""train"": 100}], ""global_fold_bb"": true, ""max_control_odds"": 4.2108770996350255, ""n_clipped"": 0, ""n_complement_units"": 100, ""n_eval_units"": 100, ""posterior_cache_key"": ""g=4_fold=0"", ""posterior_draws"": 1500, ""raw_max_control_odds"": 4.2108770996350255}, ""1"": {""bar_pi"": 0.53, ""control_ess"": 38.37824410717178, ""fold_sizes"": [{""evaluation"": 100, ""fold"": 0, ""train"": 100}], ""global_fold_bb"": true, ""max_control_odds"": 2.485888028509736, ""n_clipped"": 0, ""n_complement_units"": 100, ""n_eval_units"": 100, ""posterior_cache_key"": ""g=4_fold=1"", ""posterior_draws"": 1500, ""raw_max_control_odds"": 2.485888028509736}}"
GATT,g=4_t=6,4.0,6.0,2.0,reference_fold_convolution,3.947508895514009,3.945777170187507,0.2497985415324384,3.444420359781555,3.5396860695600703,4.341546563303824,4.426442686691063,0.0,0.0,0.0,3.9271763792982575,correction_completion,selection_obs,2,200,59,2371206560,reference_fold_convolution_rf,4.2108770996350255,30.83529640331443,,"{""0"": {""bar_pi"": 0.5, ""control_ess"": 30.83529640331443, ""fold_sizes"": [{""evaluation"": 100, ""fold"": 0, ""train"": 100}], ""global_fold_bb"": true, ""max_control_odds"": 4.2108770996350255, ""n_clipped"": 0, ""n_complement_units"": 100, ""n_eval_units"": 100, ""posterior_cache_key"": ""g=4_fold=0"", ""posterior_draws"": 1500, ""raw_max_control_odds"": 4.2108770996350255}, ""1"": {""bar_pi"": 0.53, ""control_ess"": 38.37824410717178, ""fold_sizes"": [{""evaluation"": 100, ""fold"": 0, ""train"": 100}], ""global_fold_bb"": true, ""max_control_odds"": 2.485888028509736, ""n_clipped"": 0, ""n_complement_units"": 100, ""n_eval_units"": 100, ""posterior_cache_key"": ""g=4_fold=1"", ""posterior_draws"": 1500, ""raw_max_control_odds"": 2.485888028509736}}"
GATT,g=4_t=7,4.0,7.0,3.0,reference_fold_convolution,3.7774490529467597,3.7673948614974058,0.2735721590680725,3.2323808844125486,3.339469310844341,4.217957334633969,4.319417557499899,0.0,0.0,0.0,3.9271763792982575,correction_completion,selection_obs,2,200,59,2371206560,reference_fold_convolution_rf,4.2108770996350255,30.83529640331443,,"{""0"": {""bar_pi"": 0.5, ""control_ess"": 30.83529640331443, ""fold_sizes"": [{""evaluation"": 100, ""fold"": 0, ""train"": 100}], ""global_fold_bb"": true, ""max_control_odds"": 4.2108770996350255, ""n_clipped"": 0, ""n_complement_units"": 100, ""n_eval_units"": 100, ""posterior_cache_key"": ""g=4_fold=0"", ""posterior_draws"": 1500, ""raw_max_control_odds"": 4.2108770996350255}, ""1"": {""bar_pi"": 0.53, ""control_ess"": 38.37824410717178, ""fold_sizes"": [{""evaluation"": 100, ""fold"": 0, ""train"": 100}], ""global_fold_bb"": true, ""max_control_odds"": 2.485888028509736, ""n_clipped"": 0, ""n_complement_units"": 100, ""n_eval_units"": 100, ""posterior_cache_key"": ""g=4_fold=1"", ""posterior_draws"": 1500, ""raw_max_control_odds"": 2.485888028509736}}"
ES,k=0,,,0.0,reference_fold_convolution,3.8391261658863503,3.8389121324936637,0.22877503530509258,3.420522452681474,3.4774970565414387,4.213308006630527,4.276132027904881,0.0,0.0,0.0,3.9271763792982575,correction_completion,selection_obs,2,200,59,2371206560,reference_fold_convolution_rf,,,,{}
ES,k=1,,,1.0,reference_fold_convolution,3.753971745962185,3.753366950582813,0.2555939345745509,3.252932749444865,3.3409656946224824,4.174778074215657,4.241953890396374,0.0,0.0,0.0,3.9271763792982575,correction_completion,selection_obs,2,200,59,2371206560,reference_fold_convolution_rf,,,,{}
ES,k=2,,,2.0,reference_fold_convolution,3.947508895514009,3.945777170187507,0.2497985415324384,3.444420359781555,3.5396860695600703,4.341546563303824,4.426442686691063,0.0,0.0,0.0,3.9271763792982575,correction_completion,selection_obs,2,200,59,2371206560,reference_fold_convolution_rf,,,,{}
ES,k=3,,,3.0,reference_fold_convolution,3.7774490529467597,3.7673948614974058,0.2735721590680725,3.2323808844125486,3.339469310844341,4.217957334633969,4.319417557499899,0.0,0.0,0.0,3.9271763792982575,correction_completion,selection_obs,2,200,59,2371206560,reference_fold_convolution_rf,,,,{}
ATT,ATT,,,,reference_fold_convolution,3.829513965077326,3.8183377092383424,0.21117530533696385,3.4377766397388054,3.4929865498719295,4.188777310212168,4.235468841893619,0.0,0.0,0.0,3.927176379298258,correction_completion,selection_obs,2,200,59,2371206560,reference_fold_convolution_rf,,,,{}
GATT,g=4_t=4,4.0,4.0,0.0,raw_structured,3.682067238772494,3.6883702953664734,0.16515647802851388,3.331445721051972,3.3969489758761333,3.9405132393107674,3.9767326614758334,0.0,0.0,0.0,3.6643435382012552,correction_completion,serial_sweep,1,100,43,629740280,raw_structured,,,,
GATT,g=4_t=5,4.0,5.0,1.0,raw_structured,3.7647212528587435,3.7682140124852914,0.1608515114135593,3.4514200774618335,3.507768020184143,4.028070575181604,4.0856014034087185,0.0,0.0,0.0,3.6643435382012552,correction_completion,serial_sweep,1,100,43,629740280,raw_structured,,,,
GATT,g=4_t=6,4.0,6.0,2.0,raw_structured,3.8271871218971834,3.824063039659925,0.15985859983969566,3.5339157829752805,3.5729708583354327,4.095683588783997,4.143078452733855,0.0,0.0,0.0,3.6643435382012552,correction_completion,serial_sweep,1,100,43,629740280,raw_structured,,,,
GATT,g=4_t=7,4.0,7.0,3.0,raw_structured,3.940239157219745,3.9328944181140386,0.18488224617434185,3.6073166240924515,3.649592569909546,4.266524582173858,4.324586200311986,0.0,0.0,0.0,3.6643435382012552,correction_completion,serial_sweep,1,100,43,629740280,raw_structured,,,,
ES,k=0,,,0.0,raw_structured,3.682067238772494,3.6883702953664734,0.16515647802851388,3.331445721051972,3.3969489758761333,3.9405132393107674,3.9767326614758334,0.0,0.0,0.0,3.6643435382012552,correction_completion,serial_sweep,1,100,43,629740280,raw_structured,,,,
ES,k=1,,,1.0,raw_structured,3.7647212528587435,3.7682140124852914,0.1608515114135593,3.4514200774618335,3.507768020184143,4.028070575181604,4.0856014034087185,0.0,0.0,0.0,3.6643435382012552,correction_completion,serial_sweep,1,100,43,629740280,raw_structured,,,,
ES,k=2,,,2.0,raw_structured,3.8271871218971834,3.824063039659925,0.15985859983969566,3.5339157829752805,3.5729708583354327,4.095683588783997,4.143078452733855,0.0,0.0,0.0,3.6643435382012552,correction_completion,serial_sweep,1,100,43,629740280,raw_structured,,,,
ES,k=3,,,3.0,raw_structured,3.940239157219745,3.9328944181140386,0.18488224617434185,3.6073166240924515,3.649592569909546,4.266524582173858,4.324586200311986,0.0,0.0,0.0,3.6643435382012552,correction_completion,serial_sweep,1,100,43,629740280,raw_structured,,,,
ATT,ATT,,,,raw_structured,3.803553692687041,3.8059549098890564,0.13010494550064425,3.542261202891952,3.5828252470462387,4.018425195399932,4.059130716952512,0.0,0.0,0.0,3.6643435382012544,correction_completion,serial_sweep,1,100,43,629740280,raw_structured,,,,
GATT,g=4_t=4,4.0,4.0,0.0,reference_fold_convolution,3.780609252895343,3.7822915093162384,0.23038600471267867,3.3419924103143943,3.3996265426721526,4.148331453507361,4.237270434493364,0.0,0.0,0.0,3.6643435382012552,correction_completion,serial_sweep,1,100,43,629740280,reference_fold_convolution_rf,2.2417639883827003,19.95241679371252,,"{""0"": {""bar_pi"": 0.58, ""control_ess"": 20.096359419579223, ""fold_sizes"": [{""evaluation"": 50, ""fold"": 0, ""train"": 50}], ""global_fold_bb"": true, ""max_control_odds"": 2.2417639883827003, ""n_clipped"": 0, ""n_complement_units"": 50, ""n_eval_units"": 50, ""posterior_cache_key"": ""g=4_fold=0"", ""posterior_draws"": 1500, ""raw_max_control_odds"": 2.2417639883827003}, ""1"": {""bar_pi"": 0.56, ""control_ess"": 19.95241679371252, ""fold_sizes"": [{""evaluation"": 50, ""fold"": 0, ""train"": 50}], ""global_fold_bb"": true, ""max_control_odds"": 2.0854005531195487, ""n_clipped"": 0, ""n_complement_units"": 50, ""n_eval_units"": 50, ""posterior_cache_key"": ""g=4_fold=1"", ""posterior_draws"": 1500, ""raw_max_control_odds"": 2.0854005531195487}}"
GATT,g=4_t=5,4.0,5.0,1.0,reference_fold_convolution,3.9125831163405613,3.906357324605252,0.257500085690446,3.434062001138428,3.5063806868845977,4.348242881681282,4.454003157870856,0.0,0.0,0.0,3.6643435382012552,correction_completion,serial_sweep,1,100,43,629740280,reference_fold_convolution_rf,2.2417639883827003,19.95241679371252,,"{""0"": {""bar_pi"": 0.58, ""control_ess"": 20.096359419579223, ""fold_sizes"": [{""evaluation"": 50, ""fold"": 0, ""train"": 50}], ""global_fold_bb"": true, ""max_control_odds"": 2.2417639883827003, ""n_clipped"": 0, ""n_complement_units"": 50, ""n_eval_units"": 50, ""posterior_cache_key"": ""g=4_fold=0"", ""posterior_draws"": 1500, ""raw_max_control_odds"": 2.2417639883827003}, ""1"": {""bar_pi"": 0.56, ""control_ess"": 19.95241679371252, ""fold_sizes"": [{""evaluation"": 50, ""fold"": 0, ""train"": 50}], ""global_fold_bb"": true, ""max_control_odds"": 2.0854005531195487, ""n_clipped"": 0, ""n_complement_units"": 50, ""n_eval_units"": 50, ""posterior_cache_key"": ""g=4_fold=1"", ""posterior_draws"": 1500, ""raw_max_control_odds"": 2.0854005531195487}}"
GATT,g=4_t=6,4.0,6.0,2.0,reference_fold_convolution,3.9928032465682373,3.990130322001278,0.23953821684608662,3.5302711594735743,3.6125338535513043,4.38571275566092,4.4757955592089615,0.0,0.0,0.0,3.6643435382012552,correction_completion,serial_sweep,1,100,43,629740280,reference_fold_convolution_rf,2.2417639883827003,19.95241679371252,,"{""0"": {""bar_pi"": 0.58, ""control_ess"": 20.096359419579223, ""fold_sizes"": [{""evaluation"": 50, ""fold"": 0, ""train"": 50}], ""global_fold_bb"": true, ""max_control_odds"": 2.2417639883827003, ""n_clipped"": 0, ""n_complement_units"": 50, ""n_eval_units"": 50, ""posterior_cache_key"": ""g=4_fold=0"", ""posterior_draws"": 1500, ""raw_max_control_odds"": 2.2417639883827003}, ""1"": {""bar_pi"": 0.56, ""control_ess"": 19.95241679371252, ""fold_sizes"": [{""evaluation"": 50, ""fold"": 0, ""train"": 50}], ""global_fold_bb"": true, ""max_control_odds"": 2.0854005531195487, ""n_clipped"": 0, ""n_complement_units"": 50, ""n_eval_units"": 50, ""posterior_cache_key"": ""g=4_fold=1"", ""posterior_draws"": 1500, ""raw_max_control_odds"": 2.0854005531195487}}"
GATT,g=4_t=7,4.0,7.0,3.0,reference_fold_convolution,4.122399417011902,4.130771004274887,0.2531177191106019,3.624325271165473,3.6970819114573152,4.529805395492213,4.6081697093915395,0.0,0.0,0.0,3.6643435382012552,correction_completion,serial_sweep,1,100,43,629740280,reference_fold_convolution_rf,2.2417639883827003,19.95241679371252,,"{""0"": {""bar_pi"": 0.58, ""control_ess"": 20.096359419579223, ""fold_sizes"": [{""evaluation"": 50, ""fold"": 0, ""train"": 50}], ""global_fold_bb"": true, ""max_control_odds"": 2.2417639883827003, ""n_clipped"": 0, ""n_complement_units"": 50, ""n_eval_units"": 50, ""posterior_cache_key"": ""g=4_fold=0"", ""posterior_draws"": 1500, ""raw_max_control_odds"": 2.2417639883827003}, ""1"": {""bar_pi"": 0.56, ""control_ess"": 19.95241679371252, ""fold_sizes"": [{""evaluation"": 50, ""fold"": 0, ""train"": 50}], ""global_fold_bb"": true, ""max_control_odds"": 2.0854005531195487, ""n_clipped"": 0, ""n_complement_units"": 50, ""n_eval_units"": 50, ""posterior_cache_key"": ""g=4_fold=1"", ""posterior_draws"": 1500, ""raw_max_control_odds"": 2.0854005531195487}}"
ES,k=0,,,0.0,reference_fold_convolution,3.780609252895343,3.7822915093162384,0.23038600471267867,3.3419924103143943,3.3996265426721526,4.148331453507361,4.237270434493364,0.0,0.0,0.0,3.6643435382012552,correction_completion,serial_sweep,1,100,43,629740280,reference_fold_convolution_rf,,,,{}
ES,k=1,,,1.0,reference_fold_convolution,3.9125831163405613,3.906357324605252,0.257500085690446,3.434062001138428,3.5063806868845977,4.348242881681282,4.454003157870856,0.0,0.0,0.0,3.6643435382012552,correction_completion,serial_sweep,1,100,43,629740280,reference_fold_convolution_rf,,,,{}
ES,k=2,,,2.0,reference_fold_convolution,3.9928032465682373,3.990130322001278,0.23953821684608662,3.5302711594735743,3.6125338535513043,4.38571275566092,4.4757955592089615,0.0,0.0,0.0,3.6643435382012552,correction_completion,serial_sweep,1,100,43,629740280,reference_fold_convolution_rf,,,,{}
ES,k=3,,,3.0,reference_fold_convolution,4.122399417011902,4.130771004274887,0.2531177191106019,3.624325271165473,3.6970819114573152,4.529805395492213,4.6081697093915395,0.0,0.0,0.0,3.6643435382012552,correction_completion,serial_sweep,1,100,43,629740280,reference_fold_convolution_rf,,,,{}
ATT,ATT,,,,reference_fold_convolution,3.9520987582040106,3.946925092194055,0.20809699900565956,3.538845704745805,3.6167669231538913,4.296104734029188,4.384605453238823,0.0,0.0,0.0,3.6643435382012544,correction_completion,serial_sweep,1,100,43,629740280,reference_fold_convolution_rf,,,,{}
GATT,g=4_t=4,4.0,4.0,0.0,raw_structured,3.7522593600786416,3.7567220716096057,0.09300028864472831,3.5600915421537134,3.5898982718512715,3.8940633659417063,3.921672814349267,0.0,0.0,0.0,3.864729573280561,correction_completion,serial_sweep,2,400,27,1558287125,raw_structured,,,,
GATT,g=4_t=5,4.0,5.0,1.0,raw_structured,3.765803495273866,3.765844625934998,0.09527942321397863,3.573693257436064,3.6077326355698163,3.9168981149061297,3.951956646252861,0.0,0.0,0.0,3.864729573280561,correction_completion,serial_sweep,2,400,27,1558287125,raw_structured,,,,
GATT,g=4_t=6,4.0,6.0,2.0,raw_structured,3.8976364711117277,3.8939228193704674,0.09288417022257243,3.7137242160927117,3.746544569317211,4.045934952983679,4.079876549152726,0.0,0.0,0.0,3.864729573280561,correction_completion,serial_sweep,2,400,27,1558287125,raw_structured,,,,
GATT,g=4_t=7,4.0,7.0,3.0,raw_structured,3.9091142688466354,3.907719714541371,0.09075417773629313,3.730450740012667,3.761705915108282,4.0612032957425335,4.084699565850493,0.0,0.0,0.0,3.864729573280561,correction_completion,serial_sweep,2,400,27,1558287125,raw_structured,,,,
ES,k=0,,,0.0,raw_structured,3.7522593600786416,3.7567220716096057,0.09300028864472831,3.5600915421537134,3.5898982718512715,3.8940633659417063,3.921672814349267,0.0,0.0,0.0,3.864729573280561,correction_completion,serial_sweep,2,400,27,1558287125,raw_structured,,,,
ES,k=1,,,1.0,raw_structured,3.765803495273866,3.765844625934998,0.09527942321397863,3.573693257436064,3.6077326355698163,3.9168981149061297,3.951956646252861,0.0,0.0,0.0,3.864729573280561,correction_completion,serial_sweep,2,400,27,1558287125,raw_structured,,,,
ES,k=2,,,2.0,raw_structured,3.8976364711117277,3.8939228193704674,0.09288417022257243,3.7137242160927117,3.746544569317211,4.045934952983679,4.079876549152726,0.0,0.0,0.0,3.864729573280561,correction_completion,serial_sweep,2,400,27,1558287125,raw_structured,,,,
ES,k=3,,,3.0,raw_structured,3.9091142688466354,3.907719714541371,0.09075417773629313,3.730450740012667,3.761705915108282,4.0612032957425335,4.084699565850493,0.0,0.0,0.0,3.864729573280561,correction_completion,serial_sweep,2,400,27,1558287125,raw_structured,,,,
ATT,ATT,,,,raw_structured,3.8312033988277174,3.832645900006165,0.07023953480497033,3.694114719881538,3.717273447012306,3.942724658716661,3.962167703558179,0.0,0.0,0.0,3.864729573280561,correction_completion,serial_sweep,2,400,27,1558287125,raw_structured,,,,
GATT,g=4_t=4,4.0,4.0,0.0,reference_fold_convolution,3.773177799088673,3.774962184489343,0.13296783584644592,3.518498463902227,3.558438838658465,3.9986775979220215,4.035374202523887,0.0,0.0,0.0,3.864729573280561,correction_completion,serial_sweep,2,400,27,1558287125,reference_fold_convolution_rf,2.785804244853984,79.28361618658015,,"{""0"": {""bar_pi"": 0.445, ""control_ess"": 97.604319033843, ""fold_sizes"": [{""evaluation"": 200, ""fold"": 0, ""train"": 200}], ""global_fold_bb"": true, ""max_control_odds"": 2.3160883575414326, ""n_clipped"": 0, ""n_complement_units"": 200, ""n_eval_units"": 200, ""posterior_cache_key"": ""g=4_fold=0"", ""posterior_draws"": 1500, ""raw_max_control_odds"": 2.3160883575414326}, ""1"": {""bar_pi"": 0.51, ""control_ess"": 79.28361618658015, ""fold_sizes"": [{""evaluation"": 200, ""fold"": 0, ""train"": 200}], ""global_fold_bb"": true, ""max_control_odds"": 2.785804244853984, ""n_clipped"": 0, ""n_complement_units"": 200, ""n_eval_units"": 200, ""posterior_cache_key"": ""g=4_fold=1"", ""posterior_draws"": 1500, ""raw_max_control_odds"": 2.785804244853984}}"
GATT,g=4_t=5,4.0,5.0,1.0,reference_fold_convolution,3.5879184067641847,3.590164148627803,0.14548467113711755,3.2906207949356214,3.3348174058693347,3.8271100182792197,3.8732179331493817,0.0,0.0,0.0,3.864729573280561,correction_completion,serial_sweep,2,400,27,1558287125,reference_fold_convolution_rf,2.785804244853984,79.28361618658015,,"{""0"": {""bar_pi"": 0.445, ""control_ess"": 97.604319033843, ""fold_sizes"": [{""evaluation"": 200, ""fold"": 0, ""train"": 200}], ""global_fold_bb"": true, ""max_control_odds"": 2.3160883575414326, ""n_clipped"": 0, ""n_complement_units"": 200, ""n_eval_units"": 200, ""posterior_cache_key"": ""g=4_fold=0"", ""posterior_draws"": 1500, ""raw_max_control_odds"": 2.3160883575414326}, ""1"": {""bar_pi"": 0.51, ""control_ess"": 79.28361618658015, ""fold_sizes"": [{""evaluation"": 200, ""fold"": 0, ""train"": 200}], ""global_fold_bb"": true, ""max_control_odds"": 2.785804244853984, ""n_clipped"": 0, ""n_complement_units"": 200, ""n_eval_units"": 200, ""posterior_cache_key"": ""g=4_fold=1"", ""posterior_draws"": 1500, ""raw_max_control_odds"": 2.785804244853984}}"
GATT,g=4_t=6,4.0,6.0,2.0,reference_fold_convolution,3.709419733337308,3.7130069147532687,0.15865221524064133,3.3938764622197377,3.449031482285496,3.966127938107537,4.037848495525148,0.0,0.0,0.0,3.864729573280561,correction_completion,serial_sweep,2,400,27,1558287125,reference_fold_convolution_rf,2.785804244853984,79.28361618658015,,"{""0"": {""bar_pi"": 0.445, ""control_ess"": 97.604319033843, ""fold_sizes"": [{""evaluation"": 200, ""fold"": 0, ""train"": 200}], ""global_fold_bb"": true, ""max_control_odds"": 2.3160883575414326, ""n_clipped"": 0, ""n_complement_units"": 200, ""n_eval_units"": 200, ""posterior_cache_key"": ""g=4_fold=0"", ""posterior_draws"": 1500, ""raw_max_control_odds"": 2.3160883575414326}, ""1"": {""bar_pi"": 0.51, ""control_ess"": 79.28361618658015, ""fold_sizes"": [{""evaluation"": 200, ""fold"": 0, ""train"": 200}], ""global_fold_bb"": true, ""max_control_odds"": 2.785804244853984, ""n_clipped"": 0, ""n_complement_units"": 200, ""n_eval_units"": 200, ""posterior_cache_key"": ""g=4_fold=1"", ""posterior_draws"": 1500, ""raw_max_control_odds"": 2.785804244853984}}"
GATT,g=4_t=7,4.0,7.0,3.0,reference_fold_convolution,3.734792159160575,3.730573985347853,0.1679212467237161,3.396744488434562,3.4623494565328246,4.015291818927484,4.075012500369413,0.0,0.0,0.0,3.864729573280561,correction_completion,serial_sweep,2,400,27,1558287125,reference_fold_convolution_rf,2.785804244853984,79.28361618658015,,"{""0"": {""bar_pi"": 0.445, ""control_ess"": 97.604319033843, ""fold_sizes"": [{""evaluation"": 200, ""fold"": 0, ""train"": 200}], ""global_fold_bb"": true, ""max_control_odds"": 2.3160883575414326, ""n_clipped"": 0, ""n_complement_units"": 200, ""n_eval_units"": 200, ""posterior_cache_key"": ""g=4_fold=0"", ""posterior_draws"": 1500, ""raw_max_control_odds"": 2.3160883575414326}, ""1"": {""bar_pi"": 0.51, ""control_ess"": 79.28361618658015, ""fold_sizes"": [{""evaluation"": 200, ""fold"": 0, ""train"": 200}], ""global_fold_bb"": true, ""max_control_odds"": 2.785804244853984, ""n_clipped"": 0, ""n_complement_units"": 200, ""n_eval_units"": 200, ""posterior_cache_key"": ""g=4_fold=1"", ""posterior_draws"": 1500, ""raw_max_control_odds"": 2.785804244853984}}"
ES,k=0,,,0.0,reference_fold_convolution,3.773177799088673,3.774962184489343,0.13296783584644592,3.518498463902227,3.558438838658465,3.9986775979220215,4.035374202523887,0.0,0.0,0.0,3.864729573280561,correction_completion,serial_sweep,2,400,27,1558287125,reference_fold_convolution_rf,,,,{}
ES,k=1,,,1.0,reference_fold_convolution,3.5879184067641847,3.590164148627803,0.14548467113711755,3.2906207949356214,3.3348174058693347,3.8271100182792197,3.8732179331493817,0.0,0.0,0.0,3.864729573280561,correction_completion,serial_sweep,2,400,27,1558287125,reference_fold_convolution_rf,,,,{}
ES,k=2,,,2.0,reference_fold_convolution,3.709419733337308,3.7130069147532687,0.15865221524064133,3.3938764622197377,3.449031482285496,3.966127938107537,4.037848495525148,0.0,0.0,0.0,3.864729573280561,correction_completion,serial_sweep,2,400,27,1558287125,reference_fold_convolution_rf,,,,{}
ES,k=3,,,3.0,reference_fold_convolution,3.734792159160575,3.730573985347853,0.1679212467237161,3.396744488434562,3.4623494565328246,4.015291818927484,4.075012500369413,0.0,0.0,0.0,3.864729573280561,correction_completion,serial_sweep,2,400,27,1558287125,reference_fold_convolution_rf,,,,{}
ATT,ATT,,,,reference_fold_convolution,3.7013270245876853,3.702806429333884,0.1313683105336387,3.449007165308383,3.483622362507187,3.923768472333758,3.9710993924240614,0.0,0.0,0.0,3.864729573280561,correction_completion,serial_sweep,2,400,27,1558287125,reference_fold_convolution_rf,,,,{}
GATT,g=4_t=4,4.0,4.0,0.0,raw_structured,3.6768027838381876,3.6771324161951906,0.06127177558215149,3.56198145228028,3.5815356199446993,3.779812450274951,3.8084660989208516,0.0,0.0,0.0,3.739590188388738,correction_completion,serial_sweep_d3,3,800,11,3563912189,raw_structured,,,,
GATT,g=4_t=5,4.0,5.0,1.0,raw_structured,3.6640765919090326,3.6638274607620467,0.05516579696854976,3.560108358148764,3.575771869885885,3.7490437507706,3.76128437068292,0.0,0.0,0.0,3.739590188388738,correction_completion,serial_sweep_d3,3,800,11,3563912189,raw_structured,,,,
GATT,g=4_t=6,4.0,6.0,2.0,raw_structured,3.6617820290215284,3.662005231782216,0.057444461284836844,3.550871239479997,3.5702960168108517,3.7520759129041563,3.7669894660902616,0.0,0.0,0.0,3.739590188388738,correction_completion,serial_sweep_d3,3,800,11,3563912189,raw_structured,,,,
GATT,g=4_t=7,4.0,7.0,3.0,raw_structured,3.64855630441869,3.6503657316603135,0.06663572984812671,3.5087322208867473,3.5309710073036267,3.750133466626743,3.7632249458234233,0.0,0.0,0.0,3.739590188388738,correction_completion,serial_sweep_d3,3,800,11,3563912189,raw_structured,,,,
ES,k=0,,,0.0,raw_structured,3.6768027838381876,3.6771324161951906,0.06127177558215149,3.56198145228028,3.5815356199446993,3.779812450274951,3.8084660989208516,0.0,0.0,0.0,3.739590188388738,correction_completion,serial_sweep_d3,3,800,11,3563912189,raw_structured,,,,
ES,k=1,,,1.0,raw_structured,3.6640765919090326,3.6638274607620467,0.05516579696854976,3.560108358148764,3.575771869885885,3.7490437507706,3.76128437068292,0.0,0.0,0.0,3.739590188388738,correction_completion,serial_sweep_d3,3,800,11,3563912189,raw_structured,,,,
ES,k=2,,,2.0,raw_structured,3.6617820290215284,3.662005231782216,0.057444461284836844,3.550871239479997,3.5702960168108517,3.7520759129041563,3.7669894660902616,0.0,0.0,0.0,3.739590188388738,correction_completion,serial_sweep_d3,3,800,11,3563912189,raw_structured,,,,
ES,k=3,,,3.0,raw_structured,3.64855630441869,3.6503657316603135,0.06663572984812671,3.5087322208867473,3.5309710073036267,3.750133466626743,3.7632249458234233,0.0,0.0,0.0,3.739590188388738,correction_completion,serial_sweep_d3,3,800,11,3563912189,raw_structured,,,,
ATT,ATT,,,,raw_structured,3.6628044272968596,3.663375172033657,0.05219067676089296,3.5655270545587165,3.5776526158440243,3.7443973722547863,3.7600613135576624,0.0,0.0,0.0,3.739590188388738,correction_completion,serial_sweep_d3,3,800,11,3563912189,raw_structured,,,,
GATT,g=4_t=4,4.0,4.0,0.0,reference_fold_convolution,3.8311788313896997,3.8305642623342457,0.08724548026843804,3.6598778481893115,3.6851920418669226,3.9773367558748887,4.004832739378435,0.0,0.0,0.0,3.739590188388738,correction_completion,serial_sweep_d3,3,800,11,3563912189,reference_fold_convolution_rf,4.549541645792224,148.34399933798292,,"{""0"": {""bar_pi"": 0.505, ""control_ess"": 148.34399933798292, ""fold_sizes"": [{""evaluation"": 400, ""fold"": 0, ""train"": 400}], ""global_fold_bb"": true, ""max_control_odds"": 4.549541645792224, ""n_clipped"": 0, ""n_complement_units"": 400, ""n_eval_units"": 400, ""posterior_cache_key"": ""g=4_fold=0"", ""posterior_draws"": 1500, ""raw_max_control_odds"": 4.549541645792224}, ""1"": {""bar_pi"": 0.5075, ""control_ess"": 166.34534034953782, ""fold_sizes"": [{""evaluation"": 400, ""fold"": 0, ""train"": 400}], ""global_fold_bb"": true, ""max_control_odds"": 2.8618942216092593, ""n_clipped"": 0, ""n_complement_units"": 400, ""n_eval_units"": 400, ""posterior_cache_key"": ""g=4_fold=1"", ""posterior_draws"": 1500, ""raw_max_control_odds"": 2.8618942216092593}}"
GATT,g=4_t=5,4.0,5.0,1.0,reference_fold_convolution,3.804697947936193,3.8076175634319096,0.1054817140554513,3.583593036325634,3.6258305263724404,3.976197247366396,4.010229437354518,0.0,0.0,0.0,3.739590188388738,correction_completion,serial_sweep_d3,3,800,11,3563912189,reference_fold_convolution_rf,4.549541645792224,148.34399933798292,,"{""0"": {""bar_pi"": 0.505, ""control_ess"": 148.34399933798292, ""fold_sizes"": [{""evaluation"": 400, ""fold"": 0, ""train"": 400}], ""global_fold_bb"": true, ""max_control_odds"": 4.549541645792224, ""n_clipped"": 0, ""n_complement_units"": 400, ""n_eval_units"": 400, ""posterior_cache_key"": ""g=4_fold=0"", ""posterior_draws"": 1500, ""raw_max_control_odds"": 4.549541645792224}, ""1"": {""bar_pi"": 0.5075, ""control_ess"": 166.34534034953782, ""fold_sizes"": [{""evaluation"": 400, ""fold"": 0, ""train"": 400}], ""global_fold_bb"": true, ""max_control_odds"": 2.8618942216092593, ""n_clipped"": 0, ""n_complement_units"": 400, ""n_eval_units"": 400, ""posterior_cache_key"": ""g=4_fold=1"", ""posterior_draws"": 1500, ""raw_max_control_odds"": 2.8618942216092593}}"
GATT,g=4_t=6,4.0,6.0,2.0,reference_fold_convolution,3.8206195924268815,3.820542980119966,0.10780110078635598,3.6133195410058985,3.6378208756566006,3.9934538414815974,4.023568073182464,0.0,0.0,0.0,3.739590188388738,correction_completion,serial_sweep_d3,3,800,11,3563912189,reference_fold_convolution_rf,4.549541645792224,148.34399933798292,,"{""0"": {""bar_pi"": 0.505, ""control_ess"": 148.34399933798292, ""fold_sizes"": [{""evaluation"": 400, ""fold"": 0, ""train"": 400}], ""global_fold_bb"": true, ""max_control_odds"": 4.549541645792224, ""n_clipped"": 0, ""n_complement_units"": 400, ""n_eval_units"": 400, ""posterior_cache_key"": ""g=4_fold=0"", ""posterior_draws"": 1500, ""raw_max_control_odds"": 4.549541645792224}, ""1"": {""bar_pi"": 0.5075, ""control_ess"": 166.34534034953782, ""fold_sizes"": [{""evaluation"": 400, ""fold"": 0, ""train"": 400}], ""global_fold_bb"": true, ""max_control_odds"": 2.8618942216092593, ""n_clipped"": 0, ""n_complement_units"": 400, ""n_eval_units"": 400, ""posterior_cache_key"": ""g=4_fold=1"", ""posterior_draws"": 1500, ""raw_max_control_odds"": 2.8618942216092593}}"
GATT,g=4_t=7,4.0,7.0,3.0,reference_fold_convolution,3.7658959335888467,3.766297033908941,0.11237305369444903,3.546639333966755,3.5776881190191627,3.9485182708738797,3.983903176691655,0.0,0.0,0.0,3.739590188388738,correction_completion,serial_sweep_d3,3,800,11,3563912189,reference_fold_convolution_rf,4.549541645792224,148.34399933798292,,"{""0"": {""bar_pi"": 0.505, ""control_ess"": 148.34399933798292, ""fold_sizes"": [{""evaluation"": 400, ""fold"": 0, ""train"": 400}], ""global_fold_bb"": true, ""max_control_odds"": 4.549541645792224, ""n_clipped"": 0, ""n_complement_units"": 400, ""n_eval_units"": 400, ""posterior_cache_key"": ""g=4_fold=0"", ""posterior_draws"": 1500, ""raw_max_control_odds"": 4.549541645792224}, ""1"": {""bar_pi"": 0.5075, ""control_ess"": 166.34534034953782, ""fold_sizes"": [{""evaluation"": 400, ""fold"": 0, ""train"": 400}], ""global_fold_bb"": true, ""max_control_odds"": 2.8618942216092593, ""n_clipped"": 0, ""n_complement_units"": 400, ""n_eval_units"": 400, ""posterior_cache_key"": ""g=4_fold=1"", ""posterior_draws"": 1500, ""raw_max_control_odds"": 2.8618942216092593}}"
ES,k=0,,,0.0,reference_fold_convolution,3.8311788313896997,3.8305642623342457,0.08724548026843804,3.6598778481893115,3.6851920418669226,3.9773367558748887,4.004832739378435,0.0,0.0,0.0,3.739590188388738,correction_completion,serial_sweep_d3,3,800,11,3563912189,reference_fold_convolution_rf,,,,{}
ES,k=1,,,1.0,reference_fold_convolution,3.804697947936193,3.8076175634319096,0.1054817140554513,3.583593036325634,3.6258305263724404,3.976197247366396,4.010229437354518,0.0,0.0,0.0,3.739590188388738,correction_completion,serial_sweep_d3,3,800,11,3563912189,reference_fold_convolution_rf,,,,{}
ES,k=2,,,2.0,reference_fold_convolution,3.8206195924268815,3.820542980119966,0.10780110078635598,3.6133195410058985,3.6378208756566006,3.9934538414815974,4.023568073182464,0.0,0.0,0.0,3.739590188388738,correction_completion,serial_sweep_d3,3,800,11,3563912189,reference_fold_convolution_rf,,,,{}
ES,k=3,,,3.0,reference_fold_convolution,3.7658959335888467,3.766297033908941,0.11237305369444903,3.546639333966755,3.5776881190191627,3.9485182708738797,3.983903176691655,0.0,0.0,0.0,3.739590188388738,correction_completion,serial_sweep_d3,3,800,11,3563912189,reference_fold_convolution_rf,,,,{}
ATT,ATT,,,,reference_fold_convolution,3.805598076335405,3.8052139809974963,0.08970949560921457,3.627980800043119,3.6551835794988246,3.9548995955870323,3.9750890220485315,0.0,0.0,0.0,3.739590188388738,correction_completion,serial_sweep_d3,3,800,11,3563912189,reference_fold_convolution_rf,,,,{}
GATT,g=4_t=4,4.0,4.0,0.0,raw_structured,2.7955771059196377,2.797328047499074,0.16046333703925875,2.4876660043832457,2.5376738745394514,3.0683390584899173,3.115072460104912,0.0,0.0,0.0,2.8474751747137352,correction_completion,staggered,3,200,95,1496791437,raw_structured,,,,
GATT,g=4_t=5,4.0,5.0,1.0,raw_structured,4.004617949959356,4.004357224899395,0.15182434023441815,3.712072453782375,3.757113933859859,4.24766124981783,4.302322606502121,0.0,0.0,0.0,3.986465244599228,correction_completion,staggered,3,200,95,1496791437,raw_structured,,,,
GATT,g=4_t=6,4.0,6.0,2.0,raw_structured,5.37420534411145,5.378533377072129,0.1875322169380125,5.002324686382042,5.057749271973656,5.688225095416883,5.7416439218880395,0.0,0.0,0.0,5.1254553144847215,correction_completion,staggered,3,200,95,1496791437,raw_structured,,,,
GATT,g=4_t=7,4.0,7.0,3.0,raw_structured,5.7031167193642265,5.702274822788832,0.24414853002306572,5.241867412751216,5.309289985850811,6.11115607305365,6.184418295530789,0.0,0.0,0.0,6.264445384370216,correction_completion,staggered,3,200,95,1496791437,raw_structured,,,,
GATT,g=5_t=5,5.0,5.0,0.0,raw_structured,3.947930905234658,3.946009946358475,0.15767269566285766,3.63969847367313,3.6877666584970776,4.214116242414507,4.260004906426114,0.0,0.0,0.0,3.9071628247986028,correction_completion,staggered,3,200,95,1496791437,raw_structured,,,,
GATT,g=5_t=6,5.0,6.0,1.0,raw_structured,5.111566215808333,5.115126598685455,0.17646340644162276,4.7640033737807075,4.821154097913364,5.404066401097548,5.456255567760282,0.0,0.0,0.0,5.470027954718043,correction_completion,staggered,3,200,95,1496791437,raw_structured,,,,
GATT,g=5_t=7,5.0,7.0,2.0,raw_structured,6.485349200462779,6.477948267608717,0.22408625946402136,6.051447080856337,6.1112161518239665,6.852153146804725,6.926782646107918,0.0,0.0,0.0,7.032893084637485,correction_completion,staggered,3,200,95,1496791437,raw_structured,,,,
GATT,g=6_t=6,6.0,6.0,0.0,raw_structured,5.794616472404627,5.795339885710916,0.17666426581840228,5.44808786824739,5.495102573997268,6.073978869590422,6.131464175922942,0.0,0.0,0.0,5.615643491401522,correction_completion,staggered,3,200,95,1496791437,raw_structured,,,,
GATT,g=6_t=7,6.0,7.0,1.0,raw_structured,7.005455791925607,7.000878841897831,0.21119117166206086,6.599686590397307,6.66312385794689,7.351485103842531,7.438179455790092,0.0,0.0,0.0,7.861900887962131,correction_completion,staggered,3,200,95,1496791437,raw_structured,,,,
ES,k=0,,,0.0,raw_structured,4.10462353231609,4.1032582383555765,0.11682204975145451,3.885663645228846,3.915187588466133,4.298352122545355,4.340433531615823,0.0,0.0,0.0,4.054521290723785,correction_completion,staggered,3,200,95,1496791437,raw_structured,,,,
ES,k=1,,,1.0,raw_structured,5.30014355474316,5.303346024025519,0.13755831892110248,5.028453779078791,5.067885389972196,5.52039718253219,5.565954871332347,0.0,0.0,0.0,5.676329807013299,correction_completion,staggered,3,200,95,1496791437,raw_structured,,,,
ES,k=2,,,2.0,raw_structured,5.879270733362054,5.877139145463203,0.18343098125182178,5.521658852218578,5.573103826580667,6.182571675195524,6.227192778544733,0.0,0.0,0.0,5.99247248273598,correction_completion,staggered,3,200,95,1496791437,raw_structured,,,,
ES,k=3,,,3.0,raw_structured,5.7031167193642265,5.702274822788832,0.24414853002306572,5.241867412751216,5.309289985850811,6.11115607305365,6.184418295530789,0.0,0.0,0.0,6.264445384370216,correction_completion,staggered,3,200,95,1496791437,raw_structured,,,,
ATT,ATT,,,,raw_structured,5.087375469688719,5.086813475508377,0.11964225692769534,4.851401534909341,4.895930817520861,5.283673860027076,5.323353942235993,0.0,0.0,0.0,5.28782897453438,correction_completion,staggered,3,200,95,1496791437,raw_structured,,,,
GATT,g=4_t=4,4.0,4.0,0.0,reference_fold_convolution,2.7217520256551135,2.718742740426415,0.2874407509574311,2.148348696797574,2.2528063776922287,3.1846415005231057,3.290441605512974,0.0,0.0,0.0,2.8474751747137352,correction_completion,staggered,3,200,95,1496791437,reference_fold_convolution_rf,2.245947236539789,22.299657471507523,,"{""0"": {""bar_pi"": 0.5192307692307693, ""control_ess"": 22.299657471507523, ""fold_sizes"": [{""evaluation"": 52, ""fold"": 0, ""train"": 57}], ""global_fold_bb"": true, ""max_control_odds"": 1.3580102297729464, ""n_clipped"": 0, ""n_complement_units"": 57, ""n_eval_units"": 52, ""posterior_cache_key"": ""g=4_fold=0"", ""posterior_draws"": 1500, ""raw_max_control_odds"": 1.3580102297729464}, ""1"": {""bar_pi"": 0.47368421052631576, ""control_ess"": 28.097008779813812, ""fold_sizes"": [{""evaluation"": 57, ""fold"": 0, ""train"": 52}], ""global_fold_bb"": true, ""max_control_odds"": 2.245947236539789, ""n_clipped"": 0, ""n_complement_units"": 52, ""n_eval_units"": 57, ""posterior_cache_key"": ""g=4_fold=1"", ""posterior_draws"": 1500, ""raw_max_control_odds"": 2.245947236539789}}"
GATT,g=4_t=5,4.0,5.0,1.0,reference_fold_convolution,3.865994403459689,3.8717080663302283,0.31704560349121585,3.2169015666826097,3.3171355393786723,4.379785728890127,4.463218163408304,0.0,0.0,0.0,3.986465244599228,correction_completion,staggered,3,200,95,1496791437,reference_fold_convolution_rf,2.245947236539789,22.299657471507523,,"{""0"": {""bar_pi"": 0.5192307692307693, ""control_ess"": 22.299657471507523, ""fold_sizes"": [{""evaluation"": 52, ""fold"": 0, ""train"": 57}], ""global_fold_bb"": true, ""max_control_odds"": 1.3580102297729464, ""n_clipped"": 0, ""n_complement_units"": 57, ""n_eval_units"": 52, ""posterior_cache_key"": ""g=4_fold=0"", ""posterior_draws"": 1500, ""raw_max_control_odds"": 1.3580102297729464}, ""1"": {""bar_pi"": 0.47368421052631576, ""control_ess"": 28.097008779813812, ""fold_sizes"": [{""evaluation"": 57, ""fold"": 0, ""train"": 52}], ""global_fold_bb"": true, ""max_control_odds"": 2.245947236539789, ""n_clipped"": 0, ""n_complement_units"": 52, ""n_eval_units"": 57, ""posterior_cache_key"": ""g=4_fold=1"", ""posterior_draws"": 1500, ""raw_max_control_odds"": 2.245947236539789}}"
GATT,g=4_t=6,4.0,6.0,2.0,reference_fold_convolution,5.14266302162569,5.145116095170935,0.3331382013904421,4.489316701615797,4.596569401292485,5.693867532000085,5.783041127302096,0.0,0.0,0.0,5.1254553144847215,correction_completion,staggered,3,200,95,1496791437,reference_fold_convolution_rf,2.245947236539789,22.299657471507523,,"{""0"": {""bar_pi"": 0.5192307692307693, ""control_ess"": 22.299657471507523, ""fold_sizes"": [{""evaluation"": 52, ""fold"": 0, ""train"": 57}], ""global_fold_bb"": true, ""max_control_odds"": 1.3580102297729464, ""n_clipped"": 0, ""n_complement_units"": 57, ""n_eval_units"": 52, ""posterior_cache_key"": ""g=4_fold=0"", ""posterior_draws"": 1500, ""raw_max_control_odds"": 1.3580102297729464}, ""1"": {""bar_pi"": 0.47368421052631576, ""control_ess"": 28.097008779813812, ""fold_sizes"": [{""evaluation"": 57, ""fold"": 0, ""train"": 52}], ""global_fold_bb"": true, ""max_control_odds"": 2.245947236539789, ""n_clipped"": 0, ""n_complement_units"": 52, ""n_eval_units"": 57, ""posterior_cache_key"": ""g=4_fold=1"", ""posterior_draws"": 1500, ""raw_max_control_odds"": 2.245947236539789}}"
GATT,g=4_t=7,4.0,7.0,3.0,reference_fold_convolution,6.15141831445157,6.178402795542283,0.3495302374683153,5.460651531970222,5.581890705772202,6.727377435108545,6.791489602821234,0.0,0.0,0.0,6.264445384370216,correction_completion,staggered,3,200,95,1496791437,reference_fold_convolution_rf,2.245947236539789,22.299657471507523,,"{""0"": {""bar_pi"": 0.5192307692307693, ""control_ess"": 22.299657471507523, ""fold_sizes"": [{""evaluation"": 52, ""fold"": 0, ""train"": 57}], ""global_fold_bb"": true, ""max_control_odds"": 1.3580102297729464, ""n_clipped"": 0, ""n_complement_units"": 57, ""n_eval_units"": 52, ""posterior_cache_key"": ""g=4_fold=0"", ""posterior_draws"": 1500, ""raw_max_control_odds"": 1.3580102297729464}, ""1"": {""bar_pi"": 0.47368421052631576, ""control_ess"": 28.097008779813812, ""fold_sizes"": [{""evaluation"": 57, ""fold"": 0, ""train"": 52}], ""global_fold_bb"": true, ""max_control_odds"": 2.245947236539789, ""n_clipped"": 0, ""n_complement_units"": 52, ""n_eval_units"": 57, ""posterior_cache_key"": ""g=4_fold=1"", ""posterior_draws"": 1500, ""raw_max_control_odds"": 2.245947236539789}}"
GATT,g=6_t=6,6.0,6.0,0.0,reference_fold_convolution,5.601068818333114,5.606884659011922,0.42519104456900025,4.7504628833302425,4.899599112696892,6.2988435322228105,6.412327777841197,0.0,0.0,0.0,5.615643491401522,correction_completion,staggered,3,200,95,1496791437,reference_fold_convolution_rf,2.351739608635044,21.937828539012283,,"{""0"": {""bar_pi"": 0.5, ""control_ess"": 21.937828539012283, ""fold_sizes"": [{""evaluation"": 50, ""fold"": 0, ""train"": 51}], ""global_fold_bb"": true, ""max_control_odds"": 1.4594661171214016, ""n_clipped"": 0, ""n_complement_units"": 51, ""n_eval_units"": 50, ""posterior_cache_key"": ""g=6_fold=0"", ""posterior_draws"": 1500, ""raw_max_control_odds"": 1.4594661171214016}, ""1"": {""bar_pi"": 0.4117647058823529, ""control_ess"": 26.33742044333098, ""fold_sizes"": [{""evaluation"": 51, ""fold"": 0, ""train"": 50}], ""global_fold_bb"": true, ""max_control_odds"": 2.351739608635044, ""n_clipped"": 0, ""n_complement_units"": 50, ""n_eval_units"": 51, ""posterior_cache_key"": ""g=6_fold=1"", ""posterior_draws"": 1500, ""raw_max_control_odds"": 2.351739608635044}}"
GATT,g=6_t=7,6.0,7.0,1.0,reference_fold_convolution,7.38101183516871,7.361971420597557,0.5481128652972853,6.328388371621521,6.486903136946197,8.285585494790903,8.457719814087017,0.0,0.0,0.0,7.861900887962131,correction_completion,staggered,3,200,95,1496791437,reference_fold_convolution_rf,2.351739608635044,21.937828539012283,,"{""0"": {""bar_pi"": 0.5, ""control_ess"": 21.937828539012283, ""fold_sizes"": [{""evaluation"": 50, ""fold"": 0, ""train"": 51}], ""global_fold_bb"": true, ""max_control_odds"": 1.4594661171214016, ""n_clipped"": 0, ""n_complement_units"": 51, ""n_eval_units"": 50, ""posterior_cache_key"": ""g=6_fold=0"", ""posterior_draws"": 1500, ""raw_max_control_odds"": 1.4594661171214016}, ""1"": {""bar_pi"": 0.4117647058823529, ""control_ess"": 26.33742044333098, ""fold_sizes"": [{""evaluation"": 51, ""fold"": 0, ""train"": 50}], ""global_fold_bb"": true, ""max_control_odds"": 2.351739608635044, ""n_clipped"": 0, ""n_complement_units"": 50, ""n_eval_units"": 51, ""posterior_cache_key"": ""g=6_fold=1"", ""posterior_draws"": 1500, ""raw_max_control_odds"": 2.351739608635044}}"
GATT,g=5_t=5,5.0,5.0,0.0,reference_fold_convolution,4.03667921091091,4.0494928792709395,0.34821292517049846,3.362234085736007,3.452581247774463,4.606989083957429,4.713575427042177,0.0,0.0,0.0,3.9071628247986028,correction_completion,staggered,3,200,95,1496791437,reference_fold_convolution_rf,1.5609801418342073,23.427324615165542,,"{""0"": {""bar_pi"": 0.4791666666666667, ""control_ess"": 23.427324615165542, ""fold_sizes"": [{""evaluation"": 48, ""fold"": 0, ""train"": 52}], ""global_fold_bb"": true, ""max_control_odds"": 1.3138602075556756, ""n_clipped"": 0, ""n_complement_units"": 52, ""n_eval_units"": 48, ""posterior_cache_key"": ""g=5_fold=0"", ""posterior_draws"": 1500, ""raw_max_control_odds"": 1.3138602075556756}, ""1"": {""bar_pi"": 0.4230769230769231, ""control_ess"": 28.502034983390466, ""fold_sizes"": [{""evaluation"": 52, ""fold"": 0, ""train"": 48}], ""global_fold_bb"": true, ""max_control_odds"": 1.5609801418342073, ""n_clipped"": 0, ""n_complement_units"": 48, ""n_eval_units"": 52, ""posterior_cache_key"": ""g=5_fold=1"", ""posterior_draws"": 1500, ""raw_max_control_odds"": 1.5609801418342073}}"
GATT,g=5_t=6,5.0,6.0,1.0,reference_fold_convolution,5.136612622632023,5.13585349524301,0.38852258051309807,4.375198546447672,4.516099552625204,5.7613098797147835,5.89955334065245,0.0,0.0,0.0,5.470027954718043,correction_completion,staggered,3,200,95,1496791437,reference_fold_convolution_rf,1.5609801418342073,23.427324615165542,,"{""0"": {""bar_pi"": 0.4791666666666667, ""control_ess"": 23.427324615165542, ""fold_sizes"": [{""evaluation"": 48, ""fold"": 0, ""train"": 52}], ""global_fold_bb"": true, ""max_control_odds"": 1.3138602075556756, ""n_clipped"": 0, ""n_complement_units"": 52, ""n_eval_units"": 48, ""posterior_cache_key"": ""g=5_fold=0"", ""posterior_draws"": 1500, ""raw_max_control_odds"": 1.3138602075556756}, ""1"": {""bar_pi"": 0.4230769230769231, ""control_ess"": 28.502034983390466, ""fold_sizes"": [{""evaluation"": 52, ""fold"": 0, ""train"": 48}], ""global_fold_bb"": true, ""max_control_odds"": 1.5609801418342073, ""n_clipped"": 0, ""n_complement_units"": 48, ""n_eval_units"": 52, ""posterior_cache_key"": ""g=5_fold=1"", ""posterior_draws"": 1500, ""raw_max_control_odds"": 1.5609801418342073}}"
GATT,g=5_t=7,5.0,7.0,2.0,reference_fold_convolution,7.226301882619042,7.222540100326198,0.4198592410619044,6.450442245084138,6.580207526028046,7.925668007230233,8.129277026107477,0.0,0.0,0.0,7.032893084637485,correction_completion,staggered,3,200,95,1496791437,reference_fold_convolution_rf,1.5609801418342073,23.427324615165542,,"{""0"": {""bar_pi"": 0.4791666666666667, ""control_ess"": 23.427324615165542, ""fold_sizes"": [{""evaluation"": 48, ""fold"": 0, ""train"": 52}], ""global_fold_bb"": true, ""max_control_odds"": 1.3138602075556756, ""n_clipped"": 0, ""n_complement_units"": 52, ""n_eval_units"": 48, ""posterior_cache_key"": ""g=5_fold=0"", ""posterior_draws"": 1500, ""raw_max_control_odds"": 1.3138602075556756}, ""1"": {""bar_pi"": 0.4230769230769231, ""control_ess"": 28.502034983390466, ""fold_sizes"": [{""evaluation"": 52, ""fold"": 0, ""train"": 48}], ""global_fold_bb"": true, ""max_control_odds"": 1.5609801418342073, ""n_clipped"": 0, ""n_complement_units"": 48, ""n_eval_units"": 52, ""posterior_cache_key"": ""g=5_fold=1"", ""posterior_draws"": 1500, ""raw_max_control_odds"": 1.5609801418342073}}"
ES,k=0,,,0.0,reference_fold_convolution,4.043271307032347,4.042002434895064,0.18308569993092685,3.6762325123164037,3.7357819620698236,4.342553117710244,4.390302203562576,0.0,0.0,0.0,4.054521290723785,correction_completion,staggered,3,200,95,1496791437,reference_fold_convolution_rf,,,,{}
ES,k=1,,,1.0,reference_fold_convolution,5.375433173951897,5.368583474409927,0.22186046042017973,4.957140699306916,5.024552142575697,5.737244375210508,5.831121114120994,0.0,0.0,0.0,5.676329807013299,correction_completion,staggered,3,200,95,1496791437,reference_fold_convolution_rf,,,,{}
ES,k=2,,,2.0,reference_fold_convolution,6.089771594804486,6.083989092815135,0.26516092604644775,5.5859176821963725,5.651000441928578,6.535637328866033,6.63508762547327,0.0,0.0,0.0,5.99247248273598,correction_completion,staggered,3,200,95,1496791437,reference_fold_convolution_rf,,,,{}
ES,k=3,,,3.0,reference_fold_convolution,6.15141831445157,6.178402795542283,0.3495302374683153,5.460651531970222,5.581890705772202,6.727377435108545,6.791489602821234,0.0,0.0,0.0,6.264445384370216,correction_completion,staggered,3,200,95,1496791437,reference_fold_convolution_rf,,,,{}
ATT,ATT,,,,reference_fold_convolution,5.1936255679655625,5.190212675829902,0.1903381844798395,4.828641306606025,4.878904160259396,5.499649153111009,5.56919913108495,0.0,0.0,0.0,5.28782897453438,correction_completion,staggered,3,200,95,1496791437,reference_fold_convolution_rf,,,,{}
