estimand_type,estimand_id,g,t,k,method,post_mean,post_median,sd,q025,q05,q95,q975,p_bayes_tail_min,p_bayes_two_sided,p_bayes,true,family,design,degree,N,rep,seed,task_estimator,max_control_odds,effective_sample_size,max_normalized_weight,fold_sizes
PRE,k=-4,,,-4.0,pretrend,-0.051057972941058696,-0.03496374631554125,0.19677894978895796,-0.44960823320968746,-0.3792679554163329,0.2756257034459728,0.33018067585459754,0.44666666666666666,0.8933333333333333,0.8933333333333333,-0.0,correction_completion,PT_conditional,1,200,190,3228228879,raw_structured,,,,
PRE,k=-3,,,-3.0,pretrend,0.06640468703974918,0.01689389956136888,0.17216092571337546,-0.2635620955844445,-0.2154618886523357,0.3820255526842712,0.43076893045725806,0.472,0.944,0.944,-0.0,correction_completion,PT_conditional,1,200,190,3228228879,raw_structured,,,,
PRE,k=-2,,,-2.0,pretrend,0.06824249727187351,0.0,0.15125226797809166,-0.19570020828976717,-0.1392885526447856,0.3709239985547967,0.426004509908928,0.572,1.0,1.0,-0.0,correction_completion,PT_conditional,1,200,190,3228228879,raw_structured,,,,
PRE,slope,,,,pretrend,-0.003419853752013984,0.0,0.0674591643279515,-0.145909803065921,-0.1237390098666185,0.10011488986338404,0.11780486245609445,0.5426666666666666,1.0,1.0,0.0,correction_completion,PT_conditional,1,200,190,3228228879,raw_structured,,,,
PRE_SUB,X1=0_k=-4,,,-4.0,pretrend,-0.03577778467147845,-0.019492354108407536,0.20446093723345476,-0.4317264118473822,-0.37262405385407604,0.31576229126622846,0.3843922337590203,0.47,0.94,0.94,-0.0,correction_completion,PT_conditional,1,200,190,3228228879,raw_structured,,,,
PRE_SUB,X1=0_k=-3,,,-3.0,pretrend,0.07427174336808613,0.023677535567929953,0.1781777641513262,-0.259191678303084,-0.20937426171576015,0.3937316751052929,0.4491602460170288,0.462,0.924,0.924,-0.0,correction_completion,PT_conditional,1,200,190,3228228879,raw_structured,,,,
PRE_SUB,X1=0_k=-2,,,-2.0,pretrend,0.07191982854718994,0.0,0.1556061492878726,-0.19570020828976806,-0.13621318167853366,0.37382708266438197,0.43583036347020204,0.57,1.0,1.0,-0.0,correction_completion,PT_conditional,1,200,190,3228228879,raw_structured,,,,
PRE_SUB,X1=1_k=-4,,,-4.0,pretrend,-0.05904016084307824,-0.04391728399403468,0.20111495977879743,-0.45726177354925046,-0.3903783136591287,0.2743646689382114,0.33018067585459765,0.43266666666666664,0.8653333333333333,0.8653333333333333,-0.0,correction_completion,PT_conditional,1,200,190,3228228879,raw_structured,,,,
PRE_SUB,X1=1_k=-3,,,-3.0,pretrend,0.06229503074882689,0.013360741690904638,0.17458657387357956,-0.2849326245771023,-0.2209127342546372,0.38123552995666427,0.42906230599545125,0.48133333333333334,0.9626666666666667,0.9626666666666667,-0.0,correction_completion,PT_conditional,1,200,190,3228228879,raw_structured,,,,
PRE_SUB,X1=1_k=-2,,,-2.0,pretrend,0.06632150332208134,0.0,0.15231765929472355,-0.2089770224142759,-0.14363753675403704,0.3685206215867016,0.4284906900393987,0.576,1.0,1.0,-0.0,correction_completion,PT_conditional,1,200,190,3228228879,raw_structured,,,,
PRE_SUB,X2=low_k=-4,,,-4.0,pretrend,-0.04887547472055062,-0.030752211379151354,0.19681805403774283,-0.4496082332096877,-0.38040308068098705,0.2801078287926432,0.331541448070655,0.452,0.904,0.904,-0.0,correction_completion,PT_conditional,1,200,190,3228228879,raw_structured,,,,
PRE_SUB,X2=low_k=-3,,,-3.0,pretrend,0.06730628738168572,0.015282876316822534,0.17288072730224086,-0.2600957392637956,-0.21445040791211964,0.3833280917739311,0.4307689304572582,0.47533333333333333,0.9506666666666667,0.9506666666666667,-0.0,correction_completion,PT_conditional,1,200,190,3228228879,raw_structured,,,,
PRE_SUB,X2=low_k=-2,,,-2.0,pretrend,0.06911112202180951,0.0,0.1511654192873386,-0.19366644196914484,-0.13928855264478535,0.3685206215867015,0.42600450990892785,0.5733333333333334,1.0,1.0,-0.0,correction_completion,PT_conditional,1,200,190,3228228879,raw_structured,,,,
PRE_SUB,X2=high_k=-4,,,-4.0,pretrend,-0.05186066635327425,-0.0366021447526096,0.19827518489245424,-0.4511414118254996,-0.3834183305748544,0.2809453920612923,0.33154144807065433,0.446,0.892,0.892,-0.0,correction_completion,PT_conditional,1,200,190,3228228879,raw_structured,,,,
PRE_SUB,X2=high_k=-3,,,-3.0,pretrend,0.06622357788252138,0.01583595687691534,0.17354164821908202,-0.2648347691962013,-0.2146778451498963,0.3829178539704038,0.4362811304587492,0.4726666666666667,0.9453333333333334,0.9453333333333334,-0.0,correction_completion,PT_conditional,1,200,190,3228228879,raw_structured,,,,
PRE_SUB,X2=high_k=-2,,,-2.0,pretrend,0.06768323329802522,0.0,0.15182210297738946,-0.19570020828976714,-0.14054867696540357,0.3713116095779508,0.42600450990892774,0.5733333333333334,1.0,1.0,-0.0,correction_completion,PT_conditional,1,200,190,3228228879,raw_structured,,,,
PRE_SUBC,X1_k=-4,,,-4.0,pretrend,-0.023262376171599784,0.0,0.0985922018553382,-0.38803536251600096,-0.20589452625705096,1.27675647831893e-15,0.008129326488904673,0.5126666666666667,1.0,1.0,-0.0,correction_completion,PT_conditional,1,200,190,3228228879,raw_structured,,,,
PRE_SUBC,X1_k=-3,,,-3.0,pretrend,-0.011976712619259243,0.0,0.07523468966858808,-0.194175364921629,-0.006913166426177247,9.992007221626409e-16,0.0052856947872389195,0.5906666666666667,1.0,1.0,-0.0,correction_completion,PT_conditional,1,200,190,3228228879,raw_structured,,,,
PRE_SUBC,X1_k=-2,,,-2.0,pretrend,-0.005598325225108583,0.0,0.05455721048177164,-0.005848895609660231,-8.881784197001252e-16,7.428085924132685e-16,1.1525502774389868e-15,0.7013333333333334,1.0,1.0,-0.0,correction_completion,PT_conditional,1,200,190,3228228879,raw_structured,,,,
PRE_SUBC,X1_slope,,,,pretrend,0.0070956342127447445,0.0,0.032433025973813,-0.0031536429857876016,-4.284271350383863e-16,0.05503209349409197,0.11158253759604454,0.504,1.0,1.0,0.0,correction_completion,PT_conditional,1,200,190,3228228879,raw_structured,,,,
PRE_SUBC,X2_k=-4,,,-4.0,pretrend,-0.0029851916327236316,0.0,0.041960270619017255,-0.07426067792155665,-0.046753965248413513,9.992007221626409e-16,0.008463156480391108,0.5213333333333333,1.0,1.0,-0.0,correction_completion,PT_conditional,1,200,190,3228228879,raw_structured,,,,
PRE_SUBC,X2_k=-3,,,-3.0,pretrend,-0.0010827094991643351,0.0,0.03926168421740829,-0.05672696669603871,-0.018851932682169274,8.326672684688674e-16,0.0013099392473344697,0.6146666666666667,1.0,1.0,-0.0,correction_completion,PT_conditional,1,200,190,3228228879,raw_structured,,,,
PRE_SUBC,X2_k=-2,,,-2.0,pretrend,-0.001427888723784284,0.0,0.022525267648165863,-0.021192384682949348,-7.771561172376096e-16,6.106226635438361e-16,9.992007221626409e-16,0.71,1.0,1.0,-0.0,correction_completion,PT_conditional,1,200,190,3228228879,raw_structured,,,,
PRE_SUBC,X2_slope,,,,pretrend,0.0008963487585917035,0.0,0.015321581376751816,-0.00209912287005842,-3.512071585934758e-16,0.012381395953922937,0.024878836821830945,0.5246666666666666,1.0,1.0,0.0,correction_completion,PT_conditional,1,200,190,3228228879,raw_structured,,,,
PRE,k=-4,,,-4.0,reference_fold_pretrend,-0.23388720512195438,-0.22225326260192954,0.19539259103094248,-0.6310694486924923,-0.5640267168366437,0.06975330786291643,0.1336954949521336,0.11066666666666666,0.22133333333333333,0.22133333333333333,-0.0,correction_completion,PT_conditional,1,200,190,3228228879,reference_fold_convolution_rf,,,,
PRE,k=-3,,,-3.0,reference_fold_pretrend,-0.07600820443810669,-0.07140862036814541,0.17165188850691984,-0.4105184201023216,-0.3561359154182732,0.20748222595623117,0.2620639690532541,0.31866666666666665,0.6373333333333333,0.6373333333333333,-0.0,correction_completion,PT_conditional,1,200,190,3228228879,reference_fold_convolution_rf,,,,
PRE,k=-2,,,-2.0,reference_fold_pretrend,-0.018491859706430226,0.0,0.14098952016621408,-0.3129690310359214,-0.265928877799598,0.2189663971483384,0.2714525189511899,0.532,1.0,1.0,-0.0,correction_completion,PT_conditional,1,200,190,3228228879,reference_fold_convolution_rf,,,,
PRE,slope,,,,reference_fold_pretrend,0.06229784885346477,0.05988403153895422,0.06629323206623322,-0.06335983969328132,-0.04277688727889984,0.17498243801924665,0.19590011495650106,0.15866666666666668,0.31733333333333336,0.31733333333333336,0.0,correction_completion,PT_conditional,1,200,190,3228228879,reference_fold_convolution_rf,,,,
PRE_SUB,X1=0_k=-4,,,-4.0,reference_fold_pretrend,-0.1802504411341917,-0.18200519478981705,0.21083511995146298,-0.5852716183960082,-0.5260067979064273,0.16261254500707006,0.21512754993610422,0.20133333333333334,0.4026666666666667,0.4026666666666667,-0.0,correction_completion,PT_conditional,1,200,190,3228228879,reference_fold_convolution_rf,,,,
PRE_SUB,X1=0_k=-3,,,-3.0,reference_fold_pretrend,-0.032736409700737254,-0.03404304740389405,0.18903550363656793,-0.3882805961352879,-0.3282459478874956,0.2835418643958142,0.3398311619866992,0.4206666666666667,0.8413333333333334,0.8413333333333334,-0.0,correction_completion,PT_conditional,1,200,190,3228228879,reference_fold_convolution_rf,,,,
PRE_SUB,X1=0_k=-2,,,-2.0,reference_fold_pretrend,0.00977903124389607,0.0,0.15885525301517617,-0.30072042581053776,-0.25001381295687647,0.2862812180699567,0.34125535405251467,0.572,1.0,1.0,-0.0,correction_completion,PT_conditional,1,200,190,3228228879,reference_fold_convolution_rf,,,,
PRE_SUB,X1=1_k=-4,,,-4.0,reference_fold_pretrend,-0.2619064101901886,-0.2554270705806178,0.20457893531605142,-0.6727692260922437,-0.6005888585521197,0.05803537717772757,0.12396054053593869,0.09466666666666666,0.18933333333333333,0.18933333333333333,-0.0,correction_completion,PT_conditional,1,200,190,3228228879,reference_fold_convolution_rf,,,,
PRE_SUB,X1=1_k=-3,,,-3.0,reference_fold_pretrend,-0.09861287333076237,-0.09169831990469557,0.17809823140555262,-0.4515566093267372,-0.391644102641871,0.1929881899912481,0.25435586370748353,0.284,0.568,0.568,-0.0,correction_completion,PT_conditional,1,200,190,3228228879,reference_fold_convolution_rf,,,,
PRE_SUB,X1=1_k=-2,,,-2.0,reference_fold_pretrend,-0.03326023557600367,0.0,0.14578972756935346,-0.3338441911854334,-0.2871031565147866,0.20956089577553635,0.26779388868186244,0.5026666666666667,1.0,1.0,-0.0,correction_completion,PT_conditional,1,200,190,3228228879,reference_fold_convolution_rf,,,,
PRE_SUB,X2=low_k=-4,,,-4.0,reference_fold_pretrend,-0.2423095227144066,-0.22933465904723538,0.1974234576530154,-0.641333571556995,-0.5714885849372049,0.05834010452681393,0.13156838823545555,0.10866666666666666,0.21733333333333332,0.21733333333333332,-0.0,correction_completion,PT_conditional,1,200,190,3228228879,reference_fold_convolution_rf,,,,
PRE_SUB,X2=low_k=-3,,,-3.0,reference_fold_pretrend,-0.09715189119536426,-0.09158156617004483,0.17708226195586146,-0.44509944532126866,-0.3876106007536564,0.1875690007816487,0.24781653817139346,0.29933333333333334,0.5986666666666667,0.5986666666666667,-0.0,correction_completion,PT_conditional,1,200,190,3228228879,reference_fold_convolution_rf,,,,
PRE_SUB,X2=low_k=-2,,,-2.0,reference_fold_pretrend,-0.0236264729636945,0.0,0.14495695373211676,-0.3421583539565669,-0.2883239374362254,0.20297171064906544,0.26475463233674956,0.526,1.0,1.0,-0.0,correction_completion,PT_conditional,1,200,190,3228228879,reference_fold_convolution_rf,,,,
PRE_SUB,X2=high_k=-4,,,-4.0,reference_fold_pretrend,-0.21144680319359843,-0.20267027261866385,0.19983271447577103,-0.6218277884590534,-0.5527104549184411,0.1013629143230352,0.15780609629562292,0.14666666666666667,0.29333333333333333,0.29333333333333333,-0.0,correction_completion,PT_conditional,1,200,190,3228228879,reference_fold_convolution_rf,,,,
PRE_SUB,X2=high_k=-3,,,-3.0,reference_fold_pretrend,-0.03587222988511842,-0.041889455515181175,0.17027415055638873,-0.36602617811703636,-0.3005068512310753,0.25299931771892076,0.3291023875711981,0.414,0.828,0.828,-0.0,correction_completion,PT_conditional,1,200,190,3228228879,reference_fold_convolution_rf,,,,
PRE_SUB,X2=high_k=-2,,,-2.0,reference_fold_pretrend,-0.00579972454284162,0.0,0.14052221605657358,-0.28438855068690816,-0.2378656899267257,0.2429510806981014,0.2995526644266807,0.5473333333333333,1.0,1.0,-0.0,correction_completion,PT_conditional,1,200,190,3228228879,reference_fold_convolution_rf,,,,
PRE_SUBC,X1_k=-4,,,-4.0,reference_fold_pretrend,-0.08165596905599691,-0.0038135589054144603,0.14233098623515408,-0.456242572222581,-0.3952806723396016,0.0030813419807805445,0.009576145242233868,0.18533333333333332,0.37066666666666664,0.37066666666666664,-0.0,correction_completion,PT_conditional,1,200,190,3228228879,reference_fold_convolution_rf,,,,
PRE_SUBC,X1_k=-3,,,-3.0,reference_fold_pretrend,-0.0658764636300251,-0.0038075997247781768,0.12694891047423182,-0.42916537416541106,-0.35828700648372347,0.0008841355398648315,0.0032562868711558633,0.09466666666666666,0.18933333333333333,0.18933333333333333,-0.0,correction_completion,PT_conditional,1,200,190,3228228879,reference_fold_convolution_rf,,,,
PRE_SUBC,X1_k=-2,,,-2.0,reference_fold_pretrend,-0.04303926681989973,-0.0011445676784114164,0.11030483620888688,-0.40279293391891713,-0.32595530706429937,0.0015085480245904369,0.00278717235612288,0.3333333333333333,0.6666666666666666,0.6666666666666666,-0.0,correction_completion,PT_conditional,1,200,190,3228228879,reference_fold_convolution_rf,,,,
PRE_SUBC,X1_slope,,,,reference_fold_pretrend,0.02998286437485291,0.0015130616542671038,0.0537963460214585,-0.002124971473513334,-0.0006543575600311054,0.15311661588849387,0.18623351547574624,0.134,0.268,0.268,0.0,correction_completion,PT_conditional,1,200,190,3228228879,reference_fold_convolution_rf,,,,
PRE_SUBC,X2_k=-4,,,-4.0,reference_fold_pretrend,0.030862719520808136,0.03291832506770459,0.07790178136919577,-0.12705260381372907,-0.10005031402501899,0.15478036928092379,0.17171137203429743,0.334,0.668,0.668,-0.0,correction_completion,PT_conditional,1,200,190,3228228879,reference_fold_convolution_rf,,,,
PRE_SUBC,X2_k=-3,,,-3.0,reference_fold_pretrend,0.061279661310245835,0.06015067437212826,0.06644810171169678,-0.06777647220559943,-0.042179023897601045,0.17113106738215736,0.19432041041598136,0.176,0.352,0.352,-0.0,correction_completion,PT_conditional,1,200,190,3228228879,reference_fold_convolution_rf,,,,
PRE_SUBC,X2_k=-2,,,-2.0,reference_fold_pretrend,0.017826748420852884,0.00912784529790063,0.052746102658787784,-0.09481015445170196,-0.06538504258487368,0.10977406036145276,0.12751883333403316,0.44,0.88,0.88,-0.0,correction_completion,PT_conditional,1,200,190,3228228879,reference_fold_convolution_rf,,,,
PRE_SUBC,X2_slope,,,,reference_fold_pretrend,-0.01664101640026921,-0.017067676017856276,0.02638881969753004,-0.06525523225358507,-0.058835425502221685,0.02873615597163265,0.037215545806706225,0.256,0.512,0.512,0.0,correction_completion,PT_conditional,1,200,190,3228228879,reference_fold_convolution_rf,,,,
PRE,k=-4,,,-4.0,pretrend,-0.3866416652356558,-0.38202363986663906,0.18662734427539254,-0.7567087400662345,-0.687154994549934,-0.06250449618449835,-0.009746819741204237,0.02266666666666667,0.04533333333333334,0.04533333333333334,-0.0,correction_completion,PT_hold,1,200,174,2788687364,raw_structured,,,,
PRE,k=-3,,,-3.0,pretrend,-0.43107364819459765,-0.42529030562812875,0.18630605828142177,-0.7910655248124338,-0.7387063207021367,-0.126901112760071,-0.041667808491433256,0.022,0.044,0.044,-0.0,correction_completion,PT_hold,1,200,174,2788687364,raw_structured,,,,
PRE,k=-2,,,-2.0,pretrend,-0.19838339821807577,-0.18116147587780967,0.19066629824673076,-0.5698964608387773,-0.5249005244046989,0.007132505822356526,0.058744914239805664,0.288,0.576,0.576,-0.0,correction_completion,PT_hold,1,200,174,2788687364,raw_structured,,,,
PRE,slope,,,,pretrend,0.15860397787958846,0.15627502191717332,0.07130604714847891,0.02005530703136648,0.04071195011481225,0.2772278895223864,0.30075878577072546,0.013333333333333334,0.02666666666666667,0.02666666666666667,0.0,correction_completion,PT_hold,1,200,174,2788687364,raw_structured,,,,
PRE_SUB,X1=0_k=-4,,,-4.0,pretrend,-0.3812687008376038,-0.37820524385790066,0.18852574405421443,-0.7553261026230471,-0.6819071336189855,-0.055048980755764386,-0.005003678469649233,0.024666666666666667,0.04933333333333333,0.04933333333333333,-0.0,correction_completion,PT_hold,1,200,174,2788687364,raw_structured,,,,
PRE_SUB,X1=0_k=-3,,,-3.0,pretrend,-0.42597388126319813,-0.4225370722918867,0.18772684976225038,-0.7936347233081247,-0.733488512061534,-0.12283382941189408,-0.025773401677927424,0.024,0.048,0.048,-0.0,correction_completion,PT_hold,1,200,174,2788687364,raw_structured,,,,
PRE_SUB,X1=0_k=-2,,,-2.0,pretrend,-0.19603013819421228,-0.17812543324093644,0.1910903915279602,-0.5715227654092208,-0.5241798955127921,0.007963389404792855,0.0608902153311303,0.2926666666666667,0.5853333333333334,0.5853333333333334,-0.0,correction_completion,PT_hold,1,200,174,2788687364,raw_structured,,,,
PRE_SUB,X1=1_k=-4,,,-4.0,pretrend,-0.3915932206613115,-0.38821469836785616,0.18922710211292096,-0.766445079027361,-0.6967540159115404,-0.06789412961261096,-0.009746819741204116,0.022,0.044,0.044,-0.0,correction_completion,PT_hold,1,200,174,2788687364,raw_structured,,,,
PRE_SUB,X1=1_k=-3,,,-3.0,pretrend,-0.43577343340588737,-0.42940129460798393,0.18925007862877008,-0.8079859142074586,-0.7519275214486012,-0.1283130482134733,-0.042843511220159704,0.021333333333333333,0.042666666666666665,0.042666666666666665,-0.0,correction_completion,PT_hold,1,200,174,2788687364,raw_structured,,,,
PRE_SUB,X1=1_k=-2,,,-2.0,pretrend,-0.20055208882830292,-0.18270032424335958,0.19279759117721365,-0.5823575238176432,-0.5325481610320079,0.007017880262394005,0.057453591310265666,0.288,0.576,0.576,-0.0,correction_completion,PT_hold,1,200,174,2788687364,raw_structured,,,,
PRE_SUB,X2=low_k=-4,,,-4.0,pretrend,-0.36437985123562444,-0.36140358253309907,0.19644940128655874,-0.7354069253967219,-0.6706105780831549,-0.026946051049419415,0.010121306548474826,0.03666666666666667,0.07333333333333333,0.07333333333333333,-0.0,correction_completion,PT_hold,1,200,174,2788687364,raw_structured,,,,
PRE_SUB,X2=low_k=-3,,,-3.0,pretrend,-0.40915077924076954,-0.4064373096082191,0.1938641592572948,-0.7815476099412497,-0.724510720787217,-0.07745777825365299,0.0,0.034,0.068,0.068,-0.0,correction_completion,PT_hold,1,200,174,2788687364,raw_structured,,,,
PRE_SUB,X2=low_k=-2,,,-2.0,pretrend,-0.18998064114081475,-0.1713935955729708,0.19297386513276446,-0.5639389819148591,-0.5221817689970055,0.02322751540469468,0.09818628558005152,0.30466666666666664,0.6093333333333333,0.6093333333333333,-0.0,correction_completion,PT_hold,1,200,174,2788687364,raw_structured,,,,
PRE_SUB,X2=high_k=-4,,,-4.0,pretrend,-0.41326826791150933,-0.40562879932204754,0.20616936702517444,-0.8671146035948354,-0.7627758413266216,-0.07390950062462948,-0.011440501593503922,0.022,0.044,0.044,-0.0,correction_completion,PT_hold,1,200,174,2788687364,raw_structured,,,,
PRE_SUB,X2=high_k=-3,,,-3.0,pretrend,-0.4573892251678923,-0.4457825198454951,0.20757811053925046,-0.9088129665136565,-0.8033811992926813,-0.13336776622473123,-0.044408938628950075,0.021333333333333333,0.042666666666666665,0.042666666666666665,-0.0,correction_completion,PT_hold,1,200,174,2788687364,raw_structured,,,,
PRE_SUB,X2=high_k=-2,,,-2.0,pretrend,-0.20958579091204962,-0.19147899691895554,0.20143194637479192,-0.6093981248948561,-0.5448187638368073,0.0018845033332217892,0.052501800182920035,0.284,0.568,0.568,-0.0,correction_completion,PT_hold,1,200,174,2788687364,raw_structured,,,,
PRE_SUBC,X1_k=-4,,,-4.0,pretrend,-0.010324519823707712,-5.551115123125783e-17,0.05836046718443781,-0.17000939887814148,-0.038182685585186636,1.2212453270876722e-15,0.0033817632517328475,0.478,0.956,0.956,-0.0,correction_completion,PT_hold,1,200,174,2788687364,raw_structured,,,,
PRE_SUBC,X1_k=-3,,,-3.0,pretrend,-0.009799552142689232,-5.551115123125783e-17,0.05767627395818134,-0.1330064780481259,-0.031140007203709963,1.112998582186717e-15,0.0006141996198192999,0.4846666666666667,0.9693333333333334,0.9693333333333334,-0.0,correction_completion,PT_hold,1,200,174,2788687364,raw_structured,,,,
PRE_SUBC,X1_k=-2,,,-2.0,pretrend,-0.0045219506340906,0.0,0.04489104361559895,-0.021511282773989247,-0.00658534494853946,7.216449660063518e-16,1.2285311656867729e-15,0.61,1.0,1.0,-0.0,correction_completion,PT_hold,1,200,174,2788687364,raw_structured,,,,
PRE_SUBC,X1_slope,,,,pretrend,0.003935329599328014,1.9949319973733282e-17,0.023134701551700353,-0.0012684644543813758,-4.603460469963595e-16,0.012638317669502474,0.051323781764245124,0.4666666666666667,0.9333333333333333,0.9333333333333333,0.0,correction_completion,PT_hold,1,200,174,2788687364,raw_structured,,,,
PRE_SUBC,X2_k=-4,,,-4.0,pretrend,-0.04888841667588484,-5.551115123125783e-17,0.14773969029593184,-0.5622892599826259,-0.45273750898680815,9.43689570931383e-16,1.5279444376403641e-15,0.474,0.948,0.948,-0.0,correction_completion,PT_hold,1,200,174,2788687364,raw_structured,,,,
PRE_SUBC,X2_k=-3,,,-3.0,pretrend,-0.048238445927122765,-5.551115123125783e-17,0.1485501136012698,-0.5622892599826256,-0.45430261432300423,8.326672684688674e-16,1.2212453270876722e-15,0.49,0.98,0.98,-0.0,correction_completion,PT_hold,1,200,174,2788687364,raw_structured,,,,
PRE_SUBC,X2_k=-2,,,-2.0,pretrend,-0.019605149771234863,0.0,0.0938026545286721,-0.3773146137245872,-0.04676729404956707,6.661338147750939e-16,9.027500968983266e-16,0.604,1.0,1.0,-0.0,correction_completion,PT_hold,1,200,174,2788687364,raw_structured,,,,
PRE_SUBC,X2_slope,,,,pretrend,0.018767663689509634,2.3790493384824782e-17,0.05716597970529377,-5.363269352441437e-16,-3.4496215407995936e-16,0.16893090058391239,0.2203543508554481,0.46266666666666667,0.9253333333333333,0.9253333333333333,0.0,correction_completion,PT_hold,1,200,174,2788687364,raw_structured,,,,
PRE,k=-4,,,-4.0,reference_fold_pretrend,-0.4336164537212057,-0.43706880458926506,0.18198206416228985,-0.7905836688798902,-0.7395388053390083,-0.1338486680741175,-0.07216630375035414,0.008666666666666666,0.017333333333333333,0.017333333333333333,-0.0,correction_completion,PT_hold,1,200,174,2788687364,reference_fold_convolution_rf,,,,
PRE,k=-3,,,-3.0,reference_fold_pretrend,-0.4573069400381329,-0.4572935010059278,0.17166503005992492,-0.7885629885555278,-0.7323006703739475,-0.16997810237792377,-0.11644273543403733,0.004,0.008,0.008,-0.0,correction_completion,PT_hold,1,200,174,2788687364,reference_fold_convolution_rf,,,,
PRE,k=-2,,,-2.0,reference_fold_pretrend,-0.2635926030789923,-0.2617524635028906,0.16546244960621329,-0.6098516603592288,-0.5469801992954494,0.0,0.029079768746182646,0.059333333333333335,0.11866666666666667,0.11866666666666667,-0.0,correction_completion,PT_hold,1,200,174,2788687364,reference_fold_convolution_rf,,,,
PRE,slope,,,,reference_fold_pretrend,0.1770754174513482,0.17845611439668155,0.06782307515464747,0.04472298944955282,0.06819772052803,0.2895054742524235,0.31039191366320656,0.004,0.008,0.008,0.0,correction_completion,PT_hold,1,200,174,2788687364,reference_fold_convolution_rf,,,,
PRE_SUB,X1=0_k=-4,,,-4.0,reference_fold_pretrend,-0.44483868730858467,-0.4476273825746133,0.19155406145765067,-0.8307890606620691,-0.7557473502234823,-0.12617384932132686,-0.0758516966633015,0.010666666666666666,0.021333333333333333,0.021333333333333333,-0.0,correction_completion,PT_hold,1,200,174,2788687364,reference_fold_convolution_rf,,,,
PRE_SUB,X1=0_k=-3,,,-3.0,reference_fold_pretrend,-0.4617786988528987,-0.46250079909912845,0.18082295471821225,-0.8109203106232763,-0.7609342110641395,-0.15712569663756235,-0.09197599493564802,0.005333333333333333,0.010666666666666666,0.010666666666666666,-0.0,correction_completion,PT_hold,1,200,174,2788687364,reference_fold_convolution_rf,,,,
PRE_SUB,X1=0_k=-2,,,-2.0,reference_fold_pretrend,-0.28021706431109145,-0.28007142560467996,0.17814999076871693,-0.6291890478333969,-0.5810145207561603,0.0,0.03202420228194745,0.066,0.132,0.132,-0.0,correction_completion,PT_hold,1,200,174,2788687364,reference_fold_convolution_rf,,,,
PRE_SUB,X1=1_k=-4,,,-4.0,reference_fold_pretrend,-0.42327439531715055,-0.4244097894761091,0.18809631486790762,-0.7948488138825216,-0.7475815603175423,-0.11580506561027222,-0.05832733306665925,0.01,0.02,0.02,-0.0,correction_completion,PT_hold,1,200,174,2788687364,reference_fold_convolution_rf,,,,
PRE_SUB,X1=1_k=-3,,,-3.0,reference_fold_pretrend,-0.45318590740491727,-0.45077401550493346,0.17767135103127898,-0.7935822152808173,-0.7459571855574518,-0.1624231692505876,-0.10823089896566146,0.006,0.012,0.012,-0.0,correction_completion,PT_hold,1,200,174,2788687364,reference_fold_convolution_rf,,,,
PRE_SUB,X1=1_k=-2,,,-2.0,reference_fold_pretrend,-0.24827202115921476,-0.24074842362464483,0.1660173535978505,-0.5994189866024845,-0.5388554198295649,4.580245503023587e-05,0.03741563460610008,0.06666666666666667,0.13333333333333333,0.13333333333333333,-0.0,correction_completion,PT_hold,1,200,174,2788687364,reference_fold_convolution_rf,,,,
PRE_SUB,X2=low_k=-4,,,-4.0,reference_fold_pretrend,-0.4239685925937426,-0.4246169653928691,0.18916185169332936,-0.7963389575857109,-0.7374098470827991,-0.10819702742509839,-0.05708183764457849,0.014,0.028,0.028,-0.0,correction_completion,PT_hold,1,200,174,2788687364,reference_fold_convolution_rf,,,,
PRE_SUB,X2=low_k=-3,,,-3.0,reference_fold_pretrend,-0.443467384179961,-0.44934720521995863,0.17951834434944167,-0.7832548820451737,-0.7316476116294466,-0.13896724048703865,-0.08090269899228633,0.008,0.016,0.016,-0.0,correction_completion,PT_hold,1,200,174,2788687364,reference_fold_convolution_rf,,,,
PRE_SUB,X2=low_k=-2,,,-2.0,reference_fold_pretrend,-0.2632897036770559,-0.26455708966967045,0.17589581629389275,-0.622603986880514,-0.5604680473146098,0.008224067428929302,0.0553771702730547,0.07666666666666666,0.15333333333333332,0.15333333333333332,-0.0,correction_completion,PT_hold,1,200,174,2788687364,reference_fold_convolution_rf,,,,
PRE_SUB,X2=high_k=-4,,,-4.0,reference_fold_pretrend,-0.46808540842872187,-0.457295340163159,0.20703554702963756,-0.8955989380236435,-0.8232426086632127,-0.14148943563055505,-0.08918726396698601,0.008,0.016,0.016,-0.0,correction_completion,PT_hold,1,200,174,2788687364,reference_fold_convolution_rf,,,,
PRE_SUB,X2=high_k=-3,,,-3.0,reference_fold_pretrend,-0.4937250388592018,-0.48246973040545305,0.1961777309134112,-0.903019248799417,-0.8332170404260207,-0.18153981613243367,-0.11941239141830347,0.0033333333333333335,0.006666666666666667,0.006666666666666667,-0.0,correction_completion,PT_hold,1,200,174,2788687364,reference_fold_convolution_rf,,,,
PRE_SUB,X2=high_k=-2,,,-2.0,reference_fold_pretrend,-0.2892064266339725,-0.27325583356786504,0.1862652349127733,-0.6920004237817614,-0.6254409936229731,0.0,0.024420489697247017,0.052,0.104,0.104,-0.0,correction_completion,PT_hold,1,200,174,2788687364,reference_fold_convolution_rf,,,,
PRE_SUBC,X1_k=-4,,,-4.0,reference_fold_pretrend,0.021564291991434014,0.03462654314156442,0.10765046144810862,-0.25819486058042124,-0.1677632681754385,0.16375238981711132,0.18787884052396076,0.35,0.7,0.7,-0.0,correction_completion,PT_hold,1,200,174,2788687364,reference_fold_convolution_rf,,,,
PRE_SUBC,X1_k=-3,,,-3.0,reference_fold_pretrend,0.008592791447981446,0.024527631359674992,0.10284921530774199,-0.2806053304464494,-0.18426730544861586,0.1419760876043638,0.15945285688746494,0.392,0.784,0.784,-0.0,correction_completion,PT_hold,1,200,174,2788687364,reference_fold_convolution_rf,,,,
PRE_SUBC,X1_k=-2,,,-2.0,reference_fold_pretrend,0.031945043151876684,0.04159874179485916,0.09359913536960562,-0.22508785914751414,-0.11868399680645718,0.15019545727771288,0.16884349788191072,0.29333333333333333,0.5866666666666667,0.5866666666666667,-0.0,correction_completion,PT_hold,1,200,174,2788687364,reference_fold_convolution_rf,,,,
PRE_SUBC,X1_slope,,,,reference_fold_pretrend,-0.008130250144438689,-0.013326947510882087,0.041444106316145174,-0.0692409263115203,-0.06055986307253005,0.06303909860215309,0.1069721030454527,0.33866666666666667,0.6773333333333333,0.6773333333333333,0.0,correction_completion,PT_hold,1,200,174,2788687364,reference_fold_convolution_rf,,,,
PRE_SUBC,X2_k=-4,,,-4.0,reference_fold_pretrend,-0.04411681583497926,0.007016414331150064,0.139590032328825,-0.40197317248405834,-0.3415877821875092,0.09442118840517273,0.10829309581838047,0.46066666666666667,0.9213333333333333,0.9213333333333333,-0.0,correction_completion,PT_hold,1,200,174,2788687364,reference_fold_convolution_rf,,,,
PRE_SUBC,X2_k=-3,,,-3.0,reference_fold_pretrend,-0.05025765467924088,-6.532888830335093e-05,0.1364906130207148,-0.395525182072123,-0.344105416457263,0.08028597780088356,0.09367750345105778,0.5,1.0,1.0,-0.0,correction_completion,PT_hold,1,200,174,2788687364,reference_fold_convolution_rf,,,,
PRE_SUBC,X2_k=-2,,,-2.0,reference_fold_pretrend,-0.025916722956916566,0.016558891546357063,0.1260785036970708,-0.3734967279593515,-0.3116783954895856,0.08716757407739739,0.10016602023654535,0.3973333333333333,0.7946666666666666,0.7946666666666666,-0.0,correction_completion,PT_hold,1,200,174,2788687364,reference_fold_convolution_rf,,,,
PRE_SUBC,X2_slope,,,,reference_fold_pretrend,0.01848446284430972,-0.0026387621591891825,0.05679158802632747,-0.040700475994780175,-0.03545464192262304,0.1418664319021772,0.1690127429260832,0.4573333333333333,0.9146666666666666,0.9146666666666666,0.0,correction_completion,PT_hold,1,200,174,2788687364,reference_fold_convolution_rf,,,,
PRE,k=-4,,,-4.0,pretrend,-0.9383625125889911,-0.9387031774867935,0.21864826230238657,-1.360663161420264,-1.2992122225860638,-0.5541386202984236,-0.493836727758098,0.0,0.0,0.0,-0.6510540300458478,correction_completion,PT_violation_a20,1,200,158,2582243186,raw_structured,,,,
PRE,k=-3,,,-3.0,pretrend,-0.5757494520340154,-0.5739431482374548,0.20442179111393116,-0.9829931744512925,-0.9176737685626368,-0.25468782173890464,-0.1862657949855483,0.006,0.012,0.012,-0.4340360200305652,correction_completion,PT_violation_a20,1,200,158,2582243186,raw_structured,,,,
PRE,k=-2,,,-2.0,pretrend,-0.4132964181764643,-0.4232760982605176,0.21082646113181336,-0.8049148907451124,-0.7555211688998117,0.0,0.0,0.06533333333333333,0.13066666666666665,0.13066666666666665,-0.2170180100152826,correction_completion,PT_violation_a20,1,200,158,2582243186,raw_structured,,,,
PRE,slope,,,,pretrend,0.3128487757151049,0.3136255893951967,0.07703748853571166,0.15654967327317418,0.1822390028109225,0.43908984874324575,0.4636232158262424,0.0,0.0,0.0,0.2170180100152826,correction_completion,PT_violation_a20,1,200,158,2582243186,raw_structured,,,,
PRE_SUB,X1=0_k=-4,,,-4.0,pretrend,-0.9278516769786986,-0.925351244367129,0.2217992995874704,-1.3555454975825472,-1.2969678277914953,-0.5457670296735501,-0.4887937202699101,0.0,0.0,0.0,-0.6904599404094784,correction_completion,PT_violation_a20,1,200,158,2582243186,raw_structured,,,,
PRE_SUB,X1=0_k=-3,,,-3.0,pretrend,-0.5728692549398507,-0.572073148525103,0.20527789919624478,-0.9845366950390106,-0.9157651353082634,-0.2537690372569455,-0.18144660883762684,0.006,0.012,0.012,-0.4603066269396523,correction_completion,PT_violation_a20,1,200,158,2582243186,raw_structured,,,,
PRE_SUB,X1=0_k=-2,,,-2.0,pretrend,-0.4119390783992288,-0.4211925739275677,0.21103174069210673,-0.8038266224561865,-0.7585014475753986,0.0,0.0,0.06666666666666667,0.13333333333333333,0.13333333333333333,-0.23015331346982615,correction_completion,PT_violation_a20,1,200,158,2582243186,raw_structured,,,,
PRE_SUB,X1=1_k=-4,,,-4.0,pretrend,-0.951949690329125,-0.9510590058130814,0.22843913437510976,-1.3879445903654575,-1.322825683931945,-0.5621939246221666,-0.4968715762364633,0.0,0.0,0.0,-0.6051923951375973,correction_completion,PT_violation_a20,1,200,158,2582243186,raw_structured,,,,
PRE_SUB,X1=1_k=-3,,,-3.0,pretrend,-0.5794726336435452,-0.5768060276481469,0.2079883500983174,-0.9995149097468436,-0.9285421976608161,-0.2544667294391446,-0.18361607506235628,0.006,0.012,0.012,-0.4034615967583982,correction_completion,PT_violation_a20,1,200,158,2582243186,raw_structured,,,,
PRE_SUB,X1=1_k=-2,,,-2.0,pretrend,-0.41505102813240297,-0.42276621657232694,0.2130036012642219,-0.8164074469060243,-0.7632423117150581,0.0,0.0,0.06533333333333333,0.13066666666666665,0.13066666666666665,-0.2017307983791991,correction_completion,PT_violation_a20,1,200,158,2582243186,raw_structured,,,,
PRE_SUB,X2=low_k=-4,,,-4.0,pretrend,-0.9160752761861444,-0.9230653343358224,0.22858273629934975,-1.3450639509351847,-1.2799143554064012,-0.5226252176982789,-0.4497207632909037,0.0,0.0,0.0,-0.7572544096038993,correction_completion,PT_violation_a20,1,200,158,2582243186,raw_structured,,,,
PRE_SUB,X2=low_k=-3,,,-3.0,pretrend,-0.5534559884700052,-0.552212657096703,0.21278168493159377,-0.9772020503474041,-0.9042302736342915,-0.19902664457082322,-0.13982705524501446,0.008,0.016,0.016,-0.5048362730692663,correction_completion,PT_violation_a20,1,200,158,2582243186,raw_structured,,,,
PRE_SUB,X2=low_k=-2,,,-2.0,pretrend,-0.39102104796818077,-0.4020439672823646,0.21711599979572588,-0.7862699301007893,-0.7329862841281711,0.0,0.0,0.07666666666666666,0.15333333333333332,0.15333333333333332,-0.25241813653463313,correction_completion,PT_violation_a20,1,200,158,2582243186,raw_structured,,,,
PRE_SUB,X2=high_k=-4,,,-4.0,pretrend,-0.9556519976926022,-0.9543118120463758,0.23000383482151354,-1.4118280014847855,-1.3423107640224936,-0.5647054510735058,-0.49258129945824874,0.0,0.0,0.0,-0.567139949335608,correction_completion,PT_violation_a20,1,200,158,2582243186,raw_structured,,,,
PRE_SUB,X2=high_k=-3,,,-3.0,pretrend,-0.5936730096548752,-0.5861937827182959,0.21800350220227818,-1.0396726712093618,-0.9769736508584087,-0.2564891323724406,-0.19086120665478096,0.006,0.012,0.012,-0.37809329955707194,correction_completion,PT_violation_a20,1,200,158,2582243186,raw_structured,,,,
PRE_SUB,X2=high_k=-2,,,-2.0,pretrend,-0.43127881200463,-0.4369501751833649,0.2246478634778021,-0.8546641814747008,-0.7884511776561948,0.0,0.0,0.06466666666666666,0.12933333333333333,0.12933333333333333,-0.18904664977853597,correction_completion,PT_violation_a20,1,200,158,2582243186,raw_structured,,,,
PRE_SUBC,X1_k=-4,,,-4.0,pretrend,-0.024098013350426172,-1.1102230246251565e-16,0.10462115172491623,-0.3899060545021189,-0.25755489733376713,0.010154790301998942,0.026932853699319702,0.48133333333333334,0.9626666666666667,0.9626666666666667,0.08526754527188113,correction_completion,PT_violation_a20,1,200,158,2582243186,raw_structured,,,,
PRE_SUBC,X1_k=-3,,,-3.0,pretrend,-0.006603378703694396,0.0,0.05841996024973612,-0.11591768653508236,-0.014718091777841362,0.007417993811686706,0.02425869963261253,0.5093333333333333,1.0,1.0,0.056845030181254086,correction_completion,PT_violation_a20,1,200,158,2582243186,raw_structured,,,,
PRE_SUBC,X1_k=-2,,,-2.0,pretrend,-0.003111949733174074,0.0,0.04283803139945298,-0.020242573270104213,-0.00732561709475126,0.003974464395939333,0.021039693956201408,0.5433333333333333,1.0,1.0,0.028422515090627043,correction_completion,PT_violation_a20,1,200,158,2582243186,raw_structured,,,,
PRE_SUBC,X1_slope,,,,pretrend,0.006329481942274384,3.9650822308041306e-17,0.029594599759933664,-0.010997735185146108,-0.0033558414987558682,0.06819611187602856,0.10688191416598748,0.45266666666666666,0.9053333333333333,0.9053333333333333,-0.028422515090627043,correction_completion,PT_violation_a20,1,200,158,2582243186,raw_structured,,,,
PRE_SUBC,X2_k=-4,,,-4.0,pretrend,-0.03957672150645788,0.0,0.14131464791301812,-0.5703056731062056,-0.4242045780844312,0.02407027717753552,0.038589293765012106,0.5366666666666666,1.0,1.0,0.19011446026829149,correction_completion,PT_violation_a20,1,200,158,2582243186,raw_structured,,,,
PRE_SUBC,X2_k=-3,,,-3.0,pretrend,-0.04021702118487001,0.0,0.1400440583965987,-0.5741731304756199,-0.4207112380053298,1.7763568394002505e-15,0.016336755369633978,0.5066666666666667,1.0,1.0,0.12674297351219432,correction_completion,PT_violation_a20,1,200,158,2582243186,raw_structured,,,,
PRE_SUBC,X2_k=-2,,,-2.0,pretrend,-0.0402577640364492,0.0,0.1396792581930815,-0.5741731304756198,-0.42071123800532984,9.992007221626409e-16,1.6389667401028798e-15,0.5346666666666666,1.0,1.0,0.06337148675609716,correction_completion,PT_violation_a20,1,200,158,2582243186,raw_structured,,,,
PRE_SUBC,X2_slope,,,,pretrend,0.017101569351825916,0.0,0.06012822971152571,-0.010020179453061268,-0.006142958018330314,0.18180196203618482,0.2444167170455164,0.502,1.0,1.0,-0.06337148675609716,correction_completion,PT_violation_a20,1,200,158,2582243186,raw_structured,,,,
PRE,k=-4,,,-4.0,reference_fold_pretrend,-0.9369673774895059,-0.9356968220079005,0.21654088950032876,-1.3567550774959458,-1.298154335955909,-0.5627075997834337,-0.5037322820268088,0.0,0.0,0.0,-0.6510540300458478,correction_completion,PT_violation_a20,1,200,158,2582243186,reference_fold_convolution_rf,,,,
PRE,k=-3,,,-3.0,reference_fold_pretrend,-0.6348601736191587,-0.6368605090296425,0.20527468242807703,-1.033481650705117,-0.9665477808799454,-0.2830953937056545,-0.22857080725857595,0.0006666666666666666,0.0013333333333333333,0.0013333333333333333,-0.4340360200305652,correction_completion,PT_violation_a20,1,200,158,2582243186,reference_fold_convolution_rf,,,,
PRE,k=-2,,,-2.0,reference_fold_pretrend,-0.4143485194698199,-0.41566580383631757,0.20345342107457082,-0.8204943695914404,-0.7472455908351687,-0.09200645874988342,-0.014625840650043593,0.02266666666666667,0.04533333333333334,0.04533333333333334,-0.2170180100152826,correction_completion,PT_violation_a20,1,200,158,2582243186,reference_fold_convolution_rf,,,,
PRE,slope,,,,reference_fold_pretrend,0.32106935708404677,0.3212548468207468,0.07849089152000108,0.16430531014481592,0.18899866422398023,0.4484531494024786,0.47293971300111143,0.0,0.0,0.0,0.2170180100152826,correction_completion,PT_violation_a20,1,200,158,2582243186,reference_fold_convolution_rf,,,,
PRE_SUB,X1=0_k=-4,,,-4.0,reference_fold_pretrend,-0.9263357029164387,-0.926368643380137,0.22435131115448131,-1.3655606138717666,-1.3049482845113538,-0.5481870717666233,-0.48412308672281457,0.0,0.0,0.0,-0.6904599404094784,correction_completion,PT_violation_a20,1,200,158,2582243186,reference_fold_convolution_rf,,,,
PRE_SUB,X1=0_k=-3,,,-3.0,reference_fold_pretrend,-0.6358997883253594,-0.6353351725415967,0.21168934354202468,-1.0414582811714461,-0.9772397288058935,-0.2753069030791787,-0.21559439171227224,0.0006666666666666666,0.0013333333333333333,0.0013333333333333333,-0.4603066269396523,correction_completion,PT_violation_a20,1,200,158,2582243186,reference_fold_convolution_rf,,,,
PRE_SUB,X1=0_k=-2,,,-2.0,reference_fold_pretrend,-0.40394966201765997,-0.40373055204888186,0.2104853842026112,-0.8196061509908594,-0.7533555647621357,-0.06533629467804845,0.0,0.026,0.052,0.052,-0.23015331346982615,correction_completion,PT_violation_a20,1,200,158,2582243186,reference_fold_convolution_rf,,,,
PRE_SUB,X1=1_k=-4,,,-4.0,reference_fold_pretrend,-0.9507107616937149,-0.9501757450557347,0.22140302077079974,-1.3778352855072706,-1.324705515357061,-0.5720248363788506,-0.5050865166005849,0.0,0.0,0.0,-0.6051923951375973,correction_completion,PT_violation_a20,1,200,158,2582243186,reference_fold_convolution_rf,,,,
PRE_SUB,X1=1_k=-3,,,-3.0,reference_fold_pretrend,-0.6335162814379725,-0.6349308114558877,0.20674857731091692,-1.04298980603374,-0.970630856270696,-0.28700620203488514,-0.227588701269571,0.0,0.0,0.0,-0.4034615967583982,correction_completion,PT_violation_a20,1,200,158,2582243186,reference_fold_convolution_rf,,,,
PRE_SUB,X1=1_k=-2,,,-2.0,reference_fold_pretrend,-0.4277909449567582,-0.42685227543438203,0.20170737914131862,-0.8151555138022683,-0.7584650243294587,-0.09822902906821317,-0.019729894336198137,0.022,0.044,0.044,-0.2017307983791991,correction_completion,PT_violation_a20,1,200,158,2582243186,reference_fold_convolution_rf,,,,
PRE_SUB,X2=low_k=-4,,,-4.0,reference_fold_pretrend,-0.9229687171520429,-0.9260327108632007,0.21934223015784507,-1.3456020529135484,-1.2902531642256625,-0.5403717412912377,-0.49094740532452363,0.0,0.0,0.0,-0.7572544096038993,correction_completion,PT_violation_a20,1,200,158,2582243186,reference_fold_convolution_rf,,,,
PRE_SUB,X2=low_k=-3,,,-3.0,reference_fold_pretrend,-0.6199809184570044,-0.6195684979777174,0.20898820806557952,-1.0158174354377494,-0.9530851002263854,-0.26996328168978884,-0.20581112226316578,0.0013333333333333333,0.0026666666666666666,0.0026666666666666666,-0.5048362730692663,correction_completion,PT_violation_a20,1,200,158,2582243186,reference_fold_convolution_rf,,,,
PRE_SUB,X2=low_k=-2,,,-2.0,reference_fold_pretrend,-0.40361950579269545,-0.4044219958377161,0.2049238441808247,-0.8046148679733303,-0.7381802086693017,-0.07051860201310678,0.0,0.028666666666666667,0.05733333333333333,0.05733333333333333,-0.25241813653463313,correction_completion,PT_violation_a20,1,200,158,2582243186,reference_fold_convolution_rf,,,,
PRE_SUB,X2=high_k=-4,,,-4.0,reference_fold_pretrend,-0.9492235275984161,-0.9483670034758678,0.23141445353784326,-1.402084789903457,-1.3298842761718452,-0.5595688734722614,-0.4966730265541775,0.0,0.0,0.0,-0.567139949335608,correction_completion,PT_violation_a20,1,200,158,2582243186,reference_fold_convolution_rf,,,,
PRE_SUB,X2=high_k=-3,,,-3.0,reference_fold_pretrend,-0.6555290772471322,-0.6584358069010734,0.22009861367456757,-1.0875273535637129,-1.014277079264447,-0.2841487115473286,-0.21887533783255506,0.0013333333333333333,0.0026666666666666666,0.0026666666666666666,-0.37809329955707194,correction_completion,PT_violation_a20,1,200,158,2582243186,reference_fold_convolution_rf,,,,
PRE_SUB,X2=high_k=-2,,,-2.0,reference_fold_pretrend,-0.41435873542892177,-0.4113697162343518,0.21806021750493304,-0.8525100150051618,-0.7864698336254833,-0.07184944964343595,-0.0011842395659025105,0.025333333333333333,0.050666666666666665,0.050666666666666665,-0.18904664977853597,correction_completion,PT_violation_a20,1,200,158,2582243186,reference_fold_convolution_rf,,,,
PRE_SUBC,X1_k=-4,,,-4.0,reference_fold_pretrend,-0.024375058777276106,-0.007241225173961141,0.10803492079421459,-0.3423435186204069,-0.24899301655281159,0.10842070819176247,0.1289745226486496,0.4653333333333333,0.9306666666666666,0.9306666666666666,0.08526754527188113,correction_completion,PT_violation_a20,1,200,158,2582243186,reference_fold_convolution_rf,,,,
PRE_SUBC,X1_k=-3,,,-3.0,reference_fold_pretrend,0.002383506887386986,0.012023364451394514,0.08490736537547501,-0.23349778436935117,-0.14620414636543266,0.11247031843983654,0.13936756256826907,0.42333333333333334,0.8466666666666667,0.8466666666666667,0.056845030181254086,correction_completion,PT_violation_a20,1,200,158,2582243186,reference_fold_convolution_rf,,,,
PRE_SUBC,X1_k=-2,,,-2.0,reference_fold_pretrend,-0.023841282939098225,-0.019454408720363858,0.07361293248304583,-0.20173429522519382,-0.14255371972135794,0.0790392918047958,0.10305568179074172,0.3873333333333333,0.7746666666666666,0.7746666666666666,0.028422515090627043,correction_completion,PT_violation_a20,1,200,158,2582243186,reference_fold_convolution_rf,,,,
PRE_SUBC,X1_slope,,,,reference_fold_pretrend,0.006585674678296613,0.0008610307444487356,0.03586777151453922,-0.048237411744268044,-0.03875736310513068,0.07599647728822788,0.102296408938722,0.4846666666666667,0.9693333333333334,0.9693333333333334,-0.028422515090627043,correction_completion,PT_violation_a20,1,200,158,2582243186,reference_fold_convolution_rf,,,,
PRE_SUBC,X2_k=-4,,,-4.0,reference_fold_pretrend,-0.02625481044637336,-0.007910595060944436,0.10290031385300787,-0.36007223849112946,-0.22998316788786247,0.07646413153925151,0.10437606075228534,0.432,0.864,0.864,0.19011446026829149,correction_completion,PT_violation_a20,1,200,158,2582243186,reference_fold_convolution_rf,,,,
PRE_SUBC,X2_k=-3,,,-3.0,reference_fold_pretrend,-0.0355481587901276,-0.01607543870861844,0.0991825571073607,-0.36114643885193953,-0.24707872256014693,0.05508360210139814,0.07222651585422674,0.352,0.704,0.704,0.12674297351219432,correction_completion,PT_violation_a20,1,200,158,2582243186,reference_fold_convolution_rf,,,,
PRE_SUBC,X2_k=-2,,,-2.0,reference_fold_pretrend,-0.010739229636226274,0.0071903247574443,0.09377854218351406,-0.3392811783662391,-0.18712800227662016,0.07284345059850911,0.0861285853229488,0.43933333333333335,0.8786666666666667,0.8786666666666667,0.06337148675609716,correction_completion,PT_violation_a20,1,200,158,2582243186,reference_fold_convolution_rf,,,,
PRE_SUBC,X2_slope,,,,reference_fold_pretrend,0.011471427039685825,0.003252623300469739,0.04128028815428782,-0.03482468943738868,-0.026019165510789522,0.09545710786451907,0.1555610759320901,0.4266666666666667,0.8533333333333334,0.8533333333333334,-0.06337148675609716,correction_completion,PT_violation_a20,1,200,158,2582243186,reference_fold_convolution_rf,,,,
PRE,k=-4,,,-4.0,pretrend,0.01983383607668367,0.0014338949564045888,0.15275906143708134,-0.28242585978271256,-0.24421604563969598,0.27065991105613274,0.3177950600435872,0.49666666666666665,0.9933333333333333,0.9933333333333333,-0.15000000000000002,correction_completion,PT_violation_g05,1,200,142,2067358382,raw_structured,,,,
PRE,k=-3,,,-3.0,pretrend,0.017884879405298138,0.0,0.1390318313459905,-0.27027285377074306,-0.22440819263589326,0.25393469518883405,0.3127455905283336,0.5653333333333334,1.0,1.0,-0.1,correction_completion,PT_violation_g05,1,200,142,2067358382,raw_structured,,,,
PRE,k=-2,,,-2.0,pretrend,0.030232382508802287,0.0,0.1272588695240408,-0.22849927104003642,-0.16970520689232357,0.26774102900939195,0.335721697226907,0.644,1.0,1.0,-0.05,correction_completion,PT_violation_g05,1,200,142,2067358382,raw_structured,,,,
PRE,slope,,,,pretrend,-0.008964546396389257,-0.0010508052780486502,0.05521980832701134,-0.12393095814053032,-0.10248506355158968,0.08271650008291484,0.09990225780010262,0.49533333333333335,0.9906666666666667,0.9906666666666667,0.05,correction_completion,PT_violation_g05,1,200,142,2067358382,raw_structured,,,,
PRE_SUB,X1=0_k=-4,,,-4.0,pretrend,0.024083424873169907,0.003470354690280617,0.15720397997205476,-0.2766444530489445,-0.24352552761874338,0.2797496205422055,0.35074045116420516,0.49333333333333335,0.9866666666666667,0.9866666666666667,-0.15,correction_completion,PT_violation_g05,1,200,142,2067358382,raw_structured,,,,
PRE_SUB,X1=0_k=-3,,,-3.0,pretrend,0.020580709864985176,0.0,0.1428833766852658,-0.26775563076946657,-0.22553975124356598,0.26335760518326756,0.32160917695306224,0.5626666666666666,1.0,1.0,-0.09999999999999999,correction_completion,PT_violation_g05,1,200,142,2067358382,raw_structured,,,,
PRE_SUB,X1=0_k=-2,,,-2.0,pretrend,0.03164864814713918,0.0,0.1293544044439251,-0.23245315713798162,-0.1711512086192954,0.2746132105267601,0.3367893096057261,0.6393333333333333,1.0,1.0,-0.049999999999999996,correction_completion,PT_violation_g05,1,200,142,2067358382,raw_structured,,,,
PRE_SUB,X1=1_k=-4,,,-4.0,pretrend,0.016191331393981195,0.0,0.15417913291525606,-0.2864006305874736,-0.24927352572195904,0.2677443887382893,0.3177950600435869,0.51,1.0,1.0,-0.15,correction_completion,PT_violation_g05,1,200,142,2067358382,raw_structured,,,,
PRE_SUB,X1=1_k=-3,,,-3.0,pretrend,0.015574167582709261,0.0,0.1399750416574273,-0.28134991956298105,-0.22958286638525777,0.2511242359250445,0.3118557661775688,0.5753333333333334,1.0,1.0,-0.09999999999999999,correction_completion,PT_violation_g05,1,200,142,2067358382,raw_structured,,,,
PRE_SUB,X1=1_k=-2,,,-2.0,pretrend,0.02901844053308496,0.0,0.128340554929639,-0.23618422333898792,-0.17493976928293145,0.26954691831400746,0.3367893096057259,0.6486666666666666,1.0,1.0,-0.049999999999999996,correction_completion,PT_violation_g05,1,200,142,2067358382,raw_structured,,,,
PRE_SUB,X2=low_k=-4,,,-4.0,pretrend,0.027467930844451503,0.0065851172543932735,0.16026595579384437,-0.2757827982673145,-0.24368963984211184,0.2877792188809719,0.3588011150623745,0.488,0.976,0.976,-0.15000000000000002,correction_completion,PT_violation_g05,1,200,142,2067358382,raw_structured,,,,
PRE_SUB,X2=low_k=-3,,,-3.0,pretrend,0.02448374946048379,0.0,0.14677614993336668,-0.26768345061287246,-0.22492135160949972,0.27309756997677936,0.33709507875909894,0.558,1.0,1.0,-0.10000000000000002,correction_completion,PT_violation_g05,1,200,142,2067358382,raw_structured,,,,
PRE_SUB,X2=low_k=-2,,,-2.0,pretrend,0.03670185031633111,0.0,0.1353634987513208,-0.22849927104003703,-0.1673086254328199,0.2960672764066873,0.3642005252428033,0.636,1.0,1.0,-0.05000000000000001,correction_completion,PT_violation_g05,1,200,142,2067358382,raw_structured,,,,
PRE_SUB,X2=high_k=-4,,,-4.0,pretrend,0.012544767276131397,0.0,0.15721016758674652,-0.31133528074756417,-0.2552778011781811,0.2642580522493933,0.31441905463306546,0.512,1.0,1.0,-0.15000000000000002,correction_completion,PT_violation_g05,1,200,142,2067358382,raw_structured,,,,
PRE_SUB,X2=high_k=-3,,,-3.0,pretrend,0.012621460120492927,0.0,0.14129293944556215,-0.29257223909880115,-0.23740327203145728,0.248875845404442,0.30949492632568765,0.5766666666666667,1.0,1.0,-0.10000000000000002,correction_completion,PT_violation_g05,1,200,142,2067358382,raw_structured,,,,
PRE_SUB,X2=high_k=-2,,,-2.0,pretrend,0.025740632649413273,0.0,0.1294991993254856,-0.250907011603167,-0.18144241408637382,0.2611580391745696,0.32945769721573587,0.654,1.0,1.0,-0.05000000000000001,correction_completion,PT_violation_g05,1,200,142,2067358382,raw_structured,,,,
PRE_SUBC,X1_k=-4,,,-4.0,pretrend,-0.007892093479188712,0.0,0.059186924725504256,-0.20235270539555736,-0.03134374313763838,0.005978429943468161,0.050437803172933074,0.5613333333333334,1.0,1.0,-0.0,correction_completion,PT_violation_g05,1,200,142,2067358382,raw_structured,,,,
PRE_SUBC,X1_k=-3,,,-3.0,pretrend,-0.005006542282275917,0.0,0.05085948770307601,-0.13373330737570446,-0.00209042779035601,1.1657341758564144e-15,0.04031943798770056,0.6293333333333333,1.0,1.0,-0.0,correction_completion,PT_violation_g05,1,200,142,2067358382,raw_structured,,,,
PRE_SUBC,X1_k=-2,,,-2.0,pretrend,-0.0026302076140542205,0.0,0.03997123822335119,-0.00948545496743134,-7.99707522425308e-16,8.604228440844963e-16,0.02530981297784564,0.7353333333333333,1.0,1.0,-0.0,correction_completion,PT_violation_g05,1,200,142,2067358382,raw_structured,,,,
PRE_SUBC,X1_slope,,,,pretrend,0.002594255186869442,0.0,0.021443914458437758,-0.01819239526411453,-0.0015714293822797758,0.009332781405682573,0.07110416540336745,0.56,1.0,1.0,0.0,correction_completion,PT_violation_g05,1,200,142,2067358382,raw_structured,,,,
PRE_SUBC,X2_k=-4,,,-4.0,pretrend,-0.014923163568320104,0.0,0.07902735322685124,-0.26155032833056713,-0.09653269685100996,0.003946300576850256,0.02263430164818993,0.568,1.0,1.0,-0.0,correction_completion,PT_violation_g05,1,200,142,2067358382,raw_structured,,,,
PRE_SUBC,X2_k=-3,,,-3.0,pretrend,-0.011862289339990862,0.0,0.07100589522514596,-0.21305625246574533,-0.03129803272561893,8.406469964583598e-16,0.012289273434214605,0.6126666666666667,1.0,1.0,-0.0,correction_completion,PT_violation_g05,1,200,142,2067358382,raw_structured,,,,
PRE_SUBC,X2_k=-2,,,-2.0,pretrend,-0.010961217666917837,0.0,0.0695770161458583,-0.19256421439282198,-1.2226331058684536e-15,5.551115123125783e-16,1.097039126207729e-15,0.72,1.0,1.0,-0.0,correction_completion,PT_violation_g05,1,200,142,2067358382,raw_structured,,,,
PRE_SUBC,X2_slope,,,,pretrend,0.0056753776465614195,0.0,0.031134705531148485,-0.006791878138803008,-0.0013810259009332043,0.036476323204728,0.09604335307929747,0.556,1.0,1.0,0.0,correction_completion,PT_violation_g05,1,200,142,2067358382,raw_structured,,,,
PRE,k=-4,,,-4.0,reference_fold_pretrend,-0.13359315197142468,-0.13290685107568764,0.1663996323739629,-0.45550259554335143,-0.4022340942526898,0.14537356035422566,0.1942491073480801,0.208,0.416,0.416,-0.15000000000000002,correction_completion,PT_violation_g05,1,200,142,2067358382,reference_fold_convolution_rf,,,,
PRE,k=-3,,,-3.0,reference_fold_pretrend,-0.08954864534010146,-0.080881282887809,0.15315278588391207,-0.39374635957439647,-0.33668693878079076,0.14740883942312943,0.18502010683620493,0.296,0.592,0.592,-0.1,correction_completion,PT_violation_g05,1,200,142,2067358382,reference_fold_convolution_rf,,,,
PRE,k=-2,,,-2.0,reference_fold_pretrend,-0.0053308096201418,0.0,0.11460246598480373,-0.2365907658064996,-0.19844235068079116,0.1924395490793089,0.25110653499397084,0.5673333333333334,1.0,1.0,-0.05,correction_completion,PT_violation_g05,1,200,142,2067358382,reference_fold_convolution_rf,,,,
PRE,slope,,,,reference_fold_pretrend,0.04180053972961563,0.04156046353601079,0.05811727660150393,-0.06954171844505942,-0.05251988665709355,0.1322963874989279,0.1548577135191839,0.23133333333333334,0.46266666666666667,0.46266666666666667,0.05,correction_completion,PT_violation_g05,1,200,142,2067358382,reference_fold_convolution_rf,,,,
PRE_SUB,X1=0_k=-4,,,-4.0,reference_fold_pretrend,-0.1253465028602393,-0.12427360910210944,0.17200486016852012,-0.45085404841369436,-0.4007746984423362,0.15795561986153328,0.21846074097577753,0.228,0.456,0.456,-0.15,correction_completion,PT_violation_g05,1,200,142,2067358382,reference_fold_convolution_rf,,,,
PRE_SUB,X1=0_k=-3,,,-3.0,reference_fold_pretrend,-0.08219976741686166,-0.07529561004307779,0.15755139528367174,-0.3924611619690434,-0.33421460887536025,0.162821864389586,0.2293498880199743,0.316,0.632,0.632,-0.09999999999999999,correction_completion,PT_violation_g05,1,200,142,2067358382,reference_fold_convolution_rf,,,,
PRE_SUB,X1=0_k=-2,,,-2.0,reference_fold_pretrend,0.0006700858914631833,0.0,0.11960436408420569,-0.22743851400141188,-0.191089450751891,0.2131117077472616,0.2700448603740553,0.5833333333333334,1.0,1.0,-0.049999999999999996,correction_completion,PT_violation_g05,1,200,142,2067358382,reference_fold_convolution_rf,,,,
PRE_SUB,X1=1_k=-4,,,-4.0,reference_fold_pretrend,-0.14066170835244077,-0.14038470775447215,0.16902806773678394,-0.47540145315330457,-0.4200674002910797,0.1350989549893775,0.19267793247183101,0.19933333333333333,0.39866666666666667,0.39866666666666667,-0.15,correction_completion,PT_violation_g05,1,200,142,2067358382,reference_fold_convolution_rf,,,,
PRE_SUB,X1=1_k=-3,,,-3.0,reference_fold_pretrend,-0.09584768356002127,-0.08920796768951395,0.15629596781403338,-0.4187814649718965,-0.3456031337211807,0.14233069657309005,0.18516938581711248,0.28733333333333333,0.5746666666666667,0.5746666666666667,-0.09999999999999999,correction_completion,PT_violation_g05,1,200,142,2067358382,reference_fold_convolution_rf,,,,
PRE_SUB,X1=1_k=-2,,,-2.0,reference_fold_pretrend,-0.010474434344374645,0.0,0.11638991677799493,-0.24974532136014882,-0.20530985081858888,0.18884451586232423,0.240810081349666,0.5553333333333333,1.0,1.0,-0.049999999999999996,correction_completion,PT_violation_g05,1,200,142,2067358382,reference_fold_convolution_rf,,,,
PRE_SUB,X2=low_k=-4,,,-4.0,reference_fold_pretrend,-0.12464257490298923,-0.1242550287504485,0.1666785866098617,-0.44478934240825474,-0.3883818599643824,0.14481856672919613,0.20945704144411822,0.222,0.444,0.444,-0.15000000000000002,correction_completion,PT_violation_g05,1,200,142,2067358382,reference_fold_convolution_rf,,,,
PRE_SUB,X2=low_k=-3,,,-3.0,reference_fold_pretrend,-0.08365498870183127,-0.07875580975175706,0.15264820584793917,-0.39124141697404735,-0.3306894596084936,0.15412719703875996,0.20127922037290308,0.30266666666666664,0.6053333333333333,0.6053333333333333,-0.10000000000000002,correction_completion,PT_violation_g05,1,200,142,2067358382,reference_fold_convolution_rf,,,,
PRE_SUB,X2=low_k=-2,,,-2.0,reference_fold_pretrend,-0.0043573354593377375,0.0,0.11569602118145865,-0.2385744156660986,-0.19602008677930885,0.1965677099323808,0.24885973036082495,0.5693333333333334,1.0,1.0,-0.05000000000000001,correction_completion,PT_violation_g05,1,200,142,2067358382,reference_fold_convolution_rf,,,,
PRE_SUB,X2=high_k=-4,,,-4.0,reference_fold_pretrend,-0.15652314976661943,-0.15407261226945365,0.17298107983154137,-0.4913400847964153,-0.4415249842737575,0.12040944640106285,0.17092633724965842,0.18533333333333332,0.37066666666666664,0.37066666666666664,-0.15000000000000002,correction_completion,PT_violation_g05,1,200,142,2067358382,reference_fold_convolution_rf,,,,
PRE_SUB,X2=high_k=-3,,,-3.0,reference_fold_pretrend,-0.1043888681978666,-0.0933676032121818,0.16153549754994245,-0.42760807252862637,-0.37150594948306565,0.13645725779802315,0.17508170291973596,0.28,0.56,0.56,-0.10000000000000002,correction_completion,PT_violation_g05,1,200,142,2067358382,reference_fold_convolution_rf,,,,
PRE_SUB,X2=high_k=-2,,,-2.0,reference_fold_pretrend,-0.007686261386078187,0.0,0.11839913871063132,-0.2520962487777098,-0.20774065599828337,0.19589730759660237,0.2609441720439784,0.5606666666666666,1.0,1.0,-0.05000000000000001,correction_completion,PT_violation_g05,1,200,142,2067358382,reference_fold_convolution_rf,,,,
PRE_SUBC,X1_k=-4,,,-4.0,reference_fold_pretrend,-0.015315205492201486,0.003446531489989371,0.07370843872726855,-0.2534367826115464,-0.17513107282500892,0.017382197198305267,0.03886827733052984,0.2966666666666667,0.5933333333333334,0.5933333333333334,-0.0,correction_completion,PT_violation_g05,1,200,142,2067358382,reference_fold_convolution_rf,,,,
PRE_SUBC,X1_k=-3,,,-3.0,reference_fold_pretrend,-0.01364791614315961,0.0017194687084743435,0.06815798583621889,-0.2394030724554474,-0.14111464148412403,0.01308587148877282,0.027157972135548127,0.37933333333333336,0.7586666666666667,0.7586666666666667,-0.0,correction_completion,PT_violation_g05,1,200,142,2067358382,reference_fold_convolution_rf,,,,
PRE_SUBC,X1_k=-2,,,-2.0,reference_fold_pretrend,-0.011144520235837828,0.0,0.05540932158505793,-0.19793618138524127,-0.0824319032262953,0.006525757781447079,0.00972517749098528,0.56,1.0,1.0,-0.0,correction_completion,PT_violation_g05,1,200,142,2067358382,reference_fold_convolution_rf,,,,
PRE_SUBC,X1_slope,,,,reference_fold_pretrend,0.00602756921419725,-0.0010208171622079684,0.02828354052799684,-0.013083662806314088,-0.005902524408395416,0.05900724187993471,0.09504996958183694,0.32666666666666666,0.6533333333333333,0.6533333333333333,0.0,correction_completion,PT_violation_g05,1,200,142,2067358382,reference_fold_convolution_rf,,,,
PRE_SUBC,X2_k=-4,,,-4.0,reference_fold_pretrend,-0.031880574863630204,-0.02512370263154667,0.05282682367321867,-0.17755397472621712,-0.11085604283006774,0.024299919257906092,0.03217420459725637,0.20266666666666666,0.4053333333333333,0.4053333333333333,-0.0,correction_completion,PT_violation_g05,1,200,142,2067358382,reference_fold_convolution_rf,,,,
PRE_SUBC,X2_k=-3,,,-3.0,reference_fold_pretrend,-0.020733879496035328,-0.013806411010950516,0.04918539218872236,-0.14799507879461274,-0.08502433817545553,0.02991691710619592,0.04052025081215452,0.30933333333333335,0.6186666666666667,0.6186666666666667,-0.0,correction_completion,PT_violation_g05,1,200,142,2067358382,reference_fold_convolution_rf,,,,
PRE_SUBC,X2_k=-2,,,-2.0,reference_fold_pretrend,-0.0033289259267404486,0.0,0.04038767079522051,-0.10630745484418413,-0.042117903163887145,0.03738971360998375,0.04961136313888931,0.592,1.0,1.0,-0.0,correction_completion,PT_violation_g05,1,200,142,2067358382,reference_fold_convolution_rf,,,,
PRE_SUBC,X2_slope,,,,reference_fold_pretrend,0.010031314964978694,0.007500233648172495,0.020031783385307634,-0.013267116916606649,-0.010359623241832759,0.038666539274517256,0.062010816985207586,0.24066666666666667,0.48133333333333334,0.48133333333333334,0.0,correction_completion,PT_violation_g05,1,200,142,2067358382,reference_fold_convolution_rf,,,,
PRE,k=-4,,,-4.0,pretrend,-0.43520202802980673,-0.4276035209594749,0.1858270546212748,-0.821548481671546,-0.75084765513991,-0.14497616486150025,-0.08912502262095882,0.005333333333333333,0.010666666666666666,0.010666666666666666,-0.30000000000000004,correction_completion,PT_violation_g10,1,200,126,57633444,raw_structured,,,,
PRE,k=-3,,,-3.0,pretrend,-0.452418579241088,-0.45066245030345886,0.18322034287532368,-0.8163096113662339,-0.757238752462492,-0.1582336206413641,-0.10455225476795552,0.008,0.016,0.016,-0.2,correction_completion,PT_violation_g10,1,200,126,57633444,raw_structured,,,,
PRE,k=-2,,,-2.0,pretrend,-0.24316410921044698,-0.24470922652257526,0.1937897261371387,-0.6205187015594468,-0.5650097003563599,0.0,0.04306993166542752,0.198,0.396,0.396,-0.1,correction_completion,PT_violation_g10,1,200,126,57633444,raw_structured,,,,
PRE,slope,,,,pretrend,0.17525766798443163,0.17164122110391228,0.0709449091619685,0.04508594329125037,0.06420321181993241,0.2943148756863044,0.31991978737822824,0.005333333333333333,0.010666666666666666,0.010666666666666666,0.1,correction_completion,PT_violation_g10,1,200,126,57633444,raw_structured,,,,
PRE_SUB,X1=0_k=-4,,,-4.0,pretrend,-0.4263217070652388,-0.41829694375494186,0.1918569441750152,-0.8201749891991548,-0.7506497486572485,-0.12045622220746688,-0.06744698623000343,0.012,0.024,0.024,-0.29999999999999993,correction_completion,PT_violation_g10,1,200,126,57633444,raw_structured,,,,
PRE_SUB,X1=0_k=-3,,,-3.0,pretrend,-0.4438371515419241,-0.4417916746983258,0.1900882706252796,-0.8159776522094834,-0.7597737554102435,-0.1353660604286348,-0.07266656492872221,0.014666666666666666,0.029333333333333333,0.029333333333333333,-0.19999999999999996,correction_completion,PT_violation_g10,1,200,126,57633444,raw_structured,,,,
PRE_SUB,X1=0_k=-2,,,-2.0,pretrend,-0.2350278216423556,-0.23787432054816396,0.19814662871109856,-0.6180934797065171,-0.5631968170777016,0.012234269748947629,0.07630536884710731,0.21266666666666667,0.42533333333333334,0.42533333333333334,-0.09999999999999998,correction_completion,PT_violation_g10,1,200,126,57633444,raw_structured,,,,
PRE_SUB,X1=1_k=-4,,,-4.0,pretrend,-0.44342454744144355,-0.43732569329737464,0.1916019041086539,-0.8254040267612197,-0.770831990386828,-0.14639497940430146,-0.08696235793910362,0.006,0.012,0.012,-0.2999999999999999,correction_completion,PT_violation_g10,1,200,126,57633444,raw_structured,,,,
PRE_SUB,X1=1_k=-3,,,-3.0,pretrend,-0.4603643456292027,-0.4599468689987013,0.1876470622763235,-0.8168385294679327,-0.7723111325936926,-0.16442954262683773,-0.10117937650432045,0.008,0.016,0.016,-0.19999999999999993,correction_completion,PT_violation_g10,1,200,126,57633444,raw_structured,,,,
PRE_SUB,X1=1_k=-2,,,-2.0,pretrend,-0.2506977088105315,-0.25481635430712546,0.19906163601871874,-0.6456788228120773,-0.5795329310592074,0.0,0.03439019219585745,0.19533333333333333,0.39066666666666666,0.39066666666666666,-0.09999999999999996,correction_completion,PT_violation_g10,1,200,126,57633444,raw_structured,,,,
PRE_SUB,X2=low_k=-4,,,-4.0,pretrend,-0.41995665834021234,-0.41582058218695117,0.19245177452040454,-0.8105240837467158,-0.7327688067377591,-0.11780816247270876,-0.05465501617206996,0.014,0.028,0.028,-0.30000000000000004,correction_completion,PT_violation_g10,1,200,126,57633444,raw_structured,,,,
PRE_SUB,X2=low_k=-3,,,-3.0,pretrend,-0.4385230666308663,-0.44145592223113705,0.18788316887699533,-0.7986867197214345,-0.7430190419048327,-0.13471883047280156,-0.05523519833426014,0.014,0.028,0.028,-0.20000000000000004,correction_completion,PT_violation_g10,1,200,126,57633444,raw_structured,,,,
PRE_SUB,X2=low_k=-2,,,-2.0,pretrend,-0.23218134349233976,-0.23353448716995864,0.1968314836969326,-0.61765793557115,-0.5565348021481308,0.004652216058773023,0.07031250464623395,0.22133333333333333,0.44266666666666665,0.44266666666666665,-0.10000000000000002,correction_completion,PT_violation_g10,1,200,126,57633444,raw_structured,,,,
PRE_SUB,X2=high_k=-4,,,-4.0,pretrend,-0.45981404659722347,-0.4507320838181877,0.20449544228768862,-0.894922939664349,-0.8204696575867311,-0.15550977074025768,-0.10288789472360155,0.004666666666666667,0.009333333333333334,0.009333333333333334,-0.30000000000000004,correction_completion,PT_violation_g10,1,200,126,57633444,raw_structured,,,,
PRE_SUB,X2=high_k=-3,,,-3.0,pretrend,-0.47503859913969604,-0.4681575202294273,0.20326179161881594,-0.9007358825805819,-0.8180579821734526,-0.16442954262683765,-0.10599896678671646,0.008,0.016,0.016,-0.20000000000000004,correction_completion,PT_violation_g10,1,200,126,57633444,raw_structured,,,,
PRE_SUB,X2=high_k=-2,,,-2.0,pretrend,-0.26303646557976723,-0.262119797497802,0.21134743879391835,-0.6842217729372301,-0.6049681195801683,0.0,0.03875987002649102,0.19533333333333333,0.39066666666666666,0.39066666666666666,-0.10000000000000002,correction_completion,PT_violation_g10,1,200,126,57633444,raw_structured,,,,
PRE_SUBC,X1_k=-4,,,-4.0,pretrend,-0.017102840376204825,1.919037845299343e-17,0.09444388983424075,-0.3614083501732515,-0.1829234516521096,0.03529531693028784,0.047188499834316056,0.49933333333333335,0.9986666666666667,0.9986666666666667,4.163336342344337e-17,correction_completion,PT_violation_g10,1,200,126,57633444,raw_structured,,,,
PRE_SUBC,X1_k=-3,,,-3.0,pretrend,-0.016527194087278603,0.0,0.09139249323345044,-0.34752415962385674,-0.1698720807728519,0.029440924010895174,0.045879131799566784,0.5293333333333333,1.0,1.0,2.7755575615628914e-17,correction_completion,PT_violation_g10,1,200,126,57633444,raw_structured,,,,
PRE_SUBC,X1_k=-2,,,-2.0,pretrend,-0.01566988716817584,0.0,0.08715851157566482,-0.3301559510520521,-0.1050908323117316,0.021245483751586462,0.04156279559176169,0.5946666666666667,1.0,1.0,1.3877787807814457e-17,correction_completion,PT_violation_g10,1,200,126,57633444,raw_structured,,,,
PRE_SUBC,X1_slope,,,,pretrend,0.007145199747953394,-7.93016446160826e-18,0.03897335639708656,-0.01995654869738909,-0.013266030727670337,0.0675655510622518,0.14739427013270365,0.492,0.984,0.984,-1.3877787807814457e-17,correction_completion,PT_violation_g10,1,200,126,57633444,raw_structured,,,,
PRE_SUBC,X2_k=-4,,,-4.0,pretrend,-0.03985738825701107,-5.551115123125783e-17,0.13336878233209365,-0.5155699177172786,-0.393911124001206,0.01591673368059674,0.0314654105930741,0.496,0.992,0.992,-0.0,correction_completion,PT_violation_g10,1,200,126,57633444,raw_structured,,,,
PRE_SUBC,X2_k=-3,,,-3.0,pretrend,-0.03651553250882961,0.0,0.1293538570547761,-0.5155699177172787,-0.3870606073962307,0.014902784210117962,0.029787785110616277,0.508,1.0,1.0,-0.0,correction_completion,PT_violation_g10,1,200,126,57633444,raw_structured,,,,
PRE_SUBC,X2_k=-2,,,-2.0,pretrend,-0.030855122087427456,0.0,0.12235330225725909,-0.5129562195931006,-0.3380505697288615,0.006691881170860455,0.02829705024640628,0.5866666666666667,1.0,1.0,-0.0,correction_completion,PT_violation_g10,1,200,126,57633444,raw_structured,,,,
PRE_SUBC,X2_slope,,,,pretrend,0.015961310848294278,1.2886517250113425e-17,0.05484483085874528,-0.01272997495210836,-0.0059007469685463665,0.15852476424012582,0.22095853616454786,0.4726666666666667,0.9453333333333334,0.9453333333333334,0.0,correction_completion,PT_violation_g10,1,200,126,57633444,raw_structured,,,,
PRE,k=-4,,,-4.0,reference_fold_pretrend,-0.4687126361572502,-0.4640961343911173,0.18402492412785135,-0.8293963476190135,-0.7787021884671327,-0.17636444472091106,-0.12377812981593812,0.004,0.008,0.008,-0.30000000000000004,correction_completion,PT_violation_g10,1,200,126,57633444,reference_fold_convolution_rf,,,,
PRE,k=-3,,,-3.0,reference_fold_pretrend,-0.4794488840212942,-0.4759402666912981,0.17475164566056003,-0.8304012726812074,-0.7674281717483534,-0.20055990984423316,-0.13950255321966099,0.0,0.0,0.0,-0.2,correction_completion,PT_violation_g10,1,200,126,57633444,reference_fold_convolution_rf,,,,
PRE,k=-2,,,-2.0,reference_fold_pretrend,-0.29453401374027505,-0.2884021922391701,0.1693710215845074,-0.6477681354352247,-0.5836915773096837,-0.011070647074011567,0.0020460843734306415,0.04533333333333334,0.09066666666666667,0.09066666666666667,-0.1,correction_completion,PT_violation_g10,1,200,126,57633444,reference_fold_convolution_rf,,,,
PRE,slope,,,,reference_fold_pretrend,0.1899692635896153,0.18706508516061654,0.06872265271794369,0.06509847042474061,0.08212611589446119,0.3078617316913386,0.3245599206547534,0.0013333333333333333,0.0026666666666666666,0.0026666666666666666,0.1,correction_completion,PT_violation_g10,1,200,126,57633444,reference_fold_convolution_rf,,,,
PRE_SUB,X1=0_k=-4,,,-4.0,reference_fold_pretrend,-0.45512536610613613,-0.4528114240816967,0.1870619424446856,-0.8294024468531066,-0.7666654792385444,-0.156611588112951,-0.09755277437840215,0.008,0.016,0.016,-0.29999999999999993,correction_completion,PT_violation_g10,1,200,126,57633444,reference_fold_convolution_rf,,,,
PRE_SUB,X1=0_k=-3,,,-3.0,reference_fold_pretrend,-0.4686190641429827,-0.46829646507178513,0.17818887676731932,-0.8196303744823098,-0.767760841928614,-0.17584259987629683,-0.12019294965964926,0.002,0.004,0.004,-0.19999999999999996,correction_completion,PT_violation_g10,1,200,126,57633444,reference_fold_convolution_rf,,,,
PRE_SUB,X1=0_k=-2,,,-2.0,reference_fold_pretrend,-0.2832560618608645,-0.2730035317543328,0.17179940386945186,-0.6390296835630286,-0.5787321730176467,0.0,0.02107986995945909,0.058,0.116,0.116,-0.09999999999999998,correction_completion,PT_violation_g10,1,200,126,57633444,reference_fold_convolution_rf,,,,
PRE_SUB,X1=1_k=-4,,,-4.0,reference_fold_pretrend,-0.48129344176013367,-0.47165140034580255,0.19201513735845532,-0.856853497258155,-0.8057370126509545,-0.17668159657480184,-0.12893038740338755,0.0033333333333333335,0.006666666666666667,0.006666666666666667,-0.2999999999999999,correction_completion,PT_violation_g10,1,200,126,57633444,reference_fold_convolution_rf,,,,
PRE_SUB,X1=1_k=-3,,,-3.0,reference_fold_pretrend,-0.4894764950197307,-0.48413442389277705,0.18186969185343693,-0.8698545040993216,-0.7992454124739778,-0.2063386455433059,-0.1417682683545651,0.0,0.0,0.0,-0.19999999999999993,correction_completion,PT_violation_g10,1,200,126,57633444,reference_fold_convolution_rf,,,,
PRE_SUB,X1=1_k=-2,,,-2.0,reference_fold_pretrend,-0.30497656177676635,-0.29676747249821844,0.17674073518218716,-0.6762237482474353,-0.6133840095578545,-0.015466371910541012,0.0029230482819507467,0.046,0.092,0.092,-0.09999999999999996,correction_completion,PT_violation_g10,1,200,126,57633444,reference_fold_convolution_rf,,,,
PRE_SUB,X2=low_k=-4,,,-4.0,reference_fold_pretrend,-0.4744132193790793,-0.47140479493577636,0.19146858061961686,-0.8455761457095021,-0.7914938890004687,-0.16221918178341485,-0.10881624211275996,0.006666666666666667,0.013333333333333334,0.013333333333333334,-0.30000000000000004,correction_completion,PT_violation_g10,1,200,126,57633444,reference_fold_convolution_rf,,,,
PRE_SUB,X2=low_k=-3,,,-3.0,reference_fold_pretrend,-0.4961003226075739,-0.49327186493357866,0.18274684122817095,-0.8598458292943745,-0.8015554133260634,-0.20715008422123152,-0.14611996942371766,0.0013333333333333333,0.0026666666666666666,0.0026666666666666666,-0.20000000000000004,correction_completion,PT_violation_g10,1,200,126,57633444,reference_fold_convolution_rf,,,,
PRE_SUB,X2=low_k=-2,,,-2.0,reference_fold_pretrend,-0.308208833273356,-0.30132878019390785,0.1768571190239841,-0.6686116369497531,-0.6081206535561687,-0.007456376105498551,0.00941255175837533,0.048,0.096,0.096,-0.10000000000000002,correction_completion,PT_violation_g10,1,200,126,57633444,reference_fold_convolution_rf,,,,
PRE_SUB,X2=high_k=-4,,,-4.0,reference_fold_pretrend,-0.45916053279313973,-0.45139528635073534,0.1907214965243536,-0.8412916458621864,-0.7895045680302122,-0.15909247186912015,-0.10429021835044248,0.005333333333333333,0.010666666666666666,0.010666666666666666,-0.30000000000000004,correction_completion,PT_violation_g10,1,200,126,57633444,reference_fold_convolution_rf,,,,
PRE_SUB,X2=high_k=-3,,,-3.0,reference_fold_pretrend,-0.4550625875309503,-0.4448303364240175,0.18003655006424527,-0.8245500296504585,-0.7582184671002202,-0.1740234254599149,-0.11633753957674492,0.0013333333333333333,0.0026666666666666666,0.0026666666666666666,-0.20000000000000004,correction_completion,PT_violation_g10,1,200,126,57633444,reference_fold_convolution_rf,,,,
PRE_SUB,X2=high_k=-2,,,-2.0,reference_fold_pretrend,-0.27485623325100034,-0.26445480042884073,0.1655718431823042,-0.6332389199900437,-0.559739812075478,-0.003991560027554057,0.014343128491937265,0.04933333333333333,0.09866666666666667,0.09866666666666667,-0.10000000000000002,correction_completion,PT_violation_g10,1,200,126,57633444,reference_fold_convolution_rf,,,,
PRE_SUBC,X1_k=-4,,,-4.0,reference_fold_pretrend,-0.02616807565399754,0.004224406183504781,0.09176146080100556,-0.31504363855100076,-0.2408817138694518,0.023631950551558357,0.0387937597835964,0.358,0.716,0.716,4.163336342344337e-17,correction_completion,PT_violation_g10,1,200,126,57633444,reference_fold_convolution_rf,,,,
PRE_SUBC,X1_k=-3,,,-3.0,reference_fold_pretrend,-0.020857430876747952,0.00781552890977684,0.08727189857165969,-0.2990562928581925,-0.2335214181403957,0.02436208827558373,0.03284142743424413,0.24066666666666667,0.48133333333333334,0.48133333333333334,2.7755575615628914e-17,correction_completion,PT_violation_g10,1,200,126,57633444,reference_fold_convolution_rf,,,,
PRE_SUBC,X1_k=-2,,,-2.0,reference_fold_pretrend,-0.021720499915901845,0.0044050241473947635,0.08307324023231964,-0.3015153115520385,-0.22925870135933013,0.01732536937281466,0.02108758727735515,0.31666666666666665,0.6333333333333333,0.6333333333333333,1.3877787807814457e-17,correction_completion,PT_violation_g10,1,200,126,57633444,reference_fold_convolution_rf,,,,
PRE_SUBC,X1_slope,,,,reference_fold_pretrend,0.010138542045099312,-0.0023091915324523113,0.037317221394558966,-0.014399359064384665,-0.009780446881778494,0.10078784872312346,0.13001976407824128,0.302,0.604,0.604,-1.3877787807814457e-17,correction_completion,PT_violation_g10,1,200,126,57633444,reference_fold_convolution_rf,,,,
PRE_SUBC,X2_k=-4,,,-4.0,reference_fold_pretrend,0.01525268658593957,0.032911912347902035,0.10326800551040026,-0.2987211925079765,-0.20413556061042504,0.1354673066779281,0.15402573294777572,0.312,0.624,0.624,-0.0,correction_completion,PT_violation_g10,1,200,126,57633444,reference_fold_convolution_rf,,,,
PRE_SUBC,X2_k=-3,,,-3.0,reference_fold_pretrend,0.04103773507662364,0.05966529132400705,0.09965800630837048,-0.2645579341370936,-0.16670724252488464,0.14740176811686342,0.16941510658719586,0.184,0.368,0.368,-0.0,correction_completion,PT_violation_g10,1,200,126,57633444,reference_fold_convolution_rf,,,,
PRE_SUBC,X2_k=-2,,,-2.0,reference_fold_pretrend,0.03335260002235569,0.03956843272253174,0.06482802502323276,-0.12715099611982913,-0.06521826281437443,0.12555638934604385,0.14160590391800615,0.248,0.496,0.496,-0.0,correction_completion,PT_violation_g10,1,200,126,57633444,reference_fold_convolution_rf,,,,
PRE_SUBC,X2_slope,,,,reference_fold_pretrend,-0.011513294995244406,-0.01775538683568538,0.03809134423145563,-0.06392459238221218,-0.05586727708139468,0.07240183041619698,0.10266890616508148,0.24133333333333334,0.4826666666666667,0.4826666666666667,0.0,correction_completion,PT_violation_g10,1,200,126,57633444,reference_fold_convolution_rf,,,,
PRE,k=-4,,,-4.0,pretrend,-0.5696330906113949,-0.5640931209814051,0.202420431763366,-0.9517511073043077,-0.8901696177518654,-0.2283548453461412,-0.16202795247643828,0.0026666666666666666,0.005333333333333333,0.005333333333333333,-0.5999999999999999,correction_completion,PT_violation_g20,1,200,110,169641446,raw_structured,,,,
PRE,k=-3,,,-3.0,pretrend,-0.2619504040160233,-0.2657089784698269,0.18807255569477196,-0.6278926238876011,-0.5605319582531039,0.02116983185918155,0.08935143818453262,0.11733333333333333,0.23466666666666666,0.23466666666666666,-0.3999999999999999,correction_completion,PT_violation_g20,1,200,110,169641446,raw_structured,,,,
PRE,k=-2,,,-2.0,pretrend,-0.2792012202486826,-0.2852358923270044,0.18810546817653295,-0.6562748170348373,-0.5853088893418557,0.0,0.005551775231952265,0.14333333333333334,0.2866666666666667,0.2866666666666667,-0.19999999999999996,correction_completion,PT_violation_g20,1,200,110,169641446,raw_structured,,,,
PRE,slope,,,,pretrend,0.1794286642939224,0.18130179853836204,0.07281559969552613,0.04065290556384732,0.05669038853714524,0.2959083473918112,0.3212069699048459,0.0026666666666666666,0.005333333333333333,0.005333333333333333,0.19999999999999996,correction_completion,PT_violation_g20,1,200,110,169641446,raw_structured,,,,
PRE_SUB,X1=0_k=-4,,,-4.0,pretrend,-0.5588250436329723,-0.5551882470830263,0.20677572170555428,-0.9455953104125158,-0.885460785232189,-0.21301424832413166,-0.1468129947493963,0.004666666666666667,0.009333333333333334,0.009333333333333334,-0.5999999999999999,correction_completion,PT_violation_g20,1,200,110,169641446,raw_structured,,,,
PRE_SUB,X1=0_k=-3,,,-3.0,pretrend,-0.25008024343430346,-0.254241042285065,0.19153903792659685,-0.6263536681188513,-0.5527208824960045,0.03854192541463815,0.09854864014692015,0.13466666666666666,0.2693333333333333,0.2693333333333333,-0.3999999999999999,correction_completion,PT_violation_g20,1,200,110,169641446,raw_structured,,,,
PRE_SUB,X1=0_k=-2,,,-2.0,pretrend,-0.268731663264148,-0.2763314986618836,0.1907001710690956,-0.6403074534245294,-0.5757056716559386,0.0,0.02564199818680785,0.16066666666666668,0.32133333333333336,0.32133333333333336,-0.19999999999999996,correction_completion,PT_violation_g20,1,200,110,169641446,raw_structured,,,,
PRE_SUB,X1=1_k=-4,,,-4.0,pretrend,-0.5806572985293861,-0.5739374295660649,0.2107730882100225,-0.998146437802565,-0.9319305742225367,-0.23808461361062752,-0.1653008701330731,0.002,0.004,0.004,-0.5999999999999999,correction_completion,PT_violation_g20,1,200,110,169641446,raw_structured,,,,
PRE_SUB,X1=1_k=-3,,,-3.0,pretrend,-0.2740579678093776,-0.2805036104328902,0.19579230234189807,-0.6711725404687301,-0.5911837034203417,0.021317797653146967,0.08852652219507169,0.11733333333333333,0.23466666666666666,0.23466666666666666,-0.3999999999999999,correction_completion,PT_violation_g20,1,200,110,169641446,raw_structured,,,,
PRE_SUB,X1=1_k=-2,,,-2.0,pretrend,-0.2898801683729078,-0.2953114346138852,0.19568042439250286,-0.6854842859838401,-0.6093127685494564,0.0,0.0028827378136422922,0.142,0.284,0.284,-0.19999999999999996,correction_completion,PT_violation_g20,1,200,110,169641446,raw_structured,,,,
PRE_SUB,X2=low_k=-4,,,-4.0,pretrend,-0.5150024140325365,-0.5178598228429412,0.2234909570392326,-0.9358346920991375,-0.8647498071112928,-0.13479626829504351,-0.054140135310148725,0.017333333333333333,0.034666666666666665,0.034666666666666665,-0.6000000000000001,correction_completion,PT_violation_g20,1,200,110,169641446,raw_structured,,,,
PRE_SUB,X2=low_k=-3,,,-3.0,pretrend,-0.22827905579475685,-0.23389461711633264,0.1934779771713861,-0.6000527934527489,-0.5337469676345878,0.07670705784773067,0.11865753707837479,0.15533333333333332,0.31066666666666665,0.31066666666666665,-0.4,correction_completion,PT_violation_g20,1,200,110,169641446,raw_structured,,,,
PRE_SUB,X2=low_k=-2,,,-2.0,pretrend,-0.24641203984955148,-0.25293181086151373,0.18956595538678914,-0.6114044175287698,-0.5508129424541313,0.00985174263791406,0.06884177147013842,0.174,0.348,0.348,-0.2,correction_completion,PT_violation_g20,1,200,110,169641446,raw_structured,,,,
PRE_SUB,X2=high_k=-4,,,-4.0,pretrend,-0.6074598643902247,-0.5980611234530397,0.2240691909405625,-1.0520542927255305,-0.978477602330011,-0.24275992263035487,-0.18152772452901114,0.0013333333333333333,0.0026666666666666666,0.0026666666666666666,-0.6000000000000001,correction_completion,PT_violation_g20,1,200,110,169641446,raw_structured,,,,
PRE_SUB,X2=high_k=-3,,,-3.0,pretrend,-0.28160373039611425,-0.28467885282273653,0.20195142646874725,-0.6994799019500824,-0.6202503120106225,0.01609953474990327,0.08395764919188489,0.11666666666666667,0.23333333333333334,0.23333333333333334,-0.4,correction_completion,PT_violation_g20,1,200,110,169641446,raw_structured,,,,
PRE_SUB,X2=high_k=-2,,,-2.0,pretrend,-0.2981911073939938,-0.30006385793862067,0.2030018366993804,-0.7089565477998266,-0.6477164811981883,0.0,0.00048492050762136195,0.14266666666666666,0.2853333333333333,0.2853333333333333,-0.2,correction_completion,PT_violation_g20,1,200,110,169641446,raw_structured,,,,
PRE_SUBC,X1_k=-4,,,-4.0,pretrend,-0.021832254896413782,-1.1102230246251565e-16,0.10215103692060432,-0.3784260852514716,-0.17690469684660715,0.0681609228292099,0.09581035804387794,0.48,0.96,0.96,-0.0,correction_completion,PT_violation_g20,1,200,110,169641446,raw_structured,,,,
PRE_SUBC,X1_k=-3,,,-3.0,pretrend,-0.0239777243750741,-6.245004513516506e-17,0.09234027415973504,-0.3436747052438638,-0.15485029612509418,0.02049988271758204,0.05308234641516225,0.4686666666666667,0.9373333333333334,0.9373333333333334,-0.0,correction_completion,PT_violation_g20,1,200,110,169641446,raw_structured,,,,
PRE_SUBC,X1_k=-2,,,-2.0,pretrend,-0.021148505108759836,0.0,0.08799291698283881,-0.32413432559940675,-0.09628922931013027,0.012248061753764578,0.049234365645501835,0.514,1.0,1.0,-0.0,correction_completion,PT_violation_g20,1,200,110,169641446,raw_structured,,,,
PRE_SUBC,X1_slope,,,,pretrend,0.009614337039153526,3.172065784643304e-17,0.040132780368480045,-0.0273413125482402,-0.02030614366025164,0.07305961152908065,0.1385920480655496,0.45666666666666667,0.9133333333333333,0.9133333333333333,0.0,correction_completion,PT_violation_g20,1,200,110,169641446,raw_structured,,,,
PRE_SUBC,X2_k=-4,,,-4.0,pretrend,-0.09245745035768817,-2.220446049250313e-16,0.19391627556297378,-0.6680210342549,-0.5204089718234706,0.011167050849052227,0.056376863004101066,0.4073333333333333,0.8146666666666667,0.8146666666666667,-0.0,correction_completion,PT_violation_g20,1,200,110,169641446,raw_structured,,,,
PRE_SUBC,X2_k=-3,,,-3.0,pretrend,-0.053324674601357376,-1.1102230246251565e-16,0.13071567586815178,-0.4461605506138949,-0.34207379811613287,0.010576711728478466,0.06448109111272307,0.4593333333333333,0.9186666666666666,0.9186666666666666,-0.0,correction_completion,PT_violation_g20,1,200,110,169641446,raw_structured,,,,
PRE_SUBC,X2_k=-2,,,-2.0,pretrend,-0.0517790675444423,-5.551115123125783e-17,0.1278235261228035,-0.4369830549689128,-0.33977883258391045,1.1671219546371946e-15,0.050663700983042556,0.49,0.98,0.98,-0.0,correction_completion,PT_violation_g20,1,200,110,169641446,raw_structured,,,,
PRE_SUBC,X2_slope,,,,pretrend,0.031128626272872963,8.921435019309294e-17,0.06272299625148633,-0.021706986792363176,-0.0038607405120017115,0.17130407873789683,0.2079085367398857,0.38666666666666666,0.7733333333333333,0.7733333333333333,0.0,correction_completion,PT_violation_g20,1,200,110,169641446,raw_structured,,,,
PRE,k=-4,,,-4.0,reference_fold_pretrend,-0.5842573318094115,-0.5815443981834438,0.18137430078308095,-0.9268749404120433,-0.8748184068784395,-0.28675418467964997,-0.2423434937978792,0.0,0.0,0.0,-0.5999999999999999,correction_completion,PT_violation_g20,1,200,110,169641446,reference_fold_convolution_rf,,,,
PRE,k=-3,,,-3.0,reference_fold_pretrend,-0.33158214719065915,-0.3292370577308308,0.16099032124479676,-0.6562668523096296,-0.6000281874816376,-0.07308020047982007,-0.023044684732381936,0.018666666666666668,0.037333333333333336,0.037333333333333336,-0.3999999999999999,correction_completion,PT_violation_g20,1,200,110,169641446,reference_fold_convolution_rf,,,,
PRE,k=-2,,,-2.0,reference_fold_pretrend,-0.3080498564413731,-0.29697917152953135,0.15812322038669926,-0.6357926913925813,-0.5909296345965712,-0.05563683648450009,0.0,0.03,0.06,0.06,-0.19999999999999996,correction_completion,PT_violation_g20,1,200,110,169641446,reference_fold_convolution_rf,,,,
PRE,slope,,,,reference_fold_pretrend,0.19457043901792326,0.1927789798308584,0.06342725071492382,0.06975056295483939,0.09185498750147264,0.29758450516652174,0.319716450313736,0.0,0.0,0.0,0.19999999999999996,correction_completion,PT_violation_g20,1,200,110,169641446,reference_fold_convolution_rf,,,,
PRE_SUB,X1=0_k=-4,,,-4.0,reference_fold_pretrend,-0.5528478143884306,-0.5510845671207073,0.1922079892508487,-0.9241324418281877,-0.8636056924354791,-0.23651053958824983,-0.17810890570353738,0.0013333333333333333,0.0026666666666666666,0.0026666666666666666,-0.5999999999999999,correction_completion,PT_violation_g20,1,200,110,169641446,reference_fold_convolution_rf,,,,
PRE_SUB,X1=0_k=-3,,,-3.0,reference_fold_pretrend,-0.29955577473031797,-0.29923988770398435,0.16891061001664862,-0.6298859052862423,-0.5731663322685268,-0.019195399744766195,0.009872990431886906,0.03866666666666667,0.07733333333333334,0.07733333333333334,-0.3999999999999999,correction_completion,PT_violation_g20,1,200,110,169641446,reference_fold_convolution_rf,,,,
PRE_SUB,X1=0_k=-2,,,-2.0,reference_fold_pretrend,-0.2774075709062076,-0.26638175571743217,0.16766492383107343,-0.624377245607906,-0.5674160888679058,0.0,0.020474461143519748,0.058666666666666666,0.11733333333333333,0.11733333333333333,-0.19999999999999996,correction_completion,PT_violation_g20,1,200,110,169641446,reference_fold_convolution_rf,,,,
PRE_SUB,X1=1_k=-4,,,-4.0,reference_fold_pretrend,-0.6162950395788122,-0.6139068453895491,0.1943178453162962,-0.9972652933410688,-0.9414583147038195,-0.3026407201621386,-0.25025040885556304,0.0006666666666666666,0.0013333333333333333,0.0013333333333333333,-0.5999999999999999,correction_completion,PT_violation_g20,1,200,110,169641446,reference_fold_convolution_rf,,,,
PRE_SUB,X1=1_k=-3,,,-3.0,reference_fold_pretrend,-0.36424904710020717,-0.3595411402821719,0.17893297968113459,-0.7367800789182889,-0.678448450811372,-0.07993844468381028,-0.028653671363376734,0.016,0.032,0.032,-0.3999999999999999,correction_completion,PT_violation_g20,1,200,110,169641446,reference_fold_convolution_rf,,,,
PRE_SUB,X1=1_k=-2,,,-2.0,reference_fold_pretrend,-0.33930498768724193,-0.32926495209667916,0.17410713500593897,-0.7001135653613314,-0.6289958325417238,-0.06380650621539488,0.0,0.029333333333333333,0.058666666666666666,0.058666666666666666,-0.19999999999999996,correction_completion,PT_violation_g20,1,200,110,169641446,reference_fold_convolution_rf,,,,
PRE_SUB,X2=low_k=-4,,,-4.0,reference_fold_pretrend,-0.5313824348364942,-0.5335849371625725,0.18951319619872406,-0.9018715852122827,-0.8309321915395187,-0.2316404529024728,-0.16895497060680761,0.0013333333333333333,0.0026666666666666666,0.0026666666666666666,-0.6000000000000001,correction_completion,PT_violation_g20,1,200,110,169641446,reference_fold_convolution_rf,,,,
PRE_SUB,X2=low_k=-3,,,-3.0,reference_fold_pretrend,-0.2911339980849626,-0.2909891619407091,0.16962458067158764,-0.6254722678903687,-0.5776974326261347,-0.017334825768099117,0.025632328524464038,0.042,0.084,0.084,-0.4,correction_completion,PT_violation_g20,1,200,110,169641446,reference_fold_convolution_rf,,,,
PRE_SUB,X2=low_k=-2,,,-2.0,reference_fold_pretrend,-0.26608961620020993,-0.2539267507190982,0.1635842799047491,-0.6107951529405615,-0.5514183046065135,0.0,0.024949776878931716,0.052,0.104,0.104,-0.2,correction_completion,PT_violation_g20,1,200,110,169641446,reference_fold_convolution_rf,,,,
PRE_SUB,X2=high_k=-4,,,-4.0,reference_fold_pretrend,-0.6333685457161848,-0.6266953056553808,0.19933087166638452,-1.0341860892808217,-0.9657456090908285,-0.309176559762312,-0.2715646055900918,0.0,0.0,0.0,-0.6000000000000001,correction_completion,PT_violation_g20,1,200,110,169641446,reference_fold_convolution_rf,,,,
PRE_SUB,X2=high_k=-3,,,-3.0,reference_fold_pretrend,-0.366918377891577,-0.36116586958533686,0.17611271322149127,-0.7185774092673639,-0.6763661534225478,-0.07777562060950158,-0.030936423382135054,0.016666666666666666,0.03333333333333333,0.03333333333333333,-0.4,correction_completion,PT_violation_g20,1,200,110,169641446,reference_fold_convolution_rf,,,,
PRE_SUB,X2=high_k=-2,,,-2.0,reference_fold_pretrend,-0.3470078564518862,-0.3334518985382092,0.17449659128128467,-0.7086955498575342,-0.6528246312844943,-0.05849154163487246,0.0,0.028,0.056,0.056,-0.2,correction_completion,PT_violation_g20,1,200,110,169641446,reference_fold_convolution_rf,,,,
PRE_SUBC,X1_k=-4,,,-4.0,reference_fold_pretrend,-0.06344722519038157,-0.003582527869285146,0.13343807942414362,-0.4207214280661868,-0.3645511356154031,0.04317809129680441,0.061950582698474824,0.326,0.652,0.652,-0.0,correction_completion,PT_violation_g20,1,200,110,169641446,reference_fold_convolution_rf,,,,
PRE_SUBC,X1_k=-3,,,-3.0,reference_fold_pretrend,-0.06469327236988923,-0.0030654742312331285,0.13174499657850455,-0.42214113101633716,-0.36506782942429716,0.03261306327523127,0.04443764255908163,0.2986666666666667,0.5973333333333334,0.5973333333333334,-0.0,correction_completion,PT_violation_g20,1,200,110,169641446,reference_fold_convolution_rf,,,,
PRE_SUBC,X1_k=-2,,,-2.0,reference_fold_pretrend,-0.06189741678103433,-0.0032556363886599715,0.12959891248020075,-0.4211867182842803,-0.3665636759925618,0.0293215468188344,0.03831632059955401,0.29,0.58,0.58,-0.0,correction_completion,PT_violation_g20,1,200,110,169641446,reference_fold_convolution_rf,,,,
PRE_SUBC,X1_slope,,,,reference_fold_pretrend,0.02725897407799696,0.0013981791937864535,0.056203986051706324,-0.019678033721475696,-0.0151880577329369,0.15594408427766723,0.1802860529770193,0.30466666666666664,0.6093333333333333,0.6093333333333333,0.0,correction_completion,PT_violation_g20,1,200,110,169641446,reference_fold_convolution_rf,,,,
PRE_SUBC,X2_k=-4,,,-4.0,reference_fold_pretrend,-0.10198611087969073,-0.07789705201889835,0.14580893183854135,-0.4644276137516738,-0.3877820299269597,0.09429385905844712,0.13037828384998432,0.24466666666666667,0.48933333333333334,0.48933333333333334,-0.0,correction_completion,PT_violation_g20,1,200,110,169641446,reference_fold_convolution_rf,,,,
PRE_SUBC,X2_k=-3,,,-3.0,reference_fold_pretrend,-0.0757843798066144,-0.0547507841513786,0.13041379760206687,-0.39284536594406116,-0.34829045222719296,0.10137955072335345,0.13140542593031845,0.2853333333333333,0.5706666666666667,0.5706666666666667,-0.0,correction_completion,PT_violation_g20,1,200,110,169641446,reference_fold_convolution_rf,,,,
PRE_SUBC,X2_k=-2,,,-2.0,reference_fold_pretrend,-0.08091824025167627,-0.06205480950004856,0.12594030709566026,-0.3898140060607246,-0.3485976689099053,0.08915203327518766,0.11617041644126476,0.2633333333333333,0.5266666666666666,0.5266666666666666,-0.0,correction_completion,PT_violation_g20,1,200,110,169641446,reference_fold_convolution_rf,,,,
PRE_SUBC,X2_slope,,,,reference_fold_pretrend,0.03846038089314123,0.028959652104181492,0.055234666577027226,-0.04635528531979476,-0.036617419063192595,0.15256272047682323,0.17598449678064626,0.232,0.464,0.464,0.0,correction_completion,PT_violation_g20,1,200,110,169641446,reference_fold_convolution_rf,,,,
PRE,k=-4,,,-4.0,pretrend,-1.648956236281152,-1.6505172632860892,0.20329871905247734,-2.0307086066788615,-1.9739939278129561,-1.3140625138880402,-1.2351951279176798,0.0,0.0,0.0,-1.1999999999999997,correction_completion,PT_violation_g40,1,200,94,652745238,raw_structured,,,,
PRE,k=-3,,,-3.0,pretrend,-1.2667559338294612,-1.2666811244286291,0.19566360029847338,-1.6479182654245461,-1.5909333680571212,-0.9368481215438655,-0.8929148858982436,0.0,0.0,0.0,-0.7999999999999998,correction_completion,PT_violation_g40,1,200,94,652745238,raw_structured,,,,
PRE,k=-2,,,-2.0,pretrend,-0.7876179900103644,-0.7857618727746294,0.19038900178830176,-1.1635033575605036,-1.1001795890316,-0.47599522549444934,-0.4228816926435395,0.0006666666666666666,0.0013333333333333333,0.0013333333333333333,-0.3999999999999999,correction_completion,PT_violation_g40,1,200,94,652745238,raw_structured,,,,
PRE,slope,,,,pretrend,0.5905713261794816,0.5918937840590017,0.06977437240454469,0.45078463785216627,0.47279242818896133,0.7052069122464221,0.7344665306263016,0.0,0.0,0.0,0.3999999999999999,correction_completion,PT_violation_g40,1,200,94,652745238,raw_structured,,,,
PRE_SUB,X1=0_k=-4,,,-4.0,pretrend,-1.6509545900662563,-1.6550119568317063,0.2052329942505246,-2.0330214499041874,-1.9717183441137407,-1.3112793910320002,-1.2347550177287065,0.0,0.0,0.0,-1.1999999999999997,correction_completion,PT_violation_g40,1,200,94,652745238,raw_structured,,,,
PRE_SUB,X1=0_k=-3,,,-3.0,pretrend,-1.2682284530517625,-1.270090327720567,0.19584256642440503,-1.6511134710012523,-1.5905189481476754,-0.9374911616116204,-0.893773058672681,0.0,0.0,0.0,-0.7999999999999998,correction_completion,PT_violation_g40,1,200,94,652745238,raw_structured,,,,
PRE_SUB,X1=0_k=-2,,,-2.0,pretrend,-0.7880487903909997,-0.7865832565232134,0.1909697307163363,-1.164038495666012,-1.1013131281289594,-0.47674302884531444,-0.4240096353312054,0.0006666666666666666,0.0013333333333333333,0.0013333333333333333,-0.3999999999999999,correction_completion,PT_violation_g40,1,200,94,652745238,raw_structured,,,,
PRE_SUB,X1=1_k=-4,,,-4.0,pretrend,-1.6471704733242505,-1.6480208745310962,0.20471377536094978,-2.030544635700963,-1.975586832134844,-1.3087936328312613,-1.2291024247170335,0.0,0.0,0.0,-1.1999999999999993,correction_completion,PT_violation_g40,1,200,94,652745238,raw_structured,,,,
PRE_SUB,X1=1_k=-3,,,-3.0,pretrend,-1.2654400655882556,-1.2665790842902318,0.19732721710746223,-1.649133590635286,-1.5905189481476754,-0.9363072202265906,-0.8906207525246777,0.0,0.0,0.0,-0.7999999999999996,correction_completion,PT_violation_g40,1,200,94,652745238,raw_structured,,,,
PRE_SUB,X1=1_k=-2,,,-2.0,pretrend,-0.787233019457456,-0.7854737117090946,0.19083280377761597,-1.1614568696351175,-1.1010169049810665,-0.4758113187915204,-0.42288169264353975,0.0006666666666666666,0.0013333333333333333,0.0013333333333333333,-0.3999999999999998,correction_completion,PT_violation_g40,1,200,94,652745238,raw_structured,,,,
PRE_SUB,X2=low_k=-4,,,-4.0,pretrend,-1.6316494054522737,-1.6290263031875232,0.2077494607043148,-2.0234496116380147,-1.9678576937827457,-1.2904311026610404,-1.210549782320622,0.0,0.0,0.0,-1.2000000000000004,correction_completion,PT_violation_g40,1,200,94,652745238,raw_structured,,,,
PRE_SUB,X2=low_k=-3,,,-3.0,pretrend,-1.2587531321548497,-1.2562035802712985,0.19872651272625316,-1.6450354105700606,-1.5875728497812067,-0.9247059794766332,-0.8874653503694468,0.0,0.0,0.0,-0.8000000000000003,correction_completion,PT_violation_g40,1,200,94,652745238,raw_structured,,,,
PRE_SUB,X2=low_k=-2,,,-2.0,pretrend,-0.7873091482305509,-0.78576187277463,0.19036116046766924,-1.1635033575605036,-1.098522736742377,-0.4759952254944501,-0.42288169264353964,0.0006666666666666666,0.0013333333333333333,0.0013333333333333333,-0.40000000000000013,correction_completion,PT_violation_g40,1,200,94,652745238,raw_structured,,,,
PRE_SUB,X2=high_k=-4,,,-4.0,pretrend,-1.667460719635783,-1.6671233996877177,0.217391087024764,-2.1032162387467426,-2.021798737731237,-1.3200791685467654,-1.2494762685599727,0.0,0.0,0.0,-1.2000000000000004,correction_completion,PT_violation_g40,1,200,94,652745238,raw_structured,,,,
PRE_SUB,X2=high_k=-3,,,-3.0,pretrend,-1.2737428491498632,-1.275103260863478,0.1979408316100892,-1.6565918314527546,-1.5963230565232216,-0.9385157612893733,-0.8938654385319802,0.0,0.0,0.0,-0.8000000000000003,correction_completion,PT_violation_g40,1,200,94,652745238,raw_structured,,,,
PRE_SUB,X2=high_k=-2,,,-2.0,pretrend,-0.7880104412236366,-0.7861927373400617,0.19102098813797241,-1.1640384956660115,-1.1001795890316006,-0.47599522549444956,-0.42288169264353964,0.0006666666666666666,0.0013333333333333333,0.0013333333333333333,-0.40000000000000013,correction_completion,PT_violation_g40,1,200,94,652745238,raw_structured,,,,
PRE_SUBC,X1_k=-4,,,-4.0,pretrend,0.0037841167420058952,0.0,0.05215184611814994,-0.028118521370080016,-0.008092135823397139,0.0557547960452865,0.11327144256004516,0.556,1.0,1.0,3.3306690738754696e-16,correction_completion,PT_violation_g40,1,200,94,652745238,raw_structured,,,,
PRE_SUBC,X1_k=-3,,,-3.0,pretrend,0.002788387463506933,0.0,0.038962581524285424,-0.006588748122052374,-2.886579864025407e-15,0.012300954656603521,0.04123252683365328,0.5506666666666666,1.0,1.0,2.220446049250313e-16,correction_completion,PT_violation_g40,1,200,94,652745238,raw_structured,,,,
PRE_SUBC,X1_k=-2,,,-2.0,pretrend,0.0008157709335437491,0.0,0.027890628862640036,-2.114974861910923e-15,-1.3322676295501878e-15,1.3322676295501878e-15,2.1094237467877974e-15,0.5493333333333333,1.0,1.0,1.1102230246251565e-16,correction_completion,PT_violation_g40,1,200,94,652745238,raw_structured,,,,
PRE_SUBC,X1_slope,,,,pretrend,-0.0012674925776125215,0.0,0.01705639767189285,-0.02958442111216495,-0.015446970878474844,0.0023816854099354633,0.00789460592814655,0.5086666666666667,1.0,1.0,-1.1102230246251565e-16,correction_completion,PT_violation_g40,1,200,94,652745238,raw_structured,,,,
PRE_SUBC,X2_k=-4,,,-4.0,pretrend,-0.03581131418350916,0.0,0.11859902409251284,-0.4296810090503528,-0.2919986559087256,2.0095036745715232e-15,0.010167559037301587,0.5206666666666667,1.0,1.0,-0.0,correction_completion,PT_violation_g40,1,200,94,652745238,raw_structured,,,,
PRE_SUBC,X2_k=-3,,,-3.0,pretrend,-0.0149897169950134,0.0,0.07107596851012642,-0.26151357692849686,-0.09893560816859256,1.3322676295501878e-15,3.1086244689504383e-15,0.5426666666666666,1.0,1.0,-0.0,correction_completion,PT_violation_g40,1,200,94,652745238,raw_structured,,,,
PRE_SUBC,X2_k=-2,,,-2.0,pretrend,-0.0007012929930860397,0.0,0.018165526859138283,-2.4424906541753444e-15,-1.3322676295501878e-15,1.1102230246251565e-15,1.7763568394002505e-15,0.542,1.0,1.0,-0.0,correction_completion,PT_violation_g40,1,200,94,652745238,raw_structured,,,,
PRE_SUBC,X2_slope,,,,pretrend,0.009865333538117166,4.7580986769649563e-17,0.03265128738147641,-0.003386369671259128,-6.502734858518774e-16,0.08522597545298138,0.12084246294868328,0.43666666666666665,0.8733333333333333,0.8733333333333333,0.0,correction_completion,PT_violation_g40,1,200,94,652745238,raw_structured,,,,
PRE,k=-4,,,-4.0,reference_fold_pretrend,-1.6099159528127311,-1.6114351413235304,0.199311497396452,-2.0050175638768115,-1.937241305948554,-1.2783660680929319,-1.2252424552031542,0.0,0.0,0.0,-1.1999999999999997,correction_completion,PT_violation_g40,1,200,94,652745238,reference_fold_convolution_rf,,,,
PRE,k=-3,,,-3.0,reference_fold_pretrend,-1.2887050539395906,-1.2940509205569926,0.18682687415303972,-1.6780702716853757,-1.6078156175127591,-0.9901272047837945,-0.948720680739416,0.0,0.0,0.0,-0.7999999999999998,correction_completion,PT_violation_g40,1,200,94,652745238,reference_fold_convolution_rf,,,,
PRE,k=-2,,,-2.0,reference_fold_pretrend,-0.797763169037076,-0.8005254706362676,0.19044493131261528,-1.173057890791564,-1.1109643891672965,-0.4901377818029769,-0.42663048128319503,0.0,0.0,0.0,-0.3999999999999999,correction_completion,PT_violation_g40,1,200,94,652745238,reference_fold_convolution_rf,,,,
PRE,slope,,,,reference_fold_pretrend,0.5860657953824608,0.58711569013141,0.07062513373633758,0.4488913023683032,0.4700836201365423,0.7055331727420713,0.7280080809572301,0.0,0.0,0.0,0.3999999999999999,correction_completion,PT_violation_g40,1,200,94,652745238,reference_fold_convolution_rf,,,,
PRE_SUB,X1=0_k=-4,,,-4.0,reference_fold_pretrend,-1.598372911294502,-1.598921924742948,0.2021333802462365,-1.9987061459922066,-1.9346596038397852,-1.2635513431607035,-1.2127776966853427,0.0,0.0,0.0,-1.1999999999999997,correction_completion,PT_violation_g40,1,200,94,652745238,reference_fold_convolution_rf,,,,
PRE_SUB,X1=0_k=-3,,,-3.0,reference_fold_pretrend,-1.2828870182956085,-1.2864360987104273,0.19129208352822952,-1.6735698966292092,-1.6110870670990012,-0.98031542570826,-0.9292282982989691,0.0,0.0,0.0,-0.7999999999999998,correction_completion,PT_violation_g40,1,200,94,652745238,reference_fold_convolution_rf,,,,
PRE_SUB,X1=0_k=-2,,,-2.0,reference_fold_pretrend,-0.8130168652806142,-0.8166225239950622,0.19252078396673236,-1.1916571740066981,-1.1233640998502439,-0.5022494230383123,-0.4419485991475464,0.0,0.0,0.0,-0.3999999999999999,correction_completion,PT_violation_g40,1,200,94,652745238,reference_fold_convolution_rf,,,,
PRE_SUB,X1=1_k=-4,,,-4.0,reference_fold_pretrend,-1.6202310111907232,-1.6205498495468245,0.20220288295933955,-2.007608529655744,-1.9524486938427583,-1.286905082506389,-1.233037051978081,0.0,0.0,0.0,-1.1999999999999993,correction_completion,PT_violation_g40,1,200,94,652745238,reference_fold_convolution_rf,,,,
PRE_SUB,X1=1_k=-3,,,-3.0,reference_fold_pretrend,-1.2939041496214472,-1.2977551447151092,0.1876598919534618,-1.6760723894719096,-1.610038711495006,-0.9970488975750705,-0.9427640139055239,0.0,0.0,0.0,-0.7999999999999996,correction_completion,PT_violation_g40,1,200,94,652745238,reference_fold_convolution_rf,,,,
PRE_SUB,X1=1_k=-2,,,-2.0,reference_fold_pretrend,-0.7841322064364676,-0.7839150227757126,0.19222537349357843,-1.1662674374106945,-1.1083501598757939,-0.47313085948194333,-0.4209392433623658,0.0,0.0,0.0,-0.3999999999999998,correction_completion,PT_violation_g40,1,200,94,652745238,reference_fold_convolution_rf,,,,
PRE_SUB,X2=low_k=-4,,,-4.0,reference_fold_pretrend,-1.6017443992335871,-1.6023590937861945,0.2008738578797619,-2.0013786290509583,-1.9333811016729212,-1.2690397506193494,-1.2129569460899536,0.0,0.0,0.0,-1.2000000000000004,correction_completion,PT_violation_g40,1,200,94,652745238,reference_fold_convolution_rf,,,,
PRE_SUB,X2=low_k=-3,,,-3.0,reference_fold_pretrend,-1.2844011864021352,-1.2904836901899654,0.18806766972037708,-1.6775771726036328,-1.5982585974693906,-0.9825708896669516,-0.9453498825296618,0.0,0.0,0.0,-0.8000000000000003,correction_completion,PT_violation_g40,1,200,94,652745238,reference_fold_convolution_rf,,,,
PRE_SUB,X2=low_k=-2,,,-2.0,reference_fold_pretrend,-0.7942141801857145,-0.7964086975877995,0.19031911800680865,-1.172744156103874,-1.1102607549783579,-0.48879428011994175,-0.4244871262385933,0.0,0.0,0.0,-0.40000000000000013,correction_completion,PT_violation_g40,1,200,94,652745238,reference_fold_convolution_rf,,,,
PRE_SUB,X2=high_k=-4,,,-4.0,reference_fold_pretrend,-1.6307971031957142,-1.6324449177054468,0.20535475697268446,-2.0411129730562965,-1.9657499403344199,-1.2881904981553005,-1.2355379287087325,0.0,0.0,0.0,-1.2000000000000004,correction_completion,PT_violation_g40,1,200,94,652745238,reference_fold_convolution_rf,,,,
PRE_SUB,X2=high_k=-3,,,-3.0,reference_fold_pretrend,-1.2961392430188718,-1.2991446458391724,0.19007064452439143,-1.7005488507845554,-1.6168942047920787,-0.9905775600054714,-0.9432634731210296,0.0,0.0,0.0,-0.8000000000000003,correction_completion,PT_violation_g40,1,200,94,652745238,reference_fold_convolution_rf,,,,
PRE_SUB,X2=high_k=-2,,,-2.0,reference_fold_pretrend,-0.7827388966558239,-0.7809557791120719,0.1916715258459196,-1.1641437416683058,-1.1070547716245258,-0.4760947447919871,-0.42388924119326216,0.0,0.0,0.0,-0.40000000000000013,correction_completion,PT_violation_g40,1,200,94,652745238,reference_fold_convolution_rf,,,,
PRE_SUBC,X1_k=-4,,,-4.0,reference_fold_pretrend,-0.02185809989622139,-0.02042067149005422,0.06786176403242476,-0.18035836505924843,-0.10118143633365106,0.05655137316842188,0.10846869830085665,0.2833333333333333,0.5666666666666667,0.5666666666666667,3.3306690738754696e-16,correction_completion,PT_violation_g40,1,200,94,652745238,reference_fold_convolution_rf,,,,
PRE_SUBC,X1_k=-3,,,-3.0,reference_fold_pretrend,-0.011017131325838625,-0.00715272654756216,0.06211434121606005,-0.1575520252990452,-0.0735916732201918,0.052017522496511016,0.07932025059957408,0.408,0.816,0.816,2.220446049250313e-16,correction_completion,PT_violation_g40,1,200,94,652745238,reference_fold_convolution_rf,,,,
PRE_SUBC,X1_k=-2,,,-2.0,reference_fold_pretrend,0.02888465884414647,0.03106071115937903,0.05430601180686742,-0.08001835419434593,-0.028023197670804467,0.08630094609103223,0.10970091208908335,0.16533333333333333,0.33066666666666666,0.33066666666666666,1.1102230246251565e-16,correction_completion,PT_violation_g40,1,200,94,652745238,reference_fold_convolution_rf,,,,
PRE_SUBC,X1_slope,,,,reference_fold_pretrend,0.004194564535442496,0.0034839610017072965,0.02540895638434462,-0.038430232297877384,-0.022261591923215883,0.03137838404151126,0.0646705664605398,0.38533333333333336,0.7706666666666667,0.7706666666666667,-1.1102230246251565e-16,correction_completion,PT_violation_g40,1,200,94,652745238,reference_fold_convolution_rf,,,,
PRE_SUBC,X2_k=-4,,,-4.0,reference_fold_pretrend,-0.029052703962127165,-0.011792123228648643,0.07548239003697421,-0.2732862924434311,-0.18658148855870313,0.018872575935933986,0.0379590574777563,0.24066666666666667,0.48133333333333334,0.48133333333333334,-0.0,correction_completion,PT_violation_g40,1,200,94,652745238,reference_fold_convolution_rf,,,,
PRE_SUBC,X2_k=-3,,,-3.0,reference_fold_pretrend,-0.011738056616736684,-0.004451385823031062,0.04765353853340665,-0.1578680282193607,-0.08303622027794322,0.024534242325774776,0.03853727215727167,0.38133333333333336,0.7626666666666667,0.7626666666666667,-0.0,correction_completion,PT_violation_g40,1,200,94,652745238,reference_fold_convolution_rf,,,,
PRE_SUBC,X2_k=-2,,,-2.0,reference_fold_pretrend,0.011475283529890551,0.01291456926393858,0.02929830905226814,-0.04321454022721877,-0.014280350081571474,0.03783048949636292,0.04945577713066305,0.174,0.348,0.348,-0.0,correction_completion,PT_violation_g40,1,200,94,652745238,reference_fold_convolution_rf,,,,
PRE_SUBC,X2_slope,,,,reference_fold_pretrend,0.007082781542140308,0.00262188204913968,0.02199838053819401,-0.01569228972079518,-0.00873995323319344,0.05276445688675734,0.07816530648841408,0.33266666666666667,0.6653333333333333,0.6653333333333333,0.0,correction_completion,PT_violation_g40,1,200,94,652745238,reference_fold_convolution_rf,,,,
PRE,k=-4,,,-4.0,pretrend,-0.17982839600905412,-0.1739127394902461,0.18065689371373744,-0.5415217918631027,-0.48339663056861065,0.0867913969460602,0.14791576981648935,0.20133333333333334,0.4026666666666667,0.4026666666666667,-0.021212121212121213,correction_completion,PT_violation_het10,1,200,78,2345323363,raw_structured,,,,
PRE,k=-3,,,-3.0,pretrend,-0.10219190606083528,-0.07745730345519472,0.1571168149690139,-0.4161690589450978,-0.3703088717906138,0.13430442210689686,0.1909323587888359,0.37,0.74,0.74,-0.014141414141414142,correction_completion,PT_violation_het10,1,200,78,2345323363,raw_structured,,,,
PRE,k=-2,,,-2.0,pretrend,-0.04054258553852297,0.0,0.13322711858992847,-0.35629374086104415,-0.3078013781543738,0.1617100585640446,0.22768093865756245,0.628,1.0,1.0,-0.007070707070707071,correction_completion,PT_violation_het10,1,200,78,2345323363,raw_structured,,,,
PRE,slope,,,,pretrend,0.05602939897766828,0.05147386204126916,0.06203811373985801,-0.05892911376775377,-0.04068905094494195,0.16293538200963348,0.18159122758073626,0.21866666666666668,0.43733333333333335,0.43733333333333335,0.007070707070707071,correction_completion,PT_violation_het10,1,200,78,2345323363,raw_structured,,,,
PRE_SUB,X1=0_k=-4,,,-4.0,pretrend,-0.13144235708445373,-0.12800623179119136,0.19916948770511975,-0.51724044920814,-0.4599650277051764,0.19625648861942843,0.2633319936133076,0.304,0.608,0.608,0.2999999999999998,correction_completion,PT_violation_het10,1,200,78,2345323363,raw_structured,,,,
PRE_SUB,X1=0_k=-3,,,-3.0,pretrend,-0.06254458410408917,-0.028006769989961884,0.1696974779978548,-0.3905834299718248,-0.3420188702500922,0.2165050851024209,0.28931890155847245,0.462,0.924,0.924,0.1999999999999999,correction_completion,PT_violation_het10,1,200,78,2345323363,raw_structured,,,,
PRE_SUB,X1=0_k=-2,,,-2.0,pretrend,-0.023500815543797397,0.0,0.13631296148127173,-0.3409844562862518,-0.28604091862455133,0.20471278981873098,0.2806129664794181,0.6753333333333333,1.0,1.0,0.09999999999999995,correction_completion,PT_violation_het10,1,200,78,2345323363,raw_structured,,,,
PRE_SUB,X1=1_k=-4,,,-4.0,pretrend,-0.22182382601908465,-0.21033026212858758,0.20823104607907808,-0.6706978240072825,-0.5948156750404693,0.07537645490098646,0.1369543717841166,0.17733333333333334,0.3546666666666667,0.3546666666666667,-0.2999999999999999,correction_completion,PT_violation_het10,1,200,78,2345323363,raw_structured,,,,
PRE_SUB,X1=1_k=-3,,,-3.0,pretrend,-0.13660278926857716,-0.10010460901528075,0.1879296557011869,-0.5601800373789337,-0.48294127243002755,0.11723308665729915,0.16600174139093168,0.35,0.7,0.7,-0.19999999999999993,correction_completion,PT_violation_het10,1,200,78,2345323363,raw_structured,,,,
PRE_SUB,X1=1_k=-2,,,-2.0,pretrend,-0.0553335557226244,0.0,0.1537356246029186,-0.4188427556593872,-0.3527701403023799,0.1556004905906174,0.22462993022403938,0.62,1.0,1.0,-0.09999999999999996,correction_completion,PT_violation_het10,1,200,78,2345323363,raw_structured,,,,
PRE_SUB,X2=low_k=-4,,,-4.0,pretrend,-0.18609772292360965,-0.1811064499039901,0.18258392747785715,-0.5443295302012463,-0.48617761294589423,0.08110743474982779,0.1432782098009648,0.19466666666666665,0.3893333333333333,0.3893333333333333,-0.06363636363636364,correction_completion,PT_violation_het10,1,200,78,2345323363,raw_structured,,,,
PRE_SUB,X2=low_k=-3,,,-3.0,pretrend,-0.10724932820277862,-0.08428401545216624,0.15961561106723823,-0.4332825096692912,-0.38286113725202986,0.13228414164065103,0.17999053448458205,0.36533333333333334,0.7306666666666667,0.7306666666666667,-0.04242424242424243,correction_completion,PT_violation_het10,1,200,78,2345323363,raw_structured,,,,
PRE_SUB,X2=low_k=-2,,,-2.0,pretrend,-0.04257421678305626,0.0,0.1350621655694342,-0.3592577283341023,-0.31422245060311593,0.15872104984083002,0.22576500525303025,0.6253333333333333,1.0,1.0,-0.021212121212121213,correction_completion,PT_violation_het10,1,200,78,2345323363,raw_structured,,,,
PRE_SUB,X2=high_k=-4,,,-4.0,pretrend,-0.1836523369363811,-0.17871181555635315,0.18153538814020237,-0.5425709523004536,-0.4845764755610284,0.0832535448317069,0.14395185603067687,0.19733333333333333,0.39466666666666667,0.39466666666666667,-0.045454545454545456,correction_completion,PT_violation_het10,1,200,78,2345323363,raw_structured,,,,
PRE_SUB,X2=high_k=-3,,,-3.0,pretrend,-0.1053937998918896,-0.08045737721735527,0.1584437980959326,-0.4262461464097991,-0.3791274733963857,0.13096621504805242,0.18121969585508838,0.366,0.732,0.732,-0.030303030303030304,correction_completion,PT_violation_het10,1,200,78,2345323363,raw_structured,,,,
PRE_SUB,X2=high_k=-2,,,-2.0,pretrend,-0.04202518758923833,0.0,0.13442981539202703,-0.3626158551372965,-0.310399386241393,0.16003687145408135,0.22768093865756253,0.6266666666666667,1.0,1.0,-0.015151515151515152,correction_completion,PT_violation_het10,1,200,78,2345323363,raw_structured,,,,
PRE_SUBC,X1_k=-4,,,-4.0,pretrend,-0.09038146893463093,-5.551115123125783e-17,0.19029649331735196,-0.6307360679721035,-0.5306845988579659,6.317862899507528e-16,1.2212453270876722e-15,0.45,0.9,0.9,-0.5999999999999996,correction_completion,PT_violation_het10,1,200,78,2345323363,raw_structured,,,,
PRE_SUBC,X1_k=-3,,,-3.0,pretrend,-0.07405820516448801,0.0,0.17481894423324854,-0.5997302441364731,-0.5185175049789408,5.551115123125783e-16,9.305056725139555e-16,0.5226666666666666,1.0,1.0,-0.3999999999999998,correction_completion,PT_violation_het10,1,200,78,2345323363,raw_structured,,,,
PRE_SUBC,X1_k=-2,,,-2.0,pretrend,-0.03183274017882701,0.0,0.11924590780605546,-0.47479309768355216,-0.30773779694142755,3.885780586188048e-16,6.106226635438361e-16,0.6913333333333334,1.0,1.0,-0.1999999999999999,correction_completion,PT_violation_het10,1,200,78,2345323363,raw_structured,,,,
PRE_SUBC,X1_slope,,,,pretrend,0.03222096837940685,2.3790493384824782e-17,0.06982650026294557,-3.8364648759424213e-16,-2.0831550770087199e-16,0.19824602036399303,0.23142545086004193,0.44,0.88,0.88,0.1999999999999999,correction_completion,PT_violation_het10,1,200,78,2345323363,raw_structured,,,,
PRE_SUBC,X2_k=-4,,,-4.0,pretrend,0.002445385987228536,5.551115123125783e-17,0.013619887730149178,-9.370614743005528e-05,-5.287437154777307e-16,0.017444624304075954,0.02048052115702426,0.43933333333333335,0.8786666666666667,0.8786666666666667,0.018181818181818184,correction_completion,PT_violation_het10,1,200,78,2345323363,raw_structured,,,,
PRE_SUBC,X2_k=-3,,,-3.0,pretrend,0.0018555283108890126,0.0,0.011903063544051004,-6.807054919732991e-16,-3.885780586188048e-16,0.016315501165559358,0.01963609886085218,0.5133333333333333,1.0,1.0,0.012121212121212123,correction_completion,PT_violation_het10,1,200,78,2345323363,raw_structured,,,,
PRE_SUBC,X2_k=-2,,,-2.0,pretrend,0.0005490291938179251,0.0,0.009633367456873236,-5.214578768786282e-16,-3.197095366225255e-16,0.010402437326584954,0.015663117064555913,0.6833333333333333,1.0,1.0,0.0060606060606060615,correction_completion,PT_violation_het10,1,200,78,2345323363,raw_structured,,,,
PRE_SUBC,X2_slope,,,,pretrend,-0.0008283031269486826,-1.9825411154020653e-17,0.005028967888320372,-0.007721000691708377,-0.006414518526086821,1.5869002540596399e-16,3.736831865872105e-05,0.43666666666666665,0.8733333333333333,0.8733333333333333,-0.0060606060606060615,correction_completion,PT_violation_het10,1,200,78,2345323363,raw_structured,,,,
PRE,k=-4,,,-4.0,reference_fold_pretrend,-0.2586513456501601,-0.25151153958006145,0.17139010083336667,-0.6101511952695226,-0.5503287793809654,0.012057474834661642,0.05374573894970613,0.056666666666666664,0.11333333333333333,0.11333333333333333,-0.021212121212121213,correction_completion,PT_violation_het10,1,200,78,2345323363,reference_fold_convolution_rf,,,,
PRE,k=-3,,,-3.0,reference_fold_pretrend,-0.1677104679666712,-0.15964081025031995,0.156649893994283,-0.4960025655820555,-0.4333929540373505,0.0714915682476761,0.1057126385685307,0.15066666666666667,0.30133333333333334,0.30133333333333334,-0.014141414141414142,correction_completion,PT_violation_het10,1,200,78,2345323363,reference_fold_convolution_rf,,,,
PRE,k=-2,,,-2.0,reference_fold_pretrend,-0.07410339032529045,-0.05167490441766534,0.12759342093096113,-0.3596537384859668,-0.3016325854348777,0.10657218983263063,0.1525679222715682,0.36133333333333334,0.7226666666666667,0.7226666666666667,-0.007070707070707071,correction_completion,PT_violation_het10,1,200,78,2345323363,reference_fold_convolution_rf,,,,
PRE,slope,,,,reference_fold_pretrend,0.08467702594350808,0.08110315364686865,0.060445992394785604,-0.02262124692619716,-0.004020591299246285,0.18903227135268388,0.21160587483125115,0.066,0.132,0.132,0.007070707070707071,correction_completion,PT_violation_het10,1,200,78,2345323363,reference_fold_convolution_rf,,,,
PRE_SUB,X1=0_k=-4,,,-4.0,reference_fold_pretrend,-0.2145550263210812,-0.20776404414999022,0.17880791434951368,-0.5710890587843439,-0.503015553039126,0.06533672081440448,0.12691107636322288,0.10666666666666667,0.21333333333333335,0.21333333333333335,0.2999999999999998,correction_completion,PT_violation_het10,1,200,78,2345323363,reference_fold_convolution_rf,,,,
PRE_SUB,X1=0_k=-3,,,-3.0,reference_fold_pretrend,-0.13332132101818714,-0.12919785705123404,0.16200087074535785,-0.46465578018065457,-0.4062364051833897,0.11493992868972688,0.16563491089276403,0.21533333333333332,0.43066666666666664,0.43066666666666664,0.1999999999999999,correction_completion,PT_violation_het10,1,200,78,2345323363,reference_fold_convolution_rf,,,,
PRE_SUB,X1=0_k=-2,,,-2.0,reference_fold_pretrend,-0.06015065837284459,-0.036961527840456365,0.13156559950371374,-0.354365257423606,-0.2949769097820242,0.14076510628436517,0.18230286619077393,0.406,0.812,0.812,0.09999999999999995,correction_completion,PT_violation_het10,1,200,78,2345323363,reference_fold_convolution_rf,,,,
PRE_SUB,X1=1_k=-4,,,-4.0,reference_fold_pretrend,-0.2969236228037003,-0.285881794024354,0.18545172136606852,-0.6831306317577848,-0.6162962750326032,-0.007024185040374257,0.04125662911266542,0.04466666666666667,0.08933333333333333,0.08933333333333333,-0.2999999999999999,correction_completion,PT_violation_het10,1,200,78,2345323363,reference_fold_convolution_rf,,,,
PRE_SUB,X1=1_k=-3,,,-3.0,reference_fold_pretrend,-0.19755765211063847,-0.18527371511822044,0.17068658967845018,-0.5500114380863137,-0.4945644536869433,0.06053971292799641,0.10605850964955715,0.128,0.256,0.256,-0.19999999999999993,correction_completion,PT_violation_het10,1,200,78,2345323363,reference_fold_convolution_rf,,,,
PRE_SUB,X1=1_k=-2,,,-2.0,reference_fold_pretrend,-0.08621330862363971,-0.06572871260826439,0.13695119899044747,-0.40690736128348637,-0.33350633256507145,0.10574599663502655,0.15125079274457662,0.346,0.692,0.692,-0.09999999999999996,correction_completion,PT_violation_het10,1,200,78,2345323363,reference_fold_convolution_rf,,,,
PRE_SUB,X2=low_k=-4,,,-4.0,reference_fold_pretrend,-0.2378590603946549,-0.22393600530963226,0.173587312874662,-0.5898655909959337,-0.5427265774664999,0.028934941318603382,0.08227573004209246,0.07533333333333334,0.15066666666666667,0.15066666666666667,-0.06363636363636364,correction_completion,PT_violation_het10,1,200,78,2345323363,reference_fold_convolution_rf,,,,
PRE_SUB,X2=low_k=-3,,,-3.0,reference_fold_pretrend,-0.15520499299926657,-0.14778876077155725,0.15646572207999743,-0.4837615312519826,-0.419373014310505,0.08693843746840114,0.12296087994616343,0.166,0.332,0.332,-0.04242424242424243,correction_completion,PT_violation_het10,1,200,78,2345323363,reference_fold_convolution_rf,,,,
PRE_SUB,X2=low_k=-2,,,-2.0,reference_fold_pretrend,-0.0778069644755081,-0.05383275400838302,0.13254415453324417,-0.3845313838952145,-0.32616269016859506,0.10114745437955637,0.14640692080593265,0.36466666666666664,0.7293333333333333,0.7293333333333333,-0.021212121212121213,correction_completion,PT_violation_het10,1,200,78,2345323363,reference_fold_convolution_rf,,,,
PRE_SUB,X2=high_k=-4,,,-4.0,reference_fold_pretrend,-0.2748010592358742,-0.2703653961360521,0.17777090234284904,-0.6245509657613798,-0.5750671125030621,0.0055327660839338206,0.049527408967874324,0.056666666666666664,0.11333333333333333,0.11333333333333333,-0.045454545454545456,correction_completion,PT_violation_het10,1,200,78,2345323363,reference_fold_convolution_rf,,,,
PRE_SUB,X2=high_k=-3,,,-3.0,reference_fold_pretrend,-0.17890099019967745,-0.17384037244148942,0.1637069038724353,-0.5245447833890774,-0.4563410140602798,0.06577749866726212,0.11035473627693658,0.14466666666666667,0.28933333333333333,0.28933333333333333,-0.030303030303030304,correction_completion,PT_violation_het10,1,200,78,2345323363,reference_fold_convolution_rf,,,,
PRE_SUB,X2=high_k=-2,,,-2.0,reference_fold_pretrend,-0.07529853887567517,-0.05169840991708188,0.13121179446887873,-0.3673839849225061,-0.3142711109881488,0.10896620186373124,0.1620249074896442,0.3626666666666667,0.7253333333333334,0.7253333333333334,-0.015151515151515152,correction_completion,PT_violation_het10,1,200,78,2345323363,reference_fold_convolution_rf,,,,
PRE_SUBC,X1_k=-4,,,-4.0,reference_fold_pretrend,-0.08236859648261913,-0.03724609657414385,0.12510570392005027,-0.4229516564025449,-0.34793923148349265,0.03624192552717995,0.05148696736387288,0.228,0.456,0.456,-0.5999999999999996,correction_completion,PT_violation_het10,1,200,78,2345323363,reference_fold_convolution_rf,,,,
PRE_SUBC,X1_k=-3,,,-3.0,reference_fold_pretrend,-0.06423633109245136,-0.02338877125208913,0.11433996178582202,-0.3804142765974389,-0.30970838238791526,0.03882083626496721,0.04933910017784458,0.30533333333333335,0.6106666666666667,0.6106666666666667,-0.3999999999999998,correction_completion,PT_violation_het10,1,200,78,2345323363,reference_fold_convolution_rf,,,,
PRE_SUBC,X1_k=-2,,,-2.0,reference_fold_pretrend,-0.02606265025079512,0.0,0.0851510639373005,-0.29813683396132007,-0.224435570725655,0.047630573282379324,0.057412343178933296,0.5386666666666666,1.0,1.0,-0.1999999999999999,correction_completion,PT_violation_het10,1,200,78,2345323363,reference_fold_convolution_rf,,,,
PRE_SUBC,X1_slope,,,,reference_fold_pretrend,0.028688650134539657,0.011111975277745288,0.0462950416328837,-0.019032326203829362,-0.014319794093216941,0.12930201712168032,0.16009540580109832,0.25,0.5,0.5,0.1999999999999999,correction_completion,PT_violation_het10,1,200,78,2345323363,reference_fold_convolution_rf,,,,
PRE_SUBC,X2_k=-4,,,-4.0,reference_fold_pretrend,-0.03694199884121935,-0.03391015877489443,0.08238778005704865,-0.2031669323122831,-0.17103040339783085,0.08155526210126714,0.10800910100259072,0.332,0.664,0.664,0.018181818181818184,correction_completion,PT_violation_het10,1,200,78,2345323363,reference_fold_convolution_rf,,,,
PRE_SUBC,X2_k=-3,,,-3.0,reference_fold_pretrend,-0.023695997200410896,-0.01804347279541957,0.07580242690044132,-0.1838398077059507,-0.1427395453683375,0.0925140469015484,0.10936739968742795,0.398,0.796,0.796,0.012121212121212123,correction_completion,PT_violation_het10,1,200,78,2345323363,reference_fold_convolution_rf,,,,
PRE_SUBC,X2_k=-2,,,-2.0,reference_fold_pretrend,0.002508425599832917,0.0,0.06381022412200446,-0.1340227252896032,-0.09689247739947354,0.09959159847372685,0.11714993241312288,0.5353333333333333,1.0,1.0,0.0060606060606060615,correction_completion,PT_violation_het10,1,200,78,2345323363,reference_fold_convolution_rf,,,,
PRE_SUBC,X2_slope,,,,reference_fold_pretrend,0.011122111808903351,0.009743049954360778,0.029863258704091653,-0.0397697020430201,-0.03306167644884334,0.05805617566750082,0.07435455207603653,0.348,0.696,0.696,-0.0060606060606060615,correction_completion,PT_violation_het10,1,200,78,2345323363,reference_fold_convolution_rf,,,,
PRE,k=-4,,,-4.0,pretrend,-0.20513732647296803,-0.2053970803507052,0.18151986159066988,-0.5552626610492511,-0.497634343029566,0.08964981390074972,0.15119245597639783,0.126,0.252,0.252,0.022641509433962266,correction_completion,PT_violation_het20,1,200,62,990620359,raw_structured,,,,
PRE,k=-3,,,-3.0,pretrend,-0.1499080578660738,-0.15039135978644463,0.1693201985054268,-0.4734675565333879,-0.4207127021528844,0.13313129943277408,0.2005311974063897,0.18666666666666668,0.37333333333333335,0.37333333333333335,0.01509433962264151,correction_completion,PT_violation_het20,1,200,62,990620359,raw_structured,,,,
PRE,k=-2,,,-2.0,pretrend,-0.15295807399826736,-0.1573848580081053,0.1715744427644116,-0.46221897284997815,-0.41483264876126114,0.13918586710959321,0.19102715428738942,0.19866666666666666,0.3973333333333333,0.3973333333333333,0.007547169811320755,correction_completion,PT_violation_het20,1,200,62,990620359,raw_structured,,,,
PRE,slope,,,,pretrend,0.07629901208209422,0.07671600867130847,0.06721136581566027,-0.05946530972545932,-0.036212153031480204,0.1859853718626667,0.20620553847395148,0.12466666666666666,0.24933333333333332,0.24933333333333332,-0.007547169811320755,correction_completion,PT_violation_het20,1,200,62,990620359,raw_structured,,,,
PRE_SUB,X1=0_k=-4,,,-4.0,pretrend,0.27414209633379355,0.2661152089290617,0.23092658196647892,-0.1377184986926296,-0.07288201064639419,0.6675697736730157,0.7666325591604254,0.112,0.224,0.224,0.5999999999999996,correction_completion,PT_violation_het20,1,200,62,990620359,raw_structured,,,,
PRE_SUB,X1=0_k=-3,,,-3.0,pretrend,0.24013354011075747,0.24198872828672285,0.20499002030700367,-0.1258661339068964,-0.0638840158677528,0.5784715530114266,0.6514008701644775,0.146,0.292,0.292,0.3999999999999998,correction_completion,PT_violation_het20,1,200,62,990620359,raw_structured,,,,
PRE_SUB,X1=0_k=-2,,,-2.0,pretrend,0.2168440456699849,0.21289548013853615,0.20420639272967941,-0.13728688764127953,-0.07012081843829575,0.5755441558240721,0.6328828947119922,0.2,0.4,0.4,0.1999999999999999,correction_completion,PT_violation_het20,1,200,62,990620359,raw_structured,,,,
PRE_SUB,X1=1_k=-4,,,-4.0,pretrend,-0.7220072922449658,-0.7198505038554999,0.25514100608140977,-1.25715645402375,-1.1740955487702556,-0.32195820708271006,-0.2707365017119868,0.0013333333333333333,0.0026666666666666666,0.0026666666666666666,-0.5999999999999999,correction_completion,PT_violation_het20,1,200,62,990620359,raw_structured,,,,
PRE_SUB,X1=1_k=-3,,,-3.0,pretrend,-0.5705411537234408,-0.5644654938186526,0.21509510813001037,-0.9681481200160867,-0.918746918893368,-0.21863575616468778,-0.14312734598440893,0.008666666666666666,0.017333333333333333,0.017333333333333333,-0.3999999999999999,correction_completion,PT_violation_het20,1,200,62,990620359,raw_structured,,,,
PRE_SUB,X1=1_k=-2,,,-2.0,pretrend,-0.5517642814836373,-0.5532567575813027,0.2197308665708703,-0.9764918713043407,-0.9087043644403298,-0.1875942752709895,-0.09731335814436913,0.018,0.036,0.036,-0.19999999999999996,correction_completion,PT_violation_het20,1,200,62,990620359,raw_structured,,,,
PRE_SUB,X2=low_k=-4,,,-4.0,pretrend,-0.4094958585241349,-0.40679602271233717,0.20089665169668497,-0.8194326507750512,-0.7394756027722797,-0.0781380308892637,-0.031100095577597745,0.02,0.04,0.04,-0.22285714285714286,correction_completion,PT_violation_het20,1,200,62,990620359,raw_structured,,,,
PRE_SUB,X2=low_k=-3,,,-3.0,pretrend,-0.31607657843183495,-0.3199305879986953,0.18083300242263617,-0.6531454954590303,-0.6088914890384444,-0.0011726233741464723,0.05472814364211606,0.04933333333333333,0.09866666666666667,0.09866666666666667,-0.14857142857142858,correction_completion,PT_violation_het20,1,200,62,990620359,raw_structured,,,,
PRE_SUB,X2=low_k=-2,,,-2.0,pretrend,-0.3107510351884675,-0.317290524005995,0.18455362997836464,-0.6622306373508153,-0.5982029534971263,0.0034080779557935864,0.055704214940713766,0.06,0.12,0.12,-0.07428571428571429,correction_completion,PT_violation_het20,1,200,62,990620359,raw_structured,,,,
PRE_SUB,X2=high_k=-4,,,-4.0,pretrend,-0.12289316614474083,-0.11971255465702636,0.18679635251961682,-0.49185233271234763,-0.4168747720232808,0.184557663827175,0.24771651871894637,0.24866666666666667,0.49733333333333335,0.49733333333333335,0.13333333333333333,correction_completion,PT_violation_het20,1,200,62,990620359,raw_structured,,,,
PRE_SUB,X2=high_k=-3,,,-3.0,pretrend,-0.08405489453292064,-0.0822900691373137,0.1771066375202961,-0.41515529498948306,-0.3619654729817561,0.21591188292600863,0.26739608769501383,0.31866666666666665,0.6373333333333333,0.6373333333333333,0.08888888888888889,correction_completion,PT_violation_het20,1,200,62,990620359,raw_structured,,,,
PRE_SUB,X2=high_k=-2,,,-2.0,pretrend,-0.09033312855756181,-0.08884293783994023,0.17762110622153243,-0.4098674459478613,-0.35817679055989576,0.21401298723612536,0.2586406904470814,0.306,0.612,0.612,0.044444444444444446,correction_completion,PT_violation_het20,1,200,62,990620359,raw_structured,,,,
PRE_SUBC,X1_k=-4,,,-4.0,pretrend,-0.9961493885787593,-0.9621081033679206,0.3229712758729558,-1.70978282068511,-1.5990342197833656,-0.5392884492714032,-0.4682163032190302,0.0,0.0,0.0,-1.1999999999999995,correction_completion,PT_violation_het20,1,200,62,990620359,raw_structured,,,,
PRE_SUBC,X1_k=-3,,,-3.0,pretrend,-0.8106746938341984,-0.7875800480468932,0.248321849867217,-1.3036546019618147,-1.2231698632464927,-0.4438766734844696,-0.3723269529890986,0.005333333333333333,0.010666666666666666,0.010666666666666666,-0.7999999999999997,correction_completion,PT_violation_het20,1,200,62,990620359,raw_structured,,,,
PRE_SUBC,X1_k=-2,,,-2.0,pretrend,-0.7686083271536224,-0.7600266598614446,0.24860400296971535,-1.2537433994680254,-1.181121123202509,-0.38389602529930245,-0.2793810063233399,0.014,0.028,0.028,-0.39999999999999986,correction_completion,PT_violation_het20,1,200,62,990620359,raw_structured,,,,
PRE_SUBC,X1_slope,,,,pretrend,0.384171848611307,0.37737992328768805,0.10634380776967141,0.18636125384416857,0.2168871118013427,0.56868664362035,0.6119944476984752,0.0,0.0,0.0,0.39999999999999986,correction_completion,PT_violation_het20,1,200,62,990620359,raw_structured,,,,
PRE_SUBC,X2_k=-4,,,-4.0,pretrend,0.28660269237939406,0.28585822744293865,0.12453741267254653,0.04029306057911259,0.1152201699178116,0.4856782910162442,0.5221450262326525,0.023333333333333334,0.04666666666666667,0.04666666666666667,0.3561904761904762,correction_completion,PT_violation_het20,1,200,62,990620359,raw_structured,,,,
PRE_SUBC,X2_k=-3,,,-3.0,pretrend,0.23202168389891434,0.23659047833320873,0.1088191436794923,-0.02371842246787579,0.0959087645277863,0.37230244572236887,0.39557895968525314,0.03333333333333333,0.06666666666666667,0.06666666666666667,0.23746031746031748,correction_completion,PT_violation_het20,1,200,62,990620359,raw_structured,,,,
PRE_SUBC,X2_k=-2,,,-2.0,pretrend,0.2204179066309056,0.22955726786598166,0.1064957803721161,-0.013235682802434269,0.04967240418775809,0.3580487559342984,0.3814572525885843,0.03933333333333333,0.07866666666666666,0.07866666666666666,0.11873015873015874,correction_completion,PT_violation_het20,1,200,62,990620359,raw_structured,,,,
PRE_SUBC,X2_slope,,,,pretrend,-0.11030495368335119,-0.11275501032720403,0.04544077340118418,-0.18656076037273858,-0.1729620913307117,-0.04628692108920118,-0.00906897611545639,0.02266666666666667,0.04533333333333334,0.04533333333333334,-0.11873015873015874,correction_completion,PT_violation_het20,1,200,62,990620359,raw_structured,,,,
PRE,k=-4,,,-4.0,reference_fold_pretrend,-0.24297675589827464,-0.24180766802310522,0.1815740457494111,-0.6147109734696297,-0.5467851927393551,0.05152320638272431,0.09425042698887352,0.08533333333333333,0.17066666666666666,0.17066666666666666,0.022641509433962266,correction_completion,PT_violation_het20,1,200,62,990620359,reference_fold_convolution_rf,,,,
PRE,k=-3,,,-3.0,reference_fold_pretrend,-0.21871293082333285,-0.21661101249813072,0.16854809824286518,-0.5491700234619419,-0.5018803189758575,0.05178057084069212,0.09871867502126241,0.094,0.188,0.188,0.01509433962264151,correction_completion,PT_violation_het20,1,200,62,990620359,reference_fold_convolution_rf,,,,
PRE,k=-2,,,-2.0,reference_fold_pretrend,-0.20170292114033,-0.1987634442326475,0.16091868694836844,-0.5369994213723057,-0.4658519374893658,0.058869914614852144,0.10211178719605107,0.106,0.212,0.212,0.007547169811320755,correction_completion,PT_violation_het20,1,200,62,990620359,reference_fold_convolution_rf,,,,
PRE,slope,,,,reference_fold_pretrend,0.09771850360584426,0.09652434643435873,0.06764722566304267,-0.031125054317682532,-0.012172012118963951,0.2115999677794698,0.2344394177428027,0.07133333333333333,0.14266666666666666,0.14266666666666666,-0.007547169811320755,correction_completion,PT_violation_het20,1,200,62,990620359,reference_fold_convolution_rf,,,,
PRE_SUB,X1=0_k=-4,,,-4.0,reference_fold_pretrend,0.04585889968975667,0.04037917963959167,0.21591861083647743,-0.3645093278418378,-0.3054285906746852,0.4055169790374754,0.4783789130352046,0.4226666666666667,0.8453333333333334,0.8453333333333334,0.5999999999999996,correction_completion,PT_violation_het20,1,200,62,990620359,reference_fold_convolution_rf,,,,
PRE_SUB,X1=0_k=-3,,,-3.0,reference_fold_pretrend,0.04180580850909109,0.03144591939379088,0.19635032690919854,-0.31865698626293965,-0.2674481141867955,0.3799684592926119,0.44268683344250287,0.43733333333333335,0.8746666666666667,0.8746666666666667,0.3999999999999998,correction_completion,PT_violation_het20,1,200,62,990620359,reference_fold_convolution_rf,,,,
PRE_SUB,X1=0_k=-2,,,-2.0,reference_fold_pretrend,0.0183936446620651,0.0,0.17555273091892873,-0.3070506997441655,-0.2558696994096306,0.3350545152511976,0.3994556811991286,0.512,1.0,1.0,0.1999999999999999,correction_completion,PT_violation_het20,1,200,62,990620359,reference_fold_convolution_rf,,,,
PRE_SUB,X1=1_k=-4,,,-4.0,reference_fold_pretrend,-0.554466188395171,-0.5509785023385321,0.24639366504655313,-1.0522635081581346,-0.9690531758905113,-0.15628336367689416,-0.09952605155554034,0.01,0.02,0.02,-0.5999999999999999,correction_completion,PT_violation_het20,1,200,62,990620359,reference_fold_convolution_rf,,,,
PRE_SUB,X1=1_k=-3,,,-3.0,reference_fold_pretrend,-0.499664512456339,-0.49085164185967495,0.2376664516280449,-0.9721697941999534,-0.8975299612379734,-0.11739869358582425,-0.06801569275691129,0.012,0.024,0.024,-0.3999999999999999,correction_completion,PT_violation_het20,1,200,62,990620359,reference_fold_convolution_rf,,,,
PRE_SUB,X1=1_k=-2,,,-2.0,reference_fold_pretrend,-0.4390619626919326,-0.43312585125246084,0.24438738199744442,-0.9265984268826624,-0.8421607829984301,-0.04368738973157575,0.0,0.029333333333333333,0.058666666666666666,0.058666666666666666,-0.19999999999999996,correction_completion,PT_violation_het20,1,200,62,990620359,reference_fold_convolution_rf,,,,
PRE_SUB,X2=low_k=-4,,,-4.0,reference_fold_pretrend,-0.37158307914892136,-0.3740442381786131,0.20026611586481427,-0.7729950037795723,-0.7100065075507428,-0.04282676232437686,0.008442361558950652,0.028666666666666667,0.05733333333333333,0.05733333333333333,-0.22285714285714286,correction_completion,PT_violation_het20,1,200,62,990620359,reference_fold_convolution_rf,,,,
PRE_SUB,X2=low_k=-3,,,-3.0,reference_fold_pretrend,-0.34039847902428205,-0.3397298930795279,0.19010461292719857,-0.7236944051712098,-0.6621740694614133,-0.03449007489696736,0.02656952487117461,0.032,0.064,0.064,-0.14857142857142858,correction_completion,PT_violation_het20,1,200,62,990620359,reference_fold_convolution_rf,,,,
PRE_SUB,X2=low_k=-2,,,-2.0,reference_fold_pretrend,-0.30285007881044845,-0.2982338998547005,0.19078778872247973,-0.6888453771570936,-0.6273285447643407,0.0,0.040809591745856494,0.05733333333333333,0.11466666666666667,0.11466666666666667,-0.07428571428571429,correction_completion,PT_violation_het20,1,200,62,990620359,reference_fold_convolution_rf,,,,
PRE_SUB,X2=high_k=-4,,,-4.0,reference_fold_pretrend,-0.18229839614460547,-0.1787148844266842,0.1924297474414655,-0.5633364697452462,-0.5096700010190723,0.12841227382751103,0.18812184362210754,0.16733333333333333,0.33466666666666667,0.33466666666666667,0.13333333333333333,correction_completion,PT_violation_het20,1,200,62,990620359,reference_fold_convolution_rf,,,,
PRE_SUB,X2=high_k=-3,,,-3.0,reference_fold_pretrend,-0.17528426987241483,-0.17483971466749723,0.1782481854912491,-0.5317277018277761,-0.46832494415292064,0.11022873737285196,0.15586013253550027,0.16533333333333333,0.33066666666666666,0.33066666666666666,0.08888888888888889,correction_completion,PT_violation_het20,1,200,62,990620359,reference_fold_convolution_rf,,,,
PRE_SUB,X2=high_k=-2,,,-2.0,reference_fold_pretrend,-0.17306591802937427,-0.16481836295379015,0.16462039024716604,-0.5135658161208938,-0.45095759762137555,0.07942179370374654,0.14393219130451884,0.132,0.264,0.264,0.044444444444444446,correction_completion,PT_violation_het20,1,200,62,990620359,reference_fold_convolution_rf,,,,
PRE_SUBC,X1_k=-4,,,-4.0,reference_fold_pretrend,-0.6003250880849278,-0.6056502564781279,0.2860735041781628,-1.1708940577206475,-1.0655379090851407,-0.14804358881054946,-0.009473261503386723,0.015333333333333332,0.030666666666666665,0.030666666666666665,-1.1999999999999995,correction_completion,PT_violation_het20,1,200,62,990620359,reference_fold_convolution_rf,,,,
PRE_SUBC,X1_k=-3,,,-3.0,reference_fold_pretrend,-0.5414703209654301,-0.5428293542051503,0.27422157283508986,-1.0597404919168827,-0.9872188972146047,-0.017630435594902467,-0.0038916007471779873,0.016,0.032,0.032,-0.7999999999999997,correction_completion,PT_violation_het20,1,200,62,990620359,reference_fold_convolution_rf,,,,
PRE_SUBC,X1_k=-2,,,-2.0,reference_fold_pretrend,-0.45745560735399765,-0.4457284248440718,0.27465325979889643,-0.9828733987816732,-0.908479018413243,-0.0017954112332588261,0.001057592853183537,0.04066666666666666,0.08133333333333333,0.08133333333333333,-0.39999999999999986,correction_completion,PT_violation_het20,1,200,62,990620359,reference_fold_convolution_rf,,,,
PRE_SUBC,X1_slope,,,,reference_fold_pretrend,0.23866939382426008,0.2401858395895784,0.11500483874835546,0.00455792621104013,0.045789337038147734,0.4260992418891604,0.4535300536567212,0.012666666666666666,0.025333333333333333,0.025333333333333333,0.39999999999999986,correction_completion,PT_violation_het20,1,200,62,990620359,reference_fold_convolution_rf,,,,
PRE_SUBC,X2_k=-4,,,-4.0,reference_fold_pretrend,0.18928468300431595,0.2022730837010342,0.13488166188342413,-0.09024884770247285,-0.021147405020393573,0.3907112277669983,0.42886092952124655,0.07133333333333333,0.14266666666666666,0.14266666666666666,0.3561904761904762,correction_completion,PT_violation_het20,1,200,62,990620359,reference_fold_convolution_rf,,,,
PRE_SUBC,X2_k=-3,,,-3.0,reference_fold_pretrend,0.16511420915186723,0.18627944817665512,0.12663401994446816,-0.09895109732308954,-0.019489998767535016,0.3419236606601585,0.3804000588587835,0.07,0.14,0.14,0.23746031746031748,correction_completion,PT_violation_het20,1,200,62,990620359,reference_fold_convolution_rf,,,,
PRE_SUBC,X2_k=-2,,,-2.0,reference_fold_pretrend,0.12978416078107424,0.14484922327456293,0.12480999991933474,-0.13314392406182815,-0.03075569133195033,0.3092993837590198,0.3459469791093154,0.096,0.192,0.192,0.11873015873015874,correction_completion,PT_violation_het20,1,200,62,990620359,reference_fold_convolution_rf,,,,
PRE_SUBC,X2_slope,,,,reference_fold_pretrend,-0.07341904486412547,-0.07991031556161807,0.052740045829331464,-0.16304122536091625,-0.1472156964182068,0.005603843767437252,0.04217062102434074,0.06533333333333333,0.13066666666666665,0.13066666666666665,-0.11873015873015874,correction_completion,PT_violation_het20,1,200,62,990620359,reference_fold_convolution_rf,,,,
PRE,k=-4,,,-4.0,pretrend,-0.3265220966274682,-0.3270909085556516,0.17960213623126176,-0.680092812957162,-0.6188336728226872,-0.03966861683915818,0.030592117173967065,0.030666666666666665,0.06133333333333333,0.06133333333333333,-0.2181818181818182,correction_completion,PT_violation_het40,1,200,46,1362014907,raw_structured,,,,
PRE,k=-3,,,-3.0,pretrend,-0.338558813118302,-0.3376519495585467,0.18123425331606935,-0.6929864962606589,-0.6378504096945382,-0.05233143416049129,0.010790536162569562,0.028,0.056,0.056,-0.14545454545454548,correction_completion,PT_violation_het40,1,200,46,1362014907,raw_structured,,,,
PRE,k=-2,,,-2.0,pretrend,0.07725726076494034,0.06646193991766447,0.17879081300758898,-0.2756784855052344,-0.21196359809780205,0.36631130184615285,0.42073708783478775,0.38533333333333336,0.7706666666666667,0.7706666666666667,-0.07272727272727274,correction_completion,PT_violation_het40,1,200,46,1362014907,raw_structured,,,,
PRE,slope,,,,pretrend,0.11281618966814773,0.11290436028914999,0.06801925532388456,-0.02020961048966779,0.003789590415813325,0.2244908034368767,0.24915425363807045,0.04466666666666667,0.08933333333333333,0.08933333333333333,0.07272727272727274,correction_completion,PT_violation_het40,1,200,46,1362014907,raw_structured,,,,
PRE_SUB,X1=0_k=-4,,,-4.0,pretrend,0.6662200246794238,0.6671744193698952,0.2544170600790131,0.16569019506709867,0.2489365175950597,1.0823180448910814,1.1405248490942521,0.005333333333333333,0.010666666666666666,0.010666666666666666,1.2000000000000002,correction_completion,PT_violation_het40,1,200,46,1362014907,raw_structured,,,,
PRE_SUB,X1=0_k=-3,,,-3.0,pretrend,0.6262627279336922,0.6321139221962633,0.25465529041672463,0.10930267505669229,0.19355726838267806,1.0309349979623863,1.0947987043293732,0.009333333333333334,0.018666666666666668,0.018666666666666668,0.8000000000000002,correction_completion,PT_violation_het40,1,200,46,1362014907,raw_structured,,,,
PRE_SUB,X1=0_k=-2,,,-2.0,pretrend,0.40998575706569934,0.442862957428195,0.28546091724461337,-0.1033677310973543,0.0,0.8451306593037617,0.92270548973227,0.14466666666666667,0.28933333333333333,0.28933333333333333,0.4000000000000001,correction_completion,PT_violation_het40,1,200,46,1362014907,raw_structured,,,,
PRE_SUB,X1=1_k=-4,,,-4.0,pretrend,-1.0138051036860856,-1.0067113230790916,0.22513138506140945,-1.4718392691533952,-1.371139517365572,-0.6618275865922117,-0.58896265899888,0.0,0.0,0.0,-1.1999999999999995,correction_completion,PT_violation_het40,1,200,46,1362014907,raw_structured,,,,
PRE_SUB,X1=1_k=-3,,,-3.0,pretrend,-1.0065121876927594,-1.0043256517806165,0.225727195800349,-1.4511040075375183,-1.3664448972250192,-0.6465870698819915,-0.5804670661808344,0.0,0.0,0.0,-0.7999999999999997,correction_completion,PT_violation_het40,1,200,46,1362014907,raw_structured,,,,
PRE_SUB,X1=1_k=-2,,,-2.0,pretrend,-0.15309323667404665,-0.1226774274489228,0.22644694693587838,-0.6016739793996575,-0.5339880652688597,0.1999834643865898,0.2835712917119133,0.362,0.724,0.724,-0.39999999999999986,correction_completion,PT_violation_het40,1,200,46,1362014907,raw_structured,,,,
PRE_SUB,X2=low_k=-4,,,-4.0,pretrend,-0.42474877438861025,-0.4272271392756153,0.19820813169528723,-0.7931092034572896,-0.7392048229060613,-0.08617532389248007,-0.028601638081158592,0.02,0.04,0.04,-0.4551724137931035,correction_completion,PT_violation_het40,1,200,46,1362014907,raw_structured,,,,
PRE_SUB,X2=low_k=-3,,,-3.0,pretrend,-0.43474990819532133,-0.43517391397661975,0.19844852048269282,-0.806451375223673,-0.7478377012384798,-0.10537046760844622,-0.03631732385871515,0.014666666666666666,0.029333333333333333,0.029333333333333333,-0.303448275862069,correction_completion,PT_violation_het40,1,200,46,1362014907,raw_structured,,,,
PRE_SUB,X2=low_k=-2,,,-2.0,pretrend,0.0521064277562799,0.03414284593983287,0.18993193223934546,-0.3096304149461632,-0.2570304094121612,0.35647567410309655,0.42229856609317457,0.44266666666666665,0.8853333333333333,0.8853333333333333,-0.1517241379310345,correction_completion,PT_violation_het40,1,200,46,1362014907,raw_structured,,,,
PRE_SUB,X2=high_k=-4,,,-4.0,pretrend,-0.2494679593399131,-0.24941738359428056,0.18839896789318977,-0.6566566794763867,-0.5632339500397743,0.04111605685213277,0.10712180901601749,0.08466666666666667,0.16933333333333334,0.16933333333333334,-0.08000000000000002,correction_completion,PT_violation_het40,1,200,46,1362014907,raw_structured,,,,
PRE_SUB,X2=high_k=-3,,,-3.0,pretrend,-0.26306191249966815,-0.2573629202529141,0.19033825369273316,-0.6571344215926256,-0.5817100702359025,0.037707198310236806,0.09295425889561107,0.07333333333333333,0.14666666666666667,0.14666666666666667,-0.053333333333333344,correction_completion,PT_violation_het40,1,200,46,1362014907,raw_structured,,,,
PRE_SUB,X2=high_k=-2,,,-2.0,pretrend,0.09691516782168817,0.08462597387154824,0.1857685009526205,-0.2690283547534521,-0.19604780640050554,0.3960313557451976,0.44185569834214916,0.35333333333333333,0.7066666666666667,0.7066666666666667,-0.026666666666666672,correction_completion,PT_violation_het40,1,200,46,1362014907,raw_structured,,,,
PRE_SUBC,X1_k=-4,,,-4.0,pretrend,-1.6800251283655094,-1.6920508807844161,0.3162205139563987,-2.308404779331896,-2.2037141990322264,-1.1531772047522448,-1.0430260727756566,0.0,0.0,0.0,-2.4,correction_completion,PT_violation_het40,1,200,46,1362014907,raw_structured,,,,
PRE_SUBC,X1_k=-3,,,-3.0,pretrend,-1.6327749156264517,-1.6520252567105491,0.3137212884603507,-2.222490188952532,-2.1262275507622137,-1.0995211125430684,-1.0164158239853966,0.0,0.0,0.0,-1.5999999999999999,correction_completion,PT_violation_het40,1,200,46,1362014907,raw_structured,,,,
PRE_SUBC,X1_k=-2,,,-2.0,pretrend,-0.5630789937397459,-0.6309333280980449,0.36195767695971115,-1.1707436241682847,-1.0723652554554157,9.783840404509129e-17,4.163336342344337e-16,0.15866666666666668,0.31733333333333336,0.31733333333333336,-0.7999999999999999,correction_completion,PT_violation_het40,1,200,46,1362014907,raw_structured,,,,
PRE_SUBC,X1_slope,,,,pretrend,0.633478872149227,0.6437373904394426,0.12775215106325313,0.3726995295692426,0.4125796593339608,0.8354423028000603,0.8686817592717906,0.0,0.0,0.0,0.7999999999999999,correction_completion,PT_violation_het40,1,200,46,1362014907,raw_structured,,,,
PRE_SUBC,X2_k=-4,,,-4.0,pretrend,0.17528081504869714,0.21591999318913618,0.14068242996962677,-0.2872887070414968,-0.17656106231207797,0.2907935350233435,0.3054189719385706,0.09866666666666667,0.19733333333333333,0.19733333333333333,0.3751724137931035,correction_completion,PT_violation_het40,1,200,46,1362014907,raw_structured,,,,
PRE_SUBC,X2_k=-3,,,-3.0,pretrend,0.17168799569565318,0.21133502041766825,0.13781657057828278,-0.2872887070414968,-0.178926675779065,0.28192002817070627,0.2964317346525679,0.09733333333333333,0.19466666666666665,0.19466666666666665,0.2501149425287357,correction_completion,PT_violation_het40,1,200,46,1362014907,raw_structured,,,,
PRE_SUBC,X2_k=-2,,,-2.0,pretrend,0.04480874006540826,0.07721194815806491,0.11439623455784131,-0.3367753048800388,-0.20683777686023003,0.14059317792797868,0.15031709265649493,0.23866666666666667,0.47733333333333333,0.47733333333333333,0.12505747126436784,correction_completion,PT_violation_het40,1,200,46,1362014907,raw_structured,,,,
PRE_SUBC,X2_slope,,,,pretrend,-0.065287655471629,-0.08111631623172294,0.05591199525824311,-0.11513862243062022,-0.11055702545900527,0.0787772735673202,0.11376427764320955,0.09733333333333333,0.19466666666666665,0.19466666666666665,-0.12505747126436784,correction_completion,PT_violation_het40,1,200,46,1362014907,raw_structured,,,,
PRE,k=-4,,,-4.0,reference_fold_pretrend,-0.43550940129515203,-0.44021351909883577,0.18007273453893952,-0.8009217478191306,-0.7398876024044369,-0.14798787830900817,-0.07455285104893025,0.008666666666666666,0.017333333333333333,0.017333333333333333,-0.2181818181818182,correction_completion,PT_violation_het40,1,200,46,1362014907,reference_fold_convolution_rf,,,,
PRE,k=-3,,,-3.0,reference_fold_pretrend,-0.41727047420218855,-0.41739796387108663,0.17355883452183726,-0.7514678432949417,-0.6880982060642739,-0.142344133653724,-0.0722525248400958,0.009333333333333334,0.018666666666666668,0.018666666666666668,-0.14545454545454548,correction_completion,PT_violation_het40,1,200,46,1362014907,reference_fold_convolution_rf,,,,
PRE,k=-2,,,-2.0,reference_fold_pretrend,-0.0645446261250857,-0.06047543349431273,0.1546348356701128,-0.37515771708240153,-0.3149724500419526,0.190269517498054,0.24509060703211386,0.356,0.712,0.712,-0.07272727272727274,correction_completion,PT_violation_het40,1,200,46,1362014907,reference_fold_convolution_rf,,,,
PRE,slope,,,,reference_fold_pretrend,0.15754384131535135,0.15784102617488838,0.06582816324865103,0.028134028560136082,0.05054667991960579,0.2655353082683563,0.2877410694715602,0.009333333333333334,0.018666666666666668,0.018666666666666668,0.07272727272727274,correction_completion,PT_violation_het40,1,200,46,1362014907,reference_fold_convolution_rf,,,,
PRE_SUB,X1=0_k=-4,,,-4.0,reference_fold_pretrend,0.30389983957739475,0.30657156294689664,0.25623727099850063,-0.17959158774071668,-0.10418997676033187,0.7307210730258438,0.8044564972885918,0.12,0.24,0.24,1.2000000000000002,correction_completion,PT_violation_het40,1,200,46,1362014907,reference_fold_convolution_rf,,,,
PRE_SUB,X1=0_k=-3,,,-3.0,reference_fold_pretrend,0.25976013804053966,0.2577239256127623,0.2578514822962601,-0.20763129800637392,-0.14771268528756987,0.6966232685458599,0.7724315533313152,0.16133333333333333,0.32266666666666666,0.32266666666666666,0.8000000000000002,correction_completion,PT_violation_het40,1,200,46,1362014907,reference_fold_convolution_rf,,,,
PRE_SUB,X1=0_k=-2,,,-2.0,reference_fold_pretrend,0.14611075299644763,0.10552898644551392,0.22747919702460626,-0.2052828801598325,-0.1592172378064319,0.5819223661433852,0.6643486085519701,0.32466666666666666,0.6493333333333333,0.6493333333333333,0.4000000000000001,correction_completion,PT_violation_het40,1,200,46,1362014907,reference_fold_convolution_rf,,,,
PRE_SUB,X1=1_k=-4,,,-4.0,reference_fold_pretrend,-0.9474081065146074,-0.947174870231403,0.21653188068900753,-1.3806029824962995,-1.3004001401138308,-0.590523757767732,-0.5188196653967695,0.0,0.0,0.0,-1.1999999999999995,correction_completion,PT_violation_het40,1,200,46,1362014907,reference_fold_convolution_rf,,,,
PRE_SUB,X1=1_k=-3,,,-3.0,reference_fold_pretrend,-0.8859839749856157,-0.8875027453554378,0.2148922072231297,-1.2874979826748831,-1.2269825313163787,-0.533174363948032,-0.48015369614327197,0.0,0.0,0.0,-0.7999999999999997,correction_completion,PT_violation_het40,1,200,46,1362014907,reference_fold_convolution_rf,,,,
PRE_SUB,X1=1_k=-2,,,-2.0,reference_fold_pretrend,-0.2103829655169165,-0.19844176281409587,0.20013279952323945,-0.6352045343114885,-0.5502445133040409,0.07995069138720631,0.1537725967660247,0.166,0.332,0.332,-0.39999999999999986,correction_completion,PT_violation_het40,1,200,46,1362014907,reference_fold_convolution_rf,,,,
PRE_SUB,X2=low_k=-4,,,-4.0,reference_fold_pretrend,-0.5130994173745306,-0.5173453725740665,0.19572119920990216,-0.9055449130270998,-0.8186602979749253,-0.19472945044616474,-0.12098923491011931,0.004,0.008,0.008,-0.4551724137931035,correction_completion,PT_violation_het40,1,200,46,1362014907,reference_fold_convolution_rf,,,,
PRE_SUB,X2=low_k=-3,,,-3.0,reference_fold_pretrend,-0.485893341132734,-0.4915683360192114,0.19168981532145235,-0.8407354742610743,-0.7830060237263533,-0.15764567131686474,-0.08376130831118073,0.012666666666666666,0.025333333333333333,0.025333333333333333,-0.303448275862069,correction_completion,PT_violation_het40,1,200,46,1362014907,reference_fold_convolution_rf,,,,
PRE_SUB,X2=low_k=-2,,,-2.0,reference_fold_pretrend,-0.06318768251578098,-0.060237133733406285,0.16717796578709793,-0.38871790433102216,-0.3285754754773696,0.20788803716217427,0.28421574758306034,0.36533333333333334,0.7306666666666667,0.7306666666666667,-0.1517241379310345,correction_completion,PT_violation_het40,1,200,46,1362014907,reference_fold_convolution_rf,,,,
PRE_SUB,X2=high_k=-4,,,-4.0,reference_fold_pretrend,-0.3940956864552918,-0.3986068322144942,0.2008668970027088,-0.8090046187007817,-0.7341015280233041,-0.07647683057609707,-0.008662613469640115,0.022,0.044,0.044,-0.08000000000000002,correction_completion,PT_violation_het40,1,200,46,1362014907,reference_fold_convolution_rf,,,,
PRE_SUB,X2=high_k=-3,,,-3.0,reference_fold_pretrend,-0.38707128332175483,-0.3856797987311113,0.19489460503534123,-0.7717029621499879,-0.702812666078251,-0.07391576453418748,-0.014255043038057103,0.022,0.044,0.044,-0.053333333333333344,correction_completion,PT_violation_het40,1,200,46,1362014907,reference_fold_convolution_rf,,,,
PRE_SUB,X2=high_k=-2,,,-2.0,reference_fold_pretrend,-0.07229078737953776,-0.07807184518851175,0.1742883893030927,-0.4147743128878653,-0.35868395348092247,0.20850608991444017,0.2746196080862535,0.3433333333333333,0.6866666666666666,0.6866666666666666,-0.026666666666666672,correction_completion,PT_violation_het40,1,200,46,1362014907,reference_fold_convolution_rf,,,,
PRE_SUBC,X1_k=-4,,,-4.0,reference_fold_pretrend,-1.251307946092002,-1.243584960450825,0.30262849551076015,-1.8433153535508018,-1.7475222571970235,-0.7644218879222978,-0.664217326287304,0.0,0.0,0.0,-2.4,correction_completion,PT_violation_het40,1,200,46,1362014907,reference_fold_convolution_rf,,,,
PRE_SUBC,X1_k=-3,,,-3.0,reference_fold_pretrend,-1.1457441130261554,-1.1466740037597578,0.31747168609745074,-1.7215070128616756,-1.6494818336370352,-0.6034969957700492,-0.4648219533204503,0.0,0.0,0.0,-1.5999999999999999,correction_completion,PT_violation_het40,1,200,46,1362014907,reference_fold_convolution_rf,,,,
PRE_SUBC,X1_k=-2,,,-2.0,reference_fold_pretrend,-0.35649371851336414,-0.31662423088201397,0.29421321229765085,-1.0106877432437888,-0.8969139057629978,0.0,0.016510181591436066,0.084,0.168,0.168,-0.7999999999999999,correction_completion,PT_violation_het40,1,200,46,1362014907,reference_fold_convolution_rf,,,,
PRE_SUBC,X1_slope,,,,reference_fold_pretrend,0.45727898448869153,0.45518985081214003,0.11696143042608143,0.2375985762131955,0.2691172239367538,0.6491445907370422,0.6798235244407811,0.0,0.0,0.0,0.7999999999999999,correction_completion,PT_violation_het40,1,200,46,1362014907,reference_fold_convolution_rf,,,,
PRE_SUBC,X2_k=-4,,,-4.0,reference_fold_pretrend,0.11900373091923878,0.14963998634613773,0.17270055236893517,-0.2606510623166947,-0.2000747166705353,0.35679137734605715,0.3967139022699395,0.23133333333333334,0.46266666666666667,0.46266666666666667,0.3751724137931035,correction_completion,PT_violation_het40,1,200,46,1362014907,reference_fold_convolution_rf,,,,
PRE_SUBC,X2_k=-3,,,-3.0,reference_fold_pretrend,0.09882205781097923,0.13702366199293364,0.1733003932138895,-0.27859104122776646,-0.22720076546422888,0.33346566328395066,0.3744665777442689,0.2613333333333333,0.5226666666666666,0.5226666666666666,0.2501149425287357,correction_completion,PT_violation_het40,1,200,46,1362014907,reference_fold_convolution_rf,,,,
PRE_SUBC,X2_k=-2,,,-2.0,reference_fold_pretrend,-0.009103104863756777,0.010741937993816616,0.14603223740320917,-0.3801523385556127,-0.3139242859309824,0.1964190497666864,0.23084909500132633,0.456,0.912,0.912,0.12505747126436784,correction_completion,PT_violation_het40,1,200,46,1362014907,reference_fold_convolution_rf,,,,
PRE_SUBC,X2_slope,,,,reference_fold_pretrend,-0.03896801453685129,-0.05374685640196726,0.06801625724856838,-0.14610782341186773,-0.1311982269921769,0.09125087154346997,0.11503990742830757,0.252,0.504,0.504,-0.12505747126436784,correction_completion,PT_violation_het40,1,200,46,1362014907,reference_fold_convolution_rf,,,,
GATT,g=4_t=4,4.0,4.0,0.0,raw_structured,3.925745782262772,3.9235756569556828,0.1363817655262461,3.653390428283555,3.7001176940368046,4.1451809749253625,4.199402521172759,0.0,0.0,0.0,3.864310765572008,correction_completion,baseline,3,200,30,2597645474,raw_structured,,,,
GATT,g=4_t=5,4.0,5.0,1.0,raw_structured,3.9106908397536353,3.9100533298212388,0.12652694634102143,3.6621903097606614,3.6974354940610374,4.110890902294012,4.143853096112339,0.0,0.0,0.0,3.864310765572008,correction_completion,baseline,3,200,30,2597645474,raw_structured,,,,
GATT,g=4_t=6,4.0,6.0,2.0,raw_structured,3.941499714889881,3.942145662761919,0.1273317088835217,3.6966137241274346,3.730735271194383,4.153724479549842,4.191080301811171,0.0,0.0,0.0,3.864310765572008,correction_completion,baseline,3,200,30,2597645474,raw_structured,,,,
GATT,g=4_t=7,4.0,7.0,3.0,raw_structured,3.943067065112801,3.9428813081883543,0.1381528671439868,3.6797368932392485,3.720313088074712,4.169114448649665,4.21586553496579,0.0,0.0,0.0,3.864310765572008,correction_completion,baseline,3,200,30,2597645474,raw_structured,,,,
ES,k=0,,,0.0,raw_structured,3.925745782262772,3.9235756569556828,0.1363817655262461,3.653390428283555,3.7001176940368046,4.1451809749253625,4.199402521172759,0.0,0.0,0.0,3.864310765572008,correction_completion,baseline,3,200,30,2597645474,raw_structured,,,,
ES,k=1,,,1.0,raw_structured,3.9106908397536353,3.9100533298212388,0.12652694634102143,3.6621903097606614,3.6974354940610374,4.110890902294012,4.143853096112339,0.0,0.0,0.0,3.864310765572008,correction_completion,baseline,3,200,30,2597645474,raw_structured,,,,
ES,k=2,,,2.0,raw_structured,3.941499714889881,3.942145662761919,0.1273317088835217,3.6966137241274346,3.730735271194383,4.153724479549842,4.191080301811171,0.0,0.0,0.0,3.864310765572008,correction_completion,baseline,3,200,30,2597645474,raw_structured,,,,
ES,k=3,,,3.0,raw_structured,3.943067065112801,3.9428813081883543,0.1381528671439868,3.6797368932392485,3.720313088074712,4.169114448649665,4.21586553496579,0.0,0.0,0.0,3.864310765572008,correction_completion,baseline,3,200,30,2597645474,raw_structured,,,,
ATT,ATT,,,,raw_structured,3.930250850504771,3.932714208424398,0.11060109905460941,3.7181639338781807,3.741458297543495,4.108737666639513,4.148726851195334,0.0,0.0,0.0,3.864310765572008,correction_completion,baseline,3,200,30,2597645474,raw_structured,,,,
GATT,g=4_t=4,4.0,4.0,0.0,reference_fold_convolution,3.836589534177449,3.833263060676056,0.2672363260833378,3.310957200527788,3.3989077385722344,4.266054849800799,4.36759468692846,0.0,0.0,0.0,3.864310765572008,correction_completion,baseline,3,200,30,2597645474,reference_fold_convolution_rf,2.2877454604208927,40.234700634988094,,"{""0"": {""bar_pi"": 0.57, ""control_ess"": 40.234700634988094, ""fold_sizes"": [{""evaluation"": 100, ""fold"": 0, ""train"": 100}], ""global_fold_bb"": true, ""max_control_odds"": 1.5504020556505378, ""n_clipped"": 0, ""n_complement_units"": 100, ""n_eval_units"": 100, ""posterior_cache_key"": ""g=4_fold=0"", ""posterior_draws"": 1500, ""raw_max_control_odds"": 1.5504020556505378}, ""1"": {""bar_pi"": 0.47, ""control_ess"": 50.92841304427491, ""fold_sizes"": [{""evaluation"": 100, ""fold"": 0, ""train"": 100}], ""global_fold_bb"": true, ""max_control_odds"": 2.2877454604208927, ""n_clipped"": 0, ""n_complement_units"": 100, ""n_eval_units"": 100, ""posterior_cache_key"": ""g=4_fold=1"", ""posterior_draws"": 1500, ""raw_max_control_odds"": 2.2877454604208927}}"
GATT,g=4_t=5,4.0,5.0,1.0,reference_fold_convolution,3.755955875311696,3.764893186648632,0.2382390559385493,3.2882986544295094,3.3656251175120326,4.145875805263877,4.216401767073105,0.0,0.0,0.0,3.864310765572008,correction_completion,baseline,3,200,30,2597645474,reference_fold_convolution_rf,2.2877454604208927,40.234700634988094,,"{""0"": {""bar_pi"": 0.57, ""control_ess"": 40.234700634988094, ""fold_sizes"": [{""evaluation"": 100, ""fold"": 0, ""train"": 100}], ""global_fold_bb"": true, ""max_control_odds"": 1.5504020556505378, ""n_clipped"": 0, ""n_complement_units"": 100, ""n_eval_units"": 100, ""posterior_cache_key"": ""g=4_fold=0"", ""posterior_draws"": 1500, ""raw_max_control_odds"": 1.5504020556505378}, ""1"": {""bar_pi"": 0.47, ""control_ess"": 50.92841304427491, ""fold_sizes"": [{""evaluation"": 100, ""fold"": 0, ""train"": 100}], ""global_fold_bb"": true, ""max_control_odds"": 2.2877454604208927, ""n_clipped"": 0, ""n_complement_units"": 100, ""n_eval_units"": 100, ""posterior_cache_key"": ""g=4_fold=1"", ""posterior_draws"": 1500, ""raw_max_control_odds"": 2.2877454604208927}}"
GATT,g=4_t=6,4.0,6.0,2.0,reference_fold_convolution,4.1583328550020004,4.150930398773032,0.25913867324484857,3.6612813178611585,3.741643039166686,4.599953777567727,4.680276712064537,0.0,0.0,0.0,3.864310765572008,correction_completion,baseline,3,200,30,2597645474,reference_fold_convolution_rf,2.2877454604208927,40.234700634988094,,"{""0"": {""bar_pi"": 0.57, ""control_ess"": 40.234700634988094, ""fold_sizes"": [{""evaluation"": 100, ""fold"": 0, ""train"": 100}], ""global_fold_bb"": true, ""max_control_odds"": 1.5504020556505378, ""n_clipped"": 0, ""n_complement_units"": 100, ""n_eval_units"": 100, ""posterior_cache_key"": ""g=4_fold=0"", ""posterior_draws"": 1500, ""raw_max_control_odds"": 1.5504020556505378}, ""1"": {""bar_pi"": 0.47, ""control_ess"": 50.92841304427491, ""fold_sizes"": [{""evaluation"": 100, ""fold"": 0, ""train"": 100}], ""global_fold_bb"": true, ""max_control_odds"": 2.2877454604208927, ""n_clipped"": 0, ""n_complement_units"": 100, ""n_eval_units"": 100, ""posterior_cache_key"": ""g=4_fold=1"", ""posterior_draws"": 1500, ""raw_max_control_odds"": 2.2877454604208927}}"
GATT,g=4_t=7,4.0,7.0,3.0,reference_fold_convolution,4.043691610757842,4.036691422609435,0.26090766646034136,3.5327184311746818,3.626329216588532,4.484487439285334,4.589390812453949,0.0,0.0,0.0,3.864310765572008,correction_completion,baseline,3,200,30,2597645474,reference_fold_convolution_rf,2.2877454604208927,40.234700634988094,,"{""0"": {""bar_pi"": 0.57, ""control_ess"": 40.234700634988094, ""fold_sizes"": [{""evaluation"": 100, ""fold"": 0, ""train"": 100}], ""global_fold_bb"": true, ""max_control_odds"": 1.5504020556505378, ""n_clipped"": 0, ""n_complement_units"": 100, ""n_eval_units"": 100, ""posterior_cache_key"": ""g=4_fold=0"", ""posterior_draws"": 1500, ""raw_max_control_odds"": 1.5504020556505378}, ""1"": {""bar_pi"": 0.47, ""control_ess"": 50.92841304427491, ""fold_sizes"": [{""evaluation"": 100, ""fold"": 0, ""train"": 100}], ""global_fold_bb"": true, ""max_control_odds"": 2.2877454604208927, ""n_clipped"": 0, ""n_complement_units"": 100, ""n_eval_units"": 100, ""posterior_cache_key"": ""g=4_fold=1"", ""posterior_draws"": 1500, ""raw_max_control_odds"": 2.2877454604208927}}"
ES,k=0,,,0.0,reference_fold_convolution,3.836589534177449,3.833263060676056,0.2672363260833378,3.310957200527788,3.3989077385722344,4.266054849800799,4.36759468692846,0.0,0.0,0.0,3.864310765572008,correction_completion,baseline,3,200,30,2597645474,reference_fold_convolution_rf,,,,{}
ES,k=1,,,1.0,reference_fold_convolution,3.755955875311696,3.764893186648632,0.2382390559385493,3.2882986544295094,3.3656251175120326,4.145875805263877,4.216401767073105,0.0,0.0,0.0,3.864310765572008,correction_completion,baseline,3,200,30,2597645474,reference_fold_convolution_rf,,,,{}
ES,k=2,,,2.0,reference_fold_convolution,4.1583328550020004,4.150930398773032,0.25913867324484857,3.6612813178611585,3.741643039166686,4.599953777567727,4.680276712064537,0.0,0.0,0.0,3.864310765572008,correction_completion,baseline,3,200,30,2597645474,reference_fold_convolution_rf,,,,{}
ES,k=3,,,3.0,reference_fold_convolution,4.043691610757842,4.036691422609435,0.26090766646034136,3.5327184311746818,3.626329216588532,4.484487439285334,4.589390812453949,0.0,0.0,0.0,3.864310765572008,correction_completion,baseline,3,200,30,2597645474,reference_fold_convolution_rf,,,,{}
ATT,ATT,,,,reference_fold_convolution,3.9486424688122472,3.943067604266301,0.20769105702741586,3.5432243352001036,3.603600830250993,4.292235007696938,4.3569109586383,0.0,0.0,0.0,3.864310765572008,correction_completion,baseline,3,200,30,2597645474,reference_fold_convolution_rf,,,,{}
GATT,g=4_t=4,4.0,4.0,0.0,raw_structured,3.764707658055908,3.7557375048913704,0.2857799121676942,3.213739979218615,3.282449356629553,4.252059562645339,4.355476986397617,0.0,0.0,0.0,3.861833970711784,correction_completion,baseline_sweep,2,50,14,2662912314,raw_structured,,,,
GATT,g=4_t=5,4.0,5.0,1.0,raw_structured,3.669490364575459,3.6694431144349013,0.2634494372374768,3.1489914434929194,3.234738079268574,4.090989794683353,4.175597009566761,0.0,0.0,0.0,3.861833970711784,correction_completion,baseline_sweep,2,50,14,2662912314,raw_structured,,,,
GATT,g=4_t=6,4.0,6.0,2.0,raw_structured,3.6385900999169842,3.638864164080628,0.2667558106216327,3.1102556419484824,3.193313524650396,4.07140364650481,4.150573631807708,0.0,0.0,0.0,3.861833970711784,correction_completion,baseline_sweep,2,50,14,2662912314,raw_structured,,,,
GATT,g=4_t=7,4.0,7.0,3.0,raw_structured,3.601706797122201,3.6032399107587407,0.28368268188416185,3.0524366840279833,3.128459683907494,4.070411754021465,4.157275202884279,0.0,0.0,0.0,3.861833970711784,correction_completion,baseline_sweep,2,50,14,2662912314,raw_structured,,,,
ES,k=0,,,0.0,raw_structured,3.764707658055908,3.7557375048913704,0.2857799121676942,3.213739979218615,3.282449356629553,4.252059562645339,4.355476986397617,0.0,0.0,0.0,3.861833970711784,correction_completion,baseline_sweep,2,50,14,2662912314,raw_structured,,,,
ES,k=1,,,1.0,raw_structured,3.669490364575459,3.6694431144349013,0.2634494372374768,3.1489914434929194,3.234738079268574,4.090989794683353,4.175597009566761,0.0,0.0,0.0,3.861833970711784,correction_completion,baseline_sweep,2,50,14,2662912314,raw_structured,,,,
ES,k=2,,,2.0,raw_structured,3.6385900999169842,3.638864164080628,0.2667558106216327,3.1102556419484824,3.193313524650396,4.07140364650481,4.150573631807708,0.0,0.0,0.0,3.861833970711784,correction_completion,baseline_sweep,2,50,14,2662912314,raw_structured,,,,
ES,k=3,,,3.0,raw_structured,3.601706797122201,3.6032399107587407,0.28368268188416185,3.0524366840279833,3.128459683907494,4.070411754021465,4.157275202884279,0.0,0.0,0.0,3.861833970711784,correction_completion,baseline_sweep,2,50,14,2662912314,raw_structured,,,,
ATT,ATT,,,,raw_structured,3.668623729917638,3.6663734250415656,0.23702401129867692,3.1924141957814425,3.262721928989556,4.054700984101571,4.133396127956574,0.0,0.0,0.0,3.8618339707117832,correction_completion,baseline_sweep,2,50,14,2662912314,raw_structured,,,,
GATT,g=4_t=4,4.0,4.0,0.0,reference_fold_convolution,3.9591470041438024,3.9765596186100005,0.4332785860640196,3.1320161128648922,3.2414299173561436,4.649020622642536,4.787699226614448,0.0,0.0,0.0,3.861833970711784,correction_completion,baseline_sweep,2,50,14,2662912314,reference_fold_convolution_rf,0.6938930024253464,14.9999139298164,,"{""0"": {""bar_pi"": 0.4, ""control_ess"": 14.9999139298164, ""fold_sizes"": [{""evaluation"": 25, ""fold"": 0, ""train"": 25}], ""global_fold_bb"": true, ""max_control_odds"": 0.5781582892764143, ""n_clipped"": 0, ""n_complement_units"": 25, ""n_eval_units"": 25, ""posterior_cache_key"": ""g=4_fold=0"", ""posterior_draws"": 1500, ""raw_max_control_odds"": 0.5781582892764143}, ""1"": {""bar_pi"": 0.36, ""control_ess"": 15.99969976428354, ""fold_sizes"": [{""evaluation"": 25, ""fold"": 0, ""train"": 25}], ""global_fold_bb"": true, ""max_control_odds"": 0.6938930024253464, ""n_clipped"": 0, ""n_complement_units"": 25, ""n_eval_units"": 25, ""posterior_cache_key"": ""g=4_fold=1"", ""posterior_draws"": 1500, ""raw_max_control_odds"": 0.6938930024253464}}"
GATT,g=4_t=5,4.0,5.0,1.0,reference_fold_convolution,3.4632503112313766,3.4713150144857794,0.43151325444327765,2.6015646661619174,2.7664546498092917,4.164473865505218,4.284382795771157,0.0,0.0,0.0,3.861833970711784,correction_completion,baseline_sweep,2,50,14,2662912314,reference_fold_convolution_rf,0.6938930024253464,14.9999139298164,,"{""0"": {""bar_pi"": 0.4, ""control_ess"": 14.9999139298164, ""fold_sizes"": [{""evaluation"": 25, ""fold"": 0, ""train"": 25}], ""global_fold_bb"": true, ""max_control_odds"": 0.5781582892764143, ""n_clipped"": 0, ""n_complement_units"": 25, ""n_eval_units"": 25, ""posterior_cache_key"": ""g=4_fold=0"", ""posterior_draws"": 1500, ""raw_max_control_odds"": 0.5781582892764143}, ""1"": {""bar_pi"": 0.36, ""control_ess"": 15.99969976428354, ""fold_sizes"": [{""evaluation"": 25, ""fold"": 0, ""train"": 25}], ""global_fold_bb"": true, ""max_control_odds"": 0.6938930024253464, ""n_clipped"": 0, ""n_complement_units"": 25, ""n_eval_units"": 25, ""posterior_cache_key"": ""g=4_fold=1"", ""posterior_draws"": 1500, ""raw_max_control_odds"": 0.6938930024253464}}"
GATT,g=4_t=6,4.0,6.0,2.0,reference_fold_convolution,3.6832894939483958,3.682678006491539,0.4593416099465498,2.7659681844951662,2.929585125854531,4.448929044881896,4.575689988628276,0.0,0.0,0.0,3.861833970711784,correction_completion,baseline_sweep,2,50,14,2662912314,reference_fold_convolution_rf,0.6938930024253464,14.9999139298164,,"{""0"": {""bar_pi"": 0.4, ""control_ess"": 14.9999139298164, ""fold_sizes"": [{""evaluation"": 25, ""fold"": 0, ""train"": 25}], ""global_fold_bb"": true, ""max_control_odds"": 0.5781582892764143, ""n_clipped"": 0, ""n_complement_units"": 25, ""n_eval_units"": 25, ""posterior_cache_key"": ""g=4_fold=0"", ""posterior_draws"": 1500, ""raw_max_control_odds"": 0.5781582892764143}, ""1"": {""bar_pi"": 0.36, ""control_ess"": 15.99969976428354, ""fold_sizes"": [{""evaluation"": 25, ""fold"": 0, ""train"": 25}], ""global_fold_bb"": true, ""max_control_odds"": 0.6938930024253464, ""n_clipped"": 0, ""n_complement_units"": 25, ""n_eval_units"": 25, ""posterior_cache_key"": ""g=4_fold=1"", ""posterior_draws"": 1500, ""raw_max_control_odds"": 0.6938930024253464}}"
GATT,g=4_t=7,4.0,7.0,3.0,reference_fold_convolution,3.4542949553226934,3.459683806370733,0.4457715253227669,2.595230341857346,2.7291600395330318,4.147460836617484,4.322199802082455,0.0,0.0,0.0,3.861833970711784,correction_completion,baseline_sweep,2,50,14,2662912314,reference_fold_convolution_rf,0.6938930024253464,14.9999139298164,,"{""0"": {""bar_pi"": 0.4, ""control_ess"": 14.9999139298164, ""fold_sizes"": [{""evaluation"": 25, ""fold"": 0, ""train"": 25}], ""global_fold_bb"": true, ""max_control_odds"": 0.5781582892764143, ""n_clipped"": 0, ""n_complement_units"": 25, ""n_eval_units"": 25, ""posterior_cache_key"": ""g=4_fold=0"", ""posterior_draws"": 1500, ""raw_max_control_odds"": 0.5781582892764143}, ""1"": {""bar_pi"": 0.36, ""control_ess"": 15.99969976428354, ""fold_sizes"": [{""evaluation"": 25, ""fold"": 0, ""train"": 25}], ""global_fold_bb"": true, ""max_control_odds"": 0.6938930024253464, ""n_clipped"": 0, ""n_complement_units"": 25, ""n_eval_units"": 25, ""posterior_cache_key"": ""g=4_fold=1"", ""posterior_draws"": 1500, ""raw_max_control_odds"": 0.6938930024253464}}"
ES,k=0,,,0.0,reference_fold_convolution,3.9591470041438024,3.9765596186100005,0.4332785860640196,3.1320161128648922,3.2414299173561436,4.649020622642536,4.787699226614448,0.0,0.0,0.0,3.861833970711784,correction_completion,baseline_sweep,2,50,14,2662912314,reference_fold_convolution_rf,,,,{}
ES,k=1,,,1.0,reference_fold_convolution,3.4632503112313766,3.4713150144857794,0.43151325444327765,2.6015646661619174,2.7664546498092917,4.164473865505218,4.284382795771157,0.0,0.0,0.0,3.861833970711784,correction_completion,baseline_sweep,2,50,14,2662912314,reference_fold_convolution_rf,,,,{}
ES,k=2,,,2.0,reference_fold_convolution,3.6832894939483958,3.682678006491539,0.4593416099465498,2.7659681844951662,2.929585125854531,4.448929044881896,4.575689988628276,0.0,0.0,0.0,3.861833970711784,correction_completion,baseline_sweep,2,50,14,2662912314,reference_fold_convolution_rf,,,,{}
ES,k=3,,,3.0,reference_fold_convolution,3.4542949553226934,3.459683806370733,0.4457715253227669,2.595230341857346,2.7291600395330318,4.147460836617484,4.322199802082455,0.0,0.0,0.0,3.861833970711784,correction_completion,baseline_sweep,2,50,14,2662912314,reference_fold_convolution_rf,,,,{}
ATT,ATT,,,,reference_fold_convolution,3.639995441161567,3.6559331006583724,0.3588544517644786,2.915909985975073,3.022727234146619,4.185342417370319,4.329176956046311,0.0,0.0,0.0,3.8618339707117832,correction_completion,baseline_sweep,2,50,14,2662912314,reference_fold_convolution_rf,,,,{}
GATT,g=4_t=4,4.0,4.0,0.0,raw_structured,3.938040284579069,3.9486651089337688,0.2763152843766186,3.380069230938724,3.479710653973048,4.3699250901950215,4.473587397633971,0.0,0.0,0.0,3.5068929370025783,correction_completion,baseline_sweep_d3,3,50,98,3859681208,raw_structured,,,,
GATT,g=4_t=5,4.0,5.0,1.0,raw_structured,3.9867442956884735,3.9914097928579118,0.26222541315517955,3.461886208658049,3.548494062540537,4.393751247405129,4.4719289667573685,0.0,0.0,0.0,3.5068929370025783,correction_completion,baseline_sweep_d3,3,50,98,3859681208,raw_structured,,,,
GATT,g=4_t=6,4.0,6.0,2.0,raw_structured,4.117403049449698,4.118099942518995,0.2726788575358751,3.5791567566492697,3.6624008898292995,4.561741341898187,4.661336662559978,0.0,0.0,0.0,3.5068929370025783,correction_completion,baseline_sweep_d3,3,50,98,3859681208,raw_structured,,,,
GATT,g=4_t=7,4.0,7.0,3.0,raw_structured,4.193742986549702,4.197269114933222,0.2938346492822296,3.634585438949398,3.7211844028069985,4.677639295827923,4.7752189415852815,0.0,0.0,0.0,3.5068929370025783,correction_completion,baseline_sweep_d3,3,50,98,3859681208,raw_structured,,,,
ES,k=0,,,0.0,raw_structured,3.938040284579069,3.9486651089337688,0.2763152843766186,3.380069230938724,3.479710653973048,4.3699250901950215,4.473587397633971,0.0,0.0,0.0,3.5068929370025783,correction_completion,baseline_sweep_d3,3,50,98,3859681208,raw_structured,,,,
ES,k=1,,,1.0,raw_structured,3.9867442956884735,3.9914097928579118,0.26222541315517955,3.461886208658049,3.548494062540537,4.393751247405129,4.4719289667573685,0.0,0.0,0.0,3.5068929370025783,correction_completion,baseline_sweep_d3,3,50,98,3859681208,raw_structured,,,,
ES,k=2,,,2.0,raw_structured,4.117403049449698,4.118099942518995,0.2726788575358751,3.5791567566492697,3.6624008898292995,4.561741341898187,4.661336662559978,0.0,0.0,0.0,3.5068929370025783,correction_completion,baseline_sweep_d3,3,50,98,3859681208,raw_structured,,,,
ES,k=3,,,3.0,raw_structured,4.193742986549702,4.197269114933222,0.2938346492822296,3.634585438949398,3.7211844028069985,4.677639295827923,4.7752189415852815,0.0,0.0,0.0,3.5068929370025783,correction_completion,baseline_sweep_d3,3,50,98,3859681208,raw_structured,,,,
ATT,ATT,,,,raw_structured,4.058982654066736,4.066698803377684,0.23138434239737585,3.5991147975253437,3.6674891214587055,4.420361089988534,4.4916228386597705,0.0,0.0,0.0,3.506892937002578,correction_completion,baseline_sweep_d3,3,50,98,3859681208,raw_structured,,,,
GATT,g=4_t=4,4.0,4.0,0.0,reference_fold_convolution,3.5673617195158105,3.5791843394908547,0.5452830075577575,2.4678665276990244,2.7357855692326716,4.393389036420183,4.576684312501376,0.0013333333333333333,0.0026666666666666666,0.0026666666666666666,3.5068929370025783,correction_completion,baseline_sweep_d3,3,50,98,3859681208,reference_fold_convolution_rf,1.5594581823909306,9.999945130511188,,"{""0"": {""bar_pi"": 0.44, ""control_ess"": 13.999978992883602, ""fold_sizes"": [{""evaluation"": 25, ""fold"": 0, ""train"": 25}], ""global_fold_bb"": true, ""max_control_odds"": 1.5594581823909306, ""n_clipped"": 0, ""n_complement_units"": 25, ""n_eval_units"": 25, ""posterior_cache_key"": ""g=4_fold=0"", ""posterior_draws"": 1500, ""raw_max_control_odds"": 1.5594581823909306}, ""1"": {""bar_pi"": 0.6, ""control_ess"": 9.999945130511188, ""fold_sizes"": [{""evaluation"": 25, ""fold"": 0, ""train"": 25}], ""global_fold_bb"": true, ""max_control_odds"": 0.7803057104446881, ""n_clipped"": 0, ""n_complement_units"": 25, ""n_eval_units"": 25, ""posterior_cache_key"": ""g=4_fold=1"", ""posterior_draws"": 1500, ""raw_max_control_odds"": 0.7803057104446881}}"
GATT,g=4_t=5,4.0,5.0,1.0,reference_fold_convolution,2.94146828169103,2.9900705551483764,0.5967730884878166,1.5863335516252608,1.932833838115795,3.8165661555610697,4.001821610270463,0.0,0.0,0.0,3.5068929370025783,correction_completion,baseline_sweep_d3,3,50,98,3859681208,reference_fold_convolution_rf,1.5594581823909306,9.999945130511188,,"{""0"": {""bar_pi"": 0.44, ""control_ess"": 13.999978992883602, ""fold_sizes"": [{""evaluation"": 25, ""fold"": 0, ""train"": 25}], ""global_fold_bb"": true, ""max_control_odds"": 1.5594581823909306, ""n_clipped"": 0, ""n_complement_units"": 25, ""n_eval_units"": 25, ""posterior_cache_key"": ""g=4_fold=0"", ""posterior_draws"": 1500, ""raw_max_control_odds"": 1.5594581823909306}, ""1"": {""bar_pi"": 0.6, ""control_ess"": 9.999945130511188, ""fold_sizes"": [{""evaluation"": 25, ""fold"": 0, ""train"": 25}], ""global_fold_bb"": true, ""max_control_odds"": 0.7803057104446881, ""n_clipped"": 0, ""n_complement_units"": 25, ""n_eval_units"": 25, ""posterior_cache_key"": ""g=4_fold=1"", ""posterior_draws"": 1500, ""raw_max_control_odds"": 0.7803057104446881}}"
GATT,g=4_t=6,4.0,6.0,2.0,reference_fold_convolution,3.7101380753420536,3.7096290608896747,0.5999312212258098,2.52085685222701,2.761118766173355,4.653751840867213,4.867469668085528,0.0,0.0,0.0,3.5068929370025783,correction_completion,baseline_sweep_d3,3,50,98,3859681208,reference_fold_convolution_rf,1.5594581823909306,9.999945130511188,,"{""0"": {""bar_pi"": 0.44, ""control_ess"": 13.999978992883602, ""fold_sizes"": [{""evaluation"": 25, ""fold"": 0, ""train"": 25}], ""global_fold_bb"": true, ""max_control_odds"": 1.5594581823909306, ""n_clipped"": 0, ""n_complement_units"": 25, ""n_eval_units"": 25, ""posterior_cache_key"": ""g=4_fold=0"", ""posterior_draws"": 1500, ""raw_max_control_odds"": 1.5594581823909306}, ""1"": {""bar_pi"": 0.6, ""control_ess"": 9.999945130511188, ""fold_sizes"": [{""evaluation"": 25, ""fold"": 0, ""train"": 25}], ""global_fold_bb"": true, ""max_control_odds"": 0.7803057104446881, ""n_clipped"": 0, ""n_complement_units"": 25, ""n_eval_units"": 25, ""posterior_cache_key"": ""g=4_fold=1"", ""posterior_draws"": 1500, ""raw_max_control_odds"": 0.7803057104446881}}"
GATT,g=4_t=7,4.0,7.0,3.0,reference_fold_convolution,3.523340940766781,3.5500907762672997,0.6488982803206454,2.114621980680967,2.504607580571958,4.467091097090862,4.629012936558889,0.0013333333333333333,0.0026666666666666666,0.0026666666666666666,3.5068929370025783,correction_completion,baseline_sweep_d3,3,50,98,3859681208,reference_fold_convolution_rf,1.5594581823909306,9.999945130511188,,"{""0"": {""bar_pi"": 0.44, ""control_ess"": 13.999978992883602, ""fold_sizes"": [{""evaluation"": 25, ""fold"": 0, ""train"": 25}], ""global_fold_bb"": true, ""max_control_odds"": 1.5594581823909306, ""n_clipped"": 0, ""n_complement_units"": 25, ""n_eval_units"": 25, ""posterior_cache_key"": ""g=4_fold=0"", ""posterior_draws"": 1500, ""raw_max_control_odds"": 1.5594581823909306}, ""1"": {""bar_pi"": 0.6, ""control_ess"": 9.999945130511188, ""fold_sizes"": [{""evaluation"": 25, ""fold"": 0, ""train"": 25}], ""global_fold_bb"": true, ""max_control_odds"": 0.7803057104446881, ""n_clipped"": 0, ""n_complement_units"": 25, ""n_eval_units"": 25, ""posterior_cache_key"": ""g=4_fold=1"", ""posterior_draws"": 1500, ""raw_max_control_odds"": 0.7803057104446881}}"
ES,k=0,,,0.0,reference_fold_convolution,3.5673617195158105,3.5791843394908547,0.5452830075577575,2.4678665276990244,2.7357855692326716,4.393389036420183,4.576684312501376,0.0013333333333333333,0.0026666666666666666,0.0026666666666666666,3.5068929370025783,correction_completion,baseline_sweep_d3,3,50,98,3859681208,reference_fold_convolution_rf,,,,{}
ES,k=1,,,1.0,reference_fold_convolution,2.94146828169103,2.9900705551483764,0.5967730884878166,1.5863335516252608,1.932833838115795,3.8165661555610697,4.001821610270463,0.0,0.0,0.0,3.5068929370025783,correction_completion,baseline_sweep_d3,3,50,98,3859681208,reference_fold_convolution_rf,,,,{}
ES,k=2,,,2.0,reference_fold_convolution,3.7101380753420536,3.7096290608896747,0.5999312212258098,2.52085685222701,2.761118766173355,4.653751840867213,4.867469668085528,0.0,0.0,0.0,3.5068929370025783,correction_completion,baseline_sweep_d3,3,50,98,3859681208,reference_fold_convolution_rf,,,,{}
ES,k=3,,,3.0,reference_fold_convolution,3.523340940766781,3.5500907762672997,0.6488982803206454,2.114621980680967,2.504607580571958,4.467091097090862,4.629012936558889,0.0013333333333333333,0.0026666666666666666,0.0026666666666666666,3.5068929370025783,correction_completion,baseline_sweep_d3,3,50,98,3859681208,reference_fold_convolution_rf,,,,{}
ATT,ATT,,,,reference_fold_convolution,3.435577254328919,3.4514195024715155,0.461702887494942,2.4815144326792073,2.7110497489334917,4.118117070906316,4.264556084563713,0.0,0.0,0.0,3.506892937002578,correction_completion,baseline_sweep_d3,3,50,98,3859681208,reference_fold_convolution_rf,,,,{}
GATT,g=4_t=4,4.0,4.0,0.0,raw_structured,-0.20623848073748868,-0.20493545560619736,0.13378739418674634,-0.47612789374724085,-0.4208720637804356,0.011763324566811577,0.04246838907657995,0.062,0.124,0.124,0.0,correction_completion,null,3,200,82,1952994536,raw_structured,,,,
GATT,g=4_t=5,4.0,5.0,1.0,raw_structured,-0.17552694663395801,-0.17327557598869342,0.12450473158872041,-0.41951705813572504,-0.3811414540718635,0.02568391093715328,0.06362681736828178,0.07666666666666666,0.15333333333333332,0.15333333333333332,0.0,correction_completion,null,3,200,82,1952994536,raw_structured,,,,
GATT,g=4_t=6,4.0,6.0,2.0,raw_structured,-0.11431625375888621,-0.11721496077307951,0.12678766833981003,-0.3586237907551417,-0.3179398791816201,0.09497872273167673,0.14292230153584123,0.17533333333333334,0.3506666666666667,0.3506666666666667,0.0,correction_completion,null,3,200,82,1952994536,raw_structured,,,,
GATT,g=4_t=7,4.0,7.0,3.0,raw_structured,-0.09745237766449857,-0.10178931205337619,0.1362607518299786,-0.36643840127544175,-0.31024939254485234,0.13429494827889324,0.18001165265916233,0.23133333333333334,0.46266666666666667,0.46266666666666667,0.0,correction_completion,null,3,200,82,1952994536,raw_structured,,,,
ES,k=0,,,0.0,raw_structured,-0.20623848073748868,-0.20493545560619736,0.13378739418674634,-0.47612789374724085,-0.4208720637804356,0.011763324566811577,0.04246838907657995,0.062,0.124,0.124,0.0,correction_completion,null,3,200,82,1952994536,raw_structured,,,,
ES,k=1,,,1.0,raw_structured,-0.17552694663395801,-0.17327557598869342,0.12450473158872041,-0.41951705813572504,-0.3811414540718635,0.02568391093715328,0.06362681736828178,0.07666666666666666,0.15333333333333332,0.15333333333333332,0.0,correction_completion,null,3,200,82,1952994536,raw_structured,,,,
ES,k=2,,,2.0,raw_structured,-0.11431625375888621,-0.11721496077307951,0.12678766833981003,-0.3586237907551417,-0.3179398791816201,0.09497872273167673,0.14292230153584123,0.17533333333333334,0.3506666666666667,0.3506666666666667,0.0,correction_completion,null,3,200,82,1952994536,raw_structured,,,,
ES,k=3,,,3.0,raw_structured,-0.09745237766449857,-0.10178931205337619,0.1362607518299786,-0.36643840127544175,-0.31024939254485234,0.13429494827889324,0.18001165265916233,0.23133333333333334,0.46266666666666667,0.46266666666666667,0.0,correction_completion,null,3,200,82,1952994536,raw_structured,,,,
ATT,ATT,,,,raw_structured,-0.1483835146987079,-0.150774919022709,0.1051832113353837,-0.35040444059260767,-0.3170215659414238,0.02302846294792518,0.050685496494310714,0.08733333333333333,0.17466666666666666,0.17466666666666666,0.0,correction_completion,null,3,200,82,1952994536,raw_structured,,,,
GATT,g=4_t=4,4.0,4.0,0.0,reference_fold_convolution,-0.07777751868754253,-0.07742709615066071,0.1975590433288542,-0.47317131049583555,-0.41054060873733,0.24243644379156984,0.30434072916001687,0.3433333333333333,0.6866666666666666,0.6866666666666666,0.0,correction_completion,null,3,200,82,1952994536,reference_fold_convolution_rf,2.8305739946866906,39.76337803897623,,"{""0"": {""bar_pi"": 0.55, ""control_ess"": 39.76337803897623, ""fold_sizes"": [{""evaluation"": 100, ""fold"": 0, ""train"": 100}], ""global_fold_bb"": true, ""max_control_odds"": 2.0947145848341027, ""n_clipped"": 0, ""n_complement_units"": 100, ""n_eval_units"": 100, ""posterior_cache_key"": ""g=4_fold=0"", ""posterior_draws"": 1500, ""raw_max_control_odds"": 2.0947145848341027}, ""1"": {""bar_pi"": 0.51, ""control_ess"": 42.49264654916256, ""fold_sizes"": [{""evaluation"": 100, ""fold"": 0, ""train"": 100}], ""global_fold_bb"": true, ""max_control_odds"": 2.8305739946866906, ""n_clipped"": 0, ""n_complement_units"": 100, ""n_eval_units"": 100, ""posterior_cache_key"": ""g=4_fold=1"", ""posterior_draws"": 1500, ""raw_max_control_odds"": 2.8305739946866906}}"
GATT,g=4_t=5,4.0,5.0,1.0,reference_fold_convolution,-0.04864051351205932,-0.047889585266364804,0.21206682494714219,-0.4589638330916051,-0.3992523078813401,0.29584212701571405,0.35969262353671905,0.408,0.816,0.816,0.0,correction_completion,null,3,200,82,1952994536,reference_fold_convolution_rf,2.8305739946866906,39.76337803897623,,"{""0"": {""bar_pi"": 0.55, ""control_ess"": 39.76337803897623, ""fold_sizes"": [{""evaluation"": 100, ""fold"": 0, ""train"": 100}], ""global_fold_bb"": true, ""max_control_odds"": 2.0947145848341027, ""n_clipped"": 0, ""n_complement_units"": 100, ""n_eval_units"": 100, ""posterior_cache_key"": ""g=4_fold=0"", ""posterior_draws"": 1500, ""raw_max_control_odds"": 2.0947145848341027}, ""1"": {""bar_pi"": 0.51, ""control_ess"": 42.49264654916256, ""fold_sizes"": [{""evaluation"": 100, ""fold"": 0, ""train"": 100}], ""global_fold_bb"": true, ""max_control_odds"": 2.8305739946866906, ""n_clipped"": 0, ""n_complement_units"": 100, ""n_eval_units"": 100, ""posterior_cache_key"": ""g=4_fold=1"", ""posterior_draws"": 1500, ""raw_max_control_odds"": 2.8305739946866906}}"
GATT,g=4_t=6,4.0,6.0,2.0,reference_fold_convolution,0.06553968330733995,0.06299751015076388,0.21353343144509163,-0.3514598782678452,-0.284129254790326,0.4190925390940573,0.4857418508785471,0.38266666666666665,0.7653333333333333,0.7653333333333333,0.0,correction_completion,null,3,200,82,1952994536,reference_fold_convolution_rf,2.8305739946866906,39.76337803897623,,"{""0"": {""bar_pi"": 0.55, ""control_ess"": 39.76337803897623, ""fold_sizes"": [{""evaluation"": 100, ""fold"": 0, ""train"": 100}], ""global_fold_bb"": true, ""max_control_odds"": 2.0947145848341027, ""n_clipped"": 0, ""n_complement_units"": 100, ""n_eval_units"": 100, ""posterior_cache_key"": ""g=4_fold=0"", ""posterior_draws"": 1500, ""raw_max_control_odds"": 2.0947145848341027}, ""1"": {""bar_pi"": 0.51, ""control_ess"": 42.49264654916256, ""fold_sizes"": [{""evaluation"": 100, ""fold"": 0, ""train"": 100}], ""global_fold_bb"": true, ""max_control_odds"": 2.8305739946866906, ""n_clipped"": 0, ""n_complement_units"": 100, ""n_eval_units"": 100, ""posterior_cache_key"": ""g=4_fold=1"", ""posterior_draws"": 1500, ""raw_max_control_odds"": 2.8305739946866906}}"
GATT,g=4_t=7,4.0,7.0,3.0,reference_fold_convolution,0.048789819719247694,0.05336428690822552,0.21637959355863498,-0.3957323471678288,-0.3153083622658698,0.39247518324504044,0.4895744235126287,0.3933333333333333,0.7866666666666666,0.7866666666666666,0.0,correction_completion,null,3,200,82,1952994536,reference_fold_convolution_rf,2.8305739946866906,39.76337803897623,,"{""0"": {""bar_pi"": 0.55, ""control_ess"": 39.76337803897623, ""fold_sizes"": [{""evaluation"": 100, ""fold"": 0, ""train"": 100}], ""global_fold_bb"": true, ""max_control_odds"": 2.0947145848341027, ""n_clipped"": 0, ""n_complement_units"": 100, ""n_eval_units"": 100, ""posterior_cache_key"": ""g=4_fold=0"", ""posterior_draws"": 1500, ""raw_max_control_odds"": 2.0947145848341027}, ""1"": {""bar_pi"": 0.51, ""control_ess"": 42.49264654916256, ""fold_sizes"": [{""evaluation"": 100, ""fold"": 0, ""train"": 100}], ""global_fold_bb"": true, ""max_control_odds"": 2.8305739946866906, ""n_clipped"": 0, ""n_complement_units"": 100, ""n_eval_units"": 100, ""posterior_cache_key"": ""g=4_fold=1"", ""posterior_draws"": 1500, ""raw_max_control_odds"": 2.8305739946866906}}"
ES,k=0,,,0.0,reference_fold_convolution,-0.07777751868754253,-0.07742709615066071,0.1975590433288542,-0.47317131049583555,-0.41054060873733,0.24243644379156984,0.30434072916001687,0.3433333333333333,0.6866666666666666,0.6866666666666666,0.0,correction_completion,null,3,200,82,1952994536,reference_fold_convolution_rf,,,,{}
ES,k=1,,,1.0,reference_fold_convolution,-0.04864051351205932,-0.047889585266364804,0.21206682494714219,-0.4589638330916051,-0.3992523078813401,0.29584212701571405,0.35969262353671905,0.408,0.816,0.816,0.0,correction_completion,null,3,200,82,1952994536,reference_fold_convolution_rf,,,,{}
ES,k=2,,,2.0,reference_fold_convolution,0.06553968330733995,0.06299751015076388,0.21353343144509163,-0.3514598782678452,-0.284129254790326,0.4190925390940573,0.4857418508785471,0.38266666666666665,0.7653333333333333,0.7653333333333333,0.0,correction_completion,null,3,200,82,1952994536,reference_fold_convolution_rf,,,,{}
ES,k=3,,,3.0,reference_fold_convolution,0.048789819719247694,0.05336428690822552,0.21637959355863498,-0.3957323471678288,-0.3153083622658698,0.39247518324504044,0.4895744235126287,0.3933333333333333,0.7866666666666666,0.7866666666666666,0.0,correction_completion,null,3,200,82,1952994536,reference_fold_convolution_rf,,,,{}
ATT,ATT,,,,reference_fold_convolution,-0.003022132293253552,0.0003919143416311081,0.15875270529826419,-0.3137250824826849,-0.27054723066418,0.26812940844655797,0.31555794635079,0.49866666666666665,0.9973333333333333,0.9973333333333333,0.0,correction_completion,null,3,200,82,1952994536,reference_fold_convolution_rf,,,,{}
GATT,g=4_t=4,4.0,4.0,0.0,raw_structured,3.9427982913906843,3.9351039569971165,0.1599586007380108,3.6447946124532264,3.69312884439857,4.204598169827917,4.27687165351329,0.0,0.0,0.0,3.7426055808234215,correction_completion,selection_both,3,200,66,2847788368,raw_structured,,,,
GATT,g=4_t=5,4.0,5.0,1.0,raw_structured,3.8712108425010374,3.8750215407612383,0.1498129589415454,3.5640246457824434,3.621748905740948,4.114969400890267,4.158221993084218,0.0,0.0,0.0,3.7426055808234215,correction_completion,selection_both,3,200,66,2847788368,raw_structured,,,,
GATT,g=4_t=6,4.0,6.0,2.0,raw_structured,3.9116653058200925,3.905077586950912,0.1443552488102434,3.6338088957226335,3.6892400602379944,4.156521953436096,4.206208024393158,0.0,0.0,0.0,3.7426055808234215,correction_completion,selection_both,3,200,66,2847788368,raw_structured,,,,
GATT,g=4_t=7,4.0,7.0,3.0,raw_structured,3.926519522205262,3.918541826641132,0.1586593706488839,3.62024677827524,3.6783217032526387,4.192192960231173,4.255184398236407,0.0,0.0,0.0,3.7426055808234215,correction_completion,selection_both,3,200,66,2847788368,raw_structured,,,,
ES,k=0,,,0.0,raw_structured,3.9427982913906843,3.9351039569971165,0.1599586007380108,3.6447946124532264,3.69312884439857,4.204598169827917,4.27687165351329,0.0,0.0,0.0,3.7426055808234215,correction_completion,selection_both,3,200,66,2847788368,raw_structured,,,,
ES,k=1,,,1.0,raw_structured,3.8712108425010374,3.8750215407612383,0.1498129589415454,3.5640246457824434,3.621748905740948,4.114969400890267,4.158221993084218,0.0,0.0,0.0,3.7426055808234215,correction_completion,selection_both,3,200,66,2847788368,raw_structured,,,,
ES,k=2,,,2.0,raw_structured,3.9116653058200925,3.905077586950912,0.1443552488102434,3.6338088957226335,3.6892400602379944,4.156521953436096,4.206208024393158,0.0,0.0,0.0,3.7426055808234215,correction_completion,selection_both,3,200,66,2847788368,raw_structured,,,,
ES,k=3,,,3.0,raw_structured,3.926519522205262,3.918541826641132,0.1586593706488839,3.62024677827524,3.6783217032526387,4.192192960231173,4.255184398236407,0.0,0.0,0.0,3.7426055808234215,correction_completion,selection_both,3,200,66,2847788368,raw_structured,,,,
ATT,ATT,,,,raw_structured,3.9130484904792695,3.912455686887416,0.12671550152342476,3.6707215800201465,3.7064342314539607,4.1261093117174825,4.1658321651341925,0.0,0.0,0.0,3.742605580823421,correction_completion,selection_both,3,200,66,2847788368,raw_structured,,,,
GATT,g=4_t=4,4.0,4.0,0.0,reference_fold_convolution,4.067695427244145,4.062757195703242,0.23085007815858813,3.6209854012758136,3.6932946762106376,4.446100270805385,4.530671716578845,0.0,0.0,0.0,3.7426055808234215,correction_completion,selection_both,3,200,66,2847788368,reference_fold_convolution_rf,3.1733242441818827,32.17262751978413,,"{""0"": {""bar_pi"": 0.52, ""control_ess"": 36.462562554603586, ""fold_sizes"": [{""evaluation"": 100, ""fold"": 0, ""train"": 100}], ""global_fold_bb"": true, ""max_control_odds"": 2.2847309711870207, ""n_clipped"": 0, ""n_complement_units"": 100, ""n_eval_units"": 100, ""posterior_cache_key"": ""g=4_fold=0"", ""posterior_draws"": 1500, ""raw_max_control_odds"": 2.2847309711870207}, ""1"": {""bar_pi"": 0.51, ""control_ess"": 32.17262751978413, ""fold_sizes"": [{""evaluation"": 100, ""fold"": 0, ""train"": 100}], ""global_fold_bb"": true, ""max_control_odds"": 3.1733242441818827, ""n_clipped"": 0, ""n_complement_units"": 100, ""n_eval_units"": 100, ""posterior_cache_key"": ""g=4_fold=1"", ""posterior_draws"": 1500, ""raw_max_control_odds"": 3.1733242441818827}}"
GATT,g=4_t=5,4.0,5.0,1.0,reference_fold_convolution,3.606008690825,3.6101077847932856,0.24314320884974044,3.106241824517308,3.1987418748253584,3.9897761001062757,4.069953941572565,0.0,0.0,0.0,3.7426055808234215,correction_completion,selection_both,3,200,66,2847788368,reference_fold_convolution_rf,3.1733242441818827,32.17262751978413,,"{""0"": {""bar_pi"": 0.52, ""control_ess"": 36.462562554603586, ""fold_sizes"": [{""evaluation"": 100, ""fold"": 0, ""train"": 100}], ""global_fold_bb"": true, ""max_control_odds"": 2.2847309711870207, ""n_clipped"": 0, ""n_complement_units"": 100, ""n_eval_units"": 100, ""posterior_cache_key"": ""g=4_fold=0"", ""posterior_draws"": 1500, ""raw_max_control_odds"": 2.2847309711870207}, ""1"": {""bar_pi"": 0.51, ""control_ess"": 32.17262751978413, ""fold_sizes"": [{""evaluation"": 100, ""fold"": 0, ""train"": 100}], ""global_fold_bb"": true, ""max_control_odds"": 3.1733242441818827, ""n_clipped"": 0, ""n_complement_units"": 100, ""n_eval_units"": 100, ""posterior_cache_key"": ""g=4_fold=1"", ""posterior_draws"": 1500, ""raw_max_control_odds"": 3.1733242441818827}}"
GATT,g=4_t=6,4.0,6.0,2.0,reference_fold_convolution,4.120507720464646,4.120595712299066,0.2345570049481259,3.6509420107189987,3.73576761322038,4.501133999975077,4.584148685931821,0.0,0.0,0.0,3.7426055808234215,correction_completion,selection_both,3,200,66,2847788368,reference_fold_convolution_rf,3.1733242441818827,32.17262751978413,,"{""0"": {""bar_pi"": 0.52, ""control_ess"": 36.462562554603586, ""fold_sizes"": [{""evaluation"": 100, ""fold"": 0, ""train"": 100}], ""global_fold_bb"": true, ""max_control_odds"": 2.2847309711870207, ""n_clipped"": 0, ""n_complement_units"": 100, ""n_eval_units"": 100, ""posterior_cache_key"": ""g=4_fold=0"", ""posterior_draws"": 1500, ""raw_max_control_odds"": 2.2847309711870207}, ""1"": {""bar_pi"": 0.51, ""control_ess"": 32.17262751978413, ""fold_sizes"": [{""evaluation"": 100, ""fold"": 0, ""train"": 100}], ""global_fold_bb"": true, ""max_control_odds"": 3.1733242441818827, ""n_clipped"": 0, ""n_complement_units"": 100, ""n_eval_units"": 100, ""posterior_cache_key"": ""g=4_fold=1"", ""posterior_draws"": 1500, ""raw_max_control_odds"": 3.1733242441818827}}"
GATT,g=4_t=7,4.0,7.0,3.0,reference_fold_convolution,3.9354036173741593,3.941018986851871,0.24906011378566895,3.418950630161432,3.512989155208891,4.336769754119623,4.391996712877307,0.0,0.0,0.0,3.7426055808234215,correction_completion,selection_both,3,200,66,2847788368,reference_fold_convolution_rf,3.1733242441818827,32.17262751978413,,"{""0"": {""bar_pi"": 0.52, ""control_ess"": 36.462562554603586, ""fold_sizes"": [{""evaluation"": 100, ""fold"": 0, ""train"": 100}], ""global_fold_bb"": true, ""max_control_odds"": 2.2847309711870207, ""n_clipped"": 0, ""n_complement_units"": 100, ""n_eval_units"": 100, ""posterior_cache_key"": ""g=4_fold=0"", ""posterior_draws"": 1500, ""raw_max_control_odds"": 2.2847309711870207}, ""1"": {""bar_pi"": 0.51, ""control_ess"": 32.17262751978413, ""fold_sizes"": [{""evaluation"": 100, ""fold"": 0, ""train"": 100}], ""global_fold_bb"": true, ""max_control_odds"": 3.1733242441818827, ""n_clipped"": 0, ""n_complement_units"": 100, ""n_eval_units"": 100, ""posterior_cache_key"": ""g=4_fold=1"", ""posterior_draws"": 1500, ""raw_max_control_odds"": 3.1733242441818827}}"
ES,k=0,,,0.0,reference_fold_convolution,4.067695427244145,4.062757195703242,0.23085007815858813,3.6209854012758136,3.6932946762106376,4.446100270805385,4.530671716578845,0.0,0.0,0.0,3.7426055808234215,correction_completion,selection_both,3,200,66,2847788368,reference_fold_convolution_rf,,,,{}
ES,k=1,,,1.0,reference_fold_convolution,3.606008690825,3.6101077847932856,0.24314320884974044,3.106241824517308,3.1987418748253584,3.9897761001062757,4.069953941572565,0.0,0.0,0.0,3.7426055808234215,correction_completion,selection_both,3,200,66,2847788368,reference_fold_convolution_rf,,,,{}
ES,k=2,,,2.0,reference_fold_convolution,4.120507720464646,4.120595712299066,0.2345570049481259,3.6509420107189987,3.73576761322038,4.501133999975077,4.584148685931821,0.0,0.0,0.0,3.7426055808234215,correction_completion,selection_both,3,200,66,2847788368,reference_fold_convolution_rf,,,,{}
ES,k=3,,,3.0,reference_fold_convolution,3.9354036173741593,3.941018986851871,0.24906011378566895,3.418950630161432,3.512989155208891,4.336769754119623,4.391996712877307,0.0,0.0,0.0,3.7426055808234215,correction_completion,selection_both,3,200,66,2847788368,reference_fold_convolution_rf,,,,{}
ATT,ATT,,,,reference_fold_convolution,3.9324038639769885,3.936340370848682,0.19627834198729593,3.5438555798241063,3.610247355990341,4.251382588363667,4.317084412103303,0.0,0.0,0.0,3.742605580823421,correction_completion,selection_both,3,200,66,2847788368,reference_fold_convolution_rf,,,,{}
GATT,g=4_t=4,4.0,4.0,0.0,raw_structured,3.986000415208395,3.987431928481085,0.12147671163995787,3.750322829193172,3.791864676301572,4.188824072820426,4.231129840364864,0.0,0.0,0.0,3.990612064430539,correction_completion,serial,3,200,50,1144414691,raw_structured,,,,
GATT,g=4_t=5,4.0,5.0,1.0,raw_structured,4.0139043136429695,4.0099380649782,0.11527931095826105,3.799091389825463,3.822542100925883,4.2112378990794985,4.249251850982711,0.0,0.0,0.0,3.990612064430539,correction_completion,serial,3,200,50,1144414691,raw_structured,,,,
GATT,g=4_t=6,4.0,6.0,2.0,raw_structured,3.9985581648819037,3.999659479615148,0.11794149979964827,3.7769700527014494,3.810448530772039,4.201341404148921,4.233091345526783,0.0,0.0,0.0,3.990612064430539,correction_completion,serial,3,200,50,1144414691,raw_structured,,,,
GATT,g=4_t=7,4.0,7.0,3.0,raw_structured,3.912584592063134,3.9144090966892557,0.13420161672733974,3.6445580563233944,3.6806264530378514,4.121136008430209,4.154154774210808,0.0,0.0,0.0,3.990612064430539,correction_completion,serial,3,200,50,1144414691,raw_structured,,,,
ES,k=0,,,0.0,raw_structured,3.986000415208395,3.987431928481085,0.12147671163995787,3.750322829193172,3.791864676301572,4.188824072820426,4.231129840364864,0.0,0.0,0.0,3.990612064430539,correction_completion,serial,3,200,50,1144414691,raw_structured,,,,
ES,k=1,,,1.0,raw_structured,4.0139043136429695,4.0099380649782,0.11527931095826105,3.799091389825463,3.822542100925883,4.2112378990794985,4.249251850982711,0.0,0.0,0.0,3.990612064430539,correction_completion,serial,3,200,50,1144414691,raw_structured,,,,
ES,k=2,,,2.0,raw_structured,3.9985581648819037,3.999659479615148,0.11794149979964827,3.7769700527014494,3.810448530772039,4.201341404148921,4.233091345526783,0.0,0.0,0.0,3.990612064430539,correction_completion,serial,3,200,50,1144414691,raw_structured,,,,
ES,k=3,,,3.0,raw_structured,3.912584592063134,3.9144090966892557,0.13420161672733974,3.6445580563233944,3.6806264530378514,4.121136008430209,4.154154774210808,0.0,0.0,0.0,3.990612064430539,correction_completion,serial,3,200,50,1144414691,raw_structured,,,,
ATT,ATT,,,,raw_structured,3.9777618714491,3.9728074739412955,0.10001256677464225,3.785933588052142,3.8165529973574226,4.147283833227399,4.172851451667657,0.0,0.0,0.0,3.9906120644305383,correction_completion,serial,3,200,50,1144414691,raw_structured,,,,
GATT,g=4_t=4,4.0,4.0,0.0,reference_fold_convolution,3.9080247002825343,3.911737307607843,0.1793915747876867,3.5577742459151485,3.6209656187640964,4.182957436323434,4.2443449540007965,0.0,0.0,0.0,3.990612064430539,correction_completion,serial,3,200,50,1144414691,reference_fold_convolution_rf,2.1646882753042873,43.854817318541656,,"{""0"": {""bar_pi"": 0.46, ""control_ess"": 47.5895138305523, ""fold_sizes"": [{""evaluation"": 100, ""fold"": 0, ""train"": 100}], ""global_fold_bb"": true, ""max_control_odds"": 2.1646882753042873, ""n_clipped"": 0, ""n_complement_units"": 100, ""n_eval_units"": 100, ""posterior_cache_key"": ""g=4_fold=0"", ""posterior_draws"": 1500, ""raw_max_control_odds"": 2.1646882753042873}, ""1"": {""bar_pi"": 0.5, ""control_ess"": 43.854817318541656, ""fold_sizes"": [{""evaluation"": 100, ""fold"": 0, ""train"": 100}], ""global_fold_bb"": true, ""max_control_odds"": 1.9662140677847122, ""n_clipped"": 0, ""n_complement_units"": 100, ""n_eval_units"": 100, ""posterior_cache_key"": ""g=4_fold=1"", ""posterior_draws"": 1500, ""raw_max_control_odds"": 1.9662140677847122}}"
GATT,g=4_t=5,4.0,5.0,1.0,reference_fold_convolution,4.235003952739416,4.232891793096403,0.20531262453831683,3.8390478936139827,3.90464010249511,4.575129793754629,4.6387086966939455,0.0,0.0,0.0,3.990612064430539,correction_completion,serial,3,200,50,1144414691,reference_fold_convolution_rf,2.1646882753042873,43.854817318541656,,"{""0"": {""bar_pi"": 0.46, ""control_ess"": 47.5895138305523, ""fold_sizes"": [{""evaluation"": 100, ""fold"": 0, ""train"": 100}], ""global_fold_bb"": true, ""max_control_odds"": 2.1646882753042873, ""n_clipped"": 0, ""n_complement_units"": 100, ""n_eval_units"": 100, ""posterior_cache_key"": ""g=4_fold=0"", ""posterior_draws"": 1500, ""raw_max_control_odds"": 2.1646882753042873}, ""1"": {""bar_pi"": 0.5, ""control_ess"": 43.854817318541656, ""fold_sizes"": [{""evaluation"": 100, ""fold"": 0, ""train"": 100}], ""global_fold_bb"": true, ""max_control_odds"": 1.9662140677847122, ""n_clipped"": 0, ""n_complement_units"": 100, ""n_eval_units"": 100, ""posterior_cache_key"": ""g=4_fold=1"", ""posterior_draws"": 1500, ""raw_max_control_odds"": 1.9662140677847122}}"
GATT,g=4_t=6,4.0,6.0,2.0,reference_fold_convolution,4.322956709200962,4.3205921120552375,0.20340814680014488,3.912238069272479,3.9930817930285745,4.652222285133168,4.708378292739014,0.0,0.0,0.0,3.990612064430539,correction_completion,serial,3,200,50,1144414691,reference_fold_convolution_rf,2.1646882753042873,43.854817318541656,,"{""0"": {""bar_pi"": 0.46, ""control_ess"": 47.5895138305523, ""fold_sizes"": [{""evaluation"": 100, ""fold"": 0, ""train"": 100}], ""global_fold_bb"": true, ""max_control_odds"": 2.1646882753042873, ""n_clipped"": 0, ""n_complement_units"": 100, ""n_eval_units"": 100, ""posterior_cache_key"": ""g=4_fold=0"", ""posterior_draws"": 1500, ""raw_max_control_odds"": 2.1646882753042873}, ""1"": {""bar_pi"": 0.5, ""control_ess"": 43.854817318541656, ""fold_sizes"": [{""evaluation"": 100, ""fold"": 0, ""train"": 100}], ""global_fold_bb"": true, ""max_control_odds"": 1.9662140677847122, ""n_clipped"": 0, ""n_complement_units"": 100, ""n_eval_units"": 100, ""posterior_cache_key"": ""g=4_fold=1"", ""posterior_draws"": 1500, ""raw_max_control_odds"": 1.9662140677847122}}"
GATT,g=4_t=7,4.0,7.0,3.0,reference_fold_convolution,4.091053527259199,4.093591737783307,0.22060633014661826,3.6393831507413394,3.7303176129883355,4.43848961211394,4.514134808335385,0.0,0.0,0.0,3.990612064430539,correction_completion,serial,3,200,50,1144414691,reference_fold_convolution_rf,2.1646882753042873,43.854817318541656,,"{""0"": {""bar_pi"": 0.46, ""control_ess"": 47.5895138305523, ""fold_sizes"": [{""evaluation"": 100, ""fold"": 0, ""train"": 100}], ""global_fold_bb"": true, ""max_control_odds"": 2.1646882753042873, ""n_clipped"": 0, ""n_complement_units"": 100, ""n_eval_units"": 100, ""posterior_cache_key"": ""g=4_fold=0"", ""posterior_draws"": 1500, ""raw_max_control_odds"": 2.1646882753042873}, ""1"": {""bar_pi"": 0.5, ""control_ess"": 43.854817318541656, ""fold_sizes"": [{""evaluation"": 100, ""fold"": 0, ""train"": 100}], ""global_fold_bb"": true, ""max_control_odds"": 1.9662140677847122, ""n_clipped"": 0, ""n_complement_units"": 100, ""n_eval_units"": 100, ""posterior_cache_key"": ""g=4_fold=1"", ""posterior_draws"": 1500, ""raw_max_control_odds"": 1.9662140677847122}}"
ES,k=0,,,0.0,reference_fold_convolution,3.9080247002825343,3.911737307607843,0.1793915747876867,3.5577742459151485,3.6209656187640964,4.182957436323434,4.2443449540007965,0.0,0.0,0.0,3.990612064430539,correction_completion,serial,3,200,50,1144414691,reference_fold_convolution_rf,,,,{}
ES,k=1,,,1.0,reference_fold_convolution,4.235003952739416,4.232891793096403,0.20531262453831683,3.8390478936139827,3.90464010249511,4.575129793754629,4.6387086966939455,0.0,0.0,0.0,3.990612064430539,correction_completion,serial,3,200,50,1144414691,reference_fold_convolution_rf,,,,{}
ES,k=2,,,2.0,reference_fold_convolution,4.322956709200962,4.3205921120552375,0.20340814680014488,3.912238069272479,3.9930817930285745,4.652222285133168,4.708378292739014,0.0,0.0,0.0,3.990612064430539,correction_completion,serial,3,200,50,1144414691,reference_fold_convolution_rf,,,,{}
ES,k=3,,,3.0,reference_fold_convolution,4.091053527259199,4.093591737783307,0.22060633014661826,3.6393831507413394,3.7303176129883355,4.43848961211394,4.514134808335385,0.0,0.0,0.0,3.990612064430539,correction_completion,serial,3,200,50,1144414691,reference_fold_convolution_rf,,,,{}
ATT,ATT,,,,reference_fold_convolution,4.139259722370528,4.145669717326276,0.17253615772541894,3.799430003489667,3.862684775077246,4.4190032802594965,4.488155465336928,0.0,0.0,0.0,3.9906120644305383,correction_completion,serial,3,200,50,1144414691,reference_fold_convolution_rf,,,,{}
GATT,g=4_t=4,4.0,4.0,0.0,raw_structured,3.514587649446784,3.5108437407232125,0.23243648763316,3.077202768308063,3.133758710938182,3.906617925687545,3.981621060671929,0.0,0.0,0.0,3.4380184097850646,correction_completion,serial_sweep,2,50,34,3212582187,raw_structured,,,,
GATT,g=4_t=5,4.0,5.0,1.0,raw_structured,3.4575570232640516,3.460207056795618,0.21885570502590768,3.051178460737522,3.107425193726285,3.803401701068579,3.881473695652827,0.0,0.0,0.0,3.4380184097850646,correction_completion,serial_sweep,2,50,34,3212582187,raw_structured,,,,
GATT,g=4_t=6,4.0,6.0,2.0,raw_structured,3.4641793423019918,3.4619760619725586,0.2324770924989489,3.023840957590744,3.0990341805539923,3.8249295257036824,3.9030361356067207,0.0,0.0,0.0,3.4380184097850646,correction_completion,serial_sweep,2,50,34,3212582187,raw_structured,,,,
GATT,g=4_t=7,4.0,7.0,3.0,raw_structured,3.439514481945486,3.4351492265067947,0.2484132283033334,2.947653303725181,3.0380601646158096,3.821597303603854,3.9202659976594476,0.0,0.0,0.0,3.4380184097850646,correction_completion,serial_sweep,2,50,34,3212582187,raw_structured,,,,
ES,k=0,,,0.0,raw_structured,3.514587649446784,3.5108437407232125,0.23243648763316,3.077202768308063,3.133758710938182,3.906617925687545,3.981621060671929,0.0,0.0,0.0,3.4380184097850646,correction_completion,serial_sweep,2,50,34,3212582187,raw_structured,,,,
ES,k=1,,,1.0,raw_structured,3.4575570232640516,3.460207056795618,0.21885570502590768,3.051178460737522,3.107425193726285,3.803401701068579,3.881473695652827,0.0,0.0,0.0,3.4380184097850646,correction_completion,serial_sweep,2,50,34,3212582187,raw_structured,,,,
ES,k=2,,,2.0,raw_structured,3.4641793423019918,3.4619760619725586,0.2324770924989489,3.023840957590744,3.0990341805539923,3.8249295257036824,3.9030361356067207,0.0,0.0,0.0,3.4380184097850646,correction_completion,serial_sweep,2,50,34,3212582187,raw_structured,,,,
ES,k=3,,,3.0,raw_structured,3.439514481945486,3.4351492265067947,0.2484132283033334,2.947653303725181,3.0380601646158096,3.821597303603854,3.9202659976594476,0.0,0.0,0.0,3.4380184097850646,correction_completion,serial_sweep,2,50,34,3212582187,raw_structured,,,,
ATT,ATT,,,,raw_structured,3.468959624239578,3.4700702977353135,0.20509638767945979,3.074425455291423,3.1358248019964265,3.8008159501158465,3.853558874239912,0.0,0.0,0.0,3.438018409785064,correction_completion,serial_sweep,2,50,34,3212582187,raw_structured,,,,
GATT,g=4_t=4,4.0,4.0,0.0,reference_fold_convolution,3.543371664888552,3.546210789882374,0.31667834198253375,2.903043320466501,3.0358433988608162,4.060277015764328,4.138118259806952,0.0,0.0,0.0,3.4380184097850646,correction_completion,serial_sweep,2,50,34,3212582187,reference_fold_convolution_rf,1.3158869847151473,10.998961904535683,,"{""0"": {""bar_pi"": 0.56, ""control_ess"": 10.998961904535683, ""fold_sizes"": [{""evaluation"": 25, ""fold"": 0, ""train"": 25}], ""global_fold_bb"": true, ""max_control_odds"": 1.099083669244388, ""n_clipped"": 0, ""n_complement_units"": 25, ""n_eval_units"": 25, ""posterior_cache_key"": ""g=4_fold=0"", ""posterior_draws"": 1500, ""raw_max_control_odds"": 1.099083669244388}, ""1"": {""bar_pi"": 0.52, ""control_ess"": 11.999999999999998, ""fold_sizes"": [{""evaluation"": 25, ""fold"": 0, ""train"": 25}], ""global_fold_bb"": true, ""max_control_odds"": 1.3158869847151473, ""n_clipped"": 0, ""n_complement_units"": 25, ""n_eval_units"": 25, ""posterior_cache_key"": ""g=4_fold=1"", ""posterior_draws"": 1500, ""raw_max_control_odds"": 1.3158869847151473}}"
GATT,g=4_t=5,4.0,5.0,1.0,reference_fold_convolution,3.328560483520322,3.348863754770043,0.3912135846456105,2.5069248713220023,2.683649340832825,3.9281752650852804,4.074224543045087,0.0,0.0,0.0,3.4380184097850646,correction_completion,serial_sweep,2,50,34,3212582187,reference_fold_convolution_rf,1.3158869847151473,10.998961904535683,,"{""0"": {""bar_pi"": 0.56, ""control_ess"": 10.998961904535683, ""fold_sizes"": [{""evaluation"": 25, ""fold"": 0, ""train"": 25}], ""global_fold_bb"": true, ""max_control_odds"": 1.099083669244388, ""n_clipped"": 0, ""n_complement_units"": 25, ""n_eval_units"": 25, ""posterior_cache_key"": ""g=4_fold=0"", ""posterior_draws"": 1500, ""raw_max_control_odds"": 1.099083669244388}, ""1"": {""bar_pi"": 0.52, ""control_ess"": 11.999999999999998, ""fold_sizes"": [{""evaluation"": 25, ""fold"": 0, ""train"": 25}], ""global_fold_bb"": true, ""max_control_odds"": 1.3158869847151473, ""n_clipped"": 0, ""n_complement_units"": 25, ""n_eval_units"": 25, ""posterior_cache_key"": ""g=4_fold=1"", ""posterior_draws"": 1500, ""raw_max_control_odds"": 1.3158869847151473}}"
GATT,g=4_t=6,4.0,6.0,2.0,reference_fold_convolution,3.531904289633175,3.531420401186132,0.4281249101352379,2.6925091598973583,2.845253610713415,4.233159593745901,4.369304156669956,0.0,0.0,0.0,3.4380184097850646,correction_completion,serial_sweep,2,50,34,3212582187,reference_fold_convolution_rf,1.3158869847151473,10.998961904535683,,"{""0"": {""bar_pi"": 0.56, ""control_ess"": 10.998961904535683, ""fold_sizes"": [{""evaluation"": 25, ""fold"": 0, ""train"": 25}], ""global_fold_bb"": true, ""max_control_odds"": 1.099083669244388, ""n_clipped"": 0, ""n_complement_units"": 25, ""n_eval_units"": 25, ""posterior_cache_key"": ""g=4_fold=0"", ""posterior_draws"": 1500, ""raw_max_control_odds"": 1.099083669244388}, ""1"": {""bar_pi"": 0.52, ""control_ess"": 11.999999999999998, ""fold_sizes"": [{""evaluation"": 25, ""fold"": 0, ""train"": 25}], ""global_fold_bb"": true, ""max_control_odds"": 1.3158869847151473, ""n_clipped"": 0, ""n_complement_units"": 25, ""n_eval_units"": 25, ""posterior_cache_key"": ""g=4_fold=1"", ""posterior_draws"": 1500, ""raw_max_control_odds"": 1.3158869847151473}}"
GATT,g=4_t=7,4.0,7.0,3.0,reference_fold_convolution,3.411256919512407,3.421477079752406,0.4509319518177646,2.489926031810061,2.6359195062013288,4.124686132637808,4.263887608399713,0.0,0.0,0.0,3.4380184097850646,correction_completion,serial_sweep,2,50,34,3212582187,reference_fold_convolution_rf,1.3158869847151473,10.998961904535683,,"{""0"": {""bar_pi"": 0.56, ""control_ess"": 10.998961904535683, ""fold_sizes"": [{""evaluation"": 25, ""fold"": 0, ""train"": 25}], ""global_fold_bb"": true, ""max_control_odds"": 1.099083669244388, ""n_clipped"": 0, ""n_complement_units"": 25, ""n_eval_units"": 25, ""posterior_cache_key"": ""g=4_fold=0"", ""posterior_draws"": 1500, ""raw_max_control_odds"": 1.099083669244388}, ""1"": {""bar_pi"": 0.52, ""control_ess"": 11.999999999999998, ""fold_sizes"": [{""evaluation"": 25, ""fold"": 0, ""train"": 25}], ""global_fold_bb"": true, ""max_control_odds"": 1.3158869847151473, ""n_clipped"": 0, ""n_complement_units"": 25, ""n_eval_units"": 25, ""posterior_cache_key"": ""g=4_fold=1"", ""posterior_draws"": 1500, ""raw_max_control_odds"": 1.3158869847151473}}"
ES,k=0,,,0.0,reference_fold_convolution,3.543371664888552,3.546210789882374,0.31667834198253375,2.903043320466501,3.0358433988608162,4.060277015764328,4.138118259806952,0.0,0.0,0.0,3.4380184097850646,correction_completion,serial_sweep,2,50,34,3212582187,reference_fold_convolution_rf,,,,{}
ES,k=1,,,1.0,reference_fold_convolution,3.328560483520322,3.348863754770043,0.3912135846456105,2.5069248713220023,2.683649340832825,3.9281752650852804,4.074224543045087,0.0,0.0,0.0,3.4380184097850646,correction_completion,serial_sweep,2,50,34,3212582187,reference_fold_convolution_rf,,,,{}
ES,k=2,,,2.0,reference_fold_convolution,3.531904289633175,3.531420401186132,0.4281249101352379,2.6925091598973583,2.845253610713415,4.233159593745901,4.369304156669956,0.0,0.0,0.0,3.4380184097850646,correction_completion,serial_sweep,2,50,34,3212582187,reference_fold_convolution_rf,,,,{}
ES,k=3,,,3.0,reference_fold_convolution,3.411256919512407,3.421477079752406,0.4509319518177646,2.489926031810061,2.6359195062013288,4.124686132637808,4.263887608399713,0.0,0.0,0.0,3.4380184097850646,correction_completion,serial_sweep,2,50,34,3212582187,reference_fold_convolution_rf,,,,{}
ATT,ATT,,,,reference_fold_convolution,3.4537733393886136,3.45941794831779,0.3533914218499059,2.7552801753624663,2.8736679748300644,4.002619347280608,4.1256355161325295,0.0,0.0,0.0,3.438018409785064,correction_completion,serial_sweep,2,50,34,3212582187,reference_fold_convolution_rf,,,,{}
GATT,g=4_t=4,4.0,4.0,0.0,raw_structured,3.252234672962784,3.2558173832455175,0.1623185671975602,2.912967325619641,2.9778332477144684,3.5056164668157552,3.5631689346372717,0.0,0.0,0.0,3.4439264730280024,correction_completion,serial_sweep_d3,3,100,18,3193664015,raw_structured,,,,
GATT,g=4_t=5,4.0,5.0,1.0,raw_structured,3.241816394107371,3.242103875358503,0.15965682754765317,2.9168007184033975,2.974882552200838,3.4989759470418105,3.5366611297893757,0.0,0.0,0.0,3.4439264730280024,correction_completion,serial_sweep_d3,3,100,18,3193664015,raw_structured,,,,
GATT,g=4_t=6,4.0,6.0,2.0,raw_structured,3.273711369096717,3.2766041826994043,0.15665015129980606,2.972447581896426,3.009572945375736,3.519967125815382,3.5613852810760824,0.0,0.0,0.0,3.4439264730280024,correction_completion,serial_sweep_d3,3,100,18,3193664015,raw_structured,,,,
GATT,g=4_t=7,4.0,7.0,3.0,raw_structured,3.3575729709021376,3.355736007834774,0.18586600153275928,2.999474632519194,3.0570822694998494,3.678997659871959,3.7333514973238957,0.0,0.0,0.0,3.4439264730280024,correction_completion,serial_sweep_d3,3,100,18,3193664015,raw_structured,,,,
ES,k=0,,,0.0,raw_structured,3.252234672962784,3.2558173832455175,0.1623185671975602,2.912967325619641,2.9778332477144684,3.5056164668157552,3.5631689346372717,0.0,0.0,0.0,3.4439264730280024,correction_completion,serial_sweep_d3,3,100,18,3193664015,raw_structured,,,,
ES,k=1,,,1.0,raw_structured,3.241816394107371,3.242103875358503,0.15965682754765317,2.9168007184033975,2.974882552200838,3.4989759470418105,3.5366611297893757,0.0,0.0,0.0,3.4439264730280024,correction_completion,serial_sweep_d3,3,100,18,3193664015,raw_structured,,,,
ES,k=2,,,2.0,raw_structured,3.273711369096717,3.2766041826994043,0.15665015129980606,2.972447581896426,3.009572945375736,3.519967125815382,3.5613852810760824,0.0,0.0,0.0,3.4439264730280024,correction_completion,serial_sweep_d3,3,100,18,3193664015,raw_structured,,,,
ES,k=3,,,3.0,raw_structured,3.3575729709021376,3.355736007834774,0.18586600153275928,2.999474632519194,3.0570822694998494,3.678997659871959,3.7333514973238957,0.0,0.0,0.0,3.4439264730280024,correction_completion,serial_sweep_d3,3,100,18,3193664015,raw_structured,,,,
ATT,ATT,,,,raw_structured,3.2813338517672523,3.2847177610201057,0.13796116273709177,2.995606636056875,3.0491123031322696,3.5015982123017917,3.5420390961838986,0.0,0.0,0.0,3.4439264730280024,correction_completion,serial_sweep_d3,3,100,18,3193664015,raw_structured,,,,
GATT,g=4_t=4,4.0,4.0,0.0,reference_fold_convolution,3.3554606936221667,3.360360884344097,0.20209834141631677,2.9632284232010266,3.0290016991395143,3.6831189579938384,3.741076090058278,0.0,0.0,0.0,3.4439264730280024,correction_completion,serial_sweep_d3,3,100,18,3193664015,reference_fold_convolution_rf,1.8249496612903628,22.465792692684584,,"{""0"": {""bar_pi"": 0.52, ""control_ess"": 22.465792692684584, ""fold_sizes"": [{""evaluation"": 50, ""fold"": 0, ""train"": 50}], ""global_fold_bb"": true, ""max_control_odds"": 1.4982199086813237, ""n_clipped"": 0, ""n_complement_units"": 50, ""n_eval_units"": 50, ""posterior_cache_key"": ""g=4_fold=0"", ""posterior_draws"": 1500, ""raw_max_control_odds"": 1.4982199086813237}, ""1"": {""bar_pi"": 0.46, ""control_ess"": 23.993137354299993, ""fold_sizes"": [{""evaluation"": 50, ""fold"": 0, ""train"": 50}], ""global_fold_bb"": true, ""max_control_odds"": 1.8249496612903628, ""n_clipped"": 0, ""n_complement_units"": 50, ""n_eval_units"": 50, ""posterior_cache_key"": ""g=4_fold=1"", ""posterior_draws"": 1500, ""raw_max_control_odds"": 1.8249496612903628}}"
GATT,g=4_t=5,4.0,5.0,1.0,reference_fold_convolution,3.260741271393596,3.2617655963585026,0.24612069629306454,2.7602702825541865,2.849556794867069,3.668383309412144,3.7352817734591346,0.0,0.0,0.0,3.4439264730280024,correction_completion,serial_sweep_d3,3,100,18,3193664015,reference_fold_convolution_rf,1.8249496612903628,22.465792692684584,,"{""0"": {""bar_pi"": 0.52, ""control_ess"": 22.465792692684584, ""fold_sizes"": [{""evaluation"": 50, ""fold"": 0, ""train"": 50}], ""global_fold_bb"": true, ""max_control_odds"": 1.4982199086813237, ""n_clipped"": 0, ""n_complement_units"": 50, ""n_eval_units"": 50, ""posterior_cache_key"": ""g=4_fold=0"", ""posterior_draws"": 1500, ""raw_max_control_odds"": 1.4982199086813237}, ""1"": {""bar_pi"": 0.46, ""control_ess"": 23.993137354299993, ""fold_sizes"": [{""evaluation"": 50, ""fold"": 0, ""train"": 50}], ""global_fold_bb"": true, ""max_control_odds"": 1.8249496612903628, ""n_clipped"": 0, ""n_complement_units"": 50, ""n_eval_units"": 50, ""posterior_cache_key"": ""g=4_fold=1"", ""posterior_draws"": 1500, ""raw_max_control_odds"": 1.8249496612903628}}"
GATT,g=4_t=6,4.0,6.0,2.0,reference_fold_convolution,3.1822032694886877,3.1876505033303832,0.23396565462848323,2.717912813170111,2.8102561166489455,3.5563336993551347,3.6427798033187773,0.0,0.0,0.0,3.4439264730280024,correction_completion,serial_sweep_d3,3,100,18,3193664015,reference_fold_convolution_rf,1.8249496612903628,22.465792692684584,,"{""0"": {""bar_pi"": 0.52, ""control_ess"": 22.465792692684584, ""fold_sizes"": [{""evaluation"": 50, ""fold"": 0, ""train"": 50}], ""global_fold_bb"": true, ""max_control_odds"": 1.4982199086813237, ""n_clipped"": 0, ""n_complement_units"": 50, ""n_eval_units"": 50, ""posterior_cache_key"": ""g=4_fold=0"", ""posterior_draws"": 1500, ""raw_max_control_odds"": 1.4982199086813237}, ""1"": {""bar_pi"": 0.46, ""control_ess"": 23.993137354299993, ""fold_sizes"": [{""evaluation"": 50, ""fold"": 0, ""train"": 50}], ""global_fold_bb"": true, ""max_control_odds"": 1.8249496612903628, ""n_clipped"": 0, ""n_complement_units"": 50, ""n_eval_units"": 50, ""posterior_cache_key"": ""g=4_fold=1"", ""posterior_draws"": 1500, ""raw_max_control_odds"": 1.8249496612903628}}"
GATT,g=4_t=7,4.0,7.0,3.0,reference_fold_convolution,3.242849692316478,3.2400403462857588,0.2569142232998374,2.761754480072452,2.8418902030712037,3.6592157875852025,3.7480319028447444,0.0,0.0,0.0,3.4439264730280024,correction_completion,serial_sweep_d3,3,100,18,3193664015,reference_fold_convolution_rf,1.8249496612903628,22.465792692684584,,"{""0"": {""bar_pi"": 0.52, ""control_ess"": 22.465792692684584, ""fold_sizes"": [{""evaluation"": 50, ""fold"": 0, ""train"": 50}], ""global_fold_bb"": true, ""max_control_odds"": 1.4982199086813237, ""n_clipped"": 0, ""n_complement_units"": 50, ""n_eval_units"": 50, ""posterior_cache_key"": ""g=4_fold=0"", ""posterior_draws"": 1500, ""raw_max_control_odds"": 1.4982199086813237}, ""1"": {""bar_pi"": 0.46, ""control_ess"": 23.993137354299993, ""fold_sizes"": [{""evaluation"": 50, ""fold"": 0, ""train"": 50}], ""global_fold_bb"": true, ""max_control_odds"": 1.8249496612903628, ""n_clipped"": 0, ""n_complement_units"": 50, ""n_eval_units"": 50, ""posterior_cache_key"": ""g=4_fold=1"", ""posterior_draws"": 1500, ""raw_max_control_odds"": 1.8249496612903628}}"
ES,k=0,,,0.0,reference_fold_convolution,3.3554606936221667,3.360360884344097,0.20209834141631677,2.9632284232010266,3.0290016991395143,3.6831189579938384,3.741076090058278,0.0,0.0,0.0,3.4439264730280024,correction_completion,serial_sweep_d3,3,100,18,3193664015,reference_fold_convolution_rf,,,,{}
ES,k=1,,,1.0,reference_fold_convolution,3.260741271393596,3.2617655963585026,0.24612069629306454,2.7602702825541865,2.849556794867069,3.668383309412144,3.7352817734591346,0.0,0.0,0.0,3.4439264730280024,correction_completion,serial_sweep_d3,3,100,18,3193664015,reference_fold_convolution_rf,,,,{}
ES,k=2,,,2.0,reference_fold_convolution,3.1822032694886877,3.1876505033303832,0.23396565462848323,2.717912813170111,2.8102561166489455,3.5563336993551347,3.6427798033187773,0.0,0.0,0.0,3.4439264730280024,correction_completion,serial_sweep_d3,3,100,18,3193664015,reference_fold_convolution_rf,,,,{}
ES,k=3,,,3.0,reference_fold_convolution,3.242849692316478,3.2400403462857588,0.2569142232998374,2.761754480072452,2.8418902030712037,3.6592157875852025,3.7480319028447444,0.0,0.0,0.0,3.4439264730280024,correction_completion,serial_sweep_d3,3,100,18,3193664015,reference_fold_convolution_rf,,,,{}
ATT,ATT,,,,reference_fold_convolution,3.2603137317052315,3.261603148521546,0.1988933588308876,2.8601916223123145,2.9260657734371702,3.5817646571607282,3.6492652167224517,0.0,0.0,0.0,3.4439264730280024,correction_completion,serial_sweep_d3,3,100,18,3193664015,reference_fold_convolution_rf,,,,{}
GATT,g=4_t=4,4.0,4.0,0.0,raw_structured,2.6672530175939855,2.6757981576429204,0.18489221813234005,2.301808059092446,2.356217997208462,2.9667064386961064,3.0133037335432022,0.0,0.0,0.0,2.733607700677446,correction_completion,staggered,2,200,2,3696504487,raw_structured,,,,
GATT,g=4_t=5,4.0,5.0,1.0,raw_structured,4.001101177227343,4.010917371502874,0.18302516965570545,3.647308274917629,3.707823121147203,4.291633275500184,4.333937298699942,0.0,0.0,0.0,3.8270507809484258,correction_completion,staggered,2,200,2,3696504487,raw_structured,,,,
GATT,g=4_t=6,4.0,6.0,2.0,raw_structured,5.1620246896121476,5.162518247530204,0.18907435351465401,4.790260114067298,4.8471946464578775,5.4639024337941855,5.534986821257628,0.0,0.0,0.0,4.920493861219404,correction_completion,staggered,2,200,2,3696504487,raw_structured,,,,
GATT,g=4_t=7,4.0,7.0,3.0,raw_structured,5.508279351516678,5.513574597210832,0.2550772850851646,5.00752567223876,5.08489642783514,5.910741542943945,5.984751812975748,0.0,0.0,0.0,6.013936941490382,correction_completion,staggered,2,200,2,3696504487,raw_structured,,,,
GATT,g=5_t=5,5.0,5.0,0.0,raw_structured,4.149925040228205,4.157332803812499,0.16054694074846848,3.8084220182142126,3.869532558381643,4.395883623094883,4.4484413554841336,0.0,0.0,0.0,4.055976594656621,correction_completion,staggered,2,200,2,3696504487,raw_structured,,,,
GATT,g=5_t=6,5.0,6.0,1.0,raw_structured,5.682996538752411,5.691914699448454,0.16984880167869762,5.327732027592446,5.39509211739166,5.950644091937193,5.994168561753496,0.0,0.0,0.0,5.678367232519269,correction_completion,staggered,2,200,2,3696504487,raw_structured,,,,
GATT,g=5_t=7,5.0,7.0,2.0,raw_structured,6.84830537853325,6.850661954962085,0.1977432565762566,6.431937359229297,6.516129575428973,7.167670863112195,7.229822978232051,0.0,0.0,0.0,7.30075787038192,correction_completion,staggered,2,200,2,3696504487,raw_structured,,,,
GATT,g=6_t=6,6.0,6.0,0.0,raw_structured,5.6039963522886085,5.603293392094059,0.1738521608898386,5.266384711713521,5.314931549724898,5.893790299798489,5.955482943047936,0.0,0.0,0.0,5.3736609558459945,correction_completion,staggered,2,200,2,3696504487,raw_structured,,,,
GATT,g=6_t=7,6.0,7.0,1.0,raw_structured,7.027711773110374,7.031097810677167,0.2086134634991239,6.602913813404486,6.677171446821636,7.367776497711316,7.434303343950853,0.0,0.0,0.0,7.52312533818439,correction_completion,staggered,2,200,2,3696504487,raw_structured,,,,
ES,k=0,,,0.0,raw_structured,4.140913857444674,4.143826986472687,0.11893692935795358,3.9054343198837262,3.943703530090444,4.332783598489719,4.378467909282018,0.0,0.0,0.0,4.054500645969424,correction_completion,staggered,2,200,2,3696504487,raw_structured,,,,
ES,k=1,,,1.0,raw_structured,5.576761704165514,5.581486113187383,0.13905496031433714,5.298340353718156,5.3407514790620665,5.798248748552485,5.832703816839741,0.0,0.0,0.0,5.676300904357192,correction_completion,staggered,2,200,2,3696504487,raw_structured,,,,
ES,k=2,,,2.0,raw_structured,6.072616261629542,6.077345703769799,0.16655845691081925,5.743577562637271,5.790039004792309,6.346440767113735,6.412750416552461,0.0,0.0,0.0,6.2058364261671635,correction_completion,staggered,2,200,2,3696504487,raw_structured,,,,
ES,k=3,,,3.0,raw_structured,5.508279351516678,5.513574597210832,0.2550772850851646,5.00752567223876,5.08489642783514,5.910741542943945,5.984751812975748,0.0,0.0,0.0,6.013936941490382,correction_completion,staggered,2,200,2,3696504487,raw_structured,,,,
ATT,ATT,,,,raw_structured,5.204162347780386,5.207312292957139,0.1151377490713157,4.9698459775149,5.014233613808481,5.388279368840724,5.4256775228254455,0.0,0.0,0.0,5.292058831673423,correction_completion,staggered,2,200,2,3696504487,raw_structured,,,,
GATT,g=5_t=5,5.0,5.0,0.0,reference_fold_convolution,4.048241928457053,4.053005846181305,0.3695879236535435,3.335618967393805,3.428112692329652,4.630805332353691,4.769219616213073,0.0,0.0,0.0,4.055976594656621,correction_completion,staggered,2,200,2,3696504487,reference_fold_convolution_rf,1.9812192209915973,24.11904589877192,,"{""0"": {""bar_pi"": 0.46296296296296297, ""control_ess"": 26.187091074233535, ""fold_sizes"": [{""evaluation"": 54, ""fold"": 0, ""train"": 54}], ""global_fold_bb"": true, ""max_control_odds"": 1.9812192209915973, ""n_clipped"": 0, ""n_complement_units"": 54, ""n_eval_units"": 54, ""posterior_cache_key"": ""g=5_fold=0"", ""posterior_draws"": 1500, ""raw_max_control_odds"": 1.9812192209915973}, ""1"": {""bar_pi"": 0.5370370370370371, ""control_ess"": 24.11904589877192, ""fold_sizes"": [{""evaluation"": 54, ""fold"": 0, ""train"": 54}], ""global_fold_bb"": true, ""max_control_odds"": 1.2073582307684596, ""n_clipped"": 0, ""n_complement_units"": 54, ""n_eval_units"": 54, ""posterior_cache_key"": ""g=5_fold=1"", ""posterior_draws"": 1500, ""raw_max_control_odds"": 1.2073582307684596}}"
GATT,g=5_t=6,5.0,6.0,1.0,reference_fold_convolution,5.610462709660362,5.631809632113027,0.37679708693171376,4.8552763690995775,4.986629040497712,6.242837997349518,6.325260626709667,0.0,0.0,0.0,5.678367232519269,correction_completion,staggered,2,200,2,3696504487,reference_fold_convolution_rf,1.9812192209915973,24.11904589877192,,"{""0"": {""bar_pi"": 0.46296296296296297, ""control_ess"": 26.187091074233535, ""fold_sizes"": [{""evaluation"": 54, ""fold"": 0, ""train"": 54}], ""global_fold_bb"": true, ""max_control_odds"": 1.9812192209915973, ""n_clipped"": 0, ""n_complement_units"": 54, ""n_eval_units"": 54, ""posterior_cache_key"": ""g=5_fold=0"", ""posterior_draws"": 1500, ""raw_max_control_odds"": 1.9812192209915973}, ""1"": {""bar_pi"": 0.5370370370370371, ""control_ess"": 24.11904589877192, ""fold_sizes"": [{""evaluation"": 54, ""fold"": 0, ""train"": 54}], ""global_fold_bb"": true, ""max_control_odds"": 1.2073582307684596, ""n_clipped"": 0, ""n_complement_units"": 54, ""n_eval_units"": 54, ""posterior_cache_key"": ""g=5_fold=1"", ""posterior_draws"": 1500, ""raw_max_control_odds"": 1.2073582307684596}}"
GATT,g=5_t=7,5.0,7.0,2.0,reference_fold_convolution,7.392658703495362,7.401138755353144,0.45195603019527225,6.508163011574349,6.661689831742813,8.132376893425773,8.25145603126962,0.0,0.0,0.0,7.30075787038192,correction_completion,staggered,2,200,2,3696504487,reference_fold_convolution_rf,1.9812192209915973,24.11904589877192,,"{""0"": {""bar_pi"": 0.46296296296296297, ""control_ess"": 26.187091074233535, ""fold_sizes"": [{""evaluation"": 54, ""fold"": 0, ""train"": 54}], ""global_fold_bb"": true, ""max_control_odds"": 1.9812192209915973, ""n_clipped"": 0, ""n_complement_units"": 54, ""n_eval_units"": 54, ""posterior_cache_key"": ""g=5_fold=0"", ""posterior_draws"": 1500, ""raw_max_control_odds"": 1.9812192209915973}, ""1"": {""bar_pi"": 0.5370370370370371, ""control_ess"": 24.11904589877192, ""fold_sizes"": [{""evaluation"": 54, ""fold"": 0, ""train"": 54}], ""global_fold_bb"": true, ""max_control_odds"": 1.2073582307684596, ""n_clipped"": 0, ""n_complement_units"": 54, ""n_eval_units"": 54, ""posterior_cache_key"": ""g=5_fold=1"", ""posterior_draws"": 1500, ""raw_max_control_odds"": 1.2073582307684596}}"
GATT,g=6_t=6,6.0,6.0,0.0,reference_fold_convolution,5.232522025776165,5.245759845569502,0.4198064657237713,4.412771973890771,4.556171381217778,5.899437214974256,6.053467788273414,0.0,0.0,0.0,5.3736609558459945,correction_completion,staggered,2,200,2,3696504487,reference_fold_convolution_rf,1.757014175711244,22.28470683149269,,"{""0"": {""bar_pi"": 0.4727272727272727, ""control_ess"": 26.743259950836748, ""fold_sizes"": [{""evaluation"": 55, ""fold"": 0, ""train"": 45}], ""global_fold_bb"": true, ""max_control_odds"": 1.438183375004375, ""n_clipped"": 0, ""n_complement_units"": 45, ""n_eval_units"": 55, ""posterior_cache_key"": ""g=6_fold=0"", ""posterior_draws"": 1500, ""raw_max_control_odds"": 1.438183375004375}, ""1"": {""bar_pi"": 0.4444444444444444, ""control_ess"": 22.28470683149269, ""fold_sizes"": [{""evaluation"": 45, ""fold"": 0, ""train"": 55}], ""global_fold_bb"": true, ""max_control_odds"": 1.757014175711244, ""n_clipped"": 0, ""n_complement_units"": 55, ""n_eval_units"": 45, ""posterior_cache_key"": ""g=6_fold=1"", ""posterior_draws"": 1500, ""raw_max_control_odds"": 1.757014175711244}}"
GATT,g=6_t=7,6.0,7.0,1.0,reference_fold_convolution,7.304841877425675,7.319315521026452,0.5420316715756827,6.227000204567956,6.383743818603371,8.164550152439567,8.319974094545733,0.0,0.0,0.0,7.52312533818439,correction_completion,staggered,2,200,2,3696504487,reference_fold_convolution_rf,1.757014175711244,22.28470683149269,,"{""0"": {""bar_pi"": 0.4727272727272727, ""control_ess"": 26.743259950836748, ""fold_sizes"": [{""evaluation"": 55, ""fold"": 0, ""train"": 45}], ""global_fold_bb"": true, ""max_control_odds"": 1.438183375004375, ""n_clipped"": 0, ""n_complement_units"": 45, ""n_eval_units"": 55, ""posterior_cache_key"": ""g=6_fold=0"", ""posterior_draws"": 1500, ""raw_max_control_odds"": 1.438183375004375}, ""1"": {""bar_pi"": 0.4444444444444444, ""control_ess"": 22.28470683149269, ""fold_sizes"": [{""evaluation"": 45, ""fold"": 0, ""train"": 55}], ""global_fold_bb"": true, ""max_control_odds"": 1.757014175711244, ""n_clipped"": 0, ""n_complement_units"": 55, ""n_eval_units"": 45, ""posterior_cache_key"": ""g=6_fold=1"", ""posterior_draws"": 1500, ""raw_max_control_odds"": 1.757014175711244}}"
GATT,g=4_t=4,4.0,4.0,0.0,reference_fold_convolution,2.6311151472951417,2.637870340128218,0.3556825405604146,1.85313927812802,2.0403365401670324,3.2010261309205754,3.291778437046032,0.0,0.0,0.0,2.733607700677446,correction_completion,staggered,2,200,2,3696504487,reference_fold_convolution_rf,1.5471536516488398,23.45503982149213,,"{""0"": {""bar_pi"": 0.40816326530612246, ""control_ess"": 26.796557349805628, ""fold_sizes"": [{""evaluation"": 49, ""fold"": 0, ""train"": 51}], ""global_fold_bb"": true, ""max_control_odds"": 1.5471536516488398, ""n_clipped"": 0, ""n_complement_units"": 51, ""n_eval_units"": 49, ""posterior_cache_key"": ""g=4_fold=0"", ""posterior_draws"": 1500, ""raw_max_control_odds"": 1.5471536516488398}, ""1"": {""bar_pi"": 0.5098039215686274, ""control_ess"": 23.45503982149213, ""fold_sizes"": [{""evaluation"": 51, ""fold"": 0, ""train"": 49}], ""global_fold_bb"": true, ""max_control_odds"": 1.021038240033546, ""n_clipped"": 0, ""n_complement_units"": 49, ""n_eval_units"": 51, ""posterior_cache_key"": ""g=4_fold=1"", ""posterior_draws"": 1500, ""raw_max_control_odds"": 1.021038240033546}}"
GATT,g=4_t=5,4.0,5.0,1.0,reference_fold_convolution,3.6748168597179385,3.684040114471236,0.3357974124267185,3.00647205638807,3.1405852162647014,4.20678161264578,4.32793414778778,0.0,0.0,0.0,3.8270507809484258,correction_completion,staggered,2,200,2,3696504487,reference_fold_convolution_rf,1.5471536516488398,23.45503982149213,,"{""0"": {""bar_pi"": 0.40816326530612246, ""control_ess"": 26.796557349805628, ""fold_sizes"": [{""evaluation"": 49, ""fold"": 0, ""train"": 51}], ""global_fold_bb"": true, ""max_control_odds"": 1.5471536516488398, ""n_clipped"": 0, ""n_complement_units"": 51, ""n_eval_units"": 49, ""posterior_cache_key"": ""g=4_fold=0"", ""posterior_draws"": 1500, ""raw_max_control_odds"": 1.5471536516488398}, ""1"": {""bar_pi"": 0.5098039215686274, ""control_ess"": 23.45503982149213, ""fold_sizes"": [{""evaluation"": 51, ""fold"": 0, ""train"": 49}], ""global_fold_bb"": true, ""max_control_odds"": 1.021038240033546, ""n_clipped"": 0, ""n_complement_units"": 49, ""n_eval_units"": 51, ""posterior_cache_key"": ""g=4_fold=1"", ""posterior_draws"": 1500, ""raw_max_control_odds"": 1.021038240033546}}"
GATT,g=4_t=6,4.0,6.0,2.0,reference_fold_convolution,4.790289902412019,4.787908829048169,0.37374664228029086,4.04760737467883,4.154145194490199,5.361048854940938,5.47369802783509,0.0,0.0,0.0,4.920493861219404,correction_completion,staggered,2,200,2,3696504487,reference_fold_convolution_rf,1.5471536516488398,23.45503982149213,,"{""0"": {""bar_pi"": 0.40816326530612246, ""control_ess"": 26.796557349805628, ""fold_sizes"": [{""evaluation"": 49, ""fold"": 0, ""train"": 51}], ""global_fold_bb"": true, ""max_control_odds"": 1.5471536516488398, ""n_clipped"": 0, ""n_complement_units"": 51, ""n_eval_units"": 49, ""posterior_cache_key"": ""g=4_fold=0"", ""posterior_draws"": 1500, ""raw_max_control_odds"": 1.5471536516488398}, ""1"": {""bar_pi"": 0.5098039215686274, ""control_ess"": 23.45503982149213, ""fold_sizes"": [{""evaluation"": 51, ""fold"": 0, ""train"": 49}], ""global_fold_bb"": true, ""max_control_odds"": 1.021038240033546, ""n_clipped"": 0, ""n_complement_units"": 49, ""n_eval_units"": 51, ""posterior_cache_key"": ""g=4_fold=1"", ""posterior_draws"": 1500, ""raw_max_control_odds"": 1.021038240033546}}"
GATT,g=4_t=7,4.0,7.0,3.0,reference_fold_convolution,5.876250956304265,5.872900674878826,0.4270966977798093,5.012553218288585,5.158636933226739,6.561132198831855,6.749589537359392,0.0,0.0,0.0,6.013936941490382,correction_completion,staggered,2,200,2,3696504487,reference_fold_convolution_rf,1.5471536516488398,23.45503982149213,,"{""0"": {""bar_pi"": 0.40816326530612246, ""control_ess"": 26.796557349805628, ""fold_sizes"": [{""evaluation"": 49, ""fold"": 0, ""train"": 51}], ""global_fold_bb"": true, ""max_control_odds"": 1.5471536516488398, ""n_clipped"": 0, ""n_complement_units"": 51, ""n_eval_units"": 49, ""posterior_cache_key"": ""g=4_fold=0"", ""posterior_draws"": 1500, ""raw_max_control_odds"": 1.5471536516488398}, ""1"": {""bar_pi"": 0.5098039215686274, ""control_ess"": 23.45503982149213, ""fold_sizes"": [{""evaluation"": 51, ""fold"": 0, ""train"": 49}], ""global_fold_bb"": true, ""max_control_odds"": 1.021038240033546, ""n_clipped"": 0, ""n_complement_units"": 49, ""n_eval_units"": 51, ""posterior_cache_key"": ""g=4_fold=1"", ""posterior_draws"": 1500, ""raw_max_control_odds"": 1.021038240033546}}"
ES,k=0,,,0.0,reference_fold_convolution,3.974879274643568,3.9714228273582486,0.20706129459480896,3.5705650215381772,3.6243424965004576,4.319276113300261,4.3792537150351265,0.0,0.0,0.0,4.054500645969424,correction_completion,staggered,2,200,2,3696504487,reference_fold_convolution_rf,,,,{}
ES,k=1,,,1.0,reference_fold_convolution,5.534447179659355,5.539992469889769,0.2267822058957365,5.075417728158402,5.159520884520623,5.900181911322428,5.982950979793336,0.0,0.0,0.0,5.676300904357192,correction_completion,staggered,2,200,2,3696504487,reference_fold_convolution_rf,,,,{}
ES,k=2,,,2.0,reference_fold_convolution,6.1955690549970255,6.198784573769387,0.2910908614485442,5.611406988537402,5.7147080473540885,6.672710358143597,6.754490719535671,0.0,0.0,0.0,6.2058364261671635,correction_completion,staggered,2,200,2,3696504487,reference_fold_convolution_rf,,,,{}
ES,k=3,,,3.0,reference_fold_convolution,5.876250956304265,5.872900674878826,0.4270966977798093,5.012553218288585,5.158636933226739,6.561132198831855,6.749589537359392,0.0,0.0,0.0,6.013936941490382,correction_completion,staggered,2,200,2,3696504487,reference_fold_convolution_rf,,,,{}
ATT,ATT,,,,reference_fold_convolution,5.201429479036359,5.206051780145987,0.2076753626947686,4.771487505789286,4.855236395145091,5.534683543981565,5.605901094801156,0.0,0.0,0.0,5.292058831673423,correction_completion,staggered,2,200,2,3696504487,reference_fold_convolution_rf,,,,{}
GATT,g=4_t=4,4.0,4.0,0.0,raw_structured,3.43543849248955,3.4443565052164145,0.16858523740144807,3.078804183543001,3.137314867842313,3.696802615189671,3.749893469951509,0.0,0.0,0.0,3.729136213552771,correction_completion,strong_confounder,2,200,86,1772090335,raw_structured,,,,
GATT,g=4_t=5,4.0,5.0,1.0,raw_structured,3.5548421407517288,3.5528259931046957,0.13104585143395692,3.2996094662256836,3.3411696746538224,3.770797105183255,3.807297188840367,0.0,0.0,0.0,3.729136213552771,correction_completion,strong_confounder,2,200,86,1772090335,raw_structured,,,,
GATT,g=4_t=6,4.0,6.0,2.0,raw_structured,3.5724051656599287,3.570853282195399,0.13110260970610121,3.320615637632476,3.354190666264959,3.787272849639546,3.8319706237185853,0.0,0.0,0.0,3.729136213552771,correction_completion,strong_confounder,2,200,86,1772090335,raw_structured,,,,
GATT,g=4_t=7,4.0,7.0,3.0,raw_structured,3.540731751075286,3.5459952039743987,0.14576473021609226,3.2336587131549455,3.2902663989306564,3.764457649547849,3.818345276268087,0.0,0.0,0.0,3.729136213552771,correction_completion,strong_confounder,2,200,86,1772090335,raw_structured,,,,
ES,k=0,,,0.0,raw_structured,3.43543849248955,3.4443565052164145,0.16858523740144807,3.078804183543001,3.137314867842313,3.696802615189671,3.749893469951509,0.0,0.0,0.0,3.729136213552771,correction_completion,strong_confounder,2,200,86,1772090335,raw_structured,,,,
ES,k=1,,,1.0,raw_structured,3.5548421407517288,3.5528259931046957,0.13104585143395692,3.2996094662256836,3.3411696746538224,3.770797105183255,3.807297188840367,0.0,0.0,0.0,3.729136213552771,correction_completion,strong_confounder,2,200,86,1772090335,raw_structured,,,,
ES,k=2,,,2.0,raw_structured,3.5724051656599287,3.570853282195399,0.13110260970610121,3.320615637632476,3.354190666264959,3.787272849639546,3.8319706237185853,0.0,0.0,0.0,3.729136213552771,correction_completion,strong_confounder,2,200,86,1772090335,raw_structured,,,,
ES,k=3,,,3.0,raw_structured,3.540731751075286,3.5459952039743987,0.14576473021609226,3.2336587131549455,3.2902663989306564,3.764457649547849,3.818345276268087,0.0,0.0,0.0,3.729136213552771,correction_completion,strong_confounder,2,200,86,1772090335,raw_structured,,,,
ATT,ATT,,,,raw_structured,3.525854387494123,3.52710443500782,0.11208539438773585,3.310881388707397,3.336701245720113,3.703743843135333,3.741517988255198,0.0,0.0,0.0,3.7291362135527715,correction_completion,strong_confounder,2,200,86,1772090335,raw_structured,,,,
GATT,g=4_t=4,4.0,4.0,0.0,reference_fold_convolution,3.3981056237047906,3.403942479618275,0.2764227347245218,2.8534725158554317,2.947478194249421,3.8467663689280895,3.9411629298291175,0.0,0.0,0.0,3.729136213552771,correction_completion,strong_confounder,2,200,86,1772090335,reference_fold_convolution_rf,2.333916227192593,39.055579030350415,,"{""0"": {""bar_pi"": 0.41, ""control_ess"": 53.75162950787975, ""fold_sizes"": [{""evaluation"": 100, ""fold"": 0, ""train"": 100}], ""global_fold_bb"": true, ""max_control_odds"": 2.333916227192593, ""n_clipped"": 0, ""n_complement_units"": 100, ""n_eval_units"": 100, ""posterior_cache_key"": ""g=4_fold=0"", ""posterior_draws"": 1500, ""raw_max_control_odds"": 2.333916227192593}, ""1"": {""bar_pi"": 0.51, ""control_ess"": 39.055579030350415, ""fold_sizes"": [{""evaluation"": 100, ""fold"": 0, ""train"": 100}], ""global_fold_bb"": true, ""max_control_odds"": 1.7411983026588544, ""n_clipped"": 0, ""n_complement_units"": 100, ""n_eval_units"": 100, ""posterior_cache_key"": ""g=4_fold=1"", ""posterior_draws"": 1500, ""raw_max_control_odds"": 1.7411983026588544}}"
GATT,g=4_t=5,4.0,5.0,1.0,reference_fold_convolution,3.598743601026001,3.6020449028250425,0.2706145832288874,3.065738297220277,3.1403117616282383,4.048390497106839,4.137677629133162,0.0,0.0,0.0,3.729136213552771,correction_completion,strong_confounder,2,200,86,1772090335,reference_fold_convolution_rf,2.333916227192593,39.055579030350415,,"{""0"": {""bar_pi"": 0.41, ""control_ess"": 53.75162950787975, ""fold_sizes"": [{""evaluation"": 100, ""fold"": 0, ""train"": 100}], ""global_fold_bb"": true, ""max_control_odds"": 2.333916227192593, ""n_clipped"": 0, ""n_complement_units"": 100, ""n_eval_units"": 100, ""posterior_cache_key"": ""g=4_fold=0"", ""posterior_draws"": 1500, ""raw_max_control_odds"": 2.333916227192593}, ""1"": {""bar_pi"": 0.51, ""control_ess"": 39.055579030350415, ""fold_sizes"": [{""evaluation"": 100, ""fold"": 0, ""train"": 100}], ""global_fold_bb"": true, ""max_control_odds"": 1.7411983026588544, ""n_clipped"": 0, ""n_complement_units"": 100, ""n_eval_units"": 100, ""posterior_cache_key"": ""g=4_fold=1"", ""posterior_draws"": 1500, ""raw_max_control_odds"": 1.7411983026588544}}"
GATT,g=4_t=6,4.0,6.0,2.0,reference_fold_convolution,3.5766017202332807,3.5728908862242204,0.2658957291271954,3.0168824709768947,3.138787189320305,4.0167303180692775,4.098234801579546,0.0,0.0,0.0,3.729136213552771,correction_completion,strong_confounder,2,200,86,1772090335,reference_fold_convolution_rf,2.333916227192593,39.055579030350415,,"{""0"": {""bar_pi"": 0.41, ""control_ess"": 53.75162950787975, ""fold_sizes"": [{""evaluation"": 100, ""fold"": 0, ""train"": 100}], ""global_fold_bb"": true, ""max_control_odds"": 2.333916227192593, ""n_clipped"": 0, ""n_complement_units"": 100, ""n_eval_units"": 100, ""posterior_cache_key"": ""g=4_fold=0"", ""posterior_draws"": 1500, ""raw_max_control_odds"": 2.333916227192593}, ""1"": {""bar_pi"": 0.51, ""control_ess"": 39.055579030350415, ""fold_sizes"": [{""evaluation"": 100, ""fold"": 0, ""train"": 100}], ""global_fold_bb"": true, ""max_control_odds"": 1.7411983026588544, ""n_clipped"": 0, ""n_complement_units"": 100, ""n_eval_units"": 100, ""posterior_cache_key"": ""g=4_fold=1"", ""posterior_draws"": 1500, ""raw_max_control_odds"": 1.7411983026588544}}"
GATT,g=4_t=7,4.0,7.0,3.0,reference_fold_convolution,3.480992700735392,3.481435543965365,0.2699575843565173,2.9648796956148447,3.0307042921373277,3.921228898952668,4.013342955743239,0.0,0.0,0.0,3.729136213552771,correction_completion,strong_confounder,2,200,86,1772090335,reference_fold_convolution_rf,2.333916227192593,39.055579030350415,,"{""0"": {""bar_pi"": 0.41, ""control_ess"": 53.75162950787975, ""fold_sizes"": [{""evaluation"": 100, ""fold"": 0, ""train"": 100}], ""global_fold_bb"": true, ""max_control_odds"": 2.333916227192593, ""n_clipped"": 0, ""n_complement_units"": 100, ""n_eval_units"": 100, ""posterior_cache_key"": ""g=4_fold=0"", ""posterior_draws"": 1500, ""raw_max_control_odds"": 2.333916227192593}, ""1"": {""bar_pi"": 0.51, ""control_ess"": 39.055579030350415, ""fold_sizes"": [{""evaluation"": 100, ""fold"": 0, ""train"": 100}], ""global_fold_bb"": true, ""max_control_odds"": 1.7411983026588544, ""n_clipped"": 0, ""n_complement_units"": 100, ""n_eval_units"": 100, ""posterior_cache_key"": ""g=4_fold=1"", ""posterior_draws"": 1500, ""raw_max_control_odds"": 1.7411983026588544}}"
ES,k=0,,,0.0,reference_fold_convolution,3.3981056237047906,3.403942479618275,0.2764227347245218,2.8534725158554317,2.947478194249421,3.8467663689280895,3.9411629298291175,0.0,0.0,0.0,3.729136213552771,correction_completion,strong_confounder,2,200,86,1772090335,reference_fold_convolution_rf,,,,{}
ES,k=1,,,1.0,reference_fold_convolution,3.598743601026001,3.6020449028250425,0.2706145832288874,3.065738297220277,3.1403117616282383,4.048390497106839,4.137677629133162,0.0,0.0,0.0,3.729136213552771,correction_completion,strong_confounder,2,200,86,1772090335,reference_fold_convolution_rf,,,,{}
ES,k=2,,,2.0,reference_fold_convolution,3.5766017202332807,3.5728908862242204,0.2658957291271954,3.0168824709768947,3.138787189320305,4.0167303180692775,4.098234801579546,0.0,0.0,0.0,3.729136213552771,correction_completion,strong_confounder,2,200,86,1772090335,reference_fold_convolution_rf,,,,{}
ES,k=3,,,3.0,reference_fold_convolution,3.480992700735392,3.481435543965365,0.2699575843565173,2.9648796956148447,3.0307042921373277,3.921228898952668,4.013342955743239,0.0,0.0,0.0,3.729136213552771,correction_completion,strong_confounder,2,200,86,1772090335,reference_fold_convolution_rf,,,,{}
ATT,ATT,,,,reference_fold_convolution,3.513610911424866,3.5088959842365948,0.22394105841785367,3.073773235936007,3.148142145251082,3.8709870782231843,3.942536849665078,0.0,0.0,0.0,3.7291362135527715,correction_completion,strong_confounder,2,200,86,1772090335,reference_fold_convolution_rf,,,,{}
PRE,k=-4,,,-4.0,pretrend,-0.17717540280515515,-0.16592969462192808,0.18993458568083757,-0.5623644892240713,-0.4843805733636739,0.10274259457752387,0.1626038022703641,0.21333333333333335,0.4266666666666667,0.4266666666666667,-0.0,correction_completion,PT_conditional,1,200,191,1505445201,raw_structured,,,,
PRE,k=-3,,,-3.0,pretrend,-0.1422431821633339,-0.1279402827292525,0.1725847998812679,-0.49859779455227987,-0.4374445527636219,0.09676323171411515,0.15169967460051773,0.282,0.564,0.564,-0.0,correction_completion,PT_conditional,1,200,191,1505445201,raw_structured,,,,
PRE,k=-2,,,-2.0,pretrend,-0.14366580245382027,-0.12301929293853917,0.17064761473152593,-0.5203855218665889,-0.4517364265537868,0.05371509934368993,0.10613905924975965,0.35533333333333333,0.7106666666666667,0.7106666666666667,-0.0,correction_completion,PT_conditional,1,200,191,1505445201,raw_structured,,,,
PRE,slope,,,,pretrend,0.06854845537113954,0.06335811382507392,0.070692125654757,-0.046923695783082205,-0.031409015071728726,0.187827418281783,0.21326661289901536,0.196,0.392,0.392,0.0,correction_completion,PT_conditional,1,200,191,1505445201,raw_structured,,,,
PRE_SUB,X1=0_k=-4,,,-4.0,pretrend,-0.16888522471168707,-0.15654056114814324,0.1915435905111537,-0.5576830504885057,-0.4811603248864845,0.12337460620800134,0.18247388990557745,0.22533333333333333,0.45066666666666666,0.45066666666666666,-0.0,correction_completion,PT_conditional,1,200,191,1505445201,raw_structured,,,,
PRE_SUB,X1=0_k=-3,,,-3.0,pretrend,-0.13400020691442324,-0.12077805124994845,0.1730070740917185,-0.48608844107324695,-0.43034926071460744,0.11156487988762241,0.17568924203556255,0.296,0.592,0.592,-0.0,correction_completion,PT_conditional,1,200,191,1505445201,raw_structured,,,,
PRE_SUB,X1=0_k=-2,,,-2.0,pretrend,-0.13801909758513428,-0.11610437041693955,0.16918968403532045,-0.5099416089907532,-0.4395397160981771,0.061089688403744534,0.1169809014573515,0.36666666666666664,0.7333333333333333,0.7333333333333333,-0.0,correction_completion,PT_conditional,1,200,191,1505445201,raw_structured,,,,
PRE_SUB,X1=1_k=-4,,,-4.0,pretrend,-0.18342939680549072,-0.1740733235121478,0.1931039103486867,-0.5820063370616009,-0.5002362877843881,0.10251049257152864,0.16041463167878572,0.20733333333333334,0.4146666666666667,0.4146666666666667,-0.0,correction_completion,PT_conditional,1,200,191,1505445201,raw_structured,,,,
PRE_SUB,X1=1_k=-3,,,-3.0,pretrend,-0.14846156700023141,-0.13352574176509563,0.1759122474010281,-0.5153123096444858,-0.4464256795581589,0.09456496136721032,0.15238548860472934,0.2773333333333333,0.5546666666666666,0.5546666666666666,-0.0,correction_completion,PT_conditional,1,200,191,1505445201,raw_structured,,,,
PRE_SUB,X1=1_k=-2,,,-2.0,pretrend,-0.14792559735475877,-0.12776427396691387,0.17367470088800693,-0.5226281413070258,-0.4632528629365266,0.0525791873662974,0.10621659433346643,0.3546666666666667,0.7093333333333334,0.7093333333333334,-0.0,correction_completion,PT_conditional,1,200,191,1505445201,raw_structured,,,,
PRE_SUB,X2=low_k=-4,,,-4.0,pretrend,-0.13811797556077657,-0.12501627152205716,0.19866211867071815,-0.5453526659035065,-0.4725924934318578,0.1695172688023745,0.23121221205313364,0.29,0.58,0.58,-0.0,correction_completion,PT_conditional,1,200,191,1505445201,raw_structured,,,,
PRE_SUB,X2=low_k=-3,,,-3.0,pretrend,-0.10351605578997654,-0.07949572567877368,0.18021013152025667,-0.47565343875270405,-0.4167787409505981,0.16326666375070387,0.23175032071027532,0.37266666666666665,0.7453333333333333,0.7453333333333333,-0.0,correction_completion,PT_conditional,1,200,191,1505445201,raw_structured,,,,
PRE_SUB,X2=low_k=-2,,,-2.0,pretrend,-0.10683798718759734,-0.04670796555898778,0.1755492723316335,-0.4982469813658336,-0.42480390996620665,0.12472536579787717,0.20733657000607525,0.4493333333333333,0.8986666666666666,0.8986666666666666,-0.0,correction_completion,PT_conditional,1,200,191,1505445201,raw_structured,,,,
PRE_SUB,X2=high_k=-4,,,-4.0,pretrend,-0.23246901007600726,-0.20755162095343727,0.2412404030944078,-0.7768650024558096,-0.6774642882412829,0.09366234528535222,0.15073218646233985,0.19466666666666665,0.3893333333333333,0.3893333333333333,-0.0,correction_completion,PT_conditional,1,200,191,1505445201,raw_structured,,,,
PRE_SUB,X2=high_k=-3,,,-3.0,pretrend,-0.1975334934941058,-0.1625018478804852,0.22934650093465622,-0.7431314945952757,-0.6418694963131888,0.08776095248168633,0.13874716714717691,0.2613333333333333,0.5226666666666666,0.5226666666666666,-0.0,correction_completion,PT_conditional,1,200,191,1505445201,raw_structured,,,,
PRE_SUB,X2=high_k=-2,,,-2.0,pretrend,-0.19594103837983615,-0.1468716479636647,0.22956915693186244,-0.7589147113001856,-0.6610004743690063,0.03258636751415687,0.09592838771579756,0.34,0.68,0.68,-0.0,correction_completion,PT_conditional,1,200,191,1505445201,raw_structured,,,,
PRE_SUBC,X1_k=-4,,,-4.0,pretrend,-0.014544172093803629,-6.938893903907228e-17,0.062450271036350244,-0.17749281346051782,-0.0710644975223829,7.216449660063518e-16,0.002311158555561328,0.44133333333333336,0.8826666666666667,0.8826666666666667,-0.0,correction_completion,PT_conditional,1,200,191,1505445201,raw_structured,,,,
PRE_SUBC,X1_k=-3,,,-3.0,pretrend,-0.014461360085808143,-3.599551212651875e-17,0.0543395141072347,-0.10688023305364108,-0.06509705485091881,6.317862899507528e-16,1.0283440765590437e-15,0.4726666666666667,0.9453333333333334,0.9453333333333334,-0.0,correction_completion,PT_conditional,1,200,191,1505445201,raw_structured,,,,
PRE_SUBC,X1_k=-2,,,-2.0,pretrend,-0.009906499769624507,0.0,0.03942982656869706,-0.07354719946137517,-0.05786262885475653,4.996003610813204e-16,7.771561172376096e-16,0.558,1.0,1.0,-0.0,correction_completion,PT_conditional,1,200,191,1505445201,raw_structured,,,,
PRE_SUBC,X1_slope,,,,pretrend,0.0058901240159036925,2.3790493384824782e-17,0.0225149757170561,-0.0004952482619059499,-2.753006156375193e-16,0.02908890858535341,0.06355764327825722,0.426,0.852,0.852,0.0,correction_completion,PT_conditional,1,200,191,1505445201,raw_structured,,,,
PRE_SUBC,X2_k=-4,,,-4.0,pretrend,-0.09435103451523066,-5.551115123125783e-17,0.21167530305770146,-0.7461545427085167,-0.6202332697354264,7.230327447871319e-16,0.0032537694759543056,0.44866666666666666,0.8973333333333333,0.8973333333333333,-0.0,correction_completion,PT_conditional,1,200,191,1505445201,raw_structured,,,,
PRE_SUBC,X2_k=-3,,,-3.0,pretrend,-0.09401743770412922,-4.163336342344337e-17,0.21091883468586886,-0.7461545427085167,-0.6202332697354264,4.996003610813204e-16,9.43689570931383e-16,0.4726666666666667,0.9453333333333334,0.9453333333333334,-0.0,correction_completion,PT_conditional,1,200,191,1505445201,raw_structured,,,,
PRE_SUBC,X2_k=-2,,,-2.0,pretrend,-0.08910305119223881,0.0,0.2091597532322962,-0.7461545427085167,-0.6181257815421155,4.440892098500626e-16,6.661338147750939e-16,0.5526666666666666,1.0,1.0,-0.0,correction_completion,PT_conditional,1,200,191,1505445201,raw_structured,,,,
PRE_SUBC,X2_slope,,,,pretrend,0.04001364501044209,2.3790493384824782e-17,0.09012951372195244,-0.0012228768998431862,-2.529226827974185e-16,0.2658142584580398,0.3197805183036496,0.43466666666666665,0.8693333333333333,0.8693333333333333,0.0,correction_completion,PT_conditional,1,200,191,1505445201,raw_structured,,,,
PRE,k=-4,,,-4.0,reference_fold_pretrend,-0.3175893968655842,-0.31767513087707344,0.19762714836642356,-0.6953119629096549,-0.6379928435261424,0.02001255480331835,0.0758090403193224,0.062,0.124,0.124,-0.0,correction_completion,PT_conditional,1,200,191,1505445201,reference_fold_convolution_rf,,,,
PRE,k=-3,,,-3.0,reference_fold_pretrend,-0.2528372989320625,-0.24690050858552948,0.17843775092324254,-0.6231549755315644,-0.5647447550155487,0.03048941414065571,0.0882705593396464,0.07733333333333334,0.15466666666666667,0.15466666666666667,-0.0,correction_completion,PT_conditional,1,200,191,1505445201,reference_fold_convolution_rf,,,,
PRE,k=-2,,,-2.0,reference_fold_pretrend,-0.21441421106632205,-0.20961038645055902,0.16227923558866159,-0.544701452409894,-0.49175232990609674,0.010048333503219153,0.04324796635494171,0.11866666666666667,0.23733333333333334,0.23733333333333334,-0.0,correction_completion,PT_conditional,1,200,191,1505445201,reference_fold_convolution_rf,,,,
PRE,slope,,,,reference_fold_pretrend,0.11948978568051427,0.11869034060236375,0.06964777906016804,-0.013528572534094832,0.004393027047964911,0.23719794183797702,0.255432785468088,0.044,0.088,0.088,0.0,correction_completion,PT_conditional,1,200,191,1505445201,reference_fold_convolution_rf,,,,
PRE_SUB,X1=0_k=-4,,,-4.0,reference_fold_pretrend,-0.3223226051060288,-0.31949196673704094,0.20096964658823904,-0.7091819206692831,-0.6524645720535702,0.022406092738470617,0.07907406831931192,0.06133333333333333,0.12266666666666666,0.12266666666666666,-0.0,correction_completion,PT_conditional,1,200,191,1505445201,reference_fold_convolution_rf,,,,
PRE_SUB,X1=0_k=-3,,,-3.0,reference_fold_pretrend,-0.23829302416278356,-0.23393545332166735,0.18062352587771457,-0.613360645338511,-0.5547585989742724,0.03956994013301996,0.10139383299064005,0.09266666666666666,0.18533333333333332,0.18533333333333332,-0.0,correction_completion,PT_conditional,1,200,191,1505445201,reference_fold_convolution_rf,,,,
PRE_SUB,X1=0_k=-2,,,-2.0,reference_fold_pretrend,-0.20689680311144729,-0.20145937220455123,0.16188455108763822,-0.5349782079521967,-0.48769594610834227,0.013674696551026159,0.05076954001994399,0.13133333333333333,0.26266666666666666,0.26266666666666666,-0.0,correction_completion,PT_conditional,1,200,191,1505445201,reference_fold_convolution_rf,,,,
PRE_SUB,X1=1_k=-4,,,-4.0,reference_fold_pretrend,-0.31401873099998556,-0.3150259022831252,0.20085689002482293,-0.7099720270185453,-0.6423889331405328,0.0334073939699132,0.08537419092723945,0.06866666666666667,0.13733333333333334,0.13733333333333334,-0.0,correction_completion,PT_conditional,1,200,191,1505445201,reference_fold_convolution_rf,,,,
PRE_SUB,X1=1_k=-3,,,-3.0,reference_fold_pretrend,-0.2638092956878344,-0.2590177681237007,0.18192899242784957,-0.6402529971797183,-0.5807429645621053,0.025211352498300435,0.08223355686060921,0.07466666666666667,0.14933333333333335,0.14933333333333335,-0.0,correction_completion,PT_conditional,1,200,191,1505445201,reference_fold_convolution_rf,,,,
PRE_SUB,X1=1_k=-2,,,-2.0,reference_fold_pretrend,-0.22008523811999953,-0.21788598691160566,0.16690173356678897,-0.5619034302594591,-0.5052980624376269,0.01317979230641296,0.042584841280862575,0.12133333333333333,0.24266666666666667,0.24266666666666667,-0.0,correction_completion,PT_conditional,1,200,191,1505445201,reference_fold_convolution_rf,,,,
PRE_SUB,X2=low_k=-4,,,-4.0,reference_fold_pretrend,-0.3117875553109349,-0.3082490058752126,0.19950426951841993,-0.6958379937233744,-0.637889453851558,0.029135023351432015,0.08648007007709657,0.06666666666666667,0.13333333333333333,0.13333333333333333,-0.0,correction_completion,PT_conditional,1,200,191,1505445201,reference_fold_convolution_rf,,,,
PRE_SUB,X2=low_k=-3,,,-3.0,reference_fold_pretrend,-0.237815718184485,-0.23404244283076023,0.17989605870886963,-0.6084246272271137,-0.5487999861749825,0.042084472503822544,0.10422687226560794,0.09466666666666666,0.18933333333333333,0.18933333333333333,-0.0,correction_completion,PT_conditional,1,200,191,1505445201,reference_fold_convolution_rf,,,,
PRE_SUB,X2=low_k=-2,,,-2.0,reference_fold_pretrend,-0.20348973575383897,-0.1969118184775797,0.16240004182227905,-0.5347801472842706,-0.4802830375233919,0.020727187819869902,0.05493915557884244,0.13266666666666665,0.2653333333333333,0.2653333333333333,-0.0,correction_completion,PT_conditional,1,200,191,1505445201,reference_fold_convolution_rf,,,,
PRE_SUB,X2=high_k=-4,,,-4.0,reference_fold_pretrend,-0.32885962845433303,-0.3331809262884434,0.203941846802837,-0.7255771855390158,-0.6601560209782402,0.022910384059257796,0.08177855340317632,0.059333333333333335,0.11866666666666667,0.11866666666666667,-0.0,correction_completion,PT_conditional,1,200,191,1505445201,reference_fold_convolution_rf,,,,
PRE_SUB,X2=high_k=-3,,,-3.0,reference_fold_pretrend,-0.2679617505038146,-0.25990804039719356,0.1840297186195013,-0.6544323614665636,-0.5830871269150947,0.024558001905699484,0.07429007115154769,0.07266666666666667,0.14533333333333334,0.14533333333333334,-0.0,correction_completion,PT_conditional,1,200,191,1505445201,reference_fold_convolution_rf,,,,
PRE_SUB,X2=high_k=-2,,,-2.0,reference_fold_pretrend,-0.22666519051531,-0.22133173190970656,0.1688422999644171,-0.5741097300493186,-0.5143511998450117,0.00830837776222314,0.040083074281244926,0.11533333333333333,0.23066666666666666,0.23066666666666666,-0.0,correction_completion,PT_conditional,1,200,191,1505445201,reference_fold_convolution_rf,,,,
PRE_SUBC,X1_k=-4,,,-4.0,reference_fold_pretrend,0.008303874106043248,0.01864362513676035,0.07300964843274471,-0.21516367007361573,-0.12775424450250553,0.0732718122318124,0.09871271832352735,0.2813333333333333,0.5626666666666666,0.5626666666666666,-0.0,correction_completion,PT_conditional,1,200,191,1505445201,reference_fold_convolution_rf,,,,
PRE_SUBC,X1_k=-3,,,-3.0,reference_fold_pretrend,-0.025516271525050836,-0.013853898706337048,0.06559548188950352,-0.23453686892434342,-0.14478297412540186,0.031432214192283994,0.040173635882464705,0.302,0.604,0.604,-0.0,correction_completion,PT_conditional,1,200,191,1505445201,reference_fold_convolution_rf,,,,
PRE_SUBC,X1_k=-2,,,-2.0,reference_fold_pretrend,-0.013188435008552277,-0.0031713096743854795,0.05756937971211176,-0.17348624716846456,-0.05965096115658325,0.035995596269444666,0.04236881416918645,0.45266666666666666,0.9053333333333333,0.9053333333333333,-0.0,correction_completion,PT_conditional,1,200,191,1505445201,reference_fold_convolution_rf,,,,
PRE_SUBC,X1_slope,,,,reference_fold_pretrend,0.0028078111243231576,-0.001819201382144283,0.027590161098613595,-0.026824396724807072,-0.02162001199278739,0.052844577427464574,0.09042884622542582,0.44466666666666665,0.8893333333333333,0.8893333333333333,0.0,correction_completion,PT_conditional,1,200,191,1505445201,reference_fold_convolution_rf,,,,
PRE_SUBC,X2_k=-4,,,-4.0,reference_fold_pretrend,-0.017072073143398127,0.005975510682468228,0.07695601957398315,-0.27377852759924076,-0.20748307345927172,0.029935664209721158,0.03599285885238424,0.3606666666666667,0.7213333333333334,0.7213333333333334,-0.0,correction_completion,PT_conditional,1,200,191,1505445201,reference_fold_convolution_rf,,,,
PRE_SUBC,X2_k=-3,,,-3.0,reference_fold_pretrend,-0.03014603231932963,-0.007566942125450546,0.07319507439943264,-0.2775608516496143,-0.20770448038615577,0.012256478183350633,0.01587130543627089,0.2673333333333333,0.5346666666666666,0.5346666666666666,-0.0,correction_completion,PT_conditional,1,200,191,1505445201,reference_fold_convolution_rf,,,,
PRE_SUBC,X2_k=-2,,,-2.0,reference_fold_pretrend,-0.02317545476147105,-0.002640420277110256,0.06962851985096635,-0.2722950509105539,-0.19381070596014388,0.015046721242439885,0.017818798556584824,0.42,0.84,0.84,-0.0,correction_completion,PT_conditional,1,200,191,1505445201,reference_fold_convolution_rf,,,,
PRE_SUBC,X2_slope,,,,reference_fold_pretrend,0.009620267059308905,-2.4135579875194024e-05,0.03131397382255977,-0.010183325414967376,-0.008468678649412814,0.0836724116942567,0.11666730418722136,0.49666666666666665,0.9933333333333333,0.9933333333333333,0.0,correction_completion,PT_conditional,1,200,191,1505445201,reference_fold_convolution_rf,,,,
PRE,k=-4,,,-4.0,pretrend,-0.001603064059756307,0.0,0.2053620823738945,-0.39050172742007594,-0.33907346048510895,0.33264366053041905,0.3818934151258127,0.506,1.0,1.0,-0.0,correction_completion,PT_hold,1,200,175,3061136079,raw_structured,,,,
PRE,k=-3,,,-3.0,pretrend,-0.2838396830695922,-0.29025737830268894,0.1938425283205697,-0.6569454195325947,-0.6001150674538958,0.0,0.06070952033142229,0.10733333333333334,0.21466666666666667,0.21466666666666667,-0.0,correction_completion,PT_hold,1,200,175,3061136079,raw_structured,,,,
PRE,k=-2,,,-2.0,pretrend,-0.30816922757305115,-0.31513317006100705,0.19436218021916324,-0.6711187257651575,-0.6084772065806683,0.0,0.0,0.11533333333333333,0.23066666666666666,0.23066666666666666,-0.0,correction_completion,PT_hold,1,200,175,3061136079,raw_structured,,,,
PRE,slope,,,,pretrend,0.0629041275636789,0.061742056813899354,0.0740275591857535,-0.07908490800344599,-0.06391211135031857,0.18312530422725365,0.2045764112809356,0.198,0.396,0.396,0.0,correction_completion,PT_hold,1,200,175,3061136079,raw_structured,,,,
PRE_SUB,X1=0_k=-4,,,-4.0,pretrend,0.001169219999834293,6.483509019521584e-05,0.20649690000974744,-0.3906306973591679,-0.34235151331054814,0.33432031615173147,0.382219328143361,0.5,1.0,1.0,-0.0,correction_completion,PT_hold,1,200,175,3061136079,raw_structured,,,,
PRE_SUB,X1=0_k=-3,,,-3.0,pretrend,-0.283579957140443,-0.2891591176643962,0.19525929888781357,-0.6563050767538176,-0.6038476642767882,0.00041371247987836713,0.06173547756353683,0.11066666666666666,0.22133333333333333,0.22133333333333333,-0.0,correction_completion,PT_hold,1,200,175,3061136079,raw_structured,,,,
PRE_SUB,X1=0_k=-2,,,-2.0,pretrend,-0.30864291392497567,-0.3144162160888979,0.195271982693683,-0.6744778488574844,-0.6134471138483067,0.0,0.0,0.11666666666666667,0.23333333333333334,0.23333333333333334,-0.0,correction_completion,PT_hold,1,200,175,3061136079,raw_structured,,,,
PRE_SUB,X1=1_k=-4,,,-4.0,pretrend,-0.003764505868928641,0.0,0.21227908208835042,-0.4089527838090447,-0.3488469297585511,0.3405004422221784,0.3978832912590574,0.502,1.0,1.0,-0.0,correction_completion,PT_hold,1,200,175,3061136079,raw_structured,,,,
PRE_SUB,X1=1_k=-3,,,-3.0,pretrend,-0.28404218125164077,-0.29043932988050425,0.19537499813415693,-0.6587245892693664,-0.6038476642767878,1.881215188369384e-05,0.06513488491041763,0.11,0.22,0.22,-0.0,correction_completion,PT_hold,1,200,175,3061136079,raw_structured,,,,
PRE_SUB,X1=1_k=-2,,,-2.0,pretrend,-0.30779991279019486,-0.3144757090730173,0.19535846010976737,-0.6719216598064095,-0.6194093623830225,0.0,0.0,0.116,0.232,0.232,-0.0,correction_completion,PT_hold,1,200,175,3061136079,raw_structured,,,,
PRE_SUB,X2=low_k=-4,,,-4.0,pretrend,0.01170045535636414,0.011099748417669045,0.20874032818436997,-0.38819472706314945,-0.32364540410356896,0.3475325277550578,0.4081359926938194,0.47933333333333333,0.9586666666666667,0.9586666666666667,-0.0,correction_completion,PT_hold,1,200,175,3061136079,raw_structured,,,,
PRE_SUB,X2=low_k=-3,,,-3.0,pretrend,-0.2719639808677373,-0.2767609938793481,0.19679480476262917,-0.6559897049688029,-0.5970917240655071,0.012352920222364257,0.0858175244459971,0.12533333333333332,0.25066666666666665,0.25066666666666665,-0.0,correction_completion,PT_hold,1,200,175,3061136079,raw_structured,,,,
PRE_SUB,X2=low_k=-2,,,-2.0,pretrend,-0.2970000369406053,-0.30056490652729495,0.19515977708189472,-0.6682562349916202,-0.6038891573515941,0.0,0.0,0.128,0.256,0.256,-0.0,correction_completion,PT_hold,1,200,175,3061136079,raw_structured,,,,
PRE_SUB,X2=high_k=-4,,,-4.0,pretrend,-0.02382595261430735,-0.009872394211778168,0.22402886253005172,-0.48069170380655635,-0.3913597654004343,0.3227639555427953,0.37393315252956594,0.47933333333333333,0.9586666666666667,0.9586666666666667,-0.0,correction_completion,PT_hold,1,200,175,3061136079,raw_structured,,,,
PRE_SUB,X2=high_k=-3,,,-3.0,pretrend,-0.3049039685112166,-0.3021229512596736,0.2132314829083379,-0.7614548364625278,-0.6677485444506475,0.0,0.0553893497189331,0.106,0.212,0.212,-0.0,correction_completion,PT_hold,1,200,175,3061136079,raw_structured,,,,
PRE_SUB,X2=high_k=-2,,,-2.0,pretrend,-0.32800757655595436,-0.32140370910449284,0.2162971780327191,-0.8102176689636352,-0.6888491239289358,0.0,0.0,0.11533333333333333,0.23066666666666666,0.23066666666666666,-0.0,correction_completion,PT_hold,1,200,175,3061136079,raw_structured,,,,
PRE_SUBC,X1_k=-4,,,-4.0,pretrend,-0.004933725868762935,1.3877787807814457e-17,0.08617331915887101,-0.2634841492721327,-0.08100418500550728,0.041648967518585954,0.12723677816793416,0.49266666666666664,0.9853333333333333,0.9853333333333333,-0.0,correction_completion,PT_hold,1,200,175,3061136079,raw_structured,,,,
PRE_SUBC,X1_k=-3,,,-3.0,pretrend,-0.0004622241111977926,0.0,0.048400045076201124,-0.022143825445510888,-1.2795320358804928e-15,0.027761427242840312,0.04190633670744284,0.5506666666666666,1.0,1.0,-0.0,correction_completion,PT_hold,1,200,175,3061136079,raw_structured,,,,
PRE_SUBC,X1_k=-2,,,-2.0,pretrend,0.0008430011347807549,0.0,0.03895051534943025,-0.004509583122075676,-9.305056725139593e-16,0.0250988184241995,0.04076216848066068,0.5773333333333334,1.0,1.0,-0.0,correction_completion,PT_hold,1,200,175,3061136079,raw_structured,,,,
PRE_SUBC,X1_slope,,,,pretrend,0.001063044620993117,-4.956352788505163e-19,0.024918668863632698,-0.0336294448698844,-0.01679728391302086,0.021234096310448067,0.06478279541393529,0.5,1.0,1.0,0.0,correction_completion,PT_hold,1,200,175,3061136079,raw_structured,,,,
PRE_SUBC,X2_k=-4,,,-4.0,pretrend,-0.03552640797067149,-2.7755575615628914e-17,0.12886983902880822,-0.49624996022903795,-0.3922308535203312,0.010633157622623355,0.022734050446467518,0.49333333333333335,0.9866666666666667,0.9866666666666667,-0.0,correction_completion,PT_hold,1,200,175,3061136079,raw_structured,,,,
PRE_SUBC,X2_k=-3,,,-3.0,pretrend,-0.03293998764347926,0.0,0.1239029711601941,-0.4923253361206461,-0.3334356894410315,8.326672684688674e-16,0.0033683051343641256,0.516,1.0,1.0,-0.0,correction_completion,PT_hold,1,200,175,3061136079,raw_structured,,,,
PRE_SUBC,X2_k=-2,,,-2.0,pretrend,-0.0310075396153491,0.0,0.12154819291417232,-0.4951393143907329,-0.3264229248441262,6.661338147750939e-16,1.1102230246251565e-15,0.55,1.0,1.0,-0.0,correction_completion,PT_hold,1,200,175,3061136079,raw_structured,,,,
PRE_SUBC,X2_slope,,,,pretrend,0.014533338486737293,9.20022986366271e-18,0.05329641175641722,-0.006009755444198459,-0.0026396096521546183,0.14265065933323495,0.2115900009862015,0.482,0.964,0.964,0.0,correction_completion,PT_hold,1,200,175,3061136079,raw_structured,,,,
PRE,k=-4,,,-4.0,reference_fold_pretrend,-0.04577603413610147,-0.05008946208734686,0.18422915155672986,-0.4097190014408785,-0.3618672995780956,0.2586227060757321,0.3142833426119905,0.39666666666666667,0.7933333333333333,0.7933333333333333,-0.0,correction_completion,PT_hold,1,200,175,3061136079,reference_fold_convolution_rf,,,,
PRE,k=-3,,,-3.0,reference_fold_pretrend,-0.2723837073222095,-0.2720773680689416,0.1613334587293485,-0.5742516975347036,-0.5276665577312044,0.0,0.03614777856605614,0.052,0.104,0.104,-0.0,correction_completion,PT_hold,1,200,175,3061136079,reference_fold_convolution_rf,,,,
PRE,k=-2,,,-2.0,reference_fold_pretrend,-0.2735213224700007,-0.27754495700760473,0.15941554231546995,-0.5864439322906216,-0.531464439648539,0.0,0.016471700069382544,0.06,0.12,0.12,-0.0,correction_completion,PT_hold,1,200,175,3061136079,reference_fold_convolution_rf,,,,
PRE,slope,,,,reference_fold_pretrend,0.06825834568019458,0.07059511929474542,0.06506413980983891,-0.06039145454982051,-0.0432224131954473,0.17402360273928966,0.19089900846445843,0.15533333333333332,0.31066666666666665,0.31066666666666665,0.0,correction_completion,PT_hold,1,200,175,3061136079,reference_fold_convolution_rf,,,,
PRE_SUB,X1=0_k=-4,,,-4.0,reference_fold_pretrend,-0.04975396955019586,-0.054801113388760994,0.18156440182893735,-0.4007327320394363,-0.3495598032351782,0.2584141666574133,0.3076510484940655,0.38133333333333336,0.7626666666666667,0.7626666666666667,-0.0,correction_completion,PT_hold,1,200,175,3061136079,reference_fold_convolution_rf,,,,
PRE_SUB,X1=0_k=-3,,,-3.0,reference_fold_pretrend,-0.2542498222375987,-0.25319244794943857,0.15656527172996632,-0.5501521032974576,-0.5068059041084627,0.0,0.05013910201703506,0.058,0.116,0.116,-0.0,correction_completion,PT_hold,1,200,175,3061136079,reference_fold_convolution_rf,,,,
PRE_SUB,X1=0_k=-2,,,-2.0,reference_fold_pretrend,-0.25241712936569277,-0.25127400820361623,0.15312441380377723,-0.557241021145529,-0.512799734346293,0.0,0.019303986602319384,0.06533333333333333,0.13066666666666665,0.13066666666666665,-0.0,correction_completion,PT_hold,1,200,175,3061136079,reference_fold_convolution_rf,,,,
PRE_SUB,X1=1_k=-4,,,-4.0,reference_fold_pretrend,-0.042674592965790584,-0.04415538174616736,0.19301789358697177,-0.42613888861975197,-0.3663305778835813,0.28106461653673814,0.33957294335294813,0.41333333333333333,0.8266666666666667,0.8266666666666667,-0.0,correction_completion,PT_hold,1,200,175,3061136079,reference_fold_convolution_rf,,,,
PRE_SUB,X1=1_k=-3,,,-3.0,reference_fold_pretrend,-0.28652199060851635,-0.288127655563536,0.16936963400558233,-0.5964716129989985,-0.5567772838810909,0.0,0.042889441364668254,0.05333333333333334,0.10666666666666667,0.10666666666666667,-0.0,correction_completion,PT_hold,1,200,175,3061136079,reference_fold_convolution_rf,,,,
PRE_SUB,X1=1_k=-2,,,-2.0,reference_fold_pretrend,-0.28997543912759677,-0.29510610413431393,0.16767700995773863,-0.604493628966871,-0.5594253616305314,0.0,0.016809140563123638,0.058,0.116,0.116,-0.0,correction_completion,PT_hold,1,200,175,3061136079,reference_fold_convolution_rf,,,,
PRE_SUB,X2=low_k=-4,,,-4.0,reference_fold_pretrend,-0.02123171975610791,-0.021233700154781446,0.19317974732638268,-0.40394871929396925,-0.3465368457441137,0.30491524376426965,0.3566839087652998,0.46,0.92,0.92,-0.0,correction_completion,PT_hold,1,200,175,3061136079,reference_fold_convolution_rf,,,,
PRE_SUB,X2=low_k=-3,,,-3.0,reference_fold_pretrend,-0.26697060843949905,-0.2692692393784052,0.16775664986385447,-0.5770203762305605,-0.5316397703014468,0.004516692108820438,0.05622809862859207,0.062,0.124,0.124,-0.0,correction_completion,PT_hold,1,200,175,3061136079,reference_fold_convolution_rf,,,,
PRE_SUB,X2=low_k=-2,,,-2.0,reference_fold_pretrend,-0.2718567372696151,-0.27191761549603366,0.16653089055960604,-0.5958583543610767,-0.5423892720180639,0.0,0.03270019301048091,0.06866666666666667,0.13733333333333334,0.13733333333333334,-0.0,correction_completion,PT_hold,1,200,175,3061136079,reference_fold_convolution_rf,,,,
PRE_SUB,X2=high_k=-4,,,-4.0,reference_fold_pretrend,-0.06367354218377419,-0.06471355157461972,0.19380759767283673,-0.4441509446794,-0.3924222493507185,0.25005836202177073,0.310328445011427,0.37266666666666665,0.7453333333333333,0.7453333333333333,-0.0,correction_completion,PT_hold,1,200,175,3061136079,reference_fold_convolution_rf,,,,
PRE_SUB,X2=high_k=-3,,,-3.0,reference_fold_pretrend,-0.2951695137699146,-0.29255795395293527,0.17240177515286803,-0.6225175319535589,-0.5763141769048968,-0.0037520842196001438,0.03194726056991694,0.046,0.092,0.092,-0.0,correction_completion,PT_hold,1,200,175,3061136079,reference_fold_convolution_rf,,,,
PRE_SUB,X2=high_k=-2,,,-2.0,reference_fold_pretrend,-0.2960525189123278,-0.2944750041953887,0.17109594581226065,-0.6382382579839669,-0.5809676166090708,0.0,0.010966110082073923,0.056,0.112,0.112,-0.0,correction_completion,PT_hold,1,200,175,3061136079,reference_fold_convolution_rf,,,,
PRE_SUBC,X1_k=-4,,,-4.0,reference_fold_pretrend,0.0070793765844052794,0.01545486048687204,0.07637623434135961,-0.20772386975734733,-0.12677431290803012,0.10272216381491792,0.12847762407661334,0.384,0.768,0.768,-0.0,correction_completion,PT_hold,1,200,175,3061136079,reference_fold_convolution_rf,,,,
PRE_SUBC,X1_k=-3,,,-3.0,reference_fold_pretrend,-0.03227216837091765,-0.030076305420926958,0.058039833669552135,-0.14822215058550037,-0.11179782636752665,0.053045476438943556,0.06899714688013397,0.2773333333333333,0.5546666666666666,0.5546666666666666,-0.0,correction_completion,PT_hold,1,200,175,3061136079,reference_fold_convolution_rf,,,,
PRE_SUBC,X1_k=-2,,,-2.0,reference_fold_pretrend,-0.037558309761904024,-0.03793337244458337,0.05166228194718793,-0.13430521939130374,-0.11167821810230404,0.041262107107847064,0.057487859594294095,0.224,0.448,0.448,-0.0,correction_completion,PT_hold,1,200,175,3061136079,reference_fold_convolution_rf,,,,
PRE_SUBC,X1_slope,,,,reference_fold_pretrend,0.005776036910751677,0.004191253206419139,0.025137313074913677,-0.036408727495692045,-0.028326093832194973,0.045146029214363365,0.06964965983869226,0.42333333333333334,0.8466666666666667,0.8466666666666667,0.0,correction_completion,PT_hold,1,200,175,3061136079,reference_fold_convolution_rf,,,,
PRE_SUBC,X2_k=-4,,,-4.0,reference_fold_pretrend,-0.04244182242766628,-0.008567001587219333,0.09474503269097961,-0.3353499062302251,-0.2813157178334209,0.014862977428258515,0.024162753984006503,0.266,0.532,0.532,-0.0,correction_completion,PT_hold,1,200,175,3061136079,reference_fold_convolution_rf,,,,
PRE_SUBC,X2_k=-3,,,-3.0,reference_fold_pretrend,-0.028198905330415504,0.0024766139149708793,0.09008855467408314,-0.31985722386546434,-0.2611132658415152,0.020940232662278867,0.02448719875179938,0.428,0.856,0.856,-0.0,correction_completion,PT_hold,1,200,175,3061136079,reference_fold_convolution_rf,,,,
PRE_SUBC,X2_k=-2,,,-2.0,reference_fold_pretrend,-0.024195781642712647,0.004761131068677801,0.08785440010631043,-0.31471098430289,-0.25921780972466096,0.02114746515817219,0.024720714081158626,0.3606666666666667,0.7213333333333334,0.7213333333333334,-0.0,correction_completion,PT_hold,1,200,175,3061136079,reference_fold_convolution_rf,,,,
PRE_SUBC,X2_slope,,,,reference_fold_pretrend,0.014851361399038749,0.0012194759973971838,0.03876168726784478,-0.009397647315873255,-0.007279912283134168,0.11448961929391291,0.13826203575826432,0.4073333333333333,0.8146666666666667,0.8146666666666667,0.0,correction_completion,PT_hold,1,200,175,3061136079,reference_fold_convolution_rf,,,,
PRE,k=-4,,,-4.0,pretrend,-0.7098429317133278,-0.7150769427311818,0.21773431477283423,-1.128282691689509,-1.073812220885816,-0.34834887086019445,-0.27987499403053884,0.0026666666666666666,0.005333333333333333,0.005333333333333333,-0.6311914945823494,correction_completion,PT_violation_a20,1,200,159,1301837352,raw_structured,,,,
PRE,k=-3,,,-3.0,pretrend,-0.5742329300733481,-0.578416087625353,0.20378425208568426,-0.9516708235614955,-0.8990520643110014,-0.23833271854192828,-0.17029821825011546,0.004666666666666667,0.009333333333333334,0.009333333333333334,-0.4207943297215663,correction_completion,PT_violation_a20,1,200,159,1301837352,raw_structured,,,,
PRE,k=-2,,,-2.0,pretrend,-0.5257816446082298,-0.5248677918722328,0.20143044866409907,-0.9146292385724931,-0.8449281021389717,-0.20016154955725712,-0.12102844928551848,0.014666666666666666,0.029333333333333333,0.029333333333333333,-0.21039716486078314,correction_completion,PT_violation_a20,1,200,159,1301837352,raw_structured,,,,
PRE,slope,,,,pretrend,0.27169830713535065,0.2730053639984844,0.07995768036558247,0.10892266447453097,0.14031008342880916,0.3991888095388947,0.42067162391526847,0.0026666666666666666,0.005333333333333333,0.005333333333333333,0.21039716486078314,correction_completion,PT_violation_a20,1,200,159,1301837352,raw_structured,,,,
PRE_SUB,X1=0_k=-4,,,-4.0,pretrend,-0.7175740141171895,-0.723976093195392,0.21950294877821308,-1.1393765682235695,-1.0856588179032343,-0.3570755820185087,-0.2856628018714492,0.0026666666666666666,0.005333333333333333,0.005333333333333333,-0.6146685771272351,correction_completion,PT_violation_a20,1,200,159,1301837352,raw_structured,,,,
PRE_SUB,X1=0_k=-3,,,-3.0,pretrend,-0.579294060415909,-0.5865596537800735,0.20554851902362212,-0.9579178205521656,-0.9008332211919758,-0.24643054624499114,-0.17367990452001428,0.004666666666666667,0.009333333333333334,0.009333333333333334,-0.40977905141815674,correction_completion,PT_violation_a20,1,200,159,1301837352,raw_structured,,,,
PRE_SUB,X1=0_k=-2,,,-2.0,pretrend,-0.5292598338422041,-0.531868018907135,0.20318897535649236,-0.906855057826785,-0.8449281021389722,-0.1943219879220537,-0.10577742005991099,0.014666666666666666,0.029333333333333333,0.029333333333333333,-0.20488952570907837,correction_completion,PT_violation_a20,1,200,159,1301837352,raw_structured,,,,
PRE_SUB,X1=1_k=-4,,,-4.0,pretrend,-0.7038153081442151,-0.7090464125310707,0.22104284086960335,-1.1270556515547459,-1.073812220885818,-0.33887299653021574,-0.2675650116182824,0.0033333333333333335,0.006666666666666667,0.006666666666666667,-0.630245470323985,correction_completion,PT_violation_a20,1,200,159,1301837352,raw_structured,,,,
PRE_SUB,X1=1_k=-3,,,-3.0,pretrend,-0.5702869640435548,-0.5729827354397279,0.20525849729052378,-0.9557967334020138,-0.9006667003668051,-0.22842332585959632,-0.16423399176139383,0.004666666666666667,0.009333333333333334,0.009333333333333334,-0.4201636468826567,correction_completion,PT_violation_a20,1,200,159,1301837352,raw_structured,,,,
PRE_SUB,X1=1_k=-2,,,-2.0,pretrend,-0.5230698360529279,-0.521479970675105,0.20199823899865912,-0.9126454259717386,-0.844497483746837,-0.19878284131817187,-0.11382406505880012,0.016,0.032,0.032,-0.21008182344132836,correction_completion,PT_violation_a20,1,200,159,1301837352,raw_structured,,,,
PRE_SUB,X2=low_k=-4,,,-4.0,pretrend,-0.5848908156244546,-0.6017832850598238,0.2702622405131746,-1.100792868129206,-1.0121623175144636,-0.10213831275956291,-0.01992249277404633,0.02266666666666667,0.04533333333333334,0.04533333333333334,-0.5215446573528655,correction_completion,PT_violation_a20,1,200,159,1301837352,raw_structured,,,,
PRE_SUB,X2=low_k=-3,,,-3.0,pretrend,-0.4505555579132702,-0.4643084287264353,0.25981190624600353,-0.9127611077902749,-0.8452363976482743,0.0,0.0830822226116893,0.056,0.112,0.112,-0.34769643823524365,correction_completion,PT_violation_a20,1,200,159,1301837352,raw_structured,,,,
PRE_SUB,X2=low_k=-2,,,-2.0,pretrend,-0.406515342533374,-0.43194119438501805,0.2593792775016929,-0.8729205518942081,-0.8126558474490438,0.029968858533137643,0.12108152092293288,0.08866666666666667,0.17733333333333334,0.17733333333333334,-0.17384821911762183,correction_completion,PT_violation_a20,1,200,159,1301837352,raw_structured,,,,
PRE_SUB,X2=high_k=-4,,,-4.0,pretrend,-0.7936827777847302,-0.7868724099541722,0.2556857602246273,-1.3062105582417998,-1.2252283088692792,-0.38845972000604195,-0.3284684954925615,0.0026666666666666666,0.005333333333333333,0.005333333333333333,-0.6417899488907028,correction_completion,PT_violation_a20,1,200,159,1301837352,raw_structured,,,,
PRE_SUB,X2=high_k=-3,,,-3.0,pretrend,-0.6569264809016,-0.6503503448609292,0.24258313247346705,-1.1433192949751272,-1.056901702872492,-0.2783386277075593,-0.2101697224465147,0.004666666666666667,0.009333333333333334,0.009333333333333334,-0.42785996592713527,correction_completion,PT_violation_a20,1,200,159,1301837352,raw_structured,,,,
PRE_SUB,X2=high_k=-2,,,-2.0,pretrend,-0.6057197113498092,-0.5980603391439758,0.23777037878442545,-1.0753844023181107,-0.9931231951146546,-0.22848037502380078,-0.1507302761610288,0.014,0.028,0.028,-0.21392998296356763,correction_completion,PT_violation_a20,1,200,159,1301837352,raw_structured,,,,
PRE_SUBC,X1_k=-4,,,-4.0,pretrend,0.013758705972974279,4.440892098500626e-16,0.06848292078534192,-0.03691079022583709,-0.021014315684585637,0.06173793245281593,0.1582190919360592,0.364,0.728,0.728,-0.015576893196749986,correction_completion,PT_violation_a20,1,200,159,1301837352,raw_structured,,,,
PRE_SUBC,X1_k=-3,,,-3.0,pretrend,0.009007096372354167,3.885780586188048e-16,0.051591683396826994,-0.028784734633551225,-0.020067200885244302,0.05573983751120491,0.06444147925489636,0.37266666666666665,0.7453333333333333,0.7453333333333333,-0.01038459546449999,correction_completion,PT_violation_a20,1,200,159,1301837352,raw_structured,,,,
PRE_SUBC,X1_k=-2,,,-2.0,pretrend,0.006189997789276241,2.220446049250313e-16,0.042298350007461405,-0.027358000178428935,-0.01943030645118203,0.05330342226116032,0.059430126590818255,0.402,0.804,0.804,-0.005192297732249995,correction_completion,PT_violation_a20,1,200,159,1301837352,raw_structured,,,,
PRE_SUBC,X1_slope,,,,pretrend,-0.004677164889493387,-1.9032394707859825e-16,0.023032816812755694,-0.04512906235088796,-0.02558045857909621,0.009006135293393908,0.012898846216287974,0.356,0.712,0.712,0.005192297732249995,correction_completion,PT_violation_a20,1,200,159,1301837352,raw_structured,,,,
PRE_SUBC,X2_k=-4,,,-4.0,pretrend,-0.20879196216027565,-6.661338147750939e-16,0.2862267930567899,-0.8672895913241654,-0.7671901345774174,1.3322676295501878e-15,0.0019160333649976438,0.3293333333333333,0.6586666666666666,0.6586666666666666,-0.12024529153783742,correction_completion,PT_violation_a20,1,200,159,1301837352,raw_structured,,,,
PRE_SUBC,X2_k=-3,,,-3.0,pretrend,-0.20637092298832993,-5.551115123125783e-16,0.2840307287329966,-0.8651412031238072,-0.7589224315012024,9.992007221626409e-16,1.3877787807814457e-15,0.3406666666666667,0.6813333333333333,0.6813333333333333,-0.08016352769189161,correction_completion,PT_violation_a20,1,200,159,1301837352,raw_structured,,,,
PRE_SUBC,X2_k=-2,,,-2.0,pretrend,-0.19920436881643513,-3.885780586188048e-16,0.283780389867979,-0.8701904989563508,-0.7604237345100479,7.771561172376096e-16,1.1102230246251565e-15,0.358,0.716,0.716,-0.040081763845945806,correction_completion,PT_violation_a20,1,200,159,1301837352,raw_structured,,,,
PRE_SUBC,X2_slope,,,,pretrend,0.08845157866242301,2.379049338482478e-16,0.12162289806725075,-0.0005833084575332414,-5.233908544661452e-16,0.32868954582754273,0.37190877425665175,0.324,0.648,0.648,0.040081763845945806,correction_completion,PT_violation_a20,1,200,159,1301837352,raw_structured,,,,
PRE,k=-4,,,-4.0,reference_fold_pretrend,-0.7135991327908721,-0.7124610106663404,0.207899359057901,-1.113235742675735,-1.0494453254039422,-0.3679337004463797,-0.3168951194962382,0.0,0.0,0.0,-0.6311914945823494,correction_completion,PT_violation_a20,1,200,159,1301837352,reference_fold_convolution_rf,,,,
PRE,k=-3,,,-3.0,reference_fold_pretrend,-0.5921853608104266,-0.5943428070703081,0.19439548786282446,-0.9857524108237117,-0.9203106811054936,-0.2786339161232344,-0.21112810991939265,0.002,0.004,0.004,-0.4207943297215663,correction_completion,PT_violation_a20,1,200,159,1301837352,reference_fold_convolution_rf,,,,
PRE,k=-2,,,-2.0,reference_fold_pretrend,-0.4850145252469031,-0.4872425537868532,0.1952004401087253,-0.8665327884251115,-0.805660556018461,-0.16069708650148362,-0.11405637781019808,0.007333333333333333,0.014666666666666666,0.014666666666666666,-0.21039716486078314,correction_completion,PT_violation_a20,1,200,159,1301837352,reference_fold_convolution_rf,,,,
PRE,slope,,,,reference_fold_pretrend,0.27215590323145517,0.27300194889106005,0.07772704520677128,0.11593470885156794,0.144846941826311,0.4021256057640088,0.4263536587841295,0.0,0.0,0.0,0.21039716486078314,correction_completion,PT_violation_a20,1,200,159,1301837352,reference_fold_convolution_rf,,,,
PRE_SUB,X1=0_k=-4,,,-4.0,reference_fold_pretrend,-0.7274156844178192,-0.7278856125502369,0.21310890304201496,-1.1441961637192886,-1.0770621244352294,-0.3794970500219287,-0.3249127665602501,0.0006666666666666666,0.0013333333333333333,0.0013333333333333333,-0.6146685771272351,correction_completion,PT_violation_a20,1,200,159,1301837352,reference_fold_convolution_rf,,,,
PRE_SUB,X1=0_k=-3,,,-3.0,reference_fold_pretrend,-0.6039068741047403,-0.6046663707252803,0.20107128432555113,-1.0030528378587513,-0.9352942503015323,-0.28206096976076056,-0.20150536737883756,0.002,0.004,0.004,-0.40977905141815674,correction_completion,PT_violation_a20,1,200,159,1301837352,reference_fold_convolution_rf,,,,
PRE_SUB,X1=0_k=-2,,,-2.0,reference_fold_pretrend,-0.49703559850891454,-0.4968591085055245,0.20059623268488808,-0.9004239100898674,-0.8335207299229804,-0.16539722452899483,-0.11396827272737385,0.006666666666666667,0.013333333333333334,0.013333333333333334,-0.20488952570907837,correction_completion,PT_violation_a20,1,200,159,1301837352,reference_fold_convolution_rf,,,,
PRE_SUB,X1=1_k=-4,,,-4.0,reference_fold_pretrend,-0.7028269060986758,-0.7015611200339162,0.21195813063079977,-1.1247322231222814,-1.0525251127705406,-0.34093891287606276,-0.3029298705120843,0.0,0.0,0.0,-0.630245470323985,correction_completion,PT_violation_a20,1,200,159,1301837352,reference_fold_convolution_rf,,,,
PRE_SUB,X1=1_k=-3,,,-3.0,reference_fold_pretrend,-0.583046553835199,-0.5827397154495884,0.19670678450619083,-0.9790480049686853,-0.906323956381608,-0.25879202053339695,-0.20429990564797046,0.002,0.004,0.004,-0.4201636468826567,correction_completion,PT_violation_a20,1,200,159,1301837352,reference_fold_convolution_rf,,,,
PRE_SUB,X1=1_k=-2,,,-2.0,reference_fold_pretrend,-0.475642163042623,-0.48249062879430105,0.19806374431244725,-0.8593694356474476,-0.7983008534945332,-0.15116120215478362,-0.10296037493617474,0.008,0.016,0.016,-0.21008182344132836,correction_completion,PT_violation_a20,1,200,159,1301837352,reference_fold_convolution_rf,,,,
PRE_SUB,X2=low_k=-4,,,-4.0,reference_fold_pretrend,-0.5935270043849307,-0.5971499771390585,0.23073034537650092,-1.0271153261649155,-0.9662339836409987,-0.21661944263350458,-0.1482421430425276,0.007333333333333333,0.014666666666666666,0.014666666666666666,-0.5215446573528655,correction_completion,PT_violation_a20,1,200,159,1301837352,reference_fold_convolution_rf,,,,
PRE_SUB,X2=low_k=-3,,,-3.0,reference_fold_pretrend,-0.4747158056802959,-0.47528779663452725,0.21617676471151065,-0.8863330037546248,-0.8312046683714499,-0.118860421383614,-0.04216570157147179,0.012666666666666666,0.025333333333333333,0.025333333333333333,-0.34769643823524365,correction_completion,PT_violation_a20,1,200,159,1301837352,reference_fold_convolution_rf,,,,
PRE_SUB,X2=low_k=-2,,,-2.0,reference_fold_pretrend,-0.39771383314623576,-0.4054518603119749,0.21727769232087776,-0.8135123665025796,-0.7492811382114549,-0.04136168658772822,0.010140981952931777,0.030666666666666665,0.06133333333333333,0.06133333333333333,-0.17384821911762183,correction_completion,PT_violation_a20,1,200,159,1301837352,reference_fold_convolution_rf,,,,
PRE_SUB,X2=high_k=-4,,,-4.0,reference_fold_pretrend,-0.7827038866293787,-0.7813305512413073,0.22296306163797044,-1.2224204813723656,-1.148364937782998,-0.4220950977748379,-0.3571842833182896,0.0,0.0,0.0,-0.6417899488907028,correction_completion,PT_violation_a20,1,200,159,1301837352,reference_fold_convolution_rf,,,,
PRE_SUB,X2=high_k=-3,,,-3.0,reference_fold_pretrend,-0.6600844418588864,-0.6614802743952317,0.213052035518941,-1.0864609046458136,-1.0155957399614945,-0.32535117589094764,-0.24525802769301633,0.0013333333333333333,0.0026666666666666666,0.0026666666666666666,-0.42785996592713527,correction_completion,PT_violation_a20,1,200,159,1301837352,reference_fold_convolution_rf,,,,
PRE_SUB,X2=high_k=-2,,,-2.0,reference_fold_pretrend,-0.5370163514320998,-0.5325087327464528,0.2124318657960836,-0.9654176090049993,-0.891892865215599,-0.19365413770585185,-0.12642928972324335,0.006,0.012,0.012,-0.21392998296356763,correction_completion,PT_violation_a20,1,200,159,1301837352,reference_fold_convolution_rf,,,,
PRE_SUBC,X1_k=-4,,,-4.0,reference_fold_pretrend,0.024588778319143363,0.009673110045746447,0.08827835276970744,-0.2221752911808893,-0.11563561232943559,0.13359109623761853,0.17734343361086402,0.382,0.764,0.764,-0.015576893196749986,correction_completion,PT_violation_a20,1,200,159,1301837352,reference_fold_convolution_rf,,,,
PRE_SUBC,X1_k=-3,,,-3.0,reference_fold_pretrend,0.02086032026954131,0.007944329482710066,0.08223001882301789,-0.21695480121475844,-0.1045091371562587,0.12345151739128482,0.1385719251219295,0.3973333333333333,0.7946666666666666,0.7946666666666666,-0.01038459546449999,correction_completion,PT_violation_a20,1,200,159,1301837352,reference_fold_convolution_rf,,,,
PRE_SUBC,X1_k=-2,,,-2.0,reference_fold_pretrend,0.0213934354662915,0.009515970476333041,0.07981858639063619,-0.20977107573058912,-0.08775033057571156,0.12455068377797873,0.13546576655134004,0.30866666666666664,0.6173333333333333,0.6173333333333333,-0.005192297732249995,correction_completion,PT_violation_a20,1,200,159,1301837352,reference_fold_convolution_rf,,,,
PRE_SUBC,X1_slope,,,,reference_fold_pretrend,-0.009777172211628873,-0.00414827806814662,0.03523564372056379,-0.06339738752790387,-0.054791624985017016,0.046312052272251575,0.09267400181866392,0.36466666666666664,0.7293333333333333,0.7293333333333333,0.005192297732249995,correction_completion,PT_violation_a20,1,200,159,1301837352,reference_fold_convolution_rf,,,,
PRE_SUBC,X2_k=-4,,,-4.0,reference_fold_pretrend,-0.18917688224444812,-0.16418423191452908,0.18328740621663273,-0.5459516810205242,-0.4925081133467595,0.02582979793496958,0.035877171469804195,0.146,0.292,0.292,-0.12024529153783742,correction_completion,PT_violation_a20,1,200,159,1301837352,reference_fold_convolution_rf,,,,
PRE_SUBC,X2_k=-3,,,-3.0,reference_fold_pretrend,-0.18536863617859034,-0.141662825663986,0.18286999158969666,-0.542402574454377,-0.48881410272351933,0.02584675576153958,0.03888797680147454,0.14,0.28,0.28,-0.08016352769189161,correction_completion,PT_violation_a20,1,200,159,1301837352,reference_fold_convolution_rf,,,,
PRE_SUBC,X2_k=-2,,,-2.0,reference_fold_pretrend,-0.13930251828586407,-0.03924977338697405,0.18203098447490007,-0.5068715194744654,-0.45335776496483193,0.05057433752830942,0.06252103486534233,0.31133333333333335,0.6226666666666667,0.6226666666666667,-0.040081763845945806,correction_completion,PT_violation_a20,1,200,159,1301837352,reference_fold_convolution_rf,,,,
PRE_SUBC,X2_slope,,,,reference_fold_pretrend,0.07696931695545636,0.056714757817007466,0.07711703303313469,-0.01504528708954321,-0.010848713338681265,0.20694963547796605,0.22950119706320124,0.15733333333333333,0.31466666666666665,0.31466666666666665,0.040081763845945806,correction_completion,PT_violation_a20,1,200,159,1301837352,reference_fold_convolution_rf,,,,
PRE,k=-4,,,-4.0,pretrend,-0.23217189076116562,-0.2341376895498556,0.18153404483902297,-0.5790233716948197,-0.5255103231346403,0.05992130654132207,0.11140304996918877,0.12533333333333332,0.25066666666666665,0.25066666666666665,-0.15,correction_completion,PT_violation_g05,1,200,143,2269008415,raw_structured,,,,
PRE,k=-3,,,-3.0,pretrend,-0.27663843134942806,-0.28134278830080117,0.18295709032748905,-0.6396683659156541,-0.5775014548778744,0.0,0.043068907034981924,0.09933333333333333,0.19866666666666666,0.19866666666666666,-0.09999999999999999,correction_completion,PT_violation_g05,1,200,143,2269008415,raw_structured,,,,
PRE,k=-2,,,-2.0,pretrend,-0.22729352606302627,-0.23205918001787615,0.1839381310658355,-0.5752440157385941,-0.5271191893697066,0.0,0.04271350147055991,0.20933333333333334,0.4186666666666667,0.4186666666666667,-0.049999999999999996,correction_completion,PT_violation_g05,1,200,143,2269008415,raw_structured,,,,
PRE,slope,,,,pretrend,0.10550614721752709,0.10638430609879826,0.0710830292292056,-0.02605559540011773,-0.0028557934533047953,0.22364593342443462,0.24100157804220065,0.09,0.18,0.18,0.049999999999999996,correction_completion,PT_violation_g05,1,200,143,2269008415,raw_structured,,,,
PRE_SUB,X1=0_k=-4,,,-4.0,pretrend,-0.21668383250393675,-0.2205034075879681,0.1893787012639448,-0.5637280232990745,-0.5208595282351823,0.09341580426698615,0.15163134675295376,0.14866666666666667,0.29733333333333334,0.29733333333333334,-0.1499999999999999,correction_completion,PT_violation_g05,1,200,143,2269008415,raw_structured,,,,
PRE_SUB,X1=0_k=-3,,,-3.0,pretrend,-0.2613032958245042,-0.2602211796042747,0.18847745532226245,-0.6278081641450042,-0.5679225992525948,0.007107756619566606,0.06736799595194139,0.11733333333333333,0.23466666666666666,0.23466666666666666,-0.09999999999999995,correction_completion,PT_violation_g05,1,200,143,2269008415,raw_structured,,,,
PRE_SUB,X1=0_k=-2,,,-2.0,pretrend,-0.21354946226341803,-0.21492959568756126,0.18731455594210872,-0.5601471253829018,-0.5218405113236811,0.003330739521472655,0.06530584648301342,0.228,0.456,0.456,-0.049999999999999975,correction_completion,PT_violation_g05,1,200,143,2269008415,raw_structured,,,,
PRE_SUB,X1=1_k=-4,,,-4.0,pretrend,-0.24673066552296083,-0.24546147662866902,0.19030818104334313,-0.6194779679496117,-0.5473676502081548,0.053945234450950647,0.11069716437410072,0.11866666666666667,0.23733333333333334,0.23733333333333334,-0.14999999999999997,correction_completion,PT_violation_g05,1,200,143,2269008415,raw_structured,,,,
PRE_SUB,X1=1_k=-3,,,-3.0,pretrend,-0.29105345874285654,-0.2922080141045078,0.19295100145738622,-0.6632877972363999,-0.6127136343747742,0.0,0.03859627170366192,0.09866666666666667,0.19733333333333333,0.19733333333333333,-0.09999999999999998,correction_completion,PT_violation_g05,1,200,143,2269008415,raw_structured,,,,
PRE_SUB,X1=1_k=-2,,,-2.0,pretrend,-0.24021294603465806,-0.24111541416893545,0.19521979593113528,-0.6128431014768673,-0.5494020221677467,0.0,0.027438520306526718,0.20733333333333334,0.4146666666666667,0.4146666666666667,-0.04999999999999999,correction_completion,PT_violation_g05,1,200,143,2269008415,raw_structured,,,,
PRE_SUB,X2=low_k=-4,,,-4.0,pretrend,-0.21561894882995034,-0.222313266283926,0.1895434355094311,-0.56414077837755,-0.5208595282351821,0.09561501853533814,0.15323181832787502,0.14933333333333335,0.2986666666666667,0.2986666666666667,-0.15000000000000002,correction_completion,PT_violation_g05,1,200,143,2269008415,raw_structured,,,,
PRE_SUB,X2=low_k=-3,,,-3.0,pretrend,-0.261097509711918,-0.26177900480272986,0.19070633959939814,-0.6246965625755546,-0.567019374280017,0.013037384958746413,0.08660599775203172,0.118,0.236,0.236,-0.1,correction_completion,PT_violation_g05,1,200,143,2269008415,raw_structured,,,,
PRE_SUB,X2=low_k=-2,,,-2.0,pretrend,-0.2209995028616084,-0.22300490139849405,0.1838249888405972,-0.5634772726943705,-0.5230479581704321,0.0,0.05526607381232218,0.21533333333333332,0.43066666666666664,0.43066666666666664,-0.05,correction_completion,PT_violation_g05,1,200,143,2269008415,raw_structured,,,,
PRE_SUB,X2=high_k=-4,,,-4.0,pretrend,-0.2438748815430324,-0.2439990930136966,0.18728070984749096,-0.6138140057982753,-0.5457483885038459,0.051798452999981315,0.10679775693770233,0.11866666666666667,0.23733333333333334,0.23733333333333334,-0.15000000000000002,correction_completion,PT_violation_g05,1,200,143,2269008415,raw_structured,,,,
PRE_SUB,X2=high_k=-3,,,-3.0,pretrend,-0.2875975536922061,-0.2910203013765706,0.1881776545472521,-0.6537250767541095,-0.6092910785314178,0.0,0.029927914188593727,0.09733333333333333,0.19466666666666665,0.19466666666666665,-0.1,correction_completion,PT_violation_g05,1,200,143,2269008415,raw_structured,,,,
PRE_SUB,X2=high_k=-2,,,-2.0,pretrend,-0.23198631809513312,-0.23432283750772503,0.18687306342398924,-0.5776277048662688,-0.531928876971306,0.0,0.036893735782251094,0.20866666666666667,0.41733333333333333,0.41733333333333333,-0.05,correction_completion,PT_violation_g05,1,200,143,2269008415,raw_structured,,,,
PRE_SUBC,X1_k=-4,,,-4.0,pretrend,-0.030046833019024114,-5.551115123125783e-17,0.11125746943616363,-0.44501363345946604,-0.267329482021044,8.881784197001252e-16,1.4724332864091063e-15,0.4726666666666667,0.9453333333333334,0.9453333333333334,-4.163336342344337e-17,correction_completion,PT_violation_g05,1,200,143,2269008415,raw_structured,,,,
PRE_SUBC,X1_k=-3,,,-3.0,pretrend,-0.02975016291835239,-2.7755575615628914e-17,0.10831094420290029,-0.441411779244524,-0.2565945870373164,8.326672684688674e-16,1.124794701823358e-15,0.48333333333333334,0.9666666666666667,0.9666666666666667,-2.7755575615628914e-17,correction_completion,PT_violation_g05,1,200,143,2269008415,raw_structured,,,,
PRE_SUBC,X1_k=-2,,,-2.0,pretrend,-0.02666348377124004,0.0,0.10611268790168704,-0.42906487574231095,-0.23681112331477425,6.661338147750939e-16,9.43689570931383e-16,0.5666666666666667,1.0,1.0,-1.3877787807814457e-17,correction_completion,PT_violation_g05,1,200,143,2269008415,raw_structured,,,,
PRE_SUBC,X1_slope,,,,pretrend,0.012593164904644084,2.3790493384824782e-17,0.046395927410592834,-6.034855155283886e-16,-3.3425643205678815e-16,0.10827662219769643,0.18717816842342191,0.462,0.924,0.924,1.3877787807814457e-17,correction_completion,PT_violation_g05,1,200,143,2269008415,raw_structured,,,,
PRE_SUBC,X2_k=-4,,,-4.0,pretrend,-0.028255932713082084,-5.551115123125783e-17,0.10090440245905728,-0.4129050818429116,-0.17007187961369308,7.216449660063518e-16,1.0547118733938987e-15,0.478,0.956,0.956,-0.0,correction_completion,PT_violation_g05,1,200,143,2269008415,raw_structured,,,,
PRE_SUBC,X2_k=-3,,,-3.0,pretrend,-0.026500043980288122,-5.551115123125783e-17,0.09745275769128572,-0.40045015636747844,-0.1515708308668526,6.661338147750939e-16,8.326672684688674e-16,0.486,0.972,0.972,-0.0,correction_completion,PT_violation_g05,1,200,143,2269008415,raw_structured,,,,
PRE_SUBC,X2_k=-2,,,-2.0,pretrend,-0.01098681523352473,0.0,0.049353098168331375,-0.12354102082567031,-0.08387893395360782,6.106226635438361e-16,7.771561172376096e-16,0.5573333333333333,1.0,1.0,-0.0,correction_completion,PT_violation_g05,1,200,143,2269008415,raw_structured,,,,
PRE_SUBC,X2_slope,,,,pretrend,0.010625335809524803,1.9825411154020653e-17,0.037029264914677756,-4.1445022017480174e-16,-2.619928084003829e-16,0.06651412973627815,0.14892689472804677,0.46266666666666667,0.9253333333333333,0.9253333333333333,0.0,correction_completion,PT_violation_g05,1,200,143,2269008415,raw_structured,,,,
PRE,k=-4,,,-4.0,reference_fold_pretrend,-0.29829158839025,-0.2966160604415065,0.1818353140486087,-0.661618171566565,-0.5981775011467947,-0.005298891687895038,0.06413806374192273,0.04533333333333334,0.09066666666666667,0.09066666666666667,-0.15,correction_completion,PT_violation_g05,1,200,143,2269008415,reference_fold_convolution_rf,,,,
PRE,k=-3,,,-3.0,reference_fold_pretrend,-0.3413813046490798,-0.33934364926019,0.16710751380295616,-0.6829236583447912,-0.6130313727261958,-0.0774363677208137,-0.024427510388961054,0.017333333333333333,0.034666666666666665,0.034666666666666665,-0.09999999999999999,correction_completion,PT_violation_g05,1,200,143,2269008415,reference_fold_convolution_rf,,,,
PRE,k=-2,,,-2.0,reference_fold_pretrend,-0.2812023383425344,-0.2752097682357328,0.16051463605247498,-0.6089205411408183,-0.5539855067477865,-0.010194716927048956,0.0060714349723807225,0.04666666666666667,0.09333333333333334,0.09333333333333334,-0.049999999999999996,correction_completion,PT_violation_g05,1,200,143,2269008415,reference_fold_convolution_rf,,,,
PRE,slope,,,,reference_fold_pretrend,0.13277426520081742,0.1318273778756548,0.06739803223153505,0.0001925123824592098,0.02647992479270045,0.2449368595680859,0.2711858257577436,0.025333333333333333,0.050666666666666665,0.050666666666666665,0.049999999999999996,correction_completion,PT_violation_g05,1,200,143,2269008415,reference_fold_convolution_rf,,,,
PRE_SUB,X1=0_k=-4,,,-4.0,reference_fold_pretrend,-0.2905616006279716,-0.29165770710114874,0.19485568662365213,-0.6810180495991468,-0.599205715265031,0.02044147444962505,0.08840403665733701,0.064,0.128,0.128,-0.1499999999999999,correction_completion,PT_violation_g05,1,200,143,2269008415,reference_fold_convolution_rf,,,,
PRE_SUB,X1=0_k=-3,,,-3.0,reference_fold_pretrend,-0.3051990849968932,-0.30427755520335,0.17659562885453287,-0.6576131955662429,-0.5926862331033184,-0.015078438873086757,0.0375244419353104,0.04066666666666666,0.08133333333333333,0.08133333333333333,-0.09999999999999995,correction_completion,PT_violation_g05,1,200,143,2269008415,reference_fold_convolution_rf,,,,
PRE_SUB,X1=0_k=-2,,,-2.0,reference_fold_pretrend,-0.25317787074356657,-0.24302977133990175,0.16789167564346516,-0.5957146789254336,-0.5435333949913086,0.0,0.04001448454533097,0.07,0.14,0.14,-0.049999999999999975,correction_completion,PT_violation_g05,1,200,143,2269008415,reference_fold_convolution_rf,,,,
PRE_SUB,X1=1_k=-4,,,-4.0,reference_fold_pretrend,-0.3055577768867916,-0.3026968754959887,0.19446004468629471,-0.6892534298217652,-0.631096491280911,0.015091368687699024,0.08639463969450129,0.05733333333333333,0.11466666666666667,0.11466666666666667,-0.14999999999999997,correction_completion,PT_violation_g05,1,200,143,2269008415,reference_fold_convolution_rf,,,,
PRE_SUB,X1=1_k=-3,,,-3.0,reference_fold_pretrend,-0.3753925911221351,-0.3703798403743366,0.18276918231243516,-0.7397920323313506,-0.6740475693993043,-0.07981641791662583,-0.031130740332681563,0.017333333333333333,0.034666666666666665,0.034666666666666665,-0.09999999999999998,correction_completion,PT_violation_g05,1,200,143,2269008415,reference_fold_convolution_rf,,,,
PRE_SUB,X1=1_k=-2,,,-2.0,reference_fold_pretrend,-0.30754533788556426,-0.30216509909070066,0.1785221562810889,-0.6868115245905739,-0.6048871259116616,-0.019770697691253124,0.0,0.04466666666666667,0.08933333333333333,0.08933333333333333,-0.04999999999999999,correction_completion,PT_violation_g05,1,200,143,2269008415,reference_fold_convolution_rf,,,,
PRE_SUB,X2=low_k=-4,,,-4.0,reference_fold_pretrend,-0.25690484293505916,-0.2576221709843319,0.202808183707639,-0.653092753144584,-0.5786511165774226,0.07616872090156217,0.15798125514175948,0.10266666666666667,0.20533333333333334,0.20533333333333334,-0.15000000000000002,correction_completion,PT_violation_g05,1,200,143,2269008415,reference_fold_convolution_rf,,,,
PRE_SUB,X2=low_k=-3,,,-3.0,reference_fold_pretrend,-0.2802855875462821,-0.28504499099284514,0.18254459625649513,-0.649225288750308,-0.574860874548671,0.024242237619141974,0.08303692545057013,0.06466666666666666,0.12933333333333333,0.12933333333333333,-0.1,correction_completion,PT_violation_g05,1,200,143,2269008415,reference_fold_convolution_rf,,,,
PRE_SUB,X2=low_k=-2,,,-2.0,reference_fold_pretrend,-0.23697846153479935,-0.2261995245914264,0.1701681330153544,-0.5844881339175724,-0.5265391565547097,0.02363981128258171,0.07156131593773167,0.09066666666666667,0.18133333333333335,0.18133333333333335,-0.05,correction_completion,PT_violation_g05,1,200,143,2269008415,reference_fold_convolution_rf,,,,
PRE_SUB,X2=high_k=-4,,,-4.0,reference_fold_pretrend,-0.33360268946693095,-0.3227877633753048,0.19622574221323366,-0.7423545233643533,-0.6661262220014591,-0.02073281197483493,0.05143017605731616,0.03933333333333333,0.07866666666666666,0.07866666666666666,-0.15000000000000002,correction_completion,PT_violation_g05,1,200,143,2269008415,reference_fold_convolution_rf,,,,
PRE_SUB,X2=high_k=-3,,,-3.0,reference_fold_pretrend,-0.3825488926442328,-0.3765748074314037,0.1863138091776735,-0.7593390234888262,-0.6933689891280388,-0.08297943700922347,-0.043950849436283954,0.014666666666666666,0.029333333333333333,0.029333333333333333,-0.1,correction_completion,PT_violation_g05,1,200,143,2269008415,reference_fold_convolution_rf,,,,
PRE_SUB,X2=high_k=-2,,,-2.0,reference_fold_pretrend,-0.31153419500702845,-0.3013335257084561,0.17829079555003813,-0.6798214852887702,-0.6145735252325429,-0.02295111716051614,0.0,0.044,0.088,0.088,-0.05,correction_completion,PT_violation_g05,1,200,143,2269008415,reference_fold_convolution_rf,,,,
PRE_SUBC,X1_k=-4,,,-4.0,reference_fold_pretrend,-0.014996176258819943,-0.004222918135518602,0.1389946817408084,-0.3274321923793991,-0.26305730800865196,0.19193133992720288,0.23228497084142039,0.49066666666666664,0.9813333333333333,0.9813333333333333,-4.163336342344337e-17,correction_completion,PT_violation_g05,1,200,143,2269008415,reference_fold_convolution_rf,,,,
PRE_SUBC,X1_k=-3,,,-3.0,reference_fold_pretrend,-0.07019350612524186,-0.05855855405763748,0.13279907743118857,-0.3710328750723759,-0.3177506533250565,0.12073302439244725,0.1557709589659162,0.31133333333333335,0.6226666666666667,0.6226666666666667,-2.7755575615628914e-17,correction_completion,PT_violation_g05,1,200,143,2269008415,reference_fold_convolution_rf,,,,
PRE_SUBC,X1_k=-2,,,-2.0,reference_fold_pretrend,-0.05436746714199771,-0.04071921751250426,0.13152980998070338,-0.37055295507429287,-0.2819596203004415,0.13431910884142895,0.16599516477285559,0.36666666666666664,0.7333333333333333,0.7333333333333333,-1.3877787807814457e-17,correction_completion,PT_violation_g05,1,200,143,2269008415,reference_fold_convolution_rf,,,,
PRE_SUBC,X1_slope,,,,reference_fold_pretrend,0.017124500583495805,0.011998342439342828,0.05488256977452419,-0.07256258232416532,-0.060774752021075976,0.11769805243458534,0.14522500674899436,0.40066666666666667,0.8013333333333333,0.8013333333333333,1.3877787807814457e-17,correction_completion,PT_violation_g05,1,200,143,2269008415,reference_fold_convolution_rf,,,,
PRE_SUBC,X2_k=-4,,,-4.0,reference_fold_pretrend,-0.07669784653187174,-0.023837046139365284,0.1644367475610653,-0.5021433806234328,-0.405046548712179,0.10070153218744524,0.11942739185889789,0.39666666666666667,0.7933333333333333,0.7933333333333333,-0.0,correction_completion,PT_violation_g05,1,200,143,2269008415,reference_fold_convolution_rf,,,,
PRE_SUBC,X2_k=-3,,,-3.0,reference_fold_pretrend,-0.10226330509795065,-0.04848249455891543,0.16024990120513027,-0.5219420665250307,-0.42240833005817335,0.0642580611315388,0.08470235759872735,0.266,0.532,0.532,-0.0,correction_completion,PT_violation_g05,1,200,143,2269008415,reference_fold_convolution_rf,,,,
PRE_SUBC,X2_k=-2,,,-2.0,reference_fold_pretrend,-0.07455573347222907,-0.03200048498092236,0.141602915251616,-0.44401334722929364,-0.3722170494378371,0.07298786193345959,0.09055590613923165,0.332,0.664,0.664,-0.0,correction_completion,PT_violation_g05,1,200,143,2269008415,reference_fold_convolution_rf,,,,
PRE_SUBC,X2_slope,,,,reference_fold_pretrend,0.0363697059474104,0.013688317346567395,0.06599916572403165,-0.038859546059379975,-0.03226999604883968,0.1669487956646577,0.20577924956635651,0.33,0.66,0.66,0.0,correction_completion,PT_violation_g05,1,200,143,2269008415,reference_fold_convolution_rf,,,,
PRE,k=-4,,,-4.0,pretrend,-0.22398975163255894,-0.22270125327874557,0.17090799534520118,-0.5695648348958107,-0.5076550345079877,0.043043112759075706,0.10018108913947477,0.10666666666666667,0.21333333333333335,0.21333333333333335,-0.3,correction_completion,PT_violation_g10,1,200,127,1165947085,raw_structured,,,,
PRE,k=-3,,,-3.0,pretrend,-0.2139594353946386,-0.21761268824454,0.16364994226644153,-0.5475619841530108,-0.48778868496109046,0.016384262010122504,0.06126167963402374,0.14,0.28,0.28,-0.19999999999999998,correction_completion,PT_violation_g10,1,200,127,1165947085,raw_structured,,,,
PRE,k=-2,,,-2.0,pretrend,-0.04828970158929144,0.0,0.13405768039829719,-0.36744148984000985,-0.3104446941222919,0.1395001550173329,0.19522039939734262,0.6226666666666667,1.0,1.0,-0.09999999999999999,correction_completion,PT_violation_g10,1,200,127,1165947085,raw_structured,,,,
PRE,slope,,,,pretrend,0.08201270194830326,0.08066204955737413,0.06090567575826584,-0.026646973374569616,-0.009257186065066128,0.18433763333013534,0.20668738842165216,0.094,0.188,0.188,0.09999999999999999,correction_completion,PT_violation_g10,1,200,127,1165947085,raw_structured,,,,
PRE_SUB,X1=0_k=-4,,,-4.0,pretrend,-0.2114207463881858,-0.21452596066111257,0.1797030100988782,-0.5667592527536158,-0.49187679258219497,0.07927939510058407,0.14616031079814226,0.13266666666666665,0.2653333333333333,0.2653333333333333,-0.29999999999999993,correction_completion,PT_violation_g10,1,200,127,1165947085,raw_structured,,,,
PRE_SUB,X1=0_k=-3,,,-3.0,pretrend,-0.2133076923485781,-0.21448266949035177,0.16805095880162724,-0.5499081176482723,-0.4953001198151664,0.019635379132702864,0.06884336765191075,0.14666666666666667,0.29333333333333333,0.29333333333333333,-0.19999999999999996,correction_completion,PT_violation_g10,1,200,127,1165947085,raw_structured,,,,
PRE_SUB,X1=0_k=-2,,,-2.0,pretrend,-0.04783605618324328,0.0,0.13476938041171163,-0.37661158789372723,-0.31177071232190096,0.14151700270942844,0.1964926976126371,0.6266666666666667,1.0,1.0,-0.09999999999999998,correction_completion,PT_violation_g10,1,200,127,1165947085,raw_structured,,,,
PRE_SUB,X1=1_k=-4,,,-4.0,pretrend,-0.2336409520880598,-0.23013698634936475,0.1806682306806138,-0.6175798484679814,-0.5373587168733139,0.03883645616026008,0.08923209875858634,0.10333333333333333,0.20666666666666667,0.20666666666666667,-0.3,correction_completion,PT_violation_g10,1,200,127,1165947085,raw_structured,,,,
PRE_SUB,X1=1_k=-3,,,-3.0,pretrend,-0.21445988094786364,-0.21743009724931134,0.1643350934163893,-0.5487505918419687,-0.49044965731389695,0.016336314419269596,0.05649189426079453,0.142,0.284,0.284,-0.19999999999999998,correction_completion,PT_violation_g10,1,200,127,1165947085,raw_structured,,,,
PRE_SUB,X1=1_k=-2,,,-2.0,pretrend,-0.04863803645464985,0.0,0.13455193295428686,-0.3674008491199767,-0.30987839138928874,0.13953332396675674,0.19562138441235463,0.622,1.0,1.0,-0.09999999999999999,correction_completion,PT_violation_g10,1,200,127,1165947085,raw_structured,,,,
PRE_SUB,X2=low_k=-4,,,-4.0,pretrend,-0.1773386844307769,-0.183353602685029,0.19165022555438616,-0.545661142705099,-0.4717116978581357,0.14677145874497527,0.21691835048362026,0.19066666666666668,0.38133333333333336,0.38133333333333336,-0.30000000000000004,correction_completion,PT_violation_g10,1,200,127,1165947085,raw_structured,,,,
PRE_SUB,X2=low_k=-3,,,-3.0,pretrend,-0.17418604824705575,-0.1801390624218225,0.17752766816813423,-0.5283822141404954,-0.4541560935395834,0.09690811704126248,0.19935012580198028,0.206,0.412,0.412,-0.2,correction_completion,PT_violation_g10,1,200,127,1165947085,raw_structured,,,,
PRE_SUB,X2=low_k=-2,,,-2.0,pretrend,-0.041830588120564643,0.0,0.13823268907606484,-0.3608627251424242,-0.3030329673476047,0.15211254942858102,0.22594240530339288,0.6353333333333333,1.0,1.0,-0.1,correction_completion,PT_violation_g10,1,200,127,1165947085,raw_structured,,,,
PRE_SUB,X2=high_k=-4,,,-4.0,pretrend,-0.2515739018381649,-0.2454546690241758,0.1865097312427714,-0.6367129819687561,-0.5794076794669426,0.03819218326368134,0.08340353104013908,0.09733333333333333,0.19466666666666665,0.19466666666666665,-0.30000000000000004,correction_completion,PT_violation_g10,1,200,127,1165947085,raw_structured,,,,
PRE_SUB,X2=high_k=-3,,,-3.0,pretrend,-0.23920140511629992,-0.2360973740914553,0.18092675292775298,-0.6139987766236634,-0.5530606417183165,0.0,0.050035719102270004,0.13133333333333333,0.26266666666666666,0.26266666666666666,-0.2,correction_completion,PT_violation_g10,1,200,127,1165947085,raw_structured,,,,
PRE_SUB,X2=high_k=-2,,,-2.0,pretrend,-0.05273796975175381,0.0,0.1367488853867312,-0.4071111250650399,-0.3279652988643256,0.13341234805917895,0.1825670420729129,0.6186666666666667,1.0,1.0,-0.1,correction_completion,PT_violation_g10,1,200,127,1165947085,raw_structured,,,,
PRE_SUBC,X1_k=-4,,,-4.0,pretrend,-0.022220205699873968,8.847089727481716e-17,0.11554985533539042,-0.45171845917279596,-0.28633445438233246,0.04128564995174256,0.05591924124955259,0.446,0.892,0.892,-4.163336342344337e-17,correction_completion,PT_violation_g10,1,200,127,1165947085,raw_structured,,,,
PRE_SUBC,X1_k=-3,,,-3.0,pretrend,-0.0011521885992855372,5.551115123125783e-17,0.055660868633474955,-0.1467075366394334,-1.1657341758564144e-15,0.039099210179737894,0.05292669493919389,0.474,0.948,0.948,-2.7755575615628914e-17,correction_completion,PT_violation_g10,1,200,127,1165947085,raw_structured,,,,
PRE_SUBC,X1_k=-2,,,-2.0,pretrend,-0.000801980271406553,0.0,0.025375045076802927,-9.71445146547012e-16,-4.999473057765158e-16,1.625088952295059e-15,0.017373559186067842,0.7066666666666667,1.0,1.0,-1.3877787807814457e-17,correction_completion,PT_violation_g10,1,200,127,1165947085,raw_structured,,,,
PRE_SUBC,X1_slope,,,,pretrend,0.004983355326399967,-2.7755575615628914e-17,0.03000588607272831,-0.01945335254329407,-0.014477361807958528,0.07841305220451072,0.11246557809630543,0.44,0.88,0.88,1.3877787807814457e-17,correction_completion,PT_violation_g10,1,200,127,1165947085,raw_structured,,,,
PRE_SUBC,X2_k=-4,,,-4.0,pretrend,-0.07423521740738798,-1.3877787807814457e-16,0.1616459260033105,-0.5580294046505937,-0.4668353328399587,0.03526085826113956,0.06502049453734023,0.41733333333333333,0.8346666666666667,0.8346666666666667,-0.0,correction_completion,PT_violation_g10,1,200,127,1165947085,raw_structured,,,,
PRE_SUBC,X2_k=-3,,,-3.0,pretrend,-0.0650153568692442,-1.1102230246251565e-16,0.14975831236441917,-0.5392800169336341,-0.4372476784450741,8.354428260304278e-16,0.011254714526250601,0.44066666666666665,0.8813333333333333,0.8813333333333333,-0.0,correction_completion,PT_violation_g10,1,200,127,1165947085,raw_structured,,,,
PRE_SUBC,X2_k=-2,,,-2.0,pretrend,-0.010907381631189168,0.0,0.06223434568484891,-0.20586712089816347,-1.2483070133129096e-15,4.440892098500626e-16,7.540842950071114e-16,0.708,1.0,1.0,-0.0,correction_completion,PT_violation_g10,1,200,127,1165947085,raw_structured,,,,
PRE_SUBC,X2_slope,,,,pretrend,0.025974553399417247,4.9563527885051634e-17,0.05647325469905259,-0.01600844807068869,-0.009848159163755286,0.16369515973865706,0.20030497195099975,0.4026666666666667,0.8053333333333333,0.8053333333333333,0.0,correction_completion,PT_violation_g10,1,200,127,1165947085,raw_structured,,,,
PRE,k=-4,,,-4.0,reference_fold_pretrend,-0.310983967852846,-0.31080792203653745,0.16775046574570684,-0.6321532794124802,-0.5839681528669631,-0.03607468803394167,0.02387604555419155,0.03266666666666666,0.06533333333333333,0.06533333333333333,-0.3,correction_completion,PT_violation_g10,1,200,127,1165947085,reference_fold_convolution_rf,,,,
PRE,k=-3,,,-3.0,reference_fold_pretrend,-0.30293267491028175,-0.30516872174790866,0.15994852782540886,-0.6034368780886862,-0.5680657543479788,-0.03470256522432178,0.006761880053226711,0.028666666666666667,0.05733333333333333,0.05733333333333333,-0.19999999999999998,correction_completion,PT_violation_g10,1,200,127,1165947085,reference_fold_convolution_rf,,,,
PRE,k=-2,,,-2.0,reference_fold_pretrend,-0.10672684530600414,-0.11028277504661652,0.141825182623033,-0.3632712753503177,-0.32794420375246575,0.13017397942777126,0.18474139382228533,0.258,0.516,0.516,-0.09999999999999999,correction_completion,PT_violation_g10,1,200,127,1165947085,reference_fold_convolution_rf,,,,
PRE,slope,,,,reference_fold_pretrend,0.11753886419179324,0.11776780841128434,0.06183726940716353,-0.0033652403261899434,0.015205426349093375,0.21815769060206594,0.23856854933455732,0.029333333333333333,0.058666666666666666,0.058666666666666666,0.09999999999999999,correction_completion,PT_violation_g10,1,200,127,1165947085,reference_fold_convolution_rf,,,,
PRE_SUB,X1=0_k=-4,,,-4.0,reference_fold_pretrend,-0.27055703174097795,-0.2706335835972674,0.1778533530149153,-0.607871929723494,-0.5535517342725496,0.030714205807812214,0.07790227449730931,0.06466666666666666,0.12933333333333333,0.12933333333333333,-0.29999999999999993,correction_completion,PT_violation_g10,1,200,127,1165947085,reference_fold_convolution_rf,,,,
PRE_SUB,X1=0_k=-3,,,-3.0,reference_fold_pretrend,-0.27679479896262,-0.27833206235122643,0.16819649175009807,-0.59451850312112,-0.5450971302476744,-0.002931446279037221,0.045442767847796786,0.04933333333333333,0.09866666666666667,0.09866666666666667,-0.19999999999999996,correction_completion,PT_violation_g10,1,200,127,1165947085,reference_fold_convolution_rf,,,,
PRE_SUB,X1=0_k=-2,,,-2.0,reference_fold_pretrend,-0.05940930808270949,-0.07154278260384143,0.1386469911852031,-0.3022418428762191,-0.26021679235222084,0.19226063319069717,0.24327988929489636,0.326,0.652,0.652,-0.09999999999999998,correction_completion,PT_violation_g10,1,200,127,1165947085,reference_fold_convolution_rf,,,,
PRE_SUB,X1=1_k=-4,,,-4.0,reference_fold_pretrend,-0.3420260795101732,-0.3456263865226762,0.17588111808640705,-0.6959976066165388,-0.6298292675843307,-0.05873578897145358,0.007777145063337339,0.02666666666666667,0.05333333333333334,0.05333333333333334,-0.3,correction_completion,PT_violation_g10,1,200,127,1165947085,reference_fold_convolution_rf,,,,
PRE_SUB,X1=1_k=-3,,,-3.0,reference_fold_pretrend,-0.3230028296558078,-0.32487750096026735,0.1669723939142249,-0.6457546802535981,-0.5926638474304461,-0.04587179583655288,-0.00870212874367307,0.023333333333333334,0.04666666666666667,0.04666666666666667,-0.19999999999999998,correction_completion,PT_violation_g10,1,200,127,1165947085,reference_fold_convolution_rf,,,,
PRE_SUB,X1=1_k=-2,,,-2.0,reference_fold_pretrend,-0.14305995424531967,-0.14520303015677127,0.15257549733526757,-0.43324608324889136,-0.38996499331403506,0.10434377961869819,0.14633794587119547,0.21066666666666667,0.42133333333333334,0.42133333333333334,-0.09999999999999999,correction_completion,PT_violation_g10,1,200,127,1165947085,reference_fold_convolution_rf,,,,
PRE_SUB,X2=low_k=-4,,,-4.0,reference_fold_pretrend,-0.2124964486233232,-0.22170013774504407,0.2028675397333996,-0.5999715026490746,-0.523747246862151,0.13667711160407883,0.2279560306270092,0.14666666666666667,0.29333333333333333,0.29333333333333333,-0.30000000000000004,correction_completion,PT_violation_g10,1,200,127,1165947085,reference_fold_convolution_rf,,,,
PRE_SUB,X2=low_k=-3,,,-3.0,reference_fold_pretrend,-0.20829774627880426,-0.22108860326627644,0.19527277511183802,-0.5734512579604413,-0.5068751473267226,0.12636718056031143,0.19651626041182346,0.15,0.3,0.3,-0.2,correction_completion,PT_violation_g10,1,200,127,1165947085,reference_fold_convolution_rf,,,,
PRE_SUB,X2=low_k=-2,,,-2.0,reference_fold_pretrend,-0.10052655856377733,-0.10458614044316865,0.1470754169498919,-0.3706510329580661,-0.3299439385723729,0.14659597541019648,0.1924645847726717,0.278,0.556,0.556,-0.1,correction_completion,PT_violation_g10,1,200,127,1165947085,reference_fold_convolution_rf,,,,
PRE_SUB,X2=high_k=-4,,,-4.0,reference_fold_pretrend,-0.3649611124982304,-0.36208290915366215,0.19346832341261472,-0.7497007476215083,-0.6828924707707953,-0.06447542913278949,0.01039606103888001,0.028,0.056,0.056,-0.30000000000000004,correction_completion,PT_violation_g10,1,200,127,1165947085,reference_fold_convolution_rf,,,,
PRE_SUB,X2=high_k=-3,,,-3.0,reference_fold_pretrend,-0.36116377883329326,-0.3601216295520392,0.1861962299640506,-0.7304885845483755,-0.6763982426579574,-0.06650474340863931,-0.020101797947802653,0.020666666666666667,0.04133333333333333,0.04133333333333333,-0.2,correction_completion,PT_violation_g10,1,200,127,1165947085,reference_fold_convolution_rf,,,,
PRE_SUB,X2=high_k=-2,,,-2.0,reference_fold_pretrend,-0.08660711994728282,-0.09637883988471745,0.1412970829923113,-0.3529730138757483,-0.29966082314849607,0.16086518066988112,0.2131654113167474,0.278,0.556,0.556,-0.1,correction_completion,PT_violation_g10,1,200,127,1165947085,reference_fold_convolution_rf,,,,
PRE_SUBC,X1_k=-4,,,-4.0,reference_fold_pretrend,-0.0714690477691952,-0.05959825459678493,0.1122729878169368,-0.3767282914431544,-0.2787196150674137,0.07708446687155683,0.10714870862461985,0.252,0.504,0.504,-4.163336342344337e-17,correction_completion,PT_violation_g10,1,200,127,1165947085,reference_fold_convolution_rf,,,,
PRE_SUBC,X1_k=-3,,,-3.0,reference_fold_pretrend,-0.0462080306931878,-0.03446701690543234,0.10035670210030694,-0.3011039209414805,-0.23423422682826067,0.0892400077389498,0.11503777429317855,0.33466666666666667,0.6693333333333333,0.6693333333333333,-2.7755575615628914e-17,correction_completion,PT_violation_g10,1,200,127,1165947085,reference_fold_convolution_rf,,,,
PRE_SUBC,X1_k=-2,,,-2.0,reference_fold_pretrend,-0.08365064616261017,-0.07886479738447504,0.07556965284327458,-0.2519218754405655,-0.21603060605100333,0.017631558274513823,0.03995561921821745,0.15,0.3,0.3,-1.3877787807814457e-17,correction_completion,PT_violation_g10,1,200,127,1165947085,reference_fold_convolution_rf,,,,
PRE_SUBC,X1_slope,,,,reference_fold_pretrend,0.02789098934689796,0.0233932335216381,0.039903906259639466,-0.033715968006665265,-0.02454266188586826,0.1058629042221755,0.13234564754286682,0.23733333333333334,0.4746666666666667,0.4746666666666667,1.3877787807814457e-17,correction_completion,PT_violation_g10,1,200,127,1165947085,reference_fold_convolution_rf,,,,
PRE_SUBC,X2_k=-4,,,-4.0,reference_fold_pretrend,-0.1524646638749072,-0.05673866439368616,0.2040143457161419,-0.5572071878989506,-0.5126581981375874,0.06690957499628024,0.08179034971825129,0.38133333333333336,0.7626666666666667,0.7626666666666667,-0.0,correction_completion,PT_violation_g10,1,200,127,1165947085,reference_fold_convolution_rf,,,,
PRE_SUBC,X2_k=-3,,,-3.0,reference_fold_pretrend,-0.152866032554489,-0.03525237480311716,0.20344301307309404,-0.5611960241841814,-0.5132817857935765,0.054959488369378695,0.06940686072490891,0.366,0.732,0.732,-0.0,correction_completion,PT_violation_g10,1,200,127,1165947085,reference_fold_convolution_rf,,,,
PRE_SUBC,X2_k=-2,,,-2.0,reference_fold_pretrend,0.013919438616494513,0.028681835040264086,0.07227262245460343,-0.23494105428687753,-0.14688300369572058,0.07646866126163743,0.08857149630338369,0.21866666666666668,0.43733333333333335,0.43733333333333335,-0.0,correction_completion,PT_violation_g10,1,200,127,1165947085,reference_fold_convolution_rf,,,,
PRE_SUBC,X2_slope,,,,reference_fold_pretrend,0.05351475843694321,0.018653905546109146,0.07354905479890247,-0.029636327173988754,-0.025120977217882326,0.18211613601767548,0.1976682763471611,0.38866666666666666,0.7773333333333333,0.7773333333333333,0.0,correction_completion,PT_violation_g10,1,200,127,1165947085,reference_fold_convolution_rf,,,,
PRE,k=-4,,,-4.0,pretrend,-0.7332538839682619,-0.7334273775455873,0.20248947876460552,-1.1260034077969667,-1.069816039388638,-0.40360543938756455,-0.3504582188054176,0.0,0.0,0.0,-0.5999999999999998,correction_completion,PT_violation_g20,1,200,111,1887078817,raw_structured,,,,
PRE,k=-3,,,-3.0,pretrend,-0.5122468564133498,-0.5083427530658898,0.19416743831152014,-0.9057555356625819,-0.8405423318730357,-0.19067633591229566,-0.141586794135079,0.006,0.012,0.012,-0.39999999999999986,correction_completion,PT_violation_g20,1,200,111,1887078817,raw_structured,,,,
PRE,k=-2,,,-2.0,pretrend,-0.3699124033498481,-0.37753808538504074,0.19769081424867074,-0.7222466182199142,-0.6765537032557203,0.0,0.0,0.06933333333333333,0.13866666666666666,0.13866666666666666,-0.19999999999999993,correction_completion,PT_violation_g20,1,200,111,1887078817,raw_structured,,,,
PRE,slope,,,,pretrend,0.25672626914866664,0.25529343441761365,0.07196519089651413,0.1107884032833298,0.13633280805374928,0.3729847451431858,0.3982999519669225,0.0,0.0,0.0,0.19999999999999993,correction_completion,PT_violation_g20,1,200,111,1887078817,raw_structured,,,,
PRE_SUB,X1=0_k=-4,,,-4.0,pretrend,-0.7094300052468061,-0.7064818173586234,0.2119171632295615,-1.1239551370144902,-1.0516741646037762,-0.37125078545448653,-0.3157070017148968,0.0006666666666666666,0.0013333333333333333,0.0013333333333333333,-0.5999999999999999,correction_completion,PT_violation_g20,1,200,111,1887078817,raw_structured,,,,
PRE_SUB,X1=0_k=-3,,,-3.0,pretrend,-0.4889847894994792,-0.4904598699318041,0.20276479939073358,-0.8873940027721177,-0.8242343054800337,-0.15284472257759876,-0.0710427935683837,0.014,0.028,0.028,-0.3999999999999999,correction_completion,PT_violation_g20,1,200,111,1887078817,raw_structured,,,,
PRE_SUB,X1=0_k=-2,,,-2.0,pretrend,-0.3513658764436531,-0.358213467617922,0.20512147433789515,-0.7204434957387197,-0.6700782571149523,0.0,0.0,0.088,0.176,0.176,-0.19999999999999996,correction_completion,PT_violation_g20,1,200,111,1887078817,raw_structured,,,,
PRE_SUB,X1=1_k=-4,,,-4.0,pretrend,-0.7597248603254351,-0.7535014455029819,0.21963023565425366,-1.2140590107013947,-1.1226588710585774,-0.4074928859472764,-0.356550752544767,0.0,0.0,0.0,-0.5999999999999998,correction_completion,PT_violation_g20,1,200,111,1887078817,raw_structured,,,,
PRE_SUB,X1=1_k=-3,,,-3.0,pretrend,-0.5380935974287616,-0.5278244337225386,0.21230200742093752,-0.9689320858309626,-0.899374320241168,-0.2078634782672367,-0.1461604217780394,0.005333333333333333,0.010666666666666666,0.010666666666666666,-0.39999999999999986,correction_completion,PT_violation_g20,1,200,111,1887078817,raw_structured,,,,
PRE_SUB,X1=1_k=-2,,,-2.0,pretrend,-0.39051965546784245,-0.3922668328526583,0.21276655301308095,-0.8242027820373115,-0.725843607938189,0.0,0.0,0.068,0.136,0.136,-0.19999999999999993,correction_completion,PT_violation_g20,1,200,111,1887078817,raw_structured,,,,
PRE_SUB,X2=low_k=-4,,,-4.0,pretrend,-0.7297883179028047,-0.7321995812663487,0.20551366438164487,-1.136022501106868,-1.073036218425854,-0.3875044322262562,-0.341034318354975,0.0,0.0,0.0,-0.6000000000000001,correction_completion,PT_violation_g20,1,200,111,1887078817,raw_structured,,,,
PRE_SUB,X2=low_k=-3,,,-3.0,pretrend,-0.5080249567730892,-0.5065771478495769,0.19615835472277246,-0.9021105369184608,-0.8390674777948739,-0.18407150443037118,-0.130071121730532,0.007333333333333333,0.014666666666666666,0.014666666666666666,-0.4,correction_completion,PT_violation_g20,1,200,111,1887078817,raw_structured,,,,
PRE_SUB,X2=low_k=-2,,,-2.0,pretrend,-0.36924488614158857,-0.37697384432129766,0.19797465398991568,-0.7242013254402132,-0.6761251265856957,0.0,0.0,0.06866666666666667,0.13733333333333334,0.13733333333333334,-0.2,correction_completion,PT_violation_g20,1,200,111,1887078817,raw_structured,,,,
PRE_SUB,X2=high_k=-4,,,-4.0,pretrend,-0.7427395168808066,-0.74031472354447,0.20965490269522766,-1.1883708915616933,-1.0884870705677905,-0.40579245189616553,-0.34811324720830833,0.0,0.0,0.0,-0.6000000000000001,correction_completion,PT_violation_g20,1,200,111,1887078817,raw_structured,,,,
PRE_SUB,X2=high_k=-3,,,-3.0,pretrend,-0.5222408221311317,-0.5132598376326079,0.20177747740179075,-0.9555287210800177,-0.8721197849908401,-0.19184418599979028,-0.14128092211494112,0.005333333333333333,0.010666666666666666,0.010666666666666666,-0.4,correction_completion,PT_violation_g20,1,200,111,1887078817,raw_structured,,,,
PRE_SUB,X2=high_k=-2,,,-2.0,pretrend,-0.3740592831560704,-0.3831771196874516,0.20219987700737188,-0.743124672780218,-0.6879172689891178,0.0,0.0,0.06866666666666667,0.13733333333333334,0.13733333333333334,-0.2,correction_completion,PT_violation_g20,1,200,111,1887078817,raw_structured,,,,
PRE_SUBC,X1_k=-4,,,-4.0,pretrend,-0.05029485507862891,-1.1102230246251565e-16,0.14830794732266353,-0.5531014648013379,-0.42510864903317364,2.8921309791485277e-15,0.008158368189637314,0.4613333333333333,0.9226666666666666,0.9226666666666666,8.326672684688674e-17,correction_completion,PT_violation_g20,1,200,111,1887078817,raw_structured,,,,
PRE_SUBC,X1_k=-3,,,-3.0,pretrend,-0.04910880792928245,-5.551115123125783e-17,0.1456348023160077,-0.5508830612745246,-0.4104561227780042,1.6125989432680374e-15,0.005276877289863516,0.4806666666666667,0.9613333333333334,0.9613333333333334,5.551115123125783e-17,correction_completion,PT_violation_g20,1,200,111,1887078817,raw_structured,,,,
PRE_SUBC,X1_k=-2,,,-2.0,pretrend,-0.03915377902418938,0.0,0.13444700494991899,-0.5380602078244511,-0.36441473481444286,9.43689570931383e-16,1.4432899320127035e-15,0.5093333333333333,1.0,1.0,2.7755575615628914e-17,correction_completion,PT_violation_g20,1,200,111,1887078817,raw_structured,,,,
PRE_SUBC,X1_slope,,,,pretrend,0.02058971143704578,3.9650822308041306e-17,0.06124480161439074,-0.002719652188052432,-7.88357474539631e-16,0.17098004187833937,0.23221863412538726,0.426,0.852,0.852,-2.7755575615628914e-17,correction_completion,PT_violation_g20,1,200,111,1887078817,raw_structured,,,,
PRE_SUBC,X2_k=-4,,,-4.0,pretrend,-0.012951198978001987,0.0,0.07831956689814816,-0.2918599568596194,-0.15763831764766195,0.028281370340602834,0.038723344786306256,0.526,1.0,1.0,-0.0,correction_completion,PT_violation_g20,1,200,111,1887078817,raw_structured,,,,
PRE_SUBC,X2_k=-3,,,-3.0,pretrend,-0.01421586535804239,0.0,0.07618703394587809,-0.29631452299118427,-0.15763831764766242,0.02565350767362512,0.03443019132965713,0.534,1.0,1.0,-0.0,correction_completion,PT_violation_g20,1,200,111,1887078817,raw_structured,,,,
PRE_SUBC,X2_k=-2,,,-2.0,pretrend,-0.004814397014481805,0.0,0.05012887408154594,-0.05954855096975545,-1.1129985821867193e-15,0.023208098484240783,0.03362876298902848,0.54,1.0,1.0,-0.0,correction_completion,PT_violation_g20,1,200,111,1887078817,raw_structured,,,,
PRE_SUBC,X2_slope,,,,pretrend,0.005149980333183753,-1.1895246692412391e-17,0.029905402761760284,-0.01543344290268636,-0.011359396799252448,0.06050466200163579,0.10726568659662436,0.486,0.972,0.972,0.0,correction_completion,PT_violation_g20,1,200,111,1887078817,raw_structured,,,,
PRE,k=-4,,,-4.0,reference_fold_pretrend,-0.7415071578271086,-0.7316708111009109,0.18969176555305367,-1.1053250680108406,-1.060478074806084,-0.438903855008791,-0.381825658941219,0.0,0.0,0.0,-0.5999999999999998,correction_completion,PT_violation_g20,1,200,111,1887078817,reference_fold_convolution_rf,,,,
PRE,k=-3,,,-3.0,reference_fold_pretrend,-0.5431626097558957,-0.5410827869407819,0.17540454061563313,-0.8887678630031489,-0.8398199485972165,-0.25800927008843005,-0.20302878084950937,0.0,0.0,0.0,-0.39999999999999986,correction_completion,PT_violation_g20,1,200,111,1887078817,reference_fold_convolution_rf,,,,
PRE,k=-2,,,-2.0,reference_fold_pretrend,-0.3953199248060367,-0.3924018489315251,0.1696370527335644,-0.7304501452689667,-0.6670917666451325,-0.11827368672396713,-0.07081035715874281,0.008,0.016,0.016,-0.19999999999999993,correction_completion,PT_violation_g20,1,200,111,1887078817,reference_fold_convolution_rf,,,,
PRE,slope,,,,reference_fold_pretrend,0.26472618698565387,0.26510362803553406,0.06740842249221825,0.13572035425383575,0.15490729775344544,0.37666605177994666,0.39478559552766973,0.0,0.0,0.0,0.19999999999999993,correction_completion,PT_violation_g20,1,200,111,1887078817,reference_fold_convolution_rf,,,,
PRE_SUB,X1=0_k=-4,,,-4.0,reference_fold_pretrend,-0.6916255627332093,-0.685429132991997,0.19724504622507993,-1.0797673856649965,-1.020873299559584,-0.38763718848505296,-0.3138093631461793,0.0,0.0,0.0,-0.5999999999999999,correction_completion,PT_violation_g20,1,200,111,1887078817,reference_fold_convolution_rf,,,,
PRE_SUB,X1=0_k=-3,,,-3.0,reference_fold_pretrend,-0.4873235948558416,-0.4865731528326971,0.1823274287950267,-0.8435696790720338,-0.7915859039970953,-0.1930506633420328,-0.14536367154040344,0.0006666666666666666,0.0013333333333333333,0.0013333333333333333,-0.3999999999999999,correction_completion,PT_violation_g20,1,200,111,1887078817,reference_fold_convolution_rf,,,,
PRE_SUB,X1=0_k=-2,,,-2.0,reference_fold_pretrend,-0.3525039906654788,-0.3397383832792201,0.17374390101779089,-0.6974433159931862,-0.6416241639843673,-0.08386539550708244,-0.03033118046051289,0.017333333333333333,0.034666666666666665,0.034666666666666665,-0.19999999999999996,correction_completion,PT_violation_g20,1,200,111,1887078817,reference_fold_convolution_rf,,,,
PRE_SUB,X1=1_k=-4,,,-4.0,reference_fold_pretrend,-0.7969311523758855,-0.787715446581329,0.2002885595195914,-1.1981922011441835,-1.1324896601471002,-0.4739353608097001,-0.4234917730424226,0.0,0.0,0.0,-0.5999999999999998,correction_completion,PT_violation_g20,1,200,111,1887078817,reference_fold_convolution_rf,,,,
PRE_SUB,X1=1_k=-3,,,-3.0,reference_fold_pretrend,-0.6052059596448446,-0.5999824760134627,0.18649862379130341,-0.9705023865632826,-0.9200714883406795,-0.29890408194965323,-0.24388288835636454,0.0,0.0,0.0,-0.39999999999999986,correction_completion,PT_violation_g20,1,200,111,1887078817,reference_fold_convolution_rf,,,,
PRE_SUB,X1=1_k=-2,,,-2.0,reference_fold_pretrend,-0.4428931849622122,-0.44074093206002796,0.18075111534144944,-0.8146610462891387,-0.7459896261759875,-0.1418445319102455,-0.08510488754431793,0.006666666666666667,0.013333333333333334,0.013333333333333334,-0.19999999999999993,correction_completion,PT_violation_g20,1,200,111,1887078817,reference_fold_convolution_rf,,,,
PRE_SUB,X2=low_k=-4,,,-4.0,reference_fold_pretrend,-0.7120832410822558,-0.7044946211755557,0.19781283391129456,-1.097014762350505,-1.0399449428343723,-0.39756557150641114,-0.32702843587181357,0.0006666666666666666,0.0013333333333333333,0.0013333333333333333,-0.6000000000000001,correction_completion,PT_violation_g20,1,200,111,1887078817,reference_fold_convolution_rf,,,,
PRE_SUB,X2=low_k=-3,,,-3.0,reference_fold_pretrend,-0.5113106771627212,-0.5092771972008558,0.18435830323275054,-0.8772314260808047,-0.822103803567047,-0.20948056271597124,-0.14868130451471256,0.0013333333333333333,0.0026666666666666666,0.0026666666666666666,-0.4,correction_completion,PT_violation_g20,1,200,111,1887078817,reference_fold_convolution_rf,,,,
PRE_SUB,X2=low_k=-2,,,-2.0,reference_fold_pretrend,-0.3776891969498107,-0.37519615211404905,0.17405788559875787,-0.7190289599990634,-0.664834281881545,-0.10132337572871634,-0.0494304829912794,0.012,0.024,0.024,-0.2,correction_completion,PT_violation_g20,1,200,111,1887078817,reference_fold_convolution_rf,,,,
PRE_SUB,X2=high_k=-4,,,-4.0,reference_fold_pretrend,-0.7230872071624481,-0.7131258717754184,0.1970821871482044,-1.109436777784657,-1.0582363781453816,-0.4072756696101394,-0.36337830371550744,0.0,0.0,0.0,-0.6000000000000001,correction_completion,PT_violation_g20,1,200,111,1887078817,reference_fold_convolution_rf,,,,
PRE_SUB,X2=high_k=-3,,,-3.0,reference_fold_pretrend,-0.5166104505136445,-0.5178140771926963,0.18454034783890907,-0.8718964021738778,-0.8233024037175375,-0.21648306071866064,-0.15719225378366283,0.0,0.0,0.0,-0.4,correction_completion,PT_violation_g20,1,200,111,1887078817,reference_fold_convolution_rf,,,,
PRE_SUB,X2=high_k=-2,,,-2.0,reference_fold_pretrend,-0.3699871034458531,-0.36372229941066236,0.1733848315479655,-0.7063466036457382,-0.6616034349931532,-0.09647454978764879,-0.059069661154518796,0.010666666666666666,0.021333333333333333,0.021333333333333333,-0.2,correction_completion,PT_violation_g20,1,200,111,1887078817,reference_fold_convolution_rf,,,,
PRE_SUBC,X1_k=-4,,,-4.0,reference_fold_pretrend,-0.10530558964267614,-0.08194879367626318,0.11841389663963313,-0.4316736125034281,-0.3681005218014804,0.036387645346520815,0.057028478192522575,0.128,0.256,0.256,8.326672684688674e-17,correction_completion,PT_violation_g20,1,200,111,1887078817,reference_fold_convolution_rf,,,,
PRE_SUBC,X1_k=-3,,,-3.0,reference_fold_pretrend,-0.117882364789003,-0.09765268596746374,0.11338746409927408,-0.4431151450127849,-0.3701979866483963,0.020888871840271214,0.04059598684062688,0.086,0.172,0.172,5.551115123125783e-17,correction_completion,PT_violation_g20,1,200,111,1887078817,reference_fold_convolution_rf,,,,
PRE_SUBC,X1_k=-2,,,-2.0,reference_fold_pretrend,-0.09038919429673342,-0.07305568611516441,0.10186346655519096,-0.41006869939789004,-0.30221342240338334,0.03252210754184017,0.057319189132313306,0.12533333333333332,0.25066666666666665,0.25066666666666665,2.7755575615628914e-17,correction_completion,PT_violation_g20,1,200,111,1887078817,reference_fold_convolution_rf,,,,
PRE_SUBC,X1_slope,,,,reference_fold_pretrend,0.04586219234305484,0.03586909692877263,0.04591537710915448,-0.013615696305424701,-0.007576866015456957,0.14643051364966408,0.17968245198792293,0.08533333333333333,0.17066666666666666,0.17066666666666666,-2.7755575615628914e-17,correction_completion,PT_violation_g20,1,200,111,1887078817,reference_fold_convolution_rf,,,,
PRE_SUBC,X2_k=-4,,,-4.0,reference_fold_pretrend,-0.011003966080192306,0.01621336983751187,0.0906332434875808,-0.27506094458753155,-0.2190018505846715,0.06678252622794495,0.07594019883956692,0.31266666666666665,0.6253333333333333,0.6253333333333333,-0.0,correction_completion,PT_violation_g20,1,200,111,1887078817,reference_fold_convolution_rf,,,,
PRE_SUBC,X2_k=-3,,,-3.0,reference_fold_pretrend,-0.005299773350923434,0.024852606372770897,0.09024296793040838,-0.27155377020324206,-0.21894381834754256,0.06759683551428791,0.07592668577382107,0.258,0.516,0.516,-0.0,correction_completion,PT_violation_g20,1,200,111,1887078817,reference_fold_convolution_rf,,,,
PRE_SUBC,X2_k=-2,,,-2.0,reference_fold_pretrend,0.007702093503957506,0.021421627147104466,0.0616581104742626,-0.20478171800726866,-0.1347107753829439,0.058864965510371514,0.06702151174851942,0.21533333333333332,0.43066666666666664,0.43066666666666664,-0.0,correction_completion,PT_violation_g20,1,200,111,1887078817,reference_fold_convolution_rf,,,,
PRE_SUBC,X2_slope,,,,reference_fold_pretrend,0.0025649536741761633,-0.008620187353879736,0.03502018321057036,-0.029821784339386745,-0.026300924182542613,0.08424905726391492,0.10461491995501856,0.26466666666666666,0.5293333333333333,0.5293333333333333,0.0,correction_completion,PT_violation_g20,1,200,111,1887078817,reference_fold_convolution_rf,,,,
PRE,k=-4,,,-4.0,pretrend,-1.0700744802530915,-1.0739838872002498,0.19281513068374842,-1.457037296028355,-1.3809651984358748,-0.736564115356331,-0.6969059086470756,0.0,0.0,0.0,-1.1999999999999995,correction_completion,PT_violation_g40,1,200,95,2673082522,raw_structured,,,,
PRE,k=-3,,,-3.0,pretrend,-0.5342591200662187,-0.5292488161608602,0.19236045080558645,-0.9106613182610769,-0.851753687592857,-0.2378651826663078,-0.1684461148200935,0.007333333333333333,0.014666666666666666,0.014666666666666666,-0.7999999999999997,correction_completion,PT_violation_g40,1,200,95,2673082522,raw_structured,,,,
PRE,k=-2,,,-2.0,pretrend,-0.12026694232120232,-0.044166637127764474,0.16921506834250918,-0.49449389998743093,-0.44367735040170037,0.04604004082889526,0.11248511515691342,0.46266666666666667,0.9253333333333333,0.9253333333333333,-0.39999999999999986,correction_completion,PT_violation_g40,1,200,95,2673082522,raw_structured,,,,
PRE,slope,,,,pretrend,0.31421490165806526,0.31180510341390144,0.0666652562348349,0.18974033733586737,0.20917436388712474,0.42781842728629205,0.44810187514352895,0.0,0.0,0.0,0.39999999999999986,correction_completion,PT_violation_g40,1,200,95,2673082522,raw_structured,,,,
PRE_SUB,X1=0_k=-4,,,-4.0,pretrend,-1.0653977188844685,-1.0685229564233474,0.19422256061835816,-1.442696265378261,-1.3726759212448196,-0.735267643706788,-0.6941907257463474,0.0,0.0,0.0,-1.1999999999999995,correction_completion,PT_violation_g40,1,200,95,2673082522,raw_structured,,,,
PRE_SUB,X1=0_k=-3,,,-3.0,pretrend,-0.5312611424570974,-0.5248041536222214,0.19402157689600502,-0.9141411703794144,-0.8515789930787044,-0.23665378366484938,-0.1484341477350381,0.009333333333333334,0.018666666666666668,0.018666666666666668,-0.7999999999999997,correction_completion,PT_violation_g40,1,200,95,2673082522,raw_structured,,,,
PRE_SUB,X1=0_k=-2,,,-2.0,pretrend,-0.11892767567639495,-0.0368035286884672,0.16960640183435086,-0.49570657545630054,-0.44421315779352033,0.050468467711333745,0.11677525586484115,0.4673333333333333,0.9346666666666666,0.9346666666666666,-0.39999999999999986,correction_completion,PT_violation_g40,1,200,95,2673082522,raw_structured,,,,
PRE_SUB,X1=1_k=-4,,,-4.0,pretrend,-1.0744589440361754,-1.0759793544107032,0.19654120731600874,-1.4726756923738562,-1.3901467206090918,-0.7365641153563308,-0.6997342027252141,0.0,0.0,0.0,-1.2,correction_completion,PT_violation_g40,1,200,95,2673082522,raw_structured,,,,
PRE_SUB,X1=1_k=-3,,,-3.0,pretrend,-0.5370697240747697,-0.5310689697843136,0.1941807819369314,-0.9258924316909539,-0.8595480611058643,-0.24137252022220357,-0.17131608904027065,0.007333333333333333,0.014666666666666666,0.014666666666666666,-0.7999999999999999,correction_completion,PT_violation_g40,1,200,95,2673082522,raw_structured,,,,
PRE_SUB,X1=1_k=-2,,,-2.0,pretrend,-0.12152250480070924,-0.0446982908509604,0.17041709452978457,-0.5021552824006376,-0.44422772173011865,0.04579818203210025,0.11407806428337242,0.4633333333333333,0.9266666666666666,0.9266666666666666,-0.39999999999999997,correction_completion,PT_violation_g40,1,200,95,2673082522,raw_structured,,,,
PRE_SUB,X2=low_k=-4,,,-4.0,pretrend,-1.0644274334739063,-1.0687430524303931,0.1932423254027948,-1.4433174804776108,-1.378239467401259,-0.7346200262920729,-0.6879360667506697,0.0,0.0,0.0,-1.2000000000000004,correction_completion,PT_violation_g40,1,200,95,2673082522,raw_structured,,,,
PRE_SUB,X2=low_k=-3,,,-3.0,pretrend,-0.53016087361547,-0.5207444319844388,0.1929333926274876,-0.9125862669752046,-0.8449185352113484,-0.22806401591475542,-0.1524954973523322,0.008,0.016,0.016,-0.8000000000000003,correction_completion,PT_violation_g40,1,200,95,2673082522,raw_structured,,,,
PRE_SUB,X2=low_k=-2,,,-2.0,pretrend,-0.11808497584929693,-0.03398041374494105,0.1696251525201903,-0.4952797892428468,-0.4432941430189928,0.04843236470874702,0.11407806428337232,0.4706666666666667,0.9413333333333334,0.9413333333333334,-0.40000000000000013,correction_completion,PT_violation_g40,1,200,95,2673082522,raw_structured,,,,
PRE_SUB,X2=high_k=-4,,,-4.0,pretrend,-1.0763352354560585,-1.077861900138398,0.19921542364067826,-1.4757048393804562,-1.401699233990042,-0.7379964371067073,-0.6956507299040586,0.0,0.0,0.0,-1.2000000000000004,correction_completion,PT_violation_g40,1,200,95,2673082522,raw_structured,,,,
PRE_SUB,X2=high_k=-3,,,-3.0,pretrend,-0.5397894051933932,-0.5344007928262328,0.19652386600746155,-0.933335146189518,-0.8654406070303815,-0.23953464779671607,-0.1684461148200934,0.008,0.016,0.016,-0.8000000000000003,correction_completion,PT_violation_g40,1,200,95,2673082522,raw_structured,,,,
PRE_SUB,X2=high_k=-2,,,-2.0,pretrend,-0.12262678358267559,-0.04389936443972241,0.17109823101395916,-0.5010119101778227,-0.4481042962742751,0.04604004082889526,0.11248511515691356,0.4633333333333333,0.9266666666666666,0.9266666666666666,-0.40000000000000013,correction_completion,PT_violation_g40,1,200,95,2673082522,raw_structured,,,,
PRE_SUBC,X1_k=-4,,,-4.0,pretrend,-0.00906122515170686,0.0,0.06366845802187172,-0.18480776839374977,-0.01930490091886092,3.3306690738754696e-15,0.004950621341517053,0.5346666666666666,1.0,1.0,-3.3306690738754696e-16,correction_completion,PT_violation_g40,1,200,95,2673082522,raw_structured,,,,
PRE_SUBC,X1_k=-3,,,-3.0,pretrend,-0.005808581617672211,0.0,0.051939572132383656,-0.04614258620096491,-0.006909881177822858,1.7208456881689926e-15,0.0014653201153053154,0.52,1.0,1.0,-2.220446049250313e-16,correction_completion,PT_violation_g40,1,200,95,2673082522,raw_structured,,,,
PRE_SUBC,X1_k=-2,,,-2.0,pretrend,-0.002594829124314282,0.0,0.03317540239600664,-0.006342127534660597,-1.0283440765590512e-15,7.497474863171757e-16,1.3190837311327603e-15,0.686,1.0,1.0,-1.1102230246251565e-16,correction_completion,PT_violation_g40,1,200,95,2673082522,raw_structured,,,,
PRE_SUBC,X1_slope,,,,pretrend,0.0029568334153413775,1.9825411154020653e-17,0.021384212104452696,-0.0017345841708532434,-8.614141146421973e-16,0.006391706029133685,0.058124560526511417,0.4653333333333333,0.9306666666666666,0.9306666666666666,1.1102230246251565e-16,correction_completion,PT_violation_g40,1,200,95,2673082522,raw_structured,,,,
PRE_SUBC,X2_k=-4,,,-4.0,pretrend,-0.011907801982152227,0.0,0.06245393301511267,-0.22909806528914575,-0.06824369158820563,1.3322676295501878e-15,0.0029140927837513,0.5353333333333333,1.0,1.0,-0.0,correction_completion,PT_violation_g40,1,200,95,2673082522,raw_structured,,,,
PRE_SUBC,X2_k=-3,,,-3.0,pretrend,-0.009628531577923136,0.0,0.05363950116268028,-0.1661709176277064,-0.02621461707182636,9.992007221626409e-16,1.4432899320127035e-15,0.5373333333333333,1.0,1.0,-0.0,correction_completion,PT_violation_g40,1,200,95,2673082522,raw_structured,,,,
PRE_SUBC,X2_k=-2,,,-2.0,pretrend,-0.004541807733378654,0.0,0.03681475258989707,-0.03939645181844719,-1.0019762797242036e-15,4.725386748560816e-16,7.216449660063518e-16,0.7026666666666667,1.0,1.0,-0.0,correction_completion,PT_violation_g40,1,200,95,2673082522,raw_structured,,,,
PRE_SUBC,X2_slope,,,,pretrend,0.004251591202548687,1.586032892321652e-17,0.022124226274728077,-0.0008627017636606566,-4.067678733526187e-16,0.02457482927753031,0.07134767294585,0.47933333333333333,0.9586666666666667,0.9586666666666667,0.0,correction_completion,PT_violation_g40,1,200,95,2673082522,raw_structured,,,,
PRE,k=-4,,,-4.0,reference_fold_pretrend,-1.0669858279670679,-1.0592214551497081,0.20208501665288076,-1.4821646621124596,-1.413457517687646,-0.7460082185139407,-0.6908228570594095,0.0,0.0,0.0,-1.1999999999999995,correction_completion,PT_violation_g40,1,200,95,2673082522,reference_fold_convolution_rf,,,,
PRE,k=-3,,,-3.0,reference_fold_pretrend,-0.5649943920594391,-0.5623156877838285,0.19007227643402666,-0.9475569531548756,-0.8778726689375174,-0.2623680706671737,-0.19394589090822428,0.0006666666666666666,0.0013333333333333333,0.0013333333333333333,-0.7999999999999997,correction_completion,PT_violation_g40,1,200,95,2673082522,reference_fold_convolution_rf,,,,
PRE,k=-2,,,-2.0,reference_fold_pretrend,-0.18014223445464403,-0.16989750174566648,0.16631857589019963,-0.5290455517123734,-0.4746509165389055,0.050903124272065385,0.09861203135186374,0.186,0.372,0.372,-0.39999999999999986,correction_completion,PT_violation_g40,1,200,95,2673082522,reference_fold_convolution_rf,,,,
PRE,slope,,,,reference_fold_pretrend,0.3222206073196233,0.318366395813303,0.0701753855331346,0.1934553378237134,0.20848595193811545,0.44537146564657326,0.4668177192359873,0.0,0.0,0.0,0.39999999999999986,correction_completion,PT_violation_g40,1,200,95,2673082522,reference_fold_convolution_rf,,,,
PRE_SUB,X1=0_k=-4,,,-4.0,reference_fold_pretrend,-1.1319377468135063,-1.12519796424326,0.2134490087625122,-1.569011135355372,-1.497884738752985,-0.7904292908764208,-0.7353863156499345,0.0,0.0,0.0,-1.1999999999999995,correction_completion,PT_violation_g40,1,200,95,2673082522,reference_fold_convolution_rf,,,,
PRE_SUB,X1=0_k=-3,,,-3.0,reference_fold_pretrend,-0.5900522313244763,-0.5884929342427226,0.20201909465846307,-1.001546240694178,-0.913891330624425,-0.267311339701022,-0.19074915661477299,0.0013333333333333333,0.0026666666666666666,0.0026666666666666666,-0.7999999999999997,correction_completion,PT_violation_g40,1,200,95,2673082522,reference_fold_convolution_rf,,,,
PRE_SUB,X1=0_k=-2,,,-2.0,reference_fold_pretrend,-0.16749638998507493,-0.15362221223075168,0.17247302161887076,-0.5472384137350021,-0.4854510812020563,0.0638182971272651,0.12383525852844256,0.21066666666666667,0.42133333333333334,0.42133333333333334,-0.39999999999999986,correction_completion,PT_violation_g40,1,200,95,2673082522,reference_fold_convolution_rf,,,,
PRE_SUB,X1=1_k=-4,,,-4.0,reference_fold_pretrend,-1.006093404048532,-0.9969891721518557,0.2092122244256999,-1.4462108933598659,-1.368651751417419,-0.6776993989132397,-0.6299666447127321,0.0,0.0,0.0,-1.2,correction_completion,PT_violation_g40,1,200,95,2673082522,reference_fold_convolution_rf,,,,
PRE_SUB,X1=1_k=-3,,,-3.0,reference_fold_pretrend,-0.5415026677484668,-0.540625961755978,0.19457405721989326,-0.9424122656660061,-0.8691496367803437,-0.2388381698752599,-0.17586174753223432,0.0013333333333333333,0.0026666666666666666,0.0026666666666666666,-0.7999999999999999,correction_completion,PT_violation_g40,1,200,95,2673082522,reference_fold_convolution_rf,,,,
PRE_SUB,X1=1_k=-2,,,-2.0,reference_fold_pretrend,-0.19199771364486498,-0.1790742271538443,0.17464759858242945,-0.5501438377435197,-0.4976464432450532,0.04671251609023545,0.09146139746539045,0.17733333333333334,0.3546666666666667,0.3546666666666667,-0.39999999999999997,correction_completion,PT_violation_g40,1,200,95,2673082522,reference_fold_convolution_rf,,,,
PRE_SUB,X2=low_k=-4,,,-4.0,reference_fold_pretrend,-1.0863398420360846,-1.0781518328552138,0.20518502820715306,-1.5055565631224173,-1.4419412347153444,-0.7524713678827987,-0.7040224444503871,0.0,0.0,0.0,-1.2000000000000004,correction_completion,PT_violation_g40,1,200,95,2673082522,reference_fold_convolution_rf,,,,
PRE_SUB,X2=low_k=-3,,,-3.0,reference_fold_pretrend,-0.5696024033498586,-0.5663803480833307,0.192391196437024,-0.9679942264170168,-0.8862435784102355,-0.2701809125926098,-0.20184215211751577,0.0013333333333333333,0.0026666666666666666,0.0026666666666666666,-0.8000000000000003,correction_completion,PT_violation_g40,1,200,95,2673082522,reference_fold_convolution_rf,,,,
PRE_SUB,X2=low_k=-2,,,-2.0,reference_fold_pretrend,-0.17286187971607136,-0.15921698534640175,0.16684096730222012,-0.5297010578181788,-0.4698880294468095,0.05692704123366968,0.11071338136702658,0.19466666666666665,0.3893333333333333,0.3893333333333333,-0.40000000000000013,correction_completion,PT_violation_g40,1,200,95,2673082522,reference_fold_convolution_rf,,,,
PRE_SUB,X2=high_k=-4,,,-4.0,reference_fold_pretrend,-1.1040533015437375,-1.0937332619993363,0.20801684006631754,-1.5233894936138734,-1.4669510830777532,-0.7722564533189729,-0.7134203183657124,0.0,0.0,0.0,-1.2000000000000004,correction_completion,PT_violation_g40,1,200,95,2673082522,reference_fold_convolution_rf,,,,
PRE_SUB,X2=high_k=-3,,,-3.0,reference_fold_pretrend,-0.5853760206281582,-0.5816409398479123,0.1962726222181808,-0.986364792573461,-0.916618473300495,-0.27203024462278014,-0.21809954203722967,0.0006666666666666666,0.0013333333333333333,0.0013333333333333333,-0.8000000000000003,correction_completion,PT_violation_g40,1,200,95,2673082522,reference_fold_convolution_rf,,,,
PRE_SUB,X2=high_k=-2,,,-2.0,reference_fold_pretrend,-0.1834823019094319,-0.1696125276525185,0.1700010929501662,-0.5523278510210899,-0.4970618987806739,0.04554081087660888,0.09553808704553102,0.18533333333333332,0.37066666666666664,0.37066666666666664,-0.40000000000000013,correction_completion,PT_violation_g40,1,200,95,2673082522,reference_fold_convolution_rf,,,,
PRE_SUBC,X1_k=-4,,,-4.0,reference_fold_pretrend,0.1258443427649741,0.13870477678943038,0.1233180702448833,-0.1755663288811075,-0.08878955529441719,0.2994267964360788,0.32577701017350985,0.12066666666666667,0.24133333333333334,0.24133333333333334,-3.3306690738754696e-16,correction_completion,PT_violation_g40,1,200,95,2673082522,reference_fold_convolution_rf,,,,
PRE_SUBC,X1_k=-3,,,-3.0,reference_fold_pretrend,0.04854956357600947,0.05617071699065673,0.11249155487347383,-0.21266976416486522,-0.14137194054930252,0.20817433378671565,0.24210306852922167,0.2673333333333333,0.5346666666666666,0.5346666666666666,-2.220446049250313e-16,correction_completion,PT_violation_g40,1,200,95,2673082522,reference_fold_convolution_rf,,,,
PRE_SUBC,X1_k=-2,,,-2.0,reference_fold_pretrend,-0.024501323659790054,-0.009872097572928153,0.09954390749830587,-0.2693779216155579,-0.17697446573118392,0.11598864376902292,0.14288971596036917,0.4513333333333333,0.9026666666666666,0.9026666666666666,-1.1102230246251565e-16,correction_completion,PT_violation_g40,1,200,95,2673082522,reference_fold_convolution_rf,,,,
PRE_SUBC,X1_slope,,,,reference_fold_pretrend,-0.032152202270510806,-0.035777057284693256,0.044355522744968796,-0.10455321788047203,-0.09207500412496854,0.04460204517061752,0.08106838867708681,0.154,0.308,0.308,1.1102230246251565e-16,correction_completion,PT_violation_g40,1,200,95,2673082522,reference_fold_convolution_rf,,,,
PRE_SUBC,X2_k=-4,,,-4.0,reference_fold_pretrend,-0.01771345950765294,-1.1102230246251565e-16,0.060199089928731804,-0.21951346003993294,-0.15374256674192563,0.0116245225052077,0.01985037756858043,0.49066666666666664,0.9813333333333333,0.9813333333333333,-0.0,correction_completion,PT_violation_g40,1,200,95,2673082522,reference_fold_convolution_rf,,,,
PRE_SUBC,X2_k=-3,,,-3.0,reference_fold_pretrend,-0.015773617278299658,-1.1102230246251565e-16,0.05565542698985055,-0.21160698569269767,-0.13647616746608282,0.0019213482536523056,0.014017314978958622,0.482,0.964,0.964,-0.0,correction_completion,PT_violation_g40,1,200,95,2673082522,reference_fold_convolution_rf,,,,
PRE_SUBC,X2_k=-2,,,-2.0,reference_fold_pretrend,-0.010620422193360577,0.0,0.04482063360002475,-0.1691340165463048,-0.05727178891792494,5.551115123125783e-16,9.318934512947294e-16,0.5186666666666667,1.0,1.0,-0.0,correction_completion,PT_violation_g40,1,200,95,2673082522,reference_fold_convolution_rf,,,,
PRE_SUBC,X2_slope,,,,reference_fold_pretrend,0.006807716805208481,3.469446951953614e-17,0.02309318782094499,-0.006890070195341404,-0.0028735866314882432,0.0566005144491884,0.08479631683329238,0.43666666666666665,0.8733333333333333,0.8733333333333333,0.0,correction_completion,PT_violation_g40,1,200,95,2673082522,reference_fold_convolution_rf,,,,
PRE,k=-4,,,-4.0,pretrend,-0.05547887996500737,-0.047820309340943015,0.17407223207809444,-0.393417463324785,-0.3356834992279122,0.24068169579295548,0.3085689262376434,0.4053333333333333,0.8106666666666666,0.8106666666666666,0.019148936170212766,correction_completion,PT_violation_het10,1,200,79,862187904,raw_structured,,,,
PRE,k=-3,,,-3.0,pretrend,-0.10512507810751792,-0.0938079815854992,0.15760315454494106,-0.4363477722726257,-0.3710680325030031,0.1441005038962866,0.19270841572228017,0.324,0.648,0.648,0.01276595744680851,correction_completion,PT_violation_het10,1,200,79,862187904,raw_structured,,,,
PRE,k=-2,,,-2.0,pretrend,-0.11095133438710965,-0.08653961184373782,0.15464267753627053,-0.43247465252174633,-0.3848330311219771,0.09945269100790478,0.15798441570427074,0.378,0.756,0.756,0.006382978723404255,correction_completion,PT_violation_het10,1,200,79,862187904,raw_structured,,,,
PRE,slope,,,,pretrend,0.03483129503551197,0.02895955376468992,0.06360848909066366,-0.07808278926303036,-0.06341475079045068,0.13953978683811738,0.16388123094099818,0.3406666666666667,0.6813333333333333,0.6813333333333333,-0.006382978723404255,correction_completion,PT_violation_het10,1,200,79,862187904,raw_structured,,,,
PRE_SUB,X1=0_k=-4,,,-4.0,pretrend,0.06488248722269951,0.03621149047928088,0.2203499014971553,-0.3359922769994978,-0.2846462038752963,0.46273453638373047,0.5635831895483634,0.44,0.88,0.88,0.29999999999999993,correction_completion,PT_violation_het10,1,200,79,862187904,raw_structured,,,,
PRE_SUB,X1=0_k=-3,,,-3.0,pretrend,0.012450567966784348,0.0,0.20036566619490162,-0.370913100732071,-0.3008586582384399,0.36518061501699906,0.43947665981431,0.5706666666666667,1.0,1.0,0.19999999999999996,correction_completion,PT_violation_het10,1,200,79,862187904,raw_structured,,,,
PRE_SUB,X1=0_k=-2,,,-2.0,pretrend,-0.027834030937277793,0.0,0.183067760815674,-0.4028652596591899,-0.34273758767969736,0.2948882997429044,0.37487512870436723,0.5686666666666667,1.0,1.0,0.09999999999999998,correction_completion,PT_violation_het10,1,200,79,862187904,raw_structured,,,,
PRE_SUB,X1=1_k=-4,,,-4.0,pretrend,-0.19225316086012884,-0.16651152041391643,0.24857771029351888,-0.6992157994554361,-0.6201644522655948,0.18074268207707084,0.2536580949736871,0.264,0.528,0.528,-0.2999999999999999,correction_completion,PT_violation_het10,1,200,79,862187904,raw_structured,,,,
PRE_SUB,X1=1_k=-3,,,-3.0,pretrend,-0.23873376682831596,-0.21113191997633285,0.24251725175793146,-0.7389323073560862,-0.6715139883722756,0.07377507697582773,0.12955489026212827,0.23466666666666666,0.4693333333333333,0.4693333333333333,-0.19999999999999993,correction_completion,PT_violation_het10,1,200,79,862187904,raw_structured,,,,
PRE_SUB,X1=1_k=-2,,,-2.0,pretrend,-0.20540281558010035,-0.15876267094272317,0.2359016730790565,-0.7228799922964356,-0.6377049467037268,0.05654119523817565,0.10800297923212762,0.336,0.672,0.672,-0.09999999999999996,correction_completion,PT_violation_het10,1,200,79,862187904,raw_structured,,,,
PRE_SUB,X2=low_k=-4,,,-4.0,pretrend,-0.05751641003763632,-0.049875387794403564,0.17924112469424386,-0.39439657431255815,-0.3426248254137024,0.24790233912186768,0.3142646382536512,0.4026666666666667,0.8053333333333333,0.8053333333333333,0.009677419354838712,correction_completion,PT_violation_het10,1,200,79,862187904,raw_structured,,,,
PRE_SUB,X2=low_k=-3,,,-3.0,pretrend,-0.10774883823589396,-0.09861745367893954,0.1633486578482054,-0.44976327762035906,-0.38042351956102355,0.14612943975344853,0.2013824556497513,0.32466666666666666,0.6493333333333333,0.6493333333333333,0.006451612903225808,correction_completion,PT_violation_het10,1,200,79,862187904,raw_structured,,,,
PRE_SUB,X2=low_k=-2,,,-2.0,pretrend,-0.1149144068892652,-0.09188121705021834,0.15717365353040352,-0.4360862006605245,-0.39447695897521246,0.10090456791311019,0.15383613849389474,0.37866666666666665,0.7573333333333333,0.7573333333333333,0.003225806451612904,correction_completion,PT_violation_het10,1,200,79,862187904,raw_structured,,,,
PRE_SUB,X2=high_k=-4,,,-4.0,pretrend,-0.07798350139113594,-0.06908658852822899,0.17885711675881233,-0.43270886703107186,-0.36526112878196265,0.21688433885534944,0.28217570290799543,0.362,0.724,0.724,-0.018750000000000003,correction_completion,PT_violation_het10,1,200,79,862187904,raw_structured,,,,
PRE_SUB,X2=high_k=-3,,,-3.0,pretrend,-0.12618172610551373,-0.12282749903170326,0.1635999169173933,-0.470611862808934,-0.403249504266996,0.12397072570072566,0.17078799586858928,0.292,0.584,0.584,-0.0125,correction_completion,PT_violation_het10,1,200,79,862187904,raw_structured,,,,
PRE_SUB,X2=high_k=-2,,,-2.0,pretrend,-0.12409235345008578,-0.10467752649470041,0.16027568396962563,-0.4536173313552702,-0.40382629357601957,0.09324588138367385,0.14436416206791886,0.36466666666666664,0.7293333333333333,0.7293333333333333,-0.00625,correction_completion,PT_violation_het10,1,200,79,862187904,raw_structured,,,,
PRE_SUBC,X1_k=-4,,,-4.0,pretrend,-0.2571356480828283,-9.43689570931383e-16,0.3133617955593446,-0.9179822380240266,-0.8207015747810312,5.868569519229534e-16,1.0514158987895418e-15,0.30466666666666664,0.6093333333333333,0.6093333333333333,-0.5999999999999999,correction_completion,PT_violation_het10,1,200,79,862187904,raw_structured,,,,
PRE_SUBC,X1_k=-3,,,-3.0,pretrend,-0.2511843347951003,-6.661338147750939e-16,0.3107689182899766,-0.9165664267594179,-0.8200150373500701,5.174680128838811e-16,9.370976217226693e-16,0.33466666666666667,0.6693333333333333,0.6693333333333333,-0.3999999999999999,correction_completion,PT_violation_het10,1,200,79,862187904,raw_structured,,,,
PRE_SUBC,X1_k=-2,,,-2.0,pretrend,-0.17756878464282258,-5.551115123125783e-17,0.28314336387928857,-0.8548838854903384,-0.7840161209078018,4.996003610813204e-16,8.049116928532385e-16,0.47333333333333333,0.9466666666666667,0.9466666666666667,-0.19999999999999996,correction_completion,PT_violation_het10,1,200,79,862187904,raw_structured,,,,
PRE_SUBC,X1_slope,,,,pretrend,0.10366745703439342,3.372798072577764e-16,0.12803158825214445,-4.344738854403626e-16,-2.0908993782407594e-16,0.3473062917113002,0.38384575020726536,0.302,0.604,0.604,0.19999999999999996,correction_completion,PT_violation_het10,1,200,79,862187904,raw_structured,,,,
PRE_SUBC,X2_k=-4,,,-4.0,pretrend,-0.02046709135349963,-7.355227538141662e-16,0.06811180044491578,-0.19924121609241974,-0.06440686606948845,3.885780586188048e-16,6.040307143351223e-16,0.29933333333333334,0.5986666666666667,0.5986666666666667,-0.028427419354838716,correction_completion,PT_violation_het10,1,200,79,862187904,raw_structured,,,,
PRE_SUBC,X2_k=-3,,,-3.0,pretrend,-0.018432887869619764,-4.163336342344337e-16,0.06484122965875712,-0.16110117453647432,-0.037650485002691934,3.0531133177191805e-16,5.141720382795218e-16,0.33466666666666667,0.6693333333333333,0.6693333333333333,-0.01895161290322581,correction_completion,PT_violation_het10,1,200,79,862187904,raw_structured,,,,
PRE_SUBC,X2_k=-2,,,-2.0,pretrend,-0.00917794656082058,-5.551115123125783e-17,0.03503292165362354,-0.03368433684217335,-0.026414591057670078,3.0531133177191805e-16,4.718447854656915e-16,0.4726666666666667,0.9453333333333334,0.9453333333333334,-0.009475806451612905,correction_completion,PT_violation_het10,1,200,79,862187904,raw_structured,,,,
PRE_SUBC,X2_slope,,,,pretrend,0.007674642597182786,2.403831102425004e-16,0.024877320048219718,-2.224782857940255e-16,-1.249992173261002e-16,0.02358016952108875,0.06705824901609073,0.294,0.588,0.588,0.009475806451612905,correction_completion,PT_violation_het10,1,200,79,862187904,raw_structured,,,,
PRE,k=-4,,,-4.0,reference_fold_pretrend,-0.17742869357646374,-0.17932199651297653,0.1655475123829096,-0.4879791282320859,-0.4428424447923557,0.09423845557320247,0.15226122283037483,0.136,0.272,0.272,0.019148936170212766,correction_completion,PT_violation_het10,1,200,79,862187904,reference_fold_convolution_rf,,,,
PRE,k=-3,,,-3.0,reference_fold_pretrend,-0.21546927333811364,-0.210232695818527,0.15530421316086848,-0.5061182442831831,-0.4659348695739443,0.04309145217482434,0.10192153947087211,0.07133333333333333,0.14266666666666666,0.14266666666666666,0.01276595744680851,correction_completion,PT_violation_het10,1,200,79,862187904,reference_fold_convolution_rf,,,,
PRE,k=-2,,,-2.0,reference_fold_pretrend,-0.20232918793002239,-0.20307380684989507,0.14604803053570412,-0.49397091666020626,-0.44341780142635256,0.02958847178774099,0.06662394383075614,0.10333333333333333,0.20666666666666667,0.20666666666666667,0.006382978723404255,correction_completion,PT_violation_het10,1,200,79,862187904,reference_fold_convolution_rf,,,,
PRE,slope,,,,reference_fold_pretrend,0.08325384395254576,0.08251926851894426,0.06124846767585378,-0.039824626078771255,-0.01679978888183719,0.18308992102675276,0.20016327554797034,0.08,0.16,0.16,-0.006382978723404255,correction_completion,PT_violation_het10,1,200,79,862187904,reference_fold_convolution_rf,,,,
PRE_SUB,X1=0_k=-4,,,-4.0,reference_fold_pretrend,-0.027771044274703012,-0.02880407084506381,0.18768415283946996,-0.38783014288167655,-0.32291582372263083,0.2807139900353837,0.35143229462834097,0.43866666666666665,0.8773333333333333,0.8773333333333333,0.29999999999999993,correction_completion,PT_violation_het10,1,200,79,862187904,reference_fold_convolution_rf,,,,
PRE_SUB,X1=0_k=-3,,,-3.0,reference_fold_pretrend,-0.07030084633143797,-0.06439369116547569,0.1760585115303496,-0.4206502811689631,-0.3565402177951606,0.2117735381226847,0.28139721283440067,0.352,0.704,0.704,0.19999999999999996,correction_completion,PT_violation_het10,1,200,79,862187904,reference_fold_convolution_rf,,,,
PRE_SUB,X1=0_k=-2,,,-2.0,reference_fold_pretrend,-0.0936057816578443,-0.08314840836177052,0.16182305870981964,-0.40673464006833154,-0.351712020427535,0.16788255041508923,0.2267828612193184,0.332,0.664,0.664,0.09999999999999998,correction_completion,PT_violation_het10,1,200,79,862187904,reference_fold_convolution_rf,,,,
PRE_SUB,X1=1_k=-4,,,-4.0,reference_fold_pretrend,-0.3474942041466462,-0.3436504054489977,0.21912907518311056,-0.7695111785157689,-0.7042377357114168,0.014501617454191713,0.07438811358600562,0.05533333333333333,0.11066666666666666,0.11066666666666666,-0.2999999999999999,correction_completion,PT_violation_het10,1,200,79,862187904,reference_fold_convolution_rf,,,,
PRE_SUB,X1=1_k=-3,,,-3.0,reference_fold_pretrend,-0.3804333949366087,-0.3800247359831858,0.21308793067574341,-0.8000385772558674,-0.7238111982641047,-0.03647271945612154,0.02714074513740416,0.034666666666666665,0.06933333333333333,0.06933333333333333,-0.19999999999999993,correction_completion,PT_violation_het10,1,200,79,862187904,reference_fold_convolution_rf,,,,
PRE_SUB,X1=1_k=-2,,,-2.0,reference_fold_pretrend,-0.32587851323931566,-0.3203022524583933,0.20813145168411074,-0.7256019358624874,-0.6684792593649369,0.001118818062674851,0.04471210919296823,0.07666666666666666,0.15333333333333332,0.15333333333333332,-0.09999999999999996,correction_completion,PT_violation_het10,1,200,79,862187904,reference_fold_convolution_rf,,,,
PRE_SUB,X2=low_k=-4,,,-4.0,reference_fold_pretrend,-0.22087118391368668,-0.21940795418845863,0.17638449238156104,-0.549830239790756,-0.5011263487070361,0.07530694326234946,0.14549035229990367,0.1,0.2,0.2,0.009677419354838712,correction_completion,PT_violation_het10,1,200,79,862187904,reference_fold_convolution_rf,,,,
PRE_SUB,X2=low_k=-3,,,-3.0,reference_fold_pretrend,-0.2523834429884018,-0.2495513531744033,0.16743106245135878,-0.5584094218044883,-0.5231659490835816,0.01998579342726707,0.08444411996739615,0.06066666666666667,0.12133333333333333,0.12133333333333333,0.006451612903225808,correction_completion,PT_violation_het10,1,200,79,862187904,reference_fold_convolution_rf,,,,
PRE_SUB,X2=low_k=-2,,,-2.0,reference_fold_pretrend,-0.23375580991980882,-0.23289222833152434,0.15971785257012897,-0.5559668351626174,-0.49785097364354725,0.021343060538135887,0.05183231609815514,0.08866666666666667,0.17733333333333334,0.17733333333333334,0.003225806451612904,correction_completion,PT_violation_het10,1,200,79,862187904,reference_fold_convolution_rf,,,,
PRE_SUB,X2=high_k=-4,,,-4.0,reference_fold_pretrend,-0.20682300338499152,-0.208685532414844,0.17022526437795915,-0.5247528166426525,-0.48116797304156866,0.06896294204644783,0.12933980030094364,0.11466666666666667,0.22933333333333333,0.22933333333333333,-0.018750000000000003,correction_completion,PT_violation_het10,1,200,79,862187904,reference_fold_convolution_rf,,,,
PRE_SUB,X2=high_k=-3,,,-3.0,reference_fold_pretrend,-0.24300585637746433,-0.23942798790644432,0.16030177253981376,-0.5479571824031075,-0.5029208515513136,0.013384600122742576,0.09503586042050606,0.059333333333333335,0.11866666666666667,0.11866666666666667,-0.0125,correction_completion,PT_violation_het10,1,200,79,862187904,reference_fold_convolution_rf,,,,
PRE_SUB,X2=high_k=-2,,,-2.0,reference_fold_pretrend,-0.2221496216205284,-0.22374381293997964,0.1523287677159461,-0.5136400081881952,-0.4734842127526306,0.018647753979193302,0.057727720158979354,0.09,0.18,0.18,-0.00625,correction_completion,PT_violation_het10,1,200,79,862187904,reference_fold_convolution_rf,,,,
PRE_SUBC,X1_k=-4,,,-4.0,reference_fold_pretrend,-0.31972315987194333,-0.3417763709665498,0.2354883397739257,-0.7750660666176794,-0.7048994980052883,-0.010017096590276484,-0.004061017030512662,0.016666666666666666,0.03333333333333333,0.03333333333333333,-0.5999999999999999,correction_completion,PT_violation_het10,1,200,79,862187904,reference_fold_convolution_rf,,,,
PRE_SUBC,X1_k=-3,,,-3.0,reference_fold_pretrend,-0.3101325486051707,-0.33088330619522754,0.2339057264578459,-0.7588317452741271,-0.6886151936347951,-0.006659325299922936,0.00035399322206100254,0.028,0.056,0.056,-0.3999999999999999,correction_completion,PT_violation_het10,1,200,79,862187904,reference_fold_convolution_rf,,,,
PRE_SUBC,X1_k=-2,,,-2.0,reference_fold_pretrend,-0.2322727315814714,-0.21192823936136104,0.22740785195466517,-0.6726093475554095,-0.62414065552303,0.0,0.005475593317169162,0.07266666666666667,0.14533333333333334,0.14533333333333334,-0.19999999999999996,correction_completion,PT_violation_het10,1,200,79,862187904,reference_fold_convolution_rf,,,,
PRE_SUBC,X1_slope,,,,reference_fold_pretrend,0.12940766488626018,0.1377818088317737,0.09707759363741075,0.0014084930815077802,0.003998575307204709,0.2870462426681726,0.31340706023541587,0.014,0.028,0.028,0.19999999999999996,correction_completion,PT_violation_het10,1,200,79,862187904,reference_fold_convolution_rf,,,,
PRE_SUBC,X2_k=-4,,,-4.0,reference_fold_pretrend,0.014048180528695197,0.024294946393712057,0.0689815179255283,-0.1962595664294997,-0.10900974455819583,0.09098853673228277,0.10531745029873793,0.278,0.556,0.556,-0.028427419354838716,correction_completion,PT_violation_het10,1,200,79,862187904,reference_fold_convolution_rf,,,,
PRE_SUBC,X2_k=-3,,,-3.0,reference_fold_pretrend,0.00937758661093752,0.01677772749237759,0.06121821124805877,-0.16944420233674407,-0.07692270253614004,0.07480393407956089,0.0883166761130553,0.3273333333333333,0.6546666666666666,0.6546666666666666,-0.01895161290322581,correction_completion,PT_violation_het10,1,200,79,862187904,reference_fold_convolution_rf,,,,
PRE_SUBC,X2_k=-2,,,-2.0,reference_fold_pretrend,0.011606188299280416,0.016179022489793277,0.054307817096334296,-0.1161084159692209,-0.045238824218776987,0.07008747714692462,0.08364084296409025,0.31266666666666665,0.6253333333333333,0.6253333333333333,-0.009475806451612905,correction_completion,PT_violation_het10,1,200,79,862187904,reference_fold_convolution_rf,,,,
PRE_SUBC,X2_slope,,,,reference_fold_pretrend,-0.005178993079088647,-0.008533894335995156,0.02585648818295096,-0.03885434504468841,-0.03290700364599017,0.0379299205805319,0.07053629319096252,0.2793333333333333,0.5586666666666666,0.5586666666666666,0.009475806451612905,correction_completion,PT_violation_het10,1,200,79,862187904,reference_fold_convolution_rf,,,,
PRE,k=-4,,,-4.0,pretrend,0.02184435026937845,0.016662647760185424,0.1672796659735772,-0.30436009800367114,-0.24945322463996458,0.2991746932679361,0.3441080204931269,0.462,0.924,0.924,0.03829787234042553,correction_completion,PT_violation_het20,1,200,63,2523792573,raw_structured,,,,
PRE,k=-3,,,-3.0,pretrend,0.033372944671134545,0.018894426322491102,0.16979932051061383,-0.2997399929333513,-0.23677523968709868,0.31228702097830985,0.3679768348196379,0.466,0.932,0.932,0.02553191489361702,correction_completion,PT_violation_het20,1,200,63,2523792573,raw_structured,,,,
PRE,k=-2,,,-2.0,pretrend,0.10427069983985081,0.025644781668261188,0.15001562418208453,-0.11630639847412075,-0.04982536559277149,0.3886100139269257,0.44230251052428743,0.47333333333333333,0.9466666666666667,0.9466666666666667,0.01276595744680851,correction_completion,PT_violation_het20,1,200,63,2523792573,raw_structured,,,,
PRE,slope,,,,pretrend,-0.016896402856446804,-0.012906430832859517,0.0626176490746266,-0.14021842512793697,-0.12357616501779711,0.08200504865475379,0.09972845492784647,0.42533333333333334,0.8506666666666667,0.8506666666666667,-0.01276595744680851,correction_completion,PT_violation_het20,1,200,63,2523792573,raw_structured,,,,
PRE_SUB,X1=0_k=-4,,,-4.0,pretrend,0.2592963071264039,0.2547356842455528,0.21761500638458015,-0.15632852838128433,-0.07838412487861172,0.6211895524990323,0.6893304816247534,0.14466666666666667,0.28933333333333333,0.28933333333333333,0.5999999999999999,correction_completion,PT_violation_het20,1,200,63,2523792573,raw_structured,,,,
PRE_SUB,X1=0_k=-3,,,-3.0,pretrend,0.26157144766436796,0.2620291199726338,0.21720806069086895,-0.13850892227722855,-0.06552192580379229,0.6171019075642717,0.6781263241680002,0.16733333333333333,0.33466666666666667,0.33466666666666667,0.3999999999999999,correction_completion,PT_violation_het20,1,200,63,2523792573,raw_structured,,,,
PRE_SUB,X1=0_k=-2,,,-2.0,pretrend,0.10774043911729296,0.025337576369945845,0.1546599914008617,-0.1163063984741207,-0.04707367495227101,0.3981348390498093,0.45555622186914796,0.474,0.948,0.948,0.19999999999999996,correction_completion,PT_violation_het20,1,200,63,2523792573,raw_structured,,,,
PRE_SUB,X1=1_k=-4,,,-4.0,pretrend,-0.2479874188863323,-0.26577062298469084,0.23973362904604517,-0.7071607947925943,-0.6295540887974006,0.16077418484825548,0.21939171405134314,0.17733333333333334,0.3546666666666667,0.3546666666666667,-0.5999999999999998,correction_completion,PT_violation_het20,1,200,63,2523792573,raw_structured,,,,
PRE_SUB,X1=1_k=-3,,,-3.0,pretrend,-0.22594353600299436,-0.2342164195787406,0.24521677901803782,-0.680377667032928,-0.6160437785484985,0.17629656461749388,0.24494785057064442,0.23133333333333334,0.46266666666666667,0.46266666666666667,-0.39999999999999986,correction_completion,PT_violation_het20,1,200,63,2523792573,raw_structured,,,,
PRE_SUB,X1=1_k=-2,,,-2.0,pretrend,0.10032781429730289,0.01181362634108825,0.15203592927170229,-0.12545453402158308,-0.06235663760136307,0.38653708684535304,0.4446146537154493,0.48733333333333334,0.9746666666666667,0.9746666666666667,-0.19999999999999993,correction_completion,PT_violation_het20,1,200,63,2523792573,raw_structured,,,,
PRE_SUB,X2=low_k=-4,,,-4.0,pretrend,0.038256667968203734,0.03139181896499817,0.16837114990854013,-0.2852680623338129,-0.23390091160207896,0.3164051809502971,0.36579521334888104,0.42733333333333334,0.8546666666666667,0.8546666666666667,0.0967741935483871,correction_completion,PT_violation_het20,1,200,63,2523792573,raw_structured,,,,
PRE_SUB,X2=low_k=-3,,,-3.0,pretrend,0.0495193862329816,0.03679182202147725,0.1700880372846375,-0.27703158407327266,-0.2226807497002815,0.33105230492695153,0.38718614368195153,0.426,0.852,0.852,0.06451612903225806,correction_completion,PT_violation_het20,1,200,63,2523792573,raw_structured,,,,
PRE_SUB,X2=low_k=-2,,,-2.0,pretrend,0.10529007465719674,0.02765470968110259,0.15046884039002145,-0.11437691917530127,-0.047073674952271084,0.3886702226882631,0.4436861972893118,0.4713333333333333,0.9426666666666667,0.9426666666666667,0.03225806451612903,correction_completion,PT_violation_het20,1,200,63,2523792573,raw_structured,,,,
PRE_SUB,X2=high_k=-4,,,-4.0,pretrend,0.003732061849427873,0.0,0.16968897892722037,-0.3438431279166314,-0.2751736229134644,0.2891901222335004,0.32966501618756733,0.5046666666666667,1.0,1.0,5.204170427930421e-18,correction_completion,PT_violation_het20,1,200,63,2523792573,raw_structured,,,,
PRE_SUB,X2=high_k=-3,,,-3.0,pretrend,0.015946619471329956,0.0005500150143619292,0.1717612863411624,-0.32670004211833076,-0.25936405564662096,0.29713439714290407,0.3477177923867237,0.49933333333333335,0.9986666666666667,0.9986666666666667,3.469446951953614e-18,correction_completion,PT_violation_het20,1,200,63,2523792573,raw_structured,,,,
PRE_SUB,X2=high_k=-2,,,-2.0,pretrend,0.1032374715957456,0.02275057143792839,0.15017636087530747,-0.11701338576696936,-0.05798208133958163,0.3876547483522528,0.4423025105242868,0.476,0.952,0.952,1.734723475976807e-18,correction_completion,PT_violation_het20,1,200,63,2523792573,raw_structured,,,,
PRE_SUBC,X1_k=-4,,,-4.0,pretrend,-0.5072837260127362,-0.5735219491983223,0.31117547536430956,-1.0055895853020815,-0.9466265977719343,1.3947176746853466e-16,4.236194728335344e-16,0.10933333333333334,0.21866666666666668,0.21866666666666668,-1.1999999999999997,correction_completion,PT_violation_het20,1,200,63,2523792573,raw_structured,,,,
PRE_SUBC,X1_k=-3,,,-3.0,pretrend,-0.4875149836673624,-0.5633030192449321,0.31311337371121034,-0.9864020568863585,-0.9351475318714062,1.529158744073553e-16,3.608224830031759e-16,0.14333333333333334,0.2866666666666667,0.2866666666666667,-0.7999999999999998,correction_completion,PT_violation_het20,1,200,63,2523792573,raw_structured,,,,
PRE_SUBC,X1_k=-2,,,-2.0,pretrend,-0.007412624819990076,0.0,0.06457749704136985,-0.027650420843273227,-9.992007221626409e-16,6.120104423246163e-16,1.0283440765590437e-15,0.7,1.0,1.0,-0.3999999999999999,correction_completion,PT_violation_het20,1,200,63,2523792573,raw_structured,,,,
PRE_SUBC,X1_slope,,,,pretrend,0.17887812644235168,0.2037156194436785,0.11087795267983375,-1.3279927752701022e-16,-4.6639279739833586e-17,0.33631838252980895,0.360695213285085,0.11066666666666666,0.22133333333333333,0.22133333333333333,0.3999999999999999,correction_completion,PT_violation_het20,1,200,63,2523792573,raw_structured,,,,
PRE_SUBC,X2_k=-4,,,-4.0,pretrend,-0.034524606118775863,-0.03559044680400231,0.04551008344287386,-0.07982299525831414,-0.06284873040405844,1.7711526689723185e-16,4.34201286036992e-16,0.12666666666666668,0.25333333333333335,0.25333333333333335,-0.0967741935483871,correction_completion,PT_violation_het20,1,200,63,2523792573,raw_structured,,,,
PRE_SUBC,X2_k=-3,,,-3.0,pretrend,-0.03357276676165165,-0.03508462570326759,0.03837003584241188,-0.06755262467671111,-0.06100423687062567,1.6653345369377348e-16,3.1259717037101875e-16,0.156,0.312,0.312,-0.06451612903225806,correction_completion,PT_violation_het20,1,200,63,2523792573,raw_structured,,,,
PRE_SUBC,X2_k=-2,,,-2.0,pretrend,-0.002052603061451157,0.0,0.020782732629703184,-0.019070014209025158,-6.675215935558753e-16,4.440892098500626e-16,6.595418655663802e-16,0.7006666666666667,1.0,1.0,-0.03225806451612903,correction_completion,PT_violation_het20,1,200,63,2523792573,raw_structured,,,,
PRE_SUBC,X2_slope,,,,pretrend,0.012340853924363003,0.012667340413460333,0.015498749077325817,-1.6465003963414151e-16,-7.137148015447435e-17,0.02244597514430656,0.027983296695646392,0.12266666666666666,0.24533333333333332,0.24533333333333332,0.03225806451612903,correction_completion,PT_violation_het20,1,200,63,2523792573,raw_structured,,,,
PRE,k=-4,,,-4.0,reference_fold_pretrend,-0.04495401842084878,-0.04597043162590009,0.1538281024335205,-0.34742630690196685,-0.2955132902774017,0.2064949959772901,0.2517131307572979,0.382,0.764,0.764,0.03829787234042553,correction_completion,PT_violation_het20,1,200,63,2523792573,reference_fold_convolution_rf,,,,
PRE,k=-3,,,-3.0,reference_fold_pretrend,-0.02635020779864388,-0.02191101288467248,0.14678120880557488,-0.31533919148809036,-0.268016773911891,0.21840077279909093,0.2678968129214968,0.42333333333333334,0.8466666666666667,0.8466666666666667,0.02553191489361702,correction_completion,PT_violation_het20,1,200,63,2523792573,reference_fold_convolution_rf,,,,
PRE,k=-2,,,-2.0,reference_fold_pretrend,0.031840548383684546,0.005177171120230752,0.12011405468756751,-0.20597156908085482,-0.15606893375406816,0.24846798925871647,0.30068151873080173,0.4866666666666667,0.9733333333333334,0.9733333333333334,0.01276595744680851,correction_completion,PT_violation_het20,1,200,63,2523792573,reference_fold_convolution_rf,,,,
PRE,slope,,,,reference_fold_pretrend,0.01112299446258211,0.011974610985164679,0.05521769979115671,-0.10326676239364838,-0.08233563587077503,0.10296408842724934,0.12059553991316958,0.3973333333333333,0.7946666666666666,0.7946666666666666,-0.01276595744680851,correction_completion,PT_violation_het20,1,200,63,2523792573,reference_fold_convolution_rf,,,,
PRE_SUB,X1=0_k=-4,,,-4.0,reference_fold_pretrend,0.07307596632731328,0.06772394949934801,0.1859321535934518,-0.2720691451181234,-0.2292832297315242,0.3875577675679874,0.4416170494035644,0.3546666666666667,0.7093333333333334,0.7093333333333334,0.5999999999999999,correction_completion,PT_violation_het20,1,200,63,2523792573,reference_fold_convolution_rf,,,,
PRE_SUB,X1=0_k=-3,,,-3.0,reference_fold_pretrend,0.08133365176089907,0.06376018620560851,0.17583430933348917,-0.2458096712996847,-0.19856528886384345,0.39264871987750244,0.45329168122958174,0.3393333333333333,0.6786666666666666,0.6786666666666666,0.3999999999999999,correction_completion,PT_violation_het20,1,200,63,2523792573,reference_fold_convolution_rf,,,,
PRE_SUB,X1=0_k=-2,,,-2.0,reference_fold_pretrend,0.05020740340600012,0.020054943525851895,0.13294367805251892,-0.18598702097976594,-0.1424994718520584,0.30175298107837784,0.362984738229102,0.448,0.896,0.896,0.19999999999999996,correction_completion,PT_violation_het20,1,200,63,2523792573,reference_fold_convolution_rf,,,,
PRE_SUB,X1=1_k=-4,,,-4.0,reference_fold_pretrend,-0.17907900108921473,-0.16826807065586596,0.19511743155252947,-0.5878574618468091,-0.5109173098805584,0.11902685279035458,0.16748806265530555,0.182,0.364,0.364,-0.5999999999999998,correction_completion,PT_violation_het20,1,200,63,2523792573,reference_fold_convolution_rf,,,,
PRE_SUB,X1=1_k=-3,,,-3.0,reference_fold_pretrend,-0.14871823002539722,-0.1324806785857423,0.1906398572438772,-0.5599841319788299,-0.4878221900518031,0.12910677669072507,0.17758191939964946,0.23533333333333334,0.4706666666666667,0.4706666666666667,-0.39999999999999986,correction_completion,PT_violation_het20,1,200,63,2523792573,reference_fold_convolution_rf,,,,
PRE_SUB,X1=1_k=-2,,,-2.0,reference_fold_pretrend,0.010969122221962311,0.0,0.12649107226021464,-0.24863223204205523,-0.1981600336071114,0.22190456869058708,0.27699154202374443,0.54,1.0,1.0,-0.19999999999999993,correction_completion,PT_violation_het20,1,200,63,2523792573,reference_fold_convolution_rf,,,,
PRE_SUB,X2=low_k=-4,,,-4.0,reference_fold_pretrend,-0.04277022429096883,-0.046022846259022976,0.1605109217795472,-0.34919819157582027,-0.30897902926667475,0.22731990658651013,0.2827408958233015,0.39466666666666667,0.7893333333333333,0.7893333333333333,0.0967741935483871,correction_completion,PT_violation_het20,1,200,63,2523792573,reference_fold_convolution_rf,,,,
PRE_SUB,X2=low_k=-3,,,-3.0,reference_fold_pretrend,-0.0309789389329945,-0.023710784827829456,0.15577747994273367,-0.3280890963647849,-0.28124773643562284,0.22922630755579326,0.2760401798196349,0.43266666666666664,0.8653333333333333,0.8653333333333333,0.06451612903225806,correction_completion,PT_violation_het20,1,200,63,2523792573,reference_fold_convolution_rf,,,,
PRE_SUB,X2=low_k=-2,,,-2.0,reference_fold_pretrend,0.039178324086323074,0.011931621976736176,0.1261994667224206,-0.2092405855314287,-0.1577281622435673,0.2746262568703403,0.32405914849569784,0.4646666666666667,0.9293333333333333,0.9293333333333333,0.03225806451612903,correction_completion,PT_violation_het20,1,200,63,2523792573,reference_fold_convolution_rf,,,,
PRE_SUB,X2=high_k=-4,,,-4.0,reference_fold_pretrend,-0.06269304057954404,-0.06169503892181569,0.15640185798714074,-0.3781094365890154,-0.3224319119384845,0.19244298012679673,0.23885564783805788,0.3473333333333333,0.6946666666666667,0.6946666666666667,5.204170427930421e-18,correction_completion,PT_violation_het20,1,200,63,2523792573,reference_fold_convolution_rf,,,,
PRE_SUB,X2=high_k=-3,,,-3.0,reference_fold_pretrend,-0.0423450909703162,-0.03934192023166519,0.14922046955828444,-0.3412832910526056,-0.2892911147942916,0.2021594067814439,0.2533291516894637,0.39666666666666667,0.7933333333333333,0.7933333333333333,3.469446951953614e-18,correction_completion,PT_violation_het20,1,200,63,2523792573,reference_fold_convolution_rf,,,,
PRE_SUB,X2=high_k=-2,,,-2.0,reference_fold_pretrend,0.028980070889292487,0.00254232261479961,0.1215430583962682,-0.21054959006768892,-0.1645213732641719,0.24837885738247012,0.29956714963691183,0.49533333333333335,0.9906666666666667,0.9906666666666667,1.734723475976807e-18,correction_completion,PT_violation_het20,1,200,63,2523792573,reference_fold_convolution_rf,,,,
PRE_SUBC,X1_k=-4,,,-4.0,reference_fold_pretrend,-0.25215496741652804,-0.24487520951882516,0.2244756089975439,-0.7317372369332903,-0.6477352405762498,0.0306817068598289,0.05395116666719603,0.11933333333333333,0.23866666666666667,0.23866666666666667,-1.1999999999999997,correction_completion,PT_violation_het20,1,200,63,2523792573,reference_fold_convolution_rf,,,,
PRE_SUBC,X1_k=-3,,,-3.0,reference_fold_pretrend,-0.23005188178629632,-0.22256031638054033,0.2187370566184421,-0.7004605495277687,-0.6170554734827226,0.03840015408315012,0.05570077071479019,0.168,0.336,0.336,-0.7999999999999998,correction_completion,PT_violation_het20,1,200,63,2523792573,reference_fold_convolution_rf,,,,
PRE_SUBC,X1_k=-2,,,-2.0,reference_fold_pretrend,-0.0392382811840378,-0.009374690538060514,0.09946100562130891,-0.3373868501834457,-0.2652375263151971,0.05525152844178086,0.06999266112672838,0.43866666666666665,0.8773333333333333,0.8773333333333333,-0.3999999999999999,correction_completion,PT_violation_het20,1,200,63,2523792573,reference_fold_convolution_rf,,,,
PRE_SUBC,X1_slope,,,,reference_fold_pretrend,0.0897004962147296,0.08338772721272342,0.0813377892509244,-0.019889964227743976,-0.012902182423431042,0.22998397976587684,0.2708450694175731,0.12866666666666668,0.25733333333333336,0.25733333333333336,0.3999999999999999,correction_completion,PT_violation_het20,1,200,63,2523792573,reference_fold_convolution_rf,,,,
PRE_SUBC,X2_k=-4,,,-4.0,reference_fold_pretrend,-0.019922816288575198,-0.012957551192715626,0.05973475122377072,-0.15979548226476648,-0.09931162114007128,0.04693153819250095,0.06106453712493609,0.37266666666666665,0.7453333333333333,0.7453333333333333,-0.0967741935483871,correction_completion,PT_violation_het20,1,200,63,2523792573,reference_fold_convolution_rf,,,,
PRE_SUBC,X2_k=-3,,,-3.0,reference_fold_pretrend,-0.011366152037321697,-0.00574761165500675,0.04677187785568845,-0.11899701862397448,-0.08234393305893202,0.04771028817040051,0.0560311646916223,0.44266666666666665,0.8853333333333333,0.8853333333333333,-0.06451612903225806,correction_completion,PT_violation_het20,1,200,63,2523792573,reference_fold_convolution_rf,,,,
PRE_SUBC,X2_k=-2,,,-2.0,reference_fold_pretrend,-0.010198253197030589,-0.0024360559401058416,0.0379807969183981,-0.08617436897773047,-0.05737428442387119,0.03180915039923925,0.04148732925023773,0.472,0.944,0.944,-0.03225806451612903,correction_completion,PT_violation_het20,1,200,63,2523792573,reference_fold_convolution_rf,,,,
PRE_SUBC,X2_slope,,,,reference_fold_pretrend,0.006621357581242827,0.004200153617025114,0.020114487211118214,-0.021500678040028653,-0.017520162148770464,0.03542410493088734,0.05639833115320755,0.38466666666666666,0.7693333333333333,0.7693333333333333,0.03225806451612903,correction_completion,PT_violation_het20,1,200,63,2523792573,reference_fold_convolution_rf,,,,
PRE,k=-4,,,-4.0,pretrend,-0.07506996176060363,-0.07478204253519137,0.19042028902563427,-0.44544185160923055,-0.3862488671718325,0.23847870479022715,0.29500162994157036,0.33866666666666667,0.6773333333333333,0.6773333333333333,-0.13608247422680408,correction_completion,PT_violation_het40,1,200,47,4261612094,raw_structured,,,,
PRE,k=-3,,,-3.0,pretrend,-0.039122656844915726,-0.0505325918561073,0.18851232661480138,-0.4103119186604664,-0.3395383556232176,0.2801646731663002,0.3221075826536236,0.41133333333333333,0.8226666666666667,0.8226666666666667,-0.09072164948453607,correction_completion,PT_violation_het40,1,200,47,4261612094,raw_structured,,,,
PRE,k=-2,,,-2.0,pretrend,0.0844944343941673,0.07627797193034723,0.18587940232506941,-0.29056808900725545,-0.22296155478151614,0.3815952819801544,0.4379898244291818,0.3486666666666667,0.6973333333333334,0.6973333333333334,-0.04536082474226803,correction_completion,PT_violation_het40,1,200,47,4261612094,raw_structured,,,,
PRE,slope,,,,pretrend,0.015640054612676788,0.017014987493466582,0.06978473438805591,-0.12014327923471561,-0.09953932743233497,0.13092290596153713,0.15060292814080578,0.408,0.816,0.816,0.04536082474226803,correction_completion,PT_violation_het40,1,200,47,4261612094,raw_structured,,,,
PRE_SUB,X1=0_k=-4,,,-4.0,pretrend,1.0619588745952364,1.0470484561574445,0.26691254684696286,0.5517651607782627,0.6264255641472011,1.5090983222238539,1.615899223526616,0.0,0.0,0.0,1.1999999999999997,correction_completion,PT_violation_het40,1,200,47,4261612094,raw_structured,,,,
PRE_SUB,X1=0_k=-3,,,-3.0,pretrend,0.9127522110191328,0.91730139821401,0.259424432268143,0.38036869561877634,0.4707640658878009,1.3345951179574964,1.3931090001195392,0.0006666666666666666,0.0013333333333333333,0.0013333333333333333,0.7999999999999998,correction_completion,PT_violation_het40,1,200,47,4261612094,raw_structured,,,,
PRE_SUB,X1=0_k=-2,,,-2.0,pretrend,0.5038612559360193,0.5231621838800382,0.25798989062206185,0.0,0.0,0.9118944793374953,0.980489901515205,0.06,0.12,0.12,0.3999999999999999,correction_completion,PT_violation_het40,1,200,47,4261612094,raw_structured,,,,
PRE_SUB,X1=1_k=-4,,,-4.0,pretrend,-0.9804818129328465,-0.9712435099478659,0.25324399888359805,-1.5036545526508804,-1.4021273526615814,-0.5594362838185882,-0.4745844389305678,0.0,0.0,0.0,-1.1999999999999995,correction_completion,PT_violation_het40,1,200,47,4261612094,raw_structured,,,,
PRE_SUB,X1=1_k=-3,,,-3.0,pretrend,-0.797097088662584,-0.800231925034552,0.2461894183135348,-1.2811830385242258,-1.1983728726910596,-0.3846890380094032,-0.3091549748403098,0.0006666666666666666,0.0013333333333333333,0.0013333333333333333,-0.7999999999999997,correction_completion,PT_violation_het40,1,200,47,4261612094,raw_structured,,,,
PRE_SUB,X1=1_k=-2,,,-2.0,pretrend,-0.24944581238915925,-0.250250086474611,0.23506443387091316,-0.7137849322564406,-0.6424356615411546,0.10850685130828429,0.18116673339321354,0.19866666666666666,0.3973333333333333,0.3973333333333333,-0.39999999999999986,correction_completion,PT_violation_het40,1,200,47,4261612094,raw_structured,,,,
PRE_SUB,X2=low_k=-4,,,-4.0,pretrend,-0.04401014991431532,-0.04504289112881975,0.19398083352852097,-0.41682857992583644,-0.35975631813379144,0.27188512579684593,0.3340466160331627,0.4073333333333333,0.8146666666666667,0.8146666666666667,-0.07500000000000002,correction_completion,PT_violation_het40,1,200,47,4261612094,raw_structured,,,,
PRE_SUB,X2=low_k=-3,,,-3.0,pretrend,-0.012625301970469948,-0.023593665233820157,0.19092408124003094,-0.38758708901061756,-0.3181356292969843,0.30958337312893386,0.36789145959900216,0.45466666666666666,0.9093333333333333,0.9093333333333333,-0.05000000000000002,correction_completion,PT_violation_het40,1,200,47,4261612094,raw_structured,,,,
PRE_SUB,X2=low_k=-2,,,-2.0,pretrend,0.09772767520011194,0.09117412728021784,0.18765329542355644,-0.2793255643733212,-0.21142574685303375,0.3978278267752298,0.4507591229873667,0.32066666666666666,0.6413333333333333,0.6413333333333333,-0.02500000000000001,correction_completion,PT_violation_het40,1,200,47,4261612094,raw_structured,,,,
PRE_SUB,X2=high_k=-4,,,-4.0,pretrend,-0.37035580372283144,-0.36589454694134216,0.20374732710985408,-0.7713832263383305,-0.6991641995471287,-0.038320757499293714,0.025196137968828993,0.036,0.072,0.072,-0.4727272727272729,correction_completion,PT_violation_het40,1,200,47,4261612094,raw_structured,,,,
PRE_SUB,X2=high_k=-3,,,-3.0,pretrend,-0.2869203431256283,-0.29458029964008925,0.20240833765538413,-0.6794377662305796,-0.6218643457997007,0.05530946669907907,0.09890430794129915,0.084,0.168,0.168,-0.31515151515151524,correction_completion,PT_violation_het40,1,200,47,4261612094,raw_structured,,,,
PRE_SUB,X2=high_k=-2,,,-2.0,pretrend,-0.02587867897311678,-0.01685397814513102,0.19556274813658295,-0.44109917607487614,-0.34550778599888177,0.2780738708121211,0.3202809246178705,0.4766666666666667,0.9533333333333334,0.9533333333333334,-0.15757575757575762,correction_completion,PT_violation_het40,1,200,47,4261612094,raw_structured,,,,
PRE_SUBC,X1_k=-4,,,-4.0,pretrend,-2.0424406875280834,-2.026613826994438,0.354562090408378,-2.799782465874305,-2.655363742338468,-1.4972872017561587,-1.4048562310996908,0.0,0.0,0.0,-2.3999999999999995,correction_completion,PT_violation_het40,1,200,47,4261612094,raw_structured,,,,
PRE_SUBC,X1_k=-3,,,-3.0,pretrend,-1.709849299681717,-1.7309068260652882,0.3370702035394217,-2.3091499870694134,-2.231406041743307,-1.086667754012307,-0.9654090136294392,0.0,0.0,0.0,-1.5999999999999996,correction_completion,PT_violation_het40,1,200,47,4261612094,raw_structured,,,,
PRE_SUBC,X1_k=-2,,,-2.0,pretrend,-0.7533070683251786,-0.7855227796990822,0.32280004400250434,-1.2884385284176683,-1.2133577201730512,0.0,0.0,0.05733333333333333,0.11466666666666667,0.11466666666666667,-0.7999999999999998,correction_completion,PT_violation_het40,1,200,47,4261612094,raw_structured,,,,
PRE_SUBC,X1_slope,,,,pretrend,0.7357376950194902,0.7388844146832547,0.1211437073096912,0.4908447104995286,0.533798946055908,0.9301668518603535,0.9728205260270032,0.0,0.0,0.0,0.7999999999999998,correction_completion,PT_violation_het40,1,200,47,4261612094,raw_structured,,,,
PRE_SUBC,X2_k=-4,,,-4.0,pretrend,-0.32634565380851616,-0.31131284559736017,0.09597250225777494,-0.5945896769083093,-0.4719362479054172,-0.2266981584102298,-0.21223696103252987,0.0006666666666666666,0.0013333333333333333,0.0013333333333333333,-0.3977272727272729,correction_completion,PT_violation_het40,1,200,47,4261612094,raw_structured,,,,
PRE_SUBC,X2_k=-3,,,-3.0,pretrend,-0.27429504115515835,-0.26559019274400203,0.0923912451875921,-0.5490702278562019,-0.3808911274147331,-0.16459200727037238,-0.1454500577989341,0.0006666666666666666,0.0013333333333333333,0.0013333333333333333,-0.26515151515151525,correction_completion,PT_violation_het40,1,200,47,4261612094,raw_structured,,,,
PRE_SUBC,X2_k=-2,,,-2.0,pretrend,-0.12360635417322874,-0.12026150496864232,0.0827798395738742,-0.2605471043162737,-0.20195442957415002,0.0,0.0,0.06,0.12,0.12,-0.13257575757575762,correction_completion,PT_violation_het40,1,200,47,4261612094,raw_structured,,,,
PRE_SUBC,X2_slope,,,,pretrend,0.11794524270779243,0.11305252100839114,0.03664873337030284,0.07400844905626804,0.08077958169151707,0.16213851080634206,0.21935007598970077,0.0006666666666666666,0.0013333333333333333,0.0013333333333333333,0.13257575757575762,correction_completion,PT_violation_het40,1,200,47,4261612094,raw_structured,,,,
PRE,k=-4,,,-4.0,reference_fold_pretrend,-0.14597104019202495,-0.15099400368513452,0.18213023927866662,-0.4831934893558078,-0.4374820903056318,0.15681315097555149,0.22688355818615785,0.212,0.424,0.424,-0.13608247422680408,correction_completion,PT_violation_het40,1,200,47,4261612094,reference_fold_convolution_rf,,,,
PRE,k=-3,,,-3.0,reference_fold_pretrend,-0.09503388087391489,-0.09539405802479009,0.17699961313238824,-0.44465383455478846,-0.38841844910550416,0.19317274077930233,0.26111760338008794,0.294,0.588,0.588,-0.09072164948453607,correction_completion,PT_violation_het40,1,200,47,4261612094,reference_fold_convolution_rf,,,,
PRE,k=-2,,,-2.0,reference_fold_pretrend,-0.008143612934708281,-0.006356781826317728,0.16215751994463345,-0.31947753564623727,-0.28167693356187484,0.26223837091753055,0.29952031009968005,0.48533333333333334,0.9706666666666667,0.9706666666666667,-0.04536082474226803,correction_completion,PT_violation_het40,1,200,47,4261612094,reference_fold_convolution_rf,,,,
PRE,slope,,,,reference_fold_pretrend,0.045437463947043774,0.047338089460787824,0.06506776956169484,-0.08099585703802897,-0.06225720879226863,0.1524500818066951,0.17190465212432574,0.24733333333333332,0.49466666666666664,0.49466666666666664,0.04536082474226803,correction_completion,PT_violation_het40,1,200,47,4261612094,reference_fold_convolution_rf,,,,
PRE_SUB,X1=0_k=-4,,,-4.0,reference_fold_pretrend,0.7796109179100448,0.7860504608503023,0.24919301116108353,0.2914858583636119,0.36609466405869984,1.1716421032944333,1.2639637978890705,0.0013333333333333333,0.0026666666666666666,0.0026666666666666666,1.1999999999999997,correction_completion,PT_violation_het40,1,200,47,4261612094,reference_fold_convolution_rf,,,,
PRE_SUB,X1=0_k=-3,,,-3.0,reference_fold_pretrend,0.7289784521780482,0.7335603870405708,0.24247134877312643,0.24106511303106312,0.31216992630402207,1.1082636652000355,1.1848729414468544,0.0013333333333333333,0.0026666666666666666,0.0026666666666666666,0.7999999999999998,correction_completion,PT_violation_het40,1,200,47,4261612094,reference_fold_convolution_rf,,,,
PRE_SUB,X1=0_k=-2,,,-2.0,reference_fold_pretrend,0.39690488050900946,0.3998982147517022,0.22796670140607866,-0.052486983477514425,0.0,0.763498688360457,0.8375082202361364,0.052,0.104,0.104,0.3999999999999999,correction_completion,PT_violation_het40,1,200,47,4261612094,reference_fold_convolution_rf,,,,
PRE_SUB,X1=1_k=-4,,,-4.0,reference_fold_pretrend,-0.8830085253473768,-0.8824815186893833,0.23304722939255718,-1.3447134471685769,-1.2606492424771927,-0.4933241663325373,-0.43477393788203217,0.0,0.0,0.0,-1.1999999999999995,correction_completion,PT_violation_het40,1,200,47,4261612094,reference_fold_convolution_rf,,,,
PRE_SUB,X1=1_k=-3,,,-3.0,reference_fold_pretrend,-0.7511918497856632,-0.7436200736924119,0.2279250211665364,-1.1953938510198974,-1.1362461495932643,-0.3862925233420354,-0.28839577231714086,0.0,0.0,0.0,-0.7999999999999997,correction_completion,PT_violation_het40,1,200,47,4261612094,reference_fold_convolution_rf,,,,
PRE_SUB,X1=1_k=-2,,,-2.0,reference_fold_pretrend,-0.33068222808433534,-0.32847372792650703,0.21801994604413458,-0.7678674669003162,-0.6995060453138596,0.017935215046790874,0.057484524865054495,0.07466666666666667,0.14933333333333335,0.14933333333333335,-0.39999999999999986,correction_completion,PT_violation_het40,1,200,47,4261612094,reference_fold_convolution_rf,,,,
PRE_SUB,X2=low_k=-4,,,-4.0,reference_fold_pretrend,-0.10309280762249999,-0.11017778741466622,0.18906851204786673,-0.4607434008796312,-0.40588832160920413,0.2050127571445133,0.29661995457871626,0.2926666666666667,0.5853333333333334,0.5853333333333334,-0.07500000000000002,correction_completion,PT_violation_het40,1,200,47,4261612094,reference_fold_convolution_rf,,,,
PRE_SUB,X2=low_k=-3,,,-3.0,reference_fold_pretrend,-0.04172500712651998,-0.04241740513290587,0.18445886402055897,-0.3973836082611609,-0.34793249254059505,0.2645555919580292,0.32137962238731377,0.41,0.82,0.82,-0.05000000000000002,correction_completion,PT_violation_het40,1,200,47,4261612094,reference_fold_convolution_rf,,,,
PRE_SUB,X2=low_k=-2,,,-2.0,reference_fold_pretrend,0.019938062396410983,0.019316224504913347,0.17012097551777833,-0.3000927848394671,-0.26694827798159515,0.29816552015558395,0.3576656670465345,0.4493333333333333,0.8986666666666666,0.8986666666666666,-0.02500000000000001,correction_completion,PT_violation_het40,1,200,47,4261612094,reference_fold_convolution_rf,,,,
PRE_SUB,X2=high_k=-4,,,-4.0,reference_fold_pretrend,-0.40660587987123076,-0.41444964794125105,0.19569814580339812,-0.7764481504187508,-0.7228010553739594,-0.07315410649267054,-0.01733100218277969,0.02,0.04,0.04,-0.4727272727272729,correction_completion,PT_violation_het40,1,200,47,4261612094,reference_fold_convolution_rf,,,,
PRE_SUB,X2=high_k=-3,,,-3.0,reference_fold_pretrend,-0.32808446747939085,-0.32521708806348537,0.18783523563125284,-0.6979098340476017,-0.6359013838152163,-0.020532220133287604,0.02752612893196328,0.038,0.076,0.076,-0.31515151515151524,correction_completion,PT_violation_het40,1,200,47,4261612094,reference_fold_convolution_rf,,,,
PRE_SUB,X2=high_k=-2,,,-2.0,reference_fold_pretrend,-0.11715424552481124,-0.11262915972909315,0.1714550978962685,-0.4648936269071207,-0.4120510326528834,0.15440010542145194,0.202705699503547,0.25466666666666665,0.5093333333333333,0.5093333333333333,-0.15757575757575762,correction_completion,PT_violation_het40,1,200,47,4261612094,reference_fold_convolution_rf,,,,
PRE_SUBC,X1_k=-4,,,-4.0,reference_fold_pretrend,-1.6626194432574217,-1.6718099169185359,0.31566780337623795,-2.253013046022906,-2.1631630280060428,-1.1454098543290394,-1.0447768702670712,0.0,0.0,0.0,-2.3999999999999995,correction_completion,PT_violation_het40,1,200,47,4261612094,reference_fold_convolution_rf,,,,
PRE_SUBC,X1_k=-3,,,-3.0,reference_fold_pretrend,-1.4801703019637116,-1.480360053925489,0.30959586656537175,-2.058582806881734,-1.9734616475878806,-0.9639263074526098,-0.8727282201891482,0.0,0.0,0.0,-1.5999999999999996,correction_completion,PT_violation_het40,1,200,47,4261612094,reference_fold_convolution_rf,,,,
PRE_SUBC,X1_k=-2,,,-2.0,reference_fold_pretrend,-0.7275871085933449,-0.750999632420233,0.3066363105600388,-1.2739459123453396,-1.176836592118318,-0.21261004796108066,-0.012825302451701562,0.014,0.028,0.028,-0.7999999999999998,correction_completion,PT_violation_het40,1,200,47,4261612094,reference_fold_convolution_rf,,,,
PRE_SUBC,X1_slope,,,,reference_fold_pretrend,0.619699003020931,0.6223987148084147,0.11700480082139265,0.3854509133144361,0.425405317595806,0.8110751562300652,0.8331758468030616,0.0,0.0,0.0,0.7999999999999998,correction_completion,PT_violation_het40,1,200,47,4261612094,reference_fold_convolution_rf,,,,
PRE_SUBC,X2_k=-4,,,-4.0,reference_fold_pretrend,-0.30351307224873075,-0.29518281940241203,0.11047269873195271,-0.5699371905013518,-0.4880783403975878,-0.14347475673975038,-0.1129547848905598,0.0,0.0,0.0,-0.3977272727272729,correction_completion,PT_violation_het40,1,200,47,4261612094,reference_fold_convolution_rf,,,,
PRE_SUBC,X2_k=-3,,,-3.0,reference_fold_pretrend,-0.2863594603528709,-0.28323013452467366,0.10621524894187775,-0.523360967151446,-0.45198103891362984,-0.12644236878467652,-0.10222925218870811,0.0,0.0,0.0,-0.26515151515151525,correction_completion,PT_violation_het40,1,200,47,4261612094,reference_fold_convolution_rf,,,,
PRE_SUBC,X2_k=-2,,,-2.0,reference_fold_pretrend,-0.13709230792122223,-0.14312110741672918,0.09877426245828562,-0.32565333118031964,-0.2821879298719506,0.03277830183174582,0.043496765465812694,0.12066666666666667,0.24133333333333334,0.24133333333333334,-0.13257575757575762,correction_completion,PT_violation_het40,1,200,47,4261612094,reference_fold_convolution_rf,,,,
PRE_SUBC,X2_slope,,,,reference_fold_pretrend,0.11573931752665402,0.11335939286133859,0.04155747985259233,0.04311867646763748,0.05533556126890266,0.18142434855040887,0.21315567271894234,0.0,0.0,0.0,0.13257575757575762,correction_completion,PT_violation_het40,1,200,47,4261612094,reference_fold_convolution_rf,,,,
GATT,g=4_t=4,4.0,4.0,0.0,raw_structured,3.8110404453713365,3.804163941246039,0.14637711331892392,3.5480301815460695,3.5828949503124257,4.065257252039959,4.122325759687093,0.0,0.0,0.0,3.7443070356240655,correction_completion,baseline,3,200,31,879349156,raw_structured,,,,
GATT,g=4_t=5,4.0,5.0,1.0,raw_structured,3.742980538234557,3.743087466011501,0.1289542989714547,3.490621683470377,3.5394962974542006,3.9529394158130806,3.990847665253977,0.0,0.0,0.0,3.7443070356240655,correction_completion,baseline,3,200,31,879349156,raw_structured,,,,
GATT,g=4_t=6,4.0,6.0,2.0,raw_structured,3.7353919278274454,3.73228903381602,0.13256087228207084,3.4769199759256404,3.523225416527468,3.9502600784534407,3.998964430937072,0.0,0.0,0.0,3.7443070356240655,correction_completion,baseline,3,200,31,879349156,raw_structured,,,,
GATT,g=4_t=7,4.0,7.0,3.0,raw_structured,3.6539686607345843,3.6624793401596913,0.14911182345793847,3.329853400611691,3.3925078021758255,3.884567999260953,3.9267581882100555,0.0,0.0,0.0,3.7443070356240655,correction_completion,baseline,3,200,31,879349156,raw_structured,,,,
ES,k=0,,,0.0,raw_structured,3.8110404453713365,3.804163941246039,0.14637711331892392,3.5480301815460695,3.5828949503124257,4.065257252039959,4.122325759687093,0.0,0.0,0.0,3.7443070356240655,correction_completion,baseline,3,200,31,879349156,raw_structured,,,,
ES,k=1,,,1.0,raw_structured,3.742980538234557,3.743087466011501,0.1289542989714547,3.490621683470377,3.5394962974542006,3.9529394158130806,3.990847665253977,0.0,0.0,0.0,3.7443070356240655,correction_completion,baseline,3,200,31,879349156,raw_structured,,,,
ES,k=2,,,2.0,raw_structured,3.7353919278274454,3.73228903381602,0.13256087228207084,3.4769199759256404,3.523225416527468,3.9502600784534407,3.998964430937072,0.0,0.0,0.0,3.7443070356240655,correction_completion,baseline,3,200,31,879349156,raw_structured,,,,
ES,k=3,,,3.0,raw_structured,3.6539686607345843,3.6624793401596913,0.14911182345793847,3.329853400611691,3.3925078021758255,3.884567999260953,3.9267581882100555,0.0,0.0,0.0,3.7443070356240655,correction_completion,baseline,3,200,31,879349156,raw_structured,,,,
ATT,ATT,,,,raw_structured,3.73584539304198,3.7349846392119295,0.10823089058032614,3.5197811321909724,3.556390774835226,3.9082135513312464,3.935024688644227,0.0,0.0,0.0,3.7443070356240655,correction_completion,baseline,3,200,31,879349156,raw_structured,,,,
GATT,g=4_t=4,4.0,4.0,0.0,reference_fold_convolution,4.02156917571662,4.018623091384687,0.23225255436605136,3.5618109097734636,3.6540479759566775,4.408016188929759,4.4905533538796725,0.0,0.0,0.0,3.7443070356240655,correction_completion,baseline,3,200,31,879349156,reference_fold_convolution_rf,1.8032208079477774,46.304870800185746,,"{""0"": {""bar_pi"": 0.46, ""control_ess"": 46.304870800185746, ""fold_sizes"": [{""evaluation"": 100, ""fold"": 0, ""train"": 100}], ""global_fold_bb"": true, ""max_control_odds"": 1.4488059876637023, ""n_clipped"": 0, ""n_complement_units"": 100, ""n_eval_units"": 100, ""posterior_cache_key"": ""g=4_fold=0"", ""posterior_draws"": 1500, ""raw_max_control_odds"": 1.4488059876637023}, ""1"": {""bar_pi"": 0.45, ""control_ess"": 50.48044564265056, ""fold_sizes"": [{""evaluation"": 100, ""fold"": 0, ""train"": 100}], ""global_fold_bb"": true, ""max_control_odds"": 1.8032208079477774, ""n_clipped"": 0, ""n_complement_units"": 100, ""n_eval_units"": 100, ""posterior_cache_key"": ""g=4_fold=1"", ""posterior_draws"": 1500, ""raw_max_control_odds"": 1.8032208079477774}}"
GATT,g=4_t=5,4.0,5.0,1.0,reference_fold_convolution,3.789403323323535,3.797868865279952,0.22260289052544782,3.348520827611038,3.4189863181438254,4.144583990762116,4.228766624550363,0.0,0.0,0.0,3.7443070356240655,correction_completion,baseline,3,200,31,879349156,reference_fold_convolution_rf,1.8032208079477774,46.304870800185746,,"{""0"": {""bar_pi"": 0.46, ""control_ess"": 46.304870800185746, ""fold_sizes"": [{""evaluation"": 100, ""fold"": 0, ""train"": 100}], ""global_fold_bb"": true, ""max_control_odds"": 1.4488059876637023, ""n_clipped"": 0, ""n_complement_units"": 100, ""n_eval_units"": 100, ""posterior_cache_key"": ""g=4_fold=0"", ""posterior_draws"": 1500, ""raw_max_control_odds"": 1.4488059876637023}, ""1"": {""bar_pi"": 0.45, ""control_ess"": 50.48044564265056, ""fold_sizes"": [{""evaluation"": 100, ""fold"": 0, ""train"": 100}], ""global_fold_bb"": true, ""max_control_odds"": 1.8032208079477774, ""n_clipped"": 0, ""n_complement_units"": 100, ""n_eval_units"": 100, ""posterior_cache_key"": ""g=4_fold=1"", ""posterior_draws"": 1500, ""raw_max_control_odds"": 1.8032208079477774}}"
GATT,g=4_t=6,4.0,6.0,2.0,reference_fold_convolution,3.8800469399436053,3.8827390476629438,0.21535580057896603,3.4673144406340133,3.5307295852648775,4.2366727867255864,4.313880861412826,0.0,0.0,0.0,3.7443070356240655,correction_completion,baseline,3,200,31,879349156,reference_fold_convolution_rf,1.8032208079477774,46.304870800185746,,"{""0"": {""bar_pi"": 0.46, ""control_ess"": 46.304870800185746, ""fold_sizes"": [{""evaluation"": 100, ""fold"": 0, ""train"": 100}], ""global_fold_bb"": true, ""max_control_odds"": 1.4488059876637023, ""n_clipped"": 0, ""n_complement_units"": 100, ""n_eval_units"": 100, ""posterior_cache_key"": ""g=4_fold=0"", ""posterior_draws"": 1500, ""raw_max_control_odds"": 1.4488059876637023}, ""1"": {""bar_pi"": 0.45, ""control_ess"": 50.48044564265056, ""fold_sizes"": [{""evaluation"": 100, ""fold"": 0, ""train"": 100}], ""global_fold_bb"": true, ""max_control_odds"": 1.8032208079477774, ""n_clipped"": 0, ""n_complement_units"": 100, ""n_eval_units"": 100, ""posterior_cache_key"": ""g=4_fold=1"", ""posterior_draws"": 1500, ""raw_max_control_odds"": 1.8032208079477774}}"
GATT,g=4_t=7,4.0,7.0,3.0,reference_fold_convolution,3.549635268034891,3.552291772076421,0.24343989310309086,3.040269339398663,3.148178607836491,3.9393157838669293,4.010900159341502,0.0,0.0,0.0,3.7443070356240655,correction_completion,baseline,3,200,31,879349156,reference_fold_convolution_rf,1.8032208079477774,46.304870800185746,,"{""0"": {""bar_pi"": 0.46, ""control_ess"": 46.304870800185746, ""fold_sizes"": [{""evaluation"": 100, ""fold"": 0, ""train"": 100}], ""global_fold_bb"": true, ""max_control_odds"": 1.4488059876637023, ""n_clipped"": 0, ""n_complement_units"": 100, ""n_eval_units"": 100, ""posterior_cache_key"": ""g=4_fold=0"", ""posterior_draws"": 1500, ""raw_max_control_odds"": 1.4488059876637023}, ""1"": {""bar_pi"": 0.45, ""control_ess"": 50.48044564265056, ""fold_sizes"": [{""evaluation"": 100, ""fold"": 0, ""train"": 100}], ""global_fold_bb"": true, ""max_control_odds"": 1.8032208079477774, ""n_clipped"": 0, ""n_complement_units"": 100, ""n_eval_units"": 100, ""posterior_cache_key"": ""g=4_fold=1"", ""posterior_draws"": 1500, ""raw_max_control_odds"": 1.8032208079477774}}"
ES,k=0,,,0.0,reference_fold_convolution,4.02156917571662,4.018623091384687,0.23225255436605136,3.5618109097734636,3.6540479759566775,4.408016188929759,4.4905533538796725,0.0,0.0,0.0,3.7443070356240655,correction_completion,baseline,3,200,31,879349156,reference_fold_convolution_rf,,,,{}
ES,k=1,,,1.0,reference_fold_convolution,3.789403323323535,3.797868865279952,0.22260289052544782,3.348520827611038,3.4189863181438254,4.144583990762116,4.228766624550363,0.0,0.0,0.0,3.7443070356240655,correction_completion,baseline,3,200,31,879349156,reference_fold_convolution_rf,,,,{}
ES,k=2,,,2.0,reference_fold_convolution,3.8800469399436053,3.8827390476629438,0.21535580057896603,3.4673144406340133,3.5307295852648775,4.2366727867255864,4.313880861412826,0.0,0.0,0.0,3.7443070356240655,correction_completion,baseline,3,200,31,879349156,reference_fold_convolution_rf,,,,{}
ES,k=3,,,3.0,reference_fold_convolution,3.549635268034891,3.552291772076421,0.24343989310309086,3.040269339398663,3.148178607836491,3.9393157838669293,4.010900159341502,0.0,0.0,0.0,3.7443070356240655,correction_completion,baseline,3,200,31,879349156,reference_fold_convolution_rf,,,,{}
ATT,ATT,,,,reference_fold_convolution,3.810163676754663,3.810224021791514,0.18674044584260807,3.434613459855775,3.4899151410819527,4.11393854649508,4.162867755645672,0.0,0.0,0.0,3.7443070356240655,correction_completion,baseline,3,200,31,879349156,reference_fold_convolution_rf,,,,{}
GATT,g=4_t=4,4.0,4.0,0.0,raw_structured,3.97547724770379,3.978525964834053,0.2740254893623822,3.456422240755752,3.547275887982792,4.428835797865402,4.5306260908517935,0.0,0.0,0.0,3.836424881874254,correction_completion,baseline_sweep,2,50,15,504201352,raw_structured,,,,
GATT,g=4_t=5,4.0,5.0,1.0,raw_structured,3.975281590909737,3.9839684194226184,0.2681204176499983,3.4588818751198724,3.5470035224020413,4.418644394582513,4.4896459801593,0.0,0.0,0.0,3.836424881874254,correction_completion,baseline_sweep,2,50,15,504201352,raw_structured,,,,
GATT,g=4_t=6,4.0,6.0,2.0,raw_structured,3.913707694937514,3.908239870661651,0.27395981019614674,3.394281398674716,3.4719609704514123,4.363499939261611,4.443077210845629,0.0,0.0,0.0,3.836424881874254,correction_completion,baseline_sweep,2,50,15,504201352,raw_structured,,,,
GATT,g=4_t=7,4.0,7.0,3.0,raw_structured,3.762706737409183,3.767219466487956,0.3086748455549433,3.1377876741413737,3.2218517440611305,4.256928203463263,4.351705041358132,0.0,0.0,0.0,3.836424881874254,correction_completion,baseline_sweep,2,50,15,504201352,raw_structured,,,,
ES,k=0,,,0.0,raw_structured,3.97547724770379,3.978525964834053,0.2740254893623822,3.456422240755752,3.547275887982792,4.428835797865402,4.5306260908517935,0.0,0.0,0.0,3.836424881874254,correction_completion,baseline_sweep,2,50,15,504201352,raw_structured,,,,
ES,k=1,,,1.0,raw_structured,3.975281590909737,3.9839684194226184,0.2681204176499983,3.4588818751198724,3.5470035224020413,4.418644394582513,4.4896459801593,0.0,0.0,0.0,3.836424881874254,correction_completion,baseline_sweep,2,50,15,504201352,raw_structured,,,,
ES,k=2,,,2.0,raw_structured,3.913707694937514,3.908239870661651,0.27395981019614674,3.394281398674716,3.4719609704514123,4.363499939261611,4.443077210845629,0.0,0.0,0.0,3.836424881874254,correction_completion,baseline_sweep,2,50,15,504201352,raw_structured,,,,
ES,k=3,,,3.0,raw_structured,3.762706737409183,3.767219466487956,0.3086748455549433,3.1377876741413737,3.2218517440611305,4.256928203463263,4.351705041358132,0.0,0.0,0.0,3.836424881874254,correction_completion,baseline_sweep,2,50,15,504201352,raw_structured,,,,
ATT,ATT,,,,raw_structured,3.906793317740056,3.911499566799166,0.24367489343835114,3.441164028321722,3.5155150419013275,4.312361942132348,4.3854852618691105,0.0,0.0,0.0,3.836424881874254,correction_completion,baseline_sweep,2,50,15,504201352,raw_structured,,,,
GATT,g=4_t=4,4.0,4.0,0.0,reference_fold_convolution,3.509485931449753,3.516887758248678,0.5283520337319964,2.5008299863012606,2.645566528617576,4.31070864293224,4.495323659670515,0.0,0.0,0.0,3.836424881874254,correction_completion,baseline_sweep,2,50,15,504201352,reference_fold_convolution_rf,0.7618040873854821,13.998777460144572,,"{""0"": {""bar_pi"": 0.44, ""control_ess"": 13.998777460144572, ""fold_sizes"": [{""evaluation"": 25, ""fold"": 0, ""train"": 25}], ""global_fold_bb"": true, ""max_control_odds"": 0.4956379591917943, ""n_clipped"": 0, ""n_complement_units"": 25, ""n_eval_units"": 25, ""posterior_cache_key"": ""g=4_fold=0"", ""posterior_draws"": 1500, ""raw_max_control_odds"": 0.4956379591917943}, ""1"": {""bar_pi"": 0.32, ""control_ess"": 17.0, ""fold_sizes"": [{""evaluation"": 25, ""fold"": 0, ""train"": 25}], ""global_fold_bb"": true, ""max_control_odds"": 0.7618040873854821, ""n_clipped"": 0, ""n_complement_units"": 25, ""n_eval_units"": 25, ""posterior_cache_key"": ""g=4_fold=1"", ""posterior_draws"": 1500, ""raw_max_control_odds"": 0.7618040873854821}}"
GATT,g=4_t=5,4.0,5.0,1.0,reference_fold_convolution,3.8261967363271325,3.8470215697436467,0.5452591132390777,2.7013248998024117,2.904549813780937,4.6597826150508554,4.82521082038755,0.0,0.0,0.0,3.836424881874254,correction_completion,baseline_sweep,2,50,15,504201352,reference_fold_convolution_rf,0.7618040873854821,13.998777460144572,,"{""0"": {""bar_pi"": 0.44, ""control_ess"": 13.998777460144572, ""fold_sizes"": [{""evaluation"": 25, ""fold"": 0, ""train"": 25}], ""global_fold_bb"": true, ""max_control_odds"": 0.4956379591917943, ""n_clipped"": 0, ""n_complement_units"": 25, ""n_eval_units"": 25, ""posterior_cache_key"": ""g=4_fold=0"", ""posterior_draws"": 1500, ""raw_max_control_odds"": 0.4956379591917943}, ""1"": {""bar_pi"": 0.32, ""control_ess"": 17.0, ""fold_sizes"": [{""evaluation"": 25, ""fold"": 0, ""train"": 25}], ""global_fold_bb"": true, ""max_control_odds"": 0.7618040873854821, ""n_clipped"": 0, ""n_complement_units"": 25, ""n_eval_units"": 25, ""posterior_cache_key"": ""g=4_fold=1"", ""posterior_draws"": 1500, ""raw_max_control_odds"": 0.7618040873854821}}"
GATT,g=4_t=6,4.0,6.0,2.0,reference_fold_convolution,3.5672751244039107,3.5744338406324756,0.4829160590952159,2.5754110612735093,2.7842997360423705,4.316414924420186,4.469725669301053,0.0,0.0,0.0,3.836424881874254,correction_completion,baseline_sweep,2,50,15,504201352,reference_fold_convolution_rf,0.7618040873854821,13.998777460144572,,"{""0"": {""bar_pi"": 0.44, ""control_ess"": 13.998777460144572, ""fold_sizes"": [{""evaluation"": 25, ""fold"": 0, ""train"": 25}], ""global_fold_bb"": true, ""max_control_odds"": 0.4956379591917943, ""n_clipped"": 0, ""n_complement_units"": 25, ""n_eval_units"": 25, ""posterior_cache_key"": ""g=4_fold=0"", ""posterior_draws"": 1500, ""raw_max_control_odds"": 0.4956379591917943}, ""1"": {""bar_pi"": 0.32, ""control_ess"": 17.0, ""fold_sizes"": [{""evaluation"": 25, ""fold"": 0, ""train"": 25}], ""global_fold_bb"": true, ""max_control_odds"": 0.7618040873854821, ""n_clipped"": 0, ""n_complement_units"": 25, ""n_eval_units"": 25, ""posterior_cache_key"": ""g=4_fold=1"", ""posterior_draws"": 1500, ""raw_max_control_odds"": 0.7618040873854821}}"
GATT,g=4_t=7,4.0,7.0,3.0,reference_fold_convolution,3.0813162080306187,3.1154472988207003,0.6149243987133358,1.8728505882299857,2.0524789464140185,4.019822305364776,4.225655781939375,0.0,0.0,0.0,3.836424881874254,correction_completion,baseline_sweep,2,50,15,504201352,reference_fold_convolution_rf,0.7618040873854821,13.998777460144572,,"{""0"": {""bar_pi"": 0.44, ""control_ess"": 13.998777460144572, ""fold_sizes"": [{""evaluation"": 25, ""fold"": 0, ""train"": 25}], ""global_fold_bb"": true, ""max_control_odds"": 0.4956379591917943, ""n_clipped"": 0, ""n_complement_units"": 25, ""n_eval_units"": 25, ""posterior_cache_key"": ""g=4_fold=0"", ""posterior_draws"": 1500, ""raw_max_control_odds"": 0.4956379591917943}, ""1"": {""bar_pi"": 0.32, ""control_ess"": 17.0, ""fold_sizes"": [{""evaluation"": 25, ""fold"": 0, ""train"": 25}], ""global_fold_bb"": true, ""max_control_odds"": 0.7618040873854821, ""n_clipped"": 0, ""n_complement_units"": 25, ""n_eval_units"": 25, ""posterior_cache_key"": ""g=4_fold=1"", ""posterior_draws"": 1500, ""raw_max_control_odds"": 0.7618040873854821}}"
ES,k=0,,,0.0,reference_fold_convolution,3.509485931449753,3.516887758248678,0.5283520337319964,2.5008299863012606,2.645566528617576,4.31070864293224,4.495323659670515,0.0,0.0,0.0,3.836424881874254,correction_completion,baseline_sweep,2,50,15,504201352,reference_fold_convolution_rf,,,,{}
ES,k=1,,,1.0,reference_fold_convolution,3.8261967363271325,3.8470215697436467,0.5452591132390777,2.7013248998024117,2.904549813780937,4.6597826150508554,4.82521082038755,0.0,0.0,0.0,3.836424881874254,correction_completion,baseline_sweep,2,50,15,504201352,reference_fold_convolution_rf,,,,{}
ES,k=2,,,2.0,reference_fold_convolution,3.5672751244039107,3.5744338406324756,0.4829160590952159,2.5754110612735093,2.7842997360423705,4.316414924420186,4.469725669301053,0.0,0.0,0.0,3.836424881874254,correction_completion,baseline_sweep,2,50,15,504201352,reference_fold_convolution_rf,,,,{}
ES,k=3,,,3.0,reference_fold_convolution,3.0813162080306187,3.1154472988207003,0.6149243987133358,1.8728505882299857,2.0524789464140185,4.019822305364776,4.225655781939375,0.0,0.0,0.0,3.836424881874254,correction_completion,baseline_sweep,2,50,15,504201352,reference_fold_convolution_rf,,,,{}
ATT,ATT,,,,reference_fold_convolution,3.496068500052854,3.5066069622183154,0.45648563313817436,2.554361279445623,2.733938651682141,4.194072151424438,4.324637875921532,0.0,0.0,0.0,3.836424881874254,correction_completion,baseline_sweep,2,50,15,504201352,reference_fold_convolution_rf,,,,{}
GATT,g=4_t=4,4.0,4.0,0.0,raw_structured,3.5953229635273023,3.6019176368170567,0.2812529380051998,3.0469482272903154,3.1333093772298297,4.045089642664229,4.130990886153317,0.0,0.0,0.0,3.57094738763525,correction_completion,baseline_sweep_d3,3,50,99,3118699898,raw_structured,,,,
GATT,g=4_t=5,4.0,5.0,1.0,raw_structured,3.7352105810953433,3.738185020523134,0.2640227902128169,3.2308621272591886,3.3086617329163657,4.1767759171857515,4.280736246291792,0.0,0.0,0.0,3.57094738763525,correction_completion,baseline_sweep_d3,3,50,99,3118699898,raw_structured,,,,
GATT,g=4_t=6,4.0,6.0,2.0,raw_structured,3.7533856973806676,3.743848283386839,0.2571966881035148,3.2598317120708376,3.339988931047324,4.187577050751389,4.261833324543179,0.0,0.0,0.0,3.57094738763525,correction_completion,baseline_sweep_d3,3,50,99,3118699898,raw_structured,,,,
GATT,g=4_t=7,4.0,7.0,3.0,raw_structured,3.759119630118821,3.755812365050846,0.27624193692656646,3.2101698107651786,3.31462652450486,4.232503750750088,4.314652421444679,0.0,0.0,0.0,3.57094738763525,correction_completion,baseline_sweep_d3,3,50,99,3118699898,raw_structured,,,,
ES,k=0,,,0.0,raw_structured,3.5953229635273023,3.6019176368170567,0.2812529380051998,3.0469482272903154,3.1333093772298297,4.045089642664229,4.130990886153317,0.0,0.0,0.0,3.57094738763525,correction_completion,baseline_sweep_d3,3,50,99,3118699898,raw_structured,,,,
ES,k=1,,,1.0,raw_structured,3.7352105810953433,3.738185020523134,0.2640227902128169,3.2308621272591886,3.3086617329163657,4.1767759171857515,4.280736246291792,0.0,0.0,0.0,3.57094738763525,correction_completion,baseline_sweep_d3,3,50,99,3118699898,raw_structured,,,,
ES,k=2,,,2.0,raw_structured,3.7533856973806676,3.743848283386839,0.2571966881035148,3.2598317120708376,3.339988931047324,4.187577050751389,4.261833324543179,0.0,0.0,0.0,3.57094738763525,correction_completion,baseline_sweep_d3,3,50,99,3118699898,raw_structured,,,,
ES,k=3,,,3.0,raw_structured,3.759119630118821,3.755812365050846,0.27624193692656646,3.2101698107651786,3.31462652450486,4.232503750750088,4.314652421444679,0.0,0.0,0.0,3.57094738763525,correction_completion,baseline_sweep_d3,3,50,99,3118699898,raw_structured,,,,
ATT,ATT,,,,raw_structured,3.7107597180305336,3.7077861673698482,0.23297134668932093,3.2693015971758266,3.3405538344069114,4.100754871374651,4.169461843804934,0.0,0.0,0.0,3.57094738763525,correction_completion,baseline_sweep_d3,3,50,99,3118699898,raw_structured,,,,
GATT,g=4_t=4,4.0,4.0,0.0,reference_fold_convolution,3.3290951470571115,3.329888053498638,0.4993816030591532,2.3545977109135103,2.4993063508159663,4.148129145431197,4.3023665147819505,0.0,0.0,0.0,3.57094738763525,correction_completion,baseline_sweep_d3,3,50,99,3118699898,reference_fold_convolution_rf,1.0965093119955276,11.999666950107967,,"{""0"": {""bar_pi"": 0.52, ""control_ess"": 11.999666950107967, ""fold_sizes"": [{""evaluation"": 25, ""fold"": 0, ""train"": 25}], ""global_fold_bb"": true, ""max_control_odds"": 0.9457776624724348, ""n_clipped"": 0, ""n_complement_units"": 25, ""n_eval_units"": 25, ""posterior_cache_key"": ""g=4_fold=0"", ""posterior_draws"": 1500, ""raw_max_control_odds"": 0.9457776624724348}, ""1"": {""bar_pi"": 0.48, ""control_ess"": 12.999972494280254, ""fold_sizes"": [{""evaluation"": 25, ""fold"": 0, ""train"": 25}], ""global_fold_bb"": true, ""max_control_odds"": 1.0965093119955276, ""n_clipped"": 0, ""n_complement_units"": 25, ""n_eval_units"": 25, ""posterior_cache_key"": ""g=4_fold=1"", ""posterior_draws"": 1500, ""raw_max_control_odds"": 1.0965093119955276}}"
GATT,g=4_t=5,4.0,5.0,1.0,reference_fold_convolution,3.9108137484317824,3.89708858168875,0.4829060198789809,2.970240186111374,3.105044047197795,4.690236485558853,4.958845490001141,0.0,0.0,0.0,3.57094738763525,correction_completion,baseline_sweep_d3,3,50,99,3118699898,reference_fold_convolution_rf,1.0965093119955276,11.999666950107967,,"{""0"": {""bar_pi"": 0.52, ""control_ess"": 11.999666950107967, ""fold_sizes"": [{""evaluation"": 25, ""fold"": 0, ""train"": 25}], ""global_fold_bb"": true, ""max_control_odds"": 0.9457776624724348, ""n_clipped"": 0, ""n_complement_units"": 25, ""n_eval_units"": 25, ""posterior_cache_key"": ""g=4_fold=0"", ""posterior_draws"": 1500, ""raw_max_control_odds"": 0.9457776624724348}, ""1"": {""bar_pi"": 0.48, ""control_ess"": 12.999972494280254, ""fold_sizes"": [{""evaluation"": 25, ""fold"": 0, ""train"": 25}], ""global_fold_bb"": true, ""max_control_odds"": 1.0965093119955276, ""n_clipped"": 0, ""n_complement_units"": 25, ""n_eval_units"": 25, ""posterior_cache_key"": ""g=4_fold=1"", ""posterior_draws"": 1500, ""raw_max_control_odds"": 1.0965093119955276}}"
GATT,g=4_t=6,4.0,6.0,2.0,reference_fold_convolution,3.585105335008411,3.574193917836508,0.4553675468933233,2.6980695538886112,2.8511824828754597,4.340580162870896,4.5110473798014485,0.0,0.0,0.0,3.57094738763525,correction_completion,baseline_sweep_d3,3,50,99,3118699898,reference_fold_convolution_rf,1.0965093119955276,11.999666950107967,,"{""0"": {""bar_pi"": 0.52, ""control_ess"": 11.999666950107967, ""fold_sizes"": [{""evaluation"": 25, ""fold"": 0, ""train"": 25}], ""global_fold_bb"": true, ""max_control_odds"": 0.9457776624724348, ""n_clipped"": 0, ""n_complement_units"": 25, ""n_eval_units"": 25, ""posterior_cache_key"": ""g=4_fold=0"", ""posterior_draws"": 1500, ""raw_max_control_odds"": 0.9457776624724348}, ""1"": {""bar_pi"": 0.48, ""control_ess"": 12.999972494280254, ""fold_sizes"": [{""evaluation"": 25, ""fold"": 0, ""train"": 25}], ""global_fold_bb"": true, ""max_control_odds"": 1.0965093119955276, ""n_clipped"": 0, ""n_complement_units"": 25, ""n_eval_units"": 25, ""posterior_cache_key"": ""g=4_fold=1"", ""posterior_draws"": 1500, ""raw_max_control_odds"": 1.0965093119955276}}"
GATT,g=4_t=7,4.0,7.0,3.0,reference_fold_convolution,3.665892904283311,3.6636015469394363,0.4754959032508268,2.7726643984687587,2.9163715615914314,4.453848982771694,4.607124951161995,0.0,0.0,0.0,3.57094738763525,correction_completion,baseline_sweep_d3,3,50,99,3118699898,reference_fold_convolution_rf,1.0965093119955276,11.999666950107967,,"{""0"": {""bar_pi"": 0.52, ""control_ess"": 11.999666950107967, ""fold_sizes"": [{""evaluation"": 25, ""fold"": 0, ""train"": 25}], ""global_fold_bb"": true, ""max_control_odds"": 0.9457776624724348, ""n_clipped"": 0, ""n_complement_units"": 25, ""n_eval_units"": 25, ""posterior_cache_key"": ""g=4_fold=0"", ""posterior_draws"": 1500, ""raw_max_control_odds"": 0.9457776624724348}, ""1"": {""bar_pi"": 0.48, ""control_ess"": 12.999972494280254, ""fold_sizes"": [{""evaluation"": 25, ""fold"": 0, ""train"": 25}], ""global_fold_bb"": true, ""max_control_odds"": 1.0965093119955276, ""n_clipped"": 0, ""n_complement_units"": 25, ""n_eval_units"": 25, ""posterior_cache_key"": ""g=4_fold=1"", ""posterior_draws"": 1500, ""raw_max_control_odds"": 1.0965093119955276}}"
ES,k=0,,,0.0,reference_fold_convolution,3.3290951470571115,3.329888053498638,0.4993816030591532,2.3545977109135103,2.4993063508159663,4.148129145431197,4.3023665147819505,0.0,0.0,0.0,3.57094738763525,correction_completion,baseline_sweep_d3,3,50,99,3118699898,reference_fold_convolution_rf,,,,{}
ES,k=1,,,1.0,reference_fold_convolution,3.9108137484317824,3.89708858168875,0.4829060198789809,2.970240186111374,3.105044047197795,4.690236485558853,4.958845490001141,0.0,0.0,0.0,3.57094738763525,correction_completion,baseline_sweep_d3,3,50,99,3118699898,reference_fold_convolution_rf,,,,{}
ES,k=2,,,2.0,reference_fold_convolution,3.585105335008411,3.574193917836508,0.4553675468933233,2.6980695538886112,2.8511824828754597,4.340580162870896,4.5110473798014485,0.0,0.0,0.0,3.57094738763525,correction_completion,baseline_sweep_d3,3,50,99,3118699898,reference_fold_convolution_rf,,,,{}
ES,k=3,,,3.0,reference_fold_convolution,3.665892904283311,3.6636015469394363,0.4754959032508268,2.7726643984687587,2.9163715615914314,4.453848982771694,4.607124951161995,0.0,0.0,0.0,3.57094738763525,correction_completion,baseline_sweep_d3,3,50,99,3118699898,reference_fold_convolution_rf,,,,{}
ATT,ATT,,,,reference_fold_convolution,3.622726783695154,3.6099876916137883,0.38942150587677943,2.8933720796879485,3.0207212682198232,4.28636867285805,4.4174165414229165,0.0,0.0,0.0,3.57094738763525,correction_completion,baseline_sweep_d3,3,50,99,3118699898,reference_fold_convolution_rf,,,,{}
GATT,g=4_t=4,4.0,4.0,0.0,raw_structured,-0.17668547264771606,-0.1755281837250136,0.14951223396545618,-0.4638155095858926,-0.4202917687667717,0.0771562231903175,0.1149916245202092,0.116,0.232,0.232,0.0,correction_completion,null,3,200,83,2548195929,raw_structured,,,,
GATT,g=4_t=5,4.0,5.0,1.0,raw_structured,-0.14038832037927268,-0.14041565870209355,0.14195180795230247,-0.4131570774914853,-0.3708431172670474,0.09246918112344733,0.13603897888007604,0.154,0.308,0.308,0.0,correction_completion,null,3,200,83,2548195929,raw_structured,,,,
GATT,g=4_t=6,4.0,6.0,2.0,raw_structured,-0.22393523460058687,-0.22555035476509916,0.15024260095951686,-0.518838368156372,-0.46288534149031624,0.022958668837715232,0.06318522902899583,0.06866666666666667,0.13733333333333334,0.13733333333333334,0.0,correction_completion,null,3,200,83,2548195929,raw_structured,,,,
GATT,g=4_t=7,4.0,7.0,3.0,raw_structured,-0.28729163040546324,-0.28985587876796126,0.16094157160637707,-0.6097506564815984,-0.5572271675451408,-0.03186024341968936,0.03207226059463346,0.036,0.072,0.072,0.0,correction_completion,null,3,200,83,2548195929,raw_structured,,,,
ES,k=0,,,0.0,raw_structured,-0.17668547264771606,-0.1755281837250136,0.14951223396545618,-0.4638155095858926,-0.4202917687667717,0.0771562231903175,0.1149916245202092,0.116,0.232,0.232,0.0,correction_completion,null,3,200,83,2548195929,raw_structured,,,,
ES,k=1,,,1.0,raw_structured,-0.14038832037927268,-0.14041565870209355,0.14195180795230247,-0.4131570774914853,-0.3708431172670474,0.09246918112344733,0.13603897888007604,0.154,0.308,0.308,0.0,correction_completion,null,3,200,83,2548195929,raw_structured,,,,
ES,k=2,,,2.0,raw_structured,-0.22393523460058687,-0.22555035476509916,0.15024260095951686,-0.518838368156372,-0.46288534149031624,0.022958668837715232,0.06318522902899583,0.06866666666666667,0.13733333333333334,0.13733333333333334,0.0,correction_completion,null,3,200,83,2548195929,raw_structured,,,,
ES,k=3,,,3.0,raw_structured,-0.28729163040546324,-0.28985587876796126,0.16094157160637707,-0.6097506564815984,-0.5572271675451408,-0.03186024341968936,0.03207226059463346,0.036,0.072,0.072,0.0,correction_completion,null,3,200,83,2548195929,raw_structured,,,,
ATT,ATT,,,,raw_structured,-0.20707516450825975,-0.20422670074215027,0.12258408472589521,-0.44129547081133214,-0.40947274383620225,-0.008036674699562877,0.039647777747303804,0.04666666666666667,0.09333333333333334,0.09333333333333334,0.0,correction_completion,null,3,200,83,2548195929,raw_structured,,,,
GATT,g=4_t=4,4.0,4.0,0.0,reference_fold_convolution,-0.2172928030579384,-0.21356505427805716,0.22387092084197965,-0.6574435147558498,-0.5760802701859109,0.15306242567177403,0.20562341765119121,0.16666666666666666,0.3333333333333333,0.3333333333333333,0.0,correction_completion,null,3,200,83,2548195929,reference_fold_convolution_rf,2.9946399934512673,33.14698485462984,,"{""0"": {""bar_pi"": 0.52, ""control_ess"": 41.77203335014977, ""fold_sizes"": [{""evaluation"": 100, ""fold"": 0, ""train"": 100}], ""global_fold_bb"": true, ""max_control_odds"": 2.323622367237172, ""n_clipped"": 0, ""n_complement_units"": 100, ""n_eval_units"": 100, ""posterior_cache_key"": ""g=4_fold=0"", ""posterior_draws"": 1500, ""raw_max_control_odds"": 2.323622367237172}, ""1"": {""bar_pi"": 0.56, ""control_ess"": 33.14698485462984, ""fold_sizes"": [{""evaluation"": 100, ""fold"": 0, ""train"": 100}], ""global_fold_bb"": true, ""max_control_odds"": 2.9946399934512673, ""n_clipped"": 0, ""n_complement_units"": 100, ""n_eval_units"": 100, ""posterior_cache_key"": ""g=4_fold=1"", ""posterior_draws"": 1500, ""raw_max_control_odds"": 2.9946399934512673}}"
GATT,g=4_t=5,4.0,5.0,1.0,reference_fold_convolution,-0.13509433945094576,-0.13464331594762574,0.20607905431372173,-0.5315995354717209,-0.47485621270728645,0.21278873520275693,0.2685343933096524,0.24466666666666667,0.48933333333333334,0.48933333333333334,0.0,correction_completion,null,3,200,83,2548195929,reference_fold_convolution_rf,2.9946399934512673,33.14698485462984,,"{""0"": {""bar_pi"": 0.52, ""control_ess"": 41.77203335014977, ""fold_sizes"": [{""evaluation"": 100, ""fold"": 0, ""train"": 100}], ""global_fold_bb"": true, ""max_control_odds"": 2.323622367237172, ""n_clipped"": 0, ""n_complement_units"": 100, ""n_eval_units"": 100, ""posterior_cache_key"": ""g=4_fold=0"", ""posterior_draws"": 1500, ""raw_max_control_odds"": 2.323622367237172}, ""1"": {""bar_pi"": 0.56, ""control_ess"": 33.14698485462984, ""fold_sizes"": [{""evaluation"": 100, ""fold"": 0, ""train"": 100}], ""global_fold_bb"": true, ""max_control_odds"": 2.9946399934512673, ""n_clipped"": 0, ""n_complement_units"": 100, ""n_eval_units"": 100, ""posterior_cache_key"": ""g=4_fold=1"", ""posterior_draws"": 1500, ""raw_max_control_odds"": 2.9946399934512673}}"
GATT,g=4_t=6,4.0,6.0,2.0,reference_fold_convolution,-0.4905089712325127,-0.4947020527633924,0.20048136369480776,-0.884283958323846,-0.821791203616263,-0.15794083519658933,-0.09757781373877804,0.004,0.008,0.008,0.0,correction_completion,null,3,200,83,2548195929,reference_fold_convolution_rf,2.9946399934512673,33.14698485462984,,"{""0"": {""bar_pi"": 0.52, ""control_ess"": 41.77203335014977, ""fold_sizes"": [{""evaluation"": 100, ""fold"": 0, ""train"": 100}], ""global_fold_bb"": true, ""max_control_odds"": 2.323622367237172, ""n_clipped"": 0, ""n_complement_units"": 100, ""n_eval_units"": 100, ""posterior_cache_key"": ""g=4_fold=0"", ""posterior_draws"": 1500, ""raw_max_control_odds"": 2.323622367237172}, ""1"": {""bar_pi"": 0.56, ""control_ess"": 33.14698485462984, ""fold_sizes"": [{""evaluation"": 100, ""fold"": 0, ""train"": 100}], ""global_fold_bb"": true, ""max_control_odds"": 2.9946399934512673, ""n_clipped"": 0, ""n_complement_units"": 100, ""n_eval_units"": 100, ""posterior_cache_key"": ""g=4_fold=1"", ""posterior_draws"": 1500, ""raw_max_control_odds"": 2.9946399934512673}}"
GATT,g=4_t=7,4.0,7.0,3.0,reference_fold_convolution,-0.6566554799894874,-0.6523929087833109,0.21290905212993458,-1.068322590404056,-1.0079633052823465,-0.31308706786196067,-0.24217301819157724,0.0026666666666666666,0.005333333333333333,0.005333333333333333,0.0,correction_completion,null,3,200,83,2548195929,reference_fold_convolution_rf,2.9946399934512673,33.14698485462984,,"{""0"": {""bar_pi"": 0.52, ""control_ess"": 41.77203335014977, ""fold_sizes"": [{""evaluation"": 100, ""fold"": 0, ""train"": 100}], ""global_fold_bb"": true, ""max_control_odds"": 2.323622367237172, ""n_clipped"": 0, ""n_complement_units"": 100, ""n_eval_units"": 100, ""posterior_cache_key"": ""g=4_fold=0"", ""posterior_draws"": 1500, ""raw_max_control_odds"": 2.323622367237172}, ""1"": {""bar_pi"": 0.56, ""control_ess"": 33.14698485462984, ""fold_sizes"": [{""evaluation"": 100, ""fold"": 0, ""train"": 100}], ""global_fold_bb"": true, ""max_control_odds"": 2.9946399934512673, ""n_clipped"": 0, ""n_complement_units"": 100, ""n_eval_units"": 100, ""posterior_cache_key"": ""g=4_fold=1"", ""posterior_draws"": 1500, ""raw_max_control_odds"": 2.9946399934512673}}"
ES,k=0,,,0.0,reference_fold_convolution,-0.2172928030579384,-0.21356505427805716,0.22387092084197965,-0.6574435147558498,-0.5760802701859109,0.15306242567177403,0.20562341765119121,0.16666666666666666,0.3333333333333333,0.3333333333333333,0.0,correction_completion,null,3,200,83,2548195929,reference_fold_convolution_rf,,,,{}
ES,k=1,,,1.0,reference_fold_convolution,-0.13509433945094576,-0.13464331594762574,0.20607905431372173,-0.5315995354717209,-0.47485621270728645,0.21278873520275693,0.2685343933096524,0.24466666666666667,0.48933333333333334,0.48933333333333334,0.0,correction_completion,null,3,200,83,2548195929,reference_fold_convolution_rf,,,,{}
ES,k=2,,,2.0,reference_fold_convolution,-0.4905089712325127,-0.4947020527633924,0.20048136369480776,-0.884283958323846,-0.821791203616263,-0.15794083519658933,-0.09757781373877804,0.004,0.008,0.008,0.0,correction_completion,null,3,200,83,2548195929,reference_fold_convolution_rf,,,,{}
ES,k=3,,,3.0,reference_fold_convolution,-0.6566554799894874,-0.6523929087833109,0.21290905212993458,-1.068322590404056,-1.0079633052823465,-0.31308706786196067,-0.24217301819157724,0.0026666666666666666,0.005333333333333333,0.005333333333333333,0.0,correction_completion,null,3,200,83,2548195929,reference_fold_convolution_rf,,,,{}
ATT,ATT,,,,reference_fold_convolution,-0.374887898432721,-0.38005055127397136,0.1605348194845453,-0.6794338724761012,-0.6385784490154198,-0.10573315520609282,-0.06997126348492709,0.008,0.016,0.016,0.0,correction_completion,null,3,200,83,2548195929,reference_fold_convolution_rf,,,,{}
GATT,g=4_t=4,4.0,4.0,0.0,raw_structured,3.663241086135406,3.6659732730975256,0.16020153932116854,3.3328988773594355,3.3882338577771183,3.916391989656055,3.9580377038477264,0.0,0.0,0.0,3.810241770533017,correction_completion,selection_both,3,200,67,2274909959,raw_structured,,,,
GATT,g=4_t=5,4.0,5.0,1.0,raw_structured,3.7598864804757954,3.7590432150520496,0.1412582206578894,3.481044462345349,3.5234466723774673,3.989819442405283,4.027048536062688,0.0,0.0,0.0,3.810241770533017,correction_completion,selection_both,3,200,67,2274909959,raw_structured,,,,
GATT,g=4_t=6,4.0,6.0,2.0,raw_structured,3.8172229537014584,3.813984056709555,0.14377617946230145,3.535860611826297,3.5843353430238283,4.0608193152413765,4.106053892044536,0.0,0.0,0.0,3.810241770533017,correction_completion,selection_both,3,200,67,2274909959,raw_structured,,,,
GATT,g=4_t=7,4.0,7.0,3.0,raw_structured,3.808363033172382,3.8066503655211386,0.14988070741274306,3.5307217649421894,3.561102317506745,4.059573136099862,4.098301404552836,0.0,0.0,0.0,3.810241770533017,correction_completion,selection_both,3,200,67,2274909959,raw_structured,,,,
ES,k=0,,,0.0,raw_structured,3.663241086135406,3.6659732730975256,0.16020153932116854,3.3328988773594355,3.3882338577771183,3.916391989656055,3.9580377038477264,0.0,0.0,0.0,3.810241770533017,correction_completion,selection_both,3,200,67,2274909959,raw_structured,,,,
ES,k=1,,,1.0,raw_structured,3.7598864804757954,3.7590432150520496,0.1412582206578894,3.481044462345349,3.5234466723774673,3.989819442405283,4.027048536062688,0.0,0.0,0.0,3.810241770533017,correction_completion,selection_both,3,200,67,2274909959,raw_structured,,,,
ES,k=2,,,2.0,raw_structured,3.8172229537014584,3.813984056709555,0.14377617946230145,3.535860611826297,3.5843353430238283,4.0608193152413765,4.106053892044536,0.0,0.0,0.0,3.810241770533017,correction_completion,selection_both,3,200,67,2274909959,raw_structured,,,,
ES,k=3,,,3.0,raw_structured,3.808363033172382,3.8066503655211386,0.14988070741274306,3.5307217649421894,3.561102317506745,4.059573136099862,4.098301404552836,0.0,0.0,0.0,3.810241770533017,correction_completion,selection_both,3,200,67,2274909959,raw_structured,,,,
ATT,ATT,,,,raw_structured,3.76217838837126,3.7583337559306753,0.11703745651492677,3.532640448951421,3.5809443965559824,3.9554495928699027,3.994751769713478,0.0,0.0,0.0,3.8102417705330174,correction_completion,selection_both,3,200,67,2274909959,raw_structured,,,,
GATT,g=4_t=4,4.0,4.0,0.0,reference_fold_convolution,3.2780255076757605,3.2918598207264367,0.2597402587422049,2.759847691086438,2.839505463294345,3.6858808815365496,3.769656091265324,0.0,0.0,0.0,3.810241770533017,correction_completion,selection_both,3,200,67,2274909959,reference_fold_convolution_rf,2.8517653743787097,35.012583934265784,,"{""0"": {""bar_pi"": 0.53, ""control_ess"": 35.012583934265784, ""fold_sizes"": [{""evaluation"": 100, ""fold"": 0, ""train"": 100}], ""global_fold_bb"": true, ""max_control_odds"": 2.5649758457502236, ""n_clipped"": 0, ""n_complement_units"": 100, ""n_eval_units"": 100, ""posterior_cache_key"": ""g=4_fold=0"", ""posterior_draws"": 1500, ""raw_max_control_odds"": 2.5649758457502236}, ""1"": {""bar_pi"": 0.48, ""control_ess"": 38.48732141569875, ""fold_sizes"": [{""evaluation"": 100, ""fold"": 0, ""train"": 100}], ""global_fold_bb"": true, ""max_control_odds"": 2.8517653743787097, ""n_clipped"": 0, ""n_complement_units"": 100, ""n_eval_units"": 100, ""posterior_cache_key"": ""g=4_fold=1"", ""posterior_draws"": 1500, ""raw_max_control_odds"": 2.8517653743787097}}"
GATT,g=4_t=5,4.0,5.0,1.0,reference_fold_convolution,3.558899983034532,3.5626571401689366,0.2595467589653695,3.056321107730726,3.1258228836951543,3.994558459545853,4.062383281219995,0.0,0.0,0.0,3.810241770533017,correction_completion,selection_both,3,200,67,2274909959,reference_fold_convolution_rf,2.8517653743787097,35.012583934265784,,"{""0"": {""bar_pi"": 0.53, ""control_ess"": 35.012583934265784, ""fold_sizes"": [{""evaluation"": 100, ""fold"": 0, ""train"": 100}], ""global_fold_bb"": true, ""max_control_odds"": 2.5649758457502236, ""n_clipped"": 0, ""n_complement_units"": 100, ""n_eval_units"": 100, ""posterior_cache_key"": ""g=4_fold=0"", ""posterior_draws"": 1500, ""raw_max_control_odds"": 2.5649758457502236}, ""1"": {""bar_pi"": 0.48, ""control_ess"": 38.48732141569875, ""fold_sizes"": [{""evaluation"": 100, ""fold"": 0, ""train"": 100}], ""global_fold_bb"": true, ""max_control_odds"": 2.8517653743787097, ""n_clipped"": 0, ""n_complement_units"": 100, ""n_eval_units"": 100, ""posterior_cache_key"": ""g=4_fold=1"", ""posterior_draws"": 1500, ""raw_max_control_odds"": 2.8517653743787097}}"
GATT,g=4_t=6,4.0,6.0,2.0,reference_fold_convolution,3.993224246286828,3.9861960334603186,0.23861322630920942,3.5464317647702193,3.6115551946133775,4.389083003566066,4.459151758515408,0.0,0.0,0.0,3.810241770533017,correction_completion,selection_both,3,200,67,2274909959,reference_fold_convolution_rf,2.8517653743787097,35.012583934265784,,"{""0"": {""bar_pi"": 0.53, ""control_ess"": 35.012583934265784, ""fold_sizes"": [{""evaluation"": 100, ""fold"": 0, ""train"": 100}], ""global_fold_bb"": true, ""max_control_odds"": 2.5649758457502236, ""n_clipped"": 0, ""n_complement_units"": 100, ""n_eval_units"": 100, ""posterior_cache_key"": ""g=4_fold=0"", ""posterior_draws"": 1500, ""raw_max_control_odds"": 2.5649758457502236}, ""1"": {""bar_pi"": 0.48, ""control_ess"": 38.48732141569875, ""fold_sizes"": [{""evaluation"": 100, ""fold"": 0, ""train"": 100}], ""global_fold_bb"": true, ""max_control_odds"": 2.8517653743787097, ""n_clipped"": 0, ""n_complement_units"": 100, ""n_eval_units"": 100, ""posterior_cache_key"": ""g=4_fold=1"", ""posterior_draws"": 1500, ""raw_max_control_odds"": 2.8517653743787097}}"
GATT,g=4_t=7,4.0,7.0,3.0,reference_fold_convolution,3.600271647040845,3.604720923730051,0.2346103662656893,3.132636449323695,3.2089153574036198,3.9673550273272333,4.075867845075416,0.0,0.0,0.0,3.810241770533017,correction_completion,selection_both,3,200,67,2274909959,reference_fold_convolution_rf,2.8517653743787097,35.012583934265784,,"{""0"": {""bar_pi"": 0.53, ""control_ess"": 35.012583934265784, ""fold_sizes"": [{""evaluation"": 100, ""fold"": 0, ""train"": 100}], ""global_fold_bb"": true, ""max_control_odds"": 2.5649758457502236, ""n_clipped"": 0, ""n_complement_units"": 100, ""n_eval_units"": 100, ""posterior_cache_key"": ""g=4_fold=0"", ""posterior_draws"": 1500, ""raw_max_control_odds"": 2.5649758457502236}, ""1"": {""bar_pi"": 0.48, ""control_ess"": 38.48732141569875, ""fold_sizes"": [{""evaluation"": 100, ""fold"": 0, ""train"": 100}], ""global_fold_bb"": true, ""max_control_odds"": 2.8517653743787097, ""n_clipped"": 0, ""n_complement_units"": 100, ""n_eval_units"": 100, ""posterior_cache_key"": ""g=4_fold=1"", ""posterior_draws"": 1500, ""raw_max_control_odds"": 2.8517653743787097}}"
ES,k=0,,,0.0,reference_fold_convolution,3.2780255076757605,3.2918598207264367,0.2597402587422049,2.759847691086438,2.839505463294345,3.6858808815365496,3.769656091265324,0.0,0.0,0.0,3.810241770533017,correction_completion,selection_both,3,200,67,2274909959,reference_fold_convolution_rf,,,,{}
ES,k=1,,,1.0,reference_fold_convolution,3.558899983034532,3.5626571401689366,0.2595467589653695,3.056321107730726,3.1258228836951543,3.994558459545853,4.062383281219995,0.0,0.0,0.0,3.810241770533017,correction_completion,selection_both,3,200,67,2274909959,reference_fold_convolution_rf,,,,{}
ES,k=2,,,2.0,reference_fold_convolution,3.993224246286828,3.9861960334603186,0.23861322630920942,3.5464317647702193,3.6115551946133775,4.389083003566066,4.459151758515408,0.0,0.0,0.0,3.810241770533017,correction_completion,selection_both,3,200,67,2274909959,reference_fold_convolution_rf,,,,{}
ES,k=3,,,3.0,reference_fold_convolution,3.600271647040845,3.604720923730051,0.2346103662656893,3.132636449323695,3.2089153574036198,3.9673550273272333,4.075867845075416,0.0,0.0,0.0,3.810241770533017,correction_completion,selection_both,3,200,67,2274909959,reference_fold_convolution_rf,,,,{}
ATT,ATT,,,,reference_fold_convolution,3.6076053460094903,3.613127222553098,0.20273906932168903,3.1987504694771953,3.2719505030836453,3.937971148126624,3.986932679193164,0.0,0.0,0.0,3.8102417705330174,correction_completion,selection_both,3,200,67,2274909959,reference_fold_convolution_rf,,,,{}
GATT,g=4_t=4,4.0,4.0,0.0,raw_structured,3.9562859357790106,3.952846537097785,0.12094768035997183,3.7284447720311213,3.762378729351175,4.1577015251189104,4.1972111296472425,0.0,0.0,0.0,3.7876088359978923,correction_completion,serial,3,200,51,1744656010,raw_structured,,,,
GATT,g=4_t=5,4.0,5.0,1.0,raw_structured,3.9488101534149793,3.9468505742797406,0.1177005725545231,3.720908925223282,3.757461169319797,4.139367429742187,4.177064738508354,0.0,0.0,0.0,3.7876088359978923,correction_completion,serial,3,200,51,1744656010,raw_structured,,,,
GATT,g=4_t=6,4.0,6.0,2.0,raw_structured,4.001023646331571,3.9932066321280493,0.12980335150206085,3.777031441314123,3.8018566504957074,4.228834175175927,4.269139238930593,0.0,0.0,0.0,3.7876088359978923,correction_completion,serial,3,200,51,1744656010,raw_structured,,,,
GATT,g=4_t=7,4.0,7.0,3.0,raw_structured,3.9311209770175033,3.929573219306531,0.1331645473377194,3.676885786109626,3.717201770744971,4.147059316800304,4.185378803810656,0.0,0.0,0.0,3.7876088359978923,correction_completion,serial,3,200,51,1744656010,raw_structured,,,,
ES,k=0,,,0.0,raw_structured,3.9562859357790106,3.952846537097785,0.12094768035997183,3.7284447720311213,3.762378729351175,4.1577015251189104,4.1972111296472425,0.0,0.0,0.0,3.7876088359978923,correction_completion,serial,3,200,51,1744656010,raw_structured,,,,
ES,k=1,,,1.0,raw_structured,3.9488101534149793,3.9468505742797406,0.1177005725545231,3.720908925223282,3.757461169319797,4.139367429742187,4.177064738508354,0.0,0.0,0.0,3.7876088359978923,correction_completion,serial,3,200,51,1744656010,raw_structured,,,,
ES,k=2,,,2.0,raw_structured,4.001023646331571,3.9932066321280493,0.12980335150206085,3.777031441314123,3.8018566504957074,4.228834175175927,4.269139238930593,0.0,0.0,0.0,3.7876088359978923,correction_completion,serial,3,200,51,1744656010,raw_structured,,,,
ES,k=3,,,3.0,raw_structured,3.9311209770175033,3.929573219306531,0.1331645473377194,3.676885786109626,3.717201770744971,4.147059316800304,4.185378803810656,0.0,0.0,0.0,3.7876088359978923,correction_completion,serial,3,200,51,1744656010,raw_structured,,,,
ATT,ATT,,,,raw_structured,3.9593101781357665,3.957805745855776,0.10382116093051705,3.7610356988306695,3.7945685083814187,4.135745903458695,4.165559862221998,0.0,0.0,0.0,3.7876088359978923,correction_completion,serial,3,200,51,1744656010,raw_structured,,,,
GATT,g=4_t=4,4.0,4.0,0.0,reference_fold_convolution,3.954282858534139,3.9540121729360536,0.1764011079334368,3.61231935260681,3.6625002656943093,4.241659982461572,4.301632563034093,0.0,0.0,0.0,3.7876088359978923,correction_completion,serial,3,200,51,1744656010,reference_fold_convolution_rf,3.210889087044666,39.69353472823371,,"{""0"": {""bar_pi"": 0.48, ""control_ess"": 41.22737652655125, ""fold_sizes"": [{""evaluation"": 100, ""fold"": 0, ""train"": 100}], ""global_fold_bb"": true, ""max_control_odds"": 2.558530870657864, ""n_clipped"": 0, ""n_complement_units"": 100, ""n_eval_units"": 100, ""posterior_cache_key"": ""g=4_fold=0"", ""posterior_draws"": 1500, ""raw_max_control_odds"": 2.558530870657864}, ""1"": {""bar_pi"": 0.51, ""control_ess"": 39.69353472823371, ""fold_sizes"": [{""evaluation"": 100, ""fold"": 0, ""train"": 100}], ""global_fold_bb"": true, ""max_control_odds"": 3.210889087044666, ""n_clipped"": 0, ""n_complement_units"": 100, ""n_eval_units"": 100, ""posterior_cache_key"": ""g=4_fold=1"", ""posterior_draws"": 1500, ""raw_max_control_odds"": 3.210889087044666}}"
GATT,g=4_t=5,4.0,5.0,1.0,reference_fold_convolution,3.826928339261331,3.827953851829652,0.2183703219414962,3.3844042022612886,3.463742594900528,4.1923175333675955,4.268251834510895,0.0,0.0,0.0,3.7876088359978923,correction_completion,serial,3,200,51,1744656010,reference_fold_convolution_rf,3.210889087044666,39.69353472823371,,"{""0"": {""bar_pi"": 0.48, ""control_ess"": 41.22737652655125, ""fold_sizes"": [{""evaluation"": 100, ""fold"": 0, ""train"": 100}], ""global_fold_bb"": true, ""max_control_odds"": 2.558530870657864, ""n_clipped"": 0, ""n_complement_units"": 100, ""n_eval_units"": 100, ""posterior_cache_key"": ""g=4_fold=0"", ""posterior_draws"": 1500, ""raw_max_control_odds"": 2.558530870657864}, ""1"": {""bar_pi"": 0.51, ""control_ess"": 39.69353472823371, ""fold_sizes"": [{""evaluation"": 100, ""fold"": 0, ""train"": 100}], ""global_fold_bb"": true, ""max_control_odds"": 3.210889087044666, ""n_clipped"": 0, ""n_complement_units"": 100, ""n_eval_units"": 100, ""posterior_cache_key"": ""g=4_fold=1"", ""posterior_draws"": 1500, ""raw_max_control_odds"": 3.210889087044666}}"
GATT,g=4_t=6,4.0,6.0,2.0,reference_fold_convolution,4.013428678258609,4.011733857212129,0.2284167591201417,3.563370573453535,3.6328768431297753,4.37606694941455,4.462332678665699,0.0,0.0,0.0,3.7876088359978923,correction_completion,serial,3,200,51,1744656010,reference_fold_convolution_rf,3.210889087044666,39.69353472823371,,"{""0"": {""bar_pi"": 0.48, ""control_ess"": 41.22737652655125, ""fold_sizes"": [{""evaluation"": 100, ""fold"": 0, ""train"": 100}], ""global_fold_bb"": true, ""max_control_odds"": 2.558530870657864, ""n_clipped"": 0, ""n_complement_units"": 100, ""n_eval_units"": 100, ""posterior_cache_key"": ""g=4_fold=0"", ""posterior_draws"": 1500, ""raw_max_control_odds"": 2.558530870657864}, ""1"": {""bar_pi"": 0.51, ""control_ess"": 39.69353472823371, ""fold_sizes"": [{""evaluation"": 100, ""fold"": 0, ""train"": 100}], ""global_fold_bb"": true, ""max_control_odds"": 3.210889087044666, ""n_clipped"": 0, ""n_complement_units"": 100, ""n_eval_units"": 100, ""posterior_cache_key"": ""g=4_fold=1"", ""posterior_draws"": 1500, ""raw_max_control_odds"": 3.210889087044666}}"
GATT,g=4_t=7,4.0,7.0,3.0,reference_fold_convolution,3.7591509641190886,3.755548696591541,0.23701325222977454,3.293964924840294,3.374954730721125,4.145779330140157,4.248264535596707,0.0,0.0,0.0,3.7876088359978923,correction_completion,serial,3,200,51,1744656010,reference_fold_convolution_rf,3.210889087044666,39.69353472823371,,"{""0"": {""bar_pi"": 0.48, ""control_ess"": 41.22737652655125, ""fold_sizes"": [{""evaluation"": 100, ""fold"": 0, ""train"": 100}], ""global_fold_bb"": true, ""max_control_odds"": 2.558530870657864, ""n_clipped"": 0, ""n_complement_units"": 100, ""n_eval_units"": 100, ""posterior_cache_key"": ""g=4_fold=0"", ""posterior_draws"": 1500, ""raw_max_control_odds"": 2.558530870657864}, ""1"": {""bar_pi"": 0.51, ""control_ess"": 39.69353472823371, ""fold_sizes"": [{""evaluation"": 100, ""fold"": 0, ""train"": 100}], ""global_fold_bb"": true, ""max_control_odds"": 3.210889087044666, ""n_clipped"": 0, ""n_complement_units"": 100, ""n_eval_units"": 100, ""posterior_cache_key"": ""g=4_fold=1"", ""posterior_draws"": 1500, ""raw_max_control_odds"": 3.210889087044666}}"
ES,k=0,,,0.0,reference_fold_convolution,3.954282858534139,3.9540121729360536,0.1764011079334368,3.61231935260681,3.6625002656943093,4.241659982461572,4.301632563034093,0.0,0.0,0.0,3.7876088359978923,correction_completion,serial,3,200,51,1744656010,reference_fold_convolution_rf,,,,{}
ES,k=1,,,1.0,reference_fold_convolution,3.826928339261331,3.827953851829652,0.2183703219414962,3.3844042022612886,3.463742594900528,4.1923175333675955,4.268251834510895,0.0,0.0,0.0,3.7876088359978923,correction_completion,serial,3,200,51,1744656010,reference_fold_convolution_rf,,,,{}
ES,k=2,,,2.0,reference_fold_convolution,4.013428678258609,4.011733857212129,0.2284167591201417,3.563370573453535,3.6328768431297753,4.37606694941455,4.462332678665699,0.0,0.0,0.0,3.7876088359978923,correction_completion,serial,3,200,51,1744656010,reference_fold_convolution_rf,,,,{}
ES,k=3,,,3.0,reference_fold_convolution,3.7591509641190886,3.755548696591541,0.23701325222977454,3.293964924840294,3.374954730721125,4.145779330140157,4.248264535596707,0.0,0.0,0.0,3.7876088359978923,correction_completion,serial,3,200,51,1744656010,reference_fold_convolution_rf,,,,{}
ATT,ATT,,,,reference_fold_convolution,3.888447710043291,3.887074571909508,0.1885775574324812,3.5011971271915217,3.577806179954254,4.193509010594851,4.27565971670331,0.0,0.0,0.0,3.7876088359978923,correction_completion,serial,3,200,51,1744656010,reference_fold_convolution_rf,,,,{}
GATT,g=4_t=4,4.0,4.0,0.0,raw_structured,3.9051769545019646,3.907168281165714,0.2353100960602568,3.4213281056426394,3.5117100885880017,4.26625006667912,4.341504201142518,0.0,0.0,0.0,4.013305460051061,correction_completion,serial_sweep,2,50,35,1866212481,raw_structured,,,,
GATT,g=4_t=5,4.0,5.0,1.0,raw_structured,3.9836739966633257,3.996027452910397,0.22400673843961505,3.542927853929661,3.604028950565363,4.345178087654,4.431331871084252,0.0,0.0,0.0,4.013305460051061,correction_completion,serial_sweep,2,50,35,1866212481,raw_structured,,,,
GATT,g=4_t=6,4.0,6.0,2.0,raw_structured,4.135761893813989,4.1308702650597855,0.2291915273466699,3.6921092027825044,3.7529789960198463,4.518721808247653,4.578344638696673,0.0,0.0,0.0,4.013305460051061,correction_completion,serial_sweep,2,50,35,1866212481,raw_structured,,,,
GATT,g=4_t=7,4.0,7.0,3.0,raw_structured,4.122877788717063,4.120112814466541,0.23498545452471997,3.651103830651818,3.7362223173300406,4.4922766926942685,4.586455332973082,0.0,0.0,0.0,4.013305460051061,correction_completion,serial_sweep,2,50,35,1866212481,raw_structured,,,,
ES,k=0,,,0.0,raw_structured,3.9051769545019646,3.907168281165714,0.2353100960602568,3.4213281056426394,3.5117100885880017,4.26625006667912,4.341504201142518,0.0,0.0,0.0,4.013305460051061,correction_completion,serial_sweep,2,50,35,1866212481,raw_structured,,,,
ES,k=1,,,1.0,raw_structured,3.9836739966633257,3.996027452910397,0.22400673843961505,3.542927853929661,3.604028950565363,4.345178087654,4.431331871084252,0.0,0.0,0.0,4.013305460051061,correction_completion,serial_sweep,2,50,35,1866212481,raw_structured,,,,
ES,k=2,,,2.0,raw_structured,4.135761893813989,4.1308702650597855,0.2291915273466699,3.6921092027825044,3.7529789960198463,4.518721808247653,4.578344638696673,0.0,0.0,0.0,4.013305460051061,correction_completion,serial_sweep,2,50,35,1866212481,raw_structured,,,,
ES,k=3,,,3.0,raw_structured,4.122877788717063,4.120112814466541,0.23498545452471997,3.651103830651818,3.7362223173300406,4.4922766926942685,4.586455332973082,0.0,0.0,0.0,4.013305460051061,correction_completion,serial_sweep,2,50,35,1866212481,raw_structured,,,,
ATT,ATT,,,,raw_structured,4.036872658424086,4.036211387977392,0.18991092240406407,3.660757383130583,3.7197377412653645,4.351103855406497,4.387174227625748,0.0,0.0,0.0,4.01330546005106,correction_completion,serial_sweep,2,50,35,1866212481,raw_structured,,,,
GATT,g=4_t=4,4.0,4.0,0.0,reference_fold_convolution,3.9535996126266317,3.938372333836366,0.30067112112513045,3.370705881081238,3.4519831491436515,4.46395832080984,4.530368107367951,0.0,0.0,0.0,4.013305460051061,correction_completion,serial_sweep,2,50,35,1866212481,reference_fold_convolution_rf,1.0735350945814761,11.999791115249948,,"{""0"": {""bar_pi"": 0.52, ""control_ess"": 11.999791115249948, ""fold_sizes"": [{""evaluation"": 25, ""fold"": 0, ""train"": 25}], ""global_fold_bb"": true, ""max_control_odds"": 0.922270376065986, ""n_clipped"": 0, ""n_complement_units"": 25, ""n_eval_units"": 25, ""posterior_cache_key"": ""g=4_fold=0"", ""posterior_draws"": 1500, ""raw_max_control_odds"": 0.922270376065986}, ""1"": {""bar_pi"": 0.48, ""control_ess"": 12.99982694999561, ""fold_sizes"": [{""evaluation"": 25, ""fold"": 0, ""train"": 25}], ""global_fold_bb"": true, ""max_control_odds"": 1.0735350945814761, ""n_clipped"": 0, ""n_complement_units"": 25, ""n_eval_units"": 25, ""posterior_cache_key"": ""g=4_fold=1"", ""posterior_draws"": 1500, ""raw_max_control_odds"": 1.0735350945814761}}"
GATT,g=4_t=5,4.0,5.0,1.0,reference_fold_convolution,4.087774535252882,4.0823629405332165,0.3333844978179692,3.439007069417881,3.5742960869739324,4.636410308356749,4.757367161047068,0.0,0.0,0.0,4.013305460051061,correction_completion,serial_sweep,2,50,35,1866212481,reference_fold_convolution_rf,1.0735350945814761,11.999791115249948,,"{""0"": {""bar_pi"": 0.52, ""control_ess"": 11.999791115249948, ""fold_sizes"": [{""evaluation"": 25, ""fold"": 0, ""train"": 25}], ""global_fold_bb"": true, ""max_control_odds"": 0.922270376065986, ""n_clipped"": 0, ""n_complement_units"": 25, ""n_eval_units"": 25, ""posterior_cache_key"": ""g=4_fold=0"", ""posterior_draws"": 1500, ""raw_max_control_odds"": 0.922270376065986}, ""1"": {""bar_pi"": 0.48, ""control_ess"": 12.99982694999561, ""fold_sizes"": [{""evaluation"": 25, ""fold"": 0, ""train"": 25}], ""global_fold_bb"": true, ""max_control_odds"": 1.0735350945814761, ""n_clipped"": 0, ""n_complement_units"": 25, ""n_eval_units"": 25, ""posterior_cache_key"": ""g=4_fold=1"", ""posterior_draws"": 1500, ""raw_max_control_odds"": 1.0735350945814761}}"
GATT,g=4_t=6,4.0,6.0,2.0,reference_fold_convolution,4.463698106222929,4.451299277038397,0.34946327883302214,3.8220118309584232,3.9006060697888607,5.043061567635501,5.200398989927625,0.0,0.0,0.0,4.013305460051061,correction_completion,serial_sweep,2,50,35,1866212481,reference_fold_convolution_rf,1.0735350945814761,11.999791115249948,,"{""0"": {""bar_pi"": 0.52, ""control_ess"": 11.999791115249948, ""fold_sizes"": [{""evaluation"": 25, ""fold"": 0, ""train"": 25}], ""global_fold_bb"": true, ""max_control_odds"": 0.922270376065986, ""n_clipped"": 0, ""n_complement_units"": 25, ""n_eval_units"": 25, ""posterior_cache_key"": ""g=4_fold=0"", ""posterior_draws"": 1500, ""raw_max_control_odds"": 0.922270376065986}, ""1"": {""bar_pi"": 0.48, ""control_ess"": 12.99982694999561, ""fold_sizes"": [{""evaluation"": 25, ""fold"": 0, ""train"": 25}], ""global_fold_bb"": true, ""max_control_odds"": 1.0735350945814761, ""n_clipped"": 0, ""n_complement_units"": 25, ""n_eval_units"": 25, ""posterior_cache_key"": ""g=4_fold=1"", ""posterior_draws"": 1500, ""raw_max_control_odds"": 1.0735350945814761}}"
GATT,g=4_t=7,4.0,7.0,3.0,reference_fold_convolution,4.252695672129127,4.244838977498186,0.4273716963496291,3.414132610837642,3.591973346486209,4.9712809046703486,5.108878135874496,0.0,0.0,0.0,4.013305460051061,correction_completion,serial_sweep,2,50,35,1866212481,reference_fold_convolution_rf,1.0735350945814761,11.999791115249948,,"{""0"": {""bar_pi"": 0.52, ""control_ess"": 11.999791115249948, ""fold_sizes"": [{""evaluation"": 25, ""fold"": 0, ""train"": 25}], ""global_fold_bb"": true, ""max_control_odds"": 0.922270376065986, ""n_clipped"": 0, ""n_complement_units"": 25, ""n_eval_units"": 25, ""posterior_cache_key"": ""g=4_fold=0"", ""posterior_draws"": 1500, ""raw_max_control_odds"": 0.922270376065986}, ""1"": {""bar_pi"": 0.48, ""control_ess"": 12.99982694999561, ""fold_sizes"": [{""evaluation"": 25, ""fold"": 0, ""train"": 25}], ""global_fold_bb"": true, ""max_control_odds"": 1.0735350945814761, ""n_clipped"": 0, ""n_complement_units"": 25, ""n_eval_units"": 25, ""posterior_cache_key"": ""g=4_fold=1"", ""posterior_draws"": 1500, ""raw_max_control_odds"": 1.0735350945814761}}"
ES,k=0,,,0.0,reference_fold_convolution,3.9535996126266317,3.938372333836366,0.30067112112513045,3.370705881081238,3.4519831491436515,4.46395832080984,4.530368107367951,0.0,0.0,0.0,4.013305460051061,correction_completion,serial_sweep,2,50,35,1866212481,reference_fold_convolution_rf,,,,{}
ES,k=1,,,1.0,reference_fold_convolution,4.087774535252882,4.0823629405332165,0.3333844978179692,3.439007069417881,3.5742960869739324,4.636410308356749,4.757367161047068,0.0,0.0,0.0,4.013305460051061,correction_completion,serial_sweep,2,50,35,1866212481,reference_fold_convolution_rf,,,,{}
ES,k=2,,,2.0,reference_fold_convolution,4.463698106222929,4.451299277038397,0.34946327883302214,3.8220118309584232,3.9006060697888607,5.043061567635501,5.200398989927625,0.0,0.0,0.0,4.013305460051061,correction_completion,serial_sweep,2,50,35,1866212481,reference_fold_convolution_rf,,,,{}
ES,k=3,,,3.0,reference_fold_convolution,4.252695672129127,4.244838977498186,0.4273716963496291,3.414132610837642,3.591973346486209,4.9712809046703486,5.108878135874496,0.0,0.0,0.0,4.013305460051061,correction_completion,serial_sweep,2,50,35,1866212481,reference_fold_convolution_rf,,,,{}
ATT,ATT,,,,reference_fold_convolution,4.189441981557893,4.181108160182838,0.30739213408875826,3.6150555663313475,3.704912670146861,4.7115868389988025,4.823851948626746,0.0,0.0,0.0,4.01330546005106,correction_completion,serial_sweep,2,50,35,1866212481,reference_fold_convolution_rf,,,,{}
GATT,g=4_t=4,4.0,4.0,0.0,raw_structured,3.695130524185953,3.6889877937378044,0.17366426494868303,3.3775037624137205,3.421032662504756,3.9844212360438447,4.042768358784493,0.0,0.0,0.0,3.7664327897210135,correction_completion,serial_sweep_d3,3,100,19,3947445135,raw_structured,,,,
GATT,g=4_t=5,4.0,5.0,1.0,raw_structured,3.6707073187853165,3.671025613813545,0.16578970838801954,3.352857266445062,3.399070835120007,3.9322183401475166,3.9953936138709514,0.0,0.0,0.0,3.7664327897210135,correction_completion,serial_sweep_d3,3,100,19,3947445135,raw_structured,,,,
GATT,g=4_t=6,4.0,6.0,2.0,raw_structured,3.535525184968711,3.536332580258838,0.1730368479055404,3.2036441603125647,3.2522587283586724,3.814528746254406,3.8656131445017805,0.0,0.0,0.0,3.7664327897210135,correction_completion,serial_sweep_d3,3,100,19,3947445135,raw_structured,,,,
GATT,g=4_t=7,4.0,7.0,3.0,raw_structured,3.4998100939963757,3.5002978052904083,0.18040067398659823,3.1549592271517404,3.2097463683677767,3.7980450076718992,3.85026559681119,0.0,0.0,0.0,3.7664327897210135,correction_completion,serial_sweep_d3,3,100,19,3947445135,raw_structured,,,,
ES,k=0,,,0.0,raw_structured,3.695130524185953,3.6889877937378044,0.17366426494868303,3.3775037624137205,3.421032662504756,3.9844212360438447,4.042768358784493,0.0,0.0,0.0,3.7664327897210135,correction_completion,serial_sweep_d3,3,100,19,3947445135,raw_structured,,,,
ES,k=1,,,1.0,raw_structured,3.6707073187853165,3.671025613813545,0.16578970838801954,3.352857266445062,3.399070835120007,3.9322183401475166,3.9953936138709514,0.0,0.0,0.0,3.7664327897210135,correction_completion,serial_sweep_d3,3,100,19,3947445135,raw_structured,,,,
ES,k=2,,,2.0,raw_structured,3.535525184968711,3.536332580258838,0.1730368479055404,3.2036441603125647,3.2522587283586724,3.814528746254406,3.8656131445017805,0.0,0.0,0.0,3.7664327897210135,correction_completion,serial_sweep_d3,3,100,19,3947445135,raw_structured,,,,
ES,k=3,,,3.0,raw_structured,3.4998100939963757,3.5002978052904083,0.18040067398659823,3.1549592271517404,3.2097463683677767,3.7980450076718992,3.85026559681119,0.0,0.0,0.0,3.7664327897210135,correction_completion,serial_sweep_d3,3,100,19,3947445135,raw_structured,,,,
ATT,ATT,,,,raw_structured,3.6002932804840895,3.599780997026245,0.14196797077655712,3.327933791011222,3.3653255015755486,3.8257008623087407,3.869345000989828,0.0,0.0,0.0,3.7664327897210126,correction_completion,serial_sweep_d3,3,100,19,3947445135,raw_structured,,,,
GATT,g=4_t=4,4.0,4.0,0.0,reference_fold_convolution,3.701248521765142,3.700227349279115,0.2639656666572562,3.170803724181092,3.268618493329424,4.127143817133435,4.203550381024672,0.0,0.0,0.0,3.7664327897210135,correction_completion,serial_sweep_d3,3,100,19,3947445135,reference_fold_convolution_rf,2.075104579229993,21.945028988636725,,"{""0"": {""bar_pi"": 0.54, ""control_ess"": 21.945028988636725, ""fold_sizes"": [{""evaluation"": 50, ""fold"": 0, ""train"": 50}], ""global_fold_bb"": true, ""max_control_odds"": 1.4891161878543322, ""n_clipped"": 0, ""n_complement_units"": 50, ""n_eval_units"": 50, ""posterior_cache_key"": ""g=4_fold=0"", ""posterior_draws"": 1500, ""raw_max_control_odds"": 1.4891161878543322}, ""1"": {""bar_pi"": 0.48, ""control_ess"": 23.393351681979347, ""fold_sizes"": [{""evaluation"": 50, ""fold"": 0, ""train"": 50}], ""global_fold_bb"": true, ""max_control_odds"": 2.075104579229993, ""n_clipped"": 0, ""n_complement_units"": 50, ""n_eval_units"": 50, ""posterior_cache_key"": ""g=4_fold=1"", ""posterior_draws"": 1500, ""raw_max_control_odds"": 2.075104579229993}}"
GATT,g=4_t=5,4.0,5.0,1.0,reference_fold_convolution,3.6916743311494877,3.686155846486923,0.27790186499949876,3.144987291224109,3.2300155082440116,4.142568656821115,4.220805772511454,0.0,0.0,0.0,3.7664327897210135,correction_completion,serial_sweep_d3,3,100,19,3947445135,reference_fold_convolution_rf,2.075104579229993,21.945028988636725,,"{""0"": {""bar_pi"": 0.54, ""control_ess"": 21.945028988636725, ""fold_sizes"": [{""evaluation"": 50, ""fold"": 0, ""train"": 50}], ""global_fold_bb"": true, ""max_control_odds"": 1.4891161878543322, ""n_clipped"": 0, ""n_complement_units"": 50, ""n_eval_units"": 50, ""posterior_cache_key"": ""g=4_fold=0"", ""posterior_draws"": 1500, ""raw_max_control_odds"": 1.4891161878543322}, ""1"": {""bar_pi"": 0.48, ""control_ess"": 23.393351681979347, ""fold_sizes"": [{""evaluation"": 50, ""fold"": 0, ""train"": 50}], ""global_fold_bb"": true, ""max_control_odds"": 2.075104579229993, ""n_clipped"": 0, ""n_complement_units"": 50, ""n_eval_units"": 50, ""posterior_cache_key"": ""g=4_fold=1"", ""posterior_draws"": 1500, ""raw_max_control_odds"": 2.075104579229993}}"
GATT,g=4_t=6,4.0,6.0,2.0,reference_fold_convolution,3.403632681838739,3.4043736001998486,0.27988335461255803,2.8732823181632967,2.947009765416514,3.8463226763692604,3.928571623174905,0.0,0.0,0.0,3.7664327897210135,correction_completion,serial_sweep_d3,3,100,19,3947445135,reference_fold_convolution_rf,2.075104579229993,21.945028988636725,,"{""0"": {""bar_pi"": 0.54, ""control_ess"": 21.945028988636725, ""fold_sizes"": [{""evaluation"": 50, ""fold"": 0, ""train"": 50}], ""global_fold_bb"": true, ""max_control_odds"": 1.4891161878543322, ""n_clipped"": 0, ""n_complement_units"": 50, ""n_eval_units"": 50, ""posterior_cache_key"": ""g=4_fold=0"", ""posterior_draws"": 1500, ""raw_max_control_odds"": 1.4891161878543322}, ""1"": {""bar_pi"": 0.48, ""control_ess"": 23.393351681979347, ""fold_sizes"": [{""evaluation"": 50, ""fold"": 0, ""train"": 50}], ""global_fold_bb"": true, ""max_control_odds"": 2.075104579229993, ""n_clipped"": 0, ""n_complement_units"": 50, ""n_eval_units"": 50, ""posterior_cache_key"": ""g=4_fold=1"", ""posterior_draws"": 1500, ""raw_max_control_odds"": 2.075104579229993}}"
GATT,g=4_t=7,4.0,7.0,3.0,reference_fold_convolution,3.319750083283709,3.33177569740763,0.29881692013118155,2.7067172278342078,2.8034865369932906,3.8020468730354247,3.8849702554833896,0.0,0.0,0.0,3.7664327897210135,correction_completion,serial_sweep_d3,3,100,19,3947445135,reference_fold_convolution_rf,2.075104579229993,21.945028988636725,,"{""0"": {""bar_pi"": 0.54, ""control_ess"": 21.945028988636725, ""fold_sizes"": [{""evaluation"": 50, ""fold"": 0, ""train"": 50}], ""global_fold_bb"": true, ""max_control_odds"": 1.4891161878543322, ""n_clipped"": 0, ""n_complement_units"": 50, ""n_eval_units"": 50, ""posterior_cache_key"": ""g=4_fold=0"", ""posterior_draws"": 1500, ""raw_max_control_odds"": 1.4891161878543322}, ""1"": {""bar_pi"": 0.48, ""control_ess"": 23.393351681979347, ""fold_sizes"": [{""evaluation"": 50, ""fold"": 0, ""train"": 50}], ""global_fold_bb"": true, ""max_control_odds"": 2.075104579229993, ""n_clipped"": 0, ""n_complement_units"": 50, ""n_eval_units"": 50, ""posterior_cache_key"": ""g=4_fold=1"", ""posterior_draws"": 1500, ""raw_max_control_odds"": 2.075104579229993}}"
ES,k=0,,,0.0,reference_fold_convolution,3.701248521765142,3.700227349279115,0.2639656666572562,3.170803724181092,3.268618493329424,4.127143817133435,4.203550381024672,0.0,0.0,0.0,3.7664327897210135,correction_completion,serial_sweep_d3,3,100,19,3947445135,reference_fold_convolution_rf,,,,{}
ES,k=1,,,1.0,reference_fold_convolution,3.6916743311494877,3.686155846486923,0.27790186499949876,3.144987291224109,3.2300155082440116,4.142568656821115,4.220805772511454,0.0,0.0,0.0,3.7664327897210135,correction_completion,serial_sweep_d3,3,100,19,3947445135,reference_fold_convolution_rf,,,,{}
ES,k=2,,,2.0,reference_fold_convolution,3.403632681838739,3.4043736001998486,0.27988335461255803,2.8732823181632967,2.947009765416514,3.8463226763692604,3.928571623174905,0.0,0.0,0.0,3.7664327897210135,correction_completion,serial_sweep_d3,3,100,19,3947445135,reference_fold_convolution_rf,,,,{}
ES,k=3,,,3.0,reference_fold_convolution,3.319750083283709,3.33177569740763,0.29881692013118155,2.7067172278342078,2.8034865369932906,3.8020468730354247,3.8849702554833896,0.0,0.0,0.0,3.7664327897210135,correction_completion,serial_sweep_d3,3,100,19,3947445135,reference_fold_convolution_rf,,,,{}
ATT,ATT,,,,reference_fold_convolution,3.529076404509269,3.5261103470591904,0.24613063651339837,3.056077778948327,3.1346486306872112,3.9229228822424584,4.003748591075692,0.0,0.0,0.0,3.7664327897210126,correction_completion,serial_sweep_d3,3,100,19,3947445135,reference_fold_convolution_rf,,,,{}
GATT,g=4_t=4,4.0,4.0,0.0,raw_structured,2.6747180359894682,2.675480453994677,0.17191635999854774,2.3345829411578682,2.3858001513516243,2.948326434508569,3.002267642457817,0.0,0.0,0.0,2.8129594555277837,correction_completion,staggered,2,200,3,3887490031,raw_structured,,,,
GATT,g=4_t=5,4.0,5.0,1.0,raw_structured,4.100950206603502,4.104291305515744,0.17334687764777823,3.7551662548533926,3.812303487618885,4.3795144092047025,4.434866421091192,0.0,0.0,0.0,3.938143237738897,correction_completion,staggered,2,200,3,3887490031,raw_structured,,,,
GATT,g=4_t=6,4.0,6.0,2.0,raw_structured,5.251175397795945,5.2501858848770135,0.18591408906074441,4.891916396167614,4.957214767969902,5.560329563321106,5.617154721583075,0.0,0.0,0.0,5.0633270199500116,correction_completion,staggered,2,200,3,3887490031,raw_structured,,,,
GATT,g=4_t=7,4.0,7.0,3.0,raw_structured,5.480272459530089,5.472045904863104,0.23654281759238463,5.037174461706153,5.090875398482644,5.87501782028871,5.945689041459564,0.0,0.0,0.0,6.188510802161126,correction_completion,staggered,2,200,3,3887490031,raw_structured,,,,
GATT,g=5_t=5,5.0,5.0,0.0,raw_structured,4.484969975910481,4.485263773170567,0.16790474913022801,4.1646602063184925,4.2086599630401125,4.763849540436513,4.80962472190049,0.0,0.0,0.0,4.117040432681711,correction_completion,staggered,2,200,3,3887490031,raw_structured,,,,
GATT,g=5_t=6,5.0,6.0,1.0,raw_structured,5.944359748378608,5.948879805563504,0.17430626888827666,5.597043409440133,5.646912439825151,6.223646888843755,6.2935042590056725,0.0,0.0,0.0,5.763856605754395,correction_completion,staggered,2,200,3,3887490031,raw_structured,,,,
GATT,g=5_t=7,5.0,7.0,2.0,raw_structured,7.09345707182037,7.095389426978595,0.20366239790020443,6.696648513624705,6.771093298698422,7.421752043161188,7.486616765281709,0.0,0.0,0.0,7.410672778827082,correction_completion,staggered,2,200,3,3887490031,raw_structured,,,,
GATT,g=6_t=6,6.0,6.0,0.0,raw_structured,5.17794413773557,5.175727712488467,0.18475826379877366,4.82900923346563,4.871967519914243,5.4898266284720005,5.546606382269734,0.0,0.0,0.0,4.985036470460799,correction_completion,staggered,2,200,3,3887490031,raw_structured,,,,
GATT,g=6_t=7,6.0,7.0,1.0,raw_structured,6.525244019386309,6.525948884390296,0.2074782233562951,6.114773175441609,6.180099318691833,6.865302577624719,6.925588924531003,0.0,0.0,0.0,6.979051058645118,correction_completion,staggered,2,200,3,3887490031,raw_structured,,,,
ES,k=0,,,0.0,raw_structured,4.104593302954199,4.105550030765309,0.12420773375203832,3.8555257286603615,3.8971819760949984,4.309439341469331,4.3468308986298085,0.0,0.0,0.0,3.96411641544554,correction_completion,staggered,2,200,3,3887490031,raw_structured,,,,
ES,k=1,,,1.0,raw_structured,5.516042424083526,5.517229608754193,0.13856281483417665,5.244310210075177,5.2823621743015305,5.741509784908026,5.7978350118059225,0.0,0.0,0.0,5.549762981623756,correction_completion,staggered,2,200,3,3887490031,raw_structured,,,,
ES,k=2,,,2.0,raw_structured,6.172316234808158,6.171429366383522,0.17020719105952747,5.844114849730393,5.892426372393312,6.445854689585143,6.503598463572699,0.0,0.0,0.0,6.236999899388546,correction_completion,staggered,2,200,3,3887490031,raw_structured,,,,
ES,k=3,,,3.0,raw_structured,5.480272459530089,5.472045904863104,0.23654281759238463,5.037174461706153,5.090875398482644,5.87501782028871,5.945689041459564,0.0,0.0,0.0,6.188510802161126,correction_completion,staggered,2,200,3,3887490031,raw_structured,,,,
ATT,ATT,,,,raw_structured,5.189295060135592,5.187300390217931,0.11200867385412379,4.96653869849744,5.003952949005445,5.374458534538321,5.40092994960223,0.0,0.0,0.0,5.247327087467754,correction_completion,staggered,2,200,3,3887490031,raw_structured,,,,
GATT,g=4_t=4,4.0,4.0,0.0,reference_fold_convolution,2.148766372326574,2.1579966588091803,0.30947034330715645,1.5343953040600598,1.6357304207383012,2.632688497217814,2.752870295874619,0.0,0.0,0.0,2.8129594555277837,correction_completion,staggered,2,200,3,3887490031,reference_fold_convolution_rf,1.8678741590739039,22.759121167967034,,"{""0"": {""bar_pi"": 0.41818181818181815, ""control_ess"": 22.759121167967034, ""fold_sizes"": [{""evaluation"": 55, ""fold"": 0, ""train"": 56}], ""global_fold_bb"": true, ""max_control_odds"": 1.8678741590739039, ""n_clipped"": 0, ""n_complement_units"": 56, ""n_eval_units"": 55, ""posterior_cache_key"": ""g=4_fold=0"", ""posterior_draws"": 1500, ""raw_max_control_odds"": 1.8678741590739039}, ""1"": {""bar_pi"": 0.39285714285714285, ""control_ess"": 29.982733198966457, ""fold_sizes"": [{""evaluation"": 56, ""fold"": 0, ""train"": 55}], ""global_fold_bb"": true, ""max_control_odds"": 1.2515049796952273, ""n_clipped"": 0, ""n_complement_units"": 55, ""n_eval_units"": 56, ""posterior_cache_key"": ""g=4_fold=1"", ""posterior_draws"": 1500, ""raw_max_control_odds"": 1.2515049796952273}}"
GATT,g=4_t=5,4.0,5.0,1.0,reference_fold_convolution,3.563477445443078,3.5675566898013873,0.34239790292450706,2.888695999001528,3.0059275751237684,4.138207339865925,4.256827588803591,0.0,0.0,0.0,3.938143237738897,correction_completion,staggered,2,200,3,3887490031,reference_fold_convolution_rf,1.8678741590739039,22.759121167967034,,"{""0"": {""bar_pi"": 0.41818181818181815, ""control_ess"": 22.759121167967034, ""fold_sizes"": [{""evaluation"": 55, ""fold"": 0, ""train"": 56}], ""global_fold_bb"": true, ""max_control_odds"": 1.8678741590739039, ""n_clipped"": 0, ""n_complement_units"": 56, ""n_eval_units"": 55, ""posterior_cache_key"": ""g=4_fold=0"", ""posterior_draws"": 1500, ""raw_max_control_odds"": 1.8678741590739039}, ""1"": {""bar_pi"": 0.39285714285714285, ""control_ess"": 29.982733198966457, ""fold_sizes"": [{""evaluation"": 56, ""fold"": 0, ""train"": 55}], ""global_fold_bb"": true, ""max_control_odds"": 1.2515049796952273, ""n_clipped"": 0, ""n_complement_units"": 55, ""n_eval_units"": 56, ""posterior_cache_key"": ""g=4_fold=1"", ""posterior_draws"": 1500, ""raw_max_control_odds"": 1.2515049796952273}}"
GATT,g=4_t=6,4.0,6.0,2.0,reference_fold_convolution,4.613303737566293,4.610712252418466,0.386580973889345,3.868206217428659,3.98725506984935,5.241304173026936,5.3792305242129075,0.0,0.0,0.0,5.0633270199500116,correction_completion,staggered,2,200,3,3887490031,reference_fold_convolution_rf,1.8678741590739039,22.759121167967034,,"{""0"": {""bar_pi"": 0.41818181818181815, ""control_ess"": 22.759121167967034, ""fold_sizes"": [{""evaluation"": 55, ""fold"": 0, ""train"": 56}], ""global_fold_bb"": true, ""max_control_odds"": 1.8678741590739039, ""n_clipped"": 0, ""n_complement_units"": 56, ""n_eval_units"": 55, ""posterior_cache_key"": ""g=4_fold=0"", ""posterior_draws"": 1500, ""raw_max_control_odds"": 1.8678741590739039}, ""1"": {""bar_pi"": 0.39285714285714285, ""control_ess"": 29.982733198966457, ""fold_sizes"": [{""evaluation"": 56, ""fold"": 0, ""train"": 55}], ""global_fold_bb"": true, ""max_control_odds"": 1.2515049796952273, ""n_clipped"": 0, ""n_complement_units"": 55, ""n_eval_units"": 56, ""posterior_cache_key"": ""g=4_fold=1"", ""posterior_draws"": 1500, ""raw_max_control_odds"": 1.2515049796952273}}"
GATT,g=4_t=7,4.0,7.0,3.0,reference_fold_convolution,5.5255107320898755,5.524265280054443,0.4064501965736204,4.758673302474553,4.879903628967903,6.184047037401585,6.289344062437233,0.0,0.0,0.0,6.188510802161126,correction_completion,staggered,2,200,3,3887490031,reference_fold_convolution_rf,1.8678741590739039,22.759121167967034,,"{""0"": {""bar_pi"": 0.41818181818181815, ""control_ess"": 22.759121167967034, ""fold_sizes"": [{""evaluation"": 55, ""fold"": 0, ""train"": 56}], ""global_fold_bb"": true, ""max_control_odds"": 1.8678741590739039, ""n_clipped"": 0, ""n_complement_units"": 56, ""n_eval_units"": 55, ""posterior_cache_key"": ""g=4_fold=0"", ""posterior_draws"": 1500, ""raw_max_control_odds"": 1.8678741590739039}, ""1"": {""bar_pi"": 0.39285714285714285, ""control_ess"": 29.982733198966457, ""fold_sizes"": [{""evaluation"": 56, ""fold"": 0, ""train"": 55}], ""global_fold_bb"": true, ""max_control_odds"": 1.2515049796952273, ""n_clipped"": 0, ""n_complement_units"": 55, ""n_eval_units"": 56, ""posterior_cache_key"": ""g=4_fold=1"", ""posterior_draws"": 1500, ""raw_max_control_odds"": 1.2515049796952273}}"
GATT,g=5_t=5,5.0,5.0,0.0,reference_fold_convolution,4.630951827489857,4.641659242788888,0.35069916559659187,3.9441235087409416,4.0482079554136625,5.182393039822071,5.284290891520688,0.0,0.0,0.0,4.117040432681711,correction_completion,staggered,2,200,3,3887490031,reference_fold_convolution_rf,1.7176861508858985,28.172631777139035,,"{""0"": {""bar_pi"": 0.39622641509433965, ""control_ess"": 28.172631777139035, ""fold_sizes"": [{""evaluation"": 53, ""fold"": 0, ""train"": 58}], ""global_fold_bb"": true, ""max_control_odds"": 1.7176861508858985, ""n_clipped"": 0, ""n_complement_units"": 58, ""n_eval_units"": 53, ""posterior_cache_key"": ""g=5_fold=0"", ""posterior_draws"": 1500, ""raw_max_control_odds"": 1.7176861508858985}, ""1"": {""bar_pi"": 0.41379310344827586, ""control_ess"": 31.58475876191249, ""fold_sizes"": [{""evaluation"": 58, ""fold"": 0, ""train"": 53}], ""global_fold_bb"": true, ""max_control_odds"": 1.1658474974959152, ""n_clipped"": 0, ""n_complement_units"": 53, ""n_eval_units"": 58, ""posterior_cache_key"": ""g=5_fold=1"", ""posterior_draws"": 1500, ""raw_max_control_odds"": 1.1658474974959152}}"
GATT,g=5_t=6,5.0,6.0,1.0,reference_fold_convolution,5.969046571189836,5.970003934175308,0.448067275901007,5.073326979987078,5.219422776323524,6.70961037567926,6.825167853414136,0.0,0.0,0.0,5.763856605754395,correction_completion,staggered,2,200,3,3887490031,reference_fold_convolution_rf,1.7176861508858985,28.172631777139035,,"{""0"": {""bar_pi"": 0.39622641509433965, ""control_ess"": 28.172631777139035, ""fold_sizes"": [{""evaluation"": 53, ""fold"": 0, ""train"": 58}], ""global_fold_bb"": true, ""max_control_odds"": 1.7176861508858985, ""n_clipped"": 0, ""n_complement_units"": 58, ""n_eval_units"": 53, ""posterior_cache_key"": ""g=5_fold=0"", ""posterior_draws"": 1500, ""raw_max_control_odds"": 1.7176861508858985}, ""1"": {""bar_pi"": 0.41379310344827586, ""control_ess"": 31.58475876191249, ""fold_sizes"": [{""evaluation"": 58, ""fold"": 0, ""train"": 53}], ""global_fold_bb"": true, ""max_control_odds"": 1.1658474974959152, ""n_clipped"": 0, ""n_complement_units"": 53, ""n_eval_units"": 58, ""posterior_cache_key"": ""g=5_fold=1"", ""posterior_draws"": 1500, ""raw_max_control_odds"": 1.1658474974959152}}"
GATT,g=5_t=7,5.0,7.0,2.0,reference_fold_convolution,7.621908764243788,7.615555997697942,0.44057204690250557,6.751701877026948,6.900312012952591,8.392756049984802,8.496164471736508,0.0,0.0,0.0,7.410672778827082,correction_completion,staggered,2,200,3,3887490031,reference_fold_convolution_rf,1.7176861508858985,28.172631777139035,,"{""0"": {""bar_pi"": 0.39622641509433965, ""control_ess"": 28.172631777139035, ""fold_sizes"": [{""evaluation"": 53, ""fold"": 0, ""train"": 58}], ""global_fold_bb"": true, ""max_control_odds"": 1.7176861508858985, ""n_clipped"": 0, ""n_complement_units"": 58, ""n_eval_units"": 53, ""posterior_cache_key"": ""g=5_fold=0"", ""posterior_draws"": 1500, ""raw_max_control_odds"": 1.7176861508858985}, ""1"": {""bar_pi"": 0.41379310344827586, ""control_ess"": 31.58475876191249, ""fold_sizes"": [{""evaluation"": 58, ""fold"": 0, ""train"": 53}], ""global_fold_bb"": true, ""max_control_odds"": 1.1658474974959152, ""n_clipped"": 0, ""n_complement_units"": 53, ""n_eval_units"": 58, ""posterior_cache_key"": ""g=5_fold=1"", ""posterior_draws"": 1500, ""raw_max_control_odds"": 1.1658474974959152}}"
GATT,g=6_t=6,6.0,6.0,0.0,reference_fold_convolution,5.301689079285754,5.298237026942859,0.41827212994938834,4.4481331684882335,4.591508328687809,5.992534409359683,6.150729693878743,0.0,0.0,0.0,4.985036470460799,correction_completion,staggered,2,200,3,3887490031,reference_fold_convolution_rf,1.1397955069125782,31.17830942401161,,"{""0"": {""bar_pi"": 0.42857142857142855, ""control_ess"": 31.17830942401161, ""fold_sizes"": [{""evaluation"": 56, ""fold"": 0, ""train"": 54}], ""global_fold_bb"": true, ""max_control_odds"": 0.7920145716315491, ""n_clipped"": 0, ""n_complement_units"": 54, ""n_eval_units"": 56, ""posterior_cache_key"": ""g=6_fold=0"", ""posterior_draws"": 1500, ""raw_max_control_odds"": 0.7920145716315491}, ""1"": {""bar_pi"": 0.37037037037037035, ""control_ess"": 33.04599747360109, ""fold_sizes"": [{""evaluation"": 54, ""fold"": 0, ""train"": 56}], ""global_fold_bb"": true, ""max_control_odds"": 1.1397955069125782, ""n_clipped"": 0, ""n_complement_units"": 56, ""n_eval_units"": 54, ""posterior_cache_key"": ""g=6_fold=1"", ""posterior_draws"": 1500, ""raw_max_control_odds"": 1.1397955069125782}}"
GATT,g=6_t=7,6.0,7.0,1.0,reference_fold_convolution,7.2610361441825555,7.251861912900239,0.43921085127815335,6.418905635888434,6.568361994777056,8.009660321767198,8.171381042010987,0.0,0.0,0.0,6.979051058645118,correction_completion,staggered,2,200,3,3887490031,reference_fold_convolution_rf,1.1397955069125782,31.17830942401161,,"{""0"": {""bar_pi"": 0.42857142857142855, ""control_ess"": 31.17830942401161, ""fold_sizes"": [{""evaluation"": 56, ""fold"": 0, ""train"": 54}], ""global_fold_bb"": true, ""max_control_odds"": 0.7920145716315491, ""n_clipped"": 0, ""n_complement_units"": 54, ""n_eval_units"": 56, ""posterior_cache_key"": ""g=6_fold=0"", ""posterior_draws"": 1500, ""raw_max_control_odds"": 0.7920145716315491}, ""1"": {""bar_pi"": 0.37037037037037035, ""control_ess"": 33.04599747360109, ""fold_sizes"": [{""evaluation"": 54, ""fold"": 0, ""train"": 56}], ""global_fold_bb"": true, ""max_control_odds"": 1.1397955069125782, ""n_clipped"": 0, ""n_complement_units"": 56, ""n_eval_units"": 54, ""posterior_cache_key"": ""g=6_fold=1"", ""posterior_draws"": 1500, ""raw_max_control_odds"": 1.1397955069125782}}"
ES,k=0,,,0.0,reference_fold_convolution,4.017624167763527,4.023219017326969,0.1878825995692688,3.6398636653420238,3.707919443502575,4.319214351629484,4.373902994364064,0.0,0.0,0.0,3.96411641544554,correction_completion,staggered,2,200,3,3887490031,reference_fold_convolution_rf,,,,{}
ES,k=1,,,1.0,reference_fold_convolution,5.585441575317266,5.587679077620111,0.2364620925124389,5.112490186634114,5.187606996678227,5.962046160007305,6.041897415519682,0.0,0.0,0.0,5.549762981623756,correction_completion,staggered,2,200,3,3887490031,reference_fold_convolution_rf,,,,{}
ES,k=2,,,2.0,reference_fold_convolution,6.117606250905041,6.115837757326508,0.28742750745357665,5.580776710945721,5.661891146067115,6.590620704648892,6.701456784109793,0.0,0.0,0.0,6.236999899388546,correction_completion,staggered,2,200,3,3887490031,reference_fold_convolution_rf,,,,{}
ES,k=3,,,3.0,reference_fold_convolution,5.5255107320898755,5.524265280054443,0.4064501965736204,4.758673302474553,4.879903628967903,6.184047037401585,6.289344062437233,0.0,0.0,0.0,6.188510802161126,correction_completion,staggered,2,200,3,3887490031,reference_fold_convolution_rf,,,,{}
ATT,ATT,,,,reference_fold_convolution,5.1762862409387695,5.18067487151315,0.20356655739220272,4.76368520095951,4.8369140153975545,5.493989284916063,5.590006458705787,0.0,0.0,0.0,5.247327087467754,correction_completion,staggered,2,200,3,3887490031,reference_fold_convolution_rf,,,,{}
GATT,g=4_t=4,4.0,4.0,0.0,raw_structured,3.7206498146097142,3.713570334465169,0.153080698447061,3.4374542084294877,3.4794114265231544,3.9914579426460848,4.051925971918823,0.0,0.0,0.0,3.7221986395287363,correction_completion,strong_confounder,2,200,87,2791164257,raw_structured,,,,
GATT,g=4_t=5,4.0,5.0,1.0,raw_structured,3.616421655668774,3.6238917169453866,0.13586917282096328,3.3221193455049485,3.383668089879941,3.8237912336979543,3.864565105474197,0.0,0.0,0.0,3.7221986395287363,correction_completion,strong_confounder,2,200,87,2791164257,raw_structured,,,,
GATT,g=4_t=6,4.0,6.0,2.0,raw_structured,3.6256122204364165,3.6316377646071247,0.12800586948900722,3.3681665753137957,3.4104707413786706,3.8288961343490207,3.865890339957417,0.0,0.0,0.0,3.7221986395287363,correction_completion,strong_confounder,2,200,87,2791164257,raw_structured,,,,
GATT,g=4_t=7,4.0,7.0,3.0,raw_structured,3.630868948529277,3.6299776357926756,0.13672614519806733,3.367272181504008,3.4049911311977445,3.852149979638056,3.9034549037193633,0.0,0.0,0.0,3.7221986395287363,correction_completion,strong_confounder,2,200,87,2791164257,raw_structured,,,,
ES,k=0,,,0.0,raw_structured,3.7206498146097142,3.713570334465169,0.153080698447061,3.4374542084294877,3.4794114265231544,3.9914579426460848,4.051925971918823,0.0,0.0,0.0,3.7221986395287363,correction_completion,strong_confounder,2,200,87,2791164257,raw_structured,,,,
ES,k=1,,,1.0,raw_structured,3.616421655668774,3.6238917169453866,0.13586917282096328,3.3221193455049485,3.383668089879941,3.8237912336979543,3.864565105474197,0.0,0.0,0.0,3.7221986395287363,correction_completion,strong_confounder,2,200,87,2791164257,raw_structured,,,,
ES,k=2,,,2.0,raw_structured,3.6256122204364165,3.6316377646071247,0.12800586948900722,3.3681665753137957,3.4104707413786706,3.8288961343490207,3.865890339957417,0.0,0.0,0.0,3.7221986395287363,correction_completion,strong_confounder,2,200,87,2791164257,raw_structured,,,,
ES,k=3,,,3.0,raw_structured,3.630868948529277,3.6299776357926756,0.13672614519806733,3.367272181504008,3.4049911311977445,3.852149979638056,3.9034549037193633,0.0,0.0,0.0,3.7221986395287363,correction_completion,strong_confounder,2,200,87,2791164257,raw_structured,,,,
ATT,ATT,,,,raw_structured,3.6483881598110455,3.6498186376779196,0.10747566814630519,3.4302132586090797,3.4685326857269074,3.8201260258304504,3.8488517572610403,0.0,0.0,0.0,3.7221986395287354,correction_completion,strong_confounder,2,200,87,2791164257,raw_structured,,,,
GATT,g=4_t=4,4.0,4.0,0.0,reference_fold_convolution,3.907630041823378,3.899455829042114,0.2548034751580216,3.4132063462981854,3.5006950061472297,4.33855644007346,4.407096938960546,0.0,0.0,0.0,3.7221986395287363,correction_completion,strong_confounder,2,200,87,2791164257,reference_fold_convolution_rf,1.997238331025879,44.835137995025164,,"{""0"": {""bar_pi"": 0.49, ""control_ess"": 44.835137995025164, ""fold_sizes"": [{""evaluation"": 100, ""fold"": 0, ""train"": 100}], ""global_fold_bb"": true, ""max_control_odds"": 1.6550851295484716, ""n_clipped"": 0, ""n_complement_units"": 100, ""n_eval_units"": 100, ""posterior_cache_key"": ""g=4_fold=0"", ""posterior_draws"": 1500, ""raw_max_control_odds"": 1.6550851295484716}, ""1"": {""bar_pi"": 0.46, ""control_ess"": 47.833745036686516, ""fold_sizes"": [{""evaluation"": 100, ""fold"": 0, ""train"": 100}], ""global_fold_bb"": true, ""max_control_odds"": 1.997238331025879, ""n_clipped"": 0, ""n_complement_units"": 100, ""n_eval_units"": 100, ""posterior_cache_key"": ""g=4_fold=1"", ""posterior_draws"": 1500, ""raw_max_control_odds"": 1.997238331025879}}"
GATT,g=4_t=5,4.0,5.0,1.0,reference_fold_convolution,3.5014107780638417,3.494753719906464,0.23691806598816062,3.0377533228824536,3.114354273229063,3.9054691373330637,3.96929845898694,0.0,0.0,0.0,3.7221986395287363,correction_completion,strong_confounder,2,200,87,2791164257,reference_fold_convolution_rf,1.997238331025879,44.835137995025164,,"{""0"": {""bar_pi"": 0.49, ""control_ess"": 44.835137995025164, ""fold_sizes"": [{""evaluation"": 100, ""fold"": 0, ""train"": 100}], ""global_fold_bb"": true, ""max_control_odds"": 1.6550851295484716, ""n_clipped"": 0, ""n_complement_units"": 100, ""n_eval_units"": 100, ""posterior_cache_key"": ""g=4_fold=0"", ""posterior_draws"": 1500, ""raw_max_control_odds"": 1.6550851295484716}, ""1"": {""bar_pi"": 0.46, ""control_ess"": 47.833745036686516, ""fold_sizes"": [{""evaluation"": 100, ""fold"": 0, ""train"": 100}], ""global_fold_bb"": true, ""max_control_odds"": 1.997238331025879, ""n_clipped"": 0, ""n_complement_units"": 100, ""n_eval_units"": 100, ""posterior_cache_key"": ""g=4_fold=1"", ""posterior_draws"": 1500, ""raw_max_control_odds"": 1.997238331025879}}"
GATT,g=4_t=6,4.0,6.0,2.0,reference_fold_convolution,3.716934508583492,3.707160458532856,0.2764972019271987,3.1919414571520286,3.266519578023746,4.1861983969091785,4.266673690359287,0.0,0.0,0.0,3.7221986395287363,correction_completion,strong_confounder,2,200,87,2791164257,reference_fold_convolution_rf,1.997238331025879,44.835137995025164,,"{""0"": {""bar_pi"": 0.49, ""control_ess"": 44.835137995025164, ""fold_sizes"": [{""evaluation"": 100, ""fold"": 0, ""train"": 100}], ""global_fold_bb"": true, ""max_control_odds"": 1.6550851295484716, ""n_clipped"": 0, ""n_complement_units"": 100, ""n_eval_units"": 100, ""posterior_cache_key"": ""g=4_fold=0"", ""posterior_draws"": 1500, ""raw_max_control_odds"": 1.6550851295484716}, ""1"": {""bar_pi"": 0.46, ""control_ess"": 47.833745036686516, ""fold_sizes"": [{""evaluation"": 100, ""fold"": 0, ""train"": 100}], ""global_fold_bb"": true, ""max_control_odds"": 1.997238331025879, ""n_clipped"": 0, ""n_complement_units"": 100, ""n_eval_units"": 100, ""posterior_cache_key"": ""g=4_fold=1"", ""posterior_draws"": 1500, ""raw_max_control_odds"": 1.997238331025879}}"
GATT,g=4_t=7,4.0,7.0,3.0,reference_fold_convolution,3.5491110431940274,3.5419916629549557,0.22908931353813627,3.0932581305704625,3.1601995987511025,3.930908231268419,3.998964358944214,0.0,0.0,0.0,3.7221986395287363,correction_completion,strong_confounder,2,200,87,2791164257,reference_fold_convolution_rf,1.997238331025879,44.835137995025164,,"{""0"": {""bar_pi"": 0.49, ""control_ess"": 44.835137995025164, ""fold_sizes"": [{""evaluation"": 100, ""fold"": 0, ""train"": 100}], ""global_fold_bb"": true, ""max_control_odds"": 1.6550851295484716, ""n_clipped"": 0, ""n_complement_units"": 100, ""n_eval_units"": 100, ""posterior_cache_key"": ""g=4_fold=0"", ""posterior_draws"": 1500, ""raw_max_control_odds"": 1.6550851295484716}, ""1"": {""bar_pi"": 0.46, ""control_ess"": 47.833745036686516, ""fold_sizes"": [{""evaluation"": 100, ""fold"": 0, ""train"": 100}], ""global_fold_bb"": true, ""max_control_odds"": 1.997238331025879, ""n_clipped"": 0, ""n_complement_units"": 100, ""n_eval_units"": 100, ""posterior_cache_key"": ""g=4_fold=1"", ""posterior_draws"": 1500, ""raw_max_control_odds"": 1.997238331025879}}"
ES,k=0,,,0.0,reference_fold_convolution,3.907630041823378,3.899455829042114,0.2548034751580216,3.4132063462981854,3.5006950061472297,4.33855644007346,4.407096938960546,0.0,0.0,0.0,3.7221986395287363,correction_completion,strong_confounder,2,200,87,2791164257,reference_fold_convolution_rf,,,,{}
ES,k=1,,,1.0,reference_fold_convolution,3.5014107780638417,3.494753719906464,0.23691806598816062,3.0377533228824536,3.114354273229063,3.9054691373330637,3.96929845898694,0.0,0.0,0.0,3.7221986395287363,correction_completion,strong_confounder,2,200,87,2791164257,reference_fold_convolution_rf,,,,{}
ES,k=2,,,2.0,reference_fold_convolution,3.716934508583492,3.707160458532856,0.2764972019271987,3.1919414571520286,3.266519578023746,4.1861983969091785,4.266673690359287,0.0,0.0,0.0,3.7221986395287363,correction_completion,strong_confounder,2,200,87,2791164257,reference_fold_convolution_rf,,,,{}
ES,k=3,,,3.0,reference_fold_convolution,3.5491110431940274,3.5419916629549557,0.22908931353813627,3.0932581305704625,3.1601995987511025,3.930908231268419,3.998964358944214,0.0,0.0,0.0,3.7221986395287363,correction_completion,strong_confounder,2,200,87,2791164257,reference_fold_convolution_rf,,,,{}
ATT,ATT,,,,reference_fold_convolution,3.6687715929161846,3.6657651265566313,0.2115602415403352,3.265198643001104,3.323338046541174,4.032943368413596,4.093826864636938,0.0,0.0,0.0,3.7221986395287354,correction_completion,strong_confounder,2,200,87,2791164257,reference_fold_convolution_rf,,,,{}
