estimand_type,estimand_id,g,t,k,method,post_mean,post_median,sd,q025,q05,q95,q975,p_bayes_tail_min,p_bayes_two_sided,p_bayes,true,family,design,degree,N,rep,seed,task_estimator,max_control_odds,effective_sample_size,max_normalized_weight,fold_sizes
PRE,k=-4,,,-4.0,pretrend,0.03864270530660032,0.03441497707956345,0.2060467534387478,-0.3494582679396134,-0.2862261707752792,0.3819613494439568,0.44774234797041534,0.44666666666666666,0.8933333333333333,0.8933333333333333,-0.0,correction_completion,PT_conditional,1,200,112,2402292136,raw_structured,,,,
PRE,k=-3,,,-3.0,pretrend,-0.055638204349693805,-0.04046369740831489,0.19366140051911915,-0.45435096116818596,-0.3803399437895118,0.2579355378985741,0.32074700859910843,0.43066666666666664,0.8613333333333333,0.8613333333333333,-0.0,correction_completion,PT_conditional,1,200,112,2402292136,raw_structured,,,,
PRE,k=-2,,,-2.0,pretrend,-0.19039496289192076,-0.1759626333980356,0.19448655763630032,-0.6066836201810674,-0.5277957938594708,0.0437231620311756,0.09516836582179493,0.2906666666666667,0.5813333333333334,0.5813333333333334,-0.0,correction_completion,PT_conditional,1,200,112,2402292136,raw_structured,,,,
PRE,slope,,,,pretrend,0.013267375405107671,0.008519965971449626,0.07556605044290067,-0.12839933153451594,-0.10281998106599367,0.13986286994697494,0.16361286185456425,0.462,0.924,0.924,0.0,correction_completion,PT_conditional,1,200,112,2402292136,raw_structured,,,,
PRE_SUB,X1=0_k=-4,,,-4.0,pretrend,0.06452152137645062,0.05908628124565471,0.2135901534259343,-0.32786386616936697,-0.2735613338465426,0.41376890000578426,0.5137012669553563,0.404,0.808,0.808,-0.0,correction_completion,PT_conditional,1,200,112,2402292136,raw_structured,,,,
PRE_SUB,X1=0_k=-3,,,-3.0,pretrend,-0.030059241814025323,-0.013909042066423846,0.20364746502545764,-0.43158807954024453,-0.3618211059576653,0.31068256490848556,0.3719773916626358,0.4726666666666667,0.9453333333333334,0.9453333333333334,-0.0,correction_completion,PT_conditional,1,200,112,2402292136,raw_structured,,,,
PRE_SUB,X1=0_k=-2,,,-2.0,pretrend,-0.17467013996647796,-0.1661353117855539,0.20006543998307594,-0.6018955025701023,-0.5146940958157644,0.08279093642372992,0.15684390501670778,0.31666666666666665,0.6333333333333333,0.6333333333333333,-0.0,correction_completion,PT_conditional,1,200,112,2402292136,raw_structured,,,,
PRE_SUB,X1=1_k=-4,,,-4.0,pretrend,0.02460673726871541,0.016572044695781506,0.20888905900514876,-0.37742542375235966,-0.314786137439684,0.3758243425488843,0.43258722344237555,0.47533333333333333,0.9506666666666667,0.9506666666666667,-0.0,correction_completion,PT_conditional,1,200,112,2402292136,raw_structured,,,,
PRE_SUB,X1=1_k=-3,,,-3.0,pretrend,-0.06951153996225977,-0.05274823774335846,0.19584052664930324,-0.47024513967675613,-0.39516079988978803,0.24515950793122165,0.31882460850618627,0.4033333333333333,0.8066666666666666,0.8066666666666666,-0.0,correction_completion,PT_conditional,1,200,112,2402292136,raw_structured,,,,
PRE_SUB,X1=1_k=-2,,,-2.0,pretrend,-0.1989236804108049,-0.18524212670174833,0.19728761227008573,-0.617576303668984,-0.5447344379471598,0.031225473473791947,0.07852962323750727,0.2833333333333333,0.5666666666666667,0.5666666666666667,-0.0,correction_completion,PT_conditional,1,200,112,2402292136,raw_structured,,,,
PRE_SUB,X2=low_k=-4,,,-4.0,pretrend,0.15341187122669336,0.13964863261793228,0.24374131474751173,-0.2747362391378428,-0.2232498629610001,0.564375017131088,0.6550540458305816,0.29533333333333334,0.5906666666666667,0.5906666666666667,-0.0,correction_completion,PT_conditional,1,200,112,2402292136,raw_structured,,,,
PRE_SUB,X2=low_k=-3,,,-3.0,pretrend,0.048297116579048026,0.01738914811962453,0.23798737856538796,-0.3883919767708792,-0.3306974004367266,0.4542744083693612,0.5366271441396342,0.48333333333333334,0.9666666666666667,0.9666666666666667,-0.0,correction_completion,PT_conditional,1,200,112,2402292136,raw_structured,,,,
PRE_SUB,X2=low_k=-2,,,-2.0,pretrend,-0.14306666366276627,-0.11438332880524034,0.2137616167132779,-0.5951828190848686,-0.498237578565978,0.16376151072093192,0.26114859593841144,0.38066666666666665,0.7613333333333333,0.7613333333333333,-0.0,correction_completion,PT_conditional,1,200,112,2402292136,raw_structured,,,,
PRE_SUB,X2=high_k=-4,,,-4.0,pretrend,-0.1219937145982326,-0.09611006638745936,0.2863266811595857,-0.7050251573916921,-0.6336438922324706,0.3126830240303637,0.37754923137449903,0.36866666666666664,0.7373333333333333,0.7373333333333333,-0.0,correction_completion,PT_conditional,1,200,112,2402292136,raw_structured,,,,
PRE_SUB,X2=high_k=-3,,,-3.0,pretrend,-0.2002452792989846,-0.16523627046005165,0.2712896235946074,-0.7773606786027341,-0.6772040303877292,0.1905990328944273,0.2418015931144916,0.2866666666666667,0.5733333333333334,0.5733333333333334,-0.0,correction_completion,PT_conditional,1,200,112,2402292136,raw_structured,,,,
PRE_SUB,X2=high_k=-2,,,-2.0,pretrend,-0.25008538462118773,-0.21757689879857084,0.24800861830822502,-0.8176497627698359,-0.7023285635434308,0.011193339471835668,0.06550256920175082,0.2713333333333333,0.5426666666666666,0.5426666666666666,-0.0,correction_completion,PT_conditional,1,200,112,2402292136,raw_structured,,,,
PRE_SUBC,X1_k=-4,,,-4.0,pretrend,-0.039914784107735204,-0.0034373167415630325,0.0907535691377437,-0.37869483582690006,-0.20003359553608857,6.529499163576696e-16,1.072579525196457e-15,0.2653333333333333,0.5306666666666666,0.5306666666666666,-0.0,correction_completion,PT_conditional,1,200,112,2402292136,raw_structured,,,,
PRE_SUBC,X1_k=-3,,,-3.0,pretrend,-0.03945229814823444,-4.718447854656915e-16,0.09237502433087622,-0.3804497358772594,-0.20582938055279001,5.551115123125783e-16,8.68402572073984e-16,0.3273333333333333,0.6546666666666666,0.6546666666666666,-0.0,correction_completion,PT_conditional,1,200,112,2402292136,raw_structured,,,,
PRE_SUBC,X1_k=-2,,,-2.0,pretrend,-0.024253540444326982,0.0,0.08071979324645051,-0.28571315347419457,-0.1116577703275665,6.106226635438361e-16,8.68402572073984e-16,0.51,1.0,1.0,-0.0,correction_completion,PT_conditional,1,200,112,2402292136,raw_structured,,,,
PRE_SUBC,X1_slope,,,,pretrend,0.015921606361714392,0.0014731357463841567,0.03729859753217863,-3.7772364601197846e-16,-2.2035944497693955e-16,0.08394455969364954,0.15948731631756022,0.2693333333333333,0.5386666666666666,0.5386666666666666,0.0,correction_completion,PT_conditional,1,200,112,2402292136,raw_structured,,,,
PRE_SUBC,X2_k=-4,,,-4.0,pretrend,-0.2754055858249259,-0.02517255537098889,0.3261574736486234,-0.9403392351123538,-0.8556613846595376,5.134781488891349e-16,9.370976217226693e-16,0.274,0.548,0.548,-0.0,correction_completion,PT_conditional,1,200,112,2402292136,raw_structured,,,,
PRE_SUBC,X2_k=-3,,,-3.0,pretrend,-0.24854239587803265,-4.926614671774132e-16,0.3216186577050364,-0.9375041315186398,-0.8429666363828973,4.996003610813204e-16,7.494005416219807e-16,0.33066666666666666,0.6613333333333333,0.6613333333333333,-0.0,correction_completion,PT_conditional,1,200,112,2402292136,raw_structured,,,,
PRE_SUBC,X2_k=-2,,,-2.0,pretrend,-0.10701872095842149,0.0,0.23707901288245167,-0.8106094291353801,-0.6958743559475078,5.092280763729909e-16,7.494005416219807e-16,0.5186666666666667,1.0,1.0,-0.0,correction_completion,PT_conditional,1,200,112,2402292136,raw_structured,,,,
PRE_SUBC,X2_slope,,,,pretrend,0.10216573358494747,0.007963142281521953,0.12421870407678567,-3.008010507343783e-16,-1.8244334614487504e-16,0.33479080763609903,0.36368070097272587,0.274,0.548,0.548,0.0,correction_completion,PT_conditional,1,200,112,2402292136,raw_structured,,,,
PRE,k=-4,,,-4.0,reference_fold_pretrend,-0.10875099909539286,-0.10499877703062005,0.18894070899849363,-0.49094303924546345,-0.42348476819268577,0.20325821665807473,0.2529386254559171,0.278,0.556,0.556,-0.0,correction_completion,PT_conditional,1,200,112,2402292136,reference_fold_convolution_rf,,,,
PRE,k=-3,,,-3.0,reference_fold_pretrend,-0.18353034594755893,-0.17840463681980762,0.1809560043119986,-0.5563792743192151,-0.4976965719587646,0.09828377690183863,0.14103603401793352,0.156,0.312,0.312,-0.0,correction_completion,PT_conditional,1,200,112,2402292136,reference_fold_convolution_rf,,,,
PRE,k=-2,,,-2.0,reference_fold_pretrend,-0.2543198824884035,-0.24550773660720449,0.16893684578602927,-0.6183457593899297,-0.5449565067470551,0.0,0.03438324569476183,0.06533333333333333,0.13066666666666665,0.13066666666666665,-0.0,correction_completion,PT_conditional,1,200,112,2402292136,reference_fold_convolution_rf,,,,
PRE,slope,,,,reference_fold_pretrend,0.06768811226212142,0.06342831411813608,0.07093890957636055,-0.06669660982055753,-0.04310707923851437,0.18869205283995125,0.2150049013030791,0.166,0.332,0.332,0.0,correction_completion,PT_conditional,1,200,112,2402292136,reference_fold_convolution_rf,,,,
PRE_SUB,X1=0_k=-4,,,-4.0,reference_fold_pretrend,-0.05421845042611129,-0.058544863642822575,0.19873123665553932,-0.43812802190036226,-0.3711963135260372,0.2728385091378886,0.3363029704102573,0.38266666666666665,0.7653333333333333,0.7653333333333333,-0.0,correction_completion,PT_conditional,1,200,112,2402292136,reference_fold_convolution_rf,,,,
PRE_SUB,X1=0_k=-3,,,-3.0,reference_fold_pretrend,-0.13863215823073752,-0.12766022210862782,0.18540779346979933,-0.5235931373946653,-0.46450304499316175,0.15544745160440282,0.21426239198244523,0.21733333333333332,0.43466666666666665,0.43466666666666665,-0.0,correction_completion,PT_conditional,1,200,112,2402292136,reference_fold_convolution_rf,,,,
PRE_SUB,X1=0_k=-2,,,-2.0,reference_fold_pretrend,-0.17891880855939363,-0.16904150247821118,0.16579783999970552,-0.5273952106135882,-0.47121684420510734,0.07814261365913004,0.1404816930514798,0.13266666666666665,0.2653333333333333,0.2653333333333333,-0.0,correction_completion,PT_conditional,1,200,112,2402292136,reference_fold_convolution_rf,,,,
PRE_SUB,X1=1_k=-4,,,-4.0,reference_fold_pretrend,-0.1383279746448337,-0.13087463300598734,0.1955756755267873,-0.5244969834575026,-0.46175777434564247,0.17577600449709826,0.2352006440197708,0.234,0.468,0.468,-0.0,correction_completion,PT_conditional,1,200,112,2402292136,reference_fold_convolution_rf,,,,
PRE_SUB,X1=1_k=-3,,,-3.0,reference_fold_pretrend,-0.20788190538719087,-0.2031238118463169,0.18927242356526286,-0.5982515080705871,-0.5204282730585916,0.09589684429802657,0.13070156996281512,0.13933333333333334,0.2786666666666667,0.2786666666666667,-0.0,correction_completion,PT_conditional,1,200,112,2402292136,reference_fold_convolution_rf,,,,
PRE_SUB,X1=1_k=-2,,,-2.0,reference_fold_pretrend,-0.2952153802126122,-0.2869611157273616,0.18077979828224133,-0.680347530240817,-0.6034336935646092,0.0,0.013033562461304195,0.054,0.108,0.108,-0.0,correction_completion,PT_conditional,1,200,112,2402292136,reference_fold_convolution_rf,,,,
PRE_SUB,X2=low_k=-4,,,-4.0,reference_fold_pretrend,-0.03322124562517385,-0.05144572283703487,0.2221352363579383,-0.4527793972668108,-0.38325276214912574,0.3427722492693349,0.41980872494290156,0.4146666666666667,0.8293333333333334,0.8293333333333334,-0.0,correction_completion,PT_conditional,1,200,112,2402292136,reference_fold_convolution_rf,,,,
PRE_SUB,X2=low_k=-3,,,-3.0,reference_fold_pretrend,-0.10978416531707999,-0.11691871669034395,0.21164586701024432,-0.511053576163391,-0.44335355326693543,0.24889913707703956,0.3239666597552301,0.2906666666666667,0.5813333333333334,0.5813333333333334,-0.0,correction_completion,PT_conditional,1,200,112,2402292136,reference_fold_convolution_rf,,,,
PRE_SUB,X2=low_k=-2,,,-2.0,reference_fold_pretrend,-0.20658561694726457,-0.2097919369453564,0.18552676334049323,-0.5658136120636191,-0.5048778703383225,0.09701621579001146,0.1626040790633765,0.14066666666666666,0.2813333333333333,0.2813333333333333,-0.0,correction_completion,PT_conditional,1,200,112,2402292136,reference_fold_convolution_rf,,,,
PRE_SUB,X2=high_k=-4,,,-4.0,reference_fold_pretrend,-0.18722550090684573,-0.18077555934257578,0.21236119247060906,-0.623287353388002,-0.5481313422219259,0.15902410576156306,0.2202321622498368,0.17333333333333334,0.3466666666666667,0.3466666666666667,-0.0,correction_completion,PT_conditional,1,200,112,2402292136,reference_fold_convolution_rf,,,,
PRE_SUB,X2=high_k=-3,,,-3.0,reference_fold_pretrend,-0.25730150498953974,-0.24529002415734485,0.20657484638078547,-0.6967995682929138,-0.619429265403442,0.062183315185587826,0.11459173806772836,0.09866666666666667,0.19733333333333333,0.19733333333333333,-0.0,correction_completion,PT_conditional,1,200,112,2402292136,reference_fold_convolution_rf,,,,
PRE_SUB,X2=high_k=-2,,,-2.0,reference_fold_pretrend,-0.3002829551590501,-0.2850180648312051,0.19514476831410532,-0.7200124060176119,-0.6467541738018397,0.0,0.011384549755148009,0.054,0.108,0.108,-0.0,correction_completion,PT_conditional,1,200,112,2402292136,reference_fold_convolution_rf,,,,
PRE_SUBC,X1_k=-4,,,-4.0,reference_fold_pretrend,-0.0841095242187224,-0.07129990742348495,0.11449551460612888,-0.36280347747783015,-0.288064792343768,0.07413804108251659,0.09939364095129515,0.214,0.428,0.428,-0.0,correction_completion,PT_conditional,1,200,112,2402292136,reference_fold_convolution_rf,,,,
PRE_SUBC,X1_k=-3,,,-3.0,reference_fold_pretrend,-0.06924974715645336,-0.06019467220300624,0.10616687486582528,-0.31891999119522774,-0.25132903749194063,0.07613102598559021,0.10482410201242243,0.248,0.496,0.496,-0.0,correction_completion,PT_conditional,1,200,112,2402292136,reference_fold_convolution_rf,,,,
PRE_SUBC,X1_k=-2,,,-2.0,reference_fold_pretrend,-0.11629657165321855,-0.1054032732413948,0.10078329165938266,-0.3630244875384251,-0.2893652143431386,0.01873390034584972,0.04841390193095993,0.10466666666666667,0.20933333333333334,0.20933333333333334,-0.0,correction_completion,PT_conditional,1,200,112,2402292136,reference_fold_convolution_rf,,,,
PRE_SUBC,X1_slope,,,,reference_fold_pretrend,0.03622318847302089,0.031612985815853714,0.04379058031709981,-0.03300170953719783,-0.023870115338346064,0.11485566658001868,0.14301677077839908,0.17733333333333334,0.3546666666666667,0.3546666666666667,0.0,correction_completion,PT_conditional,1,200,112,2402292136,reference_fold_convolution_rf,,,,
PRE_SUBC,X2_k=-4,,,-4.0,reference_fold_pretrend,-0.1540042552816719,-0.013137508726649913,0.21982958481774795,-0.7037848287267281,-0.6147625470891418,0.025554737659888856,0.0325267014656778,0.4013333333333333,0.8026666666666666,0.8026666666666666,-0.0,correction_completion,PT_conditional,1,200,112,2402292136,reference_fold_convolution_rf,,,,
PRE_SUBC,X2_k=-3,,,-3.0,reference_fold_pretrend,-0.14751733967245972,-0.008431301909528205,0.21441219037686854,-0.685097087192372,-0.5827069299141187,0.021260765358104252,0.026205737913197913,0.40066666666666667,0.8013333333333333,0.8013333333333333,-0.0,correction_completion,PT_conditional,1,200,112,2402292136,reference_fold_convolution_rf,,,,
PRE_SUBC,X2_k=-2,,,-2.0,reference_fold_pretrend,-0.09369733821178558,0.005463646796106912,0.18200863637601578,-0.566633758401813,-0.49530456617418056,0.028872126278902028,0.033155628217859334,0.424,0.848,0.848,-0.0,correction_completion,PT_conditional,1,200,112,2402292136,reference_fold_convolution_rf,,,,
PRE_SUBC,X2_slope,,,,reference_fold_pretrend,0.060767484528694335,0.00405503884303701,0.08850923058951332,-0.012143964102048682,-0.009549309816657778,0.2444491313527067,0.28306672002003397,0.424,0.848,0.848,0.0,correction_completion,PT_conditional,1,200,112,2402292136,reference_fold_convolution_rf,,,,
PRE,k=-4,,,-4.0,pretrend,0.10774632529247048,0.09521860951884947,0.17670467827131178,-0.2272650592485553,-0.17578862021122782,0.4093897352548358,0.4576544541022626,0.326,0.652,0.652,-0.0,correction_completion,PT_hold,1,200,96,2946045159,raw_structured,,,,
PRE,k=-3,,,-3.0,pretrend,-0.01570557689654777,0.0,0.14446049366348354,-0.3192673369216042,-0.26340693450597824,0.23658093183529735,0.28884655422410466,0.5753333333333334,1.0,1.0,-0.0,correction_completion,PT_hold,1,200,96,2946045159,raw_structured,,,,
PRE,k=-2,,,-2.0,pretrend,-0.03366567509547403,0.0,0.12748874160179693,-0.3400635197743986,-0.2736920441207605,0.1626879126018866,0.24269350607374326,0.6306666666666667,1.0,1.0,-0.0,correction_completion,PT_hold,1,200,96,2946045159,raw_structured,,,,
PRE,slope,,,,pretrend,-0.018440153356345846,-0.017144436613505926,0.05762454162801524,-0.12897356146947933,-0.11227117569916593,0.07781470922187171,0.1039974595034942,0.404,0.808,0.808,0.0,correction_completion,PT_hold,1,200,96,2946045159,raw_structured,,,,
PRE_SUB,X1=0_k=-4,,,-4.0,pretrend,0.10993538984865245,0.0989784959411273,0.18016183563253962,-0.22775749288571723,-0.17735112193881394,0.41465087456793404,0.4740337236518851,0.3273333333333333,0.6546666666666666,0.6546666666666666,-0.0,correction_completion,PT_hold,1,200,96,2946045159,raw_structured,,,,
PRE_SUB,X1=0_k=-3,,,-3.0,pretrend,-0.015224326149131008,0.0,0.1471612518248214,-0.3226609218272878,-0.26985527688537575,0.2463994202874124,0.29060285670894626,0.5753333333333334,1.0,1.0,-0.0,correction_completion,PT_hold,1,200,96,2946045159,raw_structured,,,,
PRE_SUB,X1=0_k=-2,,,-2.0,pretrend,-0.03287931491423547,0.0,0.12909638394313241,-0.3451766153387683,-0.2767653427339078,0.16807117817977218,0.24822363561483896,0.6333333333333333,1.0,1.0,-0.0,correction_completion,PT_hold,1,200,96,2946045159,raw_structured,,,,
PRE_SUB,X1=1_k=-4,,,-4.0,pretrend,0.10564661031001023,0.09180244427981049,0.17723375454816337,-0.2272650592485552,-0.17973685069026732,0.4086755645125817,0.4555247457697445,0.3313333333333333,0.6626666666666666,0.6626666666666666,-0.0,correction_completion,PT_hold,1,200,96,2946045159,raw_structured,,,,
PRE_SUB,X1=1_k=-3,,,-3.0,pretrend,-0.01616718475631487,0.0,0.14451207366228375,-0.31827600866686484,-0.2634069345059777,0.2386068721938612,0.28884655422410493,0.5746666666666667,1.0,1.0,-0.0,correction_completion,PT_hold,1,200,96,2946045159,raw_structured,,,,
PRE_SUB,X1=1_k=-2,,,-2.0,pretrend,-0.034419938942784487,0.0,0.12817057175228241,-0.3462581901592275,-0.2767653427339083,0.1603586728977714,0.2391031288809256,0.6313333333333333,1.0,1.0,-0.0,correction_completion,PT_hold,1,200,96,2946045159,raw_structured,,,,
PRE_SUB,X2=low_k=-4,,,-4.0,pretrend,0.11213998750366208,0.09928069091209635,0.1802291542794091,-0.22450209940843707,-0.17444886815793437,0.4266490712013461,0.48678494775453074,0.322,0.644,0.644,-0.0,correction_completion,PT_hold,1,200,96,2946045159,raw_structured,,,,
PRE_SUB,X2=low_k=-3,,,-3.0,pretrend,-0.011107489729334726,0.0,0.1476659932312244,-0.31621789116244925,-0.2625923530706737,0.2476413392870208,0.29675947395758545,0.5866666666666667,1.0,1.0,-0.0,correction_completion,PT_hold,1,200,96,2946045159,raw_structured,,,,
PRE_SUB,X2=low_k=-2,,,-2.0,pretrend,-0.03013992876557199,0.0,0.12879921876301012,-0.34006351977439847,-0.2717924694685963,0.1685710591629595,0.24822363561483907,0.644,1.0,1.0,-0.0,correction_completion,PT_hold,1,200,96,2946045159,raw_structured,,,,
PRE_SUB,X2=high_k=-4,,,-4.0,pretrend,0.10303221040130078,0.09128669859994318,0.1777327660576075,-0.24724391392363834,-0.18092815328216025,0.4086755645125814,0.45765445410226263,0.33866666666666667,0.6773333333333333,0.6773333333333333,-0.0,correction_completion,PT_hold,1,200,96,2946045159,raw_structured,,,,
PRE_SUB,X2=high_k=-3,,,-3.0,pretrend,-0.020149810439804502,0.0,0.14614889836901082,-0.3313978221013024,-0.274359538891467,0.2335380696192926,0.28031911763911244,0.5653333333333334,1.0,1.0,-0.0,correction_completion,PT_hold,1,200,96,2946045159,raw_structured,,,,
PRE_SUB,X2=high_k=-2,,,-2.0,pretrend,-0.03755113575257803,0.0,0.13128364974123496,-0.35338666988197764,-0.287456644694345,0.16035867289777173,0.23910312888092558,0.6253333333333333,1.0,1.0,-0.0,correction_completion,PT_hold,1,200,96,2946045159,raw_structured,,,,
PRE_SUBC,X1_k=-4,,,-4.0,pretrend,-0.004288779538642244,0.0,0.05291143440608738,-0.10081793735067235,-0.00635966412305726,0.0016889037126561553,0.03724179144893875,0.5593333333333333,1.0,1.0,-0.0,correction_completion,PT_hold,1,200,96,2946045159,raw_structured,,,,
PRE_SUBC,X1_k=-3,,,-3.0,pretrend,-0.0009428586071838653,0.0,0.039667333672647666,-0.010910957572407032,-8.881784197001252e-16,1.6747020437080074e-15,0.031324066069498654,0.6046666666666667,1.0,1.0,-0.0,correction_completion,PT_hold,1,200,96,2946045159,raw_structured,,,,
PRE_SUBC,X1_k=-2,,,-2.0,pretrend,-0.001540624028549016,0.0,0.03412048908176089,-0.005862297209378116,-7.08461067588928e-16,6.938893903907228e-16,0.002020186064535251,0.714,1.0,1.0,-0.0,correction_completion,PT_hold,1,200,96,2946045159,raw_structured,,,,
PRE_SUBC,X1_slope,,,,pretrend,0.0011637628470602486,0.0,0.017941408218194333,-0.013630448785142852,-0.0007016421858599511,0.0024867700291192553,0.03094585442057976,0.5353333333333333,1.0,1.0,0.0,correction_completion,PT_hold,1,200,96,2946045159,raw_structured,,,,
PRE_SUBC,X2_k=-4,,,-4.0,pretrend,-0.009107777102361297,0.0,0.05775806086673062,-0.18721804132742476,-0.02753597446790659,8.881784197001252e-16,0.016472198957532644,0.55,1.0,1.0,-0.0,correction_completion,PT_hold,1,200,96,2946045159,raw_structured,,,,
PRE_SUBC,X2_k=-3,,,-3.0,pretrend,-0.009042320710469776,0.0,0.05639737374897808,-0.16551878130853223,-0.018345405968296348,5.273559366969494e-16,1.0838552277903015e-15,0.6213333333333333,1.0,1.0,-0.0,correction_completion,PT_hold,1,200,96,2946045159,raw_structured,,,,
PRE_SUBC,X2_k=-2,,,-2.0,pretrend,-0.007411206987006035,0.0,0.051477630998249896,-0.07782170514197563,-1.0047518372857664e-15,4.1668057892962875e-16,6.595418655663802e-16,0.718,1.0,1.0,-0.0,correction_completion,PT_hold,1,200,96,2946045159,raw_structured,,,,
PRE_SUBC,X2_slope,,,,pretrend,0.003772798551073534,0.0,0.023658219500949818,-0.005180688572456253,-2.741854362601056e-16,0.010318027970263214,0.06799763034904542,0.5413333333333333,1.0,1.0,0.0,correction_completion,PT_hold,1,200,96,2946045159,raw_structured,,,,
PRE,k=-4,,,-4.0,reference_fold_pretrend,0.02755822285305602,0.025581706973420194,0.1702865474307294,-0.29930756218197596,-0.24771406996645556,0.31285371194443107,0.3715134819954046,0.446,0.892,0.892,-0.0,correction_completion,PT_hold,1,200,96,2946045159,reference_fold_convolution_rf,,,,
PRE,k=-3,,,-3.0,reference_fold_pretrend,-0.051305470914537105,-0.04392530460905639,0.15236214547548724,-0.37435995190221283,-0.31208008087530376,0.18691129954683447,0.23331300515671188,0.3913333333333333,0.7826666666666666,0.7826666666666666,-0.0,correction_completion,PT_hold,1,200,96,2946045159,reference_fold_convolution_rf,,,,
PRE,k=-2,,,-2.0,reference_fold_pretrend,-0.07481980045034577,-0.05468190817507449,0.13464601105469068,-0.3531530753332845,-0.3121320898129113,0.12889157690307002,0.17046411159075286,0.37866666666666665,0.7573333333333333,0.7573333333333333,-0.0,correction_completion,PT_hold,1,200,96,2946045159,reference_fold_convolution_rf,,,,
PRE,slope,,,,reference_fold_pretrend,0.006768290980017994,0.004246566612062554,0.060770277937494205,-0.10663428742933327,-0.08940386459834922,0.10897870900157117,0.13075279284808322,0.472,0.944,0.944,0.0,correction_completion,PT_hold,1,200,96,2946045159,reference_fold_convolution_rf,,,,
PRE_SUB,X1=0_k=-4,,,-4.0,reference_fold_pretrend,0.02932386116111031,0.026296548835446066,0.1700128552140406,-0.2980069337255261,-0.24886743366961472,0.3116248338170602,0.37052779167993766,0.432,0.864,0.864,-0.0,correction_completion,PT_hold,1,200,96,2946045159,reference_fold_convolution_rf,,,,
PRE_SUB,X1=0_k=-3,,,-3.0,reference_fold_pretrend,-0.049330645024587984,-0.04295405834595155,0.15267804967496307,-0.3745872043486991,-0.3094552392243187,0.1979019074130159,0.23377461606483302,0.402,0.804,0.804,-0.0,correction_completion,PT_hold,1,200,96,2946045159,reference_fold_convolution_rf,,,,
PRE_SUB,X1=0_k=-2,,,-2.0,reference_fold_pretrend,-0.06788404241173425,-0.051283360922777486,0.13273034482223342,-0.33884040889708017,-0.30001736993802597,0.13863875843366139,0.17917873919059982,0.39266666666666666,0.7853333333333333,0.7853333333333333,-0.0,correction_completion,PT_hold,1,200,96,2946045159,reference_fold_convolution_rf,,,,
PRE_SUB,X1=1_k=-4,,,-4.0,reference_fold_pretrend,0.025864651414718224,0.022746011647676076,0.17512731993806718,-0.3065750034456061,-0.25903498420320525,0.3170723613377177,0.3648129252110708,0.44333333333333336,0.8866666666666667,0.8866666666666667,-0.0,correction_completion,PT_hold,1,200,96,2946045159,reference_fold_convolution_rf,,,,
PRE_SUB,X1=1_k=-3,,,-3.0,reference_fold_pretrend,-0.05319969166612096,-0.046497886847667036,0.15625423820068401,-0.38309049341849094,-0.3217125672182997,0.18320745294460214,0.23111953673198857,0.388,0.776,0.776,-0.0,correction_completion,PT_hold,1,200,96,2946045159,reference_fold_convolution_rf,,,,
PRE_SUB,X1=1_k=-2,,,-2.0,reference_fold_pretrend,-0.08147246632411598,-0.0587299043604919,0.13920347725797766,-0.37847278252552896,-0.3243950113833856,0.12065763187843119,0.16967653781334274,0.37533333333333335,0.7506666666666667,0.7506666666666667,-0.0,correction_completion,PT_hold,1,200,96,2946045159,reference_fold_convolution_rf,,,,
PRE_SUB,X2=low_k=-4,,,-4.0,reference_fold_pretrend,0.03838149113656853,0.03253741557810694,0.17667523150817563,-0.2994296519018054,-0.2507913924546466,0.3267589983326272,0.39811420324663405,0.42,0.84,0.84,-0.0,correction_completion,PT_hold,1,200,96,2946045159,reference_fold_convolution_rf,,,,
PRE_SUB,X2=low_k=-3,,,-3.0,reference_fold_pretrend,-0.04177804384388283,-0.03821652919544397,0.158907525657039,-0.36312426919079266,-0.30418805404906984,0.20374823866647188,0.24752912206636682,0.4093333333333333,0.8186666666666667,0.8186666666666667,-0.0,correction_completion,PT_hold,1,200,96,2946045159,reference_fold_convolution_rf,,,,
PRE_SUB,X2=low_k=-2,,,-2.0,reference_fold_pretrend,-0.07503310897751617,-0.05421329536169773,0.1422002587886887,-0.36964708994056095,-0.3165731014166311,0.13334332862963053,0.193552392328457,0.3893333333333333,0.7786666666666666,0.7786666666666666,-0.0,correction_completion,PT_hold,1,200,96,2946045159,reference_fold_convolution_rf,,,,
PRE_SUB,X2=high_k=-4,,,-4.0,reference_fold_pretrend,0.01998554577182383,0.019823514250163644,0.1743767109773399,-0.3224721715232861,-0.2636450467897671,0.30315769916125007,0.3608144342873504,0.456,0.912,0.912,-0.0,correction_completion,PT_hold,1,200,96,2946045159,reference_fold_convolution_rf,,,,
PRE_SUB,X2=high_k=-3,,,-3.0,reference_fold_pretrend,-0.05903996707602305,-0.05118599708274195,0.15584002552294537,-0.39885641365204333,-0.32776788255515255,0.18368124069981173,0.22500912260719572,0.378,0.756,0.756,-0.0,correction_completion,PT_hold,1,200,96,2946045159,reference_fold_convolution_rf,,,,
PRE_SUB,X2=high_k=-2,,,-2.0,reference_fold_pretrend,-0.08413222093252049,-0.06284108591108391,0.13909544555624379,-0.3820787538978908,-0.332173503045688,0.11764574750904282,0.1564469665867416,0.36733333333333335,0.7346666666666667,0.7346666666666667,-0.0,correction_completion,PT_hold,1,200,96,2946045159,reference_fold_convolution_rf,,,,
PRE_SUBC,X1_k=-4,,,-4.0,reference_fold_pretrend,-0.0034592097463920844,0.002060069225786002,0.05685788199691856,-0.1684327268444387,-0.11331791819401074,0.06219723885090603,0.08239627845913315,0.474,0.948,0.948,-0.0,correction_completion,PT_hold,1,200,96,2946045159,reference_fold_convolution_rf,,,,
PRE_SUBC,X1_k=-3,,,-3.0,reference_fold_pretrend,-0.00386904664153298,0.0,0.05140266784491037,-0.15751918602260465,-0.07605057512341304,0.053142275825579385,0.070403766725722,0.5073333333333333,1.0,1.0,-0.0,correction_completion,PT_hold,1,200,96,2946045159,reference_fold_convolution_rf,,,,
PRE_SUBC,X1_k=-2,,,-2.0,reference_fold_pretrend,-0.013588423912381728,-0.0087473631194234,0.03931573565268369,-0.0974060160240781,-0.057839303487321594,0.029915956301200648,0.047074379447515725,0.382,0.764,0.764,-0.0,correction_completion,PT_hold,1,200,96,2946045159,reference_fold_convolution_rf,,,,
PRE_SUBC,X1_slope,,,,reference_fold_pretrend,0.0022645818881874245,0.0001983900514776834,0.02077655272700611,-0.02914193952366277,-0.02111721906042259,0.03416636293319613,0.06246880072469856,0.492,0.984,0.984,0.0,correction_completion,PT_hold,1,200,96,2946045159,reference_fold_convolution_rf,,,,
PRE_SUBC,X2_k=-4,,,-4.0,reference_fold_pretrend,-0.018395945364744704,-0.0021925122689799613,0.06084021453553843,-0.21044096556462016,-0.14822369176351138,0.02192826049158892,0.03413804120994492,0.4246666666666667,0.8493333333333334,0.8493333333333334,-0.0,correction_completion,PT_hold,1,200,96,2946045159,reference_fold_convolution_rf,,,,
PRE_SUBC,X2_k=-3,,,-3.0,reference_fold_pretrend,-0.017261923232140215,-0.0010228532411663133,0.05839793994141308,-0.198419715887829,-0.1461880437401717,0.0179370799168936,0.027043662725667852,0.46266666666666667,0.9253333333333333,0.9253333333333333,-0.0,correction_completion,PT_hold,1,200,96,2946045159,reference_fold_convolution_rf,,,,
PRE_SUBC,X2_k=-2,,,-2.0,reference_fold_pretrend,-0.009099111955004319,0.002620303664768099,0.052715050698883804,-0.19064064200383093,-0.12303940132715341,0.02032551229673018,0.024906940408795375,0.41533333333333333,0.8306666666666667,0.8306666666666667,-0.0,correction_completion,PT_hold,1,200,96,2946045159,reference_fold_convolution_rf,,,,
PRE_SUBC,X2_slope,,,,reference_fold_pretrend,0.007057913893822776,0.00045481651019256975,0.02451325514123603,-0.011715657996271913,-0.00822696148364929,0.059930790950360004,0.08476651974793041,0.45866666666666667,0.9173333333333333,0.9173333333333333,0.0,correction_completion,PT_hold,1,200,96,2946045159,reference_fold_convolution_rf,,,,
PRE,k=-4,,,-4.0,pretrend,-0.6522279307651206,-0.6503674482389817,0.19802622348434673,-1.0509855981582523,-0.9945136945693667,-0.33702214935515007,-0.2831998520101951,0.0,0.0,0.0,-0.7308681732981901,correction_completion,PT_violation_a20,1,200,80,2959044549,raw_structured,,,,
PRE,k=-3,,,-3.0,pretrend,-0.5430257697296406,-0.5432911961095019,0.19575807661410438,-0.9302330406161744,-0.8618337059659352,-0.22633601193416286,-0.16953979684423198,0.004666666666666667,0.009333333333333334,0.009333333333333334,-0.48724544886546006,correction_completion,PT_violation_a20,1,200,80,2959044549,raw_structured,,,,
PRE,k=-2,,,-2.0,pretrend,-0.14238631584240194,-0.09606978517792422,0.18108896822529794,-0.5335900002495455,-0.4752968274526419,0.06671388819287005,0.13676946390409153,0.41,0.82,0.82,-0.24362272443273003,correction_completion,PT_violation_a20,1,200,80,2959044549,raw_structured,,,,
PRE,slope,,,,pretrend,0.22750868911407462,0.22461349980940876,0.0712558481825127,0.09497788727340035,0.11871186568022368,0.34712655634285966,0.3678630876071726,0.0,0.0,0.0,0.24362272443273003,correction_completion,PT_violation_a20,1,200,80,2959044549,raw_structured,,,,
PRE_SUB,X1=0_k=-4,,,-4.0,pretrend,-0.5732251076523139,-0.5736711866537816,0.24062203878268595,-1.0302622686217382,-0.9626582417633858,-0.16770750452933456,-0.08807190408667646,0.009333333333333334,0.018666666666666668,0.018666666666666668,-0.7557090836325286,correction_completion,PT_violation_a20,1,200,80,2959044549,raw_structured,,,,
PRE_SUB,X1=0_k=-3,,,-3.0,pretrend,-0.46481424305634605,-0.47370150825652835,0.23241217782667795,-0.894851018681469,-0.8264944009835928,-0.06977128975331016,0.0,0.03,0.06,0.06,-0.5038060557550191,correction_completion,PT_violation_a20,1,200,80,2959044549,raw_structured,,,,
PRE_SUB,X1=0_k=-2,,,-2.0,pretrend,-0.13293307041676503,-0.07430515470120436,0.1826802490220289,-0.5301214469165723,-0.472299356229745,0.09380209909515655,0.15502040486763927,0.43333333333333335,0.8666666666666667,0.8666666666666667,-0.25190302787750957,correction_completion,PT_violation_a20,1,200,80,2959044549,raw_structured,,,,
PRE_SUB,X1=1_k=-4,,,-4.0,pretrend,-0.7422911491137202,-0.7288657838938009,0.2412506264232398,-1.2313143395525314,-1.1385723643637984,-0.3660133902984672,-0.31266351349852844,0.0,0.0,0.0,-0.7424125327196271,correction_completion,PT_violation_a20,1,200,80,2959044549,raw_structured,,,,
PRE_SUB,X1=1_k=-3,,,-3.0,pretrend,-0.6321869101371965,-0.6188236874018028,0.24545258771026607,-1.1347765388814515,-1.0626864043764126,-0.2512571967542318,-0.1840514318090241,0.004,0.008,0.008,-0.4949416884797514,correction_completion,PT_violation_a20,1,200,80,2959044549,raw_structured,,,,
PRE_SUB,X1=1_k=-2,,,-2.0,pretrend,-0.153163015627628,-0.1103373551637569,0.19218496946271274,-0.5758907199260882,-0.5061512882613196,0.06639307197269431,0.13553063987728775,0.408,0.816,0.816,-0.2474708442398757,correction_completion,PT_violation_a20,1,200,80,2959044549,raw_structured,,,,
PRE_SUB,X2=low_k=-4,,,-4.0,pretrend,-0.6605661979584588,-0.6575424027152754,0.2053068581379462,-1.0816407724480617,-1.0041654506566042,-0.33139657005841344,-0.2814261214647199,0.0006666666666666666,0.0013333333333333333,0.0013333333333333333,-0.839192627676054,correction_completion,PT_violation_a20,1,200,80,2959044549,raw_structured,,,,
PRE_SUB,X2=low_k=-3,,,-3.0,pretrend,-0.549808120072863,-0.5479770362217312,0.20115967115413344,-0.9469169733882926,-0.8743301722433323,-0.2232462403176614,-0.16197454784749096,0.004666666666666667,0.009333333333333334,0.009333333333333334,-0.559461751784036,correction_completion,PT_violation_a20,1,200,80,2959044549,raw_structured,,,,
PRE_SUB,X2=low_k=-2,,,-2.0,pretrend,-0.13929386609976402,-0.09037429930607413,0.18314964189577637,-0.5335900002495455,-0.4752968274526426,0.08006651851874784,0.14745307816546263,0.41933333333333334,0.8386666666666667,0.8386666666666667,-0.279730875892018,correction_completion,PT_violation_a20,1,200,80,2959044549,raw_structured,,,,
PRE_SUB,X2=high_k=-4,,,-4.0,pretrend,-0.6536519947803822,-0.6451493760858015,0.20813142441617605,-1.0883980289249708,-1.0036441221813843,-0.33094723274484555,-0.2747066234289352,0.0,0.0,0.0,-0.5251825669903332,correction_completion,PT_violation_a20,1,200,80,2959044549,raw_structured,,,,
PRE_SUB,X2=high_k=-3,,,-3.0,pretrend,-0.5495056098695545,-0.5450355999822455,0.2052396514622543,-0.9634571758825182,-0.8909361385541076,-0.22633601193416253,-0.16435940121245715,0.004666666666666667,0.009333333333333334,0.009333333333333334,-0.3501217113268888,correction_completion,PT_violation_a20,1,200,80,2959044549,raw_structured,,,,
PRE_SUB,X2=high_k=-2,,,-2.0,pretrend,-0.14970725681950386,-0.10081176580922444,0.19177937317167335,-0.5775547693145188,-0.49855330474354076,0.06346251980577078,0.1339362317402239,0.4106666666666667,0.8213333333333334,0.8213333333333334,-0.1750608556634444,correction_completion,PT_violation_a20,1,200,80,2959044549,raw_structured,,,,
PRE_SUBC,X1_k=-4,,,-4.0,pretrend,-0.16906604146140636,-4.440892098500626e-16,0.2750057551397039,-0.8225501727468265,-0.7210749500836905,0.002671845887686497,0.022318744783055556,0.36666666666666664,0.7333333333333333,0.7333333333333333,0.013296550912901606,correction_completion,PT_violation_a20,1,200,80,2959044549,raw_structured,,,,
PRE_SUBC,X1_k=-3,,,-3.0,pretrend,-0.16737266708085047,-3.3306690738754696e-16,0.27339429375985796,-0.8197810913507889,-0.7209308558115608,1.9456658506555843e-15,0.01289645752787316,0.37,0.74,0.74,0.008864367275267737,correction_completion,PT_violation_a20,1,200,80,2959044549,raw_structured,,,,
PRE_SUBC,X1_k=-2,,,-2.0,pretrend,-0.020229945210862972,0.0,0.09494106769616946,-0.4077070464327599,-0.1309176062542316,1.0560996521746789e-15,0.005727814267852161,0.6433333333333333,1.0,1.0,0.004432183637633869,correction_completion,PT_violation_a20,1,200,80,2959044549,raw_structured,,,,
PRE_SUBC,X1_slope,,,,pretrend,0.06158381455405593,1.6455091257837142e-16,0.09962170820096775,-0.008027331727206743,-0.0006405313887503148,0.26097531405866536,0.2956804937531181,0.3506666666666667,0.7013333333333334,0.7013333333333334,-0.004432183637633869,correction_completion,PT_violation_a20,1,200,80,2959044549,raw_structured,,,,
PRE_SUBC,X2_k=-4,,,-4.0,pretrend,0.006914203178076588,2.220446049250313e-16,0.12101098325109903,-0.284990379550224,-0.10071002955965727,0.09519981054537736,0.1907968154903414,0.4246666666666667,0.8493333333333334,0.8493333333333334,0.3140100606857208,correction_completion,PT_violation_a20,1,200,80,2959044549,raw_structured,,,,
PRE_SUBC,X2_k=-3,,,-3.0,pretrend,0.00030251020330840047,2.220446049250313e-16,0.10200729456511025,-0.2518706572859994,-0.05343917733840872,0.08011943889818797,0.09232602462900456,0.41733333333333333,0.8346666666666667,0.8346666666666667,0.20934004045714721,correction_completion,PT_violation_a20,1,200,80,2959044549,raw_structured,,,,
PRE_SUBC,X2_k=-2,,,-2.0,pretrend,-0.01041339071973988,0.0,0.08831931453349318,-0.13789299667090177,-9.450773497121644e-16,0.016528611626004237,0.04562298783810965,0.6513333333333333,1.0,1.0,0.10467002022857361,correction_completion,PT_violation_a20,1,200,80,2959044549,raw_structured,,,,
PRE_SUBC,X2_slope,,,,pretrend,-0.0007810170872219059,-1.0110959688550533e-16,0.044191245025194545,-0.048547830952534655,-0.033528575783356954,0.02992717496121672,0.10498486657918572,0.398,0.796,0.796,-0.10467002022857361,correction_completion,PT_violation_a20,1,200,80,2959044549,raw_structured,,,,
PRE,k=-4,,,-4.0,reference_fold_pretrend,-0.6278522657578632,-0.6213712491797649,0.19674726506633455,-1.0190408210035782,-0.9654638857321105,-0.3167160062258194,-0.2526287847290956,0.0,0.0,0.0,-0.7308681732981901,correction_completion,PT_violation_a20,1,200,80,2959044549,reference_fold_convolution_rf,,,,
PRE,k=-3,,,-3.0,reference_fold_pretrend,-0.5111993707553207,-0.5116135398437561,0.18885367283903348,-0.8781211214117112,-0.8221521607208148,-0.20259108455997468,-0.1556085751186593,0.0033333333333333335,0.006666666666666667,0.006666666666666667,-0.48724544886546006,correction_completion,PT_violation_a20,1,200,80,2959044549,reference_fold_convolution_rf,,,,
PRE,k=-2,,,-2.0,reference_fold_pretrend,-0.24410038316497726,-0.23937739513502143,0.1780376959943836,-0.6191849580858058,-0.5531059798557746,0.015516913215274115,0.07652127672989423,0.104,0.208,0.208,-0.24362272443273003,correction_completion,PT_violation_a20,1,200,80,2959044549,reference_fold_convolution_rf,,,,
PRE,slope,,,,reference_fold_pretrend,0.22500399442494348,0.22340302241908247,0.07247303574331969,0.08799865192590381,0.10863857483976429,0.345203651431771,0.369178243053532,0.0,0.0,0.0,0.24362272443273003,correction_completion,PT_violation_a20,1,200,80,2959044549,reference_fold_convolution_rf,,,,
PRE_SUB,X1=0_k=-4,,,-4.0,reference_fold_pretrend,-0.5997353092749141,-0.5933989557785423,0.20376942167706585,-1.0032146819505818,-0.9443548216746571,-0.27383333145723676,-0.20462644004546196,0.0013333333333333333,0.0026666666666666666,0.0026666666666666666,-0.7557090836325286,correction_completion,PT_violation_a20,1,200,80,2959044549,reference_fold_convolution_rf,,,,
PRE_SUB,X1=0_k=-3,,,-3.0,reference_fold_pretrend,-0.4722902750676357,-0.47770150611760054,0.19425017551373744,-0.8390722240943128,-0.7855603754519362,-0.1584322630955914,-0.10848271514170289,0.007333333333333333,0.014666666666666666,0.014666666666666666,-0.5038060557550191,correction_completion,PT_violation_a20,1,200,80,2959044549,reference_fold_convolution_rf,,,,
PRE_SUB,X1=0_k=-2,,,-2.0,reference_fold_pretrend,-0.21406900184450448,-0.21184472942432986,0.1749083793885514,-0.5840339585106074,-0.5091513109109826,0.05488030373971281,0.09893391481355604,0.14066666666666666,0.2813333333333333,0.2813333333333333,-0.25190302787750957,correction_completion,PT_violation_a20,1,200,80,2959044549,reference_fold_convolution_rf,,,,
PRE_SUB,X1=1_k=-4,,,-4.0,reference_fold_pretrend,-0.6599055961484251,-0.6504196449629589,0.21399698832148603,-1.0850460381687554,-1.0245280543686985,-0.32331561268938075,-0.2606868532615124,0.0,0.0,0.0,-0.7424125327196271,correction_completion,PT_violation_a20,1,200,80,2959044549,reference_fold_convolution_rf,,,,
PRE_SUB,X1=1_k=-3,,,-3.0,reference_fold_pretrend,-0.5555557398392816,-0.5555271751494426,0.20800492775780507,-0.9691868679865073,-0.8989928678149577,-0.2217132113704134,-0.17034523011641228,0.004666666666666667,0.009333333333333334,0.009333333333333334,-0.4949416884797514,correction_completion,PT_violation_a20,1,200,80,2959044549,reference_fold_convolution_rf,,,,
PRE_SUB,X1=1_k=-2,,,-2.0,reference_fold_pretrend,-0.2783361578703162,-0.2728740969692154,0.1992125369884795,-0.7003546623225998,-0.6332641782020035,1.1709467844101881e-05,0.06370951022193427,0.098,0.196,0.196,-0.2474708442398757,correction_completion,PT_violation_a20,1,200,80,2959044549,reference_fold_convolution_rf,,,,
PRE_SUB,X2=low_k=-4,,,-4.0,reference_fold_pretrend,-0.6256085454090512,-0.6237966130811969,0.1992771884755208,-1.0176676948098025,-0.9547188155258999,-0.30190019401490426,-0.2354657835870167,0.0,0.0,0.0,-0.839192627676054,correction_completion,PT_violation_a20,1,200,80,2959044549,reference_fold_convolution_rf,,,,
PRE_SUB,X2=low_k=-3,,,-3.0,reference_fold_pretrend,-0.4961299968933913,-0.49701004877491495,0.18994591882062742,-0.8643639811441072,-0.8056841718384575,-0.19076262823889345,-0.1345435501454374,0.004,0.008,0.008,-0.559461751784036,correction_completion,PT_violation_a20,1,200,80,2959044549,reference_fold_convolution_rf,,,,
PRE_SUB,X2=low_k=-2,,,-2.0,reference_fold_pretrend,-0.2251815626731183,-0.22092664139124352,0.17528769072708222,-0.6018952998761429,-0.5289900826645433,0.03325180818863545,0.09296923419931664,0.11933333333333333,0.23866666666666667,0.23866666666666667,-0.279730875892018,correction_completion,PT_violation_a20,1,200,80,2959044549,reference_fold_convolution_rf,,,,
PRE_SUB,X2=high_k=-4,,,-4.0,reference_fold_pretrend,-0.631643563981441,-0.6280223063103036,0.2009135003837218,-1.0272193401201566,-0.9791205566729385,-0.3189547304373189,-0.24639508716469716,0.0,0.0,0.0,-0.5251825669903332,correction_completion,PT_violation_a20,1,200,80,2959044549,reference_fold_convolution_rf,,,,
PRE_SUB,X2=high_k=-3,,,-3.0,reference_fold_pretrend,-0.5189841944317503,-0.5211431992635771,0.19356969717721398,-0.8953302124850573,-0.8373356065814815,-0.20651207260411794,-0.15593216268194862,0.004,0.008,0.008,-0.3501217113268888,correction_completion,PT_violation_a20,1,200,80,2959044549,reference_fold_convolution_rf,,,,
PRE_SUB,X2=high_k=-2,,,-2.0,reference_fold_pretrend,-0.25265653931941046,-0.24894389199241634,0.18360280644198648,-0.6469727585745683,-0.5789530513916324,0.011051321888624918,0.07485297636305088,0.10333333333333333,0.20666666666666667,0.20666666666666667,-0.1750608556634444,correction_completion,PT_violation_a20,1,200,80,2959044549,reference_fold_convolution_rf,,,,
PRE_SUBC,X1_k=-4,,,-4.0,reference_fold_pretrend,-0.060170286873510996,-0.023737274701658373,0.13899303799170476,-0.42752000406190327,-0.3586614248223028,0.09656839103586831,0.12088586509173671,0.384,0.768,0.768,0.013296550912901606,correction_completion,PT_violation_a20,1,200,80,2959044549,reference_fold_convolution_rf,,,,
PRE_SUBC,X1_k=-3,,,-3.0,reference_fold_pretrend,-0.08326546477164601,-0.04681074995922571,0.13671717578448414,-0.45612508206974056,-0.36736383493681907,0.07376446246575574,0.0886527365047023,0.2673333333333333,0.5346666666666666,0.5346666666666666,0.008864367275267737,correction_completion,PT_violation_a20,1,200,80,2959044549,reference_fold_convolution_rf,,,,
PRE_SUBC,X1_k=-2,,,-2.0,reference_fold_pretrend,-0.06426715602581166,-0.042521196542714676,0.1123914207830017,-0.3860729079743453,-0.31045217820753906,0.06883230689376887,0.08628950830828187,0.29933333333333334,0.5986666666666667,0.5986666666666667,0.004432183637633869,correction_completion,PT_violation_a20,1,200,80,2959044549,reference_fold_convolution_rf,,,,
PRE_SUBC,X1_slope,,,,reference_fold_pretrend,0.0293792104421169,0.013661776502300133,0.05442898535069868,-0.03913386812229255,-0.030028080226905042,0.1440020652486639,0.17607918797198682,0.30866666666666664,0.6173333333333333,0.6173333333333333,-0.004432183637633869,correction_completion,PT_violation_a20,1,200,80,2959044549,reference_fold_convolution_rf,,,,
PRE_SUBC,X2_k=-4,,,-4.0,reference_fold_pretrend,-0.0060350185723896735,0.002907939977651375,0.07915820057994322,-0.2257817931020933,-0.16195260787025795,0.09843035648908997,0.12417659957260813,0.47733333333333333,0.9546666666666667,0.9546666666666667,0.3140100606857208,correction_completion,PT_violation_a20,1,200,80,2959044549,reference_fold_convolution_rf,,,,
PRE_SUBC,X2_k=-3,,,-3.0,reference_fold_pretrend,-0.022854197538358895,-0.014397825977616657,0.07635599472494303,-0.23885251006500172,-0.1761637370530245,0.07384032433329035,0.09110323824580703,0.38133333333333336,0.7626666666666667,0.7626666666666667,0.20934004045714721,correction_completion,PT_violation_a20,1,200,80,2959044549,reference_fold_convolution_rf,,,,
PRE_SUBC,X2_k=-2,,,-2.0,reference_fold_pretrend,-0.027474976646292126,-0.019674830712549468,0.07054665139408704,-0.23814369087977305,-0.14704493326481696,0.06142627044237379,0.0776623633193571,0.3586666666666667,0.7173333333333334,0.7173333333333334,0.10467002022857361,correction_completion,PT_violation_a20,1,200,80,2959044549,reference_fold_convolution_rf,,,,
PRE_SUBC,X2_slope,,,,reference_fold_pretrend,0.006520601960012781,0.0025748137501005624,0.031171111648429957,-0.042669365501838336,-0.03465711138175995,0.06643637266515222,0.09730793998788026,0.43866666666666665,0.8773333333333333,0.8773333333333333,-0.10467002022857361,correction_completion,PT_violation_a20,1,200,80,2959044549,reference_fold_convolution_rf,,,,
PRE,k=-4,,,-4.0,pretrend,-0.15420631977107022,-0.1513713708835951,0.1719319274544142,-0.5093543235795013,-0.4579401844620706,0.10617025499623543,0.13990304574600157,0.24666666666666667,0.49333333333333335,0.49333333333333335,-0.14999999999999997,correction_completion,PT_violation_g05,1,200,64,3810653071,raw_structured,,,,
PRE,k=-3,,,-3.0,pretrend,-0.09146816787790318,-0.05659306266919589,0.14958420928673832,-0.4150008026773617,-0.36237581368102406,0.11471965839740521,0.164174062071682,0.4046666666666667,0.8093333333333333,0.8093333333333333,-0.09999999999999998,correction_completion,PT_violation_g05,1,200,64,3810653071,raw_structured,,,,
PRE,k=-2,,,-2.0,pretrend,-0.02848698754339227,0.0,0.12586312825730095,-0.3407402138591544,-0.2750399944883315,0.16871304328523357,0.22096725675153336,0.6686666666666666,1.0,1.0,-0.04999999999999999,correction_completion,PT_violation_g05,1,200,64,3810653071,raw_structured,,,,
PRE,slope,,,,pretrend,0.04814587732945781,0.0443446431063478,0.058828573607515054,-0.05917093086869171,-0.03966332582522731,0.149262194265433,0.17240233621518766,0.25533333333333336,0.5106666666666667,0.5106666666666667,0.04999999999999999,correction_completion,PT_violation_g05,1,200,64,3810653071,raw_structured,,,,
PRE_SUB,X1=0_k=-4,,,-4.0,pretrend,-0.1450319278564214,-0.14312519446272445,0.1745153106681169,-0.49861281541455066,-0.44241437461024175,0.11090968190810119,0.17033057714178132,0.264,0.528,0.528,-0.15,correction_completion,PT_violation_g05,1,200,64,3810653071,raw_structured,,,,
PRE_SUB,X1=0_k=-3,,,-3.0,pretrend,-0.08489280097001636,-0.04840348978098763,0.14964945011859204,-0.40466455570609916,-0.35227651383866093,0.12977864906898032,0.17969877405070153,0.4166666666666667,0.8333333333333334,0.8333333333333334,-0.09999999999999999,correction_completion,PT_violation_g05,1,200,64,3810653071,raw_structured,,,,
PRE_SUB,X1=0_k=-2,,,-2.0,pretrend,-0.02749280436370815,0.0,0.12677799469955375,-0.34074021385915443,-0.2743611444935096,0.1696568146875391,0.22372973127473986,0.67,1.0,1.0,-0.049999999999999996,correction_completion,PT_violation_g05,1,200,64,3810653071,raw_structured,,,,
PRE_SUB,X1=1_k=-4,,,-4.0,pretrend,-0.16372050397885413,-0.1552151214141137,0.1820320541093858,-0.5645795433884151,-0.47986367891246223,0.09866764672875453,0.13523366809703333,0.24133333333333334,0.4826666666666667,0.4826666666666667,-0.14999999999999994,correction_completion,PT_violation_g05,1,200,64,3810653071,raw_structured,,,,
PRE_SUB,X1=1_k=-3,,,-3.0,pretrend,-0.09828706689348952,-0.05971102558356293,0.16071260542591223,-0.4678044686350614,-0.3831841647972486,0.11442635283648955,0.16417406207168198,0.40066666666666667,0.8013333333333333,0.8013333333333333,-0.09999999999999996,correction_completion,PT_violation_g05,1,200,64,3810653071,raw_structured,,,,
PRE_SUB,X1=1_k=-2,,,-2.0,pretrend,-0.029517992322323938,0.0,0.12882579230514346,-0.3480182356068888,-0.27747582373887103,0.16965681468753932,0.22601169386623593,0.666,1.0,1.0,-0.04999999999999998,correction_completion,PT_violation_g05,1,200,64,3810653071,raw_structured,,,,
PRE_SUB,X2=low_k=-4,,,-4.0,pretrend,-0.14092444361732348,-0.13781118187816777,0.18230157783495754,-0.5108179734209076,-0.45690810106061525,0.1278572140550014,0.205085898329417,0.2753333333333333,0.5506666666666666,0.5506666666666666,-0.15000000000000002,correction_completion,PT_violation_g05,1,200,64,3810653071,raw_structured,,,,
PRE_SUB,X2=low_k=-3,,,-3.0,pretrend,-0.07770533047764695,-0.03739026403597889,0.16116259525112203,-0.41746867637457113,-0.3623758136810248,0.16242758778925467,0.21993651358359684,0.43466666666666665,0.8693333333333333,0.8693333333333333,-0.10000000000000002,correction_completion,PT_violation_g05,1,200,64,3810653071,raw_structured,,,,
PRE_SUB,X2=low_k=-2,,,-2.0,pretrend,-0.02004468875286713,0.0,0.13403373865646864,-0.3359071309816534,-0.27248596146826604,0.18635094559471913,0.2618582274404355,0.684,1.0,1.0,-0.05000000000000001,correction_completion,PT_violation_g05,1,200,64,3810653071,raw_structured,,,,
PRE_SUB,X2=high_k=-4,,,-4.0,pretrend,-0.16521064180097836,-0.15937295558579842,0.17810877907514164,-0.5397778814937673,-0.474362645851989,0.09833096454606033,0.1387793279402303,0.23666666666666666,0.47333333333333333,0.47333333333333333,-0.15000000000000002,correction_completion,PT_violation_g05,1,200,64,3810653071,raw_structured,,,,
PRE_SUB,X2=high_k=-3,,,-3.0,pretrend,-0.10221932926074487,-0.0655801148352631,0.15646202939497716,-0.4336444289087088,-0.3823573176903216,0.10955535512037527,0.15024365049721206,0.392,0.784,0.784,-0.10000000000000002,correction_completion,PT_violation_g05,1,200,64,3810653071,raw_structured,,,,
PRE_SUB,X2=high_k=-2,,,-2.0,pretrend,-0.03374251350202056,0.0,0.12973113983844756,-0.36478549950426686,-0.2878291740185401,0.16087571294314004,0.21703280351395893,0.6613333333333333,1.0,1.0,-0.05000000000000001,correction_completion,PT_violation_g05,1,200,64,3810653071,raw_structured,,,,
PRE_SUBC,X1_k=-4,,,-4.0,pretrend,-0.018688576122432736,0.0,0.09405126768255113,-0.3580447304773947,-0.20864851460980863,0.029352087860611043,0.05527846466843438,0.5626666666666666,1.0,1.0,4.163336342344337e-17,correction_completion,PT_violation_g05,1,200,64,3810653071,raw_structured,,,,
PRE_SUBC,X1_k=-3,,,-3.0,pretrend,-0.01339426592347317,0.0,0.08259935890789458,-0.2905102091339059,-0.1162908026465191,0.028639386474064745,0.05333574164078003,0.6086666666666667,1.0,1.0,2.7755575615628914e-17,correction_completion,PT_violation_g05,1,200,64,3810653071,raw_structured,,,,
PRE_SUBC,X1_k=-2,,,-2.0,pretrend,-0.00202518795861579,0.0,0.044192682369051405,-1.4790252356178256e-15,-5.689893001203927e-16,8.909539772616856e-16,0.04118685043876502,0.7286666666666667,1.0,1.0,1.3877787807814457e-17,correction_completion,PT_violation_g05,1,200,64,3810653071,raw_structured,,,,
PRE_SUBC,X1_slope,,,,pretrend,0.006062817726632881,0.0,0.032592374018381005,-0.020694754358260188,-0.010261424643594214,0.06958269168332454,0.1208366745742374,0.5513333333333333,1.0,1.0,-1.3877787807814457e-17,correction_completion,PT_violation_g05,1,200,64,3810653071,raw_structured,,,,
PRE_SUBC,X2_k=-4,,,-4.0,pretrend,-0.024286198183654895,0.0,0.10376879154674591,-0.4243660261458068,-0.22293868127568092,0.021070983524075174,0.03806432527149567,0.5413333333333333,1.0,1.0,-0.0,correction_completion,PT_violation_g05,1,200,64,3810653071,raw_structured,,,,
PRE_SUBC,X2_k=-3,,,-3.0,pretrend,-0.02451399878309792,0.0,0.10315508955881622,-0.4243660261458068,-0.21902388914111243,0.0032225797052342453,0.030102752769685534,0.5853333333333334,1.0,1.0,-0.0,correction_completion,PT_violation_g05,1,200,64,3810653071,raw_structured,,,,
PRE_SUBC,X2_k=-2,,,-2.0,pretrend,-0.01369782474915343,0.0,0.08030594657615056,-0.25892640007021644,-8.618106228652777e-16,4.163336342344337e-16,7.216449660063518e-16,0.7353333333333333,1.0,1.0,-0.0,correction_completion,PT_violation_g05,1,200,64,3810653071,raw_structured,,,,
PRE_SUBC,X2_slope,,,,pretrend,0.00968460120473671,0.0,0.041430548760359114,-0.013063424278295904,-0.006731932926775791,0.0821522321667386,0.1705843040441177,0.5333333333333333,1.0,1.0,0.0,correction_completion,PT_violation_g05,1,200,64,3810653071,raw_structured,,,,
PRE,k=-4,,,-4.0,reference_fold_pretrend,-0.22333411578937126,-0.21095615366504114,0.17902173507385186,-0.5800805703556727,-0.523033058670534,0.06932377494199121,0.12334265366134997,0.1,0.2,0.2,-0.14999999999999997,correction_completion,PT_violation_g05,1,200,64,3810653071,reference_fold_convolution_rf,,,,
PRE,k=-3,,,-3.0,reference_fold_pretrend,-0.16820770395072207,-0.15715802377726934,0.16531753714498665,-0.5112259866859196,-0.4565078296812983,0.08917938196696924,0.1338969536173871,0.15333333333333332,0.30666666666666664,0.30666666666666664,-0.09999999999999998,correction_completion,PT_violation_g05,1,200,64,3810653071,reference_fold_convolution_rf,,,,
PRE,k=-2,,,-2.0,reference_fold_pretrend,-0.09979422513126927,-0.08835042657130673,0.1507391934291052,-0.4128393202958058,-0.3581802161697095,0.13664906704049581,0.17976868932002354,0.304,0.608,0.608,-0.04999999999999999,correction_completion,PT_violation_g05,1,200,64,3810653071,reference_fold_convolution_rf,,,,
PRE,slope,,,,reference_fold_pretrend,0.07901514145720194,0.07478978909084917,0.06579997351285966,-0.04863478063257184,-0.02487469822017283,0.1933449966090978,0.21716967921574484,0.11133333333333334,0.22266666666666668,0.22266666666666668,0.04999999999999999,correction_completion,PT_violation_g05,1,200,64,3810653071,reference_fold_convolution_rf,,,,
PRE_SUB,X1=0_k=-4,,,-4.0,reference_fold_pretrend,-0.1792467015957674,-0.1712033650219721,0.1917688936305027,-0.56622286922035,-0.5050913943497503,0.12861786866266237,0.1856597448058188,0.17,0.34,0.34,-0.15,correction_completion,PT_violation_g05,1,200,64,3810653071,reference_fold_convolution_rf,,,,
PRE_SUB,X1=0_k=-3,,,-3.0,reference_fold_pretrend,-0.14467784691574953,-0.12971228519810096,0.18078166663919557,-0.5243309597985076,-0.45509347977645787,0.13558490277066992,0.19263119348071195,0.21733333333333332,0.43466666666666665,0.43466666666666665,-0.09999999999999999,correction_completion,PT_violation_g05,1,200,64,3810653071,reference_fold_convolution_rf,,,,
PRE_SUB,X1=0_k=-2,,,-2.0,reference_fold_pretrend,-0.1039421998301971,-0.09155861652439079,0.16871412151847595,-0.4623048059495789,-0.39298024159571576,0.15301841740562602,0.20473124608710624,0.32466666666666666,0.6493333333333333,0.6493333333333333,-0.049999999999999996,correction_completion,PT_violation_g05,1,200,64,3810653071,reference_fold_convolution_rf,,,,
PRE_SUB,X1=1_k=-4,,,-4.0,reference_fold_pretrend,-0.26905439717533075,-0.2591608367272542,0.19900043451971836,-0.673976012679232,-0.6041381297535009,0.04629261036498666,0.1013565604970528,0.07866666666666666,0.15733333333333333,0.15733333333333333,-0.14999999999999994,correction_completion,PT_violation_g05,1,200,64,3810653071,reference_fold_convolution_rf,,,,
PRE_SUB,X1=1_k=-3,,,-3.0,reference_fold_pretrend,-0.19260903717217506,-0.17991527504480137,0.1830706687717724,-0.5843659524315653,-0.5131644974431443,0.09836226256302441,0.14846601373994625,0.144,0.288,0.288,-0.09999999999999996,correction_completion,PT_violation_g05,1,200,64,3810653071,reference_fold_convolution_rf,,,,
PRE_SUB,X1=1_k=-2,,,-2.0,reference_fold_pretrend,-0.09549262173978852,-0.08451837032248827,0.1582401840718677,-0.4403415028152338,-0.37925187268671806,0.15626813243657922,0.21137818099376554,0.296,0.592,0.592,-0.04999999999999998,correction_completion,PT_violation_g05,1,200,64,3810653071,reference_fold_convolution_rf,,,,
PRE_SUB,X2=low_k=-4,,,-4.0,reference_fold_pretrend,-0.207725960780196,-0.20546682571700645,0.18776023190853944,-0.567241335519058,-0.514551833137313,0.10400394800850042,0.17118238485178464,0.126,0.252,0.252,-0.15000000000000002,correction_completion,PT_violation_g05,1,200,64,3810653071,reference_fold_convolution_rf,,,,
PRE_SUB,X2=low_k=-3,,,-3.0,reference_fold_pretrend,-0.15286890023071378,-0.14714135998011818,0.1733119219890974,-0.5143894457096349,-0.44275972765653704,0.1302102641798868,0.18324381356048947,0.18533333333333332,0.37066666666666664,0.37066666666666664,-0.10000000000000002,correction_completion,PT_violation_g05,1,200,64,3810653071,reference_fold_convolution_rf,,,,
PRE_SUB,X2=low_k=-2,,,-2.0,reference_fold_pretrend,-0.08868392507708796,-0.0799211887341242,0.15866063327699306,-0.40846178726103316,-0.3571284648012272,0.1667265715840004,0.2258600350358763,0.3293333333333333,0.6586666666666666,0.6586666666666666,-0.05000000000000001,correction_completion,PT_violation_g05,1,200,64,3810653071,reference_fold_convolution_rf,,,,
PRE_SUB,X2=high_k=-4,,,-4.0,reference_fold_pretrend,-0.250036974926801,-0.2384640377602385,0.18660192246052434,-0.637313601324695,-0.564188807010309,0.040542475594660336,0.0897791243232783,0.082,0.164,0.164,-0.15000000000000002,correction_completion,PT_violation_g05,1,200,64,3810653071,reference_fold_convolution_rf,,,,
PRE_SUB,X2=high_k=-3,,,-3.0,reference_fold_pretrend,-0.18843099222860132,-0.1747609096579183,0.17330810509884115,-0.551734035606703,-0.4982241841551102,0.08074938128871936,0.12341312442980536,0.13466666666666666,0.2693333333333333,0.2693333333333333,-0.10000000000000002,correction_completion,PT_violation_g05,1,200,64,3810653071,reference_fold_convolution_rf,,,,
PRE_SUB,X2=high_k=-2,,,-2.0,reference_fold_pretrend,-0.10533065473151612,-0.09677211885287601,0.1528791849300023,-0.4206515395424848,-0.3618051322150559,0.12821941168170606,0.1748400117152482,0.2906666666666667,0.5813333333333334,0.5813333333333334,-0.05000000000000001,correction_completion,PT_violation_g05,1,200,64,3810653071,reference_fold_convolution_rf,,,,
PRE_SUBC,X1_k=-4,,,-4.0,reference_fold_pretrend,-0.08980769557956342,-0.0581387499915814,0.15640704838108616,-0.45901938567791184,-0.3845740423112756,0.11306215278072526,0.14525798249741856,0.31066666666666665,0.6213333333333333,0.6213333333333333,4.163336342344337e-17,correction_completion,PT_violation_g05,1,200,64,3810653071,reference_fold_convolution_rf,,,,
PRE_SUBC,X1_k=-3,,,-3.0,reference_fold_pretrend,-0.04793119025642552,-0.011322542077288375,0.151827348444088,-0.4114349966510666,-0.34147316809557854,0.14619057248839173,0.17541499717591136,0.4646666666666667,0.9293333333333333,0.9293333333333333,2.7755575615628914e-17,correction_completion,PT_violation_g05,1,200,64,3810653071,reference_fold_convolution_rf,,,,
PRE_SUBC,X1_k=-2,,,-2.0,reference_fold_pretrend,0.00844957809040858,0.033808220842907646,0.1274735366175964,-0.3227269913711051,-0.2527361193735878,0.1697554772969895,0.19007400695110782,0.3953333333333333,0.7906666666666666,0.7906666666666666,1.3877787807814457e-17,correction_completion,PT_violation_g05,1,200,64,3810653071,reference_fold_convolution_rf,,,,
PRE_SUBC,X1_slope,,,,reference_fold_pretrend,0.025488277797223763,0.011585517230523666,0.061188378732892214,-0.06275605194533838,-0.05271146292388414,0.1429794981178006,0.1751421067131784,0.3993333333333333,0.7986666666666666,0.7986666666666666,-1.3877787807814457e-17,correction_completion,PT_violation_g05,1,200,64,3810653071,reference_fold_convolution_rf,,,,
PRE_SUBC,X2_k=-4,,,-4.0,reference_fold_pretrend,-0.042311014146605014,-0.002249663758368853,0.09809442410196165,-0.3397459708900053,-0.28343106454658273,0.02022496405887617,0.0289324804879206,0.426,0.852,0.852,-0.0,correction_completion,PT_violation_g05,1,200,64,3810653071,reference_fold_convolution_rf,,,,
PRE_SUBC,X2_k=-3,,,-3.0,reference_fold_pretrend,-0.035562091997887506,0.002308435520383432,0.09606529562106518,-0.32957482405417965,-0.2706858680971958,0.022959033386785205,0.02804449418922295,0.428,0.856,0.856,-0.0,correction_completion,PT_violation_g05,1,200,64,3810653071,reference_fold_convolution_rf,,,,
PRE_SUBC,X2_k=-2,,,-2.0,reference_fold_pretrend,-0.016646729654428167,0.006258177695813778,0.07988953033403344,-0.31061922816351617,-0.2337554184465125,0.02535788380803948,0.029620239897028226,0.2986666666666667,0.5973333333333334,0.5973333333333334,-0.0,correction_completion,PT_violation_g05,1,200,64,3810653071,reference_fold_convolution_rf,,,,
PRE_SUBC,X2_slope,,,,reference_fold_pretrend,0.015335996863572732,-0.0002294869698203153,0.03905870021821423,-0.011350778877423463,-0.0089089628059417,0.1105447826694527,0.1382943907450329,0.478,0.956,0.956,0.0,correction_completion,PT_violation_g05,1,200,64,3810653071,reference_fold_convolution_rf,,,,
PRE,k=-4,,,-4.0,pretrend,-0.33108164796495765,-0.33172523016320704,0.1822760200255814,-0.7041923931109388,-0.6350292742540932,-0.02126679868951493,0.0,0.038,0.076,0.076,-0.29999999999999993,correction_completion,PT_violation_g10,1,200,48,3644390379,raw_structured,,,,
PRE,k=-3,,,-3.0,pretrend,-0.28992539266480455,-0.2942301065866287,0.1746495101669005,-0.6367370962748524,-0.5828448739380482,0.0,0.012248379220679199,0.07733333333333334,0.15466666666666667,0.15466666666666667,-0.19999999999999996,correction_completion,PT_violation_g10,1,200,48,3644390379,raw_structured,,,,
PRE,k=-2,,,-2.0,pretrend,-0.21140086765226146,-0.21722259666752242,0.18051207289680798,-0.5614954570542973,-0.5003963636036334,0.0,0.03138861975505933,0.25066666666666665,0.5013333333333333,0.5013333333333333,-0.09999999999999998,correction_completion,PT_violation_g10,1,200,48,3644390379,raw_structured,,,,
PRE,slope,,,,pretrend,0.12746404263405312,0.12678553849430052,0.06983739771409815,0.0,0.01179827458758816,0.2458718889830317,0.2627238669432438,0.034,0.068,0.068,0.09999999999999998,correction_completion,PT_violation_g10,1,200,48,3644390379,raw_structured,,,,
PRE_SUB,X1=0_k=-4,,,-4.0,pretrend,-0.32563566428878293,-0.3263888037609839,0.1830895321808376,-0.7041923931109391,-0.6298665589856188,-0.013496025317195388,0.0,0.042,0.084,0.084,-0.3,correction_completion,PT_violation_g10,1,200,48,3644390379,raw_structured,,,,
PRE_SUB,X1=0_k=-3,,,-3.0,pretrend,-0.2866885134012473,-0.2923817629806027,0.17536737017409573,-0.6332988603456602,-0.5828448739380496,0.0,0.016330583083389166,0.08133333333333333,0.16266666666666665,0.16266666666666665,-0.19999999999999998,correction_completion,PT_violation_g10,1,200,48,3644390379,raw_structured,,,,
PRE_SUB,X1=0_k=-2,,,-2.0,pretrend,-0.21014050313363797,-0.21555780780189784,0.18085606355434994,-0.5612118010695462,-0.5003963636036333,0.0,0.03138861975505933,0.25466666666666665,0.5093333333333333,0.5093333333333333,-0.09999999999999999,correction_completion,PT_violation_g10,1,200,48,3644390379,raw_structured,,,,
PRE_SUB,X1=1_k=-4,,,-4.0,pretrend,-0.33782993208543505,-0.33692036016486016,0.18611233742632238,-0.7144697971868552,-0.6546605922525603,-0.023875026199792173,0.0,0.037333333333333336,0.07466666666666667,0.07466666666666667,-0.2999999999999998,correction_completion,PT_violation_g10,1,200,48,3644390379,raw_structured,,,,
PRE_SUB,X1=1_k=-3,,,-3.0,pretrend,-0.2939363082739952,-0.2971594262019005,0.1768710438648871,-0.6453114037796738,-0.5909586157049846,0.0,0.011827291336724636,0.07666666666666666,0.15333333333333332,0.15333333333333332,-0.1999999999999999,correction_completion,PT_violation_g10,1,200,48,3644390379,raw_structured,,,,
PRE_SUB,X1=1_k=-2,,,-2.0,pretrend,-0.21296262368620802,-0.21850296345282993,0.1815085904181682,-0.5638079458228726,-0.5068636137547341,0.0,0.02950630378767851,0.25066666666666665,0.5013333333333333,0.5013333333333333,-0.09999999999999995,correction_completion,PT_violation_g10,1,200,48,3644390379,raw_structured,,,,
PRE_SUB,X2=low_k=-4,,,-4.0,pretrend,-0.3157535755315867,-0.31554788200988615,0.18768138314118857,-0.700965594797722,-0.6290557814377346,0.0,0.018360799537455296,0.054,0.108,0.108,-0.30000000000000004,correction_completion,PT_violation_g10,1,200,48,3644390379,raw_structured,,,,
PRE_SUB,X2=low_k=-3,,,-3.0,pretrend,-0.281114062028309,-0.28702447312030754,0.17839245923532338,-0.6336327014795796,-0.5808314430539323,0.0,0.02269635574361574,0.088,0.176,0.176,-0.2,correction_completion,PT_violation_g10,1,200,48,3644390379,raw_structured,,,,
PRE_SUB,X2=low_k=-2,,,-2.0,pretrend,-0.20875808039858734,-0.21491465538658405,0.1805887476965952,-0.5601442716333184,-0.497964587014752,0.0,0.03503660922713587,0.25266666666666665,0.5053333333333333,0.5053333333333333,-0.1,correction_completion,PT_violation_g10,1,200,48,3644390379,raw_structured,,,,
PRE_SUB,X2=high_k=-4,,,-4.0,pretrend,-0.34576044129866884,-0.339067573480486,0.194184992392738,-0.7610874693753411,-0.6733592106330905,-0.02387502619979215,0.0,0.03666666666666667,0.07333333333333333,0.07333333333333333,-0.30000000000000004,correction_completion,PT_violation_g10,1,200,48,3644390379,raw_structured,,,,
PRE_SUB,X2=high_k=-3,,,-3.0,pretrend,-0.2995995384496644,-0.29898153745611683,0.18288457659285623,-0.6570439981336402,-0.6054730988786827,0.0,0.010612702666326987,0.076,0.152,0.152,-0.20000000000000004,correction_completion,PT_violation_g10,1,200,48,3644390379,raw_structured,,,,
PRE_SUB,X2=high_k=-2,,,-2.0,pretrend,-0.2133666127299735,-0.21823882317545268,0.18193466611255205,-0.5746563028902737,-0.5081141483013769,0.0,0.026344637529293367,0.25,0.5,0.5,-0.10000000000000002,correction_completion,PT_violation_g10,1,200,48,3644390379,raw_structured,,,,
PRE_SUBC,X1_k=-4,,,-4.0,pretrend,-0.012194267796652123,-3.903127820947816e-17,0.056738974144158405,-0.17114592450505295,-0.09183783443379101,1.0547118733938987e-15,2.5063284780912455e-15,0.49,0.98,0.98,1.249000902703301e-16,correction_completion,PT_violation_g10,1,200,48,3644390379,raw_structured,,,,
PRE_SUBC,X1_k=-3,,,-3.0,pretrend,-0.007247794872747888,0.0,0.04442676630805767,-0.1349127797057564,-0.0506099721707358,9.43689570931383e-16,1.5543122344752192e-15,0.5273333333333333,1.0,1.0,8.326672684688674e-17,correction_completion,PT_violation_g10,1,200,48,3644390379,raw_structured,,,,
PRE_SUBC,X1_k=-2,,,-2.0,pretrend,-0.0028221205525700887,0.0,0.030499831238562317,-0.017685789742547895,-1.1657341758564144e-15,6.661338147750939e-16,1.0283440765590437e-15,0.6273333333333333,1.0,1.0,4.163336342344337e-17,correction_completion,PT_violation_g10,1,200,48,3644390379,raw_structured,,,,
PRE_SUBC,X1_slope,,,,pretrend,0.003850036692001588,9.912705577010326e-18,0.01911148618517533,-9.558821987911056e-16,-3.6895090157632434e-16,0.028039894647240854,0.058311692346738074,0.482,0.964,0.964,-4.163336342344337e-17,correction_completion,PT_violation_g10,1,200,48,3644390379,raw_structured,,,,
PRE_SUBC,X2_k=-4,,,-4.0,pretrend,-0.030006865767082037,-5.551115123125783e-17,0.11313622695578704,-0.4474707355302897,-0.26429674156799765,6.689093723366543e-16,0.0012005498308914984,0.47733333333333333,0.9546666666666667,0.9546666666666667,-4.163336342344337e-17,correction_completion,PT_violation_g10,1,200,48,3644390379,raw_structured,,,,
PRE_SUBC,X2_k=-3,,,-3.0,pretrend,-0.018485476421355423,0.0,0.09380092320904868,-0.34270405759161726,-0.0794071872309261,6.661338147750939e-16,1.1657341758564144e-15,0.522,1.0,1.0,-2.7755575615628914e-17,correction_completion,PT_violation_g10,1,200,48,3644390379,raw_structured,,,,
PRE_SUBC,X2_k=-2,,,-2.0,pretrend,-0.004608532331386203,0.0,0.042899529770008285,-0.03154405775170089,-7.771561172376096e-16,4.996003610813204e-16,7.216449660063518e-16,0.6233333333333333,1.0,1.0,-1.3877787807814457e-17,correction_completion,PT_violation_g10,1,200,48,3644390379,raw_structured,,,,
PRE_SUBC,X2_slope,,,,pretrend,0.00940000589109594,1.9825411154020653e-17,0.03756997964836631,-6.10151810028928e-16,-2.5778145739039996e-16,0.07206023749852297,0.13366176145872238,0.45,0.9,0.9,1.3877787807814457e-17,correction_completion,PT_violation_g10,1,200,48,3644390379,raw_structured,,,,
PRE,k=-4,,,-4.0,reference_fold_pretrend,-0.37401900505707736,-0.36902304170318057,0.17335343877034154,-0.726422093935971,-0.67364899306061,-0.09666456626365157,-0.03611101117530846,0.013333333333333334,0.02666666666666667,0.02666666666666667,-0.29999999999999993,correction_completion,PT_violation_g10,1,200,48,3644390379,reference_fold_convolution_rf,,,,
PRE,k=-3,,,-3.0,reference_fold_pretrend,-0.3205777758352654,-0.3160413046643806,0.16238808391946907,-0.6387459110668876,-0.5916303905891928,-0.05447186457663478,-0.004628982849651252,0.024666666666666667,0.04933333333333333,0.04933333333333333,-0.19999999999999996,correction_completion,PT_violation_g10,1,200,48,3644390379,reference_fold_convolution_rf,,,,
PRE,k=-2,,,-2.0,reference_fold_pretrend,-0.23240206955568765,-0.23044466879887665,0.1553009870561738,-0.5348301474663956,-0.49601669774622204,0.0,0.03694844654672638,0.096,0.192,0.192,-0.09999999999999998,correction_completion,PT_violation_g10,1,200,48,3644390379,reference_fold_convolution_rf,,,,
PRE,slope,,,,reference_fold_pretrend,0.1425439025998179,0.14137832160840635,0.06505216818734302,0.021576450206469738,0.0381348326728876,0.2518051313005651,0.2758149006019181,0.012666666666666666,0.025333333333333333,0.025333333333333333,0.09999999999999998,correction_completion,PT_violation_g10,1,200,48,3644390379,reference_fold_convolution_rf,,,,
PRE_SUB,X1=0_k=-4,,,-4.0,reference_fold_pretrend,-0.358766728250388,-0.35656843036632885,0.1758467965883634,-0.7107945292127408,-0.6633261758671247,-0.07199043720690806,-0.01756073401142449,0.018666666666666668,0.037333333333333336,0.037333333333333336,-0.3,correction_completion,PT_violation_g10,1,200,48,3644390379,reference_fold_convolution_rf,,,,
PRE_SUB,X1=0_k=-3,,,-3.0,reference_fold_pretrend,-0.3079963829362512,-0.30392636002892337,0.1639154608463267,-0.6357098900546656,-0.583471577014885,-0.039782419347478136,0.006056935536146118,0.03133333333333333,0.06266666666666666,0.06266666666666666,-0.19999999999999998,correction_completion,PT_violation_g10,1,200,48,3644390379,reference_fold_convolution_rf,,,,
PRE_SUB,X1=0_k=-2,,,-2.0,reference_fold_pretrend,-0.2232197501559114,-0.21912444931251873,0.15388244429790376,-0.5288191137217827,-0.4846212083379135,0.00013070636754052817,0.04119475784941589,0.10133333333333333,0.20266666666666666,0.20266666666666666,-0.09999999999999999,correction_completion,PT_violation_g10,1,200,48,3644390379,reference_fold_convolution_rf,,,,
PRE_SUB,X1=1_k=-4,,,-4.0,reference_fold_pretrend,-0.39291856544797504,-0.38773714082312993,0.17721734806951292,-0.7508661728001955,-0.6987461045124452,-0.10420064597589859,-0.050398530154734104,0.01,0.02,0.02,-0.2999999999999998,correction_completion,PT_violation_g10,1,200,48,3644390379,reference_fold_convolution_rf,,,,
PRE_SUB,X1=1_k=-3,,,-3.0,reference_fold_pretrend,-0.33616776268839166,-0.32938373330231663,0.16662359991643572,-0.6624393054576982,-0.6154296737351763,-0.06428960237651585,-0.006207697448211621,0.024,0.048,0.048,-0.1999999999999999,correction_completion,PT_violation_g10,1,200,48,3644390379,reference_fold_convolution_rf,,,,
PRE_SUB,X1=1_k=-2,,,-2.0,reference_fold_pretrend,-0.24378016098584515,-0.2405439990250356,0.16157069802491356,-0.5604484537144304,-0.5149827250299092,0.0,0.031487274829377056,0.09333333333333334,0.18666666666666668,0.18666666666666668,-0.09999999999999995,correction_completion,PT_violation_g10,1,200,48,3644390379,reference_fold_convolution_rf,,,,
PRE_SUB,X2=low_k=-4,,,-4.0,reference_fold_pretrend,-0.3813316696029995,-0.37692366768447566,0.17710734025471722,-0.7321110739137738,-0.6844848427162802,-0.0931563873655112,-0.03951506085569254,0.015333333333333332,0.030666666666666665,0.030666666666666665,-0.30000000000000004,correction_completion,PT_violation_g10,1,200,48,3644390379,reference_fold_convolution_rf,,,,
PRE_SUB,X2=low_k=-3,,,-3.0,reference_fold_pretrend,-0.3275820081399332,-0.32250672312464246,0.16495407338187176,-0.6507372654636878,-0.6041807416990074,-0.05237773502001542,0.0,0.02666666666666667,0.05333333333333334,0.05333333333333334,-0.2,correction_completion,PT_violation_g10,1,200,48,3644390379,reference_fold_convolution_rf,,,,
PRE_SUB,X2=low_k=-2,,,-2.0,reference_fold_pretrend,-0.23887026178565532,-0.23983296112887192,0.15823309636418434,-0.5508292073142087,-0.5055311734714935,0.0,0.0316238924763787,0.09533333333333334,0.19066666666666668,0.19066666666666668,-0.1,correction_completion,PT_violation_g10,1,200,48,3644390379,reference_fold_convolution_rf,,,,
PRE_SUB,X2=high_k=-4,,,-4.0,reference_fold_pretrend,-0.37003115064571873,-0.3657463047538505,0.17631150365468493,-0.7321657378304963,-0.6796498472924719,-0.09360389319122092,-0.029855912165243813,0.016666666666666666,0.03333333333333333,0.03333333333333333,-0.30000000000000004,correction_completion,PT_violation_g10,1,200,48,3644390379,reference_fold_convolution_rf,,,,
PRE_SUB,X2=high_k=-3,,,-3.0,reference_fold_pretrend,-0.31659381233973827,-0.31040129559800644,0.16543533287618756,-0.6448190064531691,-0.597162362967503,-0.04647680950593656,-0.0011780630555471878,0.024666666666666667,0.04933333333333333,0.04933333333333333,-0.20000000000000004,correction_completion,PT_violation_g10,1,200,48,3644390379,reference_fold_convolution_rf,,,,
PRE_SUB,X2=high_k=-2,,,-2.0,reference_fold_pretrend,-0.22839527580419197,-0.22137972115286036,0.15726624462639702,-0.5402443249458816,-0.49506357931212014,0.0,0.03758482809236707,0.09866666666666667,0.19733333333333333,0.19733333333333333,-0.10000000000000002,correction_completion,PT_violation_g10,1,200,48,3644390379,reference_fold_convolution_rf,,,,
PRE_SUBC,X1_k=-4,,,-4.0,reference_fold_pretrend,-0.034151837197586944,-0.020936879596694463,0.06631219431618489,-0.25054541345000475,-0.16768098737146095,0.02572014730943988,0.03954408965647199,0.21933333333333332,0.43866666666666665,0.43866666666666665,1.249000902703301e-16,correction_completion,PT_violation_g10,1,200,48,3644390379,reference_fold_convolution_rf,,,,
PRE_SUBC,X1_k=-3,,,-3.0,reference_fold_pretrend,-0.028171379752140506,-0.016941160008192617,0.060283477908164636,-0.22003062727757905,-0.1436351766100765,0.024341933292744842,0.039897574415358086,0.23333333333333334,0.4666666666666667,0.4666666666666667,8.326672684688674e-17,correction_completion,PT_violation_g10,1,200,48,3644390379,reference_fold_convolution_rf,,,,
PRE_SUBC,X1_k=-2,,,-2.0,reference_fold_pretrend,-0.020560410829933772,-0.013220197583208082,0.051067902463906564,-0.17945090820358878,-0.07430607292737985,0.02708829571838083,0.03715314183905916,0.32,0.64,0.64,4.163336342344337e-17,correction_completion,PT_violation_g10,1,200,48,3644390379,reference_fold_convolution_rf,,,,
PRE_SUBC,X1_slope,,,,reference_fold_pretrend,0.0128113344233554,0.008067134393515836,0.025054480247876532,-0.013094189178862025,-0.009178287306378617,0.06134132231455638,0.094565859190862,0.20866666666666667,0.41733333333333333,0.41733333333333333,-4.163336342344337e-17,correction_completion,PT_violation_g10,1,200,48,3644390379,reference_fold_convolution_rf,,,,
PRE_SUBC,X2_k=-4,,,-4.0,reference_fold_pretrend,0.011300518957280733,0.01936124708192511,0.06603838969700432,-0.1633727120949605,-0.10197644639797898,0.08900370949821253,0.10450807170251848,0.33466666666666667,0.6693333333333333,0.6693333333333333,-4.163336342344337e-17,correction_completion,PT_violation_g10,1,200,48,3644390379,reference_fold_convolution_rf,,,,
PRE_SUBC,X2_k=-3,,,-3.0,reference_fold_pretrend,0.010988195800194946,0.01783863973786695,0.060099757476215855,-0.13622388773047767,-0.0884425168790575,0.0816608537837076,0.09600588766095774,0.32466666666666666,0.6493333333333333,0.6493333333333333,-2.7755575615628914e-17,correction_completion,PT_violation_g10,1,200,48,3644390379,reference_fold_convolution_rf,,,,
PRE_SUBC,X2_k=-2,,,-2.0,reference_fold_pretrend,0.010474985981463352,0.015135966203021156,0.05193333164388976,-0.11056422321163524,-0.07001745966551776,0.07635148665088476,0.08668675796726853,0.38066666666666665,0.7613333333333333,0.7613333333333333,-1.3877787807814457e-17,correction_completion,PT_violation_g10,1,200,48,3644390379,reference_fold_convolution_rf,,,,
PRE_SUBC,X2_slope,,,,reference_fold_pretrend,-0.004739495318121103,-0.007734153598675324,0.024683561851067827,-0.03874034369324055,-0.03433615735950395,0.036466354195987497,0.05931292761766483,0.324,0.648,0.648,1.3877787807814457e-17,correction_completion,PT_violation_g10,1,200,48,3644390379,reference_fold_convolution_rf,,,,
PRE,k=-4,,,-4.0,pretrend,-0.8232619812909149,-0.8183812292886491,0.19702625007272265,-1.2197242364133387,-1.161289055515826,-0.5106584387603178,-0.4582948697780763,0.0,0.0,0.0,-0.6000000000000001,correction_completion,PT_violation_g20,1,200,32,4257728845,raw_structured,,,,
PRE,k=-3,,,-3.0,pretrend,-0.33028961443320265,-0.32849204958919287,0.19325697079609644,-0.7148320545706848,-0.647196256932037,0.0,0.0,0.07266666666666667,0.14533333333333334,0.14533333333333334,-0.4,correction_completion,PT_violation_g20,1,200,32,4257728845,raw_structured,,,,
PRE,k=-2,,,-2.0,pretrend,-0.15781803026754251,-0.13191027968492453,0.17981631447611837,-0.5371504366714983,-0.48077021154633665,0.052647243327364146,0.10776033858801236,0.36133333333333334,0.7226666666666667,0.7226666666666667,-0.2,correction_completion,PT_violation_g20,1,200,32,4257728845,raw_structured,,,,
PRE,slope,,,,pretrend,0.2348702287861923,0.23165447127788066,0.06977667658036513,0.11114256334338425,0.12633867894062537,0.3520510442607027,0.3760722827945647,0.0,0.0,0.0,0.2,correction_completion,PT_violation_g20,1,200,32,4257728845,raw_structured,,,,
PRE_SUB,X1=0_k=-4,,,-4.0,pretrend,-0.8280515208415004,-0.8210579724689226,0.20441595686320882,-1.2533082211607003,-1.1713484857325256,-0.5070304276098233,-0.44905756122467577,0.0,0.0,0.0,-0.5999999999999996,correction_completion,PT_violation_g20,1,200,32,4257728845,raw_structured,,,,
PRE_SUB,X1=0_k=-3,,,-3.0,pretrend,-0.32284745215889116,-0.32117311397522486,0.19696997613715617,-0.7105475360167959,-0.6455784198958382,0.0,0.011819454098388606,0.084,0.168,0.168,-0.3999999999999998,correction_completion,PT_violation_g20,1,200,32,4257728845,raw_structured,,,,
PRE_SUB,X1=0_k=-2,,,-2.0,pretrend,-0.15055298234497247,-0.12219074778234727,0.18097230399150685,-0.532280130317733,-0.47305245103944127,0.06425880403221529,0.1340267864648376,0.37733333333333335,0.7546666666666667,0.7546666666666667,-0.1999999999999999,correction_completion,PT_violation_g20,1,200,32,4257728845,raw_structured,,,,
PRE_SUB,X1=1_k=-4,,,-4.0,pretrend,-0.8195277640141873,-0.8167706416155651,0.20603578971526718,-1.2341160363048975,-1.1689004222332247,-0.4899614120849659,-0.4163841976509047,0.0,0.0,0.0,-0.5999999999999999,correction_completion,PT_violation_g20,1,200,32,4257728845,raw_structured,,,,
PRE_SUB,X1=1_k=-3,,,-3.0,pretrend,-0.33609197824029297,-0.3342239788397722,0.19605423437559472,-0.7154202069495703,-0.6556981484383866,0.0,0.0,0.072,0.144,0.144,-0.3999999999999999,correction_completion,PT_violation_g20,1,200,32,4257728845,raw_structured,,,,
PRE_SUB,X1=1_k=-2,,,-2.0,pretrend,-0.1634823049190378,-0.13823691693142598,0.1844532816606868,-0.546136761112333,-0.49680738371103994,0.050013154463466304,0.0979936896118809,0.358,0.716,0.716,-0.19999999999999996,correction_completion,PT_violation_g20,1,200,32,4257728845,raw_structured,,,,
PRE_SUB,X2=low_k=-4,,,-4.0,pretrend,-0.7976066786112618,-0.8002107069447426,0.20905156994910476,-1.205137962354899,-1.1454582155686346,-0.45608300683482633,-0.3835399646701955,0.0006666666666666666,0.0013333333333333333,0.0013333333333333333,-0.6000000000000001,correction_completion,PT_violation_g20,1,200,32,4257728845,raw_structured,,,,
PRE_SUB,X2=low_k=-3,,,-3.0,pretrend,-0.3035745482278984,-0.30520798880007616,0.20561077553681992,-0.7036915792627806,-0.6374457373532503,0.0,0.04812389154001214,0.09933333333333333,0.19866666666666666,0.19866666666666666,-0.4000000000000001,correction_completion,PT_violation_g20,1,200,32,4257728845,raw_structured,,,,
PRE_SUB,X2=low_k=-2,,,-2.0,pretrend,-0.1350615330980348,-0.09572437885789942,0.18919596714750186,-0.5303623105064482,-0.46749275098469323,0.09790103902240772,0.16553051827423418,0.3953333333333333,0.7906666666666666,0.7906666666666666,-0.20000000000000004,correction_completion,PT_violation_g20,1,200,32,4257728845,raw_structured,,,,
PRE_SUB,X2=high_k=-4,,,-4.0,pretrend,-0.8411998790813509,-0.8323388821707792,0.20768326775836782,-1.2774709425549433,-1.193699780161234,-0.5172833710622707,-0.4639337858189749,0.0,0.0,0.0,-0.6000000000000001,correction_completion,PT_violation_g20,1,200,32,4257728845,raw_structured,,,,
PRE_SUB,X2=high_k=-3,,,-3.0,pretrend,-0.3472514192359587,-0.3433535492506037,0.20498656417569777,-0.7774150197809042,-0.6869622304388289,0.0,0.0,0.06933333333333333,0.13866666666666666,0.13866666666666666,-0.4000000000000001,correction_completion,PT_violation_g20,1,200,32,4257728845,raw_structured,,,,
PRE_SUB,X2=high_k=-2,,,-2.0,pretrend,-0.17187158803896949,-0.13909381708542362,0.1919850346125036,-0.5911736184305109,-0.5300862954687565,0.036119283409872145,0.08608933059160986,0.35733333333333334,0.7146666666666667,0.7146666666666667,-0.20000000000000004,correction_completion,PT_violation_g20,1,200,32,4257728845,raw_structured,,,,
PRE_SUBC,X1_k=-4,,,-4.0,pretrend,0.008523756827313081,0.0,0.11648394306113952,-0.16605077690805875,-0.043640198900877766,0.13797401013891125,0.3887163851948916,0.5293333333333333,1.0,1.0,-1.6653345369377348e-16,correction_completion,PT_violation_g20,1,200,32,4257728845,raw_structured,,,,
PRE_SUBC,X1_k=-3,,,-3.0,pretrend,-0.013244526081401854,0.0,0.07116425906255583,-0.2062800945476761,-0.04599266090309084,7.771561172376096e-16,0.0016467061702158158,0.512,1.0,1.0,-1.1102230246251565e-16,correction_completion,PT_violation_g20,1,200,32,4257728845,raw_structured,,,,
PRE_SUBC,X1_k=-2,,,-2.0,pretrend,-0.01292932257406532,0.0,0.06780713700798877,-0.18986904391681872,-0.041101911269421774,4.732325642464717e-16,8.90953977261673e-16,0.6093333333333333,1.0,1.0,-5.551115123125783e-17,correction_completion,PT_violation_g20,1,200,32,4257728845,raw_structured,,,,
PRE_SUBC,X1_slope,,,,pretrend,0.0009890788753521276,6.938893903907228e-18,0.035132489765645834,-0.08564374999358354,-0.029734109724249027,0.018232788261488827,0.07643201341588436,0.49733333333333335,0.9946666666666667,0.9946666666666667,5.551115123125783e-17,correction_completion,PT_violation_g20,1,200,32,4257728845,raw_structured,,,,
PRE_SUBC,X2_k=-4,,,-4.0,pretrend,-0.04359320047008911,0.0,0.1409357158752258,-0.5454941537760641,-0.4248141720269138,9.992007221626409e-16,1.6125989432680247e-15,0.5373333333333333,1.0,1.0,-0.0,correction_completion,PT_violation_g20,1,200,32,4257728845,raw_structured,,,,
PRE_SUBC,X2_k=-3,,,-3.0,pretrend,-0.04367687100806025,0.0,0.13908072491709764,-0.5454941537760641,-0.4248141720269131,6.106226635438361e-16,7.91727794435811e-16,0.5233333333333333,1.0,1.0,-0.0,correction_completion,PT_violation_g20,1,200,32,4257728845,raw_structured,,,,
PRE_SUBC,X2_k=-2,,,-2.0,pretrend,-0.036810054940934686,0.0,0.12994791686989773,-0.5359845384325532,-0.38486121730198875,4.440892098500626e-16,6.106226635438361e-16,0.6126666666666667,1.0,1.0,-0.0,correction_completion,PT_violation_g20,1,200,32,4257728845,raw_structured,,,,
PRE_SUBC,X2_slope,,,,pretrend,0.018210242740523037,1.1895246692412391e-17,0.05855857571770714,-4.773920284382012e-16,-2.8191734661017366e-16,0.1733819270115696,0.22970765932823703,0.47,0.94,0.94,0.0,correction_completion,PT_violation_g20,1,200,32,4257728845,raw_structured,,,,
PRE,k=-4,,,-4.0,reference_fold_pretrend,-0.8440968051225617,-0.8463829994429526,0.1937621269077571,-1.2291065025016141,-1.1724473297284246,-0.5286688910035,-0.48697967312992607,0.0,0.0,0.0,-0.6000000000000001,correction_completion,PT_violation_g20,1,200,32,4257728845,reference_fold_convolution_rf,,,,
PRE,k=-3,,,-3.0,reference_fold_pretrend,-0.47340799513292986,-0.4717817140464552,0.18544938024170457,-0.8464347372357984,-0.7784263527464576,-0.171708878584276,-0.11139687712616606,0.004666666666666667,0.009333333333333334,0.009333333333333334,-0.4,correction_completion,PT_violation_g20,1,200,32,4257728845,reference_fold_convolution_rf,,,,
PRE,k=-2,,,-2.0,reference_fold_pretrend,-0.21305527659808915,-0.2004437012168809,0.1689349464049234,-0.568034715955575,-0.5096283201711042,0.009655351061215725,0.05177866267884071,0.126,0.252,0.252,-0.2,correction_completion,PT_violation_g20,1,200,32,4257728845,reference_fold_convolution_rf,,,,
PRE,slope,,,,reference_fold_pretrend,0.2637258344451167,0.2633417937329429,0.06780143706803299,0.13389436681445466,0.15704765164681214,0.3791512583103792,0.4016533414829238,0.0,0.0,0.0,0.2,correction_completion,PT_violation_g20,1,200,32,4257728845,reference_fold_convolution_rf,,,,
PRE_SUB,X1=0_k=-4,,,-4.0,reference_fold_pretrend,-0.8179748951583133,-0.8242220283240915,0.197190608602501,-1.2116911644226862,-1.145503313356384,-0.4998752904652682,-0.4549453442587311,0.0,0.0,0.0,-0.5999999999999996,correction_completion,PT_violation_g20,1,200,32,4257728845,reference_fold_convolution_rf,,,,
PRE_SUB,X1=0_k=-3,,,-3.0,reference_fold_pretrend,-0.4325135998912973,-0.4303834504008482,0.18373857369262953,-0.8034619976796459,-0.7420954776992094,-0.13919814079077697,-0.07669034776276334,0.009333333333333334,0.018666666666666668,0.018666666666666668,-0.3999999999999998,correction_completion,PT_violation_g20,1,200,32,4257728845,reference_fold_convolution_rf,,,,
PRE_SUB,X1=0_k=-2,,,-2.0,reference_fold_pretrend,-0.2009253501525797,-0.19066327523478643,0.16875360994427624,-0.5620695025284905,-0.5058792138252609,0.02489550862385569,0.07460940452149821,0.14266666666666666,0.2853333333333333,0.2853333333333333,-0.1999999999999999,correction_completion,PT_violation_g20,1,200,32,4257728845,reference_fold_convolution_rf,,,,
PRE_SUB,X1=1_k=-4,,,-4.0,reference_fold_pretrend,-0.8644630400099417,-0.8618469652456886,0.20186111411913638,-1.2653323666085587,-1.2066105664226758,-0.5466955257256543,-0.48685941346029044,0.0,0.0,0.0,-0.5999999999999999,correction_completion,PT_violation_g20,1,200,32,4257728845,reference_fold_convolution_rf,,,,
PRE_SUB,X1=1_k=-3,,,-3.0,reference_fold_pretrend,-0.5052917609145418,-0.5023696334926603,0.19468351875187193,-0.8992505554533896,-0.8332607310150051,-0.18322612591721835,-0.12001085131442332,0.004666666666666667,0.009333333333333334,0.009333333333333334,-0.3999999999999999,correction_completion,PT_violation_g20,1,200,32,4257728845,reference_fold_convolution_rf,,,,
PRE_SUB,X1=1_k=-2,,,-2.0,reference_fold_pretrend,-0.22251250738611347,-0.20512777188316117,0.17677531401169166,-0.5994620287330088,-0.5377517630785252,0.010189401236438243,0.052525116077610665,0.12533333333333332,0.25066666666666665,0.25066666666666665,-0.19999999999999996,correction_completion,PT_violation_g20,1,200,32,4257728845,reference_fold_convolution_rf,,,,
PRE_SUB,X2=low_k=-4,,,-4.0,reference_fold_pretrend,-0.7928873535426786,-0.7966320315264919,0.20043784414998672,-1.1846877525833466,-1.1218972232083053,-0.4651870784784938,-0.4038138985861706,0.0,0.0,0.0,-0.6000000000000001,correction_completion,PT_violation_g20,1,200,32,4257728845,reference_fold_convolution_rf,,,,
PRE_SUB,X2=low_k=-3,,,-3.0,reference_fold_pretrend,-0.4097416900939955,-0.40563214451991647,0.18573656724052137,-0.7832736759637328,-0.7255194302588996,-0.11456907651163285,-0.03877676720814476,0.015333333333333332,0.030666666666666665,0.030666666666666665,-0.4000000000000001,correction_completion,PT_violation_g20,1,200,32,4257728845,reference_fold_convolution_rf,,,,
PRE_SUB,X2=low_k=-2,,,-2.0,reference_fold_pretrend,-0.19405955842165812,-0.18461366536054558,0.17020453659982668,-0.5597282999559657,-0.4932621889124844,0.03901982509870498,0.09221373295456735,0.15866666666666668,0.31733333333333336,0.31733333333333336,-0.20000000000000004,correction_completion,PT_violation_g20,1,200,32,4257728845,reference_fold_convolution_rf,,,,
PRE_SUB,X2=high_k=-4,,,-4.0,reference_fold_pretrend,-0.893378309034105,-0.8881681647258184,0.2079345894798897,-1.3232296099041663,-1.2465220839680506,-0.5661588429579516,-0.51144049724934,0.0,0.0,0.0,-0.6000000000000001,correction_completion,PT_violation_g20,1,200,32,4257728845,reference_fold_convolution_rf,,,,
PRE_SUB,X2=high_k=-3,,,-3.0,reference_fold_pretrend,-0.5347517981143775,-0.5274260756361897,0.20434336930429925,-0.9316500866354843,-0.8737127682860275,-0.1987153576782386,-0.1248171370144783,0.004666666666666667,0.009333333333333334,0.009333333333333334,-0.4000000000000001,correction_completion,PT_violation_g20,1,200,32,4257728845,reference_fold_convolution_rf,,,,
PRE_SUB,X2=high_k=-2,,,-2.0,reference_fold_pretrend,-0.23141236355602732,-0.2164943535430501,0.18395852202023424,-0.6283780590885562,-0.5656313643120252,0.00888755824472331,0.050697044940003995,0.124,0.248,0.248,-0.20000000000000004,correction_completion,PT_violation_g20,1,200,32,4257728845,reference_fold_convolution_rf,,,,
PRE_SUBC,X1_k=-4,,,-4.0,reference_fold_pretrend,-0.04648814485162838,-0.04318620337847234,0.09848465357295237,-0.29068095608742817,-0.20406962128280895,0.08418911468233593,0.15590988340323153,0.222,0.444,0.444,-1.6653345369377348e-16,correction_completion,PT_violation_g20,1,200,32,4257728845,reference_fold_convolution_rf,,,,
PRE_SUBC,X1_k=-3,,,-3.0,reference_fold_pretrend,-0.0727781610232445,-0.061887109467176626,0.08299615933933391,-0.3071904422212472,-0.21205163336600283,0.01701181478781671,0.042116353949272156,0.092,0.184,0.184,-1.1102230246251565e-16,correction_completion,PT_violation_g20,1,200,32,4257728845,reference_fold_convolution_rf,,,,
PRE_SUBC,X1_k=-2,,,-2.0,reference_fold_pretrend,-0.021587157233533768,-0.004447339785776964,0.07796167440894396,-0.27533197882524535,-0.14828855850528816,0.05639400682662063,0.0691103927518034,0.4693333333333333,0.9386666666666666,0.9386666666666666,-5.551115123125783e-17,correction_completion,PT_violation_g20,1,200,32,4257728845,reference_fold_convolution_rf,,,,
PRE_SUBC,X1_slope,,,,reference_fold_pretrend,0.021900565273921993,0.017886656510875183,0.03560414990794601,-0.037498802101916376,-0.019446386562067406,0.07962407518341207,0.12303040174589652,0.17533333333333334,0.3506666666666667,0.3506666666666667,5.551115123125783e-17,correction_completion,PT_violation_g20,1,200,32,4257728845,reference_fold_convolution_rf,,,,
PRE_SUBC,X2_k=-4,,,-4.0,reference_fold_pretrend,-0.1004909554914265,-0.07644607173452916,0.12673045517124104,-0.4542982910709011,-0.36246247592677655,0.04349383805814675,0.07001914072704316,0.154,0.308,0.308,-0.0,correction_completion,PT_violation_g20,1,200,32,4257728845,reference_fold_convolution_rf,,,,
PRE_SUBC,X2_k=-3,,,-3.0,reference_fold_pretrend,-0.1250101080203819,-0.09991991758410648,0.12138745227781003,-0.46110835419919743,-0.37900769587446853,0.007168365563390303,0.03246523940883808,0.06533333333333333,0.13066666666666665,0.13066666666666665,-0.0,correction_completion,PT_violation_g20,1,200,32,4257728845,reference_fold_convolution_rf,,,,
PRE_SUBC,X2_k=-2,,,-2.0,reference_fold_pretrend,-0.037352805134369185,-0.010740933134126815,0.10938352068215922,-0.3750631270032519,-0.280334919978956,0.08200741044852766,0.09669494522672063,0.4493333333333333,0.8986666666666666,0.8986666666666666,-0.0,correction_completion,PT_violation_g20,1,200,32,4257728845,reference_fold_convolution_rf,,,,
PRE_SUBC,X2_slope,,,,reference_fold_pretrend,0.042060420546386604,0.031082628424282444,0.04972888517737541,-0.018354349186731813,-0.01006902434800175,0.14854502317004087,0.18796978308946272,0.116,0.232,0.232,0.0,correction_completion,PT_violation_g20,1,200,32,4257728845,reference_fold_convolution_rf,,,,
PRE,k=-4,,,-4.0,pretrend,-1.0359264807786737,-1.0376553932013908,0.20934811062544045,-1.4500470111613095,-1.3781028366948485,-0.689906805737476,-0.6292803020487225,0.0,0.0,0.0,-1.1999999999999995,correction_completion,PT_violation_g40,1,200,16,3648387821,raw_structured,,,,
PRE,k=-3,,,-3.0,pretrend,-0.6819133198198262,-0.6696187087277921,0.20912493662124848,-1.0854904720872092,-1.016566860353083,-0.34628913733128075,-0.2946031270495816,0.0,0.0,0.0,-0.7999999999999997,correction_completion,PT_violation_g40,1,200,16,3648387821,raw_structured,,,,
PRE,k=-2,,,-2.0,pretrend,-0.34088098200854045,-0.3488091532164945,0.20891729923858496,-0.7410354747570534,-0.6821815675641036,0.0,0.0,0.12466666666666666,0.24933333333333332,0.24933333333333332,-0.39999999999999986,correction_completion,PT_violation_g40,1,200,16,3648387821,raw_structured,,,,
PRE,slope,,,,pretrend,0.34374907599887244,0.34386940965458246,0.07532506558999934,0.1970323964132319,0.22027698891450911,0.46992420873706375,0.4938350494958317,0.0,0.0,0.0,0.39999999999999986,correction_completion,PT_violation_g40,1,200,16,3648387821,raw_structured,,,,
PRE_SUB,X1=0_k=-4,,,-4.0,pretrend,-1.0350680441026043,-1.0378787488643577,0.21118633471659778,-1.4561263550639865,-1.3809265603469523,-0.6890178273814894,-0.624827567135054,0.0,0.0,0.0,-1.1999999999999997,correction_completion,PT_violation_g40,1,200,16,3648387821,raw_structured,,,,
PRE_SUB,X1=0_k=-3,,,-3.0,pretrend,-0.6815200329705536,-0.6695599851020562,0.2105701011868697,-1.0873601696177568,-1.0193942935809508,-0.34267451397967014,-0.29460312704958147,0.0,0.0,0.0,-0.7999999999999998,correction_completion,PT_violation_g40,1,200,16,3648387821,raw_structured,,,,
PRE_SUB,X1=0_k=-2,,,-2.0,pretrend,-0.34046171039180834,-0.3485863802164073,0.2094636232295093,-0.7447784216116436,-0.6821815675641034,0.0,0.0,0.12466666666666666,0.24933333333333332,0.24933333333333332,-0.3999999999999999,correction_completion,PT_violation_g40,1,200,16,3648387821,raw_structured,,,,
PRE_SUB,X1=1_k=-4,,,-4.0,pretrend,-1.0366502607212418,-1.0373283271568075,0.21011660679179656,-1.4486883828400525,-1.3809276805545652,-0.6961782077647372,-0.6224709358449363,0.0,0.0,0.0,-1.1999999999999997,correction_completion,PT_violation_g40,1,200,16,3648387821,raw_structured,,,,
PRE_SUB,X1=1_k=-3,,,-3.0,pretrend,-0.6822449146143109,-0.6718613092333572,0.20911154684008063,-1.0835546632528903,-1.0162067837019007,-0.3441481816051483,-0.2936878170169477,0.0,0.0,0.0,-0.7999999999999998,correction_completion,PT_violation_g40,1,200,16,3648387821,raw_structured,,,,
PRE_SUB,X1=1_k=-2,,,-2.0,pretrend,-0.3412344855285303,-0.34880915321649464,0.20888153281931177,-0.7434300380496209,-0.6813015743123793,0.0,0.0,0.12466666666666666,0.24933333333333332,0.24933333333333332,-0.3999999999999999,correction_completion,PT_violation_g40,1,200,16,3648387821,raw_structured,,,,
PRE_SUB,X2=low_k=-4,,,-4.0,pretrend,-1.0247617854935858,-1.0248268189093697,0.21280440240876194,-1.4290957462990317,-1.3696194515499616,-0.6723807045126394,-0.6114424201623724,0.0,0.0,0.0,-1.2000000000000004,correction_completion,PT_violation_g40,1,200,16,3648387821,raw_structured,,,,
PRE_SUB,X2=low_k=-3,,,-3.0,pretrend,-0.6712500732554042,-0.6585898734784612,0.2125077569447287,-1.0741099434189572,-1.0154189546608707,-0.33048748403432726,-0.2710031956908216,0.0,0.0,0.0,-0.8000000000000003,correction_completion,PT_violation_g40,1,200,16,3648387821,raw_structured,,,,
PRE_SUB,X2=low_k=-2,,,-2.0,pretrend,-0.3374523218159432,-0.3465050217935881,0.20990049720177545,-0.7380055377341224,-0.6796742826218874,0.0,0.0,0.12866666666666668,0.25733333333333336,0.25733333333333336,-0.40000000000000013,correction_completion,PT_violation_g40,1,200,16,3648387821,raw_structured,,,,
PRE_SUB,X2=high_k=-4,,,-4.0,pretrend,-1.0469722537625452,-1.044704149628254,0.21692702091829547,-1.4882912603056224,-1.4011598552836255,-0.6961782077647374,-0.637501390520119,0.0,0.0,0.0,-1.2000000000000002,correction_completion,PT_violation_g40,1,200,16,3648387821,raw_structured,,,,
PRE_SUB,X2=high_k=-3,,,-3.0,pretrend,-0.6922176499010451,-0.6829348630550313,0.21491418856171302,-1.126401515083342,-1.04137307677526,-0.3472617108184744,-0.2946031270495814,0.0,0.0,0.0,-0.8,correction_completion,PT_violation_g40,1,200,16,3648387821,raw_structured,,,,
PRE_SUB,X2=high_k=-2,,,-2.0,pretrend,-0.3428159327984497,-0.34991963319592523,0.20972573898786928,-0.7447784216116448,-0.6821815675641032,0.0,0.0,0.12466666666666666,0.24933333333333332,0.24933333333333332,-0.4,correction_completion,PT_violation_g40,1,200,16,3648387821,raw_structured,,,,
PRE_SUBC,X1_k=-4,,,-4.0,pretrend,-0.0015822166186373918,0.0,0.046146504927667295,-0.02273612324838845,-0.0047413732968852595,0.00851919947660993,0.027070499715074046,0.544,1.0,1.0,-0.0,correction_completion,PT_violation_g40,1,200,16,3648387821,raw_structured,,,,
PRE_SUBC,X1_k=-3,,,-3.0,pretrend,-0.0007248816437573756,0.0,0.03325166186166672,-0.009352835196094823,-0.00032031029385193554,0.004251371829508462,0.013964610760163174,0.5486666666666666,1.0,1.0,-0.0,correction_completion,PT_violation_g40,1,200,16,3648387821,raw_structured,,,,
PRE_SUBC,X1_k=-2,,,-2.0,pretrend,-0.0007727751367219199,0.0,0.019713504289887055,-0.0044722524481446285,-1.3322676295501878e-15,1.1657341758564144e-15,0.0010839451590561665,0.5826666666666667,1.0,1.0,-0.0,correction_completion,PT_violation_g40,1,200,16,3648387821,raw_structured,,,,
PRE_SUBC,X1_slope,,,,pretrend,0.0004977991628677748,0.0,0.014347926368231952,-0.009166102138464393,-0.0031886225541038144,0.0013860030899304908,0.008489448310017692,0.506,1.0,1.0,0.0,correction_completion,PT_violation_g40,1,200,16,3648387821,raw_structured,,,,
PRE_SUBC,X2_k=-4,,,-4.0,pretrend,-0.022210468268959383,0.0,0.09506729262168867,-0.35259263723689405,-0.20476006304148328,1.1102230246251565e-15,1.7763568394002505e-15,0.55,1.0,1.0,3.3306690738754696e-16,correction_completion,PT_violation_g40,1,200,16,3648387821,raw_structured,,,,
PRE_SUBC,X2_k=-3,,,-3.0,pretrend,-0.02096757664564092,0.0,0.09051847020744971,-0.34723725867594213,-0.18631716296673692,8.881784197001252e-16,1.3322676295501878e-15,0.5286666666666666,1.0,1.0,2.220446049250313e-16,correction_completion,PT_violation_g40,1,200,16,3648387821,raw_structured,,,,
PRE_SUBC,X2_k=-2,,,-2.0,pretrend,-0.005363610982506413,0.0,0.04429569710836262,-0.12098471608802129,-8.881784197001252e-16,6.661338147750939e-16,9.992007221626409e-16,0.5913333333333334,1.0,1.0,1.1102230246251565e-16,correction_completion,PT_violation_g40,1,200,16,3648387821,raw_structured,,,,
PRE_SUBC,X2_slope,,,,pretrend,0.0081378692200476,7.93016446160826e-18,0.03448573145782055,-5.680475930905767e-16,-3.528923185415676e-16,0.07367205462510773,0.13010851505777085,0.486,0.972,0.972,-1.1102230246251565e-16,correction_completion,PT_violation_g40,1,200,16,3648387821,raw_structured,,,,
PRE,k=-4,,,-4.0,reference_fold_pretrend,-0.9344841812955671,-0.9305207374685054,0.1758387422874044,-1.2846919307624796,-1.2196461030473589,-0.645110105496952,-0.5951948468477164,0.0,0.0,0.0,-1.1999999999999995,correction_completion,PT_violation_g40,1,200,16,3648387821,reference_fold_convolution_rf,,,,
PRE,k=-3,,,-3.0,reference_fold_pretrend,-0.6226667665616593,-0.618938951720356,0.1758330312537257,-0.9738638563492958,-0.9254590237890501,-0.34017086109279226,-0.2821637679642335,0.0006666666666666666,0.0013333333333333333,0.0013333333333333333,-0.7999999999999997,correction_completion,PT_violation_g40,1,200,16,3648387821,reference_fold_convolution_rf,,,,
PRE,k=-2,,,-2.0,reference_fold_pretrend,-0.3175157627387944,-0.3122774044085652,0.17002526299291468,-0.666255569926772,-0.6131535738756944,-0.040154154032391406,0.0,0.03333333333333333,0.06666666666666667,0.06666666666666667,-0.39999999999999986,correction_completion,PT_violation_g40,1,200,16,3648387821,reference_fold_convolution_rf,,,,
PRE,slope,,,,reference_fold_pretrend,0.311878702839201,0.31037614463104535,0.06276104481224144,0.1938171808376898,0.21278522783514897,0.41877176257814386,0.43813231993137053,0.0,0.0,0.0,0.39999999999999986,correction_completion,PT_violation_g40,1,200,16,3648387821,reference_fold_convolution_rf,,,,
PRE_SUB,X1=0_k=-4,,,-4.0,reference_fold_pretrend,-0.8975514547091843,-0.8953548464732837,0.18356951780201086,-1.2592187763796554,-1.2030269847467738,-0.6001658038876871,-0.5437717762409168,0.0,0.0,0.0,-1.1999999999999997,correction_completion,PT_violation_g40,1,200,16,3648387821,reference_fold_convolution_rf,,,,
PRE_SUB,X1=0_k=-3,,,-3.0,reference_fold_pretrend,-0.606439740011373,-0.6011063367560733,0.18461595841645725,-0.9742596004724441,-0.9207314855092524,-0.3011802104794599,-0.24584910063991444,0.0013333333333333333,0.0026666666666666666,0.0026666666666666666,-0.7999999999999998,correction_completion,PT_violation_g40,1,200,16,3648387821,reference_fold_convolution_rf,,,,
PRE_SUB,X1=0_k=-2,,,-2.0,reference_fold_pretrend,-0.28739888656158474,-0.27399029270169806,0.17644311272758323,-0.6562283710984789,-0.6047285904285831,0.0,0.01381356655128087,0.05533333333333333,0.11066666666666666,0.11066666666666666,-0.3999999999999999,correction_completion,PT_violation_g40,1,200,16,3648387821,reference_fold_convolution_rf,,,,
PRE_SUB,X1=1_k=-4,,,-4.0,reference_fold_pretrend,-0.9656235390056545,-0.9631395858446995,0.1841465404587378,-1.3281167643462595,-1.2691782532906402,-0.668014960109447,-0.6093289716467295,0.0,0.0,0.0,-1.1999999999999997,correction_completion,PT_violation_g40,1,200,16,3648387821,reference_fold_convolution_rf,,,,
PRE_SUB,X1=1_k=-3,,,-3.0,reference_fold_pretrend,-0.636348377182489,-0.6369778193823269,0.18231916868720982,-0.9949262643359238,-0.9370061974172434,-0.3427633130606645,-0.28153409041521993,0.0006666666666666666,0.0013333333333333333,0.0013333333333333333,-0.7999999999999998,correction_completion,PT_violation_g40,1,200,16,3648387821,reference_fold_convolution_rf,,,,
PRE_SUB,X1=1_k=-2,,,-2.0,reference_fold_pretrend,-0.3429084230450692,-0.3425005923438944,0.1775542384467285,-0.6881261225649171,-0.6376896059279237,-0.05372701518873725,0.0,0.032,0.064,0.064,-0.3999999999999999,correction_completion,PT_violation_g40,1,200,16,3648387821,reference_fold_convolution_rf,,,,
PRE_SUB,X2=low_k=-4,,,-4.0,reference_fold_pretrend,-0.9286302803662071,-0.9253372343459826,0.17895930237630053,-1.28469193076248,-1.2186082014924862,-0.6392454648017015,-0.5726070417328613,0.0,0.0,0.0,-1.2000000000000004,correction_completion,PT_violation_g40,1,200,16,3648387821,reference_fold_convolution_rf,,,,
PRE_SUB,X2=low_k=-3,,,-3.0,reference_fold_pretrend,-0.6174206894840748,-0.6141621715556176,0.1776111810737185,-0.9738638563492955,-0.9254899635630487,-0.3312472676738675,-0.26840854369773276,0.0006666666666666666,0.0013333333333333333,0.0013333333333333333,-0.8000000000000003,correction_completion,PT_violation_g40,1,200,16,3648387821,reference_fold_convolution_rf,,,,
PRE_SUB,X2=low_k=-2,,,-2.0,reference_fold_pretrend,-0.31617649217355126,-0.31058314606968096,0.1698947135378134,-0.6656327755661703,-0.6134318045301699,-0.036796125405589075,0.0,0.03333333333333333,0.06666666666666667,0.06666666666666667,-0.40000000000000013,correction_completion,PT_violation_g40,1,200,16,3648387821,reference_fold_convolution_rf,,,,
PRE_SUB,X2=high_k=-4,,,-4.0,reference_fold_pretrend,-0.9423435000722344,-0.9402962195803799,0.17900674253046067,-1.2947454767004094,-1.2290802243488719,-0.646648348056687,-0.5974808940443215,0.0,0.0,0.0,-1.2000000000000002,correction_completion,PT_violation_g40,1,200,16,3648387821,reference_fold_convolution_rf,,,,
PRE_SUB,X2=high_k=-3,,,-3.0,reference_fold_pretrend,-0.6214251126837491,-0.6182306899135407,0.17840687996826038,-0.9756613073876007,-0.9239330590043354,-0.33434707170249806,-0.27528927622042243,0.0013333333333333333,0.0026666666666666666,0.0026666666666666666,-0.8,correction_completion,PT_violation_g40,1,200,16,3648387821,reference_fold_convolution_rf,,,,
PRE_SUB,X2=high_k=-2,,,-2.0,reference_fold_pretrend,-0.31913192028332893,-0.3139883277666724,0.17287103870465223,-0.669963497956203,-0.6192484475170364,-0.029433781662478693,0.0,0.037333333333333336,0.07466666666666667,0.07466666666666667,-0.4,correction_completion,PT_violation_g40,1,200,16,3648387821,reference_fold_convolution_rf,,,,
PRE_SUBC,X1_k=-4,,,-4.0,reference_fold_pretrend,-0.06807208429647026,-0.05129598870688862,0.10797658066105215,-0.3769083890326491,-0.2804462657279653,0.05792306949476514,0.08499066060754239,0.22266666666666668,0.44533333333333336,0.44533333333333336,-0.0,correction_completion,PT_violation_g40,1,200,16,3648387821,reference_fold_convolution_rf,,,,
PRE_SUBC,X1_k=-3,,,-3.0,reference_fold_pretrend,-0.029908637171115946,-0.013789277775561826,0.10446644517650969,-0.3315020728158221,-0.2586189628119394,0.09112074279748285,0.11645514580635115,0.4166666666666667,0.8333333333333334,0.8333333333333334,-0.0,correction_completion,PT_violation_g40,1,200,16,3648387821,reference_fold_convolution_rf,,,,
PRE_SUBC,X1_k=-2,,,-2.0,reference_fold_pretrend,-0.05550953648348443,-0.04263293336802784,0.0990912217192654,-0.3519908019909711,-0.27605985771941227,0.059006912242390595,0.07937626621455156,0.258,0.516,0.516,-0.0,correction_completion,PT_violation_g40,1,200,16,3648387821,reference_fold_convolution_rf,,,,
PRE_SUBC,X1_slope,,,,reference_fold_pretrend,0.02282450455108051,0.015480041539279229,0.04271274619455159,-0.032093660899142465,-0.022681794057735523,0.11459330327775002,0.15372056916953447,0.2633333333333333,0.5266666666666666,0.5266666666666666,0.0,correction_completion,PT_violation_g40,1,200,16,3648387821,reference_fold_convolution_rf,,,,
PRE_SUBC,X2_k=-4,,,-4.0,reference_fold_pretrend,-0.013713219706027286,-0.009236951907438895,0.059483928848302864,-0.1947517713350881,-0.0976965507343154,0.056900875591583466,0.08173709671355743,0.302,0.604,0.604,3.3306690738754696e-16,correction_completion,PT_violation_g40,1,200,16,3648387821,reference_fold_convolution_rf,,,,
PRE_SUBC,X2_k=-3,,,-3.0,reference_fold_pretrend,-0.004004423199674294,-0.0006286315450393654,0.054542564917732864,-0.16924352890084782,-0.07600326806396406,0.06061523211585319,0.08264784528521259,0.484,0.968,0.968,2.220446049250313e-16,correction_completion,PT_violation_g40,1,200,16,3648387821,reference_fold_convolution_rf,,,,
PRE_SUBC,X2_k=-2,,,-2.0,reference_fold_pretrend,-0.0029554281097776192,-0.006001538788480532,0.03656771803991565,-0.046436788300744256,-0.02740598400715726,0.05434462116238024,0.07824992260713569,0.35533333333333333,0.7106666666666667,0.7106666666666667,1.1102230246251565e-16,correction_completion,PT_violation_g40,1,200,16,3648387821,reference_fold_convolution_rf,,,,
PRE_SUBC,X2_slope,,,,reference_fold_pretrend,0.0037217095448005763,0.0024932539511613927,0.02180314616903355,-0.03469190475850802,-0.024330596370783657,0.03698410407272355,0.06925282693791984,0.3373333333333333,0.6746666666666666,0.6746666666666666,-1.1102230246251565e-16,correction_completion,PT_violation_g40,1,200,16,3648387821,reference_fold_convolution_rf,,,,
PRE,k=-4,,,-4.0,pretrend,0.07617941872342013,0.07056883979054794,0.16872664426713602,-0.26474325677701244,-0.2010407534267584,0.35036269518412166,0.4025717864518087,0.36733333333333335,0.7346666666666667,0.7346666666666667,-0.01685393258426967,correction_completion,PT_violation_het10,1,200,0,1901787762,raw_structured,,,,
PRE,k=-3,,,-3.0,pretrend,0.07866445187405244,0.05602761571484084,0.1549973098474289,-0.22268321880632175,-0.16610290808877068,0.34654298476541034,0.4019212336085991,0.4086666666666667,0.8173333333333334,0.8173333333333334,-0.011235955056179778,correction_completion,PT_violation_het10,1,200,0,1901787762,raw_structured,,,,
PRE,k=-2,,,-2.0,pretrend,-0.05567467271409269,0.0,0.13882030989956753,-0.41370088773416835,-0.3395211322772812,0.12871506472264901,0.1778281335423728,0.6006666666666667,1.0,1.0,-0.005617977528089889,correction_completion,PT_violation_het10,1,200,0,1901787762,raw_structured,,,,
PRE,slope,,,,pretrend,-0.023585177657448043,-0.02197370652155578,0.05946164247219647,-0.13902716936629067,-0.11801104067411372,0.0778863157273024,0.10401145642366452,0.37933333333333336,0.7586666666666667,0.7586666666666667,0.005617977528089889,correction_completion,PT_violation_het10,1,200,0,1901787762,raw_structured,,,,
PRE_SUB,X1=0_k=-4,,,-4.0,pretrend,0.08253807682197191,0.07653398016921392,0.1715110786672185,-0.2570042598333354,-0.1976797709701222,0.35556890021417265,0.4313009664038465,0.364,0.728,0.728,0.29999999999999993,correction_completion,PT_violation_het10,1,200,0,1901787762,raw_structured,,,,
PRE_SUB,X1=0_k=-3,,,-3.0,pretrend,0.08213738109848644,0.05939232553747523,0.1565111526257938,-0.22268321880632172,-0.16091390160962257,0.353218464684197,0.40483749965324173,0.4046666666666667,0.8093333333333333,0.8093333333333333,0.19999999999999996,correction_completion,PT_violation_het10,1,200,0,1901787762,raw_structured,,,,
PRE_SUB,X1=0_k=-2,,,-2.0,pretrend,-0.05347743125865243,0.0,0.1383444061386098,-0.4089897772594195,-0.3373620374507964,0.13291775369252978,0.1918983844274914,0.6053333333333333,1.0,1.0,0.09999999999999998,correction_completion,PT_violation_het10,1,200,0,1901787762,raw_structured,,,,
PRE_SUB,X1=1_k=-4,,,-4.0,pretrend,0.07049721361407596,0.062131413383064486,0.17276215170268716,-0.27199654255178124,-0.2130693068931341,0.3474083866380672,0.4020503644922302,0.384,0.768,0.768,-0.2999999999999998,correction_completion,PT_violation_het10,1,200,0,1901787762,raw_structured,,,,
PRE_SUB,X1=1_k=-3,,,-3.0,pretrend,0.07556098320540929,0.05298698865975635,0.15778023752239098,-0.23587845774634167,-0.17226636817069646,0.34433457643601567,0.3968132650332935,0.4146666666666667,0.8293333333333334,0.8293333333333334,-0.1999999999999999,correction_completion,PT_violation_het10,1,200,0,1901787762,raw_structured,,,,
PRE_SUB,X1=1_k=-2,,,-2.0,pretrend,-0.05763816507852869,0.0,0.14243158937471165,-0.4215047022039367,-0.34513562189659064,0.12871506472264888,0.17782813354237292,0.5986666666666667,1.0,1.0,-0.09999999999999995,correction_completion,PT_violation_het10,1,200,0,1901787762,raw_structured,,,,
PRE_SUB,X2=low_k=-4,,,-4.0,pretrend,0.07919191137826065,0.0730386264815773,0.16808544112114698,-0.25720543929762446,-0.19767977097012226,0.3509142501611576,0.4032706903673236,0.36333333333333334,0.7266666666666667,0.7266666666666667,-0.040000000000000015,correction_completion,PT_violation_het10,1,200,0,1901787762,raw_structured,,,,
PRE_SUB,X2=low_k=-3,,,-3.0,pretrend,0.08182294157874935,0.057511272077251235,0.1555030912924568,-0.21612194443995997,-0.1606237027278223,0.3479175346057234,0.402571786451809,0.406,0.812,0.812,-0.026666666666666675,correction_completion,PT_violation_het10,1,200,0,1901787762,raw_structured,,,,
PRE_SUB,X2=low_k=-2,,,-2.0,pretrend,-0.052649557611679325,0.0,0.13834609895459107,-0.41074586838249016,-0.3380991623992676,0.1325908358421482,0.18682693366375752,0.608,1.0,1.0,-0.013333333333333338,correction_completion,PT_violation_het10,1,200,0,1901787762,raw_structured,,,,
PRE_SUB,X2=high_k=-4,,,-4.0,pretrend,0.07309827859980707,0.06731566605722827,0.1742890863567185,-0.26982897487812024,-0.20778329126184478,0.3510327596835779,0.4032706903673233,0.374,0.748,0.748,-0.020000000000000004,correction_completion,PT_violation_het10,1,200,0,1901787762,raw_structured,,,,
PRE_SUB,X2=high_k=-3,,,-3.0,pretrend,0.07579151278958877,0.05298698865975662,0.15968362969350483,-0.23838261183220352,-0.1729209919924085,0.3455747835764831,0.40257178645180874,0.41533333333333333,0.8306666666666667,0.8306666666666667,-0.013333333333333336,correction_completion,PT_violation_het10,1,200,0,1901787762,raw_structured,,,,
PRE_SUB,X2=high_k=-2,,,-2.0,pretrend,-0.058156696380402405,0.0,0.1428779325976896,-0.4314490605389965,-0.34604465155402947,0.12600820023999618,0.17977747089705948,0.5973333333333334,1.0,1.0,-0.006666666666666668,correction_completion,PT_violation_het10,1,200,0,1901787762,raw_structured,,,,
PRE_SUBC,X1_k=-4,,,-4.0,pretrend,-0.012040863207895948,0.0,0.06865983978788683,-0.2296339529064679,-0.08462392458174808,4.052314068606024e-06,0.01118436637618433,0.5246666666666666,1.0,1.0,-0.5999999999999998,correction_completion,PT_violation_het10,1,200,0,1901787762,raw_structured,,,,
PRE_SUBC,X1_k=-3,,,-3.0,pretrend,-0.006576397893077155,0.0,0.052320934714888676,-0.13009678869809305,-0.0023089472235147076,1.0547118733938987e-15,0.008906997225315938,0.5826666666666667,1.0,1.0,-0.39999999999999986,correction_completion,PT_violation_het10,1,200,0,1901787762,raw_structured,,,,
PRE_SUBC,X1_k=-2,,,-2.0,pretrend,-0.00416073381987625,0.0,0.0436176279094463,-0.0029431085102445236,-5.8425486670898855e-16,6.661338147750939e-16,0.0020181357186214513,0.7213333333333334,1.0,1.0,-0.19999999999999993,correction_completion,PT_violation_het10,1,200,0,1901787762,raw_structured,,,,
PRE_SUBC,X1_slope,,,,pretrend,0.003816865659265601,0.0,0.02327042127167481,-0.004042588239221018,-9.507926440214077e-16,0.028118873420328705,0.06731741009654194,0.52,1.0,1.0,0.19999999999999993,correction_completion,PT_violation_het10,1,200,0,1901787762,raw_structured,,,,
PRE_SUBC,X2_k=-4,,,-4.0,pretrend,-0.0060936327784535714,0.0,0.05901412654079539,-0.05715567028200625,-0.004663288856691115,0.003899425944170931,0.009405668280780132,0.552,1.0,1.0,0.02000000000000001,correction_completion,PT_violation_het10,1,200,0,1901787762,raw_structured,,,,
PRE_SUBC,X2_k=-3,,,-3.0,pretrend,-0.006031428789160579,0.0,0.05633119623597421,-0.03580988296005362,-0.001369094380439765,1.0756152912794176e-15,0.0048165620132822615,0.5906666666666667,1.0,1.0,0.01333333333333334,correction_completion,PT_violation_het10,1,200,0,1901787762,raw_structured,,,,
PRE_SUBC,X2_k=-2,,,-2.0,pretrend,-0.00550713876872308,0.0,0.04977830813592617,-0.011716709498093638,-6.661338147750939e-16,5.134781488891349e-16,1.0547118733938987e-15,0.7266666666666667,1.0,1.0,0.00666666666666667,correction_completion,PT_violation_het10,1,200,0,1901787762,raw_structured,,,,
PRE_SUBC,X2_slope,,,,pretrend,0.0025607781916003537,0.0,0.023757265670806323,-0.0026154796725016663,-0.0012482303734847827,0.0016606640817876943,0.02073481631148584,0.548,1.0,1.0,-0.00666666666666667,correction_completion,PT_violation_het10,1,200,0,1901787762,raw_structured,,,,
PRE,k=-4,,,-4.0,reference_fold_pretrend,0.033090307883145376,0.025201237637676458,0.15724700558931823,-0.26754897575629594,-0.22326533531268755,0.2897216759788391,0.33988925166305123,0.4186666666666667,0.8373333333333334,0.8373333333333334,-0.01685393258426967,correction_completion,PT_violation_het10,1,200,0,1901787762,reference_fold_convolution_rf,,,,
PRE,k=-3,,,-3.0,reference_fold_pretrend,0.02827252029902191,0.02093127787208644,0.14619904113890989,-0.24617661713740194,-0.2020154274091725,0.27544528137185303,0.3287448600032443,0.436,0.872,0.872,-0.011235955056179778,correction_completion,PT_violation_het10,1,200,0,1901787762,reference_fold_convolution_rf,,,,
PRE,k=-2,,,-2.0,reference_fold_pretrend,-0.07866076973336017,-0.05577704934708884,0.1251138477505897,-0.34059952418027195,-0.3028938578491682,0.10543430261355521,0.1461929004450093,0.3393333333333333,0.6786666666666666,0.6786666666666666,-0.005617977528089889,correction_completion,PT_violation_het10,1,200,0,1901787762,reference_fold_convolution_rf,,,,
PRE,slope,,,,reference_fold_pretrend,-0.005511085322437125,-0.00557926262902547,0.056534493081590136,-0.11659963547690222,-0.09738186318185417,0.08877341628257822,0.10364722898914526,0.45866666666666667,0.9173333333333333,0.9173333333333333,0.005617977528089889,correction_completion,PT_violation_het10,1,200,0,1901787762,reference_fold_convolution_rf,,,,
PRE_SUB,X1=0_k=-4,,,-4.0,reference_fold_pretrend,0.04101802264887602,0.03293568996932969,0.16077726297115028,-0.2663517263401712,-0.22264098323187492,0.31482374068529223,0.36917988591010525,0.4106666666666667,0.8213333333333334,0.8213333333333334,0.29999999999999993,correction_completion,PT_violation_het10,1,200,0,1901787762,reference_fold_convolution_rf,,,,
PRE_SUB,X1=0_k=-3,,,-3.0,reference_fold_pretrend,0.03518053546216945,0.0280447847705086,0.1489857527852248,-0.24417213435322674,-0.20347438139655188,0.2847570801841631,0.35573637531365276,0.42133333333333334,0.8426666666666667,0.8426666666666667,0.19999999999999996,correction_completion,PT_violation_het10,1,200,0,1901787762,reference_fold_convolution_rf,,,,
PRE_SUB,X1=0_k=-2,,,-2.0,reference_fold_pretrend,-0.07387753608749358,-0.054783846144884005,0.12612963839861127,-0.3397562582401677,-0.2997179238668902,0.11594497381232041,0.15533574184100452,0.3506666666666667,0.7013333333333334,0.7013333333333334,0.09999999999999998,correction_completion,PT_violation_het10,1,200,0,1901787762,reference_fold_convolution_rf,,,,
PRE_SUB,X1=1_k=-4,,,-4.0,reference_fold_pretrend,0.026005967028662667,0.021931759827639917,0.15995246113233524,-0.2822577854490732,-0.23639341039557205,0.29078709589240137,0.3354225047189463,0.436,0.872,0.872,-0.2999999999999998,correction_completion,PT_violation_het10,1,200,0,1901787762,reference_fold_convolution_rf,,,,
PRE_SUB,X1=1_k=-3,,,-3.0,reference_fold_pretrend,0.02209940036599644,0.015212341782027046,0.14899051991350368,-0.26357081096439877,-0.218547454241291,0.27124070825451224,0.32426486751306843,0.4533333333333333,0.9066666666666666,0.9066666666666666,-0.1999999999999999,correction_completion,PT_violation_het10,1,200,0,1901787762,reference_fold_convolution_rf,,,,
PRE_SUB,X1=1_k=-2,,,-2.0,reference_fold_pretrend,-0.08293514873604947,-0.06091396342391746,0.12802074128044408,-0.3675576953842254,-0.31422800419570407,0.10415089370020167,0.14302826421674722,0.33466666666666667,0.6693333333333333,0.6693333333333333,-0.09999999999999995,correction_completion,PT_violation_het10,1,200,0,1901787762,reference_fold_convolution_rf,,,,
PRE_SUB,X2=low_k=-4,,,-4.0,reference_fold_pretrend,0.036971754827731414,0.029970772245795935,0.16020533314644064,-0.26906040898096706,-0.22094485324854202,0.30484212673664685,0.3649650751661754,0.4146666666666667,0.8293333333333334,0.8293333333333334,-0.040000000000000015,correction_completion,PT_violation_het10,1,200,0,1901787762,reference_fold_convolution_rf,,,,
PRE_SUB,X2=low_k=-3,,,-3.0,reference_fold_pretrend,0.03182952798063046,0.023927241886212453,0.14832354149497193,-0.24842962534099444,-0.20446248580141202,0.28747652034462073,0.3374489800563618,0.43,0.86,0.86,-0.026666666666666675,correction_completion,PT_violation_het10,1,200,0,1901787762,reference_fold_convolution_rf,,,,
PRE_SUB,X2=low_k=-2,,,-2.0,reference_fold_pretrend,-0.07549738031953267,-0.053651923341862445,0.12701512456967243,-0.3406280566742052,-0.301069252943319,0.11919586762607548,0.15818132186701508,0.344,0.688,0.688,-0.013333333333333338,correction_completion,PT_violation_het10,1,200,0,1901787762,reference_fold_convolution_rf,,,,
PRE_SUB,X2=high_k=-4,,,-4.0,reference_fold_pretrend,0.03506008161449168,0.027445276686872515,0.1615171241789494,-0.2751881360017348,-0.22992304967367297,0.2969529194907382,0.3477024499347066,0.416,0.832,0.832,-0.020000000000000004,correction_completion,PT_violation_het10,1,200,0,1901787762,reference_fold_convolution_rf,,,,
PRE_SUB,X2=high_k=-3,,,-3.0,reference_fold_pretrend,0.027099248362367705,0.017603565840907366,0.15185006726791672,-0.2597213599906588,-0.2073960648635702,0.2892893489907436,0.3449933506337105,0.43733333333333335,0.8746666666666667,0.8746666666666667,-0.013333333333333336,correction_completion,PT_violation_het10,1,200,0,1901787762,reference_fold_convolution_rf,,,,
PRE_SUB,X2=high_k=-2,,,-2.0,reference_fold_pretrend,-0.08256960062545109,-0.06049353696546754,0.1293623314208017,-0.3692009061218958,-0.3242392931833862,0.10436170414958028,0.13842438630675513,0.3393333333333333,0.6786666666666666,0.6786666666666666,-0.006666666666666668,correction_completion,PT_violation_het10,1,200,0,1901787762,reference_fold_convolution_rf,,,,
PRE_SUBC,X1_k=-4,,,-4.0,reference_fold_pretrend,-0.015012055620213353,0.0010196362828204832,0.06280508870104705,-0.21787361834188698,-0.16327879237278187,0.022576060177089213,0.030204458851352364,0.46066666666666667,0.9213333333333333,0.9213333333333333,-0.5999999999999998,correction_completion,PT_violation_het10,1,200,0,1901787762,reference_fold_convolution_rf,,,,
PRE_SUBC,X1_k=-3,,,-3.0,reference_fold_pretrend,-0.013081135096173004,0.0,0.057478757546337494,-0.20994084970614407,-0.14194487919265972,0.0198421194547184,0.024128775085049174,0.51,1.0,1.0,-0.39999999999999986,correction_completion,PT_violation_het10,1,200,0,1901787762,reference_fold_convolution_rf,,,,
PRE_SUBC,X1_k=-2,,,-2.0,reference_fold_pretrend,-0.009057612648555882,0.0,0.04519448552960653,-0.16238020250103294,-0.04878442292712725,0.015196399845791981,0.019750129189886067,0.538,1.0,1.0,-0.19999999999999993,correction_completion,PT_violation_het10,1,200,0,1901787762,reference_fold_convolution_rf,,,,
PRE_SUBC,X1_slope,,,,reference_fold_pretrend,0.005732574978681567,-0.0001564420931935339,0.02364491491358524,-0.010772941668858681,-0.007752256432048435,0.05683011068064721,0.08346625938548599,0.486,0.972,0.972,0.19999999999999993,correction_completion,PT_violation_het10,1,200,0,1901787762,reference_fold_convolution_rf,,,,
PRE_SUBC,X2_k=-4,,,-4.0,reference_fold_pretrend,-0.0019116732132397332,0.005328631199438376,0.055278203670975565,-0.15345473713074267,-0.08301919686811175,0.0629718607742741,0.07137804996939459,0.43533333333333335,0.8706666666666667,0.8706666666666667,0.02000000000000001,correction_completion,PT_violation_het10,1,200,0,1901787762,reference_fold_convolution_rf,,,,
PRE_SUBC,X2_k=-3,,,-3.0,reference_fold_pretrend,-0.004730279618262757,0.0006241157991911457,0.05137847662126116,-0.1480450819782892,-0.07289100240706836,0.053768272697953645,0.0628553244998387,0.486,0.972,0.972,0.01333333333333334,correction_completion,PT_violation_het10,1,200,0,1901787762,reference_fold_convolution_rf,,,,
PRE_SUBC,X2_k=-2,,,-2.0,reference_fold_pretrend,-0.007072220305918429,0.0,0.04681180828556454,-0.1312047019786415,-0.061566558821862065,0.04026679321998954,0.05094465584483749,0.5493333333333333,1.0,1.0,0.00666666666666667,correction_completion,PT_violation_het10,1,200,0,1901787762,reference_fold_convolution_rf,,,,
PRE_SUBC,X2_slope,,,,reference_fold_pretrend,0.001590557084440225,-0.0012358057059385875,0.0213593028211097,-0.025540032635560827,-0.02166979898094679,0.029525799277622035,0.05944359283525602,0.45866666666666667,0.9173333333333333,0.9173333333333333,-0.00666666666666667,correction_completion,PT_violation_het10,1,200,0,1901787762,reference_fold_convolution_rf,,,,
PRE,k=-4,,,-4.0,pretrend,-0.07952487733360397,-0.06710246547092596,0.157248143086315,-0.39773561964391424,-0.34743686148859376,0.17405783779456294,0.222755719160234,0.35933333333333334,0.7186666666666667,0.7186666666666667,-3.2025664171879517e-18,correction_completion,PT_violation_het10,3,200,184,3962033208,raw_structured,,,,
PRE,k=-3,,,-3.0,pretrend,-0.09657728786993401,-0.07791114528448007,0.15363658661089127,-0.42644227547744334,-0.35896597619869924,0.13422618532013328,0.1741331388212803,0.3606666666666667,0.7213333333333334,0.7213333333333334,-2.135044278125301e-18,correction_completion,PT_violation_het10,3,200,184,3962033208,raw_structured,,,,
PRE,k=-2,,,-2.0,pretrend,-0.03019130542343174,0.0,0.12753597365634597,-0.3108655703375841,-0.2565671628540745,0.17232571771362754,0.24187738890346794,0.634,1.0,1.0,-1.0675221390626506e-18,correction_completion,PT_violation_het10,3,200,184,3962033208,raw_structured,,,,
PRE,slope,,,,pretrend,0.032994322368865125,0.028539578237065898,0.05795904380983611,-0.07522107073980416,-0.05622440271894648,0.13465322666426166,0.15306010588997912,0.3333333333333333,0.6666666666666666,0.6666666666666666,1.0675221390626506e-18,correction_completion,PT_violation_het10,3,200,184,3962033208,raw_structured,,,,
PRE_SUB,X1=0_k=-4,,,-4.0,pretrend,-0.024925553004974177,-0.010666124887391827,0.1796528122963906,-0.37068516152873215,-0.31596492915503915,0.29645500216155546,0.35514198656123624,0.4706666666666667,0.9413333333333334,0.9413333333333334,0.2999999999999999,correction_completion,PT_violation_het10,3,200,184,3962033208,raw_structured,,,,
PRE_SUB,X1=0_k=-3,,,-3.0,pretrend,-0.045844177117687575,-0.013088489234046083,0.17462558589250343,-0.3888640336880513,-0.3371997139495125,0.2611301101926922,0.3283253964367095,0.47733333333333333,0.9546666666666667,0.9546666666666667,0.19999999999999993,correction_completion,PT_violation_het10,3,200,184,3962033208,raw_structured,,,,
PRE_SUB,X1=0_k=-2,,,-2.0,pretrend,0.0018343145435417393,0.0,0.1448708749033235,-0.2959616829995346,-0.24391979850053513,0.2728425490222105,0.3349752984073307,0.716,1.0,1.0,0.09999999999999996,correction_completion,PT_violation_het10,3,200,184,3962033208,raw_structured,,,,
PRE_SUB,X1=1_k=-4,,,-4.0,pretrend,-0.13412420166223377,-0.1062545146384116,0.19901582773221288,-0.5668761757242429,-0.496011845790005,0.15010321118085276,0.20393386408477,0.2986666666666667,0.5973333333333334,0.5973333333333334,-0.2999999999999999,correction_completion,PT_violation_het10,3,200,184,3962033208,raw_structured,,,,
PRE_SUB,X1=1_k=-3,,,-3.0,pretrend,-0.14731039862218043,-0.11470402438404316,0.19529613305427673,-0.5763956078155913,-0.5329082461325092,0.10619419795394706,0.16467572131785893,0.32066666666666666,0.6413333333333333,0.6413333333333333,-0.19999999999999993,correction_completion,PT_violation_het10,3,200,184,3962033208,raw_structured,,,,
PRE_SUB,X1=1_k=-2,,,-2.0,pretrend,-0.06221692539040522,0.0,0.15940282466275363,-0.4676304977675384,-0.3933513199187774,0.14492081867809084,0.20734146563920158,0.608,1.0,1.0,-0.09999999999999996,correction_completion,PT_violation_het10,3,200,184,3962033208,raw_structured,,,,
PRE_SUB,X2=low_k=-4,,,-4.0,pretrend,-0.08777219992996567,-0.07057071233535744,0.1621929918974519,-0.41551709355432936,-0.35834949507255687,0.17144488953060447,0.21485415465396765,0.3506666666666667,0.7013333333333334,0.7013333333333334,-0.06,correction_completion,PT_violation_het10,3,200,184,3962033208,raw_structured,,,,
PRE_SUB,X2=low_k=-3,,,-3.0,pretrend,-0.10469976725946227,-0.08846727580410187,0.1584415897758593,-0.4377479526169112,-0.3771795583739497,0.12621418013943747,0.17309132935385518,0.3546666666666667,0.7093333333333334,0.7093333333333334,-0.04,correction_completion,PT_violation_het10,3,200,184,3962033208,raw_structured,,,,
PRE_SUB,X2=low_k=-2,,,-2.0,pretrend,-0.036563961957696026,0.0,0.13072589994069925,-0.3256742761243292,-0.26897474789939846,0.16375452558935982,0.22924181755831818,0.6253333333333333,1.0,1.0,-0.02,correction_completion,PT_violation_het10,3,200,184,3962033208,raw_structured,,,,
PRE_SUB,X2=high_k=-4,,,-4.0,pretrend,-0.07622052869443963,-0.06225164315179535,0.1588962277973134,-0.4011567757519381,-0.34745042707903906,0.18381111405761497,0.23812141203087234,0.36133333333333334,0.7226666666666667,0.7226666666666667,0.04285714285714286,correction_completion,PT_violation_het10,3,200,184,3962033208,raw_structured,,,,
PRE_SUB,X2=high_k=-3,,,-3.0,pretrend,-0.09318491240261395,-0.07299983700612786,0.15488251521482818,-0.4260882666683623,-0.3625586658929601,0.14200018280603507,0.1821607013860597,0.368,0.736,0.736,0.02857142857142857,correction_completion,PT_violation_het10,3,200,184,3962033208,raw_structured,,,,
PRE_SUB,X2=high_k=-2,,,-2.0,pretrend,-0.026059640713804334,0.0,0.12726680821574782,-0.3015587552114348,-0.2546924688976332,0.17767456797880032,0.2488087257034689,0.638,1.0,1.0,0.014285714285714285,correction_completion,PT_violation_het10,3,200,184,3962033208,raw_structured,,,,
PRE_SUBC,X1_k=-4,,,-4.0,pretrend,-0.10919864865725958,-1.0581813203458523e-16,0.2117945969365205,-0.6814633017225193,-0.5882631459792006,9.99894611553031e-16,0.004682037793894379,0.438,0.876,0.876,-0.5999999999999998,correction_completion,PT_violation_het10,3,200,184,3962033208,raw_structured,,,,
PRE_SUBC,X1_k=-3,,,-3.0,pretrend,-0.10146622150449286,-3.8163916471489756e-17,0.2070085666988787,-0.6799783394594721,-0.5774406176161521,7.950237690401702e-16,1.609823385706477e-15,0.48,0.96,0.96,-0.39999999999999986,correction_completion,PT_violation_het10,3,200,184,3962033208,raw_structured,,,,
PRE_SUBC,X1_k=-2,,,-2.0,pretrend,-0.06405123993394696,0.0,0.16652916713161467,-0.5893623082071296,-0.4958301279638926,4.721917301608866e-16,6.836545218824587e-16,0.6513333333333333,1.0,1.0,-0.19999999999999993,correction_completion,PT_violation_het10,3,200,184,3962033208,raw_structured,,,,
PRE_SUBC,X1_slope,,,,pretrend,0.04246997349390796,3.0109843190168867e-17,0.08386402797055484,-0.001487708429678039,-3.570060913560269e-16,0.23558065896522362,0.27574297775105383,0.434,0.868,0.868,0.19999999999999993,correction_completion,PT_violation_het10,3,200,184,3962033208,raw_structured,,,,
PRE_SUBC,X2_k=-4,,,-4.0,pretrend,0.011551671235526046,5.551115123125783e-17,0.05924666438527888,-0.09548999766129607,-9.998946115530316e-16,0.09984558598294388,0.11803503110811094,0.456,0.912,0.912,0.10285714285714287,correction_completion,PT_violation_het10,3,200,184,3962033208,raw_structured,,,,
PRE_SUBC,X2_k=-3,,,-3.0,pretrend,0.01151485485684832,0.0,0.0555933012551555,-0.028551621818896894,-7.243337873941157e-16,0.09632536939276563,0.11718897100208361,0.5006666666666667,1.0,1.0,0.06857142857142857,correction_completion,PT_violation_het10,3,200,184,3962033208,raw_structured,,,,
PRE_SUBC,X2_k=-2,,,-2.0,pretrend,0.010504321243891692,0.0,0.03525151786967158,-5.551115123125783e-16,-3.75394160201381e-16,0.0859009560687971,0.10373185676801787,0.656,1.0,1.0,0.03428571428571429,correction_completion,PT_violation_het10,3,200,184,3962033208,raw_structured,,,,
PRE_SUBC,X2_slope,,,,pretrend,-0.0048706460474404615,-1.9825411154020653e-17,0.02174848770585297,-0.04780161151057781,-0.03984690906151823,3.2156816891821463e-16,0.027358682410979166,0.4493333333333333,0.8986666666666666,0.8986666666666666,-0.03428571428571429,correction_completion,PT_violation_het10,3,200,184,3962033208,raw_structured,,,,
PRE,k=-4,,,-4.0,reference_fold_pretrend,-0.1954399411641832,-0.19891511127107386,0.16992475029042983,-0.5265314719039702,-0.4647440143423486,0.07647534925556784,0.12949035209754528,0.12,0.24,0.24,-3.2025664171879517e-18,correction_completion,PT_violation_het10,3,200,184,3962033208,reference_fold_convolution_rf,,,,
PRE,k=-3,,,-3.0,reference_fold_pretrend,-0.20483154707881748,-0.19704377737222273,0.16406506301081325,-0.5247784253940558,-0.4815118485508064,0.04869788736516979,0.09250808481811129,0.10533333333333333,0.21066666666666667,0.21066666666666667,-2.135044278125301e-18,correction_completion,PT_violation_het10,3,200,184,3962033208,reference_fold_convolution_rf,,,,
PRE,k=-2,,,-2.0,reference_fold_pretrend,-0.11545735791604458,-0.10993525911085579,0.15311008094878367,-0.4429929668716222,-0.378904541057216,0.12783692488978035,0.1729584852182957,0.24933333333333332,0.49866666666666665,0.49866666666666665,-1.0675221390626506e-18,correction_completion,PT_violation_het10,3,200,184,3962033208,reference_fold_convolution_rf,,,,
PRE,slope,,,,reference_fold_pretrend,0.07938859111187352,0.0789538455170131,0.06451904905776874,-0.04142981974990722,-0.025469677711175576,0.18176529704781755,0.20576753245179277,0.108,0.216,0.216,1.0675221390626506e-18,correction_completion,PT_violation_het10,3,200,184,3962033208,reference_fold_convolution_rf,,,,
PRE_SUB,X1=0_k=-4,,,-4.0,reference_fold_pretrend,-0.04597747307655785,-0.05020987989157888,0.19153170000364594,-0.40195100431856656,-0.3447399302528581,0.2682347577583342,0.33802900132165836,0.394,0.788,0.788,0.2999999999999999,correction_completion,PT_violation_het10,3,200,184,3962033208,reference_fold_convolution_rf,,,,
PRE_SUB,X1=0_k=-3,,,-3.0,reference_fold_pretrend,-0.05801757727467529,-0.06344297436151072,0.18715049494504715,-0.4162864092145811,-0.3623885574993851,0.24415993067899086,0.3036693152451146,0.38066666666666665,0.7613333333333333,0.7613333333333333,0.19999999999999993,correction_completion,PT_violation_het10,3,200,184,3962033208,reference_fold_convolution_rf,,,,
PRE_SUB,X1=0_k=-2,,,-2.0,reference_fold_pretrend,0.0031985983580078057,0.0,0.17972086466929843,-0.3215968094754529,-0.28848982800888134,0.31196665130593904,0.36201770051412085,0.5186666666666667,1.0,1.0,0.09999999999999996,correction_completion,PT_violation_het10,3,200,184,3962033208,reference_fold_convolution_rf,,,,
PRE_SUB,X1=1_k=-4,,,-4.0,reference_fold_pretrend,-0.3449024092518086,-0.3451443298497002,0.19879632150384835,-0.740706904307346,-0.6607432040608883,-0.011394347464527051,0.045842280872412836,0.044,0.088,0.088,-0.2999999999999999,correction_completion,PT_violation_het10,3,200,184,3962033208,reference_fold_convolution_rf,,,,
PRE_SUB,X1=1_k=-3,,,-3.0,reference_fold_pretrend,-0.35164551688295964,-0.34724880617513787,0.192652779235365,-0.7307408740634751,-0.6753289563015308,-0.040727462823515734,0.003375054991325649,0.030666666666666665,0.06133333333333333,0.06133333333333333,-0.19999999999999993,correction_completion,PT_violation_het10,3,200,184,3962033208,reference_fold_convolution_rf,,,,
PRE_SUB,X1=1_k=-2,,,-2.0,reference_fold_pretrend,-0.23411331419009698,-0.22526874362001614,0.18124030302049646,-0.6002479807055516,-0.5442540645912194,0.029861285904629543,0.09250657989707799,0.10733333333333334,0.21466666666666667,0.21466666666666667,-0.09999999999999996,correction_completion,PT_violation_het10,3,200,184,3962033208,reference_fold_convolution_rf,,,,
PRE_SUB,X2=low_k=-4,,,-4.0,reference_fold_pretrend,-0.25198875890230377,-0.25046500288638796,0.1823052309757424,-0.6193750533053516,-0.5516551831892431,0.037213460541149754,0.08743144162178108,0.08266666666666667,0.16533333333333333,0.16533333333333333,-0.06,correction_completion,PT_violation_het10,3,200,184,3962033208,reference_fold_convolution_rf,,,,
PRE_SUB,X2=low_k=-3,,,-3.0,reference_fold_pretrend,-0.26421700115664853,-0.2533502846869333,0.17623881288890733,-0.6134322612294296,-0.5579533043269165,0.005166339458408793,0.05504727200104278,0.058,0.116,0.116,-0.04,correction_completion,PT_violation_het10,3,200,184,3962033208,reference_fold_convolution_rf,,,,
PRE_SUB,X2=low_k=-2,,,-2.0,reference_fold_pretrend,-0.18053953983242582,-0.16725841730385282,0.16640814495176157,-0.5258251409205389,-0.4716046423649987,0.06391644835191539,0.09600555294205525,0.15533333333333332,0.31066666666666665,0.31066666666666665,-0.02,correction_completion,PT_violation_het10,3,200,184,3962033208,reference_fold_convolution_rf,,,,
PRE_SUB,X2=high_k=-4,,,-4.0,reference_fold_pretrend,-0.17980439804921486,-0.18254379873796722,0.1748362690238383,-0.514754186167906,-0.4546818287110805,0.10605468183950742,0.17091844166836506,0.14533333333333334,0.2906666666666667,0.2906666666666667,0.04285714285714286,correction_completion,PT_violation_het10,3,200,184,3962033208,reference_fold_convolution_rf,,,,
PRE_SUB,X2=high_k=-3,,,-3.0,reference_fold_pretrend,-0.1865491244575923,-0.18420388469927004,0.1688663771423054,-0.514754186167906,-0.4667928668056918,0.07527988389509416,0.13181056249134637,0.13666666666666666,0.2733333333333333,0.2733333333333333,0.02857142857142857,correction_completion,PT_violation_het10,3,200,184,3962033208,reference_fold_convolution_rf,,,,
PRE_SUB,X2=high_k=-2,,,-2.0,reference_fold_pretrend,-0.08623134871050456,-0.08739833489494794,0.1545367917219244,-0.40389422277048154,-0.34988261294696377,0.16437039626124625,0.2202343510084834,0.29933333333333334,0.5986666666666667,0.5986666666666667,0.014285714285714285,correction_completion,PT_violation_het10,3,200,184,3962033208,reference_fold_convolution_rf,,,,
PRE_SUBC,X1_k=-4,,,-4.0,reference_fold_pretrend,-0.2989249361752508,-0.3202886057287814,0.1921225027279116,-0.673304757705709,-0.618137067415676,0.007022491356558439,0.02026496522381201,0.06533333333333333,0.13066666666666665,0.13066666666666665,-0.5999999999999998,correction_completion,PT_violation_het10,3,200,184,3962033208,reference_fold_convolution_rf,,,,
PRE_SUBC,X1_k=-3,,,-3.0,reference_fold_pretrend,-0.2936279396082844,-0.3154669067353769,0.19134111583139765,-0.6684333697124635,-0.5991879417874442,0.004665258907013964,0.01744981976825294,0.06333333333333334,0.12666666666666668,0.12666666666666668,-0.39999999999999986,correction_completion,PT_violation_het10,3,200,184,3962033208,reference_fold_convolution_rf,,,,
PRE_SUBC,X1_k=-2,,,-2.0,reference_fold_pretrend,-0.2373119125481048,-0.2596694665804033,0.1911138030606659,-0.5852441232294917,-0.5389407354631928,0.002624540588138339,0.015225593805332954,0.096,0.192,0.192,-0.19999999999999993,correction_completion,PT_violation_het10,3,200,184,3962033208,reference_fold_convolution_rf,,,,
PRE_SUBC,X1_slope,,,,reference_fold_pretrend,0.12295304287788757,0.13132904004091767,0.07905220713954875,-0.0056714162449175995,-0.00016655908326947044,0.24894274990319293,0.276666908261584,0.05266666666666667,0.10533333333333333,0.10533333333333333,0.19999999999999993,correction_completion,PT_violation_het10,3,200,184,3962033208,reference_fold_convolution_rf,,,,
PRE_SUBC,X2_k=-4,,,-4.0,reference_fold_pretrend,0.07218436085308891,0.07543093627553857,0.10306913544308403,-0.14233911222656412,-0.09303362609744525,0.2370680717311842,0.27391630979284076,0.228,0.456,0.456,0.10285714285714287,correction_completion,PT_violation_het10,3,200,184,3962033208,reference_fold_convolution_rf,,,,
PRE_SUBC,X2_k=-3,,,-3.0,reference_fold_pretrend,0.0776678766990562,0.07815997671066377,0.09817977342231318,-0.12656729121382781,-0.08122267650404948,0.23212463010558,0.26470495860321813,0.19,0.38,0.38,0.06857142857142857,correction_completion,PT_violation_het10,3,200,184,3962033208,reference_fold_convolution_rf,,,,
PRE_SUBC,X2_k=-2,,,-2.0,reference_fold_pretrend,0.09430819112192124,0.08985567813192985,0.08974092185768863,-0.06731593461637443,-0.038271530503345016,0.24538424103794207,0.27791044330733966,0.158,0.316,0.316,0.03428571428571429,correction_completion,PT_violation_het10,3,200,184,3962033208,reference_fold_convolution_rf,,,,
PRE_SUBC,X2_slope,,,,reference_fold_pretrend,-0.033299787648521456,-0.03308838122571441,0.03951585525362454,-0.10830290947783522,-0.09797546234123942,0.029964833798503933,0.04656795434734213,0.182,0.364,0.364,-0.03428571428571429,correction_completion,PT_violation_het10,3,200,184,3962033208,reference_fold_convolution_rf,,,,
PRE,k=-4,,,-4.0,pretrend,0.17826749079401139,0.1728412793712208,0.1993668314996343,-0.19015177891981,-0.1363325374029542,0.5090260654422499,0.5940973522686396,0.18866666666666668,0.37733333333333335,0.37733333333333335,0.03333333333333333,correction_completion,PT_violation_het20,3,200,168,1729045856,raw_structured,,,,
PRE,k=-3,,,-3.0,pretrend,-0.04018181626635177,-0.03473934954425826,0.18574380387262704,-0.4026263166108405,-0.3607624185413034,0.26269039118937343,0.30652594885793405,0.42933333333333334,0.8586666666666667,0.8586666666666667,0.022222222222222223,correction_completion,PT_violation_het20,3,200,168,1729045856,raw_structured,,,,
PRE,k=-2,,,-2.0,pretrend,-0.1283452963206343,-0.1262167859036094,0.17888024365334793,-0.47034035687592946,-0.4120293657806981,0.15417254509668998,0.23058272869269333,0.27466666666666667,0.5493333333333333,0.5493333333333333,0.011111111111111112,correction_completion,PT_violation_het20,3,200,168,1729045856,raw_structured,,,,
PRE,slope,,,,pretrend,-0.02329239596633545,-0.022652272331800886,0.0702804715439514,-0.1644286856295731,-0.13724665892009913,0.08946565650720481,0.10987720096854318,0.36466666666666664,0.7293333333333333,0.7293333333333333,-0.011111111111111112,correction_completion,PT_violation_het20,3,200,168,1729045856,raw_structured,,,,
PRE_SUB,X1=0_k=-4,,,-4.0,pretrend,0.4997542035704123,0.4981378636828751,0.23827345256692184,0.0019334240285223958,0.10524833346493696,0.9000203141499008,0.9636795589033867,0.025333333333333333,0.050666666666666665,0.050666666666666665,0.6,correction_completion,PT_violation_het20,3,200,168,1729045856,raw_structured,,,,
PRE_SUB,X1=0_k=-3,,,-3.0,pretrend,0.2753390824464467,0.28621129894541497,0.22658271993139112,-0.15419788997947712,-0.06827832136171487,0.6410113722701258,0.6978109718309714,0.148,0.296,0.296,0.39999999999999997,correction_completion,PT_violation_het20,3,200,168,1729045856,raw_structured,,,,
PRE_SUB,X1=0_k=-2,,,-2.0,pretrend,0.1752548559623534,0.16920902863294407,0.2247402264723608,-0.2578495712411399,-0.17450186026932676,0.5419510381937971,0.6114868873396082,0.30266666666666664,0.6053333333333333,0.6053333333333333,0.19999999999999998,correction_completion,PT_violation_het20,3,200,168,1729045856,raw_structured,,,,
PRE_SUB,X1=1_k=-4,,,-4.0,pretrend,-0.18104118819137785,-0.19649402650820197,0.2598060137300843,-0.6498842246125467,-0.5735719587059395,0.28056587953541273,0.3708492375653171,0.22733333333333333,0.45466666666666666,0.45466666666666666,-0.5999999999999999,correction_completion,PT_violation_het20,3,200,168,1729045856,raw_structured,,,,
PRE_SUB,X1=1_k=-3,,,-3.0,pretrend,-0.39282282071006774,-0.4050862056126449,0.2509839436567232,-0.8462321107918004,-0.8002189177200446,0.004242517526419147,0.09536273373363756,0.08133333333333333,0.16266666666666665,0.16266666666666665,-0.3999999999999999,correction_completion,PT_violation_het20,3,200,168,1729045856,raw_structured,,,,
PRE_SUB,X1=1_k=-2,,,-2.0,pretrend,-0.4676631135780911,-0.4859368368135771,0.2547898556854461,-0.9314227475981889,-0.8690656143972649,0.0,0.0,0.078,0.156,0.156,-0.19999999999999996,correction_completion,PT_violation_het20,3,200,168,1729045856,raw_structured,,,,
PRE_SUB,X2=low_k=-4,,,-4.0,pretrend,0.17314538267420923,0.16777121586371596,0.20202687889556797,-0.19793746361303877,-0.14917831735759693,0.5074591706640242,0.5964477123526655,0.19866666666666666,0.3973333333333333,0.3973333333333333,0.03333333333333333,correction_completion,PT_violation_het20,3,200,168,1729045856,raw_structured,,,,
PRE_SUB,X2=low_k=-3,,,-3.0,pretrend,-0.043458811297936696,-0.03856863540519087,0.18794964559851893,-0.4168312916729512,-0.3665685520494338,0.26248538577720854,0.30823728746663537,0.422,0.844,0.844,0.022222222222222223,correction_completion,PT_violation_het20,3,200,168,1729045856,raw_structured,,,,
PRE_SUB,X2=low_k=-2,,,-2.0,pretrend,-0.1302322712005544,-0.12700556496691728,0.1807855253897705,-0.4768918719404907,-0.4167942977898655,0.15417254509668984,0.22908872614165515,0.274,0.548,0.548,0.011111111111111112,correction_completion,PT_violation_het20,3,200,168,1729045856,raw_structured,,,,
PRE_SUB,X2=high_k=-4,,,-4.0,pretrend,0.1622600838531959,0.15688003364228367,0.20173471376241628,-0.21086168637317165,-0.15207192938383102,0.5056733808933663,0.5796231654793577,0.21133333333333335,0.4226666666666667,0.4226666666666667,-0.0,correction_completion,PT_violation_het20,3,200,168,1729045856,raw_structured,,,,
PRE_SUB,X2=high_k=-3,,,-3.0,pretrend,-0.05690484162123765,-0.05158526118967717,0.18738487978566953,-0.42185537503687254,-0.3749811623976373,0.24592867017198844,0.28977531463376327,0.39866666666666667,0.7973333333333333,0.7973333333333333,-0.0,correction_completion,PT_violation_het20,3,200,168,1729045856,raw_structured,,,,
PRE_SUB,X2=high_k=-2,,,-2.0,pretrend,-0.14536039765402564,-0.1440742788125105,0.17995389392678152,-0.4949066056479654,-0.43416775712595146,0.13740838048572748,0.2126320178453698,0.248,0.496,0.496,-0.0,correction_completion,PT_violation_het20,3,200,168,1729045856,raw_structured,,,,
PRE_SUBC,X1_k=-4,,,-4.0,pretrend,-0.6807953917617903,-0.7168002312700645,0.297725031306785,-1.1879583785541898,-1.104245401607063,-8.985867605559892e-17,1.6653345369377348e-16,0.04466666666666667,0.08933333333333333,0.08933333333333333,-1.1999999999999997,correction_completion,PT_violation_het20,3,200,168,1729045856,raw_structured,,,,
PRE_SUBC,X1_k=-3,,,-3.0,pretrend,-0.6681619031565146,-0.7116763848055492,0.29940636851460767,-1.1373600533181956,-1.082373558159878,0.0,8.326672684688674e-17,0.05733333333333333,0.11466666666666667,0.11466666666666667,-0.7999999999999998,correction_completion,PT_violation_het20,3,200,168,1729045856,raw_structured,,,,
PRE_SUBC,X1_k=-2,,,-2.0,pretrend,-0.6429179695404446,-0.6990445817631898,0.3187035132124927,-1.130724762457117,-1.0716072320310368,0.0,9.055256544598744e-17,0.09066666666666667,0.18133333333333335,0.18133333333333335,-0.3999999999999999,correction_completion,PT_violation_het20,3,200,168,1729045856,raw_structured,,,,
PRE_SUBC,X1_slope,,,,pretrend,0.2872591393670603,0.30538578276036277,0.12736437025071967,-4.8101403812442607e-17,3.5487485965696984e-17,0.46381361787282965,0.48699019726564907,0.04533333333333334,0.09066666666666667,0.09066666666666667,0.3999999999999999,correction_completion,PT_violation_het20,3,200,168,1729045856,raw_structured,,,,
PRE_SUBC,X2_k=-4,,,-4.0,pretrend,-0.010885298821013292,-0.019420800649397843,0.05762862683614731,-0.03635573314453305,-0.03150948060773105,0.005082360996994356,0.12554425468044408,0.09533333333333334,0.19066666666666668,0.19066666666666668,-0.03333333333333333,correction_completion,PT_violation_het20,3,200,168,1729045856,raw_structured,,,,
PRE_SUBC,X2_k=-3,,,-3.0,pretrend,-0.013446030323300946,-0.019362929004888882,0.04473168267843238,-0.03361670730941215,-0.03067417740408536,2.2308543901061645e-16,0.061805355507269004,0.09466666666666666,0.18933333333333333,0.18933333333333333,-0.022222222222222223,correction_completion,PT_violation_het20,3,200,168,1729045856,raw_structured,,,,
PRE_SUBC,X2_k=-2,,,-2.0,pretrend,-0.01512812645347123,-0.01913237455179218,0.033219697991227315,-0.03210797667254369,-0.029887713532540126,5.551115123125783e-17,0.00338168216148135,0.11866666666666667,0.23733333333333334,0.23733333333333334,-0.011111111111111112,correction_completion,PT_violation_het20,3,200,168,1729045856,raw_structured,,,,
PRE_SUBC,X2_slope,,,,pretrend,0.005334005968793785,0.008252233969139256,0.01931120193263952,-0.043438765931188214,-0.0010706771531421493,0.0132788221120939,0.015176760210178488,0.08866666666666667,0.17733333333333334,0.17733333333333334,0.011111111111111112,correction_completion,PT_violation_het20,3,200,168,1729045856,raw_structured,,,,
PRE,k=-4,,,-4.0,reference_fold_pretrend,0.14784084049692692,0.14276700360586486,0.1924477184391072,-0.23382206469461173,-0.16660845002824276,0.4677639416436646,0.5241530181557756,0.22133333333333333,0.44266666666666665,0.44266666666666665,0.03333333333333333,correction_completion,PT_violation_het20,3,200,168,1729045856,reference_fold_convolution_rf,,,,
PRE,k=-3,,,-3.0,reference_fold_pretrend,-0.050720943914859616,-0.046546499484983926,0.16485461099023724,-0.3777388816708912,-0.32477370860492416,0.21517484259474007,0.28166472492989103,0.37733333333333335,0.7546666666666667,0.7546666666666667,0.022222222222222223,correction_completion,PT_violation_het20,3,200,168,1729045856,reference_fold_convolution_rf,,,,
PRE,k=-2,,,-2.0,reference_fold_pretrend,-0.12337821447875486,-0.1184949291649538,0.1473781497904195,-0.424697595896514,-0.37327688220380695,0.1061243620503627,0.15223911244354033,0.228,0.456,0.456,0.011111111111111112,correction_completion,PT_violation_het20,3,200,168,1729045856,reference_fold_convolution_rf,,,,
PRE,slope,,,,reference_fold_pretrend,-0.015621601370164757,-0.015247821476126914,0.0661508718094877,-0.14587072956371835,-0.12194076110224217,0.09329015995181311,0.11664616894692924,0.39466666666666667,0.7893333333333333,0.7893333333333333,-0.011111111111111112,correction_completion,PT_violation_het20,3,200,168,1729045856,reference_fold_convolution_rf,,,,
PRE_SUB,X1=0_k=-4,,,-4.0,reference_fold_pretrend,0.3472272415916219,0.3273449344399161,0.22993345947990146,-0.07375720724480626,-0.005741999560798368,0.7461603227332912,0.8338673964331405,0.054,0.108,0.108,0.6,correction_completion,PT_violation_het20,3,200,168,1729045856,reference_fold_convolution_rf,,,,
PRE_SUB,X1=0_k=-3,,,-3.0,reference_fold_pretrend,0.11684194215246435,0.10701457932462982,0.1938764684470964,-0.24443658935750454,-0.19924662760282316,0.439473644380003,0.49751544516720025,0.27466666666666667,0.5493333333333333,0.5493333333333333,0.39999999999999997,correction_completion,PT_violation_het20,3,200,168,1729045856,reference_fold_convolution_rf,,,,
PRE_SUB,X1=0_k=-2,,,-2.0,reference_fold_pretrend,0.027488665976756286,0.006047611825309017,0.17759970277752604,-0.3104716337251535,-0.2594856286101973,0.32560793225640416,0.41542591278493046,0.48933333333333334,0.9786666666666667,0.9786666666666667,0.19999999999999998,correction_completion,PT_violation_het20,3,200,168,1729045856,reference_fold_convolution_rf,,,,
PRE_SUB,X1=1_k=-4,,,-4.0,reference_fold_pretrend,-0.07500278425596756,-0.07137041741307772,0.2368991629289721,-0.5537429292733161,-0.4673405951042002,0.29899817173305765,0.36710548110196617,0.37666666666666665,0.7533333333333333,0.7533333333333333,-0.5999999999999999,correction_completion,PT_violation_het20,3,200,168,1729045856,reference_fold_convolution_rf,,,,
PRE_SUB,X1=1_k=-3,,,-3.0,reference_fold_pretrend,-0.23799711069598642,-0.2332148719880974,0.2235792274689823,-0.676393565734682,-0.6044286854489058,0.11687588502377204,0.1875852415751866,0.13533333333333333,0.27066666666666667,0.27066666666666667,-0.3999999999999999,correction_completion,PT_violation_het20,3,200,168,1729045856,reference_fold_convolution_rf,,,,
PRE_SUB,X1=1_k=-2,,,-2.0,reference_fold_pretrend,-0.2919941396937379,-0.28625024345907524,0.21198053611855508,-0.7395260355691513,-0.6495981138716391,0.015035122613016504,0.059948759879912994,0.098,0.196,0.196,-0.19999999999999996,correction_completion,PT_violation_het20,3,200,168,1729045856,reference_fold_convolution_rf,,,,
PRE_SUB,X2=low_k=-4,,,-4.0,reference_fold_pretrend,0.16012183501720711,0.15534701341943263,0.20251603728646647,-0.23203640089559202,-0.1655988369218978,0.5154780136740899,0.5645945734626512,0.212,0.424,0.424,0.03333333333333333,correction_completion,PT_violation_het20,3,200,168,1729045856,reference_fold_convolution_rf,,,,
PRE_SUB,X2=low_k=-3,,,-3.0,reference_fold_pretrend,-0.06281540419130657,-0.06318050469130188,0.17333716594364942,-0.40152782438486107,-0.3444975107785178,0.22054215501190821,0.29136070719600843,0.35933333333333334,0.7186666666666667,0.7186666666666667,0.022222222222222223,correction_completion,PT_violation_het20,3,200,168,1729045856,reference_fold_convolution_rf,,,,
PRE_SUB,X2=low_k=-2,,,-2.0,reference_fold_pretrend,-0.13890335512480154,-0.13276750693094413,0.15463235130062114,-0.4425819210753068,-0.40033688606467505,0.10303119125077286,0.1467819950978088,0.21266666666666667,0.42533333333333334,0.42533333333333334,0.011111111111111112,correction_completion,PT_violation_het20,3,200,168,1729045856,reference_fold_convolution_rf,,,,
PRE_SUB,X2=high_k=-4,,,-4.0,reference_fold_pretrend,0.11847093477876926,0.11580009685966314,0.18969795946736742,-0.25272928728115857,-0.1931935201007624,0.4320720608003728,0.49470014251011896,0.256,0.512,0.512,-0.0,correction_completion,PT_violation_het20,3,200,168,1729045856,reference_fold_convolution_rf,,,,
PRE_SUB,X2=high_k=-3,,,-3.0,reference_fold_pretrend,-0.05512962881493459,-0.05060238991589329,0.16468878185405478,-0.3799594660256705,-0.32706691892346546,0.20994475783766176,0.26377697341729844,0.368,0.736,0.736,-0.0,correction_completion,PT_violation_het20,3,200,168,1729045856,reference_fold_convolution_rf,,,,
PRE_SUB,X2=high_k=-2,,,-2.0,reference_fold_pretrend,-0.12416266748193368,-0.11628040840213338,0.14823802433982947,-0.4383923966993574,-0.3826104258341101,0.10007347079325066,0.14155536340023006,0.22133333333333333,0.44266666666666665,0.44266666666666665,-0.0,correction_completion,PT_violation_het20,3,200,168,1729045856,reference_fold_convolution_rf,,,,
PRE_SUBC,X1_k=-4,,,-4.0,reference_fold_pretrend,-0.4222300258475895,-0.4180923352327052,0.26398958713324844,-0.9981345278774746,-0.8840771419174346,-0.023975090487202762,0.016388754416549543,0.032,0.064,0.064,-1.1999999999999997,correction_completion,PT_violation_het20,3,200,168,1729045856,reference_fold_convolution_rf,,,,
PRE_SUBC,X1_k=-3,,,-3.0,reference_fold_pretrend,-0.35483905284845074,-0.3506849294483342,0.2554741682258919,-0.9059866557802784,-0.822980889040485,0.030517744487934515,0.056715335068904686,0.09066666666666667,0.18133333333333335,0.18133333333333335,-0.7999999999999998,correction_completion,PT_violation_het20,3,200,168,1729045856,reference_fold_convolution_rf,,,,
PRE_SUBC,X1_k=-2,,,-2.0,reference_fold_pretrend,-0.3194828056704942,-0.3260502300044486,0.25452946781673463,-0.8831986059719532,-0.7920964317663916,0.033844512060465216,0.056091690664718,0.13733333333333334,0.27466666666666667,0.27466666666666667,-0.3999999999999999,correction_completion,PT_violation_het20,3,200,168,1729045856,reference_fold_convolution_rf,,,,
PRE_SUBC,X1_slope,,,,reference_fold_pretrend,0.16398935635072603,0.16172256724074024,0.10913273165880398,-0.010020676478568306,0.0016537584330405066,0.35971177250135,0.40116120898222635,0.04733333333333333,0.09466666666666666,0.09466666666666666,0.3999999999999999,correction_completion,PT_violation_het20,3,200,168,1729045856,reference_fold_convolution_rf,,,,
PRE_SUBC,X2_k=-4,,,-4.0,reference_fold_pretrend,-0.04165090023843784,-0.04199371110704374,0.07395867353588735,-0.19282918166581534,-0.16483472982077454,0.07849887532920195,0.10567227921976048,0.272,0.544,0.544,-0.03333333333333333,correction_completion,PT_violation_het20,3,200,168,1729045856,reference_fold_convolution_rf,,,,
PRE_SUBC,X2_k=-3,,,-3.0,reference_fold_pretrend,0.007685775376371987,0.007873648658680146,0.06777975838740488,-0.1267492764449151,-0.10414974300695745,0.11347694890121367,0.13413765481822237,0.45866666666666667,0.9173333333333333,0.9173333333333333,-0.022222222222222223,correction_completion,PT_violation_het20,3,200,168,1729045856,reference_fold_convolution_rf,,,,
PRE_SUBC,X2_k=-2,,,-2.0,reference_fold_pretrend,0.014740687642867864,0.014319103229223227,0.06240916097504673,-0.11635396760754782,-0.09334323350963791,0.11240858231938278,0.1318105007454682,0.404,0.808,0.808,-0.011111111111111112,correction_completion,PT_violation_het20,3,200,168,1729045856,reference_fold_convolution_rf,,,,
PRE_SUBC,X2_slope,,,,reference_fold_pretrend,0.006774318737121548,0.006069940926845406,0.027337127260131596,-0.0450141149081294,-0.037475502094719434,0.05183289523192301,0.06182290979205689,0.4093333333333333,0.8186666666666667,0.8186666666666667,0.011111111111111112,correction_completion,PT_violation_het20,3,200,168,1729045856,reference_fold_convolution_rf,,,,
PRE,k=-4,,,-4.0,pretrend,-0.07438965096807773,-0.08192047732488072,0.2034094342157582,-0.46777199643484935,-0.4005579554596857,0.2577278623635035,0.3187669433601092,0.358,0.716,0.716,0.21818181818181817,correction_completion,PT_violation_het40,3,200,152,2246328815,raw_structured,,,,
PRE,k=-3,,,-3.0,pretrend,-0.13471741002620982,-0.1356772061821554,0.20070609351558863,-0.5190403763656627,-0.4516228822619321,0.19877953845409416,0.2566019942042646,0.24733333333333332,0.49466666666666664,0.49466666666666664,0.14545454545454545,correction_completion,PT_violation_het40,3,200,152,2246328815,raw_structured,,,,
PRE,k=-2,,,-2.0,pretrend,-0.17520288563609926,-0.17833891032186264,0.1879337630253127,-0.544704252361902,-0.4863295389386987,0.12947220105245316,0.1878273648803851,0.21066666666666667,0.42133333333333334,0.42133333333333334,0.07272727272727272,correction_completion,PT_violation_het40,3,200,152,2246328815,raw_structured,,,,
PRE,slope,,,,pretrend,0.04770047561376801,0.048319376003963826,0.07433162090304923,-0.0977193860449937,-0.07494928029386372,0.16920461665570596,0.1946927139321822,0.26,0.52,0.52,-0.07272727272727272,correction_completion,PT_violation_het40,3,200,152,2246328815,raw_structured,,,,
PRE_SUB,X1=0_k=-4,,,-4.0,pretrend,0.641022653292093,0.63681687086591,0.2501497231723735,0.15614827997963723,0.24406812143876677,1.0541032688386778,1.1459915043357751,0.006,0.012,0.012,1.2,correction_completion,PT_violation_het40,3,200,152,2246328815,raw_structured,,,,
PRE_SUB,X1=0_k=-3,,,-3.0,pretrend,0.5112243906828429,0.5162838955403258,0.2412095137648284,0.04001500455389969,0.11575805912331809,0.919305684650484,0.9955723867148542,0.016,0.032,0.032,0.7999999999999999,correction_completion,PT_violation_het40,3,200,152,2246328815,raw_structured,,,,
PRE_SUB,X1=0_k=-2,,,-2.0,pretrend,0.07403954504439597,0.056429602895018915,0.21974933868336974,-0.3650782504956022,-0.2937223542666872,0.4425280283178071,0.5120524774631388,0.4246666666666667,0.8493333333333334,0.8493333333333334,0.39999999999999997,correction_completion,PT_violation_het40,3,200,152,2246328815,raw_structured,,,,
PRE_SUB,X1=1_k=-4,,,-4.0,pretrend,-1.10776297934388,-1.1161757181469205,0.28388491957600004,-1.6613841902929205,-1.5754086523249828,-0.6372280645221118,-0.5500945146989317,0.0,0.0,0.0,-1.1999999999999995,correction_completion,PT_violation_het40,3,200,152,2246328815,raw_structured,,,,
PRE_SUB,X1=1_k=-3,,,-3.0,pretrend,-1.0677444554948414,-1.0680824215697728,0.277754514480653,-1.6391838334637538,-1.5161442919612462,-0.6119569238317496,-0.535302700833414,0.0,0.0,0.0,-0.7999999999999997,correction_completion,PT_violation_het40,3,200,152,2246328815,raw_structured,,,,
PRE_SUB,X1=1_k=-2,,,-2.0,pretrend,-0.5352197299523702,-0.5524734174197415,0.2797956354817839,-1.068348471132653,-0.97726747805647,0.0,0.0,0.058666666666666666,0.11733333333333333,0.11733333333333333,-0.39999999999999986,correction_completion,PT_violation_het40,3,200,152,2246328815,raw_structured,,,,
PRE_SUB,X2=low_k=-4,,,-4.0,pretrend,-0.1557065364479342,-0.13678919290390912,0.24999671997680734,-0.7007942939985332,-0.6118837968042481,0.22860589144350965,0.2946101569753592,0.27466666666666667,0.5493333333333333,0.5493333333333333,0.22702702702702698,correction_completion,PT_violation_het40,3,200,152,2246328815,raw_structured,,,,
PRE_SUB,X2=low_k=-3,,,-3.0,pretrend,-0.21660441502554095,-0.19725086243615503,0.24685138809644425,-0.7580868306147714,-0.6566144357532799,0.14905329582988394,0.21710729933308867,0.18266666666666667,0.36533333333333334,0.36533333333333334,0.15135135135135133,correction_completion,PT_violation_het40,3,200,152,2246328815,raw_structured,,,,
PRE_SUB,X2=low_k=-2,,,-2.0,pretrend,-0.25946377846692803,-0.2547439241307499,0.23299817890226052,-0.766854639211413,-0.6694445074167957,0.06452781756784895,0.12591336534591724,0.18533333333333332,0.37066666666666664,0.37066666666666664,0.07567567567567567,correction_completion,PT_violation_het40,3,200,152,2246328815,raw_structured,,,,
PRE_SUB,X2=high_k=-4,,,-4.0,pretrend,-0.15746174894265422,-0.1617686397138166,0.22226727244489222,-0.5664004318404329,-0.5122116504972595,0.20828419937694306,0.29790369778815046,0.23666666666666666,0.47333333333333333,0.47333333333333333,0.032432432432432434,correction_completion,PT_violation_het40,3,200,152,2246328815,raw_structured,,,,
PRE_SUB,X2=high_k=-3,,,-3.0,pretrend,-0.20433703911946366,-0.2081535856708806,0.2193012635283334,-0.608076797951658,-0.5448038962423906,0.17291212199636283,0.2517479512627728,0.16733333333333333,0.33466666666666667,0.33466666666666667,0.021621621621621623,correction_completion,PT_violation_het40,3,200,152,2246328815,raw_structured,,,,
PRE_SUB,X2=high_k=-2,,,-2.0,pretrend,-0.1700823489263682,-0.17335502494459332,0.2113275481566756,-0.5828475142023921,-0.5121528760474958,0.1858967407344737,0.2546508113363391,0.23666666666666666,0.47333333333333333,0.47333333333333333,0.010810810810810811,correction_completion,PT_violation_het40,3,200,152,2246328815,raw_structured,,,,
PRE_SUBC,X1_k=-4,,,-4.0,pretrend,-1.748785632635973,-1.7405756429537984,0.3437807943650471,-2.43537890779224,-2.3160966057760874,-1.1783582318165187,-1.0773982187434998,0.0,0.0,0.0,-2.3999999999999995,correction_completion,PT_violation_het40,3,200,152,2246328815,raw_structured,,,,
PRE_SUBC,X1_k=-3,,,-3.0,pretrend,-1.578968846177684,-1.5845517165930558,0.3257907980166561,-2.1912971469190854,-2.115776447995054,-1.0416348109892548,-0.9335811735946622,0.0,0.0,0.0,-1.5999999999999996,correction_completion,PT_violation_het40,3,200,152,2246328815,raw_structured,,,,
PRE_SUBC,X1_k=-2,,,-2.0,pretrend,-0.609259274996766,-0.6398075411951266,0.3231387073159435,-1.1906821848869311,-1.1020178619376015,0.0,3.3306690738754696e-16,0.094,0.188,0.188,-0.7999999999999998,correction_completion,PT_violation_het40,3,200,152,2246328815,raw_structured,,,,
PRE_SUBC,X1_slope,,,,pretrend,0.6438252760900037,0.6465470585488854,0.126403126547684,0.38620737171147135,0.43018779736213064,0.8457947931963882,0.8844179668227958,0.0,0.0,0.0,0.7999999999999998,correction_completion,PT_violation_het40,3,200,152,2246328815,raw_structured,,,,
PRE_SUBC,X2_k=-4,,,-4.0,pretrend,-0.0017552124947200199,-0.1094066478519519,0.22427222209694703,-0.24907434395235323,-0.19950325217611078,0.45514550268300336,0.5448580516114196,0.33866666666666667,0.6773333333333333,0.6773333333333333,-0.19459459459459455,correction_completion,PT_violation_het40,3,200,152,2246328815,raw_structured,,,,
PRE_SUBC,X2_k=-3,,,-3.0,pretrend,0.012267375906077306,-0.09469218196909798,0.22153252985446445,-0.21198700048678876,-0.1745294270162365,0.46747703564554305,0.5484121502824043,0.3466666666666667,0.6933333333333334,0.6933333333333334,-0.1297297297297297,correction_completion,PT_violation_het40,3,200,152,2246328815,raw_structured,,,,
PRE_SUBC,X2_k=-2,,,-2.0,pretrend,0.08938142954055983,-2.1510571102112408e-16,0.22021223993632613,-0.1202321857333057,-0.09352836751706459,0.5505288438546591,0.6357925808619281,0.48133333333333334,0.9626666666666667,0.9626666666666667,-0.06486486486486485,correction_completion,PT_violation_het40,3,200,152,2246328815,raw_structured,,,,
PRE_SUBC,X2_slope,,,,pretrend,-0.007760753133468167,0.03877521380424857,0.09505024756551304,-0.23925044757253108,-0.20299103027679188,0.07212342019173355,0.08720801256134472,0.35533333333333333,0.7106666666666667,0.7106666666666667,0.06486486486486485,correction_completion,PT_violation_het40,3,200,152,2246328815,raw_structured,,,,
PRE,k=-4,,,-4.0,reference_fold_pretrend,-0.26310496820955054,-0.26278289478623373,0.18990694141475398,-0.6439534389917223,-0.5802527169488226,0.044376344550366,0.0973865907439289,0.08466666666666667,0.16933333333333334,0.16933333333333334,0.21818181818181817,correction_completion,PT_violation_het40,3,200,152,2246328815,reference_fold_convolution_rf,,,,
PRE,k=-3,,,-3.0,reference_fold_pretrend,-0.2797191344747155,-0.2823040938179947,0.18725225510893018,-0.6392866389326501,-0.5883014297057235,0.030099985436687886,0.08872190656822511,0.06666666666666667,0.13333333333333333,0.13333333333333333,0.14545454545454545,correction_completion,PT_violation_het40,3,200,152,2246328815,reference_fold_convolution_rf,,,,
PRE,k=-2,,,-2.0,reference_fold_pretrend,-0.27251557250556735,-0.26385685704231115,0.18053138644061723,-0.6413029937403185,-0.5728612456353331,0.019836197422066288,0.061890419689158704,0.06266666666666666,0.12533333333333332,0.12533333333333332,0.07272727272727272,correction_completion,PT_violation_het40,3,200,152,2246328815,reference_fold_convolution_rf,,,,
PRE,slope,,,,reference_fold_pretrend,0.11580491043454644,0.1150653875544736,0.07192081977425427,-0.02150048297168118,-0.0013603559902823402,0.2374267653155223,0.2612968068471021,0.052,0.104,0.104,-0.07272727272727272,correction_completion,PT_violation_het40,3,200,152,2246328815,reference_fold_convolution_rf,,,,
PRE_SUB,X1=0_k=-4,,,-4.0,reference_fold_pretrend,0.3017405053703312,0.2998717460441375,0.2436727160887235,-0.18791609941596393,-0.10470008875211842,0.6940632031888243,0.7872683311017643,0.108,0.216,0.216,1.2,correction_completion,PT_violation_het40,3,200,152,2246328815,reference_fold_convolution_rf,,,,
PRE_SUB,X1=0_k=-3,,,-3.0,reference_fold_pretrend,0.23948525990027864,0.23686311668643234,0.23583884184860013,-0.2293746058490677,-0.14490612678347084,0.6377180464580217,0.6993834649498581,0.15066666666666667,0.30133333333333334,0.30133333333333334,0.7999999999999999,correction_completion,PT_violation_het40,3,200,152,2246328815,reference_fold_convolution_rf,,,,
PRE_SUB,X1=0_k=-2,,,-2.0,reference_fold_pretrend,-0.03428042100526527,-0.02814965928450173,0.21307656302910968,-0.4671515305454345,-0.4011701310144345,0.3008205612784082,0.36155598306005937,0.44733333333333336,0.8946666666666667,0.8946666666666667,0.39999999999999997,correction_completion,PT_violation_het40,3,200,152,2246328815,reference_fold_convolution_rf,,,,
PRE_SUB,X1=1_k=-4,,,-4.0,reference_fold_pretrend,-1.0789928744916022,-1.0715739384641936,0.2715105243124199,-1.6170030315602935,-1.5368969522308367,-0.638049936585538,-0.5787645498717704,0.0,0.0,0.0,-1.1999999999999995,correction_completion,PT_violation_het40,3,200,152,2246328815,reference_fold_convolution_rf,,,,
PRE_SUB,X1=1_k=-3,,,-3.0,reference_fold_pretrend,-1.0296810374608183,-1.0184815831512193,0.2714992681549289,-1.5822115100988141,-1.496756206076684,-0.5863690573691935,-0.5062376326294827,0.0,0.0,0.0,-0.7999999999999997,correction_completion,PT_violation_het40,3,200,152,2246328815,reference_fold_convolution_rf,,,,
PRE_SUB,X1=1_k=-2,,,-2.0,reference_fold_pretrend,-0.6166330135615593,-0.6141218667889348,0.27367322461601784,-1.1715007330148792,-1.091880517676878,-0.19163669830789945,-0.09969900483436626,0.008,0.016,0.016,-0.39999999999999986,correction_completion,PT_violation_het40,3,200,152,2246328815,reference_fold_convolution_rf,,,,
PRE_SUB,X2=low_k=-4,,,-4.0,reference_fold_pretrend,-0.34251360137790415,-0.33556347603245007,0.20853106206113634,-0.7401897855112948,-0.6881972905814613,-0.007535564308564296,0.062286291062254855,0.04733333333333333,0.09466666666666666,0.09466666666666666,0.22702702702702698,correction_completion,PT_violation_het40,3,200,152,2246328815,reference_fold_convolution_rf,,,,
PRE_SUB,X2=low_k=-3,,,-3.0,reference_fold_pretrend,-0.3540846836685468,-0.35607610274301194,0.20461910113535764,-0.749770062261575,-0.7005233414436934,-0.025749507049137886,0.05275711067838109,0.04,0.08,0.08,0.15135135135135133,correction_completion,PT_violation_het40,3,200,152,2246328815,reference_fold_convolution_rf,,,,
PRE_SUB,X2=low_k=-2,,,-2.0,reference_fold_pretrend,-0.34965405104130076,-0.3387525226029586,0.19555623604851796,-0.7519145822170091,-0.6880327046543644,-0.04377619075836096,0.002732162393351622,0.030666666666666665,0.06133333333333333,0.06133333333333333,0.07567567567567567,correction_completion,PT_violation_het40,3,200,152,2246328815,reference_fold_convolution_rf,,,,
PRE_SUB,X2=high_k=-4,,,-4.0,reference_fold_pretrend,-0.32052234944942926,-0.32254060662516226,0.20341995292963194,-0.7280245808001792,-0.6536728429224998,0.001329077365588178,0.055585777327481385,0.050666666666666665,0.10133333333333333,0.10133333333333333,0.032432432432432434,correction_completion,PT_violation_het40,3,200,152,2246328815,reference_fold_convolution_rf,,,,
PRE_SUB,X2=high_k=-3,,,-3.0,reference_fold_pretrend,-0.3276666991618228,-0.32715047868625446,0.203378485565926,-0.7187994427110718,-0.6566625504184623,-0.004909469155852737,0.059646307084933035,0.048666666666666664,0.09733333333333333,0.09733333333333333,0.021621621621621623,correction_completion,PT_violation_het40,3,200,152,2246328815,reference_fold_convolution_rf,,,,
PRE_SUB,X2=high_k=-2,,,-2.0,reference_fold_pretrend,-0.2516050558975677,-0.2507769168144711,0.20035721369901904,-0.6392563640476793,-0.5887818675152799,0.07097357045325861,0.14467323690778053,0.09866666666666667,0.19733333333333333,0.19733333333333333,0.010810810810810811,correction_completion,PT_violation_het40,3,200,152,2246328815,reference_fold_convolution_rf,,,,
PRE_SUBC,X1_k=-4,,,-4.0,reference_fold_pretrend,-1.3807333798619335,-1.362144722525013,0.3474266380208225,-2.106447763271886,-1.9769957437252497,-0.8227650087096557,-0.7390877380067713,0.0,0.0,0.0,-2.3999999999999995,correction_completion,PT_violation_het40,3,200,152,2246328815,reference_fold_convolution_rf,,,,
PRE_SUBC,X1_k=-3,,,-3.0,reference_fold_pretrend,-1.269166297361097,-1.270238698418549,0.3400800078604315,-1.92003374491609,-1.8168974703381324,-0.7247562570131344,-0.6070426286923813,0.0,0.0,0.0,-1.5999999999999996,correction_completion,PT_violation_het40,3,200,152,2246328815,reference_fold_convolution_rf,,,,
PRE_SUBC,X1_k=-2,,,-2.0,reference_fold_pretrend,-0.582352592556294,-0.5901636875602636,0.3207916366521337,-1.202684962954865,-1.1089790490151308,0.00013256365389050436,0.028648312176933956,0.05266666666666667,0.10533333333333333,0.10533333333333333,-0.7999999999999998,correction_completion,PT_violation_het40,3,200,152,2246328815,reference_fold_convolution_rf,,,,
PRE_SUBC,X1_slope,,,,reference_fold_pretrend,0.5187775233474492,0.5158491194310821,0.13370336110608866,0.2696242834355105,0.30205239441708465,0.7436054006347009,0.7892731832564819,0.0,0.0,0.0,0.7999999999999998,correction_completion,PT_violation_het40,3,200,152,2246328815,reference_fold_convolution_rf,,,,
PRE_SUBC,X2_k=-4,,,-4.0,reference_fold_pretrend,0.02199125192847494,-0.023280324982015016,0.15213705583069853,-0.18397238434050886,-0.16839981526514225,0.28305980399411307,0.36720533832307584,0.44866666666666666,0.8973333333333333,0.8973333333333333,-0.19459459459459455,correction_completion,PT_violation_het40,3,200,152,2246328815,reference_fold_convolution_rf,,,,
PRE_SUBC,X2_k=-3,,,-3.0,reference_fold_pretrend,0.026417984506723977,-0.020585740418801554,0.15249854867611332,-0.1795273019986523,-0.15821094372437267,0.29347755861741126,0.35797968327108437,0.4513333333333333,0.9026666666666666,0.9026666666666666,-0.1297297297297297,correction_completion,PT_violation_het40,3,200,152,2246328815,reference_fold_convolution_rf,,,,
PRE_SUBC,X2_k=-2,,,-2.0,reference_fold_pretrend,0.09804899514373296,0.04468031918065678,0.15057624768579328,-0.0976809533772197,-0.07966728573817763,0.3542150769623969,0.417533117425485,0.332,0.664,0.664,-0.06486486486486485,correction_completion,PT_violation_het40,3,200,152,2246328815,reference_fold_convolution_rf,,,,
PRE_SUBC,X2_slope,,,,reference_fold_pretrend,-0.015489908567328983,0.0053399086389479215,0.06426987202065501,-0.1569436188573157,-0.12638647354442062,0.06074139858634769,0.06939325919466814,0.4666666666666667,0.9333333333333333,0.9333333333333333,0.06486486486486485,correction_completion,PT_violation_het40,3,200,152,2246328815,reference_fold_convolution_rf,,,,
GATT,g=4_t=4,4.0,4.0,0.0,raw_structured,3.8565241865249034,3.8527189871740886,0.10437686677119361,3.664701861397009,3.6950013088734153,4.032435450008336,4.062709145357267,0.0,0.0,0.0,3.798647063813767,correction_completion,baseline_sweep,1,400,36,2133938390,raw_structured,,,,
GATT,g=4_t=5,4.0,5.0,1.0,raw_structured,3.811630606669956,3.815675457579839,0.1010404390843724,3.594608411324781,3.635036999776776,3.9655301823859457,3.9929208768465445,0.0,0.0,0.0,3.798647063813767,correction_completion,baseline_sweep,1,400,36,2133938390,raw_structured,,,,
GATT,g=4_t=6,4.0,6.0,2.0,raw_structured,3.8492683042857654,3.8479347718985473,0.0978913196172575,3.6663976608634057,3.695005577995196,4.009900218133273,4.049386951235462,0.0,0.0,0.0,3.798647063813767,correction_completion,baseline_sweep,1,400,36,2133938390,raw_structured,,,,
GATT,g=4_t=7,4.0,7.0,3.0,raw_structured,3.9224672459098135,3.9156031433105443,0.11488019899066111,3.7101550298661228,3.745819290642895,4.125814150350885,4.166051043266402,0.0,0.0,0.0,3.798647063813767,correction_completion,baseline_sweep,1,400,36,2133938390,raw_structured,,,,
ES,k=0,,,0.0,raw_structured,3.8565241865249034,3.8527189871740886,0.10437686677119361,3.664701861397009,3.6950013088734153,4.032435450008336,4.062709145357267,0.0,0.0,0.0,3.798647063813767,correction_completion,baseline_sweep,1,400,36,2133938390,raw_structured,,,,
ES,k=1,,,1.0,raw_structured,3.811630606669956,3.815675457579839,0.1010404390843724,3.594608411324781,3.635036999776776,3.9655301823859457,3.9929208768465445,0.0,0.0,0.0,3.798647063813767,correction_completion,baseline_sweep,1,400,36,2133938390,raw_structured,,,,
ES,k=2,,,2.0,raw_structured,3.8492683042857654,3.8479347718985473,0.0978913196172575,3.6663976608634057,3.695005577995196,4.009900218133273,4.049386951235462,0.0,0.0,0.0,3.798647063813767,correction_completion,baseline_sweep,1,400,36,2133938390,raw_structured,,,,
ES,k=3,,,3.0,raw_structured,3.9224672459098135,3.9156031433105443,0.11488019899066111,3.7101550298661228,3.745819290642895,4.125814150350885,4.166051043266402,0.0,0.0,0.0,3.798647063813767,correction_completion,baseline_sweep,1,400,36,2133938390,raw_structured,,,,
ATT,ATT,,,,raw_structured,3.85997258584761,3.862934676896564,0.07877064983059835,3.6998447274642787,3.7305763071967344,3.987166613046578,4.012220396863671,0.0,0.0,0.0,3.798647063813767,correction_completion,baseline_sweep,1,400,36,2133938390,raw_structured,,,,
GATT,g=4_t=4,4.0,4.0,0.0,reference_fold_convolution,4.043110993280138,4.045178065035618,0.15667791426928934,3.7340943552427612,3.7879054025035734,4.305367562619987,4.344609190532143,0.0,0.0,0.0,3.798647063813767,correction_completion,baseline_sweep,1,400,36,2133938390,reference_fold_convolution_rf,2.9438402669437127,84.62112295947078,,"{""0"": {""bar_pi"": 0.515, ""control_ess"": 88.11294532075749, ""fold_sizes"": [{""evaluation"": 200, ""fold"": 0, ""train"": 200}], ""global_fold_bb"": true, ""max_control_odds"": 2.1047702696131463, ""n_clipped"": 0, ""n_complement_units"": 200, ""n_eval_units"": 200, ""posterior_cache_key"": ""g=4_fold=0"", ""posterior_draws"": 1500, ""raw_max_control_odds"": 2.1047702696131463}, ""1"": {""bar_pi"": 0.51, ""control_ess"": 84.62112295947078, ""fold_sizes"": [{""evaluation"": 200, ""fold"": 0, ""train"": 200}], ""global_fold_bb"": true, ""max_control_odds"": 2.9438402669437127, ""n_clipped"": 0, ""n_complement_units"": 200, ""n_eval_units"": 200, ""posterior_cache_key"": ""g=4_fold=1"", ""posterior_draws"": 1500, ""raw_max_control_odds"": 2.9438402669437127}}"
GATT,g=4_t=5,4.0,5.0,1.0,reference_fold_convolution,3.966344701318194,3.967350082114951,0.15920749184387234,3.653122316804781,3.710826616762886,4.225208472753656,4.2735703736270185,0.0,0.0,0.0,3.798647063813767,correction_completion,baseline_sweep,1,400,36,2133938390,reference_fold_convolution_rf,2.9438402669437127,84.62112295947078,,"{""0"": {""bar_pi"": 0.515, ""control_ess"": 88.11294532075749, ""fold_sizes"": [{""evaluation"": 200, ""fold"": 0, ""train"": 200}], ""global_fold_bb"": true, ""max_control_odds"": 2.1047702696131463, ""n_clipped"": 0, ""n_complement_units"": 200, ""n_eval_units"": 200, ""posterior_cache_key"": ""g=4_fold=0"", ""posterior_draws"": 1500, ""raw_max_control_odds"": 2.1047702696131463}, ""1"": {""bar_pi"": 0.51, ""control_ess"": 84.62112295947078, ""fold_sizes"": [{""evaluation"": 200, ""fold"": 0, ""train"": 200}], ""global_fold_bb"": true, ""max_control_odds"": 2.9438402669437127, ""n_clipped"": 0, ""n_complement_units"": 200, ""n_eval_units"": 200, ""posterior_cache_key"": ""g=4_fold=1"", ""posterior_draws"": 1500, ""raw_max_control_odds"": 2.9438402669437127}}"
GATT,g=4_t=6,4.0,6.0,2.0,reference_fold_convolution,3.8784420590540782,3.8765379506345354,0.1611369632243266,3.5617064571298327,3.6068432365875562,4.1439841604457595,4.188329914473699,0.0,0.0,0.0,3.798647063813767,correction_completion,baseline_sweep,1,400,36,2133938390,reference_fold_convolution_rf,2.9438402669437127,84.62112295947078,,"{""0"": {""bar_pi"": 0.515, ""control_ess"": 88.11294532075749, ""fold_sizes"": [{""evaluation"": 200, ""fold"": 0, ""train"": 200}], ""global_fold_bb"": true, ""max_control_odds"": 2.1047702696131463, ""n_clipped"": 0, ""n_complement_units"": 200, ""n_eval_units"": 200, ""posterior_cache_key"": ""g=4_fold=0"", ""posterior_draws"": 1500, ""raw_max_control_odds"": 2.1047702696131463}, ""1"": {""bar_pi"": 0.51, ""control_ess"": 84.62112295947078, ""fold_sizes"": [{""evaluation"": 200, ""fold"": 0, ""train"": 200}], ""global_fold_bb"": true, ""max_control_odds"": 2.9438402669437127, ""n_clipped"": 0, ""n_complement_units"": 200, ""n_eval_units"": 200, ""posterior_cache_key"": ""g=4_fold=1"", ""posterior_draws"": 1500, ""raw_max_control_odds"": 2.9438402669437127}}"
GATT,g=4_t=7,4.0,7.0,3.0,reference_fold_convolution,4.130556907176231,4.12872749735399,0.16379321480316603,3.8008162028298806,3.8609971883564977,4.389653426592734,4.449759957243012,0.0,0.0,0.0,3.798647063813767,correction_completion,baseline_sweep,1,400,36,2133938390,reference_fold_convolution_rf,2.9438402669437127,84.62112295947078,,"{""0"": {""bar_pi"": 0.515, ""control_ess"": 88.11294532075749, ""fold_sizes"": [{""evaluation"": 200, ""fold"": 0, ""train"": 200}], ""global_fold_bb"": true, ""max_control_odds"": 2.1047702696131463, ""n_clipped"": 0, ""n_complement_units"": 200, ""n_eval_units"": 200, ""posterior_cache_key"": ""g=4_fold=0"", ""posterior_draws"": 1500, ""raw_max_control_odds"": 2.1047702696131463}, ""1"": {""bar_pi"": 0.51, ""control_ess"": 84.62112295947078, ""fold_sizes"": [{""evaluation"": 200, ""fold"": 0, ""train"": 200}], ""global_fold_bb"": true, ""max_control_odds"": 2.9438402669437127, ""n_clipped"": 0, ""n_complement_units"": 200, ""n_eval_units"": 200, ""posterior_cache_key"": ""g=4_fold=1"", ""posterior_draws"": 1500, ""raw_max_control_odds"": 2.9438402669437127}}"
ES,k=0,,,0.0,reference_fold_convolution,4.043110993280138,4.045178065035618,0.15667791426928934,3.7340943552427612,3.7879054025035734,4.305367562619987,4.344609190532143,0.0,0.0,0.0,3.798647063813767,correction_completion,baseline_sweep,1,400,36,2133938390,reference_fold_convolution_rf,,,,{}
ES,k=1,,,1.0,reference_fold_convolution,3.966344701318194,3.967350082114951,0.15920749184387234,3.653122316804781,3.710826616762886,4.225208472753656,4.2735703736270185,0.0,0.0,0.0,3.798647063813767,correction_completion,baseline_sweep,1,400,36,2133938390,reference_fold_convolution_rf,,,,{}
ES,k=2,,,2.0,reference_fold_convolution,3.8784420590540782,3.8765379506345354,0.1611369632243266,3.5617064571298327,3.6068432365875562,4.1439841604457595,4.188329914473699,0.0,0.0,0.0,3.798647063813767,correction_completion,baseline_sweep,1,400,36,2133938390,reference_fold_convolution_rf,,,,{}
ES,k=3,,,3.0,reference_fold_convolution,4.130556907176231,4.12872749735399,0.16379321480316603,3.8008162028298806,3.8609971883564977,4.389653426592734,4.449759957243012,0.0,0.0,0.0,3.798647063813767,correction_completion,baseline_sweep,1,400,36,2133938390,reference_fold_convolution_rf,,,,{}
ATT,ATT,,,,reference_fold_convolution,4.0046136652071604,4.00772076645493,0.13002394468460643,3.7517617200578086,3.788755790093954,4.214947345235784,4.25779292818229,0.0,0.0,0.0,3.798647063813767,correction_completion,baseline_sweep,1,400,36,2133938390,reference_fold_convolution_rf,,,,{}
GATT,g=4_t=4,4.0,4.0,0.0,raw_structured,3.766637474697888,3.7663523088908377,0.3423852741558407,3.143495710342938,3.2198707447462867,4.354680388692942,4.444200382224921,0.0,0.0,0.0,3.9001008912137056,correction_completion,baseline_sweep_d3,3,50,20,2825998749,raw_structured,,,,
GATT,g=4_t=5,4.0,5.0,1.0,raw_structured,3.6774486691082826,3.665707042321055,0.3293789298125485,3.082570035285316,3.166123119828693,4.2275551303802015,4.333200590093303,0.0,0.0,0.0,3.9001008912137056,correction_completion,baseline_sweep_d3,3,50,20,2825998749,raw_structured,,,,
GATT,g=4_t=6,4.0,6.0,2.0,raw_structured,3.622280783469445,3.6196227748597405,0.3376852992379359,2.998354685899067,3.0958824958723827,4.1687206692872065,4.277811141128418,0.0,0.0,0.0,3.9001008912137056,correction_completion,baseline_sweep_d3,3,50,20,2825998749,raw_structured,,,,
GATT,g=4_t=7,4.0,7.0,3.0,raw_structured,3.755100820802288,3.7403316278857526,0.35587336408172143,3.0856752237029,3.1915215935279737,4.359485767531208,4.460377757829451,0.0,0.0,0.0,3.9001008912137056,correction_completion,baseline_sweep_d3,3,50,20,2825998749,raw_structured,,,,
ES,k=0,,,0.0,raw_structured,3.766637474697888,3.7663523088908377,0.3423852741558407,3.143495710342938,3.2198707447462867,4.354680388692942,4.444200382224921,0.0,0.0,0.0,3.9001008912137056,correction_completion,baseline_sweep_d3,3,50,20,2825998749,raw_structured,,,,
ES,k=1,,,1.0,raw_structured,3.6774486691082826,3.665707042321055,0.3293789298125485,3.082570035285316,3.166123119828693,4.2275551303802015,4.333200590093303,0.0,0.0,0.0,3.9001008912137056,correction_completion,baseline_sweep_d3,3,50,20,2825998749,raw_structured,,,,
ES,k=2,,,2.0,raw_structured,3.622280783469445,3.6196227748597405,0.3376852992379359,2.998354685899067,3.0958824958723827,4.1687206692872065,4.277811141128418,0.0,0.0,0.0,3.9001008912137056,correction_completion,baseline_sweep_d3,3,50,20,2825998749,raw_structured,,,,
ES,k=3,,,3.0,raw_structured,3.755100820802288,3.7403316278857526,0.35587336408172143,3.0856752237029,3.1915215935279737,4.359485767531208,4.460377757829451,0.0,0.0,0.0,3.9001008912137056,correction_completion,baseline_sweep_d3,3,50,20,2825998749,raw_structured,,,,
ATT,ATT,,,,raw_structured,3.7053669370194755,3.6991615161126408,0.30784111258338465,3.140592914262254,3.2336347630953837,4.218554712862436,4.303938990481871,0.0,0.0,0.0,3.9001008912137056,correction_completion,baseline_sweep_d3,3,50,20,2825998749,raw_structured,,,,
GATT,g=4_t=4,4.0,4.0,0.0,reference_fold_convolution,3.8947709950436233,3.8836533083924514,0.4189580172556188,3.063383046795617,3.2087867368124696,4.602795798999501,4.751737899926133,0.0,0.0,0.0,3.9001008912137056,correction_completion,baseline_sweep_d3,3,50,20,2825998749,reference_fold_convolution_rf,1.1029473616098875,11.999703614922257,,"{""0"": {""bar_pi"": 0.52, ""control_ess"": 11.999872741439853, ""fold_sizes"": [{""evaluation"": 25, ""fold"": 0, ""train"": 25}], ""global_fold_bb"": true, ""max_control_odds"": 1.1029473616098875, ""n_clipped"": 0, ""n_complement_units"": 25, ""n_eval_units"": 25, ""posterior_cache_key"": ""g=4_fold=0"", ""posterior_draws"": 1500, ""raw_max_control_odds"": 1.1029473616098875}, ""1"": {""bar_pi"": 0.52, ""control_ess"": 11.999703614922257, ""fold_sizes"": [{""evaluation"": 25, ""fold"": 0, ""train"": 25}], ""global_fold_bb"": true, ""max_control_odds"": 1.0736849381350662, ""n_clipped"": 0, ""n_complement_units"": 25, ""n_eval_units"": 25, ""posterior_cache_key"": ""g=4_fold=1"", ""posterior_draws"": 1500, ""raw_max_control_odds"": 1.0736849381350662}}"
GATT,g=4_t=5,4.0,5.0,1.0,reference_fold_convolution,3.5521672494037224,3.551372479328063,0.4775571410163189,2.6002171190845367,2.780362621683408,4.320869461609268,4.548330868767573,0.0,0.0,0.0,3.9001008912137056,correction_completion,baseline_sweep_d3,3,50,20,2825998749,reference_fold_convolution_rf,1.1029473616098875,11.999703614922257,,"{""0"": {""bar_pi"": 0.52, ""control_ess"": 11.999872741439853, ""fold_sizes"": [{""evaluation"": 25, ""fold"": 0, ""train"": 25}], ""global_fold_bb"": true, ""max_control_odds"": 1.1029473616098875, ""n_clipped"": 0, ""n_complement_units"": 25, ""n_eval_units"": 25, ""posterior_cache_key"": ""g=4_fold=0"", ""posterior_draws"": 1500, ""raw_max_control_odds"": 1.1029473616098875}, ""1"": {""bar_pi"": 0.52, ""control_ess"": 11.999703614922257, ""fold_sizes"": [{""evaluation"": 25, ""fold"": 0, ""train"": 25}], ""global_fold_bb"": true, ""max_control_odds"": 1.0736849381350662, ""n_clipped"": 0, ""n_complement_units"": 25, ""n_eval_units"": 25, ""posterior_cache_key"": ""g=4_fold=1"", ""posterior_draws"": 1500, ""raw_max_control_odds"": 1.0736849381350662}}"
GATT,g=4_t=6,4.0,6.0,2.0,reference_fold_convolution,3.2270811999553426,3.2358953436504496,0.45713995819769504,2.33778999213603,2.487268140270233,3.9592424996810234,4.169271706360929,0.0,0.0,0.0,3.9001008912137056,correction_completion,baseline_sweep_d3,3,50,20,2825998749,reference_fold_convolution_rf,1.1029473616098875,11.999703614922257,,"{""0"": {""bar_pi"": 0.52, ""control_ess"": 11.999872741439853, ""fold_sizes"": [{""evaluation"": 25, ""fold"": 0, ""train"": 25}], ""global_fold_bb"": true, ""max_control_odds"": 1.1029473616098875, ""n_clipped"": 0, ""n_complement_units"": 25, ""n_eval_units"": 25, ""posterior_cache_key"": ""g=4_fold=0"", ""posterior_draws"": 1500, ""raw_max_control_odds"": 1.1029473616098875}, ""1"": {""bar_pi"": 0.52, ""control_ess"": 11.999703614922257, ""fold_sizes"": [{""evaluation"": 25, ""fold"": 0, ""train"": 25}], ""global_fold_bb"": true, ""max_control_odds"": 1.0736849381350662, ""n_clipped"": 0, ""n_complement_units"": 25, ""n_eval_units"": 25, ""posterior_cache_key"": ""g=4_fold=1"", ""posterior_draws"": 1500, ""raw_max_control_odds"": 1.0736849381350662}}"
GATT,g=4_t=7,4.0,7.0,3.0,reference_fold_convolution,3.9145291046379893,3.9051226388713713,0.5335634742448135,2.8824116786996186,3.0691583139340586,4.800258848619793,4.983738729096567,0.0,0.0,0.0,3.9001008912137056,correction_completion,baseline_sweep_d3,3,50,20,2825998749,reference_fold_convolution_rf,1.1029473616098875,11.999703614922257,,"{""0"": {""bar_pi"": 0.52, ""control_ess"": 11.999872741439853, ""fold_sizes"": [{""evaluation"": 25, ""fold"": 0, ""train"": 25}], ""global_fold_bb"": true, ""max_control_odds"": 1.1029473616098875, ""n_clipped"": 0, ""n_complement_units"": 25, ""n_eval_units"": 25, ""posterior_cache_key"": ""g=4_fold=0"", ""posterior_draws"": 1500, ""raw_max_control_odds"": 1.1029473616098875}, ""1"": {""bar_pi"": 0.52, ""control_ess"": 11.999703614922257, ""fold_sizes"": [{""evaluation"": 25, ""fold"": 0, ""train"": 25}], ""global_fold_bb"": true, ""max_control_odds"": 1.0736849381350662, ""n_clipped"": 0, ""n_complement_units"": 25, ""n_eval_units"": 25, ""posterior_cache_key"": ""g=4_fold=1"", ""posterior_draws"": 1500, ""raw_max_control_odds"": 1.0736849381350662}}"
ES,k=0,,,0.0,reference_fold_convolution,3.8947709950436233,3.8836533083924514,0.4189580172556188,3.063383046795617,3.2087867368124696,4.602795798999501,4.751737899926133,0.0,0.0,0.0,3.9001008912137056,correction_completion,baseline_sweep_d3,3,50,20,2825998749,reference_fold_convolution_rf,,,,{}
ES,k=1,,,1.0,reference_fold_convolution,3.5521672494037224,3.551372479328063,0.4775571410163189,2.6002171190845367,2.780362621683408,4.320869461609268,4.548330868767573,0.0,0.0,0.0,3.9001008912137056,correction_completion,baseline_sweep_d3,3,50,20,2825998749,reference_fold_convolution_rf,,,,{}
ES,k=2,,,2.0,reference_fold_convolution,3.2270811999553426,3.2358953436504496,0.45713995819769504,2.33778999213603,2.487268140270233,3.9592424996810234,4.169271706360929,0.0,0.0,0.0,3.9001008912137056,correction_completion,baseline_sweep_d3,3,50,20,2825998749,reference_fold_convolution_rf,,,,{}
ES,k=3,,,3.0,reference_fold_convolution,3.9145291046379893,3.9051226388713713,0.5335634742448135,2.8824116786996186,3.0691583139340586,4.800258848619793,4.983738729096567,0.0,0.0,0.0,3.9001008912137056,correction_completion,baseline_sweep_d3,3,50,20,2825998749,reference_fold_convolution_rf,,,,{}
ATT,ATT,,,,reference_fold_convolution,3.6471371372601693,3.6506143350479108,0.40630613394515025,2.87645081039065,3.0074455552957837,4.308337525552506,4.475924032233407,0.0,0.0,0.0,3.9001008912137056,correction_completion,baseline_sweep_d3,3,50,20,2825998749,reference_fold_convolution_rf,,,,{}
GATT,g=4_t=4,4.0,4.0,0.0,raw_structured,0.2082924044061218,0.2022558238217957,0.13527372256415252,-0.04741635020695747,-0.01096568788710014,0.4358700577422508,0.48125192897622726,0.058666666666666666,0.11733333333333333,0.11733333333333333,0.0,correction_completion,null,3,200,4,672232197,raw_structured,,,,
GATT,g=4_t=5,4.0,5.0,1.0,raw_structured,0.1900414651368723,0.18842012467677804,0.13281102213562782,-0.06298484843153691,-0.029597841505685476,0.4148884001489164,0.45835257023598497,0.07733333333333334,0.15466666666666667,0.15466666666666667,0.0,correction_completion,null,3,200,4,672232197,raw_structured,,,,
GATT,g=4_t=6,4.0,6.0,2.0,raw_structured,0.11723094575006955,0.11612048606354894,0.13707509919437355,-0.1446458576357938,-0.1132841398096942,0.34405432546187115,0.38243829387484646,0.19266666666666668,0.38533333333333336,0.38533333333333336,0.0,correction_completion,null,3,200,4,672232197,raw_structured,,,,
GATT,g=4_t=7,4.0,7.0,3.0,raw_structured,0.05848311409759297,0.0630141844754778,0.14909294159026745,-0.247757924661193,-0.19451943793109322,0.29381287057272665,0.3370951208826289,0.324,0.648,0.648,0.0,correction_completion,null,3,200,4,672232197,raw_structured,,,,
ES,k=0,,,0.0,raw_structured,0.2082924044061218,0.2022558238217957,0.13527372256415252,-0.04741635020695747,-0.01096568788710014,0.4358700577422508,0.48125192897622726,0.058666666666666666,0.11733333333333333,0.11733333333333333,0.0,correction_completion,null,3,200,4,672232197,raw_structured,,,,
ES,k=1,,,1.0,raw_structured,0.1900414651368723,0.18842012467677804,0.13281102213562782,-0.06298484843153691,-0.029597841505685476,0.4148884001489164,0.45835257023598497,0.07733333333333334,0.15466666666666667,0.15466666666666667,0.0,correction_completion,null,3,200,4,672232197,raw_structured,,,,
ES,k=2,,,2.0,raw_structured,0.11723094575006955,0.11612048606354894,0.13707509919437355,-0.1446458576357938,-0.1132841398096942,0.34405432546187115,0.38243829387484646,0.19266666666666668,0.38533333333333336,0.38533333333333336,0.0,correction_completion,null,3,200,4,672232197,raw_structured,,,,
ES,k=3,,,3.0,raw_structured,0.05848311409759297,0.0630141844754778,0.14909294159026745,-0.247757924661193,-0.19451943793109322,0.29381287057272665,0.3370951208826289,0.324,0.648,0.648,0.0,correction_completion,null,3,200,4,672232197,raw_structured,,,,
ATT,ATT,,,,raw_structured,0.14351198234766416,0.14141026378890936,0.11054764933096373,-0.06348322465483308,-0.03841411061478753,0.3300059124792575,0.35863449307952827,0.1,0.2,0.2,0.0,correction_completion,null,3,200,4,672232197,raw_structured,,,,
GATT,g=4_t=4,4.0,4.0,0.0,reference_fold_convolution,0.4245490201184054,0.43009728410726455,0.22253405434950804,0.009187446498940106,0.07138012831233796,0.7932574515918164,0.8764806022139306,0.023333333333333334,0.04666666666666667,0.04666666666666667,0.0,correction_completion,null,3,200,4,672232197,reference_fold_convolution_rf,1.7089296651468533,42.13762289436112,,"{""0"": {""bar_pi"": 0.48, ""control_ess"": 42.13762289436112, ""fold_sizes"": [{""evaluation"": 100, ""fold"": 0, ""train"": 100}], ""global_fold_bb"": true, ""max_control_odds"": 1.6273190463565914, ""n_clipped"": 0, ""n_complement_units"": 100, ""n_eval_units"": 100, ""posterior_cache_key"": ""g=4_fold=0"", ""posterior_draws"": 1500, ""raw_max_control_odds"": 1.6273190463565914}, ""1"": {""bar_pi"": 0.39, ""control_ess"": 55.13685260520639, ""fold_sizes"": [{""evaluation"": 100, ""fold"": 0, ""train"": 100}], ""global_fold_bb"": true, ""max_control_odds"": 1.7089296651468533, ""n_clipped"": 0, ""n_complement_units"": 100, ""n_eval_units"": 100, ""posterior_cache_key"": ""g=4_fold=1"", ""posterior_draws"": 1500, ""raw_max_control_odds"": 1.7089296651468533}}"
GATT,g=4_t=5,4.0,5.0,1.0,reference_fold_convolution,0.5402697686685736,0.540279814701534,0.2083256263870934,0.11713287910276023,0.19810089357536168,0.8906669788900429,0.9434963300505071,0.004666666666666667,0.009333333333333334,0.009333333333333334,0.0,correction_completion,null,3,200,4,672232197,reference_fold_convolution_rf,1.7089296651468533,42.13762289436112,,"{""0"": {""bar_pi"": 0.48, ""control_ess"": 42.13762289436112, ""fold_sizes"": [{""evaluation"": 100, ""fold"": 0, ""train"": 100}], ""global_fold_bb"": true, ""max_control_odds"": 1.6273190463565914, ""n_clipped"": 0, ""n_complement_units"": 100, ""n_eval_units"": 100, ""posterior_cache_key"": ""g=4_fold=0"", ""posterior_draws"": 1500, ""raw_max_control_odds"": 1.6273190463565914}, ""1"": {""bar_pi"": 0.39, ""control_ess"": 55.13685260520639, ""fold_sizes"": [{""evaluation"": 100, ""fold"": 0, ""train"": 100}], ""global_fold_bb"": true, ""max_control_odds"": 1.7089296651468533, ""n_clipped"": 0, ""n_complement_units"": 100, ""n_eval_units"": 100, ""posterior_cache_key"": ""g=4_fold=1"", ""posterior_draws"": 1500, ""raw_max_control_odds"": 1.7089296651468533}}"
GATT,g=4_t=6,4.0,6.0,2.0,reference_fold_convolution,0.4242313368138879,0.42763868100827185,0.20942942858732666,-0.010116509183500393,0.07256071145410949,0.7617926463197103,0.8266892051460928,0.03,0.06,0.06,0.0,correction_completion,null,3,200,4,672232197,reference_fold_convolution_rf,1.7089296651468533,42.13762289436112,,"{""0"": {""bar_pi"": 0.48, ""control_ess"": 42.13762289436112, ""fold_sizes"": [{""evaluation"": 100, ""fold"": 0, ""train"": 100}], ""global_fold_bb"": true, ""max_control_odds"": 1.6273190463565914, ""n_clipped"": 0, ""n_complement_units"": 100, ""n_eval_units"": 100, ""posterior_cache_key"": ""g=4_fold=0"", ""posterior_draws"": 1500, ""raw_max_control_odds"": 1.6273190463565914}, ""1"": {""bar_pi"": 0.39, ""control_ess"": 55.13685260520639, ""fold_sizes"": [{""evaluation"": 100, ""fold"": 0, ""train"": 100}], ""global_fold_bb"": true, ""max_control_odds"": 1.7089296651468533, ""n_clipped"": 0, ""n_complement_units"": 100, ""n_eval_units"": 100, ""posterior_cache_key"": ""g=4_fold=1"", ""posterior_draws"": 1500, ""raw_max_control_odds"": 1.7089296651468533}}"
GATT,g=4_t=7,4.0,7.0,3.0,reference_fold_convolution,0.3043920822720134,0.30944014080037885,0.22449851277688473,-0.16391555031610797,-0.07219077578554567,0.6580845124678291,0.727202150636663,0.08733333333333333,0.17466666666666666,0.17466666666666666,0.0,correction_completion,null,3,200,4,672232197,reference_fold_convolution_rf,1.7089296651468533,42.13762289436112,,"{""0"": {""bar_pi"": 0.48, ""control_ess"": 42.13762289436112, ""fold_sizes"": [{""evaluation"": 100, ""fold"": 0, ""train"": 100}], ""global_fold_bb"": true, ""max_control_odds"": 1.6273190463565914, ""n_clipped"": 0, ""n_complement_units"": 100, ""n_eval_units"": 100, ""posterior_cache_key"": ""g=4_fold=0"", ""posterior_draws"": 1500, ""raw_max_control_odds"": 1.6273190463565914}, ""1"": {""bar_pi"": 0.39, ""control_ess"": 55.13685260520639, ""fold_sizes"": [{""evaluation"": 100, ""fold"": 0, ""train"": 100}], ""global_fold_bb"": true, ""max_control_odds"": 1.7089296651468533, ""n_clipped"": 0, ""n_complement_units"": 100, ""n_eval_units"": 100, ""posterior_cache_key"": ""g=4_fold=1"", ""posterior_draws"": 1500, ""raw_max_control_odds"": 1.7089296651468533}}"
ES,k=0,,,0.0,reference_fold_convolution,0.4245490201184054,0.43009728410726455,0.22253405434950804,0.009187446498940106,0.07138012831233796,0.7932574515918164,0.8764806022139306,0.023333333333333334,0.04666666666666667,0.04666666666666667,0.0,correction_completion,null,3,200,4,672232197,reference_fold_convolution_rf,,,,{}
ES,k=1,,,1.0,reference_fold_convolution,0.5402697686685736,0.540279814701534,0.2083256263870934,0.11713287910276023,0.19810089357536168,0.8906669788900429,0.9434963300505071,0.004666666666666667,0.009333333333333334,0.009333333333333334,0.0,correction_completion,null,3,200,4,672232197,reference_fold_convolution_rf,,,,{}
ES,k=2,,,2.0,reference_fold_convolution,0.4242313368138879,0.42763868100827185,0.20942942858732666,-0.010116509183500393,0.07256071145410949,0.7617926463197103,0.8266892051460928,0.03,0.06,0.06,0.0,correction_completion,null,3,200,4,672232197,reference_fold_convolution_rf,,,,{}
ES,k=3,,,3.0,reference_fold_convolution,0.3043920822720134,0.30944014080037885,0.22449851277688473,-0.16391555031610797,-0.07219077578554567,0.6580845124678291,0.727202150636663,0.08733333333333333,0.17466666666666666,0.17466666666666666,0.0,correction_completion,null,3,200,4,672232197,reference_fold_convolution_rf,,,,{}
ATT,ATT,,,,reference_fold_convolution,0.4233605519682201,0.4291929186342825,0.17146911240343246,0.06485918173895298,0.12683053654415335,0.6870434960985766,0.7352344923410334,0.008,0.016,0.016,0.0,correction_completion,null,3,200,4,672232197,reference_fold_convolution_rf,,,,{}
GATT,g=4_t=4,4.0,4.0,0.0,raw_structured,4.157638258664517,4.1515269352877615,0.1508562714025687,3.8653046386292154,3.917628839846852,4.410897335978968,4.463251058319077,0.0,0.0,0.0,4.075001669185944,correction_completion,selection_both,2,200,88,1379533157,raw_structured,,,,
GATT,g=4_t=5,4.0,5.0,1.0,raw_structured,4.121357845525791,4.118935325175908,0.14597466482679713,3.8331593651865754,3.881104526798899,4.361275107180465,4.409264896894732,0.0,0.0,0.0,4.075001669185944,correction_completion,selection_both,2,200,88,1379533157,raw_structured,,,,
GATT,g=4_t=6,4.0,6.0,2.0,raw_structured,4.074686327312709,4.081887494684066,0.15063036645751046,3.7567235508311327,3.818549832595136,4.318649285332031,4.362373792963959,0.0,0.0,0.0,4.075001669185944,correction_completion,selection_both,2,200,88,1379533157,raw_structured,,,,
GATT,g=4_t=7,4.0,7.0,3.0,raw_structured,4.0952700506991455,4.093411757380798,0.1534892083683181,3.787625461615371,3.8428156518364585,4.340702644767398,4.401956317798086,0.0,0.0,0.0,4.075001669185944,correction_completion,selection_both,2,200,88,1379533157,raw_structured,,,,
ES,k=0,,,0.0,raw_structured,4.157638258664517,4.1515269352877615,0.1508562714025687,3.8653046386292154,3.917628839846852,4.410897335978968,4.463251058319077,0.0,0.0,0.0,4.075001669185944,correction_completion,selection_both,2,200,88,1379533157,raw_structured,,,,
ES,k=1,,,1.0,raw_structured,4.121357845525791,4.118935325175908,0.14597466482679713,3.8331593651865754,3.881104526798899,4.361275107180465,4.409264896894732,0.0,0.0,0.0,4.075001669185944,correction_completion,selection_both,2,200,88,1379533157,raw_structured,,,,
ES,k=2,,,2.0,raw_structured,4.074686327312709,4.081887494684066,0.15063036645751046,3.7567235508311327,3.818549832595136,4.318649285332031,4.362373792963959,0.0,0.0,0.0,4.075001669185944,correction_completion,selection_both,2,200,88,1379533157,raw_structured,,,,
ES,k=3,,,3.0,raw_structured,4.0952700506991455,4.093411757380798,0.1534892083683181,3.787625461615371,3.8428156518364585,4.340702644767398,4.401956317798086,0.0,0.0,0.0,4.075001669185944,correction_completion,selection_both,2,200,88,1379533157,raw_structured,,,,
ATT,ATT,,,,raw_structured,4.112238120550541,4.1135058029457205,0.12417266891016093,3.8596985501408594,3.9097901732962494,4.317421104228247,4.3463400955902785,0.0,0.0,0.0,4.075001669185944,correction_completion,selection_both,2,200,88,1379533157,raw_structured,,,,
GATT,g=4_t=4,4.0,4.0,0.0,reference_fold_convolution,4.280128358645529,4.290631914091943,0.2671929833389542,3.7308835566699647,3.822927008955327,4.707173410359567,4.794569067249163,0.0,0.0,0.0,4.075001669185944,correction_completion,selection_both,2,200,88,1379533157,reference_fold_convolution_rf,2.608128322459962,32.6735739479123,,"{""0"": {""bar_pi"": 0.4, ""control_ess"": 48.35394293396102, ""fold_sizes"": [{""evaluation"": 100, ""fold"": 0, ""train"": 100}], ""global_fold_bb"": true, ""max_control_odds"": 2.608128322459962, ""n_clipped"": 0, ""n_complement_units"": 100, ""n_eval_units"": 100, ""posterior_cache_key"": ""g=4_fold=0"", ""posterior_draws"": 1500, ""raw_max_control_odds"": 2.608128322459962}, ""1"": {""bar_pi"": 0.51, ""control_ess"": 32.6735739479123, ""fold_sizes"": [{""evaluation"": 100, ""fold"": 0, ""train"": 100}], ""global_fold_bb"": true, ""max_control_odds"": 1.75257510899381, ""n_clipped"": 0, ""n_complement_units"": 100, ""n_eval_units"": 100, ""posterior_cache_key"": ""g=4_fold=1"", ""posterior_draws"": 1500, ""raw_max_control_odds"": 1.75257510899381}}"
GATT,g=4_t=5,4.0,5.0,1.0,reference_fold_convolution,4.021326818072312,4.01900096278664,0.26959396368129934,3.4946738855851938,3.57521313585087,4.456306585615755,4.5422266973452174,0.0,0.0,0.0,4.075001669185944,correction_completion,selection_both,2,200,88,1379533157,reference_fold_convolution_rf,2.608128322459962,32.6735739479123,,"{""0"": {""bar_pi"": 0.4, ""control_ess"": 48.35394293396102, ""fold_sizes"": [{""evaluation"": 100, ""fold"": 0, ""train"": 100}], ""global_fold_bb"": true, ""max_control_odds"": 2.608128322459962, ""n_clipped"": 0, ""n_complement_units"": 100, ""n_eval_units"": 100, ""posterior_cache_key"": ""g=4_fold=0"", ""posterior_draws"": 1500, ""raw_max_control_odds"": 2.608128322459962}, ""1"": {""bar_pi"": 0.51, ""control_ess"": 32.6735739479123, ""fold_sizes"": [{""evaluation"": 100, ""fold"": 0, ""train"": 100}], ""global_fold_bb"": true, ""max_control_odds"": 1.75257510899381, ""n_clipped"": 0, ""n_complement_units"": 100, ""n_eval_units"": 100, ""posterior_cache_key"": ""g=4_fold=1"", ""posterior_draws"": 1500, ""raw_max_control_odds"": 1.75257510899381}}"
GATT,g=4_t=6,4.0,6.0,2.0,reference_fold_convolution,4.115554476696297,4.122972976552945,0.2537790360155941,3.575938468996556,3.681388235287527,4.5202818640435884,4.595537277823714,0.0,0.0,0.0,4.075001669185944,correction_completion,selection_both,2,200,88,1379533157,reference_fold_convolution_rf,2.608128322459962,32.6735739479123,,"{""0"": {""bar_pi"": 0.4, ""control_ess"": 48.35394293396102, ""fold_sizes"": [{""evaluation"": 100, ""fold"": 0, ""train"": 100}], ""global_fold_bb"": true, ""max_control_odds"": 2.608128322459962, ""n_clipped"": 0, ""n_complement_units"": 100, ""n_eval_units"": 100, ""posterior_cache_key"": ""g=4_fold=0"", ""posterior_draws"": 1500, ""raw_max_control_odds"": 2.608128322459962}, ""1"": {""bar_pi"": 0.51, ""control_ess"": 32.6735739479123, ""fold_sizes"": [{""evaluation"": 100, ""fold"": 0, ""train"": 100}], ""global_fold_bb"": true, ""max_control_odds"": 1.75257510899381, ""n_clipped"": 0, ""n_complement_units"": 100, ""n_eval_units"": 100, ""posterior_cache_key"": ""g=4_fold=1"", ""posterior_draws"": 1500, ""raw_max_control_odds"": 1.75257510899381}}"
GATT,g=4_t=7,4.0,7.0,3.0,reference_fold_convolution,3.940993016789858,3.9560236652745457,0.2617486697046266,3.4208109036703362,3.5007356782670325,4.366075225668871,4.440525308571435,0.0,0.0,0.0,4.075001669185944,correction_completion,selection_both,2,200,88,1379533157,reference_fold_convolution_rf,2.608128322459962,32.6735739479123,,"{""0"": {""bar_pi"": 0.4, ""control_ess"": 48.35394293396102, ""fold_sizes"": [{""evaluation"": 100, ""fold"": 0, ""train"": 100}], ""global_fold_bb"": true, ""max_control_odds"": 2.608128322459962, ""n_clipped"": 0, ""n_complement_units"": 100, ""n_eval_units"": 100, ""posterior_cache_key"": ""g=4_fold=0"", ""posterior_draws"": 1500, ""raw_max_control_odds"": 2.608128322459962}, ""1"": {""bar_pi"": 0.51, ""control_ess"": 32.6735739479123, ""fold_sizes"": [{""evaluation"": 100, ""fold"": 0, ""train"": 100}], ""global_fold_bb"": true, ""max_control_odds"": 1.75257510899381, ""n_clipped"": 0, ""n_complement_units"": 100, ""n_eval_units"": 100, ""posterior_cache_key"": ""g=4_fold=1"", ""posterior_draws"": 1500, ""raw_max_control_odds"": 1.75257510899381}}"
ES,k=0,,,0.0,reference_fold_convolution,4.280128358645529,4.290631914091943,0.2671929833389542,3.7308835566699647,3.822927008955327,4.707173410359567,4.794569067249163,0.0,0.0,0.0,4.075001669185944,correction_completion,selection_both,2,200,88,1379533157,reference_fold_convolution_rf,,,,{}
ES,k=1,,,1.0,reference_fold_convolution,4.021326818072312,4.01900096278664,0.26959396368129934,3.4946738855851938,3.57521313585087,4.456306585615755,4.5422266973452174,0.0,0.0,0.0,4.075001669185944,correction_completion,selection_both,2,200,88,1379533157,reference_fold_convolution_rf,,,,{}
ES,k=2,,,2.0,reference_fold_convolution,4.115554476696297,4.122972976552945,0.2537790360155941,3.575938468996556,3.681388235287527,4.5202818640435884,4.595537277823714,0.0,0.0,0.0,4.075001669185944,correction_completion,selection_both,2,200,88,1379533157,reference_fold_convolution_rf,,,,{}
ES,k=3,,,3.0,reference_fold_convolution,3.940993016789858,3.9560236652745457,0.2617486697046266,3.4208109036703362,3.5007356782670325,4.366075225668871,4.440525308571435,0.0,0.0,0.0,4.075001669185944,correction_completion,selection_both,2,200,88,1379533157,reference_fold_convolution_rf,,,,{}
ATT,ATT,,,,reference_fold_convolution,4.089500667550999,4.094268256206572,0.21904389168513855,3.646929795134857,3.724274146283931,4.4472394650093054,4.52142364582482,0.0,0.0,0.0,4.075001669185944,correction_completion,selection_both,2,200,88,1379533157,reference_fold_convolution_rf,,,,{}
GATT,g=4_t=4,4.0,4.0,0.0,raw_structured,4.142341298962973,4.142933020985625,0.17427423016048602,3.7800904994164117,3.863529822842843,4.417914418679929,4.476998146694184,0.0,0.0,0.0,4.1336350411848315,correction_completion,selection_obs,3,200,72,1895947150,raw_structured,,,,
GATT,g=4_t=5,4.0,5.0,1.0,raw_structured,4.190003642932152,4.190910432420038,0.18136150605525397,3.8340641097171555,3.888315508315408,4.48043329253388,4.536881051122401,0.0,0.0,0.0,4.1336350411848315,correction_completion,selection_obs,3,200,72,1895947150,raw_structured,,,,
GATT,g=4_t=6,4.0,6.0,2.0,raw_structured,4.399540057273012,4.394909415364923,0.1800659811868557,4.062442875561431,4.1014211679006,4.700159197697009,4.760337851725684,0.0,0.0,0.0,4.1336350411848315,correction_completion,selection_obs,3,200,72,1895947150,raw_structured,,,,
GATT,g=4_t=7,4.0,7.0,3.0,raw_structured,4.364553827712629,4.361135505568143,0.18394452527322272,4.001013567569647,4.056872859044116,4.66523562948592,4.717824305192211,0.0,0.0,0.0,4.1336350411848315,correction_completion,selection_obs,3,200,72,1895947150,raw_structured,,,,
ES,k=0,,,0.0,raw_structured,4.142341298962973,4.142933020985625,0.17427423016048602,3.7800904994164117,3.863529822842843,4.417914418679929,4.476998146694184,0.0,0.0,0.0,4.1336350411848315,correction_completion,selection_obs,3,200,72,1895947150,raw_structured,,,,
ES,k=1,,,1.0,raw_structured,4.190003642932152,4.190910432420038,0.18136150605525397,3.8340641097171555,3.888315508315408,4.48043329253388,4.536881051122401,0.0,0.0,0.0,4.1336350411848315,correction_completion,selection_obs,3,200,72,1895947150,raw_structured,,,,
ES,k=2,,,2.0,raw_structured,4.399540057273012,4.394909415364923,0.1800659811868557,4.062442875561431,4.1014211679006,4.700159197697009,4.760337851725684,0.0,0.0,0.0,4.1336350411848315,correction_completion,selection_obs,3,200,72,1895947150,raw_structured,,,,
ES,k=3,,,3.0,raw_structured,4.364553827712629,4.361135505568143,0.18394452527322272,4.001013567569647,4.056872859044116,4.66523562948592,4.717824305192211,0.0,0.0,0.0,4.1336350411848315,correction_completion,selection_obs,3,200,72,1895947150,raw_structured,,,,
ATT,ATT,,,,raw_structured,4.274109706720192,4.2784015609612105,0.14200391715236152,3.9790665709221775,4.037200134274993,4.503526496493395,4.542106756448254,0.0,0.0,0.0,4.1336350411848315,correction_completion,selection_obs,3,200,72,1895947150,raw_structured,,,,
GATT,g=4_t=4,4.0,4.0,0.0,reference_fold_convolution,3.913738585382551,3.9215123247496924,0.3106274057918971,3.31150335469965,3.397945927937929,4.3997781265853115,4.525964271450803,0.0,0.0,0.0,4.1336350411848315,correction_completion,selection_obs,3,200,72,1895947150,reference_fold_convolution_rf,6.286425489724379,23.152952990560408,,"{""0"": {""bar_pi"": 0.51, ""control_ess"": 23.152952990560408, ""fold_sizes"": [{""evaluation"": 100, ""fold"": 0, ""train"": 100}], ""global_fold_bb"": true, ""max_control_odds"": 6.286425489724379, ""n_clipped"": 0, ""n_complement_units"": 100, ""n_eval_units"": 100, ""posterior_cache_key"": ""g=4_fold=0"", ""posterior_draws"": 1500, ""raw_max_control_odds"": 6.286425489724379}, ""1"": {""bar_pi"": 0.48, ""control_ess"": 42.48780669284226, ""fold_sizes"": [{""evaluation"": 100, ""fold"": 0, ""train"": 100}], ""global_fold_bb"": true, ""max_control_odds"": 1.7576970838365942, ""n_clipped"": 0, ""n_complement_units"": 100, ""n_eval_units"": 100, ""posterior_cache_key"": ""g=4_fold=1"", ""posterior_draws"": 1500, ""raw_max_control_odds"": 1.7576970838365942}}"
GATT,g=4_t=5,4.0,5.0,1.0,reference_fold_convolution,4.323705293583178,4.3180541731681,0.3114426010735629,3.764581228573275,3.8541832974826344,4.842622294820511,4.969250308154863,0.0,0.0,0.0,4.1336350411848315,correction_completion,selection_obs,3,200,72,1895947150,reference_fold_convolution_rf,6.286425489724379,23.152952990560408,,"{""0"": {""bar_pi"": 0.51, ""control_ess"": 23.152952990560408, ""fold_sizes"": [{""evaluation"": 100, ""fold"": 0, ""train"": 100}], ""global_fold_bb"": true, ""max_control_odds"": 6.286425489724379, ""n_clipped"": 0, ""n_complement_units"": 100, ""n_eval_units"": 100, ""posterior_cache_key"": ""g=4_fold=0"", ""posterior_draws"": 1500, ""raw_max_control_odds"": 6.286425489724379}, ""1"": {""bar_pi"": 0.48, ""control_ess"": 42.48780669284226, ""fold_sizes"": [{""evaluation"": 100, ""fold"": 0, ""train"": 100}], ""global_fold_bb"": true, ""max_control_odds"": 1.7576970838365942, ""n_clipped"": 0, ""n_complement_units"": 100, ""n_eval_units"": 100, ""posterior_cache_key"": ""g=4_fold=1"", ""posterior_draws"": 1500, ""raw_max_control_odds"": 1.7576970838365942}}"
GATT,g=4_t=6,4.0,6.0,2.0,reference_fold_convolution,5.023151562816091,5.004094897618038,0.3192024443498951,4.416009765872619,4.530986541624103,5.585136524668472,5.722138578251802,0.0,0.0,0.0,4.1336350411848315,correction_completion,selection_obs,3,200,72,1895947150,reference_fold_convolution_rf,6.286425489724379,23.152952990560408,,"{""0"": {""bar_pi"": 0.51, ""control_ess"": 23.152952990560408, ""fold_sizes"": [{""evaluation"": 100, ""fold"": 0, ""train"": 100}], ""global_fold_bb"": true, ""max_control_odds"": 6.286425489724379, ""n_clipped"": 0, ""n_complement_units"": 100, ""n_eval_units"": 100, ""posterior_cache_key"": ""g=4_fold=0"", ""posterior_draws"": 1500, ""raw_max_control_odds"": 6.286425489724379}, ""1"": {""bar_pi"": 0.48, ""control_ess"": 42.48780669284226, ""fold_sizes"": [{""evaluation"": 100, ""fold"": 0, ""train"": 100}], ""global_fold_bb"": true, ""max_control_odds"": 1.7576970838365942, ""n_clipped"": 0, ""n_complement_units"": 100, ""n_eval_units"": 100, ""posterior_cache_key"": ""g=4_fold=1"", ""posterior_draws"": 1500, ""raw_max_control_odds"": 1.7576970838365942}}"
GATT,g=4_t=7,4.0,7.0,3.0,reference_fold_convolution,4.482718319934505,4.471125324442914,0.28885430488378994,3.92360911164018,4.0099367409400495,4.9708131118518155,5.081863292970698,0.0,0.0,0.0,4.1336350411848315,correction_completion,selection_obs,3,200,72,1895947150,reference_fold_convolution_rf,6.286425489724379,23.152952990560408,,"{""0"": {""bar_pi"": 0.51, ""control_ess"": 23.152952990560408, ""fold_sizes"": [{""evaluation"": 100, ""fold"": 0, ""train"": 100}], ""global_fold_bb"": true, ""max_control_odds"": 6.286425489724379, ""n_clipped"": 0, ""n_complement_units"": 100, ""n_eval_units"": 100, ""posterior_cache_key"": ""g=4_fold=0"", ""posterior_draws"": 1500, ""raw_max_control_odds"": 6.286425489724379}, ""1"": {""bar_pi"": 0.48, ""control_ess"": 42.48780669284226, ""fold_sizes"": [{""evaluation"": 100, ""fold"": 0, ""train"": 100}], ""global_fold_bb"": true, ""max_control_odds"": 1.7576970838365942, ""n_clipped"": 0, ""n_complement_units"": 100, ""n_eval_units"": 100, ""posterior_cache_key"": ""g=4_fold=1"", ""posterior_draws"": 1500, ""raw_max_control_odds"": 1.7576970838365942}}"
ES,k=0,,,0.0,reference_fold_convolution,3.913738585382551,3.9215123247496924,0.3106274057918971,3.31150335469965,3.397945927937929,4.3997781265853115,4.525964271450803,0.0,0.0,0.0,4.1336350411848315,correction_completion,selection_obs,3,200,72,1895947150,reference_fold_convolution_rf,,,,{}
ES,k=1,,,1.0,reference_fold_convolution,4.323705293583178,4.3180541731681,0.3114426010735629,3.764581228573275,3.8541832974826344,4.842622294820511,4.969250308154863,0.0,0.0,0.0,4.1336350411848315,correction_completion,selection_obs,3,200,72,1895947150,reference_fold_convolution_rf,,,,{}
ES,k=2,,,2.0,reference_fold_convolution,5.023151562816091,5.004094897618038,0.3192024443498951,4.416009765872619,4.530986541624103,5.585136524668472,5.722138578251802,0.0,0.0,0.0,4.1336350411848315,correction_completion,selection_obs,3,200,72,1895947150,reference_fold_convolution_rf,,,,{}
ES,k=3,,,3.0,reference_fold_convolution,4.482718319934505,4.471125324442914,0.28885430488378994,3.92360911164018,4.0099367409400495,4.9708131118518155,5.081863292970698,0.0,0.0,0.0,4.1336350411848315,correction_completion,selection_obs,3,200,72,1895947150,reference_fold_convolution_rf,,,,{}
ATT,ATT,,,,reference_fold_convolution,4.435828440429081,4.426603840439004,0.26042053753747496,3.9427550836775684,4.026264267169925,4.876682568523012,4.97223845789764,0.0,0.0,0.0,4.1336350411848315,correction_completion,selection_obs,3,200,72,1895947150,reference_fold_convolution_rf,,,,{}
GATT,g=4_t=4,4.0,4.0,0.0,raw_structured,3.6474838290122897,3.6465949979602437,0.07581018531487518,3.5024410936036086,3.5263076717472406,3.7727620691172485,3.7916280572111023,0.0,0.0,0.0,3.742483816466804,correction_completion,serial_sweep,1,400,56,4193116703,raw_structured,,,,
GATT,g=4_t=5,4.0,5.0,1.0,raw_structured,3.6475895981895023,3.6463265585772917,0.0724198342566535,3.5126206580531436,3.535646341197498,3.7623521045675297,3.782858068666953,0.0,0.0,0.0,3.742483816466804,correction_completion,serial_sweep,1,400,56,4193116703,raw_structured,,,,
GATT,g=4_t=6,4.0,6.0,2.0,raw_structured,3.6395103053849844,3.6408052588557274,0.07420806132901539,3.4909138301223996,3.5192575190848903,3.7550550137781324,3.7789722034992668,0.0,0.0,0.0,3.742483816466804,correction_completion,serial_sweep,1,400,56,4193116703,raw_structured,,,,
GATT,g=4_t=7,4.0,7.0,3.0,raw_structured,3.6333989097031822,3.6348116576238345,0.0798758928222638,3.46863150318838,3.5015024362108615,3.7550550137781324,3.7781067242453354,0.0,0.0,0.0,3.742483816466804,correction_completion,serial_sweep,1,400,56,4193116703,raw_structured,,,,
ES,k=0,,,0.0,raw_structured,3.6474838290122897,3.6465949979602437,0.07581018531487518,3.5024410936036086,3.5263076717472406,3.7727620691172485,3.7916280572111023,0.0,0.0,0.0,3.742483816466804,correction_completion,serial_sweep,1,400,56,4193116703,raw_structured,,,,
ES,k=1,,,1.0,raw_structured,3.6475895981895023,3.6463265585772917,0.0724198342566535,3.5126206580531436,3.535646341197498,3.7623521045675297,3.782858068666953,0.0,0.0,0.0,3.742483816466804,correction_completion,serial_sweep,1,400,56,4193116703,raw_structured,,,,
ES,k=2,,,2.0,raw_structured,3.6395103053849844,3.6408052588557274,0.07420806132901539,3.4909138301223996,3.5192575190848903,3.7550550137781324,3.7789722034992668,0.0,0.0,0.0,3.742483816466804,correction_completion,serial_sweep,1,400,56,4193116703,raw_structured,,,,
ES,k=3,,,3.0,raw_structured,3.6333989097031822,3.6348116576238345,0.0798758928222638,3.46863150318838,3.5015024362108615,3.7550550137781324,3.7781067242453354,0.0,0.0,0.0,3.742483816466804,correction_completion,serial_sweep,1,400,56,4193116703,raw_structured,,,,
ATT,ATT,,,,raw_structured,3.6419956605724897,3.6405700202779228,0.06434905317143015,3.5207151163174606,3.5397518278840874,3.7440642842076723,3.7625875462637963,0.0,0.0,0.0,3.742483816466804,correction_completion,serial_sweep,1,400,56,4193116703,raw_structured,,,,
GATT,g=4_t=4,4.0,4.0,0.0,reference_fold_convolution,3.611588661463582,3.616107670248795,0.12972243700192293,3.3495661705721465,3.3969727690838005,3.82084718319594,3.861864520106422,0.0,0.0,0.0,3.742483816466804,correction_completion,serial_sweep,1,400,56,4193116703,reference_fold_convolution_rf,2.281260413520976,81.52818620192082,,"{""0"": {""bar_pi"": 0.48, ""control_ess"": 93.07088943235277, ""fold_sizes"": [{""evaluation"": 200, ""fold"": 0, ""train"": 200}], ""global_fold_bb"": true, ""max_control_odds"": 2.2214279989196197, ""n_clipped"": 0, ""n_complement_units"": 200, ""n_eval_units"": 200, ""posterior_cache_key"": ""g=4_fold=0"", ""posterior_draws"": 1500, ""raw_max_control_odds"": 2.2214279989196197}, ""1"": {""bar_pi"": 0.52, ""control_ess"": 81.52818620192082, ""fold_sizes"": [{""evaluation"": 200, ""fold"": 0, ""train"": 200}], ""global_fold_bb"": true, ""max_control_odds"": 2.281260413520976, ""n_clipped"": 0, ""n_complement_units"": 200, ""n_eval_units"": 200, ""posterior_cache_key"": ""g=4_fold=1"", ""posterior_draws"": 1500, ""raw_max_control_odds"": 2.281260413520976}}"
GATT,g=4_t=5,4.0,5.0,1.0,reference_fold_convolution,3.7040311497347838,3.7041721887188204,0.1458817080412,3.4185293240614114,3.4621847742603715,3.9429964788576664,4.007636186323678,0.0,0.0,0.0,3.742483816466804,correction_completion,serial_sweep,1,400,56,4193116703,reference_fold_convolution_rf,2.281260413520976,81.52818620192082,,"{""0"": {""bar_pi"": 0.48, ""control_ess"": 93.07088943235277, ""fold_sizes"": [{""evaluation"": 200, ""fold"": 0, ""train"": 200}], ""global_fold_bb"": true, ""max_control_odds"": 2.2214279989196197, ""n_clipped"": 0, ""n_complement_units"": 200, ""n_eval_units"": 200, ""posterior_cache_key"": ""g=4_fold=0"", ""posterior_draws"": 1500, ""raw_max_control_odds"": 2.2214279989196197}, ""1"": {""bar_pi"": 0.52, ""control_ess"": 81.52818620192082, ""fold_sizes"": [{""evaluation"": 200, ""fold"": 0, ""train"": 200}], ""global_fold_bb"": true, ""max_control_odds"": 2.281260413520976, ""n_clipped"": 0, ""n_complement_units"": 200, ""n_eval_units"": 200, ""posterior_cache_key"": ""g=4_fold=1"", ""posterior_draws"": 1500, ""raw_max_control_odds"": 2.281260413520976}}"
GATT,g=4_t=6,4.0,6.0,2.0,reference_fold_convolution,3.611161869643117,3.610910327072518,0.15775171587764553,3.30175995239219,3.358339630095637,3.8675300680588167,3.9232102968177505,0.0,0.0,0.0,3.742483816466804,correction_completion,serial_sweep,1,400,56,4193116703,reference_fold_convolution_rf,2.281260413520976,81.52818620192082,,"{""0"": {""bar_pi"": 0.48, ""control_ess"": 93.07088943235277, ""fold_sizes"": [{""evaluation"": 200, ""fold"": 0, ""train"": 200}], ""global_fold_bb"": true, ""max_control_odds"": 2.2214279989196197, ""n_clipped"": 0, ""n_complement_units"": 200, ""n_eval_units"": 200, ""posterior_cache_key"": ""g=4_fold=0"", ""posterior_draws"": 1500, ""raw_max_control_odds"": 2.2214279989196197}, ""1"": {""bar_pi"": 0.52, ""control_ess"": 81.52818620192082, ""fold_sizes"": [{""evaluation"": 200, ""fold"": 0, ""train"": 200}], ""global_fold_bb"": true, ""max_control_odds"": 2.281260413520976, ""n_clipped"": 0, ""n_complement_units"": 200, ""n_eval_units"": 200, ""posterior_cache_key"": ""g=4_fold=1"", ""posterior_draws"": 1500, ""raw_max_control_odds"": 2.281260413520976}}"
GATT,g=4_t=7,4.0,7.0,3.0,reference_fold_convolution,3.619102640482029,3.6252864316304905,0.16700863559405554,3.282768569754492,3.3449771542473288,3.885505824548704,3.925038365592033,0.0,0.0,0.0,3.742483816466804,correction_completion,serial_sweep,1,400,56,4193116703,reference_fold_convolution_rf,2.281260413520976,81.52818620192082,,"{""0"": {""bar_pi"": 0.48, ""control_ess"": 93.07088943235277, ""fold_sizes"": [{""evaluation"": 200, ""fold"": 0, ""train"": 200}], ""global_fold_bb"": true, ""max_control_odds"": 2.2214279989196197, ""n_clipped"": 0, ""n_complement_units"": 200, ""n_eval_units"": 200, ""posterior_cache_key"": ""g=4_fold=0"", ""posterior_draws"": 1500, ""raw_max_control_odds"": 2.2214279989196197}, ""1"": {""bar_pi"": 0.52, ""control_ess"": 81.52818620192082, ""fold_sizes"": [{""evaluation"": 200, ""fold"": 0, ""train"": 200}], ""global_fold_bb"": true, ""max_control_odds"": 2.281260413520976, ""n_clipped"": 0, ""n_complement_units"": 200, ""n_eval_units"": 200, ""posterior_cache_key"": ""g=4_fold=1"", ""posterior_draws"": 1500, ""raw_max_control_odds"": 2.281260413520976}}"
ES,k=0,,,0.0,reference_fold_convolution,3.611588661463582,3.616107670248795,0.12972243700192293,3.3495661705721465,3.3969727690838005,3.82084718319594,3.861864520106422,0.0,0.0,0.0,3.742483816466804,correction_completion,serial_sweep,1,400,56,4193116703,reference_fold_convolution_rf,,,,{}
ES,k=1,,,1.0,reference_fold_convolution,3.7040311497347838,3.7041721887188204,0.1458817080412,3.4185293240614114,3.4621847742603715,3.9429964788576664,4.007636186323678,0.0,0.0,0.0,3.742483816466804,correction_completion,serial_sweep,1,400,56,4193116703,reference_fold_convolution_rf,,,,{}
ES,k=2,,,2.0,reference_fold_convolution,3.611161869643117,3.610910327072518,0.15775171587764553,3.30175995239219,3.358339630095637,3.8675300680588167,3.9232102968177505,0.0,0.0,0.0,3.742483816466804,correction_completion,serial_sweep,1,400,56,4193116703,reference_fold_convolution_rf,,,,{}
ES,k=3,,,3.0,reference_fold_convolution,3.619102640482029,3.6252864316304905,0.16700863559405554,3.282768569754492,3.3449771542473288,3.885505824548704,3.925038365592033,0.0,0.0,0.0,3.742483816466804,correction_completion,serial_sweep,1,400,56,4193116703,reference_fold_convolution_rf,,,,{}
ATT,ATT,,,,reference_fold_convolution,3.6364710803308777,3.63822680695794,0.1344634114578697,3.3678100634096113,3.4210590579110396,3.84842074027551,3.891869471677458,0.0,0.0,0.0,3.742483816466804,correction_completion,serial_sweep,1,400,56,4193116703,reference_fold_convolution_rf,,,,{}
GATT,g=4_t=4,4.0,4.0,0.0,raw_structured,3.453281980711261,3.4399646774098596,0.2630545610280416,2.977638000717729,3.029919606267083,3.89692661667783,4.003736657763417,0.0,0.0,0.0,3.7346174732380986,correction_completion,serial_sweep_d3,3,50,40,4145710785,raw_structured,,,,
GATT,g=4_t=5,4.0,5.0,1.0,raw_structured,3.3587030480526154,3.3511834044537534,0.2463259366288873,2.8987664283589374,2.975761926868951,3.7754339968424104,3.8592245195554806,0.0,0.0,0.0,3.7346174732380986,correction_completion,serial_sweep_d3,3,50,40,4145710785,raw_structured,,,,
GATT,g=4_t=6,4.0,6.0,2.0,raw_structured,3.339820663466614,3.3293194102998833,0.2488714085235923,2.862009817490366,2.9495693764694795,3.7619901805310314,3.831382623724951,0.0,0.0,0.0,3.7346174732380986,correction_completion,serial_sweep_d3,3,50,40,4145710785,raw_structured,,,,
GATT,g=4_t=7,4.0,7.0,3.0,raw_structured,3.343977736037421,3.3322110076777927,0.27347914161836057,2.84650808711432,2.9135208773657792,3.807258238836511,3.908506869363627,0.0,0.0,0.0,3.7346174732380986,correction_completion,serial_sweep_d3,3,50,40,4145710785,raw_structured,,,,
ES,k=0,,,0.0,raw_structured,3.453281980711261,3.4399646774098596,0.2630545610280416,2.977638000717729,3.029919606267083,3.89692661667783,4.003736657763417,0.0,0.0,0.0,3.7346174732380986,correction_completion,serial_sweep_d3,3,50,40,4145710785,raw_structured,,,,
ES,k=1,,,1.0,raw_structured,3.3587030480526154,3.3511834044537534,0.2463259366288873,2.8987664283589374,2.975761926868951,3.7754339968424104,3.8592245195554806,0.0,0.0,0.0,3.7346174732380986,correction_completion,serial_sweep_d3,3,50,40,4145710785,raw_structured,,,,
ES,k=2,,,2.0,raw_structured,3.339820663466614,3.3293194102998833,0.2488714085235923,2.862009817490366,2.9495693764694795,3.7619901805310314,3.831382623724951,0.0,0.0,0.0,3.7346174732380986,correction_completion,serial_sweep_d3,3,50,40,4145710785,raw_structured,,,,
ES,k=3,,,3.0,raw_structured,3.343977736037421,3.3322110076777927,0.27347914161836057,2.84650808711432,2.9135208773657792,3.807258238836511,3.908506869363627,0.0,0.0,0.0,3.7346174732380986,correction_completion,serial_sweep_d3,3,50,40,4145710785,raw_structured,,,,
ATT,ATT,,,,raw_structured,3.373945857066978,3.371448073766449,0.22473216866666362,2.954915093192896,3.0182267084587107,3.7632919749720677,3.823988322335798,0.0,0.0,0.0,3.734617473238098,correction_completion,serial_sweep_d3,3,50,40,4145710785,raw_structured,,,,
GATT,g=4_t=4,4.0,4.0,0.0,reference_fold_convolution,3.460569610376351,3.455147900107396,0.3291674260078404,2.832674041979047,2.929721384688612,3.9716814704286514,4.0997024491400245,0.0,0.0,0.0,3.7346174732380986,correction_completion,serial_sweep_d3,3,50,40,4145710785,reference_fold_convolution_rf,1.4806319887035844,9.999231223379834,,"{""0"": {""bar_pi"": 0.6, ""control_ess"": 9.999231223379834, ""fold_sizes"": [{""evaluation"": 25, ""fold"": 0, ""train"": 25}], ""global_fold_bb"": true, ""max_control_odds"": 1.0958399774880405, ""n_clipped"": 0, ""n_complement_units"": 25, ""n_eval_units"": 25, ""posterior_cache_key"": ""g=4_fold=0"", ""posterior_draws"": 1500, ""raw_max_control_odds"": 1.0958399774880405}, ""1"": {""bar_pi"": 0.52, ""control_ess"": 11.999908320540564, ""fold_sizes"": [{""evaluation"": 25, ""fold"": 0, ""train"": 25}], ""global_fold_bb"": true, ""max_control_odds"": 1.4806319887035844, ""n_clipped"": 0, ""n_complement_units"": 25, ""n_eval_units"": 25, ""posterior_cache_key"": ""g=4_fold=1"", ""posterior_draws"": 1500, ""raw_max_control_odds"": 1.4806319887035844}}"
GATT,g=4_t=5,4.0,5.0,1.0,reference_fold_convolution,3.1502558266784133,3.153480544532709,0.3424711917230954,2.4645132558416645,2.5910953543595014,3.700273416609428,3.828838932550506,0.0,0.0,0.0,3.7346174732380986,correction_completion,serial_sweep_d3,3,50,40,4145710785,reference_fold_convolution_rf,1.4806319887035844,9.999231223379834,,"{""0"": {""bar_pi"": 0.6, ""control_ess"": 9.999231223379834, ""fold_sizes"": [{""evaluation"": 25, ""fold"": 0, ""train"": 25}], ""global_fold_bb"": true, ""max_control_odds"": 1.0958399774880405, ""n_clipped"": 0, ""n_complement_units"": 25, ""n_eval_units"": 25, ""posterior_cache_key"": ""g=4_fold=0"", ""posterior_draws"": 1500, ""raw_max_control_odds"": 1.0958399774880405}, ""1"": {""bar_pi"": 0.52, ""control_ess"": 11.999908320540564, ""fold_sizes"": [{""evaluation"": 25, ""fold"": 0, ""train"": 25}], ""global_fold_bb"": true, ""max_control_odds"": 1.4806319887035844, ""n_clipped"": 0, ""n_complement_units"": 25, ""n_eval_units"": 25, ""posterior_cache_key"": ""g=4_fold=1"", ""posterior_draws"": 1500, ""raw_max_control_odds"": 1.4806319887035844}}"
GATT,g=4_t=6,4.0,6.0,2.0,reference_fold_convolution,3.159601297575231,3.159300562352456,0.327049297193199,2.5067749549732237,2.639225741747793,3.689546383350672,3.8438320184204726,0.0,0.0,0.0,3.7346174732380986,correction_completion,serial_sweep_d3,3,50,40,4145710785,reference_fold_convolution_rf,1.4806319887035844,9.999231223379834,,"{""0"": {""bar_pi"": 0.6, ""control_ess"": 9.999231223379834, ""fold_sizes"": [{""evaluation"": 25, ""fold"": 0, ""train"": 25}], ""global_fold_bb"": true, ""max_control_odds"": 1.0958399774880405, ""n_clipped"": 0, ""n_complement_units"": 25, ""n_eval_units"": 25, ""posterior_cache_key"": ""g=4_fold=0"", ""posterior_draws"": 1500, ""raw_max_control_odds"": 1.0958399774880405}, ""1"": {""bar_pi"": 0.52, ""control_ess"": 11.999908320540564, ""fold_sizes"": [{""evaluation"": 25, ""fold"": 0, ""train"": 25}], ""global_fold_bb"": true, ""max_control_odds"": 1.4806319887035844, ""n_clipped"": 0, ""n_complement_units"": 25, ""n_eval_units"": 25, ""posterior_cache_key"": ""g=4_fold=1"", ""posterior_draws"": 1500, ""raw_max_control_odds"": 1.4806319887035844}}"
GATT,g=4_t=7,4.0,7.0,3.0,reference_fold_convolution,3.3684027264970275,3.360159793520065,0.40087844204931694,2.574533804035605,2.686467680290676,4.036473283113875,4.211664108442779,0.0,0.0,0.0,3.7346174732380986,correction_completion,serial_sweep_d3,3,50,40,4145710785,reference_fold_convolution_rf,1.4806319887035844,9.999231223379834,,"{""0"": {""bar_pi"": 0.6, ""control_ess"": 9.999231223379834, ""fold_sizes"": [{""evaluation"": 25, ""fold"": 0, ""train"": 25}], ""global_fold_bb"": true, ""max_control_odds"": 1.0958399774880405, ""n_clipped"": 0, ""n_complement_units"": 25, ""n_eval_units"": 25, ""posterior_cache_key"": ""g=4_fold=0"", ""posterior_draws"": 1500, ""raw_max_control_odds"": 1.0958399774880405}, ""1"": {""bar_pi"": 0.52, ""control_ess"": 11.999908320540564, ""fold_sizes"": [{""evaluation"": 25, ""fold"": 0, ""train"": 25}], ""global_fold_bb"": true, ""max_control_odds"": 1.4806319887035844, ""n_clipped"": 0, ""n_complement_units"": 25, ""n_eval_units"": 25, ""posterior_cache_key"": ""g=4_fold=1"", ""posterior_draws"": 1500, ""raw_max_control_odds"": 1.4806319887035844}}"
ES,k=0,,,0.0,reference_fold_convolution,3.460569610376351,3.455147900107396,0.3291674260078404,2.832674041979047,2.929721384688612,3.9716814704286514,4.0997024491400245,0.0,0.0,0.0,3.7346174732380986,correction_completion,serial_sweep_d3,3,50,40,4145710785,reference_fold_convolution_rf,,,,{}
ES,k=1,,,1.0,reference_fold_convolution,3.1502558266784133,3.153480544532709,0.3424711917230954,2.4645132558416645,2.5910953543595014,3.700273416609428,3.828838932550506,0.0,0.0,0.0,3.7346174732380986,correction_completion,serial_sweep_d3,3,50,40,4145710785,reference_fold_convolution_rf,,,,{}
ES,k=2,,,2.0,reference_fold_convolution,3.159601297575231,3.159300562352456,0.327049297193199,2.5067749549732237,2.639225741747793,3.689546383350672,3.8438320184204726,0.0,0.0,0.0,3.7346174732380986,correction_completion,serial_sweep_d3,3,50,40,4145710785,reference_fold_convolution_rf,,,,{}
ES,k=3,,,3.0,reference_fold_convolution,3.3684027264970275,3.360159793520065,0.40087844204931694,2.574533804035605,2.686467680290676,4.036473283113875,4.211664108442779,0.0,0.0,0.0,3.7346174732380986,correction_completion,serial_sweep_d3,3,50,40,4145710785,reference_fold_convolution_rf,,,,{}
ATT,ATT,,,,reference_fold_convolution,3.2847073652817556,3.2797331149666444,0.2858984781421092,2.738056711157893,2.815127413996283,3.7476046332089252,3.83923783405827,0.0,0.0,0.0,3.734617473238098,correction_completion,serial_sweep_d3,3,50,40,4145710785,reference_fold_convolution_rf,,,,{}
GATT,g=4_t=4,4.0,4.0,0.0,raw_structured,2.559477141295667,2.557836023491798,0.16856092488168387,2.226263903799897,2.2815086385937993,2.8343588340595773,2.891932448382762,0.0,0.0,0.0,2.9143604373374403,correction_completion,staggered,1,200,24,3718369440,raw_structured,,,,
GATT,g=4_t=5,4.0,5.0,1.0,raw_structured,4.101815138593393,4.097772498805966,0.16512338469047708,3.7757625393937033,3.8263809581026,4.377912504607057,4.427309384623254,0.0,0.0,0.0,4.080104612272416,correction_completion,staggered,1,200,24,3718369440,raw_structured,,,,
GATT,g=4_t=6,4.0,6.0,2.0,raw_structured,5.481522451762898,5.4791190347731344,0.18433340158145414,5.121418491782359,5.17643416212282,5.782295231165174,5.852748238644582,0.0,0.0,0.0,5.245848787207394,correction_completion,staggered,1,200,24,3718369440,raw_structured,,,,
GATT,g=4_t=7,4.0,7.0,3.0,raw_structured,5.591909489354287,5.578191914632839,0.21784085715292237,5.197971684435796,5.266821462130596,5.964778230644185,6.0634265711891215,0.0,0.0,0.0,6.41159296214237,correction_completion,staggered,1,200,24,3718369440,raw_structured,,,,
GATT,g=5_t=5,5.0,5.0,0.0,raw_structured,3.883154407470268,3.8814049179103076,0.15735599600654962,3.573145781841229,3.615542359911438,4.142627273323255,4.189600529361925,0.0,0.0,0.0,3.791845289769768,correction_completion,staggered,1,200,24,3718369440,raw_structured,,,,
GATT,g=5_t=6,5.0,6.0,1.0,raw_structured,5.4292309567347425,5.422225809283519,0.16972115431479046,5.096679780933005,5.149523961456412,5.707521813912326,5.747747663207665,0.0,0.0,0.0,5.308583405677674,correction_completion,staggered,1,200,24,3718369440,raw_structured,,,,
GATT,g=5_t=7,5.0,7.0,2.0,raw_structured,6.782853826747679,6.776862740963758,0.2099731310998792,6.382061200511168,6.441556125132618,7.125496874675665,7.197983594875773,0.0,0.0,0.0,6.8253215215855825,correction_completion,staggered,1,200,24,3718369440,raw_structured,,,,
GATT,g=6_t=6,6.0,6.0,0.0,raw_structured,5.766043148697978,5.771018804078571,0.18040358544617552,5.40718251997803,5.467459130617041,6.0553665356632775,6.113229324661553,0.0,0.0,0.0,5.373348881863182,correction_completion,staggered,1,200,24,3718369440,raw_structured,,,,
GATT,g=6_t=7,6.0,7.0,1.0,raw_structured,7.318827155281539,7.313743446452551,0.21293194137646643,6.908751417870473,6.967680601170434,7.665574746883098,7.718863969990484,0.0,0.0,0.0,7.522688434608454,correction_completion,staggered,1,200,24,3718369440,raw_structured,,,,
ES,k=0,,,0.0,raw_structured,4.015131273219417,4.01247713270215,0.12144208968951034,3.777225093095786,3.814275124749804,4.213504802906158,4.254538979421243,0.0,0.0,0.0,3.9844725146147977,correction_completion,staggered,1,200,24,3718369440,raw_structured,,,,
ES,k=1,,,1.0,raw_structured,5.562018868065946,5.56031439929324,0.14132946525401385,5.289795662634326,5.330810192410272,5.786804743483206,5.824721697352671,0.0,0.0,0.0,5.5782615204607175,correction_completion,staggered,1,200,24,3718369440,raw_structured,,,,
ES,k=2,,,2.0,raw_structured,6.119429988520145,6.118309954448758,0.17564465035134202,5.784963714787111,5.8303607493947585,6.41019265885745,6.474018043900191,0.0,0.0,0.0,6.02010012758886,correction_completion,staggered,1,200,24,3718369440,raw_structured,,,,
ES,k=3,,,3.0,raw_structured,5.591909489354287,5.578191914632839,0.21784085715292237,5.197971684435796,5.266821462130596,5.964778230644185,6.0634265711891215,0.0,0.0,0.0,6.41159296214237,correction_completion,staggered,1,200,24,3718369440,raw_structured,,,,
ATT,ATT,,,,raw_structured,5.181319741873886,5.182781921666351,0.12063257232306374,4.949898012679122,4.981358108661621,5.376844645390976,5.423603142262589,0.0,0.0,0.0,5.248452252813537,correction_completion,staggered,1,200,24,3718369440,raw_structured,,,,
GATT,g=5_t=5,5.0,5.0,0.0,reference_fold_convolution,3.7315469286529575,3.74515585561506,0.3733618941533186,2.986582652175479,3.100708905517315,4.340276758584872,4.449289571425603,0.0,0.0,0.0,3.791845289769768,correction_completion,staggered,1,200,24,3718369440,reference_fold_convolution_rf,2.0001387800270694,21.20606509405282,,"{""0"": {""bar_pi"": 0.4909090909090909, ""control_ess"": 24.425163875165953, ""fold_sizes"": [{""evaluation"": 55, ""fold"": 0, ""train"": 46}], ""global_fold_bb"": true, ""max_control_odds"": 2.0001387800270694, ""n_clipped"": 0, ""n_complement_units"": 46, ""n_eval_units"": 55, ""posterior_cache_key"": ""g=5_fold=0"", ""posterior_draws"": 1500, ""raw_max_control_odds"": 2.0001387800270694}, ""1"": {""bar_pi"": 0.5, ""control_ess"": 21.20606509405282, ""fold_sizes"": [{""evaluation"": 46, ""fold"": 0, ""train"": 55}], ""global_fold_bb"": true, ""max_control_odds"": 1.7643781057259809, ""n_clipped"": 0, ""n_complement_units"": 55, ""n_eval_units"": 46, ""posterior_cache_key"": ""g=5_fold=1"", ""posterior_draws"": 1500, ""raw_max_control_odds"": 1.7643781057259809}}"
GATT,g=5_t=6,5.0,6.0,1.0,reference_fold_convolution,5.094950457862062,5.090089590724673,0.37082750066882947,4.367761496581284,4.485008337696978,5.711490368402867,5.823476239608706,0.0,0.0,0.0,5.308583405677674,correction_completion,staggered,1,200,24,3718369440,reference_fold_convolution_rf,2.0001387800270694,21.20606509405282,,"{""0"": {""bar_pi"": 0.4909090909090909, ""control_ess"": 24.425163875165953, ""fold_sizes"": [{""evaluation"": 55, ""fold"": 0, ""train"": 46}], ""global_fold_bb"": true, ""max_control_odds"": 2.0001387800270694, ""n_clipped"": 0, ""n_complement_units"": 46, ""n_eval_units"": 55, ""posterior_cache_key"": ""g=5_fold=0"", ""posterior_draws"": 1500, ""raw_max_control_odds"": 2.0001387800270694}, ""1"": {""bar_pi"": 0.5, ""control_ess"": 21.20606509405282, ""fold_sizes"": [{""evaluation"": 46, ""fold"": 0, ""train"": 55}], ""global_fold_bb"": true, ""max_control_odds"": 1.7643781057259809, ""n_clipped"": 0, ""n_complement_units"": 55, ""n_eval_units"": 46, ""posterior_cache_key"": ""g=5_fold=1"", ""posterior_draws"": 1500, ""raw_max_control_odds"": 1.7643781057259809}}"
GATT,g=5_t=7,5.0,7.0,2.0,reference_fold_convolution,6.765930791829249,6.774133509573195,0.41402751300418267,5.9261535100801135,6.0673944808163,7.404350146677969,7.5369012037769725,0.0,0.0,0.0,6.8253215215855825,correction_completion,staggered,1,200,24,3718369440,reference_fold_convolution_rf,2.0001387800270694,21.20606509405282,,"{""0"": {""bar_pi"": 0.4909090909090909, ""control_ess"": 24.425163875165953, ""fold_sizes"": [{""evaluation"": 55, ""fold"": 0, ""train"": 46}], ""global_fold_bb"": true, ""max_control_odds"": 2.0001387800270694, ""n_clipped"": 0, ""n_complement_units"": 46, ""n_eval_units"": 55, ""posterior_cache_key"": ""g=5_fold=0"", ""posterior_draws"": 1500, ""raw_max_control_odds"": 2.0001387800270694}, ""1"": {""bar_pi"": 0.5, ""control_ess"": 21.20606509405282, ""fold_sizes"": [{""evaluation"": 46, ""fold"": 0, ""train"": 55}], ""global_fold_bb"": true, ""max_control_odds"": 1.7643781057259809, ""n_clipped"": 0, ""n_complement_units"": 55, ""n_eval_units"": 46, ""posterior_cache_key"": ""g=5_fold=1"", ""posterior_draws"": 1500, ""raw_max_control_odds"": 1.7643781057259809}}"
GATT,g=6_t=6,6.0,6.0,0.0,reference_fold_convolution,5.488586720329624,5.4812006390258965,0.49900126625322566,4.513742688964359,4.6823481119740835,6.320209061017498,6.51503598886702,0.0,0.0,0.0,5.373348881863182,correction_completion,staggered,1,200,24,3718369440,reference_fold_convolution_rf,1.9388148322749508,19.533696370545332,,"{""0"": {""bar_pi"": 0.4909090909090909, ""control_ess"": 24.134687780237996, ""fold_sizes"": [{""evaluation"": 55, ""fold"": 0, ""train"": 43}], ""global_fold_bb"": true, ""max_control_odds"": 1.7853312185071037, ""n_clipped"": 0, ""n_complement_units"": 43, ""n_eval_units"": 55, ""posterior_cache_key"": ""g=6_fold=0"", ""posterior_draws"": 1500, ""raw_max_control_odds"": 1.7853312185071037}, ""1"": {""bar_pi"": 0.46511627906976744, ""control_ess"": 19.533696370545332, ""fold_sizes"": [{""evaluation"": 43, ""fold"": 0, ""train"": 55}], ""global_fold_bb"": true, ""max_control_odds"": 1.9388148322749508, ""n_clipped"": 0, ""n_complement_units"": 55, ""n_eval_units"": 43, ""posterior_cache_key"": ""g=6_fold=1"", ""posterior_draws"": 1500, ""raw_max_control_odds"": 1.9388148322749508}}"
GATT,g=6_t=7,6.0,7.0,1.0,reference_fold_convolution,7.654903424845878,7.647329379634725,0.5257384155413417,6.6160006986428055,6.805750384879699,8.52649475139138,8.660446215770966,0.0,0.0,0.0,7.522688434608454,correction_completion,staggered,1,200,24,3718369440,reference_fold_convolution_rf,1.9388148322749508,19.533696370545332,,"{""0"": {""bar_pi"": 0.4909090909090909, ""control_ess"": 24.134687780237996, ""fold_sizes"": [{""evaluation"": 55, ""fold"": 0, ""train"": 43}], ""global_fold_bb"": true, ""max_control_odds"": 1.7853312185071037, ""n_clipped"": 0, ""n_complement_units"": 43, ""n_eval_units"": 55, ""posterior_cache_key"": ""g=6_fold=0"", ""posterior_draws"": 1500, ""raw_max_control_odds"": 1.7853312185071037}, ""1"": {""bar_pi"": 0.46511627906976744, ""control_ess"": 19.533696370545332, ""fold_sizes"": [{""evaluation"": 43, ""fold"": 0, ""train"": 55}], ""global_fold_bb"": true, ""max_control_odds"": 1.9388148322749508, ""n_clipped"": 0, ""n_complement_units"": 55, ""n_eval_units"": 43, ""posterior_cache_key"": ""g=6_fold=1"", ""posterior_draws"": 1500, ""raw_max_control_odds"": 1.9388148322749508}}"
GATT,g=4_t=4,4.0,4.0,0.0,reference_fold_convolution,2.1256985365705208,2.109386347535774,0.4240136095699974,1.331417859989827,1.4439363410772714,2.828016897314533,3.0260060758668184,0.0006666666666666666,0.0013333333333333333,0.0013333333333333333,2.9143604373374403,correction_completion,staggered,1,200,24,3718369440,reference_fold_convolution_rf,3.1595185177103966,20.80466648581354,,"{""0"": {""bar_pi"": 0.391304347826087, ""control_ess"": 25.058118199633178, ""fold_sizes"": [{""evaluation"": 46, ""fold"": 0, ""train"": 57}], ""global_fold_bb"": true, ""max_control_odds"": 3.1595185177103966, ""n_clipped"": 0, ""n_complement_units"": 57, ""n_eval_units"": 46, ""posterior_cache_key"": ""g=4_fold=0"", ""posterior_draws"": 1500, ""raw_max_control_odds"": 3.1595185177103966}, ""1"": {""bar_pi"": 0.5964912280701754, ""control_ess"": 20.80466648581354, ""fold_sizes"": [{""evaluation"": 57, ""fold"": 0, ""train"": 46}], ""global_fold_bb"": true, ""max_control_odds"": 1.2178527947985807, ""n_clipped"": 0, ""n_complement_units"": 46, ""n_eval_units"": 57, ""posterior_cache_key"": ""g=4_fold=1"", ""posterior_draws"": 1500, ""raw_max_control_odds"": 1.2178527947985807}}"
GATT,g=4_t=5,4.0,5.0,1.0,reference_fold_convolution,3.750516308109664,3.766060394639307,0.5465758612916031,2.6289315019298956,2.8385022789947043,4.639715115622921,4.929551583241541,0.0,0.0,0.0,4.080104612272416,correction_completion,staggered,1,200,24,3718369440,reference_fold_convolution_rf,3.1595185177103966,20.80466648581354,,"{""0"": {""bar_pi"": 0.391304347826087, ""control_ess"": 25.058118199633178, ""fold_sizes"": [{""evaluation"": 46, ""fold"": 0, ""train"": 57}], ""global_fold_bb"": true, ""max_control_odds"": 3.1595185177103966, ""n_clipped"": 0, ""n_complement_units"": 57, ""n_eval_units"": 46, ""posterior_cache_key"": ""g=4_fold=0"", ""posterior_draws"": 1500, ""raw_max_control_odds"": 3.1595185177103966}, ""1"": {""bar_pi"": 0.5964912280701754, ""control_ess"": 20.80466648581354, ""fold_sizes"": [{""evaluation"": 57, ""fold"": 0, ""train"": 46}], ""global_fold_bb"": true, ""max_control_odds"": 1.2178527947985807, ""n_clipped"": 0, ""n_complement_units"": 46, ""n_eval_units"": 57, ""posterior_cache_key"": ""g=4_fold=1"", ""posterior_draws"": 1500, ""raw_max_control_odds"": 1.2178527947985807}}"
GATT,g=4_t=6,4.0,6.0,2.0,reference_fold_convolution,5.08040388164959,5.050867570771469,0.48669758915016703,4.21018744863122,4.332373898847014,5.934448776022012,6.0991644566131,0.0,0.0,0.0,5.245848787207394,correction_completion,staggered,1,200,24,3718369440,reference_fold_convolution_rf,3.1595185177103966,20.80466648581354,,"{""0"": {""bar_pi"": 0.391304347826087, ""control_ess"": 25.058118199633178, ""fold_sizes"": [{""evaluation"": 46, ""fold"": 0, ""train"": 57}], ""global_fold_bb"": true, ""max_control_odds"": 3.1595185177103966, ""n_clipped"": 0, ""n_complement_units"": 57, ""n_eval_units"": 46, ""posterior_cache_key"": ""g=4_fold=0"", ""posterior_draws"": 1500, ""raw_max_control_odds"": 3.1595185177103966}, ""1"": {""bar_pi"": 0.5964912280701754, ""control_ess"": 20.80466648581354, ""fold_sizes"": [{""evaluation"": 57, ""fold"": 0, ""train"": 46}], ""global_fold_bb"": true, ""max_control_odds"": 1.2178527947985807, ""n_clipped"": 0, ""n_complement_units"": 46, ""n_eval_units"": 57, ""posterior_cache_key"": ""g=4_fold=1"", ""posterior_draws"": 1500, ""raw_max_control_odds"": 1.2178527947985807}}"
GATT,g=4_t=7,4.0,7.0,3.0,reference_fold_convolution,5.574121611729149,5.537163200138757,0.5160447743016939,4.623137513131582,4.7965150078581,6.4911475850381795,6.753153390453053,0.0,0.0,0.0,6.41159296214237,correction_completion,staggered,1,200,24,3718369440,reference_fold_convolution_rf,3.1595185177103966,20.80466648581354,,"{""0"": {""bar_pi"": 0.391304347826087, ""control_ess"": 25.058118199633178, ""fold_sizes"": [{""evaluation"": 46, ""fold"": 0, ""train"": 57}], ""global_fold_bb"": true, ""max_control_odds"": 3.1595185177103966, ""n_clipped"": 0, ""n_complement_units"": 57, ""n_eval_units"": 46, ""posterior_cache_key"": ""g=4_fold=0"", ""posterior_draws"": 1500, ""raw_max_control_odds"": 3.1595185177103966}, ""1"": {""bar_pi"": 0.5964912280701754, ""control_ess"": 20.80466648581354, ""fold_sizes"": [{""evaluation"": 57, ""fold"": 0, ""train"": 46}], ""global_fold_bb"": true, ""max_control_odds"": 1.2178527947985807, ""n_clipped"": 0, ""n_complement_units"": 46, ""n_eval_units"": 57, ""posterior_cache_key"": ""g=4_fold=1"", ""posterior_draws"": 1500, ""raw_max_control_odds"": 1.2178527947985807}}"
ES,k=0,,,0.0,reference_fold_convolution,3.725350645569177,3.715558741013464,0.2238531560046222,3.3203341476067263,3.3663336542398072,4.111411132580607,4.230135729466055,0.0,0.0,0.0,3.9844725146147977,correction_completion,staggered,1,200,24,3718369440,reference_fold_convolution_rf,,,,{}
ES,k=1,,,1.0,reference_fold_convolution,5.4332539052520925,5.421291707108716,0.26058414011359754,4.949404887104574,5.009372657448733,5.872786367798491,5.9787548663375105,0.0,0.0,0.0,5.5782615204607175,correction_completion,staggered,1,200,24,3718369440,reference_fold_convolution_rf,,,,{}
ES,k=2,,,2.0,reference_fold_convolution,5.906642563110205,5.901939352170817,0.3187720764680116,5.287904669772205,5.386972191972944,6.4304106315579475,6.535206322021367,0.0,0.0,0.0,6.02010012758886,correction_completion,staggered,1,200,24,3718369440,reference_fold_convolution_rf,,,,{}
ES,k=3,,,3.0,reference_fold_convolution,5.574121611729149,5.537163200138757,0.5160447743016939,4.623137513131582,4.7965150078581,6.4911475850381795,6.753153390453053,0.0,0.0,0.0,6.41159296214237,correction_completion,staggered,1,200,24,3718369440,reference_fold_convolution_rf,,,,{}
ATT,ATT,,,,reference_fold_convolution,4.993283060441429,4.979969505901526,0.24042149816027925,4.560587610971993,4.618470062422389,5.403130530351747,5.5295429359577914,0.0,0.0,0.0,5.248452252813537,correction_completion,staggered,1,200,24,3718369440,reference_fold_convolution_rf,,,,{}
GATT,g=4_t=4,4.0,4.0,0.0,raw_structured,3.8694680650386934,3.8646651585297325,0.13007063391552676,3.6209570851267894,3.661766195346004,4.081799459682344,4.137008043058918,0.0,0.0,0.0,3.79342975076764,correction_completion,strong_confounder,2,200,8,2831157274,raw_structured,,,,
GATT,g=4_t=5,4.0,5.0,1.0,raw_structured,3.8561407932673806,3.854769227361755,0.11903388186364687,3.619946715613947,3.666847418461238,4.0475674482283654,4.077787367968374,0.0,0.0,0.0,3.79342975076764,correction_completion,strong_confounder,2,200,8,2831157274,raw_structured,,,,
GATT,g=4_t=6,4.0,6.0,2.0,raw_structured,3.8763272395957524,3.875887743754583,0.12542288876521915,3.6300812523938943,3.6766046679336792,4.076310123221521,4.133657893093923,0.0,0.0,0.0,3.79342975076764,correction_completion,strong_confounder,2,200,8,2831157274,raw_structured,,,,
GATT,g=4_t=7,4.0,7.0,3.0,raw_structured,3.9722216589816224,3.9584829789197054,0.15281145042813116,3.7059698551224662,3.7487238257600657,4.2529062911855,4.298536196491996,0.0,0.0,0.0,3.79342975076764,correction_completion,strong_confounder,2,200,8,2831157274,raw_structured,,,,
ES,k=0,,,0.0,raw_structured,3.8694680650386934,3.8646651585297325,0.13007063391552676,3.6209570851267894,3.661766195346004,4.081799459682344,4.137008043058918,0.0,0.0,0.0,3.79342975076764,correction_completion,strong_confounder,2,200,8,2831157274,raw_structured,,,,
ES,k=1,,,1.0,raw_structured,3.8561407932673806,3.854769227361755,0.11903388186364687,3.619946715613947,3.666847418461238,4.0475674482283654,4.077787367968374,0.0,0.0,0.0,3.79342975076764,correction_completion,strong_confounder,2,200,8,2831157274,raw_structured,,,,
ES,k=2,,,2.0,raw_structured,3.8763272395957524,3.875887743754583,0.12542288876521915,3.6300812523938943,3.6766046679336792,4.076310123221521,4.133657893093923,0.0,0.0,0.0,3.79342975076764,correction_completion,strong_confounder,2,200,8,2831157274,raw_structured,,,,
ES,k=3,,,3.0,raw_structured,3.9722216589816224,3.9584829789197054,0.15281145042813116,3.7059698551224662,3.7487238257600657,4.2529062911855,4.298536196491996,0.0,0.0,0.0,3.79342975076764,correction_completion,strong_confounder,2,200,8,2831157274,raw_structured,,,,
ATT,ATT,,,,raw_structured,3.893539439220863,3.893367147761845,0.10292173022516818,3.700365045019002,3.7226925562253115,4.062965559228667,4.089917317700952,0.0,0.0,0.0,3.79342975076764,correction_completion,strong_confounder,2,200,8,2831157274,raw_structured,,,,
GATT,g=4_t=4,4.0,4.0,0.0,reference_fold_convolution,3.717547483426934,3.720508371804179,0.21732085249120864,3.303859888100055,3.348019378575529,4.0657219307284365,4.13644073774499,0.0,0.0,0.0,3.79342975076764,correction_completion,strong_confounder,2,200,8,2831157274,reference_fold_convolution_rf,3.1311138870879356,41.414398524124415,,"{""0"": {""bar_pi"": 0.56, ""control_ess"": 41.414398524124415, ""fold_sizes"": [{""evaluation"": 100, ""fold"": 0, ""train"": 100}], ""global_fold_bb"": true, ""max_control_odds"": 1.808599373918559, ""n_clipped"": 0, ""n_complement_units"": 100, ""n_eval_units"": 100, ""posterior_cache_key"": ""g=4_fold=0"", ""posterior_draws"": 1500, ""raw_max_control_odds"": 1.808599373918559}, ""1"": {""bar_pi"": 0.5, ""control_ess"": 42.36968628853458, ""fold_sizes"": [{""evaluation"": 100, ""fold"": 0, ""train"": 100}], ""global_fold_bb"": true, ""max_control_odds"": 3.1311138870879356, ""n_clipped"": 0, ""n_complement_units"": 100, ""n_eval_units"": 100, ""posterior_cache_key"": ""g=4_fold=1"", ""posterior_draws"": 1500, ""raw_max_control_odds"": 3.1311138870879356}}"
GATT,g=4_t=5,4.0,5.0,1.0,reference_fold_convolution,3.674989379064445,3.677137658590635,0.24814522224077765,3.1754520194539215,3.2578605425887583,4.079712583463022,4.16887885394602,0.0,0.0,0.0,3.79342975076764,correction_completion,strong_confounder,2,200,8,2831157274,reference_fold_convolution_rf,3.1311138870879356,41.414398524124415,,"{""0"": {""bar_pi"": 0.56, ""control_ess"": 41.414398524124415, ""fold_sizes"": [{""evaluation"": 100, ""fold"": 0, ""train"": 100}], ""global_fold_bb"": true, ""max_control_odds"": 1.808599373918559, ""n_clipped"": 0, ""n_complement_units"": 100, ""n_eval_units"": 100, ""posterior_cache_key"": ""g=4_fold=0"", ""posterior_draws"": 1500, ""raw_max_control_odds"": 1.808599373918559}, ""1"": {""bar_pi"": 0.5, ""control_ess"": 42.36968628853458, ""fold_sizes"": [{""evaluation"": 100, ""fold"": 0, ""train"": 100}], ""global_fold_bb"": true, ""max_control_odds"": 3.1311138870879356, ""n_clipped"": 0, ""n_complement_units"": 100, ""n_eval_units"": 100, ""posterior_cache_key"": ""g=4_fold=1"", ""posterior_draws"": 1500, ""raw_max_control_odds"": 3.1311138870879356}}"
GATT,g=4_t=6,4.0,6.0,2.0,reference_fold_convolution,3.5823909949773527,3.5803211843316047,0.25360617339760066,3.0855513695460894,3.179559764378939,3.9975708277271633,4.083172378428652,0.0,0.0,0.0,3.79342975076764,correction_completion,strong_confounder,2,200,8,2831157274,reference_fold_convolution_rf,3.1311138870879356,41.414398524124415,,"{""0"": {""bar_pi"": 0.56, ""control_ess"": 41.414398524124415, ""fold_sizes"": [{""evaluation"": 100, ""fold"": 0, ""train"": 100}], ""global_fold_bb"": true, ""max_control_odds"": 1.808599373918559, ""n_clipped"": 0, ""n_complement_units"": 100, ""n_eval_units"": 100, ""posterior_cache_key"": ""g=4_fold=0"", ""posterior_draws"": 1500, ""raw_max_control_odds"": 1.808599373918559}, ""1"": {""bar_pi"": 0.5, ""control_ess"": 42.36968628853458, ""fold_sizes"": [{""evaluation"": 100, ""fold"": 0, ""train"": 100}], ""global_fold_bb"": true, ""max_control_odds"": 3.1311138870879356, ""n_clipped"": 0, ""n_complement_units"": 100, ""n_eval_units"": 100, ""posterior_cache_key"": ""g=4_fold=1"", ""posterior_draws"": 1500, ""raw_max_control_odds"": 3.1311138870879356}}"
GATT,g=4_t=7,4.0,7.0,3.0,reference_fold_convolution,3.8963555472912668,3.8951212778409525,0.24285545779089318,3.43466868207871,3.522317299707933,4.296869593668758,4.3589756805899,0.0,0.0,0.0,3.79342975076764,correction_completion,strong_confounder,2,200,8,2831157274,reference_fold_convolution_rf,3.1311138870879356,41.414398524124415,,"{""0"": {""bar_pi"": 0.56, ""control_ess"": 41.414398524124415, ""fold_sizes"": [{""evaluation"": 100, ""fold"": 0, ""train"": 100}], ""global_fold_bb"": true, ""max_control_odds"": 1.808599373918559, ""n_clipped"": 0, ""n_complement_units"": 100, ""n_eval_units"": 100, ""posterior_cache_key"": ""g=4_fold=0"", ""posterior_draws"": 1500, ""raw_max_control_odds"": 1.808599373918559}, ""1"": {""bar_pi"": 0.5, ""control_ess"": 42.36968628853458, ""fold_sizes"": [{""evaluation"": 100, ""fold"": 0, ""train"": 100}], ""global_fold_bb"": true, ""max_control_odds"": 3.1311138870879356, ""n_clipped"": 0, ""n_complement_units"": 100, ""n_eval_units"": 100, ""posterior_cache_key"": ""g=4_fold=1"", ""posterior_draws"": 1500, ""raw_max_control_odds"": 3.1311138870879356}}"
ES,k=0,,,0.0,reference_fold_convolution,3.717547483426934,3.720508371804179,0.21732085249120864,3.303859888100055,3.348019378575529,4.0657219307284365,4.13644073774499,0.0,0.0,0.0,3.79342975076764,correction_completion,strong_confounder,2,200,8,2831157274,reference_fold_convolution_rf,,,,{}
ES,k=1,,,1.0,reference_fold_convolution,3.674989379064445,3.677137658590635,0.24814522224077765,3.1754520194539215,3.2578605425887583,4.079712583463022,4.16887885394602,0.0,0.0,0.0,3.79342975076764,correction_completion,strong_confounder,2,200,8,2831157274,reference_fold_convolution_rf,,,,{}
ES,k=2,,,2.0,reference_fold_convolution,3.5823909949773527,3.5803211843316047,0.25360617339760066,3.0855513695460894,3.179559764378939,3.9975708277271633,4.083172378428652,0.0,0.0,0.0,3.79342975076764,correction_completion,strong_confounder,2,200,8,2831157274,reference_fold_convolution_rf,,,,{}
ES,k=3,,,3.0,reference_fold_convolution,3.8963555472912668,3.8951212778409525,0.24285545779089318,3.43466868207871,3.522317299707933,4.296869593668758,4.3589756805899,0.0,0.0,0.0,3.79342975076764,correction_completion,strong_confounder,2,200,8,2831157274,reference_fold_convolution_rf,,,,{}
ATT,ATT,,,,reference_fold_convolution,3.71782085119,3.7145786020941447,0.1967279026995765,3.3276136530965985,3.3875294156717484,4.042137175797735,4.101381435684762,0.0,0.0,0.0,3.79342975076764,correction_completion,strong_confounder,2,200,8,2831157274,reference_fold_convolution_rf,,,,{}
PRE,k=-4,,,-4.0,pretrend,-0.17697171771296963,-0.1694148701619812,0.19858429401525377,-0.5871417857512348,-0.5217492666032684,0.1363172020129663,0.19695929997708297,0.22333333333333333,0.44666666666666666,0.44666666666666666,-0.0,correction_completion,PT_conditional,1,200,113,2553309871,raw_structured,,,,
PRE,k=-3,,,-3.0,pretrend,-0.061135371487754775,-0.010695037267432192,0.17630363099716936,-0.44666469509951656,-0.3650293305630499,0.2102240935643714,0.26804996543880955,0.486,0.972,0.972,-0.0,correction_completion,PT_conditional,1,200,113,2553309871,raw_structured,,,,
PRE,k=-2,,,-2.0,pretrend,-0.005973703477924425,0.0,0.12875031105011633,-0.2950885418829125,-0.23817915666608058,0.21465826613476557,0.26740697579843026,0.7313333333333333,1.0,1.0,-0.0,correction_completion,PT_conditional,1,200,113,2553309871,raw_structured,,,,
PRE,slope,,,,pretrend,0.04708282854231021,0.043041311318789466,0.06578892132090712,-0.08050520127250878,-0.054468435737762645,0.15905305236562117,0.18823746691077684,0.25866666666666666,0.5173333333333333,0.5173333333333333,0.0,correction_completion,PT_conditional,1,200,113,2553309871,raw_structured,,,,
PRE_SUB,X1=0_k=-4,,,-4.0,pretrend,-0.18356206482287724,-0.17260587362647262,0.20298301743283265,-0.608969542565847,-0.5455829583632411,0.1361538417691346,0.19695929997708267,0.22,0.44,0.44,-0.0,correction_completion,PT_conditional,1,200,113,2553309871,raw_structured,,,,
PRE_SUB,X1=0_k=-3,,,-3.0,pretrend,-0.06671397221243845,-0.011427190802260286,0.18038363005973443,-0.46859159261967387,-0.38668870677652356,0.20977247982439515,0.2715306368103205,0.482,0.964,0.964,-0.0,correction_completion,PT_conditional,1,200,113,2553309871,raw_structured,,,,
PRE_SUB,X1=0_k=-2,,,-2.0,pretrend,-0.003824922290706393,0.0,0.1278381720750054,-0.29265100096961,-0.23604827005876464,0.21466972779101448,0.2692410432112393,0.7366666666666667,1.0,1.0,-0.0,correction_completion,PT_conditional,1,200,113,2553309871,raw_structured,,,,
PRE_SUB,X1=1_k=-4,,,-4.0,pretrend,-0.17279783121002817,-0.16355968782513047,0.2026285678755716,-0.5838455455503225,-0.5258609845479583,0.14091125946548236,0.20904769903615741,0.23533333333333334,0.4706666666666667,0.4706666666666667,-0.0,correction_completion,PT_conditional,1,200,113,2553309871,raw_structured,,,,
PRE_SUB,X1=1_k=-3,,,-3.0,pretrend,-0.05760225769545511,-2.3200900150762334e-05,0.18054014249075528,-0.44404730579290386,-0.3711874405280065,0.2182697740314329,0.2756280893579521,0.5,1.0,1.0,-0.0,correction_completion,PT_conditional,1,200,113,2553309871,raw_structured,,,,
PRE_SUB,X1=1_k=-2,,,-2.0,pretrend,-0.007334598229829176,0.0,0.13138079838682928,-0.30479633763957664,-0.24567156805675633,0.214669727791014,0.2645471889453146,0.7293333333333333,1.0,1.0,-0.0,correction_completion,PT_conditional,1,200,113,2553309871,raw_structured,,,,
PRE_SUB,X2=low_k=-4,,,-4.0,pretrend,-0.16178531247929015,-0.15756677397827157,0.20691547841541114,-0.5868233484686839,-0.517797389132999,0.16118259849646296,0.22295078414394343,0.252,0.504,0.504,-0.0,correction_completion,PT_conditional,1,200,113,2553309871,raw_structured,,,,
PRE_SUB,X2=low_k=-3,,,-3.0,pretrend,-0.04687202795824777,0.0,0.1864264596141413,-0.43024242833003296,-0.3620431396862233,0.24631897625867305,0.3238135697784126,0.5186666666666667,1.0,1.0,-0.0,correction_completion,PT_conditional,1,200,113,2553309871,raw_structured,,,,
PRE_SUB,X2=low_k=-2,,,-2.0,pretrend,-0.005175541646398603,0.0,0.13147960160689928,-0.2950885418829127,-0.23817915666608103,0.21568876317978714,0.26958898802532283,0.7346666666666667,1.0,1.0,-0.0,correction_completion,PT_conditional,1,200,113,2553309871,raw_structured,,,,
PRE_SUB,X2=high_k=-4,,,-4.0,pretrend,-0.18588283331828404,-0.17577645029002914,0.20346535514536507,-0.6064552366621389,-0.5454826584110993,0.1308036106607519,0.19558335962963655,0.21533333333333332,0.43066666666666664,0.43066666666666664,-0.0,correction_completion,PT_conditional,1,200,113,2553309871,raw_structured,,,,
PRE_SUB,X2=high_k=-3,,,-3.0,pretrend,-0.06949084319565212,-0.013926473218727614,0.17933210958705909,-0.4739238898688644,-0.3876686897360558,0.20667534860116998,0.2653554934636927,0.47733333333333333,0.9546666666666667,0.9546666666666667,-0.0,correction_completion,PT_conditional,1,200,113,2553309871,raw_structured,,,,
PRE_SUB,X2=high_k=-2,,,-2.0,pretrend,-0.0066260266144017935,0.0,0.12763028157901957,-0.2969409230200145,-0.24165906567563478,0.21252865814565408,0.26740697579843054,0.73,1.0,1.0,-0.0,correction_completion,PT_conditional,1,200,113,2553309871,raw_structured,,,,
PRE_SUBC,X1_k=-4,,,-4.0,pretrend,0.010764233612849075,0.0,0.08408169238259265,-0.04152480120856352,-0.00041942399761866876,0.07370760318620333,0.2714063677520727,0.5113333333333333,1.0,1.0,-0.0,correction_completion,PT_conditional,1,200,113,2553309871,raw_structured,,,,
PRE_SUBC,X1_k=-3,,,-3.0,pretrend,0.009111714516983355,0.0,0.07921960433581665,-0.017332450184837277,-1.1657341758564144e-15,0.04032631239912086,0.23614318933250278,0.5853333333333334,1.0,1.0,-0.0,correction_completion,PT_conditional,1,200,113,2553309871,raw_structured,,,,
PRE_SUBC,X1_k=-2,,,-2.0,pretrend,-0.0035096759391227833,0.0,0.0371810162076534,-0.0002525237455658282,-6.120104423246175e-16,6.106226635438361e-16,9.027500968983266e-16,0.7406666666666667,1.0,1.0,-0.0,correction_completion,PT_conditional,1,200,113,2553309871,raw_structured,,,,
PRE_SUBC,X1_slope,,,,pretrend,-0.0033576038523850825,-2.8499028533904687e-18,0.02992849971844803,-0.08856584162337447,-0.022486783923510775,0.00011355077787313858,0.011595838647232501,0.49666666666666665,0.9933333333333333,0.9933333333333333,0.0,correction_completion,PT_conditional,1,200,113,2553309871,raw_structured,,,,
PRE_SUBC,X2_k=-4,,,-4.0,pretrend,-0.02409752083899392,0.0,0.10276484312593727,-0.3821552855594822,-0.24295023151673392,0.005011984386719301,0.026691943717061618,0.5113333333333333,1.0,1.0,-0.0,correction_completion,PT_conditional,1,200,113,2553309871,raw_structured,,,,
PRE_SUBC,X2_k=-3,,,-3.0,pretrend,-0.02261881523740433,0.0,0.09959159723603102,-0.3821552855594822,-0.24085781592632777,9.43689570931383e-16,0.02146756266659182,0.582,1.0,1.0,-0.0,correction_completion,PT_conditional,1,200,113,2553309871,raw_structured,,,,
PRE_SUBC,X2_k=-2,,,-2.0,pretrend,-0.0014504849680031912,0.0,0.04126022631806366,-0.009758840144566934,-6.106226635438361e-16,4.996003610813204e-16,6.90593415786366e-16,0.7486666666666667,1.0,1.0,-0.0,correction_completion,PT_conditional,1,200,113,2553309871,raw_structured,,,,
PRE_SUBC,X2_slope,,,,pretrend,0.008498619854270972,2.4781763942525814e-19,0.037364975432848196,-0.008258013635432288,-0.0014843963936475738,0.08602064854511707,0.1374101013884591,0.5,1.0,1.0,0.0,correction_completion,PT_conditional,1,200,113,2553309871,raw_structured,,,,
PRE,k=-4,,,-4.0,reference_fold_pretrend,-0.24190746677110725,-0.23838733053167024,0.18898126982982963,-0.6108426003146906,-0.5541797739525245,0.06325720722313946,0.11574350735844005,0.102,0.204,0.204,-0.0,correction_completion,PT_conditional,1,200,113,2553309871,reference_fold_convolution_rf,,,,
PRE,k=-3,,,-3.0,reference_fold_pretrend,-0.14887374599301503,-0.15006826799682385,0.1731549897802738,-0.48942189296653354,-0.4404653482232549,0.12632015510165723,0.19627709916526723,0.21333333333333335,0.4266666666666667,0.4266666666666667,-0.0,correction_completion,PT_conditional,1,200,113,2553309871,reference_fold_convolution_rf,,,,
PRE,k=-2,,,-2.0,reference_fold_pretrend,-0.03729252582684074,-0.015154233598831777,0.13044660069440608,-0.3414728935593117,-0.27535758030928104,0.17045645746932114,0.2094419970639184,0.4646666666666667,0.9293333333333333,0.9293333333333333,-0.0,correction_completion,PT_conditional,1,200,113,2553309871,reference_fold_convolution_rf,,,,
PRE,slope,,,,reference_fold_pretrend,0.07576874415187089,0.07566859231395254,0.06531337591138843,-0.04756117685680112,-0.03249177710305852,0.18522980849897305,0.20137926326179295,0.12666666666666668,0.25333333333333335,0.25333333333333335,0.0,correction_completion,PT_conditional,1,200,113,2553309871,reference_fold_convolution_rf,,,,
PRE_SUB,X1=0_k=-4,,,-4.0,reference_fold_pretrend,-0.2431573670982231,-0.24135177181824902,0.19380019289166983,-0.6199667091844724,-0.5567836726510491,0.0687559032726105,0.12309472943952825,0.10533333333333333,0.21066666666666667,0.21066666666666667,-0.0,correction_completion,PT_conditional,1,200,113,2553309871,reference_fold_convolution_rf,,,,
PRE_SUB,X1=0_k=-3,,,-3.0,reference_fold_pretrend,-0.14859652928393044,-0.14600533324599174,0.17704187020328574,-0.5005482006015394,-0.4460109372173424,0.13506921756104825,0.20563819379706397,0.21333333333333335,0.4266666666666667,0.4266666666666667,-0.0,correction_completion,PT_conditional,1,200,113,2553309871,reference_fold_convolution_rf,,,,
PRE_SUB,X1=0_k=-2,,,-2.0,reference_fold_pretrend,-0.033350865280606705,-0.013126154103087352,0.1337975824529393,-0.3413493754176535,-0.27245434729549767,0.18370443264565373,0.23518503381953157,0.476,0.952,0.952,-0.0,correction_completion,PT_conditional,1,200,113,2553309871,reference_fold_convolution_rf,,,,
PRE_SUB,X1=1_k=-4,,,-4.0,reference_fold_pretrend,-0.24111586323060055,-0.2393278954863547,0.1899346452189591,-0.6141769807998406,-0.554869456459328,0.06736560344872389,0.11549152635392256,0.10666666666666667,0.21333333333333335,0.21333333333333335,-0.0,correction_completion,PT_conditional,1,200,113,2553309871,reference_fold_convolution_rf,,,,
PRE_SUB,X1=1_k=-3,,,-3.0,reference_fold_pretrend,-0.14904931657543527,-0.14942890596671438,0.17443441191404865,-0.4879256835965923,-0.44240653492571397,0.12875944554382748,0.19808282761158744,0.21733333333333332,0.43466666666666665,0.43466666666666665,-0.0,correction_completion,PT_conditional,1,200,113,2553309871,reference_fold_convolution_rf,,,,
PRE_SUB,X1=1_k=-2,,,-2.0,reference_fold_pretrend,-0.03978891083945564,-0.016479481598125643,0.13135527155763757,-0.3441323000597808,-0.2831828413843542,0.16731665335301282,0.20939401050052345,0.464,0.928,0.928,-0.0,correction_completion,PT_conditional,1,200,113,2553309871,reference_fold_convolution_rf,,,,
PRE_SUB,X2=low_k=-4,,,-4.0,reference_fold_pretrend,-0.24520350288837592,-0.24879115394674517,0.19661080020147373,-0.6301397236335182,-0.5631937063185883,0.08186872363425558,0.11956453159870645,0.11066666666666666,0.22133333333333333,0.22133333333333333,-0.0,correction_completion,PT_conditional,1,200,113,2553309871,reference_fold_convolution_rf,,,,
PRE_SUB,X2=low_k=-3,,,-3.0,reference_fold_pretrend,-0.14864357104077094,-0.146284186426769,0.18031470012070297,-0.49507389030104326,-0.4503019676890498,0.137860658934452,0.20933876672433388,0.22933333333333333,0.45866666666666667,0.45866666666666667,-0.0,correction_completion,PT_conditional,1,200,113,2553309871,reference_fold_convolution_rf,,,,
PRE_SUB,X2=low_k=-2,,,-2.0,reference_fold_pretrend,-0.034410741338079795,-0.011289175064584742,0.13276753172040576,-0.3388937802573394,-0.2725497030229131,0.1733357591588738,0.22338644959082124,0.4766666666666667,0.9533333333333334,0.9533333333333334,-0.0,correction_completion,PT_conditional,1,200,113,2553309871,reference_fold_convolution_rf,,,,
PRE_SUB,X2=high_k=-4,,,-4.0,reference_fold_pretrend,-0.2844181423982168,-0.2798937779610288,0.2040216413993622,-0.6911984233507275,-0.6158358383387524,0.0420772663236819,0.09509824695345465,0.08133333333333333,0.16266666666666665,0.16266666666666665,-0.0,correction_completion,PT_conditional,1,200,113,2553309871,reference_fold_convolution_rf,,,,
PRE_SUB,X2=high_k=-3,,,-3.0,reference_fold_pretrend,-0.1753546443486116,-0.17259833669120705,0.18803169712302628,-0.5410029958663991,-0.4942200151342308,0.11886729818885224,0.18126205967980086,0.19466666666666665,0.3893333333333333,0.3893333333333333,-0.0,correction_completion,PT_conditional,1,200,113,2553309871,reference_fold_convolution_rf,,,,
PRE_SUB,X2=high_k=-2,,,-2.0,reference_fold_pretrend,-0.035620048179160584,-0.013135079860167851,0.13803149172641727,-0.3550399861073359,-0.28251665073401483,0.18182030604259253,0.23926679075636195,0.47333333333333333,0.9466666666666667,0.9466666666666667,-0.0,correction_completion,PT_conditional,1,200,113,2553309871,reference_fold_convolution_rf,,,,
PRE_SUBC,X1_k=-4,,,-4.0,reference_fold_pretrend,0.002041503867622519,0.006799837142913989,0.06280509522552728,-0.18110310788622544,-0.06681343432293844,0.04683766668958387,0.09961690953638733,0.23266666666666666,0.4653333333333333,0.4653333333333333,-0.0,correction_completion,PT_conditional,1,200,113,2553309871,reference_fold_convolution_rf,,,,
PRE_SUBC,X1_k=-3,,,-3.0,reference_fold_pretrend,-0.00045278729150485033,0.004007093782342352,0.058052929781014055,-0.16126711655343876,-0.04514515897108608,0.03099008428925415,0.07080739949222,0.32066666666666666,0.6413333333333333,0.6413333333333333,-0.0,correction_completion,PT_conditional,1,200,113,2553309871,reference_fold_convolution_rf,,,,
PRE_SUBC,X1_k=-2,,,-2.0,reference_fold_pretrend,-0.0064380455588489306,0.0,0.04538491020230638,-0.09139115130675694,-0.015621725458073398,0.009279214086529848,0.015617577834622334,0.5213333333333333,1.0,1.0,-0.0,correction_completion,PT_conditional,1,200,113,2553309871,reference_fold_convolution_rf,,,,
PRE_SUBC,X1_slope,,,,reference_fold_pretrend,8.707918135650528e-05,-0.00200111919593462,0.02384246133014867,-0.035015230314038144,-0.015867874522842055,0.02350675715068657,0.06627808458313539,0.266,0.532,0.532,0.0,correction_completion,PT_conditional,1,200,113,2553309871,reference_fold_convolution_rf,,,,
PRE_SUBC,X2_k=-4,,,-4.0,reference_fold_pretrend,-0.039214639509840866,-0.025914918894560657,0.0652826775682499,-0.27332301412080817,-0.18740945368039896,0.017896089758211157,0.02581174335182166,0.148,0.296,0.296,-0.0,correction_completion,PT_conditional,1,200,113,2553309871,reference_fold_convolution_rf,,,,
PRE_SUBC,X2_k=-3,,,-3.0,reference_fold_pretrend,-0.026711073307840696,-0.015494051413535548,0.058869147022336955,-0.2249666030299528,-0.12374192711079299,0.020963427956641904,0.029690333182072606,0.25733333333333336,0.5146666666666667,0.5146666666666667,-0.0,correction_completion,PT_conditional,1,200,113,2553309871,reference_fold_convolution_rf,,,,
PRE_SUBC,X2_k=-2,,,-2.0,reference_fold_pretrend,-0.001209306841080781,0.0,0.03096479104132826,-0.050471872836809824,-0.030677717810521296,0.029610849825313482,0.03856174227246552,0.546,1.0,1.0,-0.0,correction_completion,PT_conditional,1,200,113,2553309871,reference_fold_convolution_rf,,,,
PRE_SUBC,X2_slope,,,,reference_fold_pretrend,0.012305383713306056,0.007584549518011539,0.02273377123195965,-0.011277807556312624,-0.007336037068400043,0.0582678173592855,0.08663416749507365,0.18066666666666667,0.36133333333333334,0.36133333333333334,0.0,correction_completion,PT_conditional,1,200,113,2553309871,reference_fold_convolution_rf,,,,
PRE,k=-4,,,-4.0,pretrend,0.13694065022872529,0.12605319970790413,0.173246875327373,-0.17510911598339698,-0.124229825371835,0.4270142151403051,0.5063699275509748,0.26,0.52,0.52,-0.0,correction_completion,PT_hold,1,200,97,4028616396,raw_structured,,,,
PRE,k=-3,,,-3.0,pretrend,0.01529505577340583,0.0,0.14392489259101304,-0.2908884049000217,-0.22892240964317956,0.2588620352419301,0.32287773015889776,0.572,1.0,1.0,-0.0,correction_completion,PT_hold,1,200,97,4028616396,raw_structured,,,,
PRE,k=-2,,,-2.0,pretrend,0.03803315397282784,0.0,0.12304328556965252,-0.20278389534708155,-0.13911770090091227,0.2817784590114104,0.33575565600183555,0.628,1.0,1.0,-0.0,correction_completion,PT_hold,1,200,97,4028616396,raw_structured,,,,
PRE,slope,,,,pretrend,-0.03424608687184395,-0.029802888480801683,0.05695484281458213,-0.1470454860162966,-0.13036949794146246,0.05318114225090931,0.07358350017117465,0.30533333333333335,0.6106666666666667,0.6106666666666667,0.0,correction_completion,PT_hold,1,200,97,4028616396,raw_structured,,,,
PRE_SUB,X1=0_k=-4,,,-4.0,pretrend,0.13908743393354508,0.12797324347434436,0.1746524784102639,-0.17606943854388005,-0.12422982537183484,0.43170817119400784,0.5063699275509741,0.258,0.516,0.516,-0.0,correction_completion,PT_hold,1,200,97,4028616396,raw_structured,,,,
PRE_SUB,X1=0_k=-3,,,-3.0,pretrend,0.01798267869992331,0.0,0.14557628524276922,-0.2918260631832115,-0.22891865120581553,0.2647431046170176,0.3249251406157826,0.5673333333333334,1.0,1.0,-0.0,correction_completion,PT_hold,1,200,97,4028616396,raw_structured,,,,
PRE_SUB,X1=0_k=-2,,,-2.0,pretrend,0.03963609515269592,0.0,0.12460000297068662,-0.1965260189370742,-0.13753294354551288,0.28732245373304754,0.34375583268495236,0.628,1.0,1.0,-0.0,correction_completion,PT_hold,1,200,97,4028616396,raw_structured,,,,
PRE_SUB,X1=1_k=-4,,,-4.0,pretrend,0.13488927913300858,0.12283167880669077,0.17560995856470604,-0.1842910491840227,-0.12970074676375618,0.43285340417309615,0.5059596351310318,0.266,0.532,0.532,-0.0,correction_completion,PT_hold,1,200,97,4028616396,raw_structured,,,,
PRE_SUB,X1=1_k=-3,,,-3.0,pretrend,0.012726882754733571,0.0,0.14620442831679803,-0.2928410444102463,-0.2346516580465671,0.2592326467932619,0.3212234757013301,0.582,1.0,1.0,-0.0,correction_completion,PT_hold,1,200,97,4028616396,raw_structured,,,,
PRE_SUB,X1=1_k=-2,,,-2.0,pretrend,0.03650145462317612,0.0,0.12441894362778248,-0.21002967868822173,-0.14109735810790872,0.28170715536337926,0.3336497168529165,0.6326666666666667,1.0,1.0,-0.0,correction_completion,PT_hold,1,200,97,4028616396,raw_structured,,,,
PRE_SUB,X2=low_k=-4,,,-4.0,pretrend,0.1414585479754208,0.1282846769012952,0.17649657708496694,-0.1725123688477794,-0.12393773182387027,0.43488241565641955,0.5173187123111889,0.25533333333333336,0.5106666666666667,0.5106666666666667,-0.0,correction_completion,PT_hold,1,200,97,4028616396,raw_structured,,,,
PRE_SUB,X2=low_k=-3,,,-3.0,pretrend,0.018033943470459057,0.0,0.14543481780041564,-0.29182606318321147,-0.22824121726575475,0.2627936101454065,0.32323084307537453,0.5693333333333334,1.0,1.0,-0.0,correction_completion,PT_hold,1,200,97,4028616396,raw_structured,,,,
PRE_SUB,X2=low_k=-2,,,-2.0,pretrend,0.03976989382277991,0.0,0.1248507728207896,-0.20062288279896795,-0.13796961320866696,0.2871224678582962,0.3426455145503018,0.6273333333333333,1.0,1.0,-0.0,correction_completion,PT_hold,1,200,97,4028616396,raw_structured,,,,
PRE_SUB,X2=high_k=-4,,,-4.0,pretrend,0.13038616868405076,0.11814654512591201,0.17556277677093543,-0.19686374911081056,-0.14054487038409924,0.42165401855208706,0.48894716911207214,0.272,0.544,0.544,-0.0,correction_completion,PT_hold,1,200,97,4028616396,raw_structured,,,,
PRE_SUB,X2=high_k=-3,,,-3.0,pretrend,0.00997789104888722,0.0,0.1472026004639264,-0.3044340907110327,-0.24320668981635857,0.25572467307079033,0.31726965024230963,0.58,1.0,1.0,-0.0,correction_completion,PT_hold,1,200,97,4028616396,raw_structured,,,,
PRE_SUB,X2=high_k=-2,,,-2.0,pretrend,0.03470201171431804,0.0,0.12470720226115699,-0.22245081459079943,-0.14809717542336767,0.28035357512465336,0.33221381658817195,0.634,1.0,1.0,-0.0,correction_completion,PT_hold,1,200,97,4028616396,raw_structured,,,,
PRE_SUBC,X1_k=-4,,,-4.0,pretrend,-0.0041981548005365025,0.0,0.05141382814746232,-0.05931447954640646,-0.010441308100998994,0.0006510793890179295,0.016098734433806657,0.5466666666666666,1.0,1.0,-0.0,correction_completion,PT_hold,1,200,97,4028616396,raw_structured,,,,
PRE_SUBC,X1_k=-3,,,-3.0,pretrend,-0.005255795945189736,0.0,0.04783715576606889,-0.03603379612323398,-0.00825801828786592,8.881784197001252e-16,0.003265623158550505,0.596,1.0,1.0,-0.0,correction_completion,PT_hold,1,200,97,4028616396,raw_structured,,,,
PRE_SUBC,X1_k=-2,,,-2.0,pretrend,-0.0031346405295198036,0.0,0.0380863216152434,-0.01131244872504091,-7.778500066280003e-16,6.106226635438361e-16,1.0619977119929994e-15,0.7133333333333334,1.0,1.0,-0.0,correction_completion,PT_hold,1,200,97,4028616396,raw_structured,,,,
PRE_SUBC,X1_slope,,,,pretrend,0.0018743354872506272,0.0,0.019752073628814436,-0.005160808587187787,-0.00017373344490414285,0.0036439174773908434,0.014408387091852458,0.528,1.0,1.0,0.0,correction_completion,PT_hold,1,200,97,4028616396,raw_structured,,,,
PRE_SUBC,X2_k=-4,,,-4.0,pretrend,-0.011072379291370041,0.0,0.05774469588814447,-0.18511937044560461,-0.05069069701671904,7.230327447871319e-16,1.0547118733938987e-15,0.534,1.0,1.0,-0.0,correction_completion,PT_hold,1,200,97,4028616396,raw_structured,,,,
PRE_SUBC,X2_k=-3,,,-3.0,pretrend,-0.008056052421571836,0.0,0.050185450314025035,-0.13374650877522196,-0.007119056368554452,5.842548667089874e-16,9.159339953157541e-16,0.6106666666666667,1.0,1.0,-0.0,correction_completion,PT_hold,1,200,97,4028616396,raw_structured,,,,
PRE_SUBC,X2_k=-2,,,-2.0,pretrend,-0.005067882108461866,0.0,0.042980174238732086,-0.007125949381005227,-7.07940650546135e-16,4.756178090259408e-16,7.216449660063518e-16,0.7293333333333333,1.0,1.0,-0.0,correction_completion,PT_hold,1,200,97,4028616396,raw_structured,,,,
PRE_SUBC,X2_slope,,,,pretrend,0.003885508916122547,0.0,0.021483493581079337,-3.4336373030566643e-16,-2.379049338482478e-16,0.018736126195654332,0.06278427029180832,0.5226666666666666,1.0,1.0,0.0,correction_completion,PT_hold,1,200,97,4028616396,raw_structured,,,,
PRE,k=-4,,,-4.0,reference_fold_pretrend,0.038001942379525325,0.031584041258521406,0.16342068315308675,-0.27223098904936377,-0.22686723330353825,0.31110801936558685,0.36260549835048306,0.428,0.856,0.856,-0.0,correction_completion,PT_hold,1,200,97,4028616396,reference_fold_convolution_rf,,,,
PRE,k=-3,,,-3.0,reference_fold_pretrend,-0.045215079329316156,-0.03898606294868901,0.14650156488588417,-0.3550202321717126,-0.28359855796394684,0.18344299211020215,0.22509326462482718,0.39466666666666667,0.7893333333333333,0.7893333333333333,-0.0,correction_completion,PT_hold,1,200,97,4028616396,reference_fold_convolution_rf,,,,
PRE,k=-2,,,-2.0,reference_fold_pretrend,-0.0061474993297288205,0.0,0.12613383096105465,-0.26233344400535963,-0.22048023523182342,0.2040404950886007,0.24273608330525745,0.5493333333333333,1.0,1.0,-0.0,correction_completion,PT_hold,1,200,97,4028616396,reference_fold_convolution_rf,,,,
PRE,slope,,,,reference_fold_pretrend,-0.0012448692250153469,-0.001502540314019839,0.05732417830063997,-0.11401528558561884,-0.0946390220138443,0.08967481507180305,0.11489429824162296,0.4886666666666667,0.9773333333333334,0.9773333333333334,0.0,correction_completion,PT_hold,1,200,97,4028616396,reference_fold_convolution_rf,,,,
PRE_SUB,X1=0_k=-4,,,-4.0,reference_fold_pretrend,0.03551322636186631,0.028273343737237937,0.16895140059679226,-0.2931163826076628,-0.23312464238791536,0.3107824256806691,0.3647821863567008,0.436,0.872,0.872,-0.0,correction_completion,PT_hold,1,200,97,4028616396,reference_fold_convolution_rf,,,,
PRE_SUB,X1=0_k=-3,,,-3.0,reference_fold_pretrend,-0.05591620692436923,-0.048611327766863596,0.15153146989622357,-0.38664253701560236,-0.3095304911305411,0.17673386051261997,0.21391169898489223,0.39066666666666666,0.7813333333333333,0.7813333333333333,-0.0,correction_completion,PT_hold,1,200,97,4028616396,reference_fold_convolution_rf,,,,
PRE_SUB,X1=0_k=-2,,,-2.0,reference_fold_pretrend,-0.013736378032245476,0.0,0.12967232829216802,-0.2884707618232264,-0.23981610150929714,0.19042654196521633,0.22997708174027426,0.5413333333333333,1.0,1.0,-0.0,correction_completion,PT_hold,1,200,97,4028616396,reference_fold_convolution_rf,,,,
PRE_SUB,X1=1_k=-4,,,-4.0,reference_fold_pretrend,0.0403800487963995,0.033292133783016,0.16346494617548904,-0.2661219196377273,-0.22202864962681945,0.3169507187939662,0.36599980233020557,0.4206666666666667,0.8413333333333334,0.8413333333333334,-0.0,correction_completion,PT_hold,1,200,97,4028616396,reference_fold_convolution_rf,,,,
PRE_SUB,X1=1_k=-3,,,-3.0,reference_fold_pretrend,-0.03498955740515432,-0.030732148629654253,0.14666229793292396,-0.3290109538053349,-0.26350930600280953,0.19871444780880868,0.25191378185291025,0.416,0.832,0.832,-0.0,correction_completion,PT_hold,1,200,97,4028616396,reference_fold_convolution_rf,,,,
PRE_SUB,X1=1_k=-2,,,-2.0,reference_fold_pretrend,0.0011040958748982064,0.0,0.12637838978991098,-0.24870554345347176,-0.20383150473150655,0.21880978906364879,0.25846684672715736,0.5626666666666666,1.0,1.0,-0.0,correction_completion,PT_hold,1,200,97,4028616396,reference_fold_convolution_rf,,,,
PRE_SUB,X2=low_k=-4,,,-4.0,reference_fold_pretrend,0.03531116565862349,0.02397550342127968,0.17032300149671342,-0.2949818251182586,-0.23579356497866463,0.31800260708061884,0.37538801417208123,0.436,0.872,0.872,-0.0,correction_completion,PT_hold,1,200,97,4028616396,reference_fold_convolution_rf,,,,
PRE_SUB,X2=low_k=-3,,,-3.0,reference_fold_pretrend,-0.058242662788151836,-0.05159120336790535,0.15162429341552358,-0.38130827759958463,-0.32196158764590854,0.17046513435075483,0.2119074296486003,0.378,0.756,0.756,-0.0,correction_completion,PT_hold,1,200,97,4028616396,reference_fold_convolution_rf,,,,
PRE_SUB,X2=low_k=-2,,,-2.0,reference_fold_pretrend,-0.01461400014896917,0.0,0.13022680120935717,-0.29223595002445035,-0.23890102776688837,0.1938381926288421,0.2309098680092552,0.5426666666666666,1.0,1.0,-0.0,correction_completion,PT_hold,1,200,97,4028616396,reference_fold_convolution_rf,,,,
PRE_SUB,X2=high_k=-4,,,-4.0,reference_fold_pretrend,0.03912477055575865,0.030881847005999524,0.16273812050322492,-0.26585089296408454,-0.21964151571613436,0.308167183506205,0.3680027719290319,0.424,0.848,0.848,-0.0,correction_completion,PT_hold,1,200,97,4028616396,reference_fold_convolution_rf,,,,
PRE_SUB,X2=high_k=-3,,,-3.0,reference_fold_pretrend,-0.03352223652444481,-0.03119553910082292,0.14693212492277005,-0.32246208108268043,-0.26138031224268193,0.20158487797107685,0.25854224117735264,0.418,0.836,0.836,-0.0,correction_completion,PT_hold,1,200,97,4028616396,reference_fold_convolution_rf,,,,
PRE_SUB,X2=high_k=-2,,,-2.0,reference_fold_pretrend,0.0013252327857376889,0.0,0.1274959192670746,-0.2446799069136852,-0.19817509113205906,0.2232705237679946,0.2706078695164202,0.5553333333333333,1.0,1.0,-0.0,correction_completion,PT_hold,1,200,97,4028616396,reference_fold_convolution_rf,,,,
PRE_SUBC,X1_k=-4,,,-4.0,reference_fold_pretrend,0.004866822434533184,0.010205891120600327,0.06020317897424988,-0.159987566755713,-0.08933083623185457,0.07702370148933967,0.09788538282893926,0.3953333333333333,0.7906666666666666,0.7906666666666666,-0.0,correction_completion,PT_hold,1,200,97,4028616396,reference_fold_convolution_rf,,,,
PRE_SUBC,X1_k=-3,,,-3.0,reference_fold_pretrend,0.02092664951921492,0.024447982086026936,0.05502693839661115,-0.12287590366131507,-0.05407844010433855,0.08781911495808192,0.10968585640903586,0.24933333333333332,0.49866666666666665,0.49866666666666665,-0.0,correction_completion,PT_hold,1,200,97,4028616396,reference_fold_convolution_rf,,,,
PRE_SUBC,X1_k=-2,,,-2.0,reference_fold_pretrend,0.014840473907143683,0.014863562159636603,0.04354870309568513,-0.0768529551780304,-0.033954727273706554,0.07330742212746204,0.08657669613511476,0.3486666666666667,0.6973333333333334,0.6973333333333334,-0.0,correction_completion,PT_hold,1,200,97,4028616396,reference_fold_convolution_rf,,,,
PRE_SUBC,X1_slope,,,,reference_fold_pretrend,-0.005092445732083791,-0.0065094249178498185,0.02205333471858054,-0.03875480035290034,-0.03271245251272286,0.029598973627610596,0.050578212819740904,0.308,0.616,0.616,0.0,correction_completion,PT_hold,1,200,97,4028616396,reference_fold_convolution_rf,,,,
PRE_SUBC,X2_k=-4,,,-4.0,reference_fold_pretrend,0.0038136048971351604,0.010334036602297963,0.06480386844844381,-0.16923045157862118,-0.1170042091113255,0.08753117971034381,0.10318660818920405,0.4073333333333333,0.8146666666666667,0.8146666666666667,-0.0,correction_completion,PT_hold,1,200,97,4028616396,reference_fold_convolution_rf,,,,
PRE_SUBC,X2_k=-3,,,-3.0,reference_fold_pretrend,0.02472042626370702,0.028670815355431475,0.05849250350145555,-0.1386051241886536,-0.06263943921930454,0.1007398213250826,0.11887030595844483,0.24933333333333332,0.49866666666666665,0.49866666666666665,-0.0,correction_completion,PT_hold,1,200,97,4028616396,reference_fold_convolution_rf,,,,
PRE_SUBC,X2_k=-2,,,-2.0,reference_fold_pretrend,0.01593923293470686,0.017047501083206608,0.05238790242513694,-0.1324578367761711,-0.052410953058073924,0.08532944894551354,0.0992544847139251,0.354,0.708,0.708,-0.0,correction_completion,PT_hold,1,200,97,4028616396,reference_fold_convolution_rf,,,,
PRE_SUBC,X2_slope,,,,reference_fold_pretrend,-0.005487207153823313,-0.00731221836079435,0.0240102154728509,-0.04208342850923389,-0.036927536888193495,0.034326993035583314,0.062091073032112185,0.318,0.636,0.636,0.0,correction_completion,PT_hold,1,200,97,4028616396,reference_fold_convolution_rf,,,,
PRE,k=-4,,,-4.0,pretrend,-0.6623063213800227,-0.6618489036625594,0.2161511380388353,-1.1108839360040006,-1.0264823627885296,-0.32199129810513866,-0.2559583531886073,0.002,0.004,0.004,-0.7095928204811361,correction_completion,PT_violation_a20,1,200,81,3793216882,raw_structured,,,,
PRE,k=-3,,,-3.0,pretrend,-0.5299563966446835,-0.5314216259395268,0.1978749826357414,-0.9189265264706007,-0.8388716794343763,-0.20323338618831494,-0.1305471185389137,0.008,0.016,0.016,-0.47306188032075747,correction_completion,PT_violation_a20,1,200,81,3793216882,raw_structured,,,,
PRE,k=-2,,,-2.0,pretrend,-0.46266466289790165,-0.47286699429208867,0.1987329390115173,-0.8280616529217187,-0.7751020658233299,-0.09661377443256468,0.0,0.03133333333333333,0.06266666666666666,0.06266666666666666,-0.23653094016037873,correction_completion,PT_violation_a20,1,200,81,3793216882,raw_structured,,,,
PRE,slope,,,,pretrend,0.2506783157376669,0.2505812161411797,0.0781320257685546,0.09969453561315512,0.1203398453862657,0.3771484904016845,0.4067604252303577,0.0013333333333333333,0.0026666666666666666,0.0026666666666666666,0.23653094016037873,correction_completion,PT_violation_a20,1,200,81,3793216882,raw_structured,,,,
PRE_SUB,X1=0_k=-4,,,-4.0,pretrend,-0.631492325394454,-0.6326313478179242,0.23282470262870672,-1.0995268866883308,-1.0124586337876997,-0.24775346201533696,-0.15303844583057089,0.008,0.016,0.016,-0.7075022842795499,correction_completion,PT_violation_a20,1,200,81,3793216882,raw_structured,,,,
PRE_SUB,X1=0_k=-3,,,-3.0,pretrend,-0.49934052265627854,-0.5102995827427763,0.21153824346664488,-0.9111054149064951,-0.8147316608474748,-0.13102126831840002,-0.034711605009624946,0.024,0.048,0.048,-0.4716681895196999,correction_completion,PT_violation_a20,1,200,81,3793216882,raw_structured,,,,
PRE_SUB,X1=0_k=-2,,,-2.0,pretrend,-0.43512739784622956,-0.4542474335948651,0.2144477909308735,-0.8164514232961713,-0.7618557446461313,0.0,0.0,0.05733333333333333,0.11466666666666667,0.11466666666666667,-0.23583409475984995,correction_completion,PT_violation_a20,1,200,81,3793216882,raw_structured,,,,
PRE_SUB,X1=1_k=-4,,,-4.0,pretrend,-0.6955854370444368,-0.6916960894119636,0.23197083734547888,-1.1939189710901381,-1.1077116747299305,-0.3409452865020678,-0.28080953152418753,0.002,0.004,0.004,-0.7123204848896487,correction_completion,PT_violation_a20,1,200,81,3793216882,raw_structured,,,,
PRE_SUB,X1=1_k=-3,,,-3.0,pretrend,-0.5630215405521608,-0.5536615685490265,0.21968360598866807,-1.040616137936756,-0.9365746132291205,-0.21852030213081702,-0.14961110684557094,0.008,0.016,0.016,-0.4748803232597658,correction_completion,PT_violation_a20,1,200,81,3793216882,raw_structured,,,,
PRE_SUB,X1=1_k=-2,,,-2.0,pretrend,-0.4924049091537075,-0.4918865148880097,0.21583123357996806,-0.942241779795942,-0.826469667916098,-0.11387431561720104,0.0,0.03,0.06,0.06,-0.2374401616298829,correction_completion,PT_violation_a20,1,200,81,3793216882,raw_structured,,,,
PRE_SUB,X2=low_k=-4,,,-4.0,pretrend,-0.6208425610192609,-0.6235821854334446,0.23875318477169025,-1.0754983858945428,-1.0072152124396088,-0.23152174990761526,-0.11302158921504221,0.010666666666666666,0.021333333333333333,0.021333333333333333,-0.5325257815654711,correction_completion,PT_violation_a20,1,200,81,3793216882,raw_structured,,,,
PRE_SUB,X2=low_k=-3,,,-3.0,pretrend,-0.4860376442023794,-0.49317113622091996,0.21870335913849553,-0.9104655372157362,-0.8128456196956775,-0.09681488035192247,-0.0057862042810856145,0.024666666666666667,0.04933333333333333,0.04933333333333333,-0.3550171877103141,correction_completion,PT_violation_a20,1,200,81,3793216882,raw_structured,,,,
PRE_SUB,X2=low_k=-2,,,-2.0,pretrend,-0.4222865807794326,-0.4388130692522638,0.21831103416862166,-0.8147788009527913,-0.7618557446461314,0.0,0.014376083477965472,0.056666666666666664,0.11333333333333333,0.11333333333333333,-0.17750859385515705,correction_completion,PT_violation_a20,1,200,81,3793216882,raw_structured,,,,
PRE_SUB,X2=high_k=-4,,,-4.0,pretrend,-0.7063696218438332,-0.6993873785730198,0.2443995088273399,-1.2163804306969241,-1.111530208734555,-0.3365056004885925,-0.2767876733909908,0.002,0.004,0.004,-0.7192350514099524,correction_completion,PT_violation_a20,1,200,81,3793216882,raw_structured,,,,
PRE_SUB,X2=high_k=-3,,,-3.0,pretrend,-0.5753444018390745,-0.5628371662394394,0.22806238791054534,-1.05595153058074,-0.9728383345941177,-0.22226650519359362,-0.14807618902941327,0.007333333333333333,0.014666666666666666,0.014666666666666666,-0.4794900342733016,correction_completion,PT_violation_a20,1,200,81,3793216882,raw_structured,,,,
PRE_SUB,X2=high_k=-2,,,-2.0,pretrend,-0.5046892926440744,-0.4998058917762913,0.22850852652961834,-0.9867709926982142,-0.8919441870945414,-0.10591311823492304,0.0,0.03133333333333333,0.06266666666666666,0.06266666666666666,-0.2397450171366508,correction_completion,PT_violation_a20,1,200,81,3793216882,raw_structured,,,,
PRE_SUBC,X1_k=-4,,,-4.0,pretrend,-0.06409311164998267,-2.220446049250313e-16,0.17095065016766395,-0.6497378193800882,-0.5041874875366251,1.7819079545233712e-15,0.005999190367326332,0.39266666666666666,0.7853333333333333,0.7853333333333333,-0.004818200610098855,correction_completion,PT_violation_a20,1,200,81,3793216882,raw_structured,,,,
PRE_SUBC,X1_k=-3,,,-3.0,pretrend,-0.06368101789588235,-1.6653345369377348e-16,0.1708027002831116,-0.6519284344930493,-0.5119090601642854,1.2212453270876722e-15,0.0051405253109078715,0.4093333333333333,0.8186666666666667,0.8186666666666667,-0.0032121337400659034,correction_completion,PT_violation_a20,1,200,81,3793216882,raw_structured,,,,
PRE_SUBC,X1_k=-2,,,-2.0,pretrend,-0.05727751130747798,-1.1102230246251565e-16,0.1647944547806658,-0.6519284344930493,-0.4999405787101934,9.43689570931383e-16,0.003443311441890361,0.43333333333333335,0.8666666666666667,0.8666666666666667,-0.0016060668700329517,correction_completion,PT_violation_a20,1,200,81,3793216882,raw_structured,,,,
PRE_SUBC,X1_slope,,,,pretrend,0.026922777289227904,9.516197353929913e-17,0.07211315815295377,-0.0023844127028297625,-5.709718412357948e-16,0.21459712371832246,0.27845906544860916,0.36666666666666664,0.7333333333333333,0.7333333333333333,0.0016060668700329517,correction_completion,PT_violation_a20,1,200,81,3793216882,raw_structured,,,,
PRE_SUBC,X2_k=-4,,,-4.0,pretrend,-0.08552706082457244,-2.220446049250313e-16,0.20308232325716713,-0.7407696784387175,-0.5989103389488797,9.992007221626409e-16,0.00954481220348432,0.38866666666666666,0.7773333333333333,0.7773333333333333,-0.18670926984448127,correction_completion,PT_violation_a20,1,200,81,3793216882,raw_structured,,,,
PRE_SUBC,X2_k=-3,,,-3.0,pretrend,-0.08930675763669504,-2.220446049250313e-16,0.19945243234505947,-0.7481709475086723,-0.5967310980101719,5.551115123125783e-16,9.464651284929308e-16,0.3873333333333333,0.7746666666666666,0.7746666666666666,-0.12447284656298752,correction_completion,PT_violation_a20,1,200,81,3793216882,raw_structured,,,,
PRE_SUBC,X2_k=-2,,,-2.0,pretrend,-0.08240271186464179,-1.6653345369377348e-16,0.19458938673862858,-0.7407696784387172,-0.5839203035229028,5.551115123125783e-16,7.771561172376096e-16,0.4126666666666667,0.8253333333333334,0.8253333333333334,-0.06223642328149376,correction_completion,PT_violation_a20,1,200,81,3793216882,raw_structured,,,,
PRE_SUBC,X2_slope,,,,pretrend,0.03697124354369637,9.516197353929913e-17,0.08517169396769496,-0.0034015160649454174,-3.5725390899545217e-16,0.25475135976606056,0.3174727193308787,0.35933333333333334,0.7186666666666667,0.7186666666666667,0.06223642328149376,correction_completion,PT_violation_a20,1,200,81,3793216882,raw_structured,,,,
PRE,k=-4,,,-4.0,reference_fold_pretrend,-0.7069406489279993,-0.7022678483939861,0.20212503300768225,-1.1226718246408278,-1.0357840471043354,-0.37133923136548125,-0.32654264580156767,0.0,0.0,0.0,-0.7095928204811361,correction_completion,PT_violation_a20,1,200,81,3793216882,reference_fold_convolution_rf,,,,
PRE,k=-3,,,-3.0,reference_fold_pretrend,-0.6120523077933802,-0.6120951326803192,0.1958139203700655,-0.9910303462906408,-0.9448156165784247,-0.29880982572861314,-0.2370807137888309,0.0006666666666666666,0.0013333333333333333,0.0013333333333333333,-0.47306188032075747,correction_completion,PT_violation_a20,1,200,81,3793216882,reference_fold_convolution_rf,,,,
PRE,k=-2,,,-2.0,reference_fold_pretrend,-0.46629775503063686,-0.4626514833155251,0.1943280869853582,-0.8624782143696271,-0.7837782132203983,-0.15914830079731707,-0.10378134657883147,0.005333333333333333,0.010666666666666666,0.010666666666666666,-0.23653094016037873,correction_completion,PT_violation_a20,1,200,81,3793216882,reference_fold_convolution_rf,,,,
PRE,slope,,,,reference_fold_pretrend,0.27223030838581397,0.2710793399987613,0.07645373015487422,0.1246928730610745,0.15014354448314365,0.39689993902522724,0.42496220863565254,0.0,0.0,0.0,0.23653094016037873,correction_completion,PT_violation_a20,1,200,81,3793216882,reference_fold_convolution_rf,,,,
PRE_SUB,X1=0_k=-4,,,-4.0,reference_fold_pretrend,-0.6857685046903191,-0.6797035089016142,0.2096228211051957,-1.1023581051115463,-1.031546232991985,-0.3367675043513605,-0.2811767407447904,0.0013333333333333333,0.0026666666666666666,0.0026666666666666666,-0.7075022842795499,correction_completion,PT_violation_a20,1,200,81,3793216882,reference_fold_convolution_rf,,,,
PRE_SUB,X1=0_k=-3,,,-3.0,reference_fold_pretrend,-0.5905156792161628,-0.5914342398121066,0.20315484206452208,-0.9878753145044146,-0.9281422017006007,-0.25688190594418403,-0.1926393325939708,0.0026666666666666666,0.005333333333333333,0.005333333333333333,-0.4716681895196999,correction_completion,PT_violation_a20,1,200,81,3793216882,reference_fold_convolution_rf,,,,
PRE_SUB,X1=0_k=-2,,,-2.0,reference_fold_pretrend,-0.4428012014563872,-0.44051205985730013,0.2002703005558259,-0.8401300682311457,-0.771455624385022,-0.11781408835270753,-0.06108138921680503,0.012,0.024,0.024,-0.23583409475984995,correction_completion,PT_violation_a20,1,200,81,3793216882,reference_fold_convolution_rf,,,,
PRE_SUB,X1=1_k=-4,,,-4.0,reference_fold_pretrend,-0.729806564704694,-0.727016294355356,0.21099222701748477,-1.1667614315396144,-1.0903242426180233,-0.38644229208340863,-0.32944456261447713,0.0,0.0,0.0,-0.7123204848896487,correction_completion,PT_violation_a20,1,200,81,3793216882,reference_fold_convolution_rf,,,,
PRE_SUB,X1=1_k=-3,,,-3.0,reference_fold_pretrend,-0.635311866656775,-0.6360771972617583,0.20476343504686131,-1.0419898156325487,-0.976570532117877,-0.30328148847031716,-0.2503817351195865,0.0006666666666666666,0.0013333333333333333,0.0013333333333333333,-0.4748803232597658,correction_completion,PT_violation_a20,1,200,81,3793216882,reference_fold_convolution_rf,,,,
PRE_SUB,X1=1_k=-2,,,-2.0,reference_fold_pretrend,-0.4916740328908266,-0.483540026128649,0.2033009064696185,-0.8981197051091588,-0.8298704110782473,-0.17315753534027573,-0.11838182975205602,0.004666666666666667,0.009333333333333334,0.009333333333333334,-0.2374401616298829,correction_completion,PT_violation_a20,1,200,81,3793216882,reference_fold_convolution_rf,,,,
PRE_SUB,X2=low_k=-4,,,-4.0,reference_fold_pretrend,-0.6614520024533572,-0.6575350293217265,0.21593904953825177,-1.1103413321559763,-1.0064338923540577,-0.31596394786669146,-0.259821595882512,0.0013333333333333333,0.0026666666666666666,0.0026666666666666666,-0.5325257815654711,correction_completion,PT_violation_a20,1,200,81,3793216882,reference_fold_convolution_rf,,,,
PRE_SUB,X2=low_k=-3,,,-3.0,reference_fold_pretrend,-0.5650702196445249,-0.5700775123640236,0.20939667313431845,-0.959660067563432,-0.9042914391592191,-0.2148114920014377,-0.14720352094310016,0.004666666666666667,0.009333333333333334,0.009333333333333334,-0.3550171877103141,correction_completion,PT_violation_a20,1,200,81,3793216882,reference_fold_convolution_rf,,,,
PRE_SUB,X2=low_k=-2,,,-2.0,reference_fold_pretrend,-0.44776082138323825,-0.44358002036918226,0.20591896454717387,-0.8594711977816166,-0.7822968149137217,-0.11955016064867363,-0.0475759245966709,0.012,0.024,0.024,-0.17750859385515705,correction_completion,PT_violation_a20,1,200,81,3793216882,reference_fold_convolution_rf,,,,
PRE_SUB,X2=high_k=-4,,,-4.0,reference_fold_pretrend,-0.761693589563547,-0.7584420920961984,0.2177725918806147,-1.2025603514210772,-1.1307147828325224,-0.40663995079376414,-0.3531591694334523,0.0,0.0,0.0,-0.7192350514099524,correction_completion,PT_violation_a20,1,200,81,3793216882,reference_fold_convolution_rf,,,,
PRE_SUB,X2=high_k=-3,,,-3.0,reference_fold_pretrend,-0.6700444145210911,-0.6676488559438551,0.2128384738968654,-1.0928365189862608,-1.0211054189939923,-0.33415614961650053,-0.2725540360801544,0.0,0.0,0.0,-0.4794900342733016,correction_completion,PT_violation_a20,1,200,81,3793216882,reference_fold_convolution_rf,,,,
PRE_SUB,X2=high_k=-2,,,-2.0,reference_fold_pretrend,-0.4696348223880213,-0.4618262296855945,0.20405975359251094,-0.8764476205693457,-0.8159574551879674,-0.14733154069844967,-0.09290527671947207,0.007333333333333333,0.014666666666666666,0.014666666666666666,-0.2397450171366508,correction_completion,PT_violation_a20,1,200,81,3793216882,reference_fold_convolution_rf,,,,
PRE_SUBC,X1_k=-4,,,-4.0,reference_fold_pretrend,-0.044038060014374686,-0.00132058042255212,0.1160879256665488,-0.39398970855539617,-0.3283516965503963,0.024401171526256298,0.03740177105817066,0.468,0.936,0.936,-0.004818200610098855,correction_completion,PT_violation_a20,1,200,81,3793216882,reference_fold_convolution_rf,,,,
PRE_SUBC,X1_k=-3,,,-3.0,reference_fold_pretrend,-0.044796187440612076,-0.00047380482985670547,0.11400128532551596,-0.3905089697625637,-0.33172115427776505,0.020581183780175732,0.026194867997601776,0.4886666666666667,0.9773333333333334,0.9773333333333334,-0.0032121337400659034,correction_completion,PT_violation_a20,1,200,81,3793216882,reference_fold_convolution_rf,,,,
PRE_SUBC,X1_k=-2,,,-2.0,reference_fold_pretrend,-0.0488728314344395,-0.008479671145770445,0.10839086565458525,-0.39363673907254665,-0.3330207205356347,0.010294205734740448,0.013856335040458358,0.23266666666666666,0.4653333333333333,0.4653333333333333,-0.0016060668700329517,correction_completion,PT_violation_a20,1,200,81,3793216882,reference_fold_convolution_rf,,,,
PRE_SUBC,X1_slope,,,,reference_fold_pretrend,0.01932709902562769,0.0007639199961805347,0.04830436342774574,-0.01210327400894977,-0.008591806788526064,0.14102246443346747,0.168150804190182,0.44333333333333336,0.8866666666666667,0.8866666666666667,0.0016060668700329517,correction_completion,PT_violation_a20,1,200,81,3793216882,reference_fold_convolution_rf,,,,
PRE_SUBC,X2_k=-4,,,-4.0,reference_fold_pretrend,-0.10024158711018985,-0.05663535614405052,0.15451735393273655,-0.5082624461808943,-0.4411936196190516,0.06317628086797583,0.08356931655935253,0.23533333333333334,0.4706666666666667,0.4706666666666667,-0.18670926984448127,correction_completion,PT_violation_a20,1,200,81,3793216882,reference_fold_convolution_rf,,,,
PRE_SUBC,X2_k=-3,,,-3.0,reference_fold_pretrend,-0.10497419487656622,-0.05896484067522953,0.15315436287611303,-0.5200909485358635,-0.4440802887409804,0.05556276399355793,0.07875103947321757,0.202,0.404,0.404,-0.12447284656298752,correction_completion,PT_violation_a20,1,200,81,3793216882,reference_fold_convolution_rf,,,,
PRE_SUBC,X2_k=-2,,,-2.0,reference_fold_pretrend,-0.021874001004783,0.011401640407227687,0.13369434420295684,-0.415328656310482,-0.33902889401150843,0.11258879478360242,0.1285553612768702,0.434,0.868,0.868,-0.06223642328149376,correction_completion,PT_violation_a20,1,200,81,3793216882,reference_fold_convolution_rf,,,,
PRE_SUBC,X2_slope,,,,reference_fold_pretrend,0.03803908229203464,0.019938583677680095,0.062306181247710514,-0.034722871953018986,-0.02613106995598849,0.179268350749624,0.2050115866060337,0.254,0.508,0.508,0.06223642328149376,correction_completion,PT_violation_a20,1,200,81,3793216882,reference_fold_convolution_rf,,,,
PRE,k=-4,,,-4.0,pretrend,-0.06749663545779623,-0.057597748749976724,0.17999744176199964,-0.43256965302327305,-0.3654083056075781,0.23196736927274247,0.2743700098678351,0.396,0.792,0.792,-0.15,correction_completion,PT_violation_g05,1,200,65,3022919226,raw_structured,,,,
PRE,k=-3,,,-3.0,pretrend,0.01908771195015124,0.0,0.17961666025287062,-0.3245651058699595,-0.2757201747487253,0.3406773995700189,0.39229386824831725,0.5413333333333333,1.0,1.0,-0.09999999999999999,correction_completion,PT_violation_g05,1,200,65,3022919226,raw_structured,,,,
PRE,k=-2,,,-2.0,pretrend,-0.11292314763470218,-0.053668958632962546,0.16418408357486636,-0.48773075751470785,-0.42858819992385433,0.07789862935560668,0.14700749196354362,0.44266666666666665,0.8853333333333333,0.8853333333333333,-0.049999999999999996,correction_completion,PT_violation_g05,1,200,65,3022919226,raw_structured,,,,
PRE,slope,,,,pretrend,0.019802687864842027,0.016683424373830677,0.06612608508540367,-0.10890508256606848,-0.09159688963884141,0.13076883885107965,0.151662712667093,0.414,0.828,0.828,0.049999999999999996,correction_completion,PT_violation_g05,1,200,65,3022919226,raw_structured,,,,
PRE_SUB,X1=0_k=-4,,,-4.0,pretrend,-0.06153889645553826,-0.04963970394992455,0.18330929472368548,-0.4270790374291298,-0.3626769849778421,0.24671135606041197,0.2933642127066945,0.4053333333333333,0.8106666666666666,0.8106666666666666,-0.15,correction_completion,PT_violation_g05,1,200,65,3022919226,raw_structured,,,,
PRE_SUB,X1=0_k=-3,,,-3.0,pretrend,0.02470148784564926,0.0,0.18131606312152027,-0.32032650444878336,-0.2668679978799499,0.34228063376578477,0.4140992385351198,0.5313333333333333,1.0,1.0,-0.09999999999999999,correction_completion,PT_violation_g05,1,200,65,3022919226,raw_structured,,,,
PRE_SUB,X1=0_k=-2,,,-2.0,pretrend,-0.10763962121875648,-0.03868965961304746,0.166292731734708,-0.48354394432390196,-0.4284694364293863,0.09009279557075392,0.16066331302701067,0.45666666666666667,0.9133333333333333,0.9133333333333333,-0.049999999999999996,correction_completion,PT_violation_g05,1,200,65,3022919226,raw_structured,,,,
PRE_SUB,X1=1_k=-4,,,-4.0,pretrend,-0.07242717808035457,-0.06533745441140659,0.1834826055962368,-0.44328272688044196,-0.37420920349401543,0.23092885013090148,0.2762216856108007,0.3893333333333333,0.7786666666666666,0.7786666666666666,-0.14999999999999997,correction_completion,PT_violation_g05,1,200,65,3022919226,raw_structured,,,,
PRE_SUB,X1=1_k=-3,,,-3.0,pretrend,0.014441828450428726,0.0,0.18378959710284948,-0.3496954212764299,-0.2883152509690495,0.3381857471372974,0.39229386824831775,0.552,1.0,1.0,-0.09999999999999998,correction_completion,PT_violation_g05,1,200,65,3022919226,raw_structured,,,,
PRE_SUB,X1=1_k=-2,,,-2.0,pretrend,-0.1172957212203124,-0.057848805087749255,0.1676650350763693,-0.49572901410859194,-0.43912054635552156,0.07724820865031329,0.1455692168877472,0.44333333333333336,0.8866666666666667,0.8866666666666667,-0.04999999999999999,correction_completion,PT_violation_g05,1,200,65,3022919226,raw_structured,,,,
PRE_SUB,X2=low_k=-4,,,-4.0,pretrend,-0.06065875080471843,-0.0474547760453365,0.1807441897929395,-0.42123688601835313,-0.3618434016284672,0.23926297577058603,0.2897981290343965,0.4126666666666667,0.8253333333333334,0.8253333333333334,-0.15000000000000002,correction_completion,PT_violation_g05,1,200,65,3022919226,raw_structured,,,,
PRE_SUB,X2=low_k=-3,,,-3.0,pretrend,0.026159388287904026,0.0,0.17975452428093708,-0.32032650444878324,-0.26403727939868743,0.34307904422023827,0.4098602521451648,0.5306666666666666,1.0,1.0,-0.10000000000000002,correction_completion,PT_violation_g05,1,200,65,3022919226,raw_structured,,,,
PRE_SUB,X2=low_k=-2,,,-2.0,pretrend,-0.10783452619474089,-0.0406508482199493,0.16335412147042444,-0.4798849147547502,-0.4227965834819271,0.07947997906676409,0.15588372127059386,0.456,0.912,0.912,-0.05000000000000001,correction_completion,PT_violation_g05,1,200,65,3022919226,raw_structured,,,,
PRE_SUB,X2=high_k=-4,,,-4.0,pretrend,-0.07781125807217454,-0.07062729667317486,0.18566696984058603,-0.45494440675697523,-0.3903875993747257,0.22215426690539639,0.27108218843800347,0.384,0.768,0.768,-0.15000000000000002,correction_completion,PT_violation_g05,1,200,65,3022919226,raw_structured,,,,
PRE_SUB,X2=high_k=-3,,,-3.0,pretrend,0.008471146677024862,0.0,0.18552376259723524,-0.3603405026206449,-0.2969769393284582,0.3356235260303637,0.3808425068285357,0.5566666666666666,1.0,1.0,-0.10000000000000002,correction_completion,PT_violation_g05,1,200,65,3022919226,raw_structured,,,,
PRE_SUB,X2=high_k=-2,,,-2.0,pretrend,-0.11974443268864472,-0.05985405469856567,0.1694077257543744,-0.5227082440044745,-0.4401305744250299,0.07332914982236662,0.13680927671973134,0.43933333333333335,0.8786666666666667,0.8786666666666667,-0.05000000000000001,correction_completion,PT_violation_g05,1,200,65,3022919226,raw_structured,,,,
PRE_SUBC,X1_k=-4,,,-4.0,pretrend,-0.010888281624816311,-2.7755575615628914e-17,0.07068574548824168,-0.1975753286631796,-0.04364628465964014,0.0020684210466763372,0.011469372658893097,0.48733333333333334,0.9746666666666667,0.9746666666666667,2.0816681711721685e-17,correction_completion,PT_violation_g05,1,200,65,3022919226,raw_structured,,,,
PRE_SUBC,X1_k=-3,,,-3.0,pretrend,-0.010259659395220538,0.0,0.06685701910875491,-0.16783813708008244,-0.03922771982331096,6.168800402377102e-06,0.00866592206227859,0.5326666666666666,1.0,1.0,1.3877787807814457e-17,correction_completion,PT_violation_g05,1,200,65,3022919226,raw_structured,,,,
PRE_SUBC,X1_k=-2,,,-2.0,pretrend,-0.009656100001555928,0.0,0.06184277052208579,-0.13879573708519313,-0.02560256738179129,1.1948775302528235e-15,0.0023997319747164113,0.642,1.0,1.0,6.938893903907228e-18,correction_completion,PT_violation_g05,1,200,65,3022919226,raw_structured,,,,
PRE_SUBC,X1_slope,,,,pretrend,0.0044885902618889955,1.0284432036148214e-17,0.028452380944383918,-0.004214320646886663,-0.000539181428732359,0.01868567397195882,0.077389382643383,0.488,0.976,0.976,-6.938893903907228e-18,correction_completion,PT_violation_g05,1,200,65,3022919226,raw_structured,,,,
PRE_SUBC,X2_k=-4,,,-4.0,pretrend,-0.017152507267456117,-2.7755575615628914e-17,0.06470268444696112,-0.23432317874617267,-0.15193281908044634,1.2635725799015057e-15,0.003727865371948078,0.486,0.972,0.972,-0.0,correction_completion,PT_violation_g05,1,200,65,3022919226,raw_structured,,,,
PRE_SUBC,X2_k=-3,,,-3.0,pretrend,-0.01768824161087916,0.0,0.06347327443805294,-0.23398310677875575,-0.15193281908044645,9.992007221626409e-16,1.6521506385203073e-15,0.526,1.0,1.0,-0.0,correction_completion,PT_violation_g05,1,200,65,3022919226,raw_structured,,,,
PRE_SUBC,X2_k=-2,,,-2.0,pretrend,-0.011909906493903836,0.0,0.053979301326584475,-0.19286571924490895,-0.09257827179272385,7.216449660063518e-16,1.1525502774389868e-15,0.6486666666666666,1.0,1.0,-0.0,correction_completion,PT_violation_g05,1,200,65,3022919226,raw_structured,,,,
PRE_SUBC,X2_slope,,,,pretrend,0.0070531365370021795,8.921435019309294e-18,0.026134397701646418,-0.000995540312503888,-4.812990284097651e-16,0.05601820865585807,0.09397035234243094,0.47533333333333333,0.9506666666666667,0.9506666666666667,0.0,correction_completion,PT_violation_g05,1,200,65,3022919226,raw_structured,,,,
PRE,k=-4,,,-4.0,reference_fold_pretrend,-0.1598634740384604,-0.1560807299794929,0.16910878523056946,-0.504791332480987,-0.43906041284542024,0.10929530038630106,0.1725540464368774,0.17333333333333334,0.3466666666666667,0.3466666666666667,-0.15,correction_completion,PT_violation_g05,1,200,65,3022919226,reference_fold_convolution_rf,,,,
PRE,k=-3,,,-3.0,reference_fold_pretrend,-0.06753415396821356,-0.06631324046906446,0.15554246701160174,-0.3821532885030244,-0.32707154337644667,0.18021452866494644,0.23480655323713137,0.3446666666666667,0.6893333333333334,0.6893333333333334,-0.09999999999999999,correction_completion,PT_violation_g05,1,200,65,3022919226,reference_fold_convolution_rf,,,,
PRE,k=-2,,,-2.0,reference_fold_pretrend,-0.13325922494360506,-0.1154903888406783,0.1415131339434315,-0.45834708500241494,-0.39159732690146565,0.05681177723190928,0.10348519486022227,0.21666666666666667,0.43333333333333335,0.43333333333333335,-0.049999999999999996,correction_completion,PT_violation_g05,1,200,65,3022919226,reference_fold_convolution_rf,,,,
PRE,slope,,,,reference_fold_pretrend,0.053422711071100956,0.04964588226604427,0.06025011824378874,-0.05861221186968636,-0.04018680713078569,0.15970629075370857,0.17700394050210932,0.172,0.344,0.344,0.049999999999999996,correction_completion,PT_violation_g05,1,200,65,3022919226,reference_fold_convolution_rf,,,,
PRE_SUB,X1=0_k=-4,,,-4.0,reference_fold_pretrend,-0.15047949621189335,-0.14821706350392838,0.1769029273603146,-0.5095263412952277,-0.44345616048432573,0.13751055608081617,0.19122323674544456,0.19,0.38,0.38,-0.15,correction_completion,PT_violation_g05,1,200,65,3022919226,reference_fold_convolution_rf,,,,
PRE_SUB,X1=0_k=-3,,,-3.0,reference_fold_pretrend,-0.051307685001552895,-0.04771903644896772,0.16204762949111695,-0.3769921050518261,-0.3225432539405008,0.2145717167480005,0.27805147757836157,0.38466666666666666,0.7693333333333333,0.7693333333333333,-0.09999999999999999,correction_completion,PT_violation_g05,1,200,65,3022919226,reference_fold_convolution_rf,,,,
PRE_SUB,X1=0_k=-2,,,-2.0,reference_fold_pretrend,-0.12227317141611513,-0.10370476394739046,0.146124765624849,-0.4418589825642965,-0.38365076645259577,0.08533393594364945,0.12555586820472853,0.252,0.504,0.504,-0.049999999999999996,correction_completion,PT_violation_g05,1,200,65,3022919226,reference_fold_convolution_rf,,,,
PRE_SUB,X1=1_k=-4,,,-4.0,reference_fold_pretrend,-0.16762952465355038,-0.1596049615187976,0.17457666446487208,-0.512724681542057,-0.4574164059869755,0.10564549614426577,0.16091680653466947,0.15466666666666667,0.30933333333333335,0.30933333333333335,-0.14999999999999997,correction_completion,PT_violation_g05,1,200,65,3022919226,reference_fold_convolution_rf,,,,
PRE_SUB,X1=1_k=-3,,,-3.0,reference_fold_pretrend,-0.08096295587165687,-0.07729186362513468,0.16083741387369002,-0.40687792987697685,-0.3470576862680241,0.17850935475333765,0.22799133229747742,0.31466666666666665,0.6293333333333333,0.6293333333333333,-0.09999999999999998,correction_completion,PT_violation_g05,1,200,65,3022919226,reference_fold_convolution_rf,,,,
PRE_SUB,X1=1_k=-2,,,-2.0,reference_fold_pretrend,-0.1423511313111829,-0.1212277729571019,0.14824900160186422,-0.4826713827073218,-0.4039547716452947,0.05385319031755671,0.09667424175311301,0.212,0.424,0.424,-0.04999999999999999,correction_completion,PT_violation_g05,1,200,65,3022919226,reference_fold_convolution_rf,,,,
PRE_SUB,X2=low_k=-4,,,-4.0,reference_fold_pretrend,-0.1577050125216109,-0.15459272070809774,0.172229807281132,-0.514836543091498,-0.44574976641389047,0.11376250860103307,0.18021283026920842,0.18266666666666667,0.36533333333333334,0.36533333333333334,-0.15000000000000002,correction_completion,PT_violation_g05,1,200,65,3022919226,reference_fold_convolution_rf,,,,
PRE_SUB,X2=low_k=-3,,,-3.0,reference_fold_pretrend,-0.06290618934027932,-0.06057549354981387,0.15789481230015429,-0.3741835292307145,-0.32599405902194306,0.19110935969081494,0.2440249722650723,0.35533333333333333,0.7106666666666667,0.7106666666666667,-0.10000000000000002,correction_completion,PT_violation_g05,1,200,65,3022919226,reference_fold_convolution_rf,,,,
PRE_SUB,X2=low_k=-2,,,-2.0,reference_fold_pretrend,-0.13246382892342728,-0.11722995930754757,0.14303082552414673,-0.461299005167409,-0.39327971146563295,0.06491507917263202,0.10788975032975423,0.22133333333333333,0.44266666666666665,0.44266666666666665,-0.05000000000000001,correction_completion,PT_violation_g05,1,200,65,3022919226,reference_fold_convolution_rf,,,,
PRE_SUB,X2=high_k=-4,,,-4.0,reference_fold_pretrend,-0.14119559176821403,-0.13114800855299896,0.16897355527524618,-0.47870203389669336,-0.4275314780120755,0.1297665770605743,0.19743065410601926,0.19866666666666666,0.3973333333333333,0.3973333333333333,-0.15000000000000002,correction_completion,PT_violation_g05,1,200,65,3022919226,reference_fold_convolution_rf,,,,
PRE_SUB,X2=high_k=-3,,,-3.0,reference_fold_pretrend,-0.07820611465227523,-0.072445020320386,0.1570135915373209,-0.408760116857451,-0.3363537063481014,0.17256609045900995,0.22188028610228597,0.31133333333333335,0.6226666666666667,0.6226666666666667,-0.10000000000000002,correction_completion,PT_violation_g05,1,200,65,3022919226,reference_fold_convolution_rf,,,,
PRE_SUB,X2=high_k=-2,,,-2.0,reference_fold_pretrend,-0.12941407705202435,-0.10556255512007406,0.14259276287158207,-0.4532048350476513,-0.3970535459804974,0.048876897198257906,0.09771596899171028,0.218,0.436,0.436,-0.05000000000000001,correction_completion,PT_violation_g05,1,200,65,3022919226,reference_fold_convolution_rf,,,,
PRE_SUBC,X1_k=-4,,,-4.0,reference_fold_pretrend,-0.01715002844165701,0.007055992842506666,0.09528231593018731,-0.3196829393956473,-0.24435677104252598,0.058554717257918665,0.07269361222957375,0.41,0.82,0.82,2.0816681711721685e-17,correction_completion,PT_violation_g05,1,200,65,3022919226,reference_fold_convolution_rf,,,,
PRE_SUBC,X1_k=-3,,,-3.0,reference_fold_pretrend,-0.029655270870103986,-0.007582813990025042,0.08645912393024201,-0.30708946560081696,-0.23553472462136096,0.03715018302147891,0.04645299394501265,0.414,0.828,0.828,1.3877787807814457e-17,correction_completion,PT_violation_g05,1,200,65,3022919226,reference_fold_convolution_rf,,,,
PRE_SUBC,X1_k=-2,,,-2.0,reference_fold_pretrend,-0.02007795989506778,0.0,0.08206387946756676,-0.28961063529303965,-0.22024258274604286,0.03925770225823344,0.04770731100424449,0.5406666666666666,1.0,1.0,6.938893903907228e-18,correction_completion,PT_violation_g05,1,200,65,3022919226,reference_fold_convolution_rf,,,,
PRE_SUBC,X1_slope,,,,reference_fold_pretrend,0.009345613354303341,-0.0007388740185226165,0.037289946901330626,-0.023586976806920984,-0.018426415185201956,0.09772378639643932,0.13136556842187044,0.476,0.952,0.952,-6.938893903907228e-18,correction_completion,PT_violation_g05,1,200,65,3022919226,reference_fold_convolution_rf,,,,
PRE_SUBC,X2_k=-4,,,-4.0,reference_fold_pretrend,0.016509420753396904,0.022728012815584987,0.07231238643631184,-0.16780911703551965,-0.10772629310010762,0.11328181651084646,0.1368228213771155,0.34,0.68,0.68,-0.0,correction_completion,PT_violation_g05,1,200,65,3022919226,reference_fold_convolution_rf,,,,
PRE_SUBC,X2_k=-3,,,-3.0,reference_fold_pretrend,-0.015299925311995907,-0.007333364468674192,0.06662855797248975,-0.1963533651111043,-0.12278339908851278,0.07377008370967024,0.09157787819903171,0.4513333333333333,0.9026666666666666,0.9026666666666666,-0.0,correction_completion,PT_violation_g05,1,200,65,3022919226,reference_fold_convolution_rf,,,,
PRE_SUBC,X2_k=-2,,,-2.0,reference_fold_pretrend,0.0030497518714029384,0.0,0.04965320057676881,-0.09458046308592355,-0.07239853879880283,0.07968185573820859,0.09207983133330006,0.5166666666666667,1.0,1.0,-0.0,correction_completion,PT_violation_g05,1,200,65,3022919226,reference_fold_convolution_rf,,,,
PRE_SUBC,X2_slope,,,,reference_fold_pretrend,-0.0015698688219715606,-0.003538713079836414,0.026182039798200593,-0.0440159344150574,-0.03608723199560494,0.0423271991070636,0.0642013113840781,0.422,0.844,0.844,0.0,correction_completion,PT_violation_g05,1,200,65,3022919226,reference_fold_convolution_rf,,,,
PRE,k=-4,,,-4.0,pretrend,-0.6483880214660684,-0.6476093206777089,0.20002908957169235,-1.0290295614200682,-0.9751778199522396,-0.317860411506775,-0.24676773233905655,0.0,0.0,0.0,-0.29999999999999993,correction_completion,PT_violation_g10,1,200,49,3205844103,raw_structured,,,,
PRE,k=-3,,,-3.0,pretrend,-0.3720264067651548,-0.3743143434857734,0.20106325410128714,-0.7611994645332694,-0.7062726221975785,-0.0011428379060787887,0.0,0.05,0.1,0.1,-0.19999999999999996,correction_completion,PT_violation_g10,1,200,49,3205844103,raw_structured,,,,
PRE,k=-2,,,-2.0,pretrend,-0.17980831285472199,-0.16268096777413915,0.18678553452064756,-0.5689107120492889,-0.5005622777832771,0.04847189712672491,0.11059096673835703,0.30733333333333335,0.6146666666666667,0.6146666666666667,-0.09999999999999998,correction_completion,PT_violation_g10,1,200,49,3205844103,raw_structured,,,,
PRE,slope,,,,pretrend,0.20493037077023124,0.2027277348537132,0.07120447329259236,0.06800966972673358,0.09187469491281154,0.3225170051620161,0.3446933847135801,0.0,0.0,0.0,0.09999999999999998,correction_completion,PT_violation_g10,1,200,49,3205844103,raw_structured,,,,
PRE_SUB,X1=0_k=-4,,,-4.0,pretrend,-0.6559850479652892,-0.6574370156393208,0.20449742693458384,-1.0503231015972507,-0.9869314497445241,-0.3118549838168892,-0.24676773233905705,0.0006666666666666666,0.0013333333333333333,0.0013333333333333333,-0.29999999999999993,correction_completion,PT_violation_g10,1,200,49,3205844103,raw_structured,,,,
PRE_SUB,X1=0_k=-3,,,-3.0,pretrend,-0.37897950687357745,-0.3808472767265284,0.2043593561285414,-0.7699745645839675,-0.7126770661705335,-0.0020344017930722835,0.0,0.05,0.1,0.1,-0.19999999999999996,correction_completion,PT_violation_g10,1,200,49,3205844103,raw_structured,,,,
PRE_SUB,X1=0_k=-2,,,-2.0,pretrend,-0.18299552540776978,-0.1645437650214319,0.19016426763076938,-0.5744199107337369,-0.5123920651744481,0.046864357674982385,0.11059096673835703,0.308,0.616,0.616,-0.09999999999999998,correction_completion,PT_violation_g10,1,200,49,3205844103,raw_structured,,,,
PRE_SUB,X1=1_k=-4,,,-4.0,pretrend,-0.6407909949668477,-0.6418244651033557,0.20042178623358176,-1.024888976703584,-0.9656736369797386,-0.3094045850463075,-0.24474444760872743,0.0,0.0,0.0,-0.29999999999999993,correction_completion,PT_violation_g10,1,200,49,3205844103,raw_structured,,,,
PRE_SUB,X1=1_k=-3,,,-3.0,pretrend,-0.36507330665673215,-0.3685491309101848,0.20177871255200305,-0.7504688879214452,-0.7026710748816423,0.0,0.0,0.054,0.108,0.108,-0.19999999999999996,correction_completion,PT_violation_g10,1,200,49,3205844103,raw_structured,,,,
PRE_SUB,X1=1_k=-2,,,-2.0,pretrend,-0.17662110030167416,-0.16035954348997394,0.18497649018950058,-0.5663048136892627,-0.4932287890907622,0.0515130027437569,0.1102419497765146,0.31,0.62,0.62,-0.09999999999999998,correction_completion,PT_violation_g10,1,200,49,3205844103,raw_structured,,,,
PRE_SUB,X2=low_k=-4,,,-4.0,pretrend,-0.5837870554479447,-0.587622560983414,0.22353983787461676,-0.999386314533241,-0.9340727456074379,-0.21009781848155368,-0.12887396603099718,0.009333333333333334,0.018666666666666668,0.018666666666666668,-0.30000000000000004,correction_completion,PT_violation_g10,1,200,49,3205844103,raw_structured,,,,
PRE_SUB,X2=low_k=-3,,,-3.0,pretrend,-0.30923162725938885,-0.32448387555633607,0.22358618001466726,-0.7324214523182766,-0.6722216843874311,0.03360303585944135,0.11111017403593082,0.116,0.232,0.232,-0.2,correction_completion,PT_violation_g10,1,200,49,3205844103,raw_structured,,,,
PRE_SUB,X2=low_k=-2,,,-2.0,pretrend,-0.1243624541767247,-0.08227251955858002,0.19603599010229333,-0.5413015045462849,-0.46788498335120554,0.15207869475074365,0.25290758212915154,0.41333333333333333,0.8266666666666667,0.8266666666666667,-0.1,correction_completion,PT_violation_g10,1,200,49,3205844103,raw_structured,,,,
PRE_SUB,X2=high_k=-4,,,-4.0,pretrend,-0.6939971142685936,-0.6868967108294024,0.22724505662941696,-1.1682068685581728,-1.0916574051114436,-0.33008947682662243,-0.26311542767634716,0.0,0.0,0.0,-0.30000000000000004,correction_completion,PT_violation_g10,1,200,49,3205844103,raw_structured,,,,
PRE_SUB,X2=high_k=-3,,,-3.0,pretrend,-0.4159485025785375,-0.40963989427868486,0.2276531103224923,-0.882340734896993,-0.7886691204517715,-0.007467400629997497,0.0,0.048666666666666664,0.09733333333333333,0.09733333333333333,-0.2,correction_completion,PT_violation_g10,1,200,49,3205844103,raw_structured,,,,
PRE_SUB,X2=high_k=-2,,,-2.0,pretrend,-0.219252943623353,-0.19924474202626052,0.2196891940305396,-0.673000496797929,-0.6249214279022404,0.019712184534635,0.08708589773348491,0.2946666666666667,0.5893333333333334,0.5893333333333334,-0.1,correction_completion,PT_violation_g10,1,200,49,3205844103,raw_structured,,,,
PRE_SUBC,X1_k=-4,,,-4.0,pretrend,0.015194052998441551,1.1102230246251565e-16,0.06268678760575838,-0.016042314542043412,-2.0095036745715327e-15,0.07852944459905374,0.18153352250690116,0.44866666666666666,0.8973333333333333,0.8973333333333333,-0.0,correction_completion,PT_violation_g10,1,200,49,3205844103,raw_structured,,,,
PRE_SUBC,X1_k=-3,,,-3.0,pretrend,0.013906200216845327,8.326672684688674e-17,0.05700054345036301,-0.014336322134089292,-1.4432899320127035e-15,0.074729534849485,0.1326382823483057,0.4646666666666667,0.9293333333333333,0.9293333333333333,-0.0,correction_completion,PT_violation_g10,1,200,49,3205844103,raw_structured,,,,
PRE_SUBC,X1_k=-2,,,-2.0,pretrend,0.006374425106095617,0.0,0.034672144267271686,-0.010290718874601559,-8.062994716340199e-16,0.05976002955969808,0.07469814252771885,0.5766666666666667,1.0,1.0,-0.0,correction_completion,PT_violation_g10,1,200,49,3205844103,raw_structured,,,,
PRE_SUBC,X1_slope,,,,pretrend,-0.00569778460965078,-4.7580986769649563e-17,0.022562427303598847,-0.061533024271846405,-0.03246559876523217,6.274742630247528e-16,0.006761024913203285,0.41333333333333333,0.8266666666666667,0.8266666666666667,0.0,correction_completion,PT_violation_g10,1,200,49,3205844103,raw_structured,,,,
PRE_SUBC,X2_k=-4,,,-4.0,pretrend,-0.11021005882064895,-1.1102230246251565e-16,0.21556026514118293,-0.7112288039122459,-0.6224943823000388,8.881784197001252e-16,5.910821034675458e-06,0.4266666666666667,0.8533333333333334,0.8533333333333334,-0.0,correction_completion,PT_violation_g10,1,200,49,3205844103,raw_structured,,,,
PRE_SUBC,X2_k=-3,,,-3.0,pretrend,-0.10671687531914865,-1.1102230246251565e-16,0.21260620604769273,-0.7029682557541461,-0.6160645888425719,6.661338147750939e-16,1.0838552277903015e-15,0.4246666666666667,0.8493333333333334,0.8493333333333334,-0.0,correction_completion,PT_violation_g10,1,200,49,3205844103,raw_structured,,,,
PRE_SUBC,X2_k=-2,,,-2.0,pretrend,-0.09489048944662831,0.0,0.20394107232788897,-0.691094708551657,-0.6015250382402176,4.440892098500626e-16,6.106226635438361e-16,0.53,1.0,1.0,-0.0,correction_completion,PT_violation_g10,1,200,49,3205844103,raw_structured,,,,
PRE_SUBC,X2_slope,,,,pretrend,0.04563960118191946,4.7580986769649563e-17,0.0901649518433326,-2.1110075123551447e-06,-2.777540102678293e-16,0.2620080030113246,0.3012721096089197,0.39666666666666667,0.7933333333333333,0.7933333333333333,0.0,correction_completion,PT_violation_g10,1,200,49,3205844103,raw_structured,,,,
PRE,k=-4,,,-4.0,reference_fold_pretrend,-0.654252597447485,-0.6484537840235454,0.18758016899023713,-1.0297158783954772,-0.9715319918490435,-0.3604850413666021,-0.3092438621262678,0.0,0.0,0.0,-0.29999999999999993,correction_completion,PT_violation_g10,1,200,49,3205844103,reference_fold_convolution_rf,,,,
PRE,k=-3,,,-3.0,reference_fold_pretrend,-0.43108590850687795,-0.43089135423535596,0.18074308742503103,-0.7956272077678751,-0.7326062293832072,-0.14508650741730114,-0.08320331236583255,0.007333333333333333,0.014666666666666666,0.014666666666666666,-0.19999999999999996,correction_completion,PT_violation_g10,1,200,49,3205844103,reference_fold_convolution_rf,,,,
PRE,k=-2,,,-2.0,reference_fold_pretrend,-0.2262823295355314,-0.21983832680071153,0.16313242735218714,-0.5664858584229202,-0.5153557329794043,0.008213739993008512,0.037657162767793614,0.098,0.196,0.196,-0.09999999999999998,correction_completion,PT_violation_g10,1,200,49,3205844103,reference_fold_convolution_rf,,,,
PRE,slope,,,,reference_fold_pretrend,0.21794370992083872,0.21743563162781146,0.06706115241781457,0.09027070315356467,0.1098188674015503,0.33176704420216296,0.3555812540647962,0.0,0.0,0.0,0.09999999999999998,correction_completion,PT_violation_g10,1,200,49,3205844103,reference_fold_convolution_rf,,,,
PRE_SUB,X1=0_k=-4,,,-4.0,reference_fold_pretrend,-0.6707936456715212,-0.6687405766575365,0.19018834977955404,-1.0435670061797775,-0.9927930342901968,-0.371765988732755,-0.311216087030914,0.0006666666666666666,0.0013333333333333333,0.0013333333333333333,-0.29999999999999993,correction_completion,PT_violation_g10,1,200,49,3205844103,reference_fold_convolution_rf,,,,
PRE_SUB,X1=0_k=-3,,,-3.0,reference_fold_pretrend,-0.44984986080977923,-0.451335299462008,0.18576611524759098,-0.8294613958638295,-0.7595916358050142,-0.14628557358678598,-0.08101254974240545,0.009333333333333334,0.018666666666666668,0.018666666666666668,-0.19999999999999996,correction_completion,PT_violation_g10,1,200,49,3205844103,reference_fold_convolution_rf,,,,
PRE_SUB,X1=0_k=-2,,,-2.0,reference_fold_pretrend,-0.23351969317568685,-0.23164792215342,0.16852311613018753,-0.5819290305110009,-0.5146077344380136,0.012199230104122508,0.0448770805528263,0.106,0.212,0.212,-0.09999999999999998,correction_completion,PT_violation_g10,1,200,49,3205844103,reference_fold_convolution_rf,,,,
PRE_SUB,X1=1_k=-4,,,-4.0,reference_fold_pretrend,-0.6377115492234487,-0.6316026919582036,0.192191601118706,-1.0257994938158352,-0.9644347714154152,-0.3313520347061121,-0.2792893745846025,0.0,0.0,0.0,-0.29999999999999993,correction_completion,PT_violation_g10,1,200,49,3205844103,reference_fold_convolution_rf,,,,
PRE_SUB,X1=1_k=-3,,,-3.0,reference_fold_pretrend,-0.41232195620397655,-0.4088377653726293,0.18155327454770892,-0.7792883210337276,-0.7138027186269305,-0.127492716026557,-0.07553260901971832,0.010666666666666666,0.021333333333333333,0.021333333333333333,-0.19999999999999996,correction_completion,PT_violation_g10,1,200,49,3205844103,reference_fold_convolution_rf,,,,
PRE_SUB,X1=1_k=-2,,,-2.0,reference_fold_pretrend,-0.2190449658953759,-0.2076846872324528,0.16309598232085334,-0.5745948097647396,-0.5123990276914182,0.003941617310758381,0.04632227162448039,0.09866666666666667,0.19733333333333333,0.19733333333333333,-0.09999999999999998,correction_completion,PT_violation_g10,1,200,49,3205844103,reference_fold_convolution_rf,,,,
PRE_SUB,X2=low_k=-4,,,-4.0,reference_fold_pretrend,-0.6178834567632889,-0.6128692362127377,0.19433013156498655,-1.0161014524601817,-0.9477767597679646,-0.31242963962935416,-0.23558737582339342,0.0006666666666666666,0.0013333333333333333,0.0013333333333333333,-0.30000000000000004,correction_completion,PT_violation_g10,1,200,49,3205844103,reference_fold_convolution_rf,,,,
PRE_SUB,X2=low_k=-3,,,-3.0,reference_fold_pretrend,-0.3961448779665549,-0.3954577340406219,0.18694882982790623,-0.7704376568170227,-0.7062451883241954,-0.09814361390407014,-0.03258742310618986,0.016,0.032,0.032,-0.2,correction_completion,PT_violation_g10,1,200,49,3205844103,reference_fold_convolution_rf,,,,
PRE_SUB,X2=low_k=-2,,,-2.0,reference_fold_pretrend,-0.19947567030870456,-0.18987858487171616,0.16543818435863794,-0.5413521622285394,-0.4849122961611807,0.03614603056151709,0.08643044149001336,0.13466666666666666,0.2693333333333333,0.2693333333333333,-0.1,correction_completion,PT_violation_g10,1,200,49,3205844103,reference_fold_convolution_rf,,,,
PRE_SUB,X2=high_k=-4,,,-4.0,reference_fold_pretrend,-0.6753564895103441,-0.6681421981196094,0.1979175314863482,-1.0701934757728433,-1.0072608940088057,-0.36127369491301153,-0.31785337225656074,0.0,0.0,0.0,-0.30000000000000004,correction_completion,PT_violation_g10,1,200,49,3205844103,reference_fold_convolution_rf,,,,
PRE_SUB,X2=high_k=-3,,,-3.0,reference_fold_pretrend,-0.4501211644467078,-0.44569352086760616,0.1893457174069477,-0.832668801766375,-0.7646746655863598,-0.15282948717332503,-0.09479139345944962,0.005333333333333333,0.010666666666666666,0.010666666666666666,-0.2,correction_completion,PT_violation_g10,1,200,49,3205844103,reference_fold_convolution_rf,,,,
PRE_SUB,X2=high_k=-2,,,-2.0,reference_fold_pretrend,-0.24315817666319997,-0.23513289746070518,0.17221765636976402,-0.6156784258768827,-0.5389718458445353,0.000894063718658223,0.030810273009020187,0.094,0.188,0.188,-0.1,correction_completion,PT_violation_g10,1,200,49,3205844103,reference_fold_convolution_rf,,,,
PRE_SUBC,X1_k=-4,,,-4.0,reference_fold_pretrend,0.03308209644807255,0.04060370293273646,0.07398081285887514,-0.16437374037565095,-0.09682408058470594,0.128589645078692,0.14487671916960465,0.21133333333333335,0.4226666666666667,0.4226666666666667,-0.0,correction_completion,PT_violation_g10,1,200,49,3205844103,reference_fold_convolution_rf,,,,
PRE_SUBC,X1_k=-3,,,-3.0,reference_fold_pretrend,0.03752790460580275,0.04508639642007378,0.06533779563640317,-0.1488250998936334,-0.07042559326198172,0.11493926652897248,0.13277651347478606,0.16933333333333334,0.33866666666666667,0.33866666666666667,-0.0,correction_completion,PT_violation_g10,1,200,49,3205844103,reference_fold_convolution_rf,,,,
PRE_SUBC,X1_k=-2,,,-2.0,reference_fold_pretrend,0.014474727280310958,0.022512435218293908,0.05959802701096005,-0.16182575656072468,-0.07515143151108052,0.08121640718186891,0.09196970244483446,0.308,0.616,0.616,-0.0,correction_completion,PT_violation_g10,1,200,49,3205844103,reference_fold_convolution_rf,,,,
PRE_SUBC,X1_slope,,,,reference_fold_pretrend,-0.013484058988295293,-0.01643534073871299,0.0273765448182035,-0.05274034203518062,-0.04649765655913625,0.035527244845409964,0.06337451221715333,0.17733333333333334,0.3546666666666667,0.3546666666666667,0.0,correction_completion,PT_violation_g10,1,200,49,3205844103,reference_fold_convolution_rf,,,,
PRE_SUBC,X2_k=-4,,,-4.0,reference_fold_pretrend,-0.057473032747055196,-2.220446049250313e-16,0.11648891372966859,-0.38320075531499104,-0.324114714158352,0.007235643865467682,0.02504124934990451,0.4026666666666667,0.8053333333333333,0.8053333333333333,-0.0,correction_completion,PT_violation_g10,1,200,49,3205844103,reference_fold_convolution_rf,,,,
PRE_SUBC,X2_k=-3,,,-3.0,reference_fold_pretrend,-0.05397628648015286,-1.6653345369377348e-16,0.11341650448839258,-0.372345500302382,-0.3196576804270352,9.992007221626409e-16,0.017827733445990975,0.41933333333333334,0.8386666666666667,0.8386666666666667,-0.0,correction_completion,PT_violation_g10,1,200,49,3205844103,reference_fold_convolution_rf,,,,
PRE_SUBC,X2_k=-2,,,-2.0,reference_fold_pretrend,-0.043682506354495415,-5.551115123125783e-17,0.10142705352709432,-0.3437131860139621,-0.27909434050208254,5.551115123125783e-16,0.010346200992150265,0.45066666666666666,0.9013333333333333,0.9013333333333333,-0.0,correction_completion,PT_violation_g10,1,200,49,3205844103,reference_fold_convolution_rf,,,,
PRE_SUBC,X2_slope,,,,reference_fold_pretrend,0.023146726968283342,7.930164461608261e-17,0.04748248833959502,-0.008093982098406827,-0.0019476209496433236,0.1322929079098719,0.15749662009656942,0.372,0.744,0.744,0.0,correction_completion,PT_violation_g10,1,200,49,3205844103,reference_fold_convolution_rf,,,,
PRE,k=-4,,,-4.0,pretrend,-0.6922075663994278,-0.6856890910324156,0.20681628595780652,-1.097208837803821,-1.0463383396123935,-0.3533112663232632,-0.30211952332973974,0.0006666666666666666,0.0013333333333333333,0.0013333333333333333,-0.5999999999999999,correction_completion,PT_violation_g20,1,200,33,361235937,raw_structured,,,,
PRE,k=-3,,,-3.0,pretrend,-0.47804283101699624,-0.48099156797005144,0.18600106459943822,-0.847008401766849,-0.78987114591387,-0.1731052642944191,-0.10704509172884638,0.008,0.016,0.016,-0.3999999999999999,correction_completion,PT_violation_g20,1,200,33,361235937,raw_structured,,,,
PRE,k=-2,,,-2.0,pretrend,-0.45438187804311214,-0.45739852167032846,0.17856293036665996,-0.7973069777740537,-0.7389792035818827,-0.15149196512992355,-0.06589180524176684,0.020666666666666667,0.04133333333333333,0.04133333333333333,-0.19999999999999996,correction_completion,PT_violation_g20,1,200,33,361235937,raw_structured,,,,
PRE,slope,,,,pretrend,0.24907787423395628,0.24672670834641433,0.0723743867427541,0.11029847459267647,0.12981712983298552,0.36957168938381574,0.3919601255754062,0.0006666666666666666,0.0013333333333333333,0.0013333333333333333,0.19999999999999996,correction_completion,PT_violation_g20,1,200,33,361235937,raw_structured,,,,
PRE_SUB,X1=0_k=-4,,,-4.0,pretrend,-0.648938903601636,-0.647728496014405,0.2282906780856116,-1.0860901673134349,-1.031589497993089,-0.276533702772069,-0.18921411019352327,0.004666666666666667,0.009333333333333334,0.009333333333333334,-0.5999999999999996,correction_completion,PT_violation_g20,1,200,33,361235937,raw_structured,,,,
PRE_SUB,X1=0_k=-3,,,-3.0,pretrend,-0.43385192381229837,-0.44472330297436624,0.21267363747475904,-0.8337875689196349,-0.7690547581246393,-0.061700836005638623,0.0,0.030666666666666665,0.06133333333333333,0.06133333333333333,-0.3999999999999998,correction_completion,PT_violation_g20,1,200,33,361235937,raw_structured,,,,
PRE_SUB,X1=0_k=-2,,,-2.0,pretrend,-0.41271266055172917,-0.4277579272023555,0.2019350637356514,-0.786087508837123,-0.7282449249848205,-0.033889513291212765,0.0,0.042,0.084,0.084,-0.1999999999999999,correction_completion,PT_violation_g20,1,200,33,361235937,raw_structured,,,,
PRE_SUB,X1=1_k=-4,,,-4.0,pretrend,-0.7417862425218976,-0.7253153446186551,0.2381598760851782,-1.2347286362407515,-1.149227245600836,-0.36832771760510763,-0.3133249944209074,0.0006666666666666666,0.0013333333333333333,0.0013333333333333333,-0.6,correction_completion,PT_violation_g20,1,200,33,361235937,raw_structured,,,,
PRE_SUB,X1=1_k=-3,,,-3.0,pretrend,-0.528678245522379,-0.5170983577246431,0.2173793735159405,-0.9974074947099024,-0.9054470460474705,-0.18075932993593527,-0.1335051462288272,0.007333333333333333,0.014666666666666666,0.014666666666666666,-0.39999999999999997,correction_completion,PT_violation_g20,1,200,33,361235937,raw_structured,,,,
PRE_SUB,X1=1_k=-2,,,-2.0,pretrend,-0.5021278564186551,-0.4968041627954089,0.21375718337386745,-0.963178260439102,-0.8699323217217688,-0.15705899865086304,-0.08440914985814586,0.019333333333333334,0.03866666666666667,0.03866666666666667,-0.19999999999999998,correction_completion,PT_violation_g20,1,200,33,361235937,raw_structured,,,,
PRE_SUB,X2=low_k=-4,,,-4.0,pretrend,-0.6168372429594555,-0.6264901842265651,0.2402125275399543,-1.0794930288084525,-1.0107036361652588,-0.20153309291550692,-0.0964345188719615,0.011333333333333334,0.02266666666666667,0.02266666666666667,-0.6000000000000001,correction_completion,PT_violation_g20,1,200,33,361235937,raw_structured,,,,
PRE_SUB,X2=low_k=-3,,,-3.0,pretrend,-0.40410347013394704,-0.4171056246561245,0.22281664842343185,-0.8134396434697199,-0.7503928725483522,-0.0029692224258814517,0.0674168794015093,0.05,0.1,0.1,-0.4,correction_completion,PT_violation_g20,1,200,33,361235937,raw_structured,,,,
PRE_SUB,X2=low_k=-2,,,-2.0,pretrend,-0.41664642953566666,-0.427542142118867,0.19875371203997524,-0.776355781856748,-0.7235200318117353,-0.016595231930390475,0.0,0.04666666666666667,0.09333333333333334,0.09333333333333334,-0.2,correction_completion,PT_violation_g20,1,200,33,361235937,raw_structured,,,,
PRE_SUB,X2=high_k=-4,,,-4.0,pretrend,-0.7528796419333988,-0.7423832630025178,0.231925621053731,-1.2149165527909158,-1.1359605141398328,-0.38772468018907913,-0.32664195401108825,0.0006666666666666666,0.0013333333333333333,0.0013333333333333333,-0.6000000000000001,correction_completion,PT_violation_g20,1,200,33,361235937,raw_structured,,,,
PRE_SUB,X2=high_k=-3,,,-3.0,pretrend,-0.5372856493735331,-0.5288571418677128,0.21261514023657382,-0.9871954559860089,-0.8998187470806109,-0.20472138735203704,-0.143192468842268,0.007333333333333333,0.014666666666666666,0.014666666666666666,-0.4000000000000001,correction_completion,PT_violation_g20,1,200,33,361235937,raw_structured,,,,
PRE_SUB,X2=high_k=-2,,,-2.0,pretrend,-0.48871587867094807,-0.4888319259345567,0.1955045427181902,-0.884633978018412,-0.8177407951461936,-0.17443270613490566,-0.07171793762908575,0.02,0.04,0.04,-0.20000000000000004,correction_completion,PT_violation_g20,1,200,33,361235937,raw_structured,,,,
PRE_SUBC,X1_k=-4,,,-4.0,pretrend,-0.09284733892026173,-5.551115123125783e-16,0.2148700557540349,-0.734475021319295,-0.629712612277246,0.011125088928856131,0.020265542772854035,0.3453333333333333,0.6906666666666667,0.6906666666666667,-2.498001805406602e-16,correction_completion,PT_violation_g20,1,200,33,361235937,raw_structured,,,,
PRE_SUBC,X1_k=-3,,,-3.0,pretrend,-0.09482632171008062,-4.440892098500626e-16,0.215689489273404,-0.7365746766742775,-0.6397058799662811,0.009116473787781519,0.015505872208595865,0.3426666666666667,0.6853333333333333,0.6853333333333333,-1.6653345369377348e-16,correction_completion,PT_violation_g20,1,200,33,361235937,raw_structured,,,,
PRE_SUBC,X1_k=-2,,,-2.0,pretrend,-0.08941519586692594,-1.6653345369377348e-16,0.21199179787847736,-0.7365746766742768,-0.6299628617210492,0.0075394092313727035,0.013062867357407235,0.41333333333333333,0.8266666666666667,0.8266666666666667,-8.326672684688674e-17,correction_completion,PT_violation_g20,1,200,33,361235937,raw_structured,,,,
PRE_SUBC,X1_slope,,,,pretrend,0.039829275431990885,1.9627157042480445e-16,0.09158049188338414,-0.007231703502331999,-0.004296774523038457,0.2698727327524344,0.31567486143183293,0.324,0.648,0.648,8.326672684688674e-17,correction_completion,PT_violation_g20,1,200,33,361235937,raw_structured,,,,
PRE_SUBC,X2_k=-4,,,-4.0,pretrend,-0.13604239897394335,-0.0006149210787650405,0.21818221235223564,-0.69936289700693,-0.6099463362047488,8.881784197001252e-16,1.2795320358804778e-15,0.29933333333333334,0.5986666666666667,0.5986666666666667,-8.326672684688674e-17,correction_completion,PT_violation_g20,1,200,33,361235937,raw_structured,,,,
PRE_SUBC,X2_k=-3,,,-3.0,pretrend,-0.1331821792395859,-1.1102230246251565e-15,0.2172375132173504,-0.6949929583690061,-0.6096462816986196,6.661338147750939e-16,8.881784197001252e-16,0.30333333333333334,0.6066666666666667,0.6066666666666667,-5.551115123125783e-17,correction_completion,PT_violation_g20,1,200,33,361235937,raw_structured,,,,
PRE_SUBC,X2_k=-2,,,-2.0,pretrend,-0.07206944913528142,-2.5673907444456745e-16,0.16497453950562302,-0.6052538510769081,-0.44385254569747223,6.661338147750939e-16,9.17321774096528e-16,0.38466666666666666,0.7693333333333333,0.7693333333333333,-2.7755575615628914e-17,correction_completion,PT_violation_g20,1,200,33,361235937,raw_structured,,,,
PRE_SUBC,X2_slope,,,,pretrend,0.05332578603830595,0.00026353760518503717,0.08606254324982004,-4.663927973983358e-16,-2.7755575615628914e-16,0.23712972373763663,0.28065881419275274,0.2793333333333333,0.5586666666666666,0.5586666666666666,2.7755575615628914e-17,correction_completion,PT_violation_g20,1,200,33,361235937,raw_structured,,,,
PRE,k=-4,,,-4.0,reference_fold_pretrend,-0.7800248547314257,-0.7806103866989245,0.19800003394246293,-1.1830739395227852,-1.1063815809392865,-0.44748650787669103,-0.4091051114342585,0.0,0.0,0.0,-0.5999999999999999,correction_completion,PT_violation_g20,1,200,33,361235937,reference_fold_convolution_rf,,,,
PRE,k=-3,,,-3.0,reference_fold_pretrend,-0.567030057562452,-0.5662092368380541,0.18745518150428955,-0.9251019935499376,-0.8692450392349539,-0.2538160954682762,-0.19821456215954075,0.0013333333333333333,0.0026666666666666666,0.0026666666666666666,-0.3999999999999999,correction_completion,PT_violation_g20,1,200,33,361235937,reference_fold_convolution_rf,,,,
PRE,k=-2,,,-2.0,reference_fold_pretrend,-0.4999056920203546,-0.5014864702696626,0.18445165021977003,-0.853883061888026,-0.8049053011345845,-0.1926449415792592,-0.12801607172941587,0.002,0.004,0.004,-0.19999999999999996,correction_completion,PT_violation_g20,1,200,33,361235937,reference_fold_convolution_rf,,,,
PRE,slope,,,,reference_fold_pretrend,0.2838600265242526,0.28469034472264304,0.07295245991577082,0.1346861037752615,0.16427167431197143,0.4001551919160471,0.42751572437156177,0.0,0.0,0.0,0.19999999999999996,correction_completion,PT_violation_g20,1,200,33,361235937,reference_fold_convolution_rf,,,,
PRE_SUB,X1=0_k=-4,,,-4.0,reference_fold_pretrend,-0.7035628746891704,-0.7086831690504038,0.22245584277511446,-1.1368352373718797,-1.0720540055267191,-0.3306990663051025,-0.26214533051727684,0.0006666666666666666,0.0013333333333333333,0.0013333333333333333,-0.5999999999999996,correction_completion,PT_violation_g20,1,200,33,361235937,reference_fold_convolution_rf,,,,
PRE_SUB,X1=0_k=-3,,,-3.0,reference_fold_pretrend,-0.48463440386255563,-0.47931841695755023,0.2097059091837885,-0.8885100341205817,-0.8308800088118831,-0.146722194126628,-0.09181501076266776,0.010666666666666666,0.021333333333333333,0.021333333333333333,-0.3999999999999998,correction_completion,PT_violation_g20,1,200,33,361235937,reference_fold_convolution_rf,,,,
PRE_SUB,X1=0_k=-2,,,-2.0,reference_fold_pretrend,-0.4209301911797253,-0.427812941025426,0.2055741957261396,-0.8003093907072993,-0.7536356194181463,-0.07674820643570407,-0.00529606571099236,0.023333333333333334,0.04666666666666667,0.04666666666666667,-0.1999999999999999,correction_completion,PT_violation_g20,1,200,33,361235937,reference_fold_convolution_rf,,,,
PRE_SUB,X1=1_k=-4,,,-4.0,reference_fold_pretrend,-0.8676375401965102,-0.8610054095690018,0.22520135762778828,-1.3271180486840144,-1.2345008348096662,-0.5013249743842061,-0.44679181809535956,0.0,0.0,0.0,-0.6,correction_completion,PT_violation_g20,1,200,33,361235937,reference_fold_convolution_rf,,,,
PRE_SUB,X1=1_k=-3,,,-3.0,reference_fold_pretrend,-0.661441744093583,-0.6616842841804715,0.21812050113066414,-1.089687167313584,-1.0256120032440756,-0.3063368509866127,-0.248248152496081,0.0006666666666666666,0.0013333333333333333,0.0013333333333333333,-0.39999999999999997,correction_completion,PT_violation_g20,1,200,33,361235937,reference_fold_convolution_rf,,,,
PRE_SUB,X1=1_k=-2,,,-2.0,reference_fold_pretrend,-0.5903984534002424,-0.592441983840861,0.21676934079153323,-1.0381719208284095,-0.9610197673276565,-0.22962626355048327,-0.16664851431374217,0.002,0.004,0.004,-0.19999999999999998,correction_completion,PT_violation_g20,1,200,33,361235937,reference_fold_convolution_rf,,,,
PRE_SUB,X2=low_k=-4,,,-4.0,reference_fold_pretrend,-0.723544849360878,-0.7291396723487662,0.21828480638705916,-1.142713225458087,-1.0602521192228185,-0.3551529292435982,-0.25287094757876794,0.0006666666666666666,0.0013333333333333333,0.0013333333333333333,-0.6000000000000001,correction_completion,PT_violation_g20,1,200,33,361235937,reference_fold_convolution_rf,,,,
PRE_SUB,X2=low_k=-3,,,-3.0,reference_fold_pretrend,-0.5145871766378827,-0.5199057626074927,0.20715450138178126,-0.9005213454160149,-0.8422215045569714,-0.15654579391812357,-0.07185529556978953,0.012,0.024,0.024,-0.4,correction_completion,PT_violation_g20,1,200,33,361235937,reference_fold_convolution_rf,,,,
PRE_SUB,X2=low_k=-2,,,-2.0,reference_fold_pretrend,-0.4728814590653114,-0.47742440811623343,0.18908146934928866,-0.8310790068361307,-0.7786419694307883,-0.15292785158165315,-0.10191909992390066,0.006,0.012,0.012,-0.2,correction_completion,PT_violation_g20,1,200,33,361235937,reference_fold_convolution_rf,,,,
PRE_SUB,X2=high_k=-4,,,-4.0,reference_fold_pretrend,-0.7927432462958722,-0.7891316314601181,0.20256920601056375,-1.209610241202064,-1.1360199039188168,-0.4636311382517507,-0.41421427514760717,0.0,0.0,0.0,-0.6000000000000001,correction_completion,PT_violation_g20,1,200,33,361235937,reference_fold_convolution_rf,,,,
PRE_SUB,X2=high_k=-3,,,-3.0,reference_fold_pretrend,-0.5955544065984075,-0.588412241639748,0.192757096316131,-0.9796724797450327,-0.9077265938299126,-0.2845926120696714,-0.2176500979101968,0.0006666666666666666,0.0013333333333333333,0.0013333333333333333,-0.4000000000000001,correction_completion,PT_violation_g20,1,200,33,361235937,reference_fold_convolution_rf,,,,
PRE_SUB,X2=high_k=-2,,,-2.0,reference_fold_pretrend,-0.5152837523480669,-0.5159732799385839,0.18956333703844752,-0.8950617728196371,-0.8300904150736828,-0.19676247646634049,-0.1410476659107339,0.002,0.004,0.004,-0.20000000000000004,correction_completion,PT_violation_g20,1,200,33,361235937,reference_fold_convolution_rf,,,,
PRE_SUBC,X1_k=-4,,,-4.0,reference_fold_pretrend,-0.16407466550733993,-0.04486451864432492,0.20886091006664584,-0.5911486350085671,-0.533600885678837,0.042928047989132,0.05810576183937258,0.37066666666666664,0.7413333333333333,0.7413333333333333,-2.498001805406602e-16,correction_completion,PT_violation_g20,1,200,33,361235937,reference_fold_convolution_rf,,,,
PRE_SUBC,X1_k=-3,,,-3.0,reference_fold_pretrend,-0.17680734023102754,-0.05631419485634925,0.20555851946843925,-0.6037819784769157,-0.5368505214559154,0.023254063292894325,0.033715939239181,0.26066666666666666,0.5213333333333333,0.5213333333333333,-1.6653345369377348e-16,correction_completion,PT_violation_g20,1,200,33,361235937,reference_fold_convolution_rf,,,,
PRE_SUBC,X1_k=-2,,,-2.0,reference_fold_pretrend,-0.16946826222051714,-0.027465317825840663,0.20484356725915157,-0.6016110442282124,-0.5295731010792339,0.02195353592715028,0.03006680553347623,0.272,0.544,0.544,-8.326672684688674e-17,correction_completion,PT_violation_g20,1,200,33,361235937,reference_fold_convolution_rf,,,,
PRE_SUBC,X1_slope,,,,reference_fold_pretrend,0.07252192422889943,0.02293195592647901,0.08805793096070394,-0.01885522781855703,-0.013008160272622384,0.2294009952502085,0.25701934608667315,0.334,0.668,0.668,8.326672684688674e-17,correction_completion,PT_violation_g20,1,200,33,361235937,reference_fold_convolution_rf,,,,
PRE_SUBC,X2_k=-4,,,-4.0,reference_fold_pretrend,-0.06919839693499423,-0.01496525105480457,0.1407380301646233,-0.4469042540197975,-0.39231151097092665,0.047810895148449,0.05805267193346785,0.386,0.772,0.772,-8.326672684688674e-17,correction_completion,PT_violation_g20,1,200,33,361235937,reference_fold_convolution_rf,,,,
PRE_SUBC,X2_k=-3,,,-3.0,reference_fold_pretrend,-0.08096722996052486,-0.026437680299511268,0.13819868363355367,-0.4513931010790912,-0.4007518708608303,0.027094125594135727,0.03873704800196315,0.27066666666666667,0.5413333333333333,0.5413333333333333,-5.551115123125783e-17,correction_completion,PT_violation_g20,1,200,33,361235937,reference_fold_convolution_rf,,,,
PRE_SUBC,X2_k=-2,,,-2.0,reference_fold_pretrend,-0.042402293282755535,-0.017762657044670158,0.09189887355860882,-0.3774861640561677,-0.26221241932198064,0.027803928922838273,0.03779826981351317,0.2926666666666667,0.5853333333333334,0.5853333333333334,-2.7755575615628914e-17,correction_completion,PT_violation_g20,1,200,33,361235937,reference_fold_convolution_rf,,,,
PRE_SUBC,X2_slope,,,,reference_fold_pretrend,0.029423710286341997,0.008403537154418078,0.05392277649029637,-0.018187626779646953,-0.014741036989833414,0.15345641745495753,0.18149887135850662,0.33266666666666667,0.6653333333333333,0.6653333333333333,2.7755575615628914e-17,correction_completion,PT_violation_g20,1,200,33,361235937,reference_fold_convolution_rf,,,,
PRE,k=-4,,,-4.0,pretrend,-0.9536093257327545,-0.9493725868464966,0.20671953797795511,-1.3620073420270342,-1.2931165992398572,-0.6113032261729442,-0.5473816179771028,0.0,0.0,0.0,-1.1999999999999997,correction_completion,PT_violation_g40,1,200,17,484068124,raw_structured,,,,
PRE,k=-3,,,-3.0,pretrend,-0.46706075181620355,-0.4643533074848111,0.19798070484332053,-0.847197166596631,-0.7882661721306135,-0.14038724430324317,-0.06447024587865893,0.014666666666666666,0.029333333333333333,0.029333333333333333,-0.7999999999999998,correction_completion,PT_violation_g40,1,200,17,484068124,raw_structured,,,,
PRE,k=-2,,,-2.0,pretrend,-0.2390107684401528,-0.24375355425130424,0.198529115035298,-0.6177699680228156,-0.5608100138831184,0.0,0.024408971292749097,0.22466666666666665,0.4493333333333333,0.4493333333333333,-0.3999999999999999,correction_completion,PT_violation_g40,1,200,17,484068124,raw_structured,,,,
PRE,slope,,,,pretrend,0.2881400178050588,0.28518619790409494,0.07354528120602734,0.14676193838673468,0.17022322269428297,0.41122148494149346,0.4357895025552046,0.0,0.0,0.0,0.3999999999999999,correction_completion,PT_violation_g40,1,200,17,484068124,raw_structured,,,,
PRE_SUB,X1=0_k=-4,,,-4.0,pretrend,-0.9028444683247191,-0.9108721426884456,0.2389725458432373,-1.3463341094960872,-1.279710891243051,-0.4947006055217464,-0.40007835817195875,0.0006666666666666666,0.0013333333333333333,0.0013333333333333333,-1.1999999999999997,correction_completion,PT_violation_g40,1,200,17,484068124,raw_structured,,,,
PRE_SUB,X1=0_k=-3,,,-3.0,pretrend,-0.4626875318212615,-0.4598480959668862,0.199814523806865,-0.8479278809427085,-0.7882661721306139,-0.12762941894772595,-0.0538287194716285,0.016,0.032,0.032,-0.7999999999999998,correction_completion,PT_violation_g40,1,200,17,484068124,raw_structured,,,,
PRE_SUB,X1=0_k=-2,,,-2.0,pretrend,-0.2384156175016229,-0.244145964885547,0.19895881023466122,-0.6183871485935227,-0.5606309563598687,0.0,0.026048902880685492,0.228,0.456,0.456,-0.3999999999999999,correction_completion,PT_violation_g40,1,200,17,484068124,raw_structured,,,,
PRE_SUB,X1=1_k=-4,,,-4.0,pretrend,-0.9912453407076773,-0.9833998536365982,0.22542917026150322,-1.4191095201318988,-1.368043148200321,-0.6249235091116194,-0.5539321082382087,0.0,0.0,0.0,-1.1999999999999997,correction_completion,PT_violation_g40,1,200,17,484068124,raw_structured,,,,
PRE_SUB,X1=1_k=-3,,,-3.0,pretrend,-0.47030296664003995,-0.4657949206892943,0.20160192681916375,-0.859103713581354,-0.7968528260959412,-0.14004748204787776,-0.06447024587865893,0.014666666666666666,0.029333333333333333,0.029333333333333333,-0.7999999999999998,correction_completion,PT_violation_g40,1,200,17,484068124,raw_structured,,,,
PRE_SUB,X1=1_k=-2,,,-2.0,pretrend,-0.23945200103251119,-0.24375355425130424,0.20030826352430509,-0.6211260560769459,-0.5611881119209908,0.0,0.024408971292749042,0.226,0.452,0.452,-0.3999999999999999,correction_completion,PT_violation_g40,1,200,17,484068124,raw_structured,,,,
PRE_SUB,X2=low_k=-4,,,-4.0,pretrend,-0.9460660658445534,-0.9426376340653954,0.2093933296488562,-1.3483470860832885,-1.2881511212924481,-0.6000535816261514,-0.5327676318241878,0.0,0.0,0.0,-1.2000000000000002,correction_completion,PT_violation_g40,1,200,17,484068124,raw_structured,,,,
PRE_SUB,X2=low_k=-3,,,-3.0,pretrend,-0.46175442312028636,-0.4607514433443226,0.19968755938995988,-0.8468657473162461,-0.7846974512546527,-0.13040257084141588,-0.057696062456749415,0.016666666666666666,0.03333333333333333,0.03333333333333333,-0.8,correction_completion,PT_violation_g40,1,200,17,484068124,raw_structured,,,,
PRE_SUB,X2=low_k=-2,,,-2.0,pretrend,-0.2355281022123975,-0.23561588494863447,0.19911748388474718,-0.6147896320540563,-0.5589726101402486,0.0,0.03808913557847017,0.23266666666666666,0.4653333333333333,0.4653333333333333,-0.4,correction_completion,PT_violation_g40,1,200,17,484068124,raw_structured,,,,
PRE_SUB,X2=high_k=-4,,,-4.0,pretrend,-0.9527654752332625,-0.9493087905846376,0.2111948861766632,-1.3707375202603052,-1.3065606987663487,-0.6085503864522074,-0.5473816179771023,0.0,0.0,0.0,-1.2000000000000002,correction_completion,PT_violation_g40,1,200,17,484068124,raw_structured,,,,
PRE_SUB,X2=high_k=-3,,,-3.0,pretrend,-0.47148757495827737,-0.46579492068929396,0.20198721289919055,-0.857459069348145,-0.8018930853068125,-0.14038724430324337,-0.06447024587865888,0.014666666666666666,0.029333333333333333,0.029333333333333333,-0.8,correction_completion,PT_violation_g40,1,200,17,484068124,raw_structured,,,,
PRE_SUB,X2=high_k=-2,,,-2.0,pretrend,-0.24221926896879295,-0.24632628615920266,0.2022389945547119,-0.6230295320511552,-0.563544355157184,0.0,0.024408971292749097,0.22466666666666665,0.4493333333333333,0.4493333333333333,-0.4,correction_completion,PT_violation_g40,1,200,17,484068124,raw_structured,,,,
PRE_SUBC,X1_k=-4,,,-4.0,pretrend,-0.08840087238295825,-2.220446049250313e-16,0.2098173654400095,-0.7155035816948139,-0.6203488257511156,0.000499478431316305,0.018531424218923065,0.44866666666666666,0.8973333333333333,0.8973333333333333,-0.0,correction_completion,PT_violation_g40,1,200,17,484068124,raw_structured,,,,
PRE_SUBC,X1_k=-3,,,-3.0,pretrend,-0.007615434818778535,0.0,0.06833025299870295,-0.17605635867672026,-0.015095385438798686,2.55351295663786e-15,0.02139829962437181,0.524,1.0,1.0,-0.0,correction_completion,PT_violation_g40,1,200,17,484068124,raw_structured,,,,
PRE_SUBC,X1_k=-2,,,-2.0,pretrend,-0.0010363835308882755,0.0,0.04431860552866749,-0.0050354207110178415,-1.2212453270876722e-15,1.3627987627273771e-15,0.007255421655178831,0.6113333333333333,1.0,1.0,-0.0,correction_completion,PT_violation_g40,1,200,17,484068124,raw_structured,,,,
PRE_SUBC,X1_slope,,,,pretrend,0.020104990736951437,6.740639792367021e-17,0.049656163126726466,-0.007073071198334304,-0.00033348101031519423,0.1417083742364453,0.16242253187054578,0.4226666666666667,0.8453333333333334,0.8453333333333334,0.0,correction_completion,PT_violation_g40,1,200,17,484068124,raw_structured,,,,
PRE_SUBC,X2_k=-4,,,-4.0,pretrend,-0.006699409388708927,1.1102230246251565e-16,0.06845769467356963,-0.2132029162868785,-0.03177569876286318,0.03708745066638299,0.043486456076008574,0.478,0.956,0.956,-0.0,correction_completion,PT_violation_g40,1,200,17,484068124,raw_structured,,,,
PRE_SUBC,X2_k=-3,,,-3.0,pretrend,-0.009733151837991052,0.0,0.0638398328899096,-0.14951244703146216,-0.011245175976477886,2.0566881531181e-15,0.013556606850725982,0.5233333333333333,1.0,1.0,-0.0,correction_completion,PT_violation_g40,1,200,17,484068124,raw_structured,,,,
PRE_SUBC,X2_k=-2,,,-2.0,pretrend,-0.00669116675639543,0.0,0.05448662633422991,-0.03005680401795143,-1.6125989432680397e-15,9.43689570931383e-16,1.3614109839465906e-15,0.6093333333333333,1.0,1.0,-0.0,correction_completion,PT_violation_g40,1,200,17,484068124,raw_structured,,,,
PRE_SUBC,X2_slope,,,,pretrend,0.003303978471321737,-3.9650822308041306e-17,0.026706853669566533,-0.009731194425823158,-0.008404984267484265,0.010255396229338678,0.06635084886095526,0.44333333333333336,0.8866666666666667,0.8866666666666667,0.0,correction_completion,PT_violation_g40,1,200,17,484068124,raw_structured,,,,
PRE,k=-4,,,-4.0,reference_fold_pretrend,-0.9130987582684147,-0.9030196091581646,0.18967157629241627,-1.2840541139497292,-1.2201593057127376,-0.617265640089048,-0.5613106726325714,0.0,0.0,0.0,-1.1999999999999997,correction_completion,PT_violation_g40,1,200,17,484068124,reference_fold_convolution_rf,,,,
PRE,k=-3,,,-3.0,reference_fold_pretrend,-0.5112875967914654,-0.5085632040845218,0.1889567279448679,-0.8752947812546943,-0.8178477873730063,-0.19391995814078694,-0.14096905853504782,0.0013333333333333333,0.0026666666666666666,0.0026666666666666666,-0.7999999999999998,correction_completion,PT_violation_g40,1,200,17,484068124,reference_fold_convolution_rf,,,,
PRE,k=-2,,,-2.0,reference_fold_pretrend,-0.2663252920005304,-0.25619702318164916,0.173418882908319,-0.6266428945919159,-0.5654498126232296,0.0,0.027185436612201193,0.07333333333333333,0.14666666666666667,0.14666666666666667,-0.3999999999999999,correction_completion,PT_violation_g40,1,200,17,484068124,reference_fold_convolution_rf,,,,
PRE,slope,,,,reference_fold_pretrend,0.28772834002776465,0.28648824056578764,0.06938280236063453,0.15996452889707446,0.17890864104401966,0.40187686515601695,0.42585160055423354,0.0,0.0,0.0,0.3999999999999999,correction_completion,PT_violation_g40,1,200,17,484068124,reference_fold_convolution_rf,,,,
PRE_SUB,X1=0_k=-4,,,-4.0,reference_fold_pretrend,-0.8714627874521578,-0.8658603937438127,0.19429860221808293,-1.2591707260305371,-1.1897224691926052,-0.5555098922396703,-0.49903358635345335,0.0,0.0,0.0,-1.1999999999999997,correction_completion,PT_violation_g40,1,200,17,484068124,reference_fold_convolution_rf,,,,
PRE_SUB,X1=0_k=-3,,,-3.0,reference_fold_pretrend,-0.511757469333846,-0.5078045256370718,0.1926202407299364,-0.8952338079330746,-0.8337267780200601,-0.18741044818051672,-0.13217566154493413,0.0026666666666666666,0.005333333333333333,0.005333333333333333,-0.7999999999999998,correction_completion,PT_violation_g40,1,200,17,484068124,reference_fold_convolution_rf,,,,
PRE_SUB,X1=0_k=-2,,,-2.0,reference_fold_pretrend,-0.2563724214584099,-0.2423931137477816,0.17476114480256175,-0.6195132578237224,-0.5672634650886458,0.0,0.034363424422255755,0.07933333333333334,0.15866666666666668,0.15866666666666668,-0.3999999999999999,correction_completion,PT_violation_g40,1,200,17,484068124,reference_fold_convolution_rf,,,,
PRE_SUB,X1=1_k=-4,,,-4.0,reference_fold_pretrend,-0.9439668055977086,-0.9313199964664236,0.1991530541252381,-1.3834376993711062,-1.2875847879734645,-0.6340962795316907,-0.5741398014564361,0.0,0.0,0.0,-1.1999999999999997,correction_completion,PT_violation_g40,1,200,17,484068124,reference_fold_convolution_rf,,,,
PRE_SUB,X1=1_k=-3,,,-3.0,reference_fold_pretrend,-0.5109392430100452,-0.5069486753629089,0.18950652780628324,-0.8743535634743784,-0.8310280097442939,-0.19566238833973404,-0.1340805987235194,0.0013333333333333333,0.0026666666666666666,0.0026666666666666666,-0.7999999999999998,correction_completion,PT_violation_g40,1,200,17,484068124,reference_fold_convolution_rf,,,,
PRE_SUB,X1=1_k=-2,,,-2.0,reference_fold_pretrend,-0.2737041442989991,-0.2677915839726939,0.17457932709891985,-0.6287804780452506,-0.5658931413127188,0.0,0.02628693666465907,0.07333333333333333,0.14666666666666667,0.14666666666666667,-0.3999999999999999,correction_completion,PT_violation_g40,1,200,17,484068124,reference_fold_convolution_rf,,,,
PRE_SUB,X2=low_k=-4,,,-4.0,reference_fold_pretrend,-0.8964032723946723,-0.8853146042240952,0.1915300981567073,-1.2712541767687648,-1.2048200373345372,-0.5878875125446325,-0.5440458994848646,0.0,0.0,0.0,-1.2000000000000002,correction_completion,PT_violation_g40,1,200,17,484068124,reference_fold_convolution_rf,,,,
PRE_SUB,X2=low_k=-3,,,-3.0,reference_fold_pretrend,-0.5098604313116982,-0.506730352863483,0.19078935540559586,-0.8855431554170333,-0.8115503628138986,-0.18770121766340325,-0.13516805055306508,0.002,0.004,0.004,-0.8,correction_completion,PT_violation_g40,1,200,17,484068124,reference_fold_convolution_rf,,,,
PRE_SUB,X2=low_k=-2,,,-2.0,reference_fold_pretrend,-0.2597600267642423,-0.24540685858711597,0.1743699128183677,-0.6220660291929964,-0.5648138234196651,0.0,0.03641397305598925,0.07733333333333334,0.15466666666666667,0.15466666666666667,-0.4,correction_completion,PT_violation_g40,1,200,17,484068124,reference_fold_convolution_rf,,,,
PRE_SUB,X2=high_k=-4,,,-4.0,reference_fold_pretrend,-0.9516126621370539,-0.9427035684386027,0.1918849625377779,-1.3472769241009879,-1.2742919180956382,-0.6519540092717854,-0.5968888298530176,0.0,0.0,0.0,-1.2000000000000002,correction_completion,PT_violation_g40,1,200,17,484068124,reference_fold_convolution_rf,,,,
PRE_SUB,X2=high_k=-3,,,-3.0,reference_fold_pretrend,-0.5036605277078431,-0.5036110886354247,0.1889557099346679,-0.8750035650241553,-0.816743473633769,-0.19322065860403587,-0.12319621350516774,0.0013333333333333333,0.0026666666666666666,0.0026666666666666666,-0.8,correction_completion,PT_violation_g40,1,200,17,484068124,reference_fold_convolution_rf,,,,
PRE_SUB,X2=high_k=-2,,,-2.0,reference_fold_pretrend,-0.2837411401963414,-0.28090429454953475,0.17627069342544233,-0.6356664893054603,-0.5777399285195607,0.0,0.02363902813565948,0.07133333333333333,0.14266666666666666,0.14266666666666666,-0.4,correction_completion,PT_violation_g40,1,200,17,484068124,reference_fold_convolution_rf,,,,
PRE_SUBC,X1_k=-4,,,-4.0,reference_fold_pretrend,-0.07250401814555084,-0.04044263353433991,0.10841172802594475,-0.4001066186651037,-0.3082941202788348,0.01650310406615775,0.028535806144211938,0.13533333333333333,0.27066666666666667,0.27066666666666667,-0.0,correction_completion,PT_violation_g40,1,200,17,484068124,reference_fold_convolution_rf,,,,
PRE_SUBC,X1_k=-3,,,-3.0,reference_fold_pretrend,0.0008182263238008513,0.007015760400304966,0.05406513681602497,-0.15970770543378182,-0.07213477763164822,0.06088066998877053,0.07235348838763989,0.4146666666666667,0.8293333333333334,0.8293333333333334,-0.0,correction_completion,PT_violation_g40,1,200,17,484068124,reference_fold_convolution_rf,,,,
PRE_SUBC,X1_k=-2,,,-2.0,reference_fold_pretrend,-0.017331722840589165,-0.015028804296008974,0.041980570593639736,-0.09473947065174344,-0.06519384319313469,0.03442226296453208,0.047240026213724154,0.32866666666666666,0.6573333333333333,0.6573333333333333,-0.0,correction_completion,PT_violation_g40,1,200,17,484068124,reference_fold_convolution_rf,,,,
PRE_SUBC,X1_slope,,,,reference_fold_pretrend,0.016657666044974286,0.009798332959133026,0.02871391922640838,-0.016352130683822453,-0.011901108513746289,0.08139666186094269,0.10141761162021447,0.23,0.46,0.46,0.0,correction_completion,PT_violation_g40,1,200,17,484068124,reference_fold_convolution_rf,,,,
PRE_SUBC,X2_k=-4,,,-4.0,reference_fold_pretrend,-0.055209389742381515,-0.049365039575262504,0.06277048128889505,-0.22059552325222614,-0.1589660002961672,0.026468240165337945,0.040285851649265327,0.156,0.312,0.312,-0.0,correction_completion,PT_violation_g40,1,200,17,484068124,reference_fold_convolution_rf,,,,
PRE_SUBC,X2_k=-3,,,-3.0,reference_fold_pretrend,0.006199903603855122,0.00999726957958244,0.053057729289192904,-0.12213812789738379,-0.0829944591105128,0.08002684210308707,0.0974687113334189,0.4126666666666667,0.8253333333333334,0.8253333333333334,-0.0,correction_completion,PT_violation_g40,1,200,17,484068124,reference_fold_convolution_rf,,,,
PRE_SUBC,X2_k=-2,,,-2.0,reference_fold_pretrend,-0.023981113432099063,-0.022656351872706218,0.04754670780145556,-0.11886088274461445,-0.09081923501264404,0.04627184647183902,0.060525900399042286,0.31666666666666665,0.6333333333333333,0.6333333333333333,-0.0,correction_completion,PT_violation_g40,1,200,17,484068124,reference_fold_convolution_rf,,,,
PRE_SUBC,X2_slope,,,,reference_fold_pretrend,0.012657819675109526,0.010539941477197574,0.021307007622779407,-0.022432829109110975,-0.016001800715892904,0.04781319479161801,0.06830982096033933,0.2613333333333333,0.5226666666666666,0.5226666666666666,0.0,correction_completion,PT_violation_g40,1,200,17,484068124,reference_fold_convolution_rf,,,,
PRE,k=-4,,,-4.0,pretrend,-0.10804395924623661,-0.0984846576368231,0.17928927238265469,-0.47239046983397787,-0.41360503990750097,0.17465982085589818,0.24033886342239702,0.31533333333333335,0.6306666666666667,0.6306666666666667,-0.028846153846153848,correction_completion,PT_violation_het10,1,200,1,1883113793,raw_structured,,,,
PRE,k=-3,,,-3.0,pretrend,0.013894345697935724,0.0,0.14702356993780016,-0.27793218207816417,-0.2310503691557852,0.270647155747579,0.3360113605316248,0.6,1.0,1.0,-0.019230769230769232,correction_completion,PT_violation_het10,1,200,1,1883113793,raw_structured,,,,
PRE,k=-2,,,-2.0,pretrend,0.04064306100476083,0.0,0.1280195656306776,-0.19760713205433303,-0.14225680603022248,0.2928859786096122,0.3711461936503063,0.632,1.0,1.0,-0.009615384615384616,correction_completion,PT_violation_het10,1,200,1,1883113793,raw_structured,,,,
PRE,slope,,,,pretrend,0.018264294667005538,0.016661153450561714,0.05808894622717131,-0.11024126136954585,-0.0867030769782269,0.10893330529478613,0.13122526944511015,0.39466666666666667,0.7893333333333333,0.7893333333333333,0.009615384615384616,correction_completion,PT_violation_het10,1,200,1,1883113793,raw_structured,,,,
PRE_SUB,X1=0_k=-4,,,-4.0,pretrend,-0.08987107358521844,-0.08047835163235609,0.1896559766393573,-0.46675572687983513,-0.4064652799292582,0.20957257309382432,0.27498553540634413,0.354,0.708,0.708,0.2999999999999998,correction_completion,PT_violation_het10,1,200,1,1883113793,raw_structured,,,,
PRE_SUB,X1=0_k=-3,,,-3.0,pretrend,0.02463746452573561,0.0,0.1551593083247592,-0.27690416453502725,-0.22903186602602688,0.3060186885600908,0.3753444901025145,0.5806666666666667,1.0,1.0,0.1999999999999999,correction_completion,PT_violation_het10,1,200,1,1883113793,raw_structured,,,,
PRE_SUB,X1=0_k=-2,,,-2.0,pretrend,0.05040369179350171,0.0,0.14280143020553784,-0.19296291683318814,-0.13228480799365921,0.3254676982467805,0.4275102346372426,0.6253333333333333,1.0,1.0,0.09999999999999995,correction_completion,PT_violation_het10,1,200,1,1883113793,raw_structured,,,,
PRE_SUB,X1=1_k=-4,,,-4.0,pretrend,-0.12302861935269019,-0.10784884891294398,0.1893067636637258,-0.5324866911506285,-0.45039767943671016,0.1687408671589366,0.2312496164954498,0.29933333333333334,0.5986666666666667,0.5986666666666667,-0.3,correction_completion,PT_violation_het10,1,200,1,1883113793,raw_structured,,,,
PRE_SUB,X1=1_k=-3,,,-3.0,pretrend,0.005035984559223532,0.0,0.1550191964750669,-0.3099074276385393,-0.2552172735141601,0.26721229043878103,0.33113589321710063,0.6153333333333333,1.0,1.0,-0.19999999999999998,correction_completion,PT_violation_het10,1,200,1,1883113793,raw_structured,,,,
PRE_SUB,X1=1_k=-2,,,-2.0,pretrend,0.03259482158246572,0.0,0.13124292835811516,-0.22250045329765278,-0.16393195640486585,0.2846369947901236,0.349402101388433,0.6506666666666666,1.0,1.0,-0.09999999999999999,correction_completion,PT_violation_het10,1,200,1,1883113793,raw_structured,,,,
PRE_SUB,X2=low_k=-4,,,-4.0,pretrend,-0.10414021787305251,-0.0947901176709824,0.18386045354931665,-0.4741531549337314,-0.4132310653693646,0.1864439619839869,0.24938440794502795,0.32866666666666666,0.6573333333333333,0.6573333333333333,-0.025714285714285717,correction_completion,PT_violation_het10,1,200,1,1883113793,raw_structured,,,,
PRE_SUB,X2=low_k=-3,,,-3.0,pretrend,0.01859129845086735,0.0,0.15076074526153074,-0.2779321820781639,-0.22908460789713123,0.27627776337877186,0.3496541566439473,0.59,1.0,1.0,-0.017142857142857144,correction_completion,PT_violation_het10,1,200,1,1883113793,raw_structured,,,,
PRE_SUB,X2=low_k=-2,,,-2.0,pretrend,0.044394167418093045,0.0,0.1317557255580092,-0.19760713205433336,-0.14142829854294672,0.315120483297104,0.3874953478276244,0.6266666666666667,1.0,1.0,-0.008571428571428572,correction_completion,PT_violation_het10,1,200,1,1883113793,raw_structured,,,,
PRE_SUB,X2=high_k=-4,,,-4.0,pretrend,-0.11172098525625268,-0.10335261739306562,0.18084746454511308,-0.475576865472053,-0.41776326731352337,0.17366003875457114,0.2390865146255741,0.31133333333333335,0.6226666666666667,0.6226666666666667,-0.008571428571428574,correction_completion,PT_violation_het10,1,200,1,1883113793,raw_structured,,,,
PRE_SUB,X2=high_k=-3,,,-3.0,pretrend,0.008721051593029197,0.0,0.14993536487846665,-0.2898594730680475,-0.2498638568739795,0.26823829328033366,0.3352274629835292,0.6113333333333333,1.0,1.0,-0.005714285714285716,correction_completion,PT_violation_het10,1,200,1,1883113793,raw_structured,,,,
PRE_SUB,X2=high_k=-2,,,-2.0,pretrend,0.03619273755164663,0.0,0.13106924551757593,-0.2108040826516516,-0.15544453109478779,0.29146833904442854,0.37215129031837674,0.6426666666666667,1.0,1.0,-0.002857142857142858,correction_completion,PT_violation_het10,1,200,1,1883113793,raw_structured,,,,
PRE_SUBC,X1_k=-4,,,-4.0,pretrend,-0.033157545767471756,-6.938893903907228e-18,0.12308094180365747,-0.4371646724132572,-0.3004673334600465,1.390554338343006e-15,0.008634650261201866,0.49733333333333335,0.9946666666666667,0.9946666666666667,-0.5999999999999999,correction_completion,PT_violation_het10,1,200,1,1883113793,raw_structured,,,,
PRE_SUBC,X1_k=-3,,,-3.0,pretrend,-0.019601479966512077,0.0,0.09914396533673855,-0.32399164869347485,-0.16183505561145434,9.860168237452165e-16,0.005657475482060169,0.5893333333333334,1.0,1.0,-0.3999999999999999,correction_completion,PT_violation_het10,1,200,1,1883113793,raw_structured,,,,
PRE_SUBC,X1_k=-2,,,-2.0,pretrend,-0.017808870211035985,0.0,0.09567318272126261,-0.31808448453675997,-0.1224315373298132,7.494005416219807e-16,0.0024262287797713424,0.7126666666666667,1.0,1.0,-0.19999999999999996,correction_completion,PT_violation_het10,1,200,1,1883113793,raw_structured,,,,
PRE_SUBC,X1_slope,,,,pretrend,0.011177461960462527,5.9476233462061954e-18,0.04475300515638616,-0.0031193253704505197,-4.3217537683469335e-16,0.09836828729376439,0.14053888482157967,0.494,0.988,0.988,0.19999999999999996,correction_completion,PT_violation_het10,1,200,1,1883113793,raw_structured,,,,
PRE_SUBC,X2_k=-4,,,-4.0,pretrend,-0.007580767383200171,0.0,0.0690087814245619,-0.19290920468513542,-0.00832683428457656,0.010348528703765906,0.016008304855751353,0.532,1.0,1.0,0.01714285714285714,correction_completion,PT_violation_het10,1,200,1,1883113793,raw_structured,,,,
PRE_SUBC,X2_k=-3,,,-3.0,pretrend,-0.009870246857838154,0.0,0.06301061301080299,-0.1929092046851353,-0.004203693054518459,0.0049263247897161026,0.010988364185873187,0.5946666666666667,1.0,1.0,0.011428571428571427,correction_completion,PT_violation_het10,1,200,1,1883113793,raw_structured,,,,
PRE_SUBC,X2_k=-2,,,-2.0,pretrend,-0.008201429866446425,0.0,0.058706758972026395,-0.106885165041302,-1.0005885009434223e-15,0.003498043923708373,0.009256904248385479,0.714,1.0,1.0,0.005714285714285713,correction_completion,PT_violation_het10,1,200,1,1883113793,raw_structured,,,,
PRE_SUBC,X2_slope,,,,pretrend,0.003620301837980232,0.0,0.027166399816477237,-0.0056423551229003955,-0.003272631828238498,0.0035685587832341,0.08267537343648644,0.538,1.0,1.0,-0.005714285714285713,correction_completion,PT_violation_het10,1,200,1,1883113793,raw_structured,,,,
PRE,k=-4,,,-4.0,reference_fold_pretrend,-0.20550325353518384,-0.20237719231641155,0.17751901502432196,-0.5619656338671348,-0.5011854983454244,0.08585334378252214,0.13238546641646226,0.12666666666666668,0.25333333333333335,0.25333333333333335,-0.028846153846153848,correction_completion,PT_violation_het10,1,200,1,1883113793,reference_fold_convolution_rf,,,,
PRE,k=-3,,,-3.0,reference_fold_pretrend,-0.09346944414124814,-0.09499961615119654,0.1642286187880194,-0.4136389578278496,-0.36572718090928374,0.18371001294391762,0.24246279999104878,0.2753333333333333,0.5506666666666666,0.5506666666666666,-0.019230769230769232,correction_completion,PT_violation_het10,1,200,1,1883113793,reference_fold_convolution_rf,,,,
PRE,k=-2,,,-2.0,reference_fold_pretrend,-0.015226671678259323,0.0,0.1380629208370126,-0.29385459692958454,-0.24003225067072895,0.21118461873393304,0.26281684075308065,0.508,1.0,1.0,-0.009615384615384616,correction_completion,PT_violation_het10,1,200,1,1883113793,reference_fold_convolution_rf,,,,
PRE,slope,,,,reference_fold_pretrend,0.05847680861187908,0.05675582398142465,0.06254079888129203,-0.06328712163268059,-0.04594467920183121,0.15974771807666654,0.18188179359829082,0.16666666666666666,0.3333333333333333,0.3333333333333333,0.009615384615384616,correction_completion,PT_violation_het10,1,200,1,1883113793,reference_fold_convolution_rf,,,,
PRE_SUB,X1=0_k=-4,,,-4.0,reference_fold_pretrend,-0.17419437279973551,-0.17536430318259105,0.19040494432045257,-0.551195107547965,-0.48580111403761944,0.14061964848109593,0.2172231977613147,0.18533333333333332,0.37066666666666664,0.37066666666666664,0.2999999999999998,correction_completion,PT_violation_het10,1,200,1,1883113793,reference_fold_convolution_rf,,,,
PRE_SUB,X1=0_k=-3,,,-3.0,reference_fold_pretrend,-0.07762314194654367,-0.08234069157844096,0.17167645050236996,-0.41130078402086123,-0.3595736451669599,0.22422944064166297,0.28375527146404067,0.31133333333333335,0.6226666666666667,0.6226666666666667,0.1999999999999999,correction_completion,PT_violation_het10,1,200,1,1883113793,reference_fold_convolution_rf,,,,
PRE_SUB,X1=0_k=-2,,,-2.0,reference_fold_pretrend,0.00011231592878751684,0.0,0.14853233133475965,-0.2898676097906903,-0.2374096341903879,0.25527940143564204,0.3150070567700585,0.5453333333333333,1.0,1.0,0.09999999999999995,correction_completion,PT_violation_het10,1,200,1,1883113793,reference_fold_convolution_rf,,,,
PRE_SUB,X1=1_k=-4,,,-4.0,reference_fold_pretrend,-0.2313193481766938,-0.2251355996124093,0.18823559940778856,-0.6120006009266454,-0.5438725812098859,0.08176039895414915,0.13043526934489322,0.10933333333333334,0.21866666666666668,0.21866666666666668,-0.3,correction_completion,PT_violation_het10,1,200,1,1883113793,reference_fold_convolution_rf,,,,
PRE_SUB,X1=1_k=-3,,,-3.0,reference_fold_pretrend,-0.10653569331933781,-0.10810334985217836,0.17103656900329206,-0.4366726628043709,-0.4022938365766009,0.1833331731611463,0.23978881523655757,0.262,0.524,0.524,-0.19999999999999998,correction_completion,PT_violation_het10,1,200,1,1883113793,reference_fold_convolution_rf,,,,
PRE_SUB,X1=1_k=-2,,,-2.0,reference_fold_pretrend,-0.02787460882792953,-0.006113496463335014,0.14233434976448417,-0.31957321878610845,-0.2752068487545222,0.20181079206586877,0.25114571161471755,0.4826666666666667,0.9653333333333334,0.9653333333333334,-0.09999999999999999,correction_completion,PT_violation_het10,1,200,1,1883113793,reference_fold_convolution_rf,,,,
PRE_SUB,X2=low_k=-4,,,-4.0,reference_fold_pretrend,-0.2558822037315008,-0.2530248845950826,0.18188065930382988,-0.6217123182716934,-0.5526786646233502,0.04112461779112817,0.09389927344902843,0.08533333333333333,0.17066666666666666,0.17066666666666666,-0.025714285714285717,correction_completion,PT_violation_het10,1,200,1,1883113793,reference_fold_convolution_rf,,,,
PRE_SUB,X2=low_k=-3,,,-3.0,reference_fold_pretrend,-0.1259759147909454,-0.1284344792493355,0.1682460812883079,-0.45847624384436536,-0.40776403010063517,0.15155491854186867,0.21615500712318644,0.23,0.46,0.46,-0.017142857142857144,correction_completion,PT_violation_het10,1,200,1,1883113793,reference_fold_convolution_rf,,,,
PRE_SUB,X2=low_k=-2,,,-2.0,reference_fold_pretrend,-0.02328234292658056,0.0,0.14140288677651833,-0.32268709888883745,-0.2620921033558443,0.20282060914434366,0.25002760725420065,0.506,1.0,1.0,-0.008571428571428572,correction_completion,PT_violation_het10,1,200,1,1883113793,reference_fold_convolution_rf,,,,
PRE_SUB,X2=high_k=-4,,,-4.0,reference_fold_pretrend,-0.16726039755441544,-0.16284064000097853,0.18304028426346544,-0.5431943938061572,-0.4643320538735359,0.12288392337393479,0.18166369123546067,0.17533333333333334,0.3506666666666667,0.3506666666666667,-0.008571428571428574,correction_completion,PT_violation_het10,1,200,1,1883113793,reference_fold_convolution_rf,,,,
PRE_SUB,X2=high_k=-3,,,-3.0,reference_fold_pretrend,-0.06862110781042685,-0.0690267086530133,0.16991129268645508,-0.3977858495475024,-0.3524328468509032,0.2210493457133842,0.2841810776043684,0.334,0.668,0.668,-0.005714285714285716,correction_completion,PT_violation_het10,1,200,1,1883113793,reference_fold_convolution_rf,,,,
PRE_SUB,X2=high_k=-2,,,-2.0,reference_fold_pretrend,-0.008969474821797253,0.0,0.14243394191412384,-0.2926608414689852,-0.24622951730655984,0.22881665342820062,0.2814035830127041,0.522,1.0,1.0,-0.002857142857142858,correction_completion,PT_violation_het10,1,200,1,1883113793,reference_fold_convolution_rf,,,,
PRE_SUBC,X1_k=-4,,,-4.0,reference_fold_pretrend,-0.05712497537695829,0.0060329778251284605,0.1316190292187108,-0.40374843178588,-0.3353822449702311,0.017190677666258074,0.030584410874169896,0.31466666666666665,0.6293333333333333,0.6293333333333333,-0.5999999999999999,correction_completion,PT_violation_het10,1,200,1,1883113793,reference_fold_convolution_rf,,,,
PRE_SUBC,X1_k=-3,,,-3.0,reference_fold_pretrend,-0.028912551372794117,0.004907619844881833,0.09805708475575795,-0.34167131224619973,-0.2686904254967724,0.01391590377914239,0.019566536509505163,0.24133333333333334,0.4826666666666667,0.4826666666666667,-0.3999999999999999,correction_completion,PT_violation_het10,1,200,1,1883113793,reference_fold_convolution_rf,,,,
PRE_SUBC,X1_k=-2,,,-2.0,reference_fold_pretrend,-0.02798692475671705,0.0007302219072130856,0.09013761298398347,-0.33894189017583726,-0.2578245117232935,0.008256982025610182,0.010169329382863633,0.4513333333333333,0.9026666666666666,0.9026666666666666,-0.19999999999999996,correction_completion,PT_violation_het10,1,200,1,1883113793,reference_fold_convolution_rf,,,,
PRE_SUBC,X1_slope,,,,reference_fold_pretrend,0.018370496688084298,-0.0019462657428713911,0.04506223710158084,-0.01025882634649651,-0.005992464613013017,0.11576298009347857,0.15809510213546152,0.31466666666666665,0.6293333333333333,0.6293333333333333,0.19999999999999996,correction_completion,PT_violation_het10,1,200,1,1883113793,reference_fold_convolution_rf,,,,
PRE_SUBC,X2_k=-4,,,-4.0,reference_fold_pretrend,0.08862180617708532,0.09735539823540468,0.08279592244840114,-0.15774965054604187,-0.05147463304000968,0.1897918547117621,0.2066340762227055,0.08733333333333333,0.17466666666666666,0.17466666666666666,0.01714285714285714,correction_completion,PT_violation_het10,1,200,1,1883113793,reference_fold_convolution_rf,,,,
PRE_SUBC,X2_k=-3,,,-3.0,reference_fold_pretrend,0.05735480698051854,0.06691259961803227,0.07932211267462277,-0.17598086626359727,-0.07245349739279776,0.15173833924467925,0.1684758633355498,0.13333333333333333,0.26666666666666666,0.26666666666666666,0.011428571428571427,correction_completion,PT_violation_het10,1,200,1,1883113793,reference_fold_convolution_rf,,,,
PRE_SUBC,X2_k=-2,,,-2.0,reference_fold_pretrend,0.014312868104783305,0.017594056361756573,0.06385269505672249,-0.16177846814188504,-0.06510108653843616,0.09424472716943537,0.11015893428253941,0.378,0.756,0.756,0.005714285714285713,correction_completion,PT_violation_het10,1,200,1,1883113793,reference_fold_convolution_rf,,,,
PRE_SUBC,X2_slope,,,,reference_fold_pretrend,-0.028206278614076884,-0.03220175351839734,0.031376289962009495,-0.07310261613808156,-0.0655924276941479,0.02676805401963418,0.061916703352026835,0.09533333333333334,0.19066666666666668,0.19066666666666668,-0.005714285714285713,correction_completion,PT_violation_het10,1,200,1,1883113793,reference_fold_convolution_rf,,,,
PRE,k=-4,,,-4.0,pretrend,0.011690079181592788,0.0,0.17543210443151813,-0.3268987760792996,-0.27042563065260466,0.30375709038411147,0.3609426501290376,0.5033333333333333,1.0,1.0,-0.0029126213592233045,correction_completion,PT_violation_het10,3,200,185,306201156,raw_structured,,,,
PRE,k=-3,,,-3.0,pretrend,0.01579119885674253,0.0,0.16470323086774769,-0.30721388206012673,-0.24612156575945668,0.29235271484128533,0.35662824798330395,0.5226666666666666,1.0,1.0,-0.0019417475728155363,correction_completion,PT_violation_het10,3,200,185,306201156,raw_structured,,,,
PRE,k=-2,,,-2.0,pretrend,0.04350383020506289,0.0,0.15135675195444234,-0.25500745294149335,-0.18833696219038762,0.3220124411988323,0.3726893367923039,0.5526666666666666,1.0,1.0,-0.0009708737864077681,correction_completion,PT_violation_het10,3,200,185,306201156,raw_structured,,,,
PRE,slope,,,,pretrend,-0.007868318961666168,-0.0025365937321133267,0.06492691084490036,-0.1427029738216437,-0.11949593241483557,0.09266395076937183,0.11464455952288582,0.484,0.968,0.968,0.0009708737864077681,correction_completion,PT_violation_het10,3,200,185,306201156,raw_structured,,,,
PRE_SUB,X1=0_k=-4,,,-4.0,pretrend,0.17713747785438516,0.1607153839939038,0.23227327237227258,-0.22040380137745058,-0.16628629204347328,0.5766701698176392,0.6610162405473717,0.2753333333333333,0.5506666666666666,0.5506666666666666,0.29999999999999993,correction_completion,PT_violation_het10,3,200,185,306201156,raw_structured,,,,
PRE_SUB,X1=0_k=-3,,,-3.0,pretrend,0.16594428039010192,0.13301059621398686,0.2249774436093063,-0.2067473057303981,-0.1533746311413924,0.5728417978471486,0.6376834511630942,0.31666666666666665,0.6333333333333333,0.6333333333333333,0.19999999999999996,correction_completion,PT_violation_het10,3,200,185,306201156,raw_structured,,,,
PRE_SUB,X1=0_k=-2,,,-2.0,pretrend,0.14120798183605407,0.041756470091615996,0.21210219876642528,-0.16017172372792796,-0.10941051799259535,0.5577134970064307,0.6171852842860945,0.44333333333333336,0.8866666666666667,0.8866666666666667,0.09999999999999998,correction_completion,PT_violation_het10,3,200,185,306201156,raw_structured,,,,
PRE_SUB,X1=1_k=-4,,,-4.0,pretrend,-0.15057563874749205,-0.1304570495478069,0.24361639400434373,-0.634556830646599,-0.5770717813060758,0.21933728462452043,0.29207537005587186,0.31466666666666665,0.6293333333333333,0.6293333333333333,-0.2999999999999999,correction_completion,PT_violation_het10,3,200,185,306201156,raw_structured,,,,
PRE_SUB,X1=1_k=-3,,,-3.0,pretrend,-0.13147432341635992,-0.08436230920513295,0.2317235789257926,-0.6035208547202134,-0.5474790394319292,0.2185405487699864,0.27510321204010235,0.37533333333333335,0.7506666666666667,0.7506666666666667,-0.19999999999999993,correction_completion,PT_violation_het10,3,200,185,306201156,raw_structured,,,,
PRE_SUB,X1=1_k=-2,,,-2.0,pretrend,-0.052321395433024616,0.0,0.20816902670415527,-0.5344402413073417,-0.4555466319940379,0.2624133104824734,0.3405281594771879,0.6046666666666667,1.0,1.0,-0.09999999999999996,correction_completion,PT_violation_het10,3,200,185,306201156,raw_structured,,,,
PRE_SUB,X2=low_k=-4,,,-4.0,pretrend,-0.03675260007513239,-0.020051829862183155,0.18504252765737828,-0.40263243541924115,-0.34056106248570384,0.2560559358209927,0.32215460998224815,0.4553333333333333,0.9106666666666666,0.9106666666666666,-0.08823529411764705,correction_completion,PT_violation_het10,3,200,185,306201156,raw_structured,,,,
PRE_SUB,X2=low_k=-3,,,-3.0,pretrend,-0.028245527497843207,-0.001555366539108005,0.1735989442451473,-0.39290798645354413,-0.3252098065061259,0.2582731947671945,0.3032139668403391,0.498,0.996,0.996,-0.058823529411764705,correction_completion,PT_violation_het10,3,200,185,306201156,raw_structured,,,,
PRE_SUB,X2=low_k=-2,,,-2.0,pretrend,0.015296400481052663,0.0,0.15697251983579946,-0.32384350506162835,-0.25538364447028433,0.2842548298698863,0.3478959312773123,0.612,1.0,1.0,-0.029411764705882353,correction_completion,PT_violation_het10,3,200,185,306201156,raw_structured,,,,
PRE_SUB,X2=high_k=-4,,,-4.0,pretrend,0.04322478470143893,0.029794884264309804,0.17814069431333338,-0.29634668783132456,-0.23059260427399134,0.3462398797291306,0.40283339553300096,0.43666666666666665,0.8733333333333333,0.8733333333333333,0.06,correction_completion,PT_violation_het10,3,200,185,306201156,raw_structured,,,,
PRE_SUB,X2=high_k=-3,,,-3.0,pretrend,0.04447781344495348,0.017992443943750144,0.16816189142912205,-0.26988978399855035,-0.21136895615477574,0.34380347100677083,0.40283339553300096,0.4653333333333333,0.9306666666666666,0.9306666666666666,0.04,correction_completion,PT_violation_het10,3,200,185,306201156,raw_structured,,,,
PRE_SUB,X2=high_k=-2,,,-2.0,pretrend,0.06213663112541286,0.0,0.1558452229330038,-0.2193387136054934,-0.16766518321643878,0.356062110897196,0.4052996273667974,0.5206666666666667,1.0,1.0,0.02,correction_completion,PT_violation_het10,3,200,185,306201156,raw_structured,,,,
PRE_SUBC,X1_k=-4,,,-4.0,pretrend,-0.32771311660187724,-0.329407476473776,0.3218827907594792,-0.9497676992999161,-0.8670905998656014,5.564992910933585e-16,0.0001095651580225711,0.25466666666666665,0.5093333333333333,0.5093333333333333,-0.5999999999999999,correction_completion,PT_violation_het10,3,200,185,306201156,raw_structured,,,,
PRE_SUBC,X1_k=-3,,,-3.0,pretrend,-0.29741860380646185,-0.23432546291299547,0.3165153787829022,-0.9146558550415265,-0.8457899125478189,5.002942504717105e-16,4.283836246379692e-05,0.30533333333333335,0.6106666666666667,0.6106666666666667,-0.3999999999999999,correction_completion,PT_violation_het10,3,200,185,306201156,raw_structured,,,,
PRE_SUBC,X1_k=-2,,,-2.0,pretrend,-0.1935293772690787,-3.642919299551295e-17,0.2915198463631893,-0.8764696068603718,-0.7872622000739,4.308185752588395e-16,7.296246939958394e-16,0.486,0.972,0.972,-0.19999999999999996,correction_completion,PT_violation_het10,3,200,185,306201156,raw_structured,,,,
PRE_SUBC,X1_slope,,,,pretrend,0.12653613819197387,0.11417051171208498,0.12826190763773782,-4.6956496295371847e-05,-1.7647094103472633e-16,0.3502247730152417,0.3947631817437287,0.25333333333333335,0.5066666666666667,0.5066666666666667,0.19999999999999996,correction_completion,PT_violation_het10,3,200,185,306201156,raw_structured,,,,
PRE_SUBC,X2_k=-4,,,-4.0,pretrend,0.07997738477657132,0.08145397382330213,0.08905390342162413,-0.04522688753605481,-5.551115123125783e-16,0.222966154251154,0.24682173603606838,0.2633333333333333,0.5266666666666666,0.5266666666666666,0.14823529411764705,correction_completion,PT_violation_het10,3,200,185,306201156,raw_structured,,,,
PRE_SUBC,X2_k=-3,,,-3.0,pretrend,0.0727233409427967,0.058174485479021265,0.08784256895933333,-0.045226887536054715,-4.732325642464729e-16,0.2176130323772451,0.2391425926422653,0.31,0.62,0.62,0.0988235294117647,correction_completion,PT_violation_het10,3,200,185,306201156,raw_structured,,,,
PRE_SUBC,X2_k=-2,,,-2.0,pretrend,0.04684023064436019,1.5612511283791264e-17,0.0789281176886557,-0.021253798852129465,-3.885780586188048e-16,0.2018043322411815,0.22537789890695278,0.49533333333333335,0.9906666666666667,0.9906666666666667,0.04941176470588235,correction_completion,PT_violation_het10,3,200,185,306201156,raw_structured,,,,
PRE_SUBC,X2_slope,,,,pretrend,-0.030872790489976258,-0.028165359447609267,0.03544755772394919,-0.10151053244838763,-0.0900577987753479,1.8098122207226597e-16,0.021267910549760977,0.2613333333333333,0.5226666666666666,0.5226666666666666,-0.04941176470588235,correction_completion,PT_violation_het10,3,200,185,306201156,raw_structured,,,,
PRE,k=-4,,,-4.0,reference_fold_pretrend,-0.047753504163743764,-0.04929017071025723,0.15411934558871457,-0.3513693358322909,-0.29650983885938953,0.2063754436946874,0.24867266559180348,0.37133333333333335,0.7426666666666667,0.7426666666666667,-0.0029126213592233045,correction_completion,PT_violation_het10,3,200,185,306201156,reference_fold_convolution_rf,,,,
PRE,k=-3,,,-3.0,reference_fold_pretrend,-0.03832277713737076,-0.03330599346408357,0.14589385204058322,-0.33898821278346464,-0.2869476097958424,0.19103787449033435,0.2398306321818046,0.4066666666666667,0.8133333333333334,0.8133333333333334,-0.0019417475728155363,correction_completion,PT_violation_het10,3,200,185,306201156,reference_fold_convolution_rf,,,,
PRE,k=-2,,,-2.0,reference_fold_pretrend,-0.011884776648622431,0.0,0.12924540060692788,-0.27361762624025526,-0.2357625327256677,0.19583637239005988,0.23310200299043002,0.5093333333333333,1.0,1.0,-0.0009708737864077681,correction_completion,PT_violation_het10,3,200,185,306201156,reference_fold_convolution_rf,,,,
PRE,slope,,,,reference_fold_pretrend,0.016556488815328233,0.015071702131609438,0.056681111027699425,-0.09278364477056833,-0.07623757295652768,0.11078280874978268,0.12901178374076983,0.38866666666666666,0.7773333333333333,0.7773333333333333,0.0009708737864077681,correction_completion,PT_violation_het10,3,200,185,306201156,reference_fold_convolution_rf,,,,
PRE_SUB,X1=0_k=-4,,,-4.0,reference_fold_pretrend,0.08954252904677833,0.08215870653348743,0.1902787993107047,-0.26863547668299087,-0.20670009042469706,0.4049864147571967,0.47140575867202117,0.336,0.672,0.672,0.29999999999999993,correction_completion,PT_violation_het10,3,200,185,306201156,reference_fold_convolution_rf,,,,
PRE_SUB,X1=0_k=-3,,,-3.0,reference_fold_pretrend,0.08919103271006375,0.08504807257705777,0.18371893516377266,-0.2676596154965818,-0.21218741845196384,0.397914057407237,0.4571623514845255,0.346,0.692,0.692,0.19999999999999996,correction_completion,PT_violation_het10,3,200,185,306201156,reference_fold_convolution_rf,,,,
PRE_SUB,X1=0_k=-2,,,-2.0,reference_fold_pretrend,0.09592778839109475,0.07756842729274052,0.16886777938381428,-0.21487427595582562,-0.15648201057176542,0.38075478883739666,0.43771134940926165,0.3446666666666667,0.6893333333333334,0.6893333333333334,0.09999999999999998,correction_completion,PT_violation_het10,3,200,185,306201156,reference_fold_convolution_rf,,,,
PRE_SUB,X1=1_k=-4,,,-4.0,reference_fold_pretrend,-0.18240922904329424,-0.17995708442702624,0.18771771286417963,-0.5613254267787262,-0.4967144158485456,0.11481330573777951,0.1612202068900489,0.17333333333333334,0.3466666666666667,0.3466666666666667,-0.2999999999999999,correction_completion,PT_violation_het10,3,200,185,306201156,reference_fold_convolution_rf,,,,
PRE_SUB,X1=1_k=-3,,,-3.0,reference_fold_pretrend,-0.16338439833389307,-0.15480188915729926,0.1745146433221711,-0.5245641670072958,-0.46675621792422983,0.1043173472166191,0.15726882286011667,0.18066666666666667,0.36133333333333334,0.36133333333333334,-0.19999999999999993,correction_completion,PT_violation_het10,3,200,185,306201156,reference_fold_convolution_rf,,,,
PRE_SUB,X1=1_k=-2,,,-2.0,reference_fold_pretrend,-0.1176240231298835,-0.10467010157262159,0.1572325809874599,-0.45526417710566536,-0.38931304705284203,0.12361847012160002,0.17457317055360688,0.2733333333333333,0.5466666666666666,0.5466666666666666,-0.09999999999999996,correction_completion,PT_violation_het10,3,200,185,306201156,reference_fold_convolution_rf,,,,
PRE_SUB,X2=low_k=-4,,,-4.0,reference_fold_pretrend,-0.08748681922165383,-0.08405004527646166,0.1593056147582119,-0.40008657314496165,-0.34738617655561493,0.15700157599634046,0.21786908793344945,0.302,0.604,0.604,-0.08823529411764705,correction_completion,PT_violation_het10,3,200,185,306201156,reference_fold_convolution_rf,,,,
PRE_SUB,X2=low_k=-3,,,-3.0,reference_fold_pretrend,-0.07728872217029595,-0.06817595649430386,0.14904924538100398,-0.3840928042383417,-0.33152502896389313,0.156652055422608,0.19842784712808734,0.31733333333333336,0.6346666666666667,0.6346666666666667,-0.058823529411764705,correction_completion,PT_violation_het10,3,200,185,306201156,reference_fold_convolution_rf,,,,
PRE_SUB,X2=low_k=-2,,,-2.0,reference_fold_pretrend,-0.042076525588473086,-0.0302787912604745,0.1305613204860357,-0.31425537707674794,-0.27522183365725145,0.15933191897954588,0.20863943433972906,0.42333333333333334,0.8466666666666667,0.8466666666666667,-0.029411764705882353,correction_completion,PT_violation_het10,3,200,185,306201156,reference_fold_convolution_rf,,,,
PRE_SUB,X2=high_k=-4,,,-4.0,reference_fold_pretrend,0.011157943128713425,0.008807212383185239,0.17113659402974282,-0.3232981775722829,-0.2651144146892799,0.3037986084051957,0.3536577008023255,0.476,0.952,0.952,0.06,correction_completion,PT_violation_het10,3,200,185,306201156,reference_fold_convolution_rf,,,,
PRE_SUB,X2=high_k=-3,,,-3.0,reference_fold_pretrend,0.02343007343062703,0.016002852288645168,0.16497095765256764,-0.304904361645604,-0.25344008063023604,0.2912917662527416,0.3393951963144552,0.46066666666666667,0.9213333333333333,0.9213333333333333,0.04,correction_completion,PT_violation_het10,3,200,185,306201156,reference_fold_convolution_rf,,,,
PRE_SUB,X2=high_k=-2,,,-2.0,reference_fold_pretrend,0.03608069714899392,0.01996390327847536,0.14928821220782246,-0.2614294228738475,-0.2058877122568145,0.28802586744858066,0.33329086221128496,0.454,0.908,0.908,0.02,correction_completion,PT_violation_het10,3,200,185,306201156,reference_fold_convolution_rf,,,,
PRE_SUBC,X1_k=-4,,,-4.0,reference_fold_pretrend,-0.27195175809007255,-0.27399423336614326,0.21877510242615078,-0.7258943651108533,-0.6478346820471462,0.024919196651116835,0.040271566617715325,0.10733333333333334,0.21466666666666667,0.21466666666666667,-0.5999999999999999,correction_completion,PT_violation_het10,3,200,185,306201156,reference_fold_convolution_rf,,,,
PRE_SUBC,X1_k=-3,,,-3.0,reference_fold_pretrend,-0.25257543104395674,-0.2574039727914166,0.20788458344466162,-0.6929495488777598,-0.607959908071925,0.015403651967818772,0.029102620075448653,0.11333333333333333,0.22666666666666666,0.22666666666666666,-0.3999999999999999,correction_completion,PT_violation_het10,3,200,185,306201156,reference_fold_convolution_rf,,,,
PRE_SUBC,X1_k=-2,,,-2.0,reference_fold_pretrend,-0.21355181152097824,-0.2176198017563976,0.19897081603490313,-0.6249856361641801,-0.5528096250961922,0.024229572794947075,0.04088957904761557,0.19933333333333333,0.39866666666666667,0.39866666666666667,-0.19999999999999996,correction_completion,PT_violation_het10,3,200,185,306201156,reference_fold_convolution_rf,,,,
PRE_SUBC,X1_slope,,,,reference_fold_pretrend,0.10961128199136497,0.11006225906908199,0.08814879954500149,-0.012214894970401067,-0.006857298299312298,0.2597748005049885,0.286626772996898,0.102,0.204,0.204,0.19999999999999996,correction_completion,PT_violation_het10,3,200,185,306201156,reference_fold_convolution_rf,,,,
PRE_SUBC,X2_k=-4,,,-4.0,reference_fold_pretrend,0.09864476235036727,0.10030021436895963,0.11043179369219173,-0.1199106507438643,-0.06385041045505717,0.2712081436151949,0.30022138654185937,0.17,0.34,0.34,0.14823529411764705,correction_completion,PT_violation_het10,3,200,185,306201156,reference_fold_convolution_rf,,,,
PRE_SUBC,X2_k=-3,,,-3.0,reference_fold_pretrend,0.10071879560092296,0.10081925060524262,0.10582921023915763,-0.10367364447066536,-0.054431095471505375,0.2682805755125537,0.2945409401534237,0.15466666666666667,0.30933333333333335,0.30933333333333335,0.0988235294117647,correction_completion,PT_violation_het10,3,200,185,306201156,reference_fold_convolution_rf,,,,
PRE_SUBC,X2_k=-2,,,-2.0,reference_fold_pretrend,0.078157222737467,0.07367286596842773,0.0975656741723663,-0.08989632393351914,-0.05534232898906346,0.23194605125416626,0.2568167582832442,0.236,0.472,0.472,0.04941176470588235,correction_completion,PT_violation_het10,3,200,185,306201156,reference_fold_convolution_rf,,,,
PRE_SUBC,X2_slope,,,,reference_fold_pretrend,-0.04110922149931534,-0.04090261719365169,0.043849307375397786,-0.12227638309558381,-0.11105017914388553,0.022103895278495427,0.04133532504147182,0.156,0.312,0.312,-0.04941176470588235,correction_completion,PT_violation_het10,3,200,185,306201156,reference_fold_convolution_rf,,,,
PRE,k=-4,,,-4.0,pretrend,0.01577176251462546,0.0068203249934976435,0.18851249915207186,-0.35361075240511164,-0.29765434546469305,0.32439417755083466,0.38609877632667355,0.48533333333333334,0.9706666666666667,0.9706666666666667,0.06352941176470588,correction_completion,PT_violation_het20,3,200,169,3701214807,raw_structured,,,,
PRE,k=-3,,,-3.0,pretrend,-0.08451882513424043,-0.08033791380624486,0.17581816763200112,-0.44680429528858134,-0.38196341160773245,0.20738981923959926,0.2567411383036669,0.34933333333333333,0.6986666666666667,0.6986666666666667,0.042352941176470586,correction_completion,PT_violation_het20,3,200,169,3701214807,raw_structured,,,,
PRE,k=-2,,,-2.0,pretrend,-0.08033915438665143,0.0,0.15335344123745578,-0.43596532714408476,-0.3624184933018235,0.1309281562025283,0.1998614764021383,0.502,1.0,1.0,0.021176470588235293,correction_completion,PT_violation_het20,3,200,169,3701214807,raw_structured,,,,
PRE,slope,,,,pretrend,0.014432965507946852,0.011753658913654087,0.06610732844395652,-0.11338499137075932,-0.09296484467344776,0.1275040014755475,0.15121418772430592,0.42533333333333334,0.8506666666666667,0.8506666666666667,-0.021176470588235293,correction_completion,PT_violation_het20,3,200,169,3701214807,raw_structured,,,,
PRE_SUB,X1=0_k=-4,,,-4.0,pretrend,0.2421058555756568,0.24327179108797176,0.2319379795672327,-0.18604322732796091,-0.11653612666467897,0.6304536027113912,0.6930275699989905,0.16866666666666666,0.3373333333333333,0.3373333333333333,0.5999999999999996,correction_completion,PT_violation_het20,3,200,169,3701214807,raw_structured,,,,
PRE_SUB,X1=0_k=-3,,,-3.0,pretrend,0.11386524405698344,0.0824290516313762,0.22620342060062948,-0.30929680562663536,-0.2353420912624036,0.5115523419736151,0.5914842601382747,0.37466666666666665,0.7493333333333333,0.7493333333333333,0.3999999999999998,correction_completion,PT_violation_het20,3,200,169,3701214807,raw_structured,,,,
PRE_SUB,X1=0_k=-2,,,-2.0,pretrend,-0.03846351984268109,0.0,0.1668844927712434,-0.4138336856934379,-0.33357119900333376,0.22368146830524102,0.304708585445828,0.612,1.0,1.0,0.1999999999999999,correction_completion,PT_violation_het20,3,200,169,3701214807,raw_structured,,,,
PRE_SUB,X1=1_k=-4,,,-4.0,pretrend,-0.26416777363980803,-0.2714842714036,0.2758763303242143,-0.8005148856909131,-0.7283416238340624,0.18594293783488572,0.25412883161961985,0.188,0.376,0.376,-0.6000000000000001,correction_completion,PT_violation_het20,3,200,169,3701214807,raw_structured,,,,
PRE_SUB,X1=1_k=-3,,,-3.0,pretrend,-0.3298885949233858,-0.32924962380333866,0.26571818495219524,-0.8690405731800415,-0.7959813997897823,0.05272727394519018,0.12444178385870827,0.15533333333333332,0.31066666666666665,0.31066666666666665,-0.4000000000000001,correction_completion,PT_violation_het20,3,200,169,3701214807,raw_structured,,,,
PRE_SUB,X1=1_k=-2,,,-2.0,pretrend,-0.13213270237524632,-0.03292389811312134,0.20827445849256038,-0.6379229987035206,-0.5565759285163339,0.10802742210103698,0.17986403474215476,0.4746666666666667,0.9493333333333334,0.9493333333333334,-0.20000000000000004,correction_completion,PT_violation_het20,3,200,169,3701214807,raw_structured,,,,
PRE_SUB,X2=low_k=-4,,,-4.0,pretrend,0.0863234241367337,0.08039194148457873,0.19119716940515744,-0.27995279905886034,-0.21472341639964654,0.4008059836358409,0.4745945011566292,0.33666666666666667,0.6733333333333333,0.6733333333333333,0.21428571428571427,correction_completion,PT_violation_het20,3,200,169,3701214807,raw_structured,,,,
PRE_SUB,X2=low_k=-3,,,-3.0,pretrend,-0.02330635787812286,-0.018764732215572944,0.18072444460355735,-0.38366028704745386,-0.3144853915521488,0.2956387213444794,0.34545118506708633,0.46266666666666667,0.9253333333333333,0.9253333333333333,0.14285714285714285,correction_completion,PT_violation_het20,3,200,169,3701214807,raw_structured,,,,
PRE_SUB,X2=low_k=-2,,,-2.0,pretrend,-0.06738957394560695,0.0,0.15192158423288024,-0.42400650979280596,-0.3471995934756968,0.158512177121533,0.21240841204419497,0.522,1.0,1.0,0.07142857142857142,correction_completion,PT_violation_het20,3,200,169,3701214807,raw_structured,,,,
PRE_SUB,X2=high_k=-4,,,-4.0,pretrend,-0.07504754042033605,-0.07515365611721345,0.2048705616813847,-0.500000274949993,-0.41543815155832897,0.2635864706199031,0.3066508048149041,0.368,0.736,0.736,-0.14482758620689656,correction_completion,PT_violation_het20,3,200,169,3701214807,raw_structured,,,,
PRE_SUB,X2=high_k=-3,,,-3.0,pretrend,-0.162943644744367,-0.15848824628363262,0.18922293058094458,-0.5632753819961407,-0.48905788963198416,0.1375455200087938,0.18961371640943583,0.232,0.464,0.464,-0.09655172413793103,correction_completion,PT_violation_het20,3,200,169,3701214807,raw_structured,,,,
PRE_SUB,X2=high_k=-2,,,-2.0,pretrend,-0.09751661115227572,-0.020817372423092236,0.16454666384406813,-0.45483909071891115,-0.39940927944970334,0.12575889941665852,0.19214919751582402,0.4826666666666667,0.9653333333333334,0.9653333333333334,-0.04827586206896552,correction_completion,PT_violation_het20,3,200,169,3701214807,raw_structured,,,,
PRE_SUBC,X1_k=-4,,,-4.0,pretrend,-0.5062736292154648,-0.5470464451852206,0.3379549588029032,-1.1364898537308237,-1.0336485829933102,2.220446049250313e-16,4.163336342344337e-16,0.10266666666666667,0.20533333333333334,0.20533333333333334,-1.1999999999999997,correction_completion,PT_violation_het20,3,200,169,3701214807,raw_structured,,,,
PRE_SUBC,X1_k=-3,,,-3.0,pretrend,-0.44375383898036913,-0.4945350261368421,0.34219385091633703,-1.0825522897982431,-0.9667229318559561,2.220446049250313e-16,4.440892098500626e-16,0.182,0.364,0.364,-0.7999999999999998,correction_completion,PT_violation_het20,3,200,169,3701214807,raw_structured,,,,
PRE_SUBC,X1_k=-2,,,-2.0,pretrend,-0.09366918253256525,0.0,0.2135681744331813,-0.7093307508406012,-0.6113180055006098,4.996003610813204e-16,7.953707137353613e-16,0.5846666666666667,1.0,1.0,-0.3999999999999999,correction_completion,PT_violation_het20,3,200,169,3701214807,raw_structured,,,,
PRE_SUBC,X1_slope,,,,pretrend,0.17857126772426415,0.19069287203786137,0.12329939260081936,-1.2943515307181233e-16,-5.947623346206196e-17,0.3721035754559012,0.41008617226587457,0.10266666666666667,0.20533333333333334,0.20533333333333334,0.3999999999999999,correction_completion,PT_violation_het20,3,200,169,3701214807,raw_structured,,,,
PRE_SUBC,X2_k=-4,,,-4.0,pretrend,-0.16137096455706978,-0.17075167638075373,0.11605278455293992,-0.38992799612563517,-0.33601585928252803,1.6653345369377348e-16,3.9222097791835514e-16,0.11333333333333333,0.22666666666666666,0.22666666666666666,-0.3591133004926108,correction_completion,PT_violation_het20,3,200,169,3701214807,raw_structured,,,,
PRE_SUBC,X2_k=-3,,,-3.0,pretrend,-0.13963728686624416,-0.1528527834909324,0.11119145267206514,-0.3428893070253047,-0.3101538213987027,1.6653345369377348e-16,3.385312863368725e-16,0.17,0.34,0.34,-0.23940886699507388,correction_completion,PT_violation_het20,3,200,169,3701214807,raw_structured,,,,
PRE_SUBC,X2_k=-2,,,-2.0,pretrend,-0.030127037206668785,0.0,0.07153465173697748,-0.2363292063593671,-0.19385477505780555,4.440892098500626e-16,6.661338147750939e-16,0.576,1.0,1.0,-0.11970443349753694,correction_completion,PT_violation_het20,3,200,169,3701214807,raw_structured,,,,
PRE_SUBC,X2_slope,,,,pretrend,0.056679607472169026,0.0591301606899641,0.04120928032168703,-1.2542050731312315e-16,-5.4244183549696186e-17,0.12046038975035235,0.13614584607288052,0.10933333333333334,0.21866666666666668,0.21866666666666668,0.11970443349753694,correction_completion,PT_violation_het20,3,200,169,3701214807,raw_structured,,,,
PRE,k=-4,,,-4.0,reference_fold_pretrend,-0.14881546093277392,-0.157971763044898,0.1754693931379721,-0.48717873039954757,-0.4222119329571336,0.14636582556301891,0.1934783329090605,0.2,0.4,0.4,0.06352941176470588,correction_completion,PT_violation_het20,3,200,169,3701214807,reference_fold_convolution_rf,,,,
PRE,k=-3,,,-3.0,reference_fold_pretrend,-0.20744102054573124,-0.20807035731299678,0.1605081707109304,-0.5220411004213639,-0.46383221495540516,0.06791879524562572,0.12053886300171528,0.09866666666666667,0.19733333333333333,0.19733333333333333,0.042352941176470586,correction_completion,PT_violation_het20,3,200,169,3701214807,reference_fold_convolution_rf,,,,
PRE,k=-2,,,-2.0,reference_fold_pretrend,-0.19484821972728264,-0.19346627688951518,0.14572871163925705,-0.48309834565416915,-0.43868932425359514,0.04647970203575932,0.08946206126111579,0.09733333333333333,0.19466666666666665,0.19466666666666665,0.021176470588235293,correction_completion,PT_violation_het20,3,200,169,3701214807,reference_fold_convolution_rf,,,,
PRE,slope,,,,reference_fold_pretrend,0.07544118882979049,0.07732525533180036,0.06303450920370761,-0.0483442576362566,-0.028461869429260676,0.17414322176989921,0.1970480035871982,0.12933333333333333,0.25866666666666666,0.25866666666666666,-0.021176470588235293,correction_completion,PT_violation_het20,3,200,169,3701214807,reference_fold_convolution_rf,,,,
PRE_SUB,X1=0_k=-4,,,-4.0,reference_fold_pretrend,-0.03622528413101401,-0.044215233903042564,0.216727952491231,-0.41235863064328,-0.36353795828939667,0.3218209317567212,0.3709734926299737,0.4146666666666667,0.8293333333333334,0.8293333333333334,0.5999999999999996,correction_completion,PT_violation_het20,3,200,169,3701214807,reference_fold_convolution_rf,,,,
PRE_SUB,X1=0_k=-3,,,-3.0,reference_fold_pretrend,-0.11474393892935512,-0.12754885100738728,0.20204595737199932,-0.477763685516557,-0.4238214634236586,0.2244545747717482,0.2929413999440797,0.2926666666666667,0.5853333333333334,0.5853333333333334,0.3999999999999998,correction_completion,PT_violation_het20,3,200,169,3701214807,reference_fold_convolution_rf,,,,
PRE_SUB,X1=0_k=-2,,,-2.0,reference_fold_pretrend,-0.1572084246486486,-0.15725694208784396,0.17579356227945264,-0.5004110999515006,-0.44008406648197634,0.1273207833055038,0.19483321773340517,0.20466666666666666,0.4093333333333333,0.4093333333333333,0.1999999999999999,correction_completion,PT_violation_het20,3,200,169,3701214807,reference_fold_convolution_rf,,,,
PRE_SUB,X1=1_k=-4,,,-4.0,reference_fold_pretrend,-0.2880717322402139,-0.28628646607818975,0.22680668767220408,-0.7506398005515332,-0.6943836770338907,0.07726595789932414,0.14161914072700219,0.096,0.192,0.192,-0.6000000000000001,correction_completion,PT_violation_het20,3,200,169,3701214807,reference_fold_convolution_rf,,,,
PRE_SUB,X1=1_k=-3,,,-3.0,reference_fold_pretrend,-0.32209267412388065,-0.30402103175108186,0.21202865009937766,-0.7841892014256789,-0.7037137776887314,0.007159993999376102,0.058484695780956136,0.054,0.108,0.108,-0.4000000000000001,correction_completion,PT_violation_het20,3,200,169,3701214807,reference_fold_convolution_rf,,,,
PRE_SUB,X1=1_k=-2,,,-2.0,reference_fold_pretrend,-0.24140270311401424,-0.22915880589816495,0.17666513087006216,-0.6036323548587436,-0.5408705892687722,0.028820152801073234,0.08480884763287531,0.08266666666666667,0.16533333333333333,0.16533333333333333,-0.20000000000000004,correction_completion,PT_violation_het20,3,200,169,3701214807,reference_fold_convolution_rf,,,,
PRE_SUB,X2=low_k=-4,,,-4.0,reference_fold_pretrend,-0.1607174456660337,-0.16792152830339924,0.1893223975575751,-0.5148623645253584,-0.45502903076428824,0.15582944339083,0.21143723209709964,0.204,0.408,0.408,0.21428571428571427,correction_completion,PT_violation_het20,3,200,169,3701214807,reference_fold_convolution_rf,,,,
PRE_SUB,X2=low_k=-3,,,-3.0,reference_fold_pretrend,-0.2304044673062595,-0.2362064564887453,0.175370289686009,-0.5532778012296191,-0.5130192216194877,0.06604793621678444,0.11457429009868257,0.1,0.2,0.2,0.14285714285714285,correction_completion,PT_violation_het20,3,200,169,3701214807,reference_fold_convolution_rf,,,,
PRE_SUB,X2=low_k=-2,,,-2.0,reference_fold_pretrend,-0.21314870055875554,-0.2180273956169025,0.16453580857061958,-0.5468062917583775,-0.4832521958507685,0.045013032824856435,0.09555732135687872,0.10266666666666667,0.20533333333333334,0.20533333333333334,0.07142857142857142,correction_completion,PT_violation_het20,3,200,169,3701214807,reference_fold_convolution_rf,,,,
PRE_SUB,X2=high_k=-4,,,-4.0,reference_fold_pretrend,-0.19888158741392575,-0.20425977885927316,0.1835340194042336,-0.5721978453568052,-0.49886843312218787,0.10639530344623886,0.15365833978950894,0.14,0.28,0.28,-0.14482758620689656,correction_completion,PT_violation_het20,3,200,169,3701214807,reference_fold_convolution_rf,,,,
PRE_SUB,X2=high_k=-3,,,-3.0,reference_fold_pretrend,-0.24572397188166803,-0.24147791033848248,0.16783969531371373,-0.5916072101624744,-0.5373782701670421,0.03042875924526132,0.07453049976025729,0.07333333333333333,0.14666666666666667,0.14666666666666667,-0.09655172413793103,correction_completion,PT_violation_het20,3,200,169,3701214807,reference_fold_convolution_rf,,,,
PRE_SUB,X2=high_k=-2,,,-2.0,reference_fold_pretrend,-0.21319351229894393,-0.21484445103352856,0.14926326553167754,-0.5181693994331356,-0.4612562511295027,0.03008705151273074,0.07342840456311611,0.084,0.168,0.168,-0.04827586206896552,correction_completion,PT_violation_het20,3,200,169,3701214807,reference_fold_convolution_rf,,,,
PRE_SUBC,X1_k=-4,,,-4.0,reference_fold_pretrend,-0.25184644810919987,-0.2294160322051033,0.27119069438131377,-0.8160740999324522,-0.7311409045705379,0.15820454656609914,0.19106734006776488,0.19333333333333333,0.38666666666666666,0.38666666666666666,-1.1999999999999997,correction_completion,PT_violation_het20,3,200,169,3701214807,reference_fold_convolution_rf,,,,
PRE_SUBC,X1_k=-3,,,-3.0,reference_fold_pretrend,-0.2073487351945255,-0.18753032502402506,0.2615289759564568,-0.762604131415445,-0.6618013794686529,0.16347856738461014,0.19731204090531523,0.23933333333333334,0.4786666666666667,0.4786666666666667,-0.7999999999999998,correction_completion,PT_violation_het20,3,200,169,3701214807,reference_fold_convolution_rf,,,,
PRE_SUBC,X1_k=-2,,,-2.0,reference_fold_pretrend,-0.08419427846536562,-0.056028514348412925,0.19914828546141622,-0.5374371099202198,-0.4305938842214067,0.17532647359928086,0.20410821623954675,0.44533333333333336,0.8906666666666667,0.8906666666666667,-0.3999999999999999,correction_completion,PT_violation_het20,3,200,169,3701214807,reference_fold_convolution_rf,,,,
PRE_SUBC,X1_slope,,,,reference_fold_pretrend,0.0896022209415726,0.08019560360098318,0.10380465628026671,-0.07751393563861592,-0.06506082377959338,0.2732813789670887,0.3025610580251207,0.214,0.428,0.428,0.3999999999999999,correction_completion,PT_violation_het20,3,200,169,3701214807,reference_fold_convolution_rf,,,,
PRE_SUBC,X2_k=-4,,,-4.0,reference_fold_pretrend,-0.038164141747892025,-0.031979467807284584,0.11466172308477478,-0.28205119133503104,-0.24280599803889222,0.1378629339369029,0.16286289749639196,0.38533333333333336,0.7706666666666667,0.7706666666666667,-0.3591133004926108,correction_completion,PT_violation_het20,3,200,169,3701214807,reference_fold_convolution_rf,,,,
PRE_SUBC,X2_k=-3,,,-3.0,reference_fold_pretrend,-0.015319504575408559,-0.009784593346849925,0.10673450678872584,-0.24512551380422126,-0.196907049811125,0.1444178096295993,0.1665402256778441,0.4613333333333333,0.9226666666666666,0.9226666666666666,-0.23940886699507388,correction_completion,PT_violation_het20,3,200,169,3701214807,reference_fold_convolution_rf,,,,
PRE_SUBC,X2_k=-2,,,-2.0,reference_fold_pretrend,-4.48117401884014e-05,0.006804155405604986,0.0928790619171704,-0.19041109776053602,-0.15732937342296746,0.13459962342849968,0.15632838890319856,0.4766666666666667,0.9533333333333334,0.9533333333333334,-0.11970443349753694,correction_completion,PT_violation_het20,3,200,169,3701214807,reference_fold_convolution_rf,,,,
PRE_SUBC,X2_slope,,,,reference_fold_pretrend,0.010369731866762972,0.008516623718363241,0.04353789478599845,-0.06519126703068269,-0.05686823435201414,0.08384956595181059,0.10369825740716845,0.43,0.86,0.86,0.11970443349753694,correction_completion,PT_violation_het20,3,200,169,3701214807,reference_fold_convolution_rf,,,,
PRE,k=-4,,,-4.0,pretrend,-0.0793166310443789,-0.08003718866188933,0.19713557268646653,-0.47580631463549455,-0.41737909121627126,0.2379540357109861,0.3029022263343642,0.3446666666666667,0.6893333333333334,0.6893333333333334,0.06315789473684211,correction_completion,PT_violation_het40,3,200,153,2100613956,raw_structured,,,,
PRE,k=-3,,,-3.0,pretrend,-0.07782427474392326,-0.07643080767206649,0.18977466809257165,-0.4599552710836659,-0.3924758224867674,0.221747865994898,0.2859174787537848,0.346,0.692,0.692,0.04210526315789474,correction_completion,PT_violation_het40,3,200,153,2100613956,raw_structured,,,,
PRE,k=-2,,,-2.0,pretrend,-0.10533139685592725,-0.08024448678435489,0.17693216930619787,-0.4569137540970975,-0.4080403890211823,0.17242646425631344,0.2553775254962614,0.39,0.78,0.78,0.02105263157894737,correction_completion,PT_violation_het40,3,200,153,2100613956,raw_structured,,,,
PRE,slope,,,,pretrend,0.03563784567692217,0.03516868053894686,0.0693139913961782,-0.09127909197592013,-0.074996588730553,0.14924734036370574,0.1690937508427579,0.31866666666666665,0.6373333333333333,0.6373333333333333,-0.02105263157894737,correction_completion,PT_violation_het40,3,200,153,2100613956,raw_structured,,,,
PRE_SUB,X1=0_k=-4,,,-4.0,pretrend,0.6043794738143164,0.6019574472905203,0.26549207265631264,0.10239339991533174,0.17935198530227103,1.0448096905480344,1.129326507002062,0.009333333333333334,0.018666666666666668,0.018666666666666668,1.1999999999999995,correction_completion,PT_violation_het40,3,200,153,2100613956,raw_structured,,,,
PRE_SUB,X1=0_k=-3,,,-3.0,pretrend,0.3981678127318643,0.4121126125762923,0.2685313950187966,-0.11939529061374632,-0.0402065158672323,0.8332536122755353,0.9060410916232021,0.09533333333333334,0.19066666666666668,0.19066666666666668,0.7999999999999997,correction_completion,PT_violation_het40,3,200,153,2100613956,raw_structured,,,,
PRE_SUB,X1=0_k=-2,,,-2.0,pretrend,0.05433184222191688,0.0,0.22281945741475725,-0.3673302563673321,-0.288664653341438,0.4672470225149742,0.5725357182727897,0.5866666666666667,1.0,1.0,0.39999999999999986,correction_completion,PT_violation_het40,3,200,153,2100613956,raw_structured,,,,
PRE_SUB,X1=1_k=-4,,,-4.0,pretrend,-0.8389789697762626,-0.8395619728705433,0.2837986746687055,-1.4206351249984774,-1.3116360872447619,-0.3677566736963111,-0.3034193423423006,0.0013333333333333333,0.0026666666666666666,0.0026666666666666666,-1.1999999999999995,correction_completion,PT_violation_het40,3,200,153,2100613956,raw_structured,,,,
PRE_SUB,X1=1_k=-3,,,-3.0,pretrend,-0.6067043719392428,-0.6050877237018331,0.29753187671403974,-1.1668439287460926,-1.0976206459714308,-0.08616949988425023,0.0,0.035333333333333335,0.07066666666666667,0.07066666666666667,-0.7999999999999997,correction_completion,PT_violation_het40,3,200,153,2100613956,raw_structured,,,,
PRE_SUB,X1=1_k=-2,,,-2.0,pretrend,-0.2827349958313096,-0.252835340529143,0.28101425140525427,-0.8275460054438659,-0.7472700321034739,0.03253966779934129,0.10385227173685206,0.288,0.576,0.576,-0.39999999999999986,correction_completion,PT_violation_het40,3,200,153,2100613956,raw_structured,,,,
PRE_SUB,X2=low_k=-4,,,-4.0,pretrend,-0.1512283237664293,-0.15610454304023155,0.19994668993248063,-0.5516439756533751,-0.4963075960629509,0.17622692453711036,0.23667036928377258,0.22066666666666668,0.44133333333333336,0.44133333333333336,-0.06315789473684211,correction_completion,PT_violation_het40,3,200,153,2100613956,raw_structured,,,,
PRE_SUB,X2=low_k=-3,,,-3.0,pretrend,-0.1262763619748979,-0.12144275968263542,0.19461722484753652,-0.5229268159258557,-0.4495057107121271,0.17760398509826422,0.2464486371400674,0.26666666666666666,0.5333333333333333,0.5333333333333333,-0.04210526315789474,correction_completion,PT_violation_het40,3,200,153,2100613956,raw_structured,,,,
PRE_SUB,X2=low_k=-2,,,-2.0,pretrend,-0.11810468631133449,-0.08824650712587845,0.18176296796930486,-0.4829603771467816,-0.42600119924731994,0.16253053030349865,0.23597620392885782,0.38066666666666665,0.7613333333333333,0.7613333333333333,-0.02105263157894737,correction_completion,PT_violation_het40,3,200,153,2100613956,raw_structured,,,,
PRE_SUB,X2=high_k=-4,,,-4.0,pretrend,-0.23940859501144707,-0.24234266751811623,0.20867587150378544,-0.667052597510935,-0.6027227278831095,0.10172044665185943,0.15404249182268373,0.12933333333333333,0.25866666666666666,0.25866666666666666,-0.18947368421052632,correction_completion,PT_violation_het40,3,200,153,2100613956,raw_structured,,,,
PRE_SUB,X2=high_k=-3,,,-3.0,pretrend,-0.19180281703930302,-0.18694537214672902,0.2012093272382025,-0.6029139159076828,-0.5196896059469663,0.11880826410373378,0.19000573812412466,0.18,0.36,0.36,-0.12631578947368421,correction_completion,PT_violation_het40,3,200,153,2100613956,raw_structured,,,,
PRE_SUB,X2=high_k=-2,,,-2.0,pretrend,-0.14940591440539802,-0.12607326675237512,0.19398708853589822,-0.5385644655994614,-0.48382544239529446,0.1310374469568556,0.20361189879413205,0.3466666666666667,0.6933333333333334,0.6933333333333334,-0.06315789473684211,correction_completion,PT_violation_het40,3,200,153,2100613956,raw_structured,,,,
PRE_SUBC,X1_k=-4,,,-4.0,pretrend,-1.4433584435905789,-1.4477162539212955,0.38203603154328153,-2.190128586894604,-2.0842618709737204,-0.8016077107564057,-0.7124383224126636,0.0,0.0,0.0,-2.399999999999999,correction_completion,PT_violation_het40,3,200,153,2100613956,raw_structured,,,,
PRE_SUBC,X1_k=-3,,,-3.0,pretrend,-1.004872184671107,-0.9944349297538596,0.41948825758358377,-1.7590149289123198,-1.6783318523974216,-0.19487797998709852,0.0,0.028666666666666667,0.05733333333333333,0.05733333333333333,-1.5999999999999994,correction_completion,PT_violation_het40,3,200,153,2100613956,raw_structured,,,,
PRE_SUBC,X1_k=-2,,,-2.0,pretrend,-0.33706683805322646,-0.2753699708690946,0.35956478835910055,-1.0114875895392978,-0.9219002213931612,5.839079220137923e-16,1.044823949580828e-15,0.33466666666666667,0.6693333333333333,0.6693333333333333,-0.7999999999999997,correction_completion,PT_violation_het40,3,200,153,2100613956,raw_structured,,,,
PRE_SUBC,X1_slope,,,,pretrend,0.4769204670119413,0.4738829098490438,0.1403256132478992,0.19583724453438073,0.2430250415136519,0.7091386005463918,0.75058305764076,0.0,0.0,0.0,0.7999999999999997,correction_completion,PT_violation_het40,3,200,153,2100613956,raw_structured,,,,
PRE_SUBC,X2_k=-4,,,-4.0,pretrend,-0.08818027124501776,-0.0770829342745213,0.07727533515166318,-0.3463262466127159,-0.23298835033496273,-0.03751892959357065,-0.028448111506827425,0.015333333333333332,0.030666666666666665,0.030666666666666665,-0.12631578947368421,correction_completion,PT_violation_het40,3,200,153,2100613956,raw_structured,,,,
PRE_SUBC,X2_k=-3,,,-3.0,pretrend,-0.06552645506440515,-0.053295040052419196,0.07392031448366367,-0.3219077168850351,-0.19312147835661964,-1.942890293094024e-16,2.1204826089471034e-16,0.04466666666666667,0.08933333333333333,0.08933333333333333,-0.08421052631578947,correction_completion,PT_violation_het40,3,200,153,2100613956,raw_structured,,,,
PRE_SUBC,X2_k=-2,,,-2.0,pretrend,-0.03130122809406354,-0.015199182648513613,0.07051625194617109,-0.3040108790082566,-0.1460285150414625,4.718447854656915e-16,8.67708682683597e-16,0.35733333333333334,0.7146666666666667,0.7146666666666667,-0.042105263157894736,correction_completion,PT_violation_het40,3,200,153,2100613956,raw_structured,,,,
PRE_SUBC,X2_slope,,,,pretrend,0.03049249656842336,0.025193362323919867,0.0312043918969491,0.006874842565083581,0.010342942161205907,0.08367406047455468,0.1395338810766267,0.015333333333333332,0.030666666666666665,0.030666666666666665,0.042105263157894736,correction_completion,PT_violation_het40,3,200,153,2100613956,raw_structured,,,,
PRE,k=-4,,,-4.0,reference_fold_pretrend,-0.22595129642461342,-0.2228545486014394,0.20216767827531482,-0.6333161056833662,-0.5649601538480543,0.10208523575626642,0.15803134983007955,0.134,0.268,0.268,0.06315789473684211,correction_completion,PT_violation_het40,3,200,153,2100613956,reference_fold_convolution_rf,,,,
PRE,k=-3,,,-3.0,reference_fold_pretrend,-0.19379891787399556,-0.19214455095829913,0.18352037229961304,-0.5640277262895753,-0.5027990994504368,0.09547343458906082,0.1543568685479846,0.144,0.288,0.288,0.04210526315789474,correction_completion,PT_violation_het40,3,200,153,2100613956,reference_fold_convolution_rf,,,,
PRE,k=-2,,,-2.0,reference_fold_pretrend,-0.18056280984647952,-0.18100562484411714,0.1673073755819908,-0.4964832785907906,-0.4526061336088601,0.08934115820368564,0.13053774580930783,0.16466666666666666,0.3293333333333333,0.3293333333333333,0.02105263157894737,correction_completion,PT_violation_het40,3,200,153,2100613956,reference_fold_convolution_rf,,,,
PRE,slope,,,,reference_fold_pretrend,0.08900103820487934,0.09028123204190223,0.07018915852470703,-0.046991865106206086,-0.023668383856116474,0.20156704647576648,0.22896486991357853,0.10533333333333333,0.21066666666666667,0.21066666666666667,-0.02105263157894737,correction_completion,PT_violation_het40,3,200,153,2100613956,reference_fold_convolution_rf,,,,
PRE_SUB,X1=0_k=-4,,,-4.0,reference_fold_pretrend,0.36999071327875105,0.3643462791732859,0.2513421414803629,-0.10646393836922667,-0.039518086837531906,0.7705913768293268,0.837537632311258,0.06733333333333333,0.13466666666666666,0.13466666666666666,1.1999999999999995,correction_completion,PT_violation_het40,3,200,153,2100613956,reference_fold_convolution_rf,,,,
PRE_SUB,X1=0_k=-3,,,-3.0,reference_fold_pretrend,0.24420102569151808,0.23651776252465467,0.2282440376821491,-0.1980482564292415,-0.12720164293779945,0.6277258055205449,0.6779913378726263,0.14533333333333334,0.2906666666666667,0.2906666666666667,0.7999999999999997,correction_completion,PT_violation_het40,3,200,153,2100613956,reference_fold_convolution_rf,,,,
PRE_SUB,X1=0_k=-2,,,-2.0,reference_fold_pretrend,0.026411097469879654,0.01579891767055545,0.19045613107825884,-0.34272761986157324,-0.28688545382780767,0.332353848527149,0.38618863846372053,0.4726666666666667,0.9453333333333334,0.9453333333333334,0.39999999999999986,correction_completion,PT_violation_het40,3,200,153,2100613956,reference_fold_convolution_rf,,,,
PRE_SUB,X1=1_k=-4,,,-4.0,reference_fold_pretrend,-0.8881090849839072,-0.8925770212734967,0.2760460719970143,-1.4177833679705834,-1.3313484214077427,-0.4371597002382416,-0.3451674337863499,0.0,0.0,0.0,-1.1999999999999995,correction_completion,PT_violation_het40,3,200,153,2100613956,reference_fold_convolution_rf,,,,
PRE_SUB,X1=1_k=-3,,,-3.0,reference_fold_pretrend,-0.6804655218356773,-0.6768040492789023,0.25541240058610554,-1.1962317333752346,-1.1067043692179033,-0.2666625750569766,-0.1781952949334305,0.004,0.008,0.008,-0.7999999999999997,correction_completion,PT_violation_het40,3,200,153,2100613956,reference_fold_convolution_rf,,,,
PRE_SUB,X1=1_k=-2,,,-2.0,reference_fold_pretrend,-0.41053381797576755,-0.41139221006470417,0.24915069374153279,-0.9005724279192697,-0.8085796631071349,0.0,0.020277130309012823,0.058,0.116,0.116,-0.39999999999999986,correction_completion,PT_violation_het40,3,200,153,2100613956,reference_fold_convolution_rf,,,,
PRE_SUB,X2=low_k=-4,,,-4.0,reference_fold_pretrend,-0.3081993314087052,-0.3075458878291275,0.2116432530249204,-0.7270203054741179,-0.6498294497945631,0.036206835172195785,0.09875378802323034,0.07333333333333333,0.14666666666666667,0.14666666666666667,-0.06315789473684211,correction_completion,PT_violation_het40,3,200,153,2100613956,reference_fold_convolution_rf,,,,
PRE_SUB,X2=low_k=-3,,,-3.0,reference_fold_pretrend,-0.27349676405898316,-0.2724183875435297,0.19460351676429266,-0.6583750111573861,-0.5908581928550201,0.03797455142560076,0.09429674949048426,0.07733333333333334,0.15466666666666667,0.15466666666666667,-0.04210526315789474,correction_completion,PT_violation_het40,3,200,153,2100613956,reference_fold_convolution_rf,,,,
PRE_SUB,X2=low_k=-2,,,-2.0,reference_fold_pretrend,-0.24023789848465102,-0.23786416371624036,0.17805631237267672,-0.5720507995191383,-0.5263199697263881,0.03635723663399058,0.07615004810219768,0.104,0.208,0.208,-0.02105263157894737,correction_completion,PT_violation_het40,3,200,153,2100613956,reference_fold_convolution_rf,,,,
PRE_SUB,X2=high_k=-4,,,-4.0,reference_fold_pretrend,-0.2749869717673102,-0.27090327856465624,0.20517284062702712,-0.6712710067634412,-0.604401094435205,0.0566631347400421,0.12287807056370559,0.094,0.188,0.188,-0.18947368421052632,correction_completion,PT_violation_het40,3,200,153,2100613956,reference_fold_convolution_rf,,,,
PRE_SUB,X2=high_k=-3,,,-3.0,reference_fold_pretrend,-0.2418093613984707,-0.24148281766553445,0.1858849073562121,-0.6279468156948983,-0.5545861856789291,0.060740796399573034,0.11767693335047007,0.08933333333333333,0.17866666666666667,0.17866666666666667,-0.12631578947368421,correction_completion,PT_violation_het40,3,200,153,2100613956,reference_fold_convolution_rf,,,,
PRE_SUB,X2=high_k=-2,,,-2.0,reference_fold_pretrend,-0.19429291197605494,-0.1990600888886279,0.17303855412217337,-0.5307102812408134,-0.47865030988703644,0.08566768937798469,0.11990209192232748,0.14866666666666667,0.29733333333333334,0.29733333333333334,-0.06315789473684211,correction_completion,PT_violation_het40,3,200,153,2100613956,reference_fold_convolution_rf,,,,
PRE_SUBC,X1_k=-4,,,-4.0,reference_fold_pretrend,-1.2580997982626583,-1.2461251318620528,0.3379444705634486,-1.9517058430984446,-1.815072456625592,-0.7362019777470779,-0.656878848985897,0.0,0.0,0.0,-2.399999999999999,correction_completion,PT_violation_het40,3,200,153,2100613956,reference_fold_convolution_rf,,,,
PRE_SUBC,X1_k=-3,,,-3.0,reference_fold_pretrend,-0.9246665475271953,-0.9217212527542415,0.31437774188317125,-1.5413824131919918,-1.432110362199304,-0.42395626281050525,-0.2693690278069252,0.0033333333333333335,0.006666666666666667,0.006666666666666667,-1.5999999999999994,correction_completion,PT_violation_het40,3,200,153,2100613956,reference_fold_convolution_rf,,,,
PRE_SUBC,X1_k=-2,,,-2.0,reference_fold_pretrend,-0.4369449154456471,-0.4572049839613458,0.2867820551608903,-1.0011575567392916,-0.8911137738357515,0.036433667237219636,0.07179919533268696,0.10333333333333333,0.20666666666666667,0.20666666666666667,-0.7999999999999997,correction_completion,PT_violation_het40,3,200,153,2100613956,reference_fold_convolution_rf,,,,
PRE_SUBC,X1_slope,,,,reference_fold_pretrend,0.43289838609200093,0.43053607288522133,0.11961807724431599,0.20092791135843044,0.2435092606357837,0.6279762160421716,0.6690756131017743,0.0,0.0,0.0,0.7999999999999997,correction_completion,PT_violation_het40,3,200,153,2100613956,reference_fold_convolution_rf,,,,
PRE_SUBC,X2_k=-4,,,-4.0,reference_fold_pretrend,0.033212359641394996,0.030620929557926495,0.09980898085215995,-0.1627931606841802,-0.12018475427478728,0.19783147641696613,0.23531954151939088,0.36866666666666664,0.7373333333333333,0.7373333333333333,-0.12631578947368421,correction_completion,PT_violation_het40,3,200,153,2100613956,reference_fold_convolution_rf,,,,
PRE_SUBC,X2_k=-3,,,-3.0,reference_fold_pretrend,0.03168740266051243,0.026527426067849663,0.09709572858074106,-0.16001464447355987,-0.12865089444329755,0.19186114568051674,0.22243727093737076,0.38333333333333336,0.7666666666666667,0.7666666666666667,-0.08421052631578947,correction_completion,PT_violation_het40,3,200,153,2100613956,reference_fold_convolution_rf,,,,
PRE_SUBC,X2_k=-2,,,-2.0,reference_fold_pretrend,0.04594498650859606,0.06006015385983841,0.07912659051102149,-0.13241303205664043,-0.10115331366818513,0.153979395512653,0.17016413612037617,0.3006666666666667,0.6013333333333334,0.6013333333333334,-0.042105263157894736,correction_completion,PT_violation_het40,3,200,153,2100613956,reference_fold_convolution_rf,,,,
PRE_SUBC,X2_slope,,,,reference_fold_pretrend,-0.014925490768128996,-0.015028402667932443,0.03592915706018901,-0.08617749294238598,-0.0742916813409818,0.044831388866988835,0.05342643175683038,0.332,0.664,0.664,0.042105263157894736,correction_completion,PT_violation_het40,3,200,153,2100613956,reference_fold_convolution_rf,,,,
GATT,g=4_t=4,4.0,4.0,0.0,raw_structured,3.859264640479288,3.8636344081137013,0.10548187224023632,3.632557751424352,3.675205532574269,4.018387689730148,4.051171032115144,0.0,0.0,0.0,3.778703613588648,correction_completion,baseline_sweep,1,400,37,225488650,raw_structured,,,,
GATT,g=4_t=5,4.0,5.0,1.0,raw_structured,3.902658589854094,3.9036083279949905,0.09736173895907801,3.7110119254250544,3.742619309715028,4.062423182300232,4.093263351464602,0.0,0.0,0.0,3.778703613588648,correction_completion,baseline_sweep,1,400,37,225488650,raw_structured,,,,
GATT,g=4_t=6,4.0,6.0,2.0,raw_structured,3.943329745924938,3.9381157931192305,0.10231478260881781,3.747830653806008,3.781014379528384,4.110113952505944,4.142550330479174,0.0,0.0,0.0,3.778703613588648,correction_completion,baseline_sweep,1,400,37,225488650,raw_structured,,,,
GATT,g=4_t=7,4.0,7.0,3.0,raw_structured,4.020085665527362,4.014636045177363,0.11706603888000004,3.8138346130126224,3.843078562924756,4.224133906995002,4.2692320290566945,0.0,0.0,0.0,3.778703613588648,correction_completion,baseline_sweep,1,400,37,225488650,raw_structured,,,,
ES,k=0,,,0.0,raw_structured,3.859264640479288,3.8636344081137013,0.10548187224023632,3.632557751424352,3.675205532574269,4.018387689730148,4.051171032115144,0.0,0.0,0.0,3.778703613588648,correction_completion,baseline_sweep,1,400,37,225488650,raw_structured,,,,
ES,k=1,,,1.0,raw_structured,3.902658589854094,3.9036083279949905,0.09736173895907801,3.7110119254250544,3.742619309715028,4.062423182300232,4.093263351464602,0.0,0.0,0.0,3.778703613588648,correction_completion,baseline_sweep,1,400,37,225488650,raw_structured,,,,
ES,k=2,,,2.0,raw_structured,3.943329745924938,3.9381157931192305,0.10231478260881781,3.747830653806008,3.781014379528384,4.110113952505944,4.142550330479174,0.0,0.0,0.0,3.778703613588648,correction_completion,baseline_sweep,1,400,37,225488650,raw_structured,,,,
ES,k=3,,,3.0,raw_structured,4.020085665527362,4.014636045177363,0.11706603888000004,3.8138346130126224,3.843078562924756,4.224133906995002,4.2692320290566945,0.0,0.0,0.0,3.778703613588648,correction_completion,baseline_sweep,1,400,37,225488650,raw_structured,,,,
ATT,ATT,,,,raw_structured,3.9313346604464203,3.933124731667399,0.07888206239512217,3.775260002021329,3.8015896842737575,4.060501241737563,4.0872939624988724,0.0,0.0,0.0,3.7787036135886485,correction_completion,baseline_sweep,1,400,37,225488650,raw_structured,,,,
GATT,g=4_t=4,4.0,4.0,0.0,reference_fold_convolution,3.9416338564050264,3.9420984436203903,0.17136448992693273,3.5983960268964035,3.6508755722555493,4.223188662541539,4.274687361471993,0.0,0.0,0.0,3.778703613588648,correction_completion,baseline_sweep,1,400,37,225488650,reference_fold_convolution_rf,2.948622427426286,80.13363536660549,,"{""0"": {""bar_pi"": 0.49, ""control_ess"": 80.13363536660549, ""fold_sizes"": [{""evaluation"": 200, ""fold"": 0, ""train"": 200}], ""global_fold_bb"": true, ""max_control_odds"": 2.948622427426286, ""n_clipped"": 0, ""n_complement_units"": 200, ""n_eval_units"": 200, ""posterior_cache_key"": ""g=4_fold=0"", ""posterior_draws"": 1500, ""raw_max_control_odds"": 2.948622427426286}, ""1"": {""bar_pi"": 0.445, ""control_ess"": 93.7956711595959, ""fold_sizes"": [{""evaluation"": 200, ""fold"": 0, ""train"": 200}], ""global_fold_bb"": true, ""max_control_odds"": 2.2506782202855833, ""n_clipped"": 0, ""n_complement_units"": 200, ""n_eval_units"": 200, ""posterior_cache_key"": ""g=4_fold=1"", ""posterior_draws"": 1500, ""raw_max_control_odds"": 2.2506782202855833}}"
GATT,g=4_t=5,4.0,5.0,1.0,reference_fold_convolution,4.067568495180428,4.060762953466658,0.19193767555035748,3.7026029906926508,3.7678873332610054,4.387004122165846,4.440832978473624,0.0,0.0,0.0,3.778703613588648,correction_completion,baseline_sweep,1,400,37,225488650,reference_fold_convolution_rf,2.948622427426286,80.13363536660549,,"{""0"": {""bar_pi"": 0.49, ""control_ess"": 80.13363536660549, ""fold_sizes"": [{""evaluation"": 200, ""fold"": 0, ""train"": 200}], ""global_fold_bb"": true, ""max_control_odds"": 2.948622427426286, ""n_clipped"": 0, ""n_complement_units"": 200, ""n_eval_units"": 200, ""posterior_cache_key"": ""g=4_fold=0"", ""posterior_draws"": 1500, ""raw_max_control_odds"": 2.948622427426286}, ""1"": {""bar_pi"": 0.445, ""control_ess"": 93.7956711595959, ""fold_sizes"": [{""evaluation"": 200, ""fold"": 0, ""train"": 200}], ""global_fold_bb"": true, ""max_control_odds"": 2.2506782202855833, ""n_clipped"": 0, ""n_complement_units"": 200, ""n_eval_units"": 200, ""posterior_cache_key"": ""g=4_fold=1"", ""posterior_draws"": 1500, ""raw_max_control_odds"": 2.2506782202855833}}"
GATT,g=4_t=6,4.0,6.0,2.0,reference_fold_convolution,4.156429106564261,4.156612820481431,0.18955276567252427,3.776757513317012,3.8540127426742976,4.464248056105601,4.525322625513385,0.0,0.0,0.0,3.778703613588648,correction_completion,baseline_sweep,1,400,37,225488650,reference_fold_convolution_rf,2.948622427426286,80.13363536660549,,"{""0"": {""bar_pi"": 0.49, ""control_ess"": 80.13363536660549, ""fold_sizes"": [{""evaluation"": 200, ""fold"": 0, ""train"": 200}], ""global_fold_bb"": true, ""max_control_odds"": 2.948622427426286, ""n_clipped"": 0, ""n_complement_units"": 200, ""n_eval_units"": 200, ""posterior_cache_key"": ""g=4_fold=0"", ""posterior_draws"": 1500, ""raw_max_control_odds"": 2.948622427426286}, ""1"": {""bar_pi"": 0.445, ""control_ess"": 93.7956711595959, ""fold_sizes"": [{""evaluation"": 200, ""fold"": 0, ""train"": 200}], ""global_fold_bb"": true, ""max_control_odds"": 2.2506782202855833, ""n_clipped"": 0, ""n_complement_units"": 200, ""n_eval_units"": 200, ""posterior_cache_key"": ""g=4_fold=1"", ""posterior_draws"": 1500, ""raw_max_control_odds"": 2.2506782202855833}}"
GATT,g=4_t=7,4.0,7.0,3.0,reference_fold_convolution,4.177075667778175,4.173872885617975,0.17152756357089594,3.850537294221513,3.904288769281695,4.452377539402723,4.528779935437399,0.0,0.0,0.0,3.778703613588648,correction_completion,baseline_sweep,1,400,37,225488650,reference_fold_convolution_rf,2.948622427426286,80.13363536660549,,"{""0"": {""bar_pi"": 0.49, ""control_ess"": 80.13363536660549, ""fold_sizes"": [{""evaluation"": 200, ""fold"": 0, ""train"": 200}], ""global_fold_bb"": true, ""max_control_odds"": 2.948622427426286, ""n_clipped"": 0, ""n_complement_units"": 200, ""n_eval_units"": 200, ""posterior_cache_key"": ""g=4_fold=0"", ""posterior_draws"": 1500, ""raw_max_control_odds"": 2.948622427426286}, ""1"": {""bar_pi"": 0.445, ""control_ess"": 93.7956711595959, ""fold_sizes"": [{""evaluation"": 200, ""fold"": 0, ""train"": 200}], ""global_fold_bb"": true, ""max_control_odds"": 2.2506782202855833, ""n_clipped"": 0, ""n_complement_units"": 200, ""n_eval_units"": 200, ""posterior_cache_key"": ""g=4_fold=1"", ""posterior_draws"": 1500, ""raw_max_control_odds"": 2.2506782202855833}}"
ES,k=0,,,0.0,reference_fold_convolution,3.9416338564050264,3.9420984436203903,0.17136448992693273,3.5983960268964035,3.6508755722555493,4.223188662541539,4.274687361471993,0.0,0.0,0.0,3.778703613588648,correction_completion,baseline_sweep,1,400,37,225488650,reference_fold_convolution_rf,,,,{}
ES,k=1,,,1.0,reference_fold_convolution,4.067568495180428,4.060762953466658,0.19193767555035748,3.7026029906926508,3.7678873332610054,4.387004122165846,4.440832978473624,0.0,0.0,0.0,3.778703613588648,correction_completion,baseline_sweep,1,400,37,225488650,reference_fold_convolution_rf,,,,{}
ES,k=2,,,2.0,reference_fold_convolution,4.156429106564261,4.156612820481431,0.18955276567252427,3.776757513317012,3.8540127426742976,4.464248056105601,4.525322625513385,0.0,0.0,0.0,3.778703613588648,correction_completion,baseline_sweep,1,400,37,225488650,reference_fold_convolution_rf,,,,{}
ES,k=3,,,3.0,reference_fold_convolution,4.177075667778175,4.173872885617975,0.17152756357089594,3.850537294221513,3.904288769281695,4.452377539402723,4.528779935437399,0.0,0.0,0.0,3.778703613588648,correction_completion,baseline_sweep,1,400,37,225488650,reference_fold_convolution_rf,,,,{}
ATT,ATT,,,,reference_fold_convolution,4.085676781481972,4.082935175541796,0.15203157731402311,3.7936178143949215,3.8443347063296147,4.339206937160127,4.395022499696748,0.0,0.0,0.0,3.7787036135886485,correction_completion,baseline_sweep,1,400,37,225488650,reference_fold_convolution_rf,,,,{}
GATT,g=4_t=4,4.0,4.0,0.0,raw_structured,4.135275681122446,4.149507738481993,0.31971827634866284,3.4873912650276795,3.570255880683637,4.637336909838735,4.728967448614843,0.0,0.0,0.0,3.9864647676713902,correction_completion,baseline_sweep_d3,3,50,21,4205939771,raw_structured,,,,
GATT,g=4_t=5,4.0,5.0,1.0,raw_structured,4.341338709838966,4.343984964248774,0.31239425725181785,3.7431284134801985,3.8348144125746946,4.8805342066447235,4.966498683754594,0.0,0.0,0.0,3.9864647676713902,correction_completion,baseline_sweep_d3,3,50,21,4205939771,raw_structured,,,,
GATT,g=4_t=6,4.0,6.0,2.0,raw_structured,4.639903997312794,4.635943492885673,0.31140471433236583,4.053965895677107,4.125710178265904,5.147777268583686,5.233327418645744,0.0,0.0,0.0,3.9864647676713902,correction_completion,baseline_sweep_d3,3,50,21,4205939771,raw_structured,,,,
GATT,g=4_t=7,4.0,7.0,3.0,raw_structured,4.689876613954916,4.691206994363284,0.3205765682893178,4.081123549976923,4.154898820841026,5.213565748773494,5.305625257157544,0.0,0.0,0.0,3.9864647676713902,correction_completion,baseline_sweep_d3,3,50,21,4205939771,raw_structured,,,,
ES,k=0,,,0.0,raw_structured,4.135275681122446,4.149507738481993,0.31971827634866284,3.4873912650276795,3.570255880683637,4.637336909838735,4.728967448614843,0.0,0.0,0.0,3.9864647676713902,correction_completion,baseline_sweep_d3,3,50,21,4205939771,raw_structured,,,,
ES,k=1,,,1.0,raw_structured,4.341338709838966,4.343984964248774,0.31239425725181785,3.7431284134801985,3.8348144125746946,4.8805342066447235,4.966498683754594,0.0,0.0,0.0,3.9864647676713902,correction_completion,baseline_sweep_d3,3,50,21,4205939771,raw_structured,,,,
ES,k=2,,,2.0,raw_structured,4.639903997312794,4.635943492885673,0.31140471433236583,4.053965895677107,4.125710178265904,5.147777268583686,5.233327418645744,0.0,0.0,0.0,3.9864647676713902,correction_completion,baseline_sweep_d3,3,50,21,4205939771,raw_structured,,,,
ES,k=3,,,3.0,raw_structured,4.689876613954916,4.691206994363284,0.3205765682893178,4.081123549976923,4.154898820841026,5.213565748773494,5.305625257157544,0.0,0.0,0.0,3.9864647676713902,correction_completion,baseline_sweep_d3,3,50,21,4205939771,raw_structured,,,,
ATT,ATT,,,,raw_structured,4.451598750557281,4.457754385707963,0.2598151231506939,3.9246595420826758,4.024264022816712,4.878369760341917,4.947216291798283,0.0,0.0,0.0,3.986464767671391,correction_completion,baseline_sweep_d3,3,50,21,4205939771,raw_structured,,,,
GATT,g=4_t=4,4.0,4.0,0.0,reference_fold_convolution,3.949688467789775,3.9397081998170065,0.5828858939725912,2.828209864031214,3.0060123975061384,4.875094069926207,5.114061599424029,0.0,0.0,0.0,3.9864647676713902,correction_completion,baseline_sweep_d3,3,50,21,4205939771,reference_fold_convolution_rf,1.09292591042277,11.999714241706178,,"{""0"": {""bar_pi"": 0.52, ""control_ess"": 11.999714241706178, ""fold_sizes"": [{""evaluation"": 25, ""fold"": 0, ""train"": 25}], ""global_fold_bb"": true, ""max_control_odds"": 0.6833563535911598, ""n_clipped"": 0, ""n_complement_units"": 25, ""n_eval_units"": 25, ""posterior_cache_key"": ""g=4_fold=0"", ""posterior_draws"": 1500, ""raw_max_control_odds"": 0.6833563535911598}, ""1"": {""bar_pi"": 0.4, ""control_ess"": 14.999999999999995, ""fold_sizes"": [{""evaluation"": 25, ""fold"": 0, ""train"": 25}], ""global_fold_bb"": true, ""max_control_odds"": 1.09292591042277, ""n_clipped"": 0, ""n_complement_units"": 25, ""n_eval_units"": 25, ""posterior_cache_key"": ""g=4_fold=1"", ""posterior_draws"": 1500, ""raw_max_control_odds"": 1.09292591042277}}"
GATT,g=4_t=5,4.0,5.0,1.0,reference_fold_convolution,4.385694951735588,4.376867504882955,0.5730725244625265,3.2680755591708874,3.456521075169725,5.351541822216069,5.552327990244579,0.0,0.0,0.0,3.9864647676713902,correction_completion,baseline_sweep_d3,3,50,21,4205939771,reference_fold_convolution_rf,1.09292591042277,11.999714241706178,,"{""0"": {""bar_pi"": 0.52, ""control_ess"": 11.999714241706178, ""fold_sizes"": [{""evaluation"": 25, ""fold"": 0, ""train"": 25}], ""global_fold_bb"": true, ""max_control_odds"": 0.6833563535911598, ""n_clipped"": 0, ""n_complement_units"": 25, ""n_eval_units"": 25, ""posterior_cache_key"": ""g=4_fold=0"", ""posterior_draws"": 1500, ""raw_max_control_odds"": 0.6833563535911598}, ""1"": {""bar_pi"": 0.4, ""control_ess"": 14.999999999999995, ""fold_sizes"": [{""evaluation"": 25, ""fold"": 0, ""train"": 25}], ""global_fold_bb"": true, ""max_control_odds"": 1.09292591042277, ""n_clipped"": 0, ""n_complement_units"": 25, ""n_eval_units"": 25, ""posterior_cache_key"": ""g=4_fold=1"", ""posterior_draws"": 1500, ""raw_max_control_odds"": 1.09292591042277}}"
GATT,g=4_t=6,4.0,6.0,2.0,reference_fold_convolution,4.98541372321735,4.966151548077614,0.6510099711031059,3.709852881705716,3.9507542199887107,6.094417453858523,6.2592881319254765,0.0,0.0,0.0,3.9864647676713902,correction_completion,baseline_sweep_d3,3,50,21,4205939771,reference_fold_convolution_rf,1.09292591042277,11.999714241706178,,"{""0"": {""bar_pi"": 0.52, ""control_ess"": 11.999714241706178, ""fold_sizes"": [{""evaluation"": 25, ""fold"": 0, ""train"": 25}], ""global_fold_bb"": true, ""max_control_odds"": 0.6833563535911598, ""n_clipped"": 0, ""n_complement_units"": 25, ""n_eval_units"": 25, ""posterior_cache_key"": ""g=4_fold=0"", ""posterior_draws"": 1500, ""raw_max_control_odds"": 0.6833563535911598}, ""1"": {""bar_pi"": 0.4, ""control_ess"": 14.999999999999995, ""fold_sizes"": [{""evaluation"": 25, ""fold"": 0, ""train"": 25}], ""global_fold_bb"": true, ""max_control_odds"": 1.09292591042277, ""n_clipped"": 0, ""n_complement_units"": 25, ""n_eval_units"": 25, ""posterior_cache_key"": ""g=4_fold=1"", ""posterior_draws"": 1500, ""raw_max_control_odds"": 1.09292591042277}}"
GATT,g=4_t=7,4.0,7.0,3.0,reference_fold_convolution,4.802580918566577,4.780206200540853,0.7004854227386531,3.4822169131486427,3.6816631488550904,5.9632479422074365,6.233163034342072,0.0,0.0,0.0,3.9864647676713902,correction_completion,baseline_sweep_d3,3,50,21,4205939771,reference_fold_convolution_rf,1.09292591042277,11.999714241706178,,"{""0"": {""bar_pi"": 0.52, ""control_ess"": 11.999714241706178, ""fold_sizes"": [{""evaluation"": 25, ""fold"": 0, ""train"": 25}], ""global_fold_bb"": true, ""max_control_odds"": 0.6833563535911598, ""n_clipped"": 0, ""n_complement_units"": 25, ""n_eval_units"": 25, ""posterior_cache_key"": ""g=4_fold=0"", ""posterior_draws"": 1500, ""raw_max_control_odds"": 0.6833563535911598}, ""1"": {""bar_pi"": 0.4, ""control_ess"": 14.999999999999995, ""fold_sizes"": [{""evaluation"": 25, ""fold"": 0, ""train"": 25}], ""global_fold_bb"": true, ""max_control_odds"": 1.09292591042277, ""n_clipped"": 0, ""n_complement_units"": 25, ""n_eval_units"": 25, ""posterior_cache_key"": ""g=4_fold=1"", ""posterior_draws"": 1500, ""raw_max_control_odds"": 1.09292591042277}}"
ES,k=0,,,0.0,reference_fold_convolution,3.949688467789775,3.9397081998170065,0.5828858939725912,2.828209864031214,3.0060123975061384,4.875094069926207,5.114061599424029,0.0,0.0,0.0,3.9864647676713902,correction_completion,baseline_sweep_d3,3,50,21,4205939771,reference_fold_convolution_rf,,,,{}
ES,k=1,,,1.0,reference_fold_convolution,4.385694951735588,4.376867504882955,0.5730725244625265,3.2680755591708874,3.456521075169725,5.351541822216069,5.552327990244579,0.0,0.0,0.0,3.9864647676713902,correction_completion,baseline_sweep_d3,3,50,21,4205939771,reference_fold_convolution_rf,,,,{}
ES,k=2,,,2.0,reference_fold_convolution,4.98541372321735,4.966151548077614,0.6510099711031059,3.709852881705716,3.9507542199887107,6.094417453858523,6.2592881319254765,0.0,0.0,0.0,3.9864647676713902,correction_completion,baseline_sweep_d3,3,50,21,4205939771,reference_fold_convolution_rf,,,,{}
ES,k=3,,,3.0,reference_fold_convolution,4.802580918566577,4.780206200540853,0.7004854227386531,3.4822169131486427,3.6816631488550904,5.9632479422074365,6.233163034342072,0.0,0.0,0.0,3.9864647676713902,correction_completion,baseline_sweep_d3,3,50,21,4205939771,reference_fold_convolution_rf,,,,{}
ATT,ATT,,,,reference_fold_convolution,4.530844515327322,4.5169203584437305,0.5440712678662836,3.5302749360925465,3.673112957110533,5.45607954361472,5.63756049204055,0.0,0.0,0.0,3.986464767671391,correction_completion,baseline_sweep_d3,3,50,21,4205939771,reference_fold_convolution_rf,,,,{}
GATT,g=4_t=4,4.0,4.0,0.0,raw_structured,-0.17227282929214152,-0.16951978635887982,0.139687178329165,-0.4563124504018144,-0.4097716602402089,0.04813681574172813,0.09616625650540421,0.09466666666666666,0.18933333333333333,0.18933333333333333,0.0,correction_completion,null,3,200,5,2698912878,raw_structured,,,,
GATT,g=4_t=5,4.0,5.0,1.0,raw_structured,-0.11678380781078583,-0.1201857420909001,0.12667743768720008,-0.3529352420061221,-0.32027486564518165,0.09116627188689118,0.1457108302204826,0.168,0.336,0.336,0.0,correction_completion,null,3,200,5,2698912878,raw_structured,,,,
GATT,g=4_t=6,4.0,6.0,2.0,raw_structured,-0.12359258442004376,-0.12682160218137206,0.12946479746391926,-0.3821068783923053,-0.33196161698509485,0.08803549422912803,0.12553065269736732,0.16333333333333333,0.32666666666666666,0.32666666666666666,0.0,correction_completion,null,3,200,5,2698912878,raw_structured,,,,
GATT,g=4_t=7,4.0,7.0,3.0,raw_structured,-0.07908350494275218,-0.0840299188161183,0.1454683550943633,-0.3440173019128899,-0.3054093877267943,0.1655528708993763,0.22945332172484656,0.274,0.548,0.548,0.0,correction_completion,null,3,200,5,2698912878,raw_structured,,,,
ES,k=0,,,0.0,raw_structured,-0.17227282929214152,-0.16951978635887982,0.139687178329165,-0.4563124504018144,-0.4097716602402089,0.04813681574172813,0.09616625650540421,0.09466666666666666,0.18933333333333333,0.18933333333333333,0.0,correction_completion,null,3,200,5,2698912878,raw_structured,,,,
ES,k=1,,,1.0,raw_structured,-0.11678380781078583,-0.1201857420909001,0.12667743768720008,-0.3529352420061221,-0.32027486564518165,0.09116627188689118,0.1457108302204826,0.168,0.336,0.336,0.0,correction_completion,null,3,200,5,2698912878,raw_structured,,,,
ES,k=2,,,2.0,raw_structured,-0.12359258442004376,-0.12682160218137206,0.12946479746391926,-0.3821068783923053,-0.33196161698509485,0.08803549422912803,0.12553065269736732,0.16333333333333333,0.32666666666666666,0.32666666666666666,0.0,correction_completion,null,3,200,5,2698912878,raw_structured,,,,
ES,k=3,,,3.0,raw_structured,-0.07908350494275218,-0.0840299188161183,0.1454683550943633,-0.3440173019128899,-0.3054093877267943,0.1655528708993763,0.22945332172484656,0.274,0.548,0.548,0.0,correction_completion,null,3,200,5,2698912878,raw_structured,,,,
ATT,ATT,,,,raw_structured,-0.12293318161643083,-0.1236243292136,0.11076128852663113,-0.3316775121175803,-0.30371301146332175,0.05668386343150329,0.09673046926579572,0.12733333333333333,0.25466666666666665,0.25466666666666665,0.0,correction_completion,null,3,200,5,2698912878,raw_structured,,,,
GATT,g=4_t=4,4.0,4.0,0.0,reference_fold_convolution,-0.05223373508656415,-0.05773678609631304,0.2062548231984114,-0.44611732331402265,-0.4009962311411548,0.2951780648476097,0.38792939453374425,0.3893333333333333,0.7786666666666666,0.7786666666666666,0.0,correction_completion,null,3,200,5,2698912878,reference_fold_convolution_rf,2.366126570094982,41.655888025157594,,"{""0"": {""bar_pi"": 0.51, ""control_ess"": 41.655888025157594, ""fold_sizes"": [{""evaluation"": 100, ""fold"": 0, ""train"": 100}], ""global_fold_bb"": true, ""max_control_odds"": 2.275092401059774, ""n_clipped"": 0, ""n_complement_units"": 100, ""n_eval_units"": 100, ""posterior_cache_key"": ""g=4_fold=0"", ""posterior_draws"": 1500, ""raw_max_control_odds"": 2.275092401059774}, ""1"": {""bar_pi"": 0.51, ""control_ess"": 43.282712709672566, ""fold_sizes"": [{""evaluation"": 100, ""fold"": 0, ""train"": 100}], ""global_fold_bb"": true, ""max_control_odds"": 2.366126570094982, ""n_clipped"": 0, ""n_complement_units"": 100, ""n_eval_units"": 100, ""posterior_cache_key"": ""g=4_fold=1"", ""posterior_draws"": 1500, ""raw_max_control_odds"": 2.366126570094982}}"
GATT,g=4_t=5,4.0,5.0,1.0,reference_fold_convolution,0.0735906425077294,0.07420294882337652,0.20189713054350414,-0.30942788134868876,-0.25187785275896984,0.40716351142037666,0.4926590062319032,0.34,0.68,0.68,0.0,correction_completion,null,3,200,5,2698912878,reference_fold_convolution_rf,2.366126570094982,41.655888025157594,,"{""0"": {""bar_pi"": 0.51, ""control_ess"": 41.655888025157594, ""fold_sizes"": [{""evaluation"": 100, ""fold"": 0, ""train"": 100}], ""global_fold_bb"": true, ""max_control_odds"": 2.275092401059774, ""n_clipped"": 0, ""n_complement_units"": 100, ""n_eval_units"": 100, ""posterior_cache_key"": ""g=4_fold=0"", ""posterior_draws"": 1500, ""raw_max_control_odds"": 2.275092401059774}, ""1"": {""bar_pi"": 0.51, ""control_ess"": 43.282712709672566, ""fold_sizes"": [{""evaluation"": 100, ""fold"": 0, ""train"": 100}], ""global_fold_bb"": true, ""max_control_odds"": 2.366126570094982, ""n_clipped"": 0, ""n_complement_units"": 100, ""n_eval_units"": 100, ""posterior_cache_key"": ""g=4_fold=1"", ""posterior_draws"": 1500, ""raw_max_control_odds"": 2.366126570094982}}"
GATT,g=4_t=6,4.0,6.0,2.0,reference_fold_convolution,-0.014848247047621157,-0.01795279765395486,0.23125618322287422,-0.4737211281305618,-0.39900978781612134,0.35298979524318713,0.4477616682028288,0.4686666666666667,0.9373333333333334,0.9373333333333334,0.0,correction_completion,null,3,200,5,2698912878,reference_fold_convolution_rf,2.366126570094982,41.655888025157594,,"{""0"": {""bar_pi"": 0.51, ""control_ess"": 41.655888025157594, ""fold_sizes"": [{""evaluation"": 100, ""fold"": 0, ""train"": 100}], ""global_fold_bb"": true, ""max_control_odds"": 2.275092401059774, ""n_clipped"": 0, ""n_complement_units"": 100, ""n_eval_units"": 100, ""posterior_cache_key"": ""g=4_fold=0"", ""posterior_draws"": 1500, ""raw_max_control_odds"": 2.275092401059774}, ""1"": {""bar_pi"": 0.51, ""control_ess"": 43.282712709672566, ""fold_sizes"": [{""evaluation"": 100, ""fold"": 0, ""train"": 100}], ""global_fold_bb"": true, ""max_control_odds"": 2.366126570094982, ""n_clipped"": 0, ""n_complement_units"": 100, ""n_eval_units"": 100, ""posterior_cache_key"": ""g=4_fold=1"", ""posterior_draws"": 1500, ""raw_max_control_odds"": 2.366126570094982}}"
GATT,g=4_t=7,4.0,7.0,3.0,reference_fold_convolution,0.06756319628256217,0.07857777639003685,0.21766541427466365,-0.3893667322105668,-0.3038535657616247,0.40621541225823393,0.4791182672960483,0.37466666666666665,0.7493333333333333,0.7493333333333333,0.0,correction_completion,null,3,200,5,2698912878,reference_fold_convolution_rf,2.366126570094982,41.655888025157594,,"{""0"": {""bar_pi"": 0.51, ""control_ess"": 41.655888025157594, ""fold_sizes"": [{""evaluation"": 100, ""fold"": 0, ""train"": 100}], ""global_fold_bb"": true, ""max_control_odds"": 2.275092401059774, ""n_clipped"": 0, ""n_complement_units"": 100, ""n_eval_units"": 100, ""posterior_cache_key"": ""g=4_fold=0"", ""posterior_draws"": 1500, ""raw_max_control_odds"": 2.275092401059774}, ""1"": {""bar_pi"": 0.51, ""control_ess"": 43.282712709672566, ""fold_sizes"": [{""evaluation"": 100, ""fold"": 0, ""train"": 100}], ""global_fold_bb"": true, ""max_control_odds"": 2.366126570094982, ""n_clipped"": 0, ""n_complement_units"": 100, ""n_eval_units"": 100, ""posterior_cache_key"": ""g=4_fold=1"", ""posterior_draws"": 1500, ""raw_max_control_odds"": 2.366126570094982}}"
ES,k=0,,,0.0,reference_fold_convolution,-0.05223373508656415,-0.05773678609631304,0.2062548231984114,-0.44611732331402265,-0.4009962311411548,0.2951780648476097,0.38792939453374425,0.3893333333333333,0.7786666666666666,0.7786666666666666,0.0,correction_completion,null,3,200,5,2698912878,reference_fold_convolution_rf,,,,{}
ES,k=1,,,1.0,reference_fold_convolution,0.0735906425077294,0.07420294882337652,0.20189713054350414,-0.30942788134868876,-0.25187785275896984,0.40716351142037666,0.4926590062319032,0.34,0.68,0.68,0.0,correction_completion,null,3,200,5,2698912878,reference_fold_convolution_rf,,,,{}
ES,k=2,,,2.0,reference_fold_convolution,-0.014848247047621157,-0.01795279765395486,0.23125618322287422,-0.4737211281305618,-0.39900978781612134,0.35298979524318713,0.4477616682028288,0.4686666666666667,0.9373333333333334,0.9373333333333334,0.0,correction_completion,null,3,200,5,2698912878,reference_fold_convolution_rf,,,,{}
ES,k=3,,,3.0,reference_fold_convolution,0.06756319628256217,0.07857777639003685,0.21766541427466365,-0.3893667322105668,-0.3038535657616247,0.40621541225823393,0.4791182672960483,0.37466666666666665,0.7493333333333333,0.7493333333333333,0.0,correction_completion,null,3,200,5,2698912878,reference_fold_convolution_rf,,,,{}
ATT,ATT,,,,reference_fold_convolution,0.01851796416402657,0.021769836566904635,0.16910485908695255,-0.31477041593397415,-0.26521382312425135,0.28606646036502104,0.34094281088073886,0.454,0.908,0.908,0.0,correction_completion,null,3,200,5,2698912878,reference_fold_convolution_rf,,,,{}
GATT,g=4_t=4,4.0,4.0,0.0,raw_structured,3.751603050507878,3.7563667700191696,0.16750888046294235,3.415878376264352,3.47236326231651,4.0149247447394165,4.062271630782374,0.0,0.0,0.0,3.889402045254237,correction_completion,selection_both,2,200,89,3007849358,raw_structured,,,,
GATT,g=4_t=5,4.0,5.0,1.0,raw_structured,3.8197047668070736,3.817757416233661,0.16246922185876267,3.500866190604045,3.551699275815079,4.082715546942935,4.133917218918826,0.0,0.0,0.0,3.889402045254237,correction_completion,selection_both,2,200,89,3007849358,raw_structured,,,,
GATT,g=4_t=6,4.0,6.0,2.0,raw_structured,3.9548412287235273,3.952440370958022,0.15730520253161592,3.66191416502508,3.7057515610437495,4.210568700606028,4.248415292288772,0.0,0.0,0.0,3.889402045254237,correction_completion,selection_both,2,200,89,3007849358,raw_structured,,,,
GATT,g=4_t=7,4.0,7.0,3.0,raw_structured,3.9626773066031116,3.9620248022910705,0.15850294785812988,3.6505969582727893,3.7069788321697397,4.221748800241644,4.274138443595244,0.0,0.0,0.0,3.889402045254237,correction_completion,selection_both,2,200,89,3007849358,raw_structured,,,,
ES,k=0,,,0.0,raw_structured,3.751603050507878,3.7563667700191696,0.16750888046294235,3.415878376264352,3.47236326231651,4.0149247447394165,4.062271630782374,0.0,0.0,0.0,3.889402045254237,correction_completion,selection_both,2,200,89,3007849358,raw_structured,,,,
ES,k=1,,,1.0,raw_structured,3.8197047668070736,3.817757416233661,0.16246922185876267,3.500866190604045,3.551699275815079,4.082715546942935,4.133917218918826,0.0,0.0,0.0,3.889402045254237,correction_completion,selection_both,2,200,89,3007849358,raw_structured,,,,
ES,k=2,,,2.0,raw_structured,3.9548412287235273,3.952440370958022,0.15730520253161592,3.66191416502508,3.7057515610437495,4.210568700606028,4.248415292288772,0.0,0.0,0.0,3.889402045254237,correction_completion,selection_both,2,200,89,3007849358,raw_structured,,,,
ES,k=3,,,3.0,raw_structured,3.9626773066031116,3.9620248022910705,0.15850294785812988,3.6505969582727893,3.7069788321697397,4.221748800241644,4.274138443595244,0.0,0.0,0.0,3.889402045254237,correction_completion,selection_both,2,200,89,3007849358,raw_structured,,,,
ATT,ATT,,,,raw_structured,3.8722065881603975,3.871761290398397,0.12863179771168792,3.6297495270217106,3.671207498358529,4.0799892797273,4.132744960111952,0.0,0.0,0.0,3.889402045254236,correction_completion,selection_both,2,200,89,3007849358,raw_structured,,,,
GATT,g=4_t=4,4.0,4.0,0.0,reference_fold_convolution,3.8255904918060253,3.823885026171374,0.22853524274892362,3.3685876183077976,3.4380065198137064,4.195292592978456,4.277437927154552,0.0,0.0,0.0,3.889402045254237,correction_completion,selection_both,2,200,89,3007849358,reference_fold_convolution_rf,2.844221279887671,38.84942174536557,,"{""0"": {""bar_pi"": 0.54, ""control_ess"": 38.84942174536557, ""fold_sizes"": [{""evaluation"": 100, ""fold"": 0, ""train"": 100}], ""global_fold_bb"": true, ""max_control_odds"": 1.8001219964936028, ""n_clipped"": 0, ""n_complement_units"": 100, ""n_eval_units"": 100, ""posterior_cache_key"": ""g=4_fold=0"", ""posterior_draws"": 1500, ""raw_max_control_odds"": 1.8001219964936028}, ""1"": {""bar_pi"": 0.46, ""control_ess"": 45.53156928512251, ""fold_sizes"": [{""evaluation"": 100, ""fold"": 0, ""train"": 100}], ""global_fold_bb"": true, ""max_control_odds"": 2.844221279887671, ""n_clipped"": 0, ""n_complement_units"": 100, ""n_eval_units"": 100, ""posterior_cache_key"": ""g=4_fold=1"", ""posterior_draws"": 1500, ""raw_max_control_odds"": 2.844221279887671}}"
GATT,g=4_t=5,4.0,5.0,1.0,reference_fold_convolution,3.8708106582555963,3.8719775091986746,0.24654589856371092,3.398751297958146,3.4646126697112254,4.282692942178524,4.3695048333989694,0.0,0.0,0.0,3.889402045254237,correction_completion,selection_both,2,200,89,3007849358,reference_fold_convolution_rf,2.844221279887671,38.84942174536557,,"{""0"": {""bar_pi"": 0.54, ""control_ess"": 38.84942174536557, ""fold_sizes"": [{""evaluation"": 100, ""fold"": 0, ""train"": 100}], ""global_fold_bb"": true, ""max_control_odds"": 1.8001219964936028, ""n_clipped"": 0, ""n_complement_units"": 100, ""n_eval_units"": 100, ""posterior_cache_key"": ""g=4_fold=0"", ""posterior_draws"": 1500, ""raw_max_control_odds"": 1.8001219964936028}, ""1"": {""bar_pi"": 0.46, ""control_ess"": 45.53156928512251, ""fold_sizes"": [{""evaluation"": 100, ""fold"": 0, ""train"": 100}], ""global_fold_bb"": true, ""max_control_odds"": 2.844221279887671, ""n_clipped"": 0, ""n_complement_units"": 100, ""n_eval_units"": 100, ""posterior_cache_key"": ""g=4_fold=1"", ""posterior_draws"": 1500, ""raw_max_control_odds"": 2.844221279887671}}"
GATT,g=4_t=6,4.0,6.0,2.0,reference_fold_convolution,3.94763065579973,3.9408792705176676,0.22748881785386785,3.5157219762635274,3.570948641732692,4.322166469215251,4.409033017616859,0.0,0.0,0.0,3.889402045254237,correction_completion,selection_both,2,200,89,3007849358,reference_fold_convolution_rf,2.844221279887671,38.84942174536557,,"{""0"": {""bar_pi"": 0.54, ""control_ess"": 38.84942174536557, ""fold_sizes"": [{""evaluation"": 100, ""fold"": 0, ""train"": 100}], ""global_fold_bb"": true, ""max_control_odds"": 1.8001219964936028, ""n_clipped"": 0, ""n_complement_units"": 100, ""n_eval_units"": 100, ""posterior_cache_key"": ""g=4_fold=0"", ""posterior_draws"": 1500, ""raw_max_control_odds"": 1.8001219964936028}, ""1"": {""bar_pi"": 0.46, ""control_ess"": 45.53156928512251, ""fold_sizes"": [{""evaluation"": 100, ""fold"": 0, ""train"": 100}], ""global_fold_bb"": true, ""max_control_odds"": 2.844221279887671, ""n_clipped"": 0, ""n_complement_units"": 100, ""n_eval_units"": 100, ""posterior_cache_key"": ""g=4_fold=1"", ""posterior_draws"": 1500, ""raw_max_control_odds"": 2.844221279887671}}"
GATT,g=4_t=7,4.0,7.0,3.0,reference_fold_convolution,3.8319047057391846,3.8327374190567904,0.22217682443008951,3.393433198326056,3.4781394696052432,4.206566117084238,4.278018805175782,0.0,0.0,0.0,3.889402045254237,correction_completion,selection_both,2,200,89,3007849358,reference_fold_convolution_rf,2.844221279887671,38.84942174536557,,"{""0"": {""bar_pi"": 0.54, ""control_ess"": 38.84942174536557, ""fold_sizes"": [{""evaluation"": 100, ""fold"": 0, ""train"": 100}], ""global_fold_bb"": true, ""max_control_odds"": 1.8001219964936028, ""n_clipped"": 0, ""n_complement_units"": 100, ""n_eval_units"": 100, ""posterior_cache_key"": ""g=4_fold=0"", ""posterior_draws"": 1500, ""raw_max_control_odds"": 1.8001219964936028}, ""1"": {""bar_pi"": 0.46, ""control_ess"": 45.53156928512251, ""fold_sizes"": [{""evaluation"": 100, ""fold"": 0, ""train"": 100}], ""global_fold_bb"": true, ""max_control_odds"": 2.844221279887671, ""n_clipped"": 0, ""n_complement_units"": 100, ""n_eval_units"": 100, ""posterior_cache_key"": ""g=4_fold=1"", ""posterior_draws"": 1500, ""raw_max_control_odds"": 2.844221279887671}}"
ES,k=0,,,0.0,reference_fold_convolution,3.8255904918060253,3.823885026171374,0.22853524274892362,3.3685876183077976,3.4380065198137064,4.195292592978456,4.277437927154552,0.0,0.0,0.0,3.889402045254237,correction_completion,selection_both,2,200,89,3007849358,reference_fold_convolution_rf,,,,{}
ES,k=1,,,1.0,reference_fold_convolution,3.8708106582555963,3.8719775091986746,0.24654589856371092,3.398751297958146,3.4646126697112254,4.282692942178524,4.3695048333989694,0.0,0.0,0.0,3.889402045254237,correction_completion,selection_both,2,200,89,3007849358,reference_fold_convolution_rf,,,,{}
ES,k=2,,,2.0,reference_fold_convolution,3.94763065579973,3.9408792705176676,0.22748881785386785,3.5157219762635274,3.570948641732692,4.322166469215251,4.409033017616859,0.0,0.0,0.0,3.889402045254237,correction_completion,selection_both,2,200,89,3007849358,reference_fold_convolution_rf,,,,{}
ES,k=3,,,3.0,reference_fold_convolution,3.8319047057391846,3.8327374190567904,0.22217682443008951,3.393433198326056,3.4781394696052432,4.206566117084238,4.278018805175782,0.0,0.0,0.0,3.889402045254237,correction_completion,selection_both,2,200,89,3007849358,reference_fold_convolution_rf,,,,{}
ATT,ATT,,,,reference_fold_convolution,3.868984127900134,3.863306787893884,0.18877557979311704,3.490009977149697,3.5607979828771907,4.177683305742146,4.227938269786086,0.0,0.0,0.0,3.889402045254236,correction_completion,selection_both,2,200,89,3007849358,reference_fold_convolution_rf,,,,{}
GATT,g=4_t=4,4.0,4.0,0.0,raw_structured,3.8388651228303243,3.8350507909028595,0.1607228996261715,3.5355194610704226,3.57695647849762,4.103927250409435,4.16271437743295,0.0,0.0,0.0,3.933080910696814,correction_completion,selection_obs,3,200,73,1030886830,raw_structured,,,,
GATT,g=4_t=5,4.0,5.0,1.0,raw_structured,3.7608118484506607,3.7622446703908476,0.15271397004875328,3.4535448376898588,3.51226027154583,4.007626522288258,4.05178645092987,0.0,0.0,0.0,3.933080910696814,correction_completion,selection_obs,3,200,73,1030886830,raw_structured,,,,
GATT,g=4_t=6,4.0,6.0,2.0,raw_structured,3.7527067743169247,3.750312853092667,0.1537797561174362,3.4499097701035173,3.499192979917249,4.013547498541312,4.061642509665375,0.0,0.0,0.0,3.933080910696814,correction_completion,selection_obs,3,200,73,1030886830,raw_structured,,,,
GATT,g=4_t=7,4.0,7.0,3.0,raw_structured,3.7760294332032456,3.7751077263974997,0.16505550561212856,3.451326260655689,3.504558340822148,4.053035120338187,4.0947391506069435,0.0,0.0,0.0,3.933080910696814,correction_completion,selection_obs,3,200,73,1030886830,raw_structured,,,,
ES,k=0,,,0.0,raw_structured,3.8388651228303243,3.8350507909028595,0.1607228996261715,3.5355194610704226,3.57695647849762,4.103927250409435,4.16271437743295,0.0,0.0,0.0,3.933080910696814,correction_completion,selection_obs,3,200,73,1030886830,raw_structured,,,,
ES,k=1,,,1.0,raw_structured,3.7608118484506607,3.7622446703908476,0.15271397004875328,3.4535448376898588,3.51226027154583,4.007626522288258,4.05178645092987,0.0,0.0,0.0,3.933080910696814,correction_completion,selection_obs,3,200,73,1030886830,raw_structured,,,,
ES,k=2,,,2.0,raw_structured,3.7527067743169247,3.750312853092667,0.1537797561174362,3.4499097701035173,3.499192979917249,4.013547498541312,4.061642509665375,0.0,0.0,0.0,3.933080910696814,correction_completion,selection_obs,3,200,73,1030886830,raw_structured,,,,
ES,k=3,,,3.0,raw_structured,3.7760294332032456,3.7751077263974997,0.16505550561212856,3.451326260655689,3.504558340822148,4.053035120338187,4.0947391506069435,0.0,0.0,0.0,3.933080910696814,correction_completion,selection_obs,3,200,73,1030886830,raw_structured,,,,
ATT,ATT,,,,raw_structured,3.7821032947002897,3.780712398773346,0.1343352092701444,3.519303989381616,3.561517981586787,4.004417548310091,4.058256989856497,0.0,0.0,0.0,3.933080910696814,correction_completion,selection_obs,3,200,73,1030886830,raw_structured,,,,
GATT,g=4_t=4,4.0,4.0,0.0,reference_fold_convolution,3.9598576419390787,3.952484775515516,0.21266713966153805,3.5460206342905116,3.6172546514485147,4.304674667022759,4.405838555460195,0.0,0.0,0.0,3.933080910696814,correction_completion,selection_obs,3,200,73,1030886830,reference_fold_convolution_rf,4.022352912462214,30.469441389666272,,"{""0"": {""bar_pi"": 0.52, ""control_ess"": 38.155395575729074, ""fold_sizes"": [{""evaluation"": 100, ""fold"": 0, ""train"": 100}], ""global_fold_bb"": true, ""max_control_odds"": 2.4215527846109546, ""n_clipped"": 0, ""n_complement_units"": 100, ""n_eval_units"": 100, ""posterior_cache_key"": ""g=4_fold=0"", ""posterior_draws"": 1500, ""raw_max_control_odds"": 2.4215527846109546}, ""1"": {""bar_pi"": 0.55, ""control_ess"": 30.469441389666272, ""fold_sizes"": [{""evaluation"": 100, ""fold"": 0, ""train"": 100}], ""global_fold_bb"": true, ""max_control_odds"": 4.022352912462214, ""n_clipped"": 0, ""n_complement_units"": 100, ""n_eval_units"": 100, ""posterior_cache_key"": ""g=4_fold=1"", ""posterior_draws"": 1500, ""raw_max_control_odds"": 4.022352912462214}}"
GATT,g=4_t=5,4.0,5.0,1.0,reference_fold_convolution,3.8282407922024393,3.8278574751144356,0.24452452717786702,3.34810296459656,3.427034834643991,4.2261110662903745,4.311368026164006,0.0,0.0,0.0,3.933080910696814,correction_completion,selection_obs,3,200,73,1030886830,reference_fold_convolution_rf,4.022352912462214,30.469441389666272,,"{""0"": {""bar_pi"": 0.52, ""control_ess"": 38.155395575729074, ""fold_sizes"": [{""evaluation"": 100, ""fold"": 0, ""train"": 100}], ""global_fold_bb"": true, ""max_control_odds"": 2.4215527846109546, ""n_clipped"": 0, ""n_complement_units"": 100, ""n_eval_units"": 100, ""posterior_cache_key"": ""g=4_fold=0"", ""posterior_draws"": 1500, ""raw_max_control_odds"": 2.4215527846109546}, ""1"": {""bar_pi"": 0.55, ""control_ess"": 30.469441389666272, ""fold_sizes"": [{""evaluation"": 100, ""fold"": 0, ""train"": 100}], ""global_fold_bb"": true, ""max_control_odds"": 4.022352912462214, ""n_clipped"": 0, ""n_complement_units"": 100, ""n_eval_units"": 100, ""posterior_cache_key"": ""g=4_fold=1"", ""posterior_draws"": 1500, ""raw_max_control_odds"": 4.022352912462214}}"
GATT,g=4_t=6,4.0,6.0,2.0,reference_fold_convolution,3.849060576176221,3.846342943951682,0.22911591762257064,3.416193354480666,3.4739277958617936,4.22275271580003,4.300491185408427,0.0,0.0,0.0,3.933080910696814,correction_completion,selection_obs,3,200,73,1030886830,reference_fold_convolution_rf,4.022352912462214,30.469441389666272,,"{""0"": {""bar_pi"": 0.52, ""control_ess"": 38.155395575729074, ""fold_sizes"": [{""evaluation"": 100, ""fold"": 0, ""train"": 100}], ""global_fold_bb"": true, ""max_control_odds"": 2.4215527846109546, ""n_clipped"": 0, ""n_complement_units"": 100, ""n_eval_units"": 100, ""posterior_cache_key"": ""g=4_fold=0"", ""posterior_draws"": 1500, ""raw_max_control_odds"": 2.4215527846109546}, ""1"": {""bar_pi"": 0.55, ""control_ess"": 30.469441389666272, ""fold_sizes"": [{""evaluation"": 100, ""fold"": 0, ""train"": 100}], ""global_fold_bb"": true, ""max_control_odds"": 4.022352912462214, ""n_clipped"": 0, ""n_complement_units"": 100, ""n_eval_units"": 100, ""posterior_cache_key"": ""g=4_fold=1"", ""posterior_draws"": 1500, ""raw_max_control_odds"": 4.022352912462214}}"
GATT,g=4_t=7,4.0,7.0,3.0,reference_fold_convolution,3.8829206418466784,3.887105755868033,0.24645459370119316,3.3762643116541886,3.4764379128863343,4.2828144849032945,4.350972498910427,0.0,0.0,0.0,3.933080910696814,correction_completion,selection_obs,3,200,73,1030886830,reference_fold_convolution_rf,4.022352912462214,30.469441389666272,,"{""0"": {""bar_pi"": 0.52, ""control_ess"": 38.155395575729074, ""fold_sizes"": [{""evaluation"": 100, ""fold"": 0, ""train"": 100}], ""global_fold_bb"": true, ""max_control_odds"": 2.4215527846109546, ""n_clipped"": 0, ""n_complement_units"": 100, ""n_eval_units"": 100, ""posterior_cache_key"": ""g=4_fold=0"", ""posterior_draws"": 1500, ""raw_max_control_odds"": 2.4215527846109546}, ""1"": {""bar_pi"": 0.55, ""control_ess"": 30.469441389666272, ""fold_sizes"": [{""evaluation"": 100, ""fold"": 0, ""train"": 100}], ""global_fold_bb"": true, ""max_control_odds"": 4.022352912462214, ""n_clipped"": 0, ""n_complement_units"": 100, ""n_eval_units"": 100, ""posterior_cache_key"": ""g=4_fold=1"", ""posterior_draws"": 1500, ""raw_max_control_odds"": 4.022352912462214}}"
ES,k=0,,,0.0,reference_fold_convolution,3.9598576419390787,3.952484775515516,0.21266713966153805,3.5460206342905116,3.6172546514485147,4.304674667022759,4.405838555460195,0.0,0.0,0.0,3.933080910696814,correction_completion,selection_obs,3,200,73,1030886830,reference_fold_convolution_rf,,,,{}
ES,k=1,,,1.0,reference_fold_convolution,3.8282407922024393,3.8278574751144356,0.24452452717786702,3.34810296459656,3.427034834643991,4.2261110662903745,4.311368026164006,0.0,0.0,0.0,3.933080910696814,correction_completion,selection_obs,3,200,73,1030886830,reference_fold_convolution_rf,,,,{}
ES,k=2,,,2.0,reference_fold_convolution,3.849060576176221,3.846342943951682,0.22911591762257064,3.416193354480666,3.4739277958617936,4.22275271580003,4.300491185408427,0.0,0.0,0.0,3.933080910696814,correction_completion,selection_obs,3,200,73,1030886830,reference_fold_convolution_rf,,,,{}
ES,k=3,,,3.0,reference_fold_convolution,3.8829206418466784,3.887105755868033,0.24645459370119316,3.3762643116541886,3.4764379128863343,4.2828144849032945,4.350972498910427,0.0,0.0,0.0,3.933080910696814,correction_completion,selection_obs,3,200,73,1030886830,reference_fold_convolution_rf,,,,{}
ATT,ATT,,,,reference_fold_convolution,3.8800199130411044,3.8845177508752506,0.18948543410383908,3.5199299655987923,3.5614784763106386,4.184940883617764,4.254955305563682,0.0,0.0,0.0,3.933080910696814,correction_completion,selection_obs,3,200,73,1030886830,reference_fold_convolution_rf,,,,{}
GATT,g=4_t=4,4.0,4.0,0.0,raw_structured,3.712023123817736,3.7102009283900923,0.08200009067142425,3.564495329787015,3.5855509447902647,3.853196229081382,3.895609807418066,0.0,0.0,0.0,3.667006240772443,correction_completion,serial_sweep,1,400,57,3038816141,raw_structured,,,,
GATT,g=4_t=5,4.0,5.0,1.0,raw_structured,3.6913533946300388,3.692504345136138,0.07434295861230683,3.5460635078116085,3.5693807316590784,3.809456401925161,3.8297960713664883,0.0,0.0,0.0,3.667006240772443,correction_completion,serial_sweep,1,400,57,3038816141,raw_structured,,,,
GATT,g=4_t=6,4.0,6.0,2.0,raw_structured,3.6805656429774873,3.6847423592009205,0.07520959388366495,3.5288044113392876,3.5606504284228184,3.797645070209717,3.8182698163805786,0.0,0.0,0.0,3.667006240772443,correction_completion,serial_sweep,1,400,57,3038816141,raw_structured,,,,
GATT,g=4_t=7,4.0,7.0,3.0,raw_structured,3.705291454090571,3.7031996497593695,0.08199331906403429,3.555998995671974,3.579099984481513,3.846032256260849,3.884991117883113,0.0,0.0,0.0,3.667006240772443,correction_completion,serial_sweep,1,400,57,3038816141,raw_structured,,,,
ES,k=0,,,0.0,raw_structured,3.712023123817736,3.7102009283900923,0.08200009067142425,3.564495329787015,3.5855509447902647,3.853196229081382,3.895609807418066,0.0,0.0,0.0,3.667006240772443,correction_completion,serial_sweep,1,400,57,3038816141,raw_structured,,,,
ES,k=1,,,1.0,raw_structured,3.6913533946300388,3.692504345136138,0.07434295861230683,3.5460635078116085,3.5693807316590784,3.809456401925161,3.8297960713664883,0.0,0.0,0.0,3.667006240772443,correction_completion,serial_sweep,1,400,57,3038816141,raw_structured,,,,
ES,k=2,,,2.0,raw_structured,3.6805656429774873,3.6847423592009205,0.07520959388366495,3.5288044113392876,3.5606504284228184,3.797645070209717,3.8182698163805786,0.0,0.0,0.0,3.667006240772443,correction_completion,serial_sweep,1,400,57,3038816141,raw_structured,,,,
ES,k=3,,,3.0,raw_structured,3.705291454090571,3.7031996497593695,0.08199331906403429,3.555998995671974,3.579099984481513,3.846032256260849,3.884991117883113,0.0,0.0,0.0,3.667006240772443,correction_completion,serial_sweep,1,400,57,3038816141,raw_structured,,,,
ATT,ATT,,,,raw_structured,3.6973084038789583,3.6961473636661517,0.06421731234658223,3.574976652885493,3.595172928302215,3.803631403727714,3.821754465073604,0.0,0.0,0.0,3.667006240772443,correction_completion,serial_sweep,1,400,57,3038816141,raw_structured,,,,
GATT,g=4_t=4,4.0,4.0,0.0,reference_fold_convolution,3.774963718890868,3.77384633272006,0.11780764720301874,3.5469865140581045,3.5833024827049518,3.967158757957848,4.016326089528484,0.0,0.0,0.0,3.667006240772443,correction_completion,serial_sweep,1,400,57,3038816141,reference_fold_convolution_rf,4.221224609773861,72.75165847970862,,"{""0"": {""bar_pi"": 0.5, ""control_ess"": 81.91423638347645, ""fold_sizes"": [{""evaluation"": 200, ""fold"": 0, ""train"": 200}], ""global_fold_bb"": true, ""max_control_odds"": 3.025835620861556, ""n_clipped"": 0, ""n_complement_units"": 200, ""n_eval_units"": 200, ""posterior_cache_key"": ""g=4_fold=0"", ""posterior_draws"": 1500, ""raw_max_control_odds"": 3.025835620861556}, ""1"": {""bar_pi"": 0.515, ""control_ess"": 72.75165847970862, ""fold_sizes"": [{""evaluation"": 200, ""fold"": 0, ""train"": 200}], ""global_fold_bb"": true, ""max_control_odds"": 4.221224609773861, ""n_clipped"": 0, ""n_complement_units"": 200, ""n_eval_units"": 200, ""posterior_cache_key"": ""g=4_fold=1"", ""posterior_draws"": 1500, ""raw_max_control_odds"": 4.221224609773861}}"
GATT,g=4_t=5,4.0,5.0,1.0,reference_fold_convolution,3.695657235653608,3.694023642398644,0.14407425854720884,3.4169463211927957,3.4575309611153724,3.935941733978336,3.9822225338954094,0.0,0.0,0.0,3.667006240772443,correction_completion,serial_sweep,1,400,57,3038816141,reference_fold_convolution_rf,4.221224609773861,72.75165847970862,,"{""0"": {""bar_pi"": 0.5, ""control_ess"": 81.91423638347645, ""fold_sizes"": [{""evaluation"": 200, ""fold"": 0, ""train"": 200}], ""global_fold_bb"": true, ""max_control_odds"": 3.025835620861556, ""n_clipped"": 0, ""n_complement_units"": 200, ""n_eval_units"": 200, ""posterior_cache_key"": ""g=4_fold=0"", ""posterior_draws"": 1500, ""raw_max_control_odds"": 3.025835620861556}, ""1"": {""bar_pi"": 0.515, ""control_ess"": 72.75165847970862, ""fold_sizes"": [{""evaluation"": 200, ""fold"": 0, ""train"": 200}], ""global_fold_bb"": true, ""max_control_odds"": 4.221224609773861, ""n_clipped"": 0, ""n_complement_units"": 200, ""n_eval_units"": 200, ""posterior_cache_key"": ""g=4_fold=1"", ""posterior_draws"": 1500, ""raw_max_control_odds"": 4.221224609773861}}"
GATT,g=4_t=6,4.0,6.0,2.0,reference_fold_convolution,3.7570396018014725,3.75943215791436,0.1431658762182578,3.4608244170933484,3.5166854614520275,3.9873998488723528,4.040962039938277,0.0,0.0,0.0,3.667006240772443,correction_completion,serial_sweep,1,400,57,3038816141,reference_fold_convolution_rf,4.221224609773861,72.75165847970862,,"{""0"": {""bar_pi"": 0.5, ""control_ess"": 81.91423638347645, ""fold_sizes"": [{""evaluation"": 200, ""fold"": 0, ""train"": 200}], ""global_fold_bb"": true, ""max_control_odds"": 3.025835620861556, ""n_clipped"": 0, ""n_complement_units"": 200, ""n_eval_units"": 200, ""posterior_cache_key"": ""g=4_fold=0"", ""posterior_draws"": 1500, ""raw_max_control_odds"": 3.025835620861556}, ""1"": {""bar_pi"": 0.515, ""control_ess"": 72.75165847970862, ""fold_sizes"": [{""evaluation"": 200, ""fold"": 0, ""train"": 200}], ""global_fold_bb"": true, ""max_control_odds"": 4.221224609773861, ""n_clipped"": 0, ""n_complement_units"": 200, ""n_eval_units"": 200, ""posterior_cache_key"": ""g=4_fold=1"", ""posterior_draws"": 1500, ""raw_max_control_odds"": 4.221224609773861}}"
GATT,g=4_t=7,4.0,7.0,3.0,reference_fold_convolution,3.72786373952367,3.726840688503785,0.16433788484039705,3.405003035187092,3.4511669605603377,3.9915019822754676,4.034547445542947,0.0,0.0,0.0,3.667006240772443,correction_completion,serial_sweep,1,400,57,3038816141,reference_fold_convolution_rf,4.221224609773861,72.75165847970862,,"{""0"": {""bar_pi"": 0.5, ""control_ess"": 81.91423638347645, ""fold_sizes"": [{""evaluation"": 200, ""fold"": 0, ""train"": 200}], ""global_fold_bb"": true, ""max_control_odds"": 3.025835620861556, ""n_clipped"": 0, ""n_complement_units"": 200, ""n_eval_units"": 200, ""posterior_cache_key"": ""g=4_fold=0"", ""posterior_draws"": 1500, ""raw_max_control_odds"": 3.025835620861556}, ""1"": {""bar_pi"": 0.515, ""control_ess"": 72.75165847970862, ""fold_sizes"": [{""evaluation"": 200, ""fold"": 0, ""train"": 200}], ""global_fold_bb"": true, ""max_control_odds"": 4.221224609773861, ""n_clipped"": 0, ""n_complement_units"": 200, ""n_eval_units"": 200, ""posterior_cache_key"": ""g=4_fold=1"", ""posterior_draws"": 1500, ""raw_max_control_odds"": 4.221224609773861}}"
ES,k=0,,,0.0,reference_fold_convolution,3.774963718890868,3.77384633272006,0.11780764720301874,3.5469865140581045,3.5833024827049518,3.967158757957848,4.016326089528484,0.0,0.0,0.0,3.667006240772443,correction_completion,serial_sweep,1,400,57,3038816141,reference_fold_convolution_rf,,,,{}
ES,k=1,,,1.0,reference_fold_convolution,3.695657235653608,3.694023642398644,0.14407425854720884,3.4169463211927957,3.4575309611153724,3.935941733978336,3.9822225338954094,0.0,0.0,0.0,3.667006240772443,correction_completion,serial_sweep,1,400,57,3038816141,reference_fold_convolution_rf,,,,{}
ES,k=2,,,2.0,reference_fold_convolution,3.7570396018014725,3.75943215791436,0.1431658762182578,3.4608244170933484,3.5166854614520275,3.9873998488723528,4.040962039938277,0.0,0.0,0.0,3.667006240772443,correction_completion,serial_sweep,1,400,57,3038816141,reference_fold_convolution_rf,,,,{}
ES,k=3,,,3.0,reference_fold_convolution,3.72786373952367,3.726840688503785,0.16433788484039705,3.405003035187092,3.4511669605603377,3.9915019822754676,4.034547445542947,0.0,0.0,0.0,3.667006240772443,correction_completion,serial_sweep,1,400,57,3038816141,reference_fold_convolution_rf,,,,{}
ATT,ATT,,,,reference_fold_convolution,3.7388810739674043,3.73884373212345,0.12159380081655478,3.4939214379385275,3.540363107829482,3.9316864611900875,3.9688323317337835,0.0,0.0,0.0,3.667006240772443,correction_completion,serial_sweep,1,400,57,3038816141,reference_fold_convolution_rf,,,,{}
GATT,g=4_t=4,4.0,4.0,0.0,raw_structured,3.6292290052025473,3.6446890561348138,0.2795081749326306,3.078090231095293,3.15790621854242,4.0670329859474945,4.14755401503509,0.0,0.0,0.0,3.7949260011362083,correction_completion,serial_sweep_d3,3,50,41,1084717652,raw_structured,,,,
GATT,g=4_t=5,4.0,5.0,1.0,raw_structured,3.6686948061498237,3.6826328677142337,0.2675579412101754,3.1409142414459343,3.2189089844030527,4.101382705266155,4.168589366242588,0.0,0.0,0.0,3.7949260011362083,correction_completion,serial_sweep_d3,3,50,41,1084717652,raw_structured,,,,
GATT,g=4_t=6,4.0,6.0,2.0,raw_structured,3.7054889442246597,3.720283210316124,0.26855730632271335,3.147923579877945,3.237575171997046,4.120316250603638,4.187519501400494,0.0,0.0,0.0,3.7949260011362083,correction_completion,serial_sweep_d3,3,50,41,1084717652,raw_structured,,,,
GATT,g=4_t=7,4.0,7.0,3.0,raw_structured,3.6490710211615704,3.6596438464650274,0.28774988592561734,3.0550542786703425,3.130002697244401,4.109082066656026,4.188832568999063,0.0,0.0,0.0,3.7949260011362083,correction_completion,serial_sweep_d3,3,50,41,1084717652,raw_structured,,,,
ES,k=0,,,0.0,raw_structured,3.6292290052025473,3.6446890561348138,0.2795081749326306,3.078090231095293,3.15790621854242,4.0670329859474945,4.14755401503509,0.0,0.0,0.0,3.7949260011362083,correction_completion,serial_sweep_d3,3,50,41,1084717652,raw_structured,,,,
ES,k=1,,,1.0,raw_structured,3.6686948061498237,3.6826328677142337,0.2675579412101754,3.1409142414459343,3.2189089844030527,4.101382705266155,4.168589366242588,0.0,0.0,0.0,3.7949260011362083,correction_completion,serial_sweep_d3,3,50,41,1084717652,raw_structured,,,,
ES,k=2,,,2.0,raw_structured,3.7054889442246597,3.720283210316124,0.26855730632271335,3.147923579877945,3.237575171997046,4.120316250603638,4.187519501400494,0.0,0.0,0.0,3.7949260011362083,correction_completion,serial_sweep_d3,3,50,41,1084717652,raw_structured,,,,
ES,k=3,,,3.0,raw_structured,3.6490710211615704,3.6596438464650274,0.28774988592561734,3.0550542786703425,3.130002697244401,4.109082066656026,4.188832568999063,0.0,0.0,0.0,3.7949260011362083,correction_completion,serial_sweep_d3,3,50,41,1084717652,raw_structured,,,,
ATT,ATT,,,,raw_structured,3.66312094418465,3.6850984827473905,0.24810467300792347,3.155750806696279,3.2410909604575133,4.03430097591841,4.117058018189452,0.0,0.0,0.0,3.794926001136209,correction_completion,serial_sweep_d3,3,50,41,1084717652,raw_structured,,,,
GATT,g=4_t=4,4.0,4.0,0.0,reference_fold_convolution,3.4520206836242107,3.4577463010978997,0.3082723492250161,2.8074400102169474,2.9482256258924457,3.963272628091162,4.0499017124285634,0.0,0.0,0.0,3.7949260011362083,correction_completion,serial_sweep_d3,3,50,41,1084717652,reference_fold_convolution_rf,0.7950635751682864,13.99940258532235,,"{""0"": {""bar_pi"": 0.4, ""control_ess"": 14.999896130607578, ""fold_sizes"": [{""evaluation"": 25, ""fold"": 0, ""train"": 25}], ""global_fold_bb"": true, ""max_control_odds"": 0.7950635751682864, ""n_clipped"": 0, ""n_complement_units"": 25, ""n_eval_units"": 25, ""posterior_cache_key"": ""g=4_fold=0"", ""posterior_draws"": 1500, ""raw_max_control_odds"": 0.7950635751682864}, ""1"": {""bar_pi"": 0.44, ""control_ess"": 13.99940258532235, ""fold_sizes"": [{""evaluation"": 25, ""fold"": 0, ""train"": 25}], ""global_fold_bb"": true, ""max_control_odds"": 0.6471542243170639, ""n_clipped"": 0, ""n_complement_units"": 25, ""n_eval_units"": 25, ""posterior_cache_key"": ""g=4_fold=1"", ""posterior_draws"": 1500, ""raw_max_control_odds"": 0.6471542243170639}}"
GATT,g=4_t=5,4.0,5.0,1.0,reference_fold_convolution,3.376534584389692,3.3732712329210695,0.31126808817680796,2.739276397689247,2.8606220983813277,3.8857091816250513,3.9814307327688434,0.0,0.0,0.0,3.7949260011362083,correction_completion,serial_sweep_d3,3,50,41,1084717652,reference_fold_convolution_rf,0.7950635751682864,13.99940258532235,,"{""0"": {""bar_pi"": 0.4, ""control_ess"": 14.999896130607578, ""fold_sizes"": [{""evaluation"": 25, ""fold"": 0, ""train"": 25}], ""global_fold_bb"": true, ""max_control_odds"": 0.7950635751682864, ""n_clipped"": 0, ""n_complement_units"": 25, ""n_eval_units"": 25, ""posterior_cache_key"": ""g=4_fold=0"", ""posterior_draws"": 1500, ""raw_max_control_odds"": 0.7950635751682864}, ""1"": {""bar_pi"": 0.44, ""control_ess"": 13.99940258532235, ""fold_sizes"": [{""evaluation"": 25, ""fold"": 0, ""train"": 25}], ""global_fold_bb"": true, ""max_control_odds"": 0.6471542243170639, ""n_clipped"": 0, ""n_complement_units"": 25, ""n_eval_units"": 25, ""posterior_cache_key"": ""g=4_fold=1"", ""posterior_draws"": 1500, ""raw_max_control_odds"": 0.6471542243170639}}"
GATT,g=4_t=6,4.0,6.0,2.0,reference_fold_convolution,3.6813443368333125,3.670339105845682,0.34978272193798493,3.00141104021317,3.100351449405804,4.249960842827998,4.390540751502615,0.0,0.0,0.0,3.7949260011362083,correction_completion,serial_sweep_d3,3,50,41,1084717652,reference_fold_convolution_rf,0.7950635751682864,13.99940258532235,,"{""0"": {""bar_pi"": 0.4, ""control_ess"": 14.999896130607578, ""fold_sizes"": [{""evaluation"": 25, ""fold"": 0, ""train"": 25}], ""global_fold_bb"": true, ""max_control_odds"": 0.7950635751682864, ""n_clipped"": 0, ""n_complement_units"": 25, ""n_eval_units"": 25, ""posterior_cache_key"": ""g=4_fold=0"", ""posterior_draws"": 1500, ""raw_max_control_odds"": 0.7950635751682864}, ""1"": {""bar_pi"": 0.44, ""control_ess"": 13.99940258532235, ""fold_sizes"": [{""evaluation"": 25, ""fold"": 0, ""train"": 25}], ""global_fold_bb"": true, ""max_control_odds"": 0.6471542243170639, ""n_clipped"": 0, ""n_complement_units"": 25, ""n_eval_units"": 25, ""posterior_cache_key"": ""g=4_fold=1"", ""posterior_draws"": 1500, ""raw_max_control_odds"": 0.6471542243170639}}"
GATT,g=4_t=7,4.0,7.0,3.0,reference_fold_convolution,3.4026736335251395,3.4107358694327305,0.3695888489253181,2.626713276293218,2.781143124598363,3.988240322553539,4.125960008395961,0.0,0.0,0.0,3.7949260011362083,correction_completion,serial_sweep_d3,3,50,41,1084717652,reference_fold_convolution_rf,0.7950635751682864,13.99940258532235,,"{""0"": {""bar_pi"": 0.4, ""control_ess"": 14.999896130607578, ""fold_sizes"": [{""evaluation"": 25, ""fold"": 0, ""train"": 25}], ""global_fold_bb"": true, ""max_control_odds"": 0.7950635751682864, ""n_clipped"": 0, ""n_complement_units"": 25, ""n_eval_units"": 25, ""posterior_cache_key"": ""g=4_fold=0"", ""posterior_draws"": 1500, ""raw_max_control_odds"": 0.7950635751682864}, ""1"": {""bar_pi"": 0.44, ""control_ess"": 13.99940258532235, ""fold_sizes"": [{""evaluation"": 25, ""fold"": 0, ""train"": 25}], ""global_fold_bb"": true, ""max_control_odds"": 0.6471542243170639, ""n_clipped"": 0, ""n_complement_units"": 25, ""n_eval_units"": 25, ""posterior_cache_key"": ""g=4_fold=1"", ""posterior_draws"": 1500, ""raw_max_control_odds"": 0.6471542243170639}}"
ES,k=0,,,0.0,reference_fold_convolution,3.4520206836242107,3.4577463010978997,0.3082723492250161,2.8074400102169474,2.9482256258924457,3.963272628091162,4.0499017124285634,0.0,0.0,0.0,3.7949260011362083,correction_completion,serial_sweep_d3,3,50,41,1084717652,reference_fold_convolution_rf,,,,{}
ES,k=1,,,1.0,reference_fold_convolution,3.376534584389692,3.3732712329210695,0.31126808817680796,2.739276397689247,2.8606220983813277,3.8857091816250513,3.9814307327688434,0.0,0.0,0.0,3.7949260011362083,correction_completion,serial_sweep_d3,3,50,41,1084717652,reference_fold_convolution_rf,,,,{}
ES,k=2,,,2.0,reference_fold_convolution,3.6813443368333125,3.670339105845682,0.34978272193798493,3.00141104021317,3.100351449405804,4.249960842827998,4.390540751502615,0.0,0.0,0.0,3.7949260011362083,correction_completion,serial_sweep_d3,3,50,41,1084717652,reference_fold_convolution_rf,,,,{}
ES,k=3,,,3.0,reference_fold_convolution,3.4026736335251395,3.4107358694327305,0.3695888489253181,2.626713276293218,2.781143124598363,3.988240322553539,4.125960008395961,0.0,0.0,0.0,3.7949260011362083,correction_completion,serial_sweep_d3,3,50,41,1084717652,reference_fold_convolution_rf,,,,{}
ATT,ATT,,,,reference_fold_convolution,3.478143309593089,3.4852625477995054,0.2797695655975381,2.913404207272096,3.005726096317382,3.939426239209536,4.02759519461524,0.0,0.0,0.0,3.794926001136209,correction_completion,serial_sweep_d3,3,50,41,1084717652,reference_fold_convolution_rf,,,,{}
GATT,g=4_t=4,4.0,4.0,0.0,raw_structured,2.5776162741694186,2.5750081424897755,0.1739459224757891,2.2471145139429076,2.2956967931500825,2.851269151617094,2.9153134433361183,0.0,0.0,0.0,2.6957752839984104,correction_completion,staggered,1,200,25,4278689886,raw_structured,,,,
GATT,g=4_t=5,4.0,5.0,1.0,raw_structured,4.04243839411143,4.039364358149404,0.16482058301940483,3.7290988761780195,3.7768680636398675,4.3178582445618146,4.372315701769085,0.0,0.0,0.0,3.7740853975977737,correction_completion,staggered,1,200,25,4278689886,raw_structured,,,,
GATT,g=4_t=6,4.0,6.0,2.0,raw_structured,5.122621905718802,5.12403979039004,0.17347458725514864,4.781577648302759,4.8399676482939755,5.4076346616090385,5.472254113677878,0.0,0.0,0.0,4.852395511197138,correction_completion,staggered,1,200,25,4278689886,raw_structured,,,,
GATT,g=4_t=7,4.0,7.0,3.0,raw_structured,5.255317178526256,5.2489941276128365,0.21950173843126503,4.8704355319373915,4.923314740350116,5.629249532618488,5.70136533947886,0.0,0.0,0.0,5.930705624796503,correction_completion,staggered,1,200,25,4278689886,raw_structured,,,,
GATT,g=5_t=5,5.0,5.0,0.0,raw_structured,4.72534077360701,4.72542387603751,0.14756152732240568,4.431148286909449,4.4854547043431054,4.962012533905763,5.0052866386003565,0.0,0.0,0.0,4.348421132525367,correction_completion,staggered,1,200,25,4278689886,raw_structured,,,,
GATT,g=5_t=6,5.0,6.0,1.0,raw_structured,6.4136285799769395,6.416614478457435,0.15568900980252412,6.123323789791823,6.163736729052669,6.667738666794958,6.724574624397309,0.0,0.0,0.0,6.087789585535512,correction_completion,staggered,1,200,25,4278689886,raw_structured,,,,
GATT,g=5_t=7,5.0,7.0,2.0,raw_structured,7.501700471708507,7.498160864008698,0.1947632408894167,7.1287790110838944,7.188235062709102,7.831042069040894,7.897435698830774,0.0,0.0,0.0,7.82715803854566,correction_completion,staggered,1,200,25,4278689886,raw_structured,,,,
GATT,g=6_t=6,6.0,6.0,0.0,raw_structured,5.230812371791446,5.229081666296965,0.17259298436622822,4.900426316761157,4.955483332843906,5.512495571854686,5.568167031628512,0.0,0.0,0.0,5.23543504077367,correction_completion,staggered,1,200,25,4278689886,raw_structured,,,,
GATT,g=6_t=7,6.0,7.0,1.0,raw_structured,6.67521763009416,6.6714838942116055,0.1946762691827459,6.284212647211166,6.353055682697275,6.999476023530613,7.048088235896143,0.0,0.0,0.0,7.329609057083136,correction_completion,staggered,1,200,25,4278689886,raw_structured,,,,
ES,k=0,,,0.0,raw_structured,4.194047697346295,4.195613598956396,0.11665360910595877,3.963196376125677,3.998335618925508,4.384060007821076,4.428474195492618,0.0,0.0,0.0,4.0914887557236925,correction_completion,staggered,1,200,25,4278689886,raw_structured,,,,
ES,k=1,,,1.0,raw_structured,5.736641138779014,5.733752765154362,0.12698650613405593,5.492850623453545,5.5290063780344685,5.943242316910995,5.99173896271241,0.0,0.0,0.0,5.728084258013168,correction_completion,staggered,1,200,25,4278689886,raw_structured,,,,
ES,k=2,,,2.0,raw_structured,6.409266436305072,6.406036186492523,0.16058852832979004,6.108294486089934,6.153195798402199,6.6815715441609,6.732983845113313,0.0,0.0,0.0,6.461195653538685,correction_completion,staggered,1,200,25,4278689886,raw_structured,,,,
ES,k=3,,,3.0,raw_structured,5.255317178526256,5.2489941276128365,0.21950173843126503,4.8704355319373915,4.923314740350116,5.629249532618488,5.70136533947886,0.0,0.0,0.0,5.930705624796503,correction_completion,staggered,1,200,25,4278689886,raw_structured,,,,
ATT,ATT,,,,raw_structured,5.328998846318228,5.3273572842688885,0.10744731869704136,5.122924178022348,5.154362057902663,5.503492995013227,5.528533153287781,0.0,0.0,0.0,5.375620522587132,correction_completion,staggered,1,200,25,4278689886,raw_structured,,,,
GATT,g=5_t=5,5.0,5.0,0.0,reference_fold_convolution,4.788529948996353,4.79072537175002,0.35340956904103493,4.132496551578922,4.24105753682486,5.383649722853124,5.50124360405342,0.0,0.0,0.0,4.348421132525367,correction_completion,staggered,1,200,25,4278689886,reference_fold_convolution_rf,1.5908904312904937,24.36720789418077,,"{""0"": {""bar_pi"": 0.4807692307692308, ""control_ess"": 24.36720789418077, ""fold_sizes"": [{""evaluation"": 52, ""fold"": 0, ""train"": 60}], ""global_fold_bb"": true, ""max_control_odds"": 1.519383295038479, ""n_clipped"": 0, ""n_complement_units"": 60, ""n_eval_units"": 52, ""posterior_cache_key"": ""g=5_fold=0"", ""posterior_draws"": 1500, ""raw_max_control_odds"": 1.519383295038479}, ""1"": {""bar_pi"": 0.4666666666666667, ""control_ess"": 28.913256057072477, ""fold_sizes"": [{""evaluation"": 60, ""fold"": 0, ""train"": 52}], ""global_fold_bb"": true, ""max_control_odds"": 1.5908904312904937, ""n_clipped"": 0, ""n_complement_units"": 52, ""n_eval_units"": 60, ""posterior_cache_key"": ""g=5_fold=1"", ""posterior_draws"": 1500, ""raw_max_control_odds"": 1.5908904312904937}}"
GATT,g=5_t=6,5.0,6.0,1.0,reference_fold_convolution,6.478999932363456,6.4704200146731345,0.40135659867347395,5.683194094112885,5.843213182556928,7.156514439205175,7.310807744098786,0.0,0.0,0.0,6.087789585535512,correction_completion,staggered,1,200,25,4278689886,reference_fold_convolution_rf,1.5908904312904937,24.36720789418077,,"{""0"": {""bar_pi"": 0.4807692307692308, ""control_ess"": 24.36720789418077, ""fold_sizes"": [{""evaluation"": 52, ""fold"": 0, ""train"": 60}], ""global_fold_bb"": true, ""max_control_odds"": 1.519383295038479, ""n_clipped"": 0, ""n_complement_units"": 60, ""n_eval_units"": 52, ""posterior_cache_key"": ""g=5_fold=0"", ""posterior_draws"": 1500, ""raw_max_control_odds"": 1.519383295038479}, ""1"": {""bar_pi"": 0.4666666666666667, ""control_ess"": 28.913256057072477, ""fold_sizes"": [{""evaluation"": 60, ""fold"": 0, ""train"": 52}], ""global_fold_bb"": true, ""max_control_odds"": 1.5908904312904937, ""n_clipped"": 0, ""n_complement_units"": 52, ""n_eval_units"": 60, ""posterior_cache_key"": ""g=5_fold=1"", ""posterior_draws"": 1500, ""raw_max_control_odds"": 1.5908904312904937}}"
GATT,g=5_t=7,5.0,7.0,2.0,reference_fold_convolution,8.159228825577259,8.149992996386487,0.44512860196275983,7.277845275627285,7.452210377607271,8.925801384027853,9.056750806414868,0.0,0.0,0.0,7.82715803854566,correction_completion,staggered,1,200,25,4278689886,reference_fold_convolution_rf,1.5908904312904937,24.36720789418077,,"{""0"": {""bar_pi"": 0.4807692307692308, ""control_ess"": 24.36720789418077, ""fold_sizes"": [{""evaluation"": 52, ""fold"": 0, ""train"": 60}], ""global_fold_bb"": true, ""max_control_odds"": 1.519383295038479, ""n_clipped"": 0, ""n_complement_units"": 60, ""n_eval_units"": 52, ""posterior_cache_key"": ""g=5_fold=0"", ""posterior_draws"": 1500, ""raw_max_control_odds"": 1.519383295038479}, ""1"": {""bar_pi"": 0.4666666666666667, ""control_ess"": 28.913256057072477, ""fold_sizes"": [{""evaluation"": 60, ""fold"": 0, ""train"": 52}], ""global_fold_bb"": true, ""max_control_odds"": 1.5908904312904937, ""n_clipped"": 0, ""n_complement_units"": 52, ""n_eval_units"": 60, ""posterior_cache_key"": ""g=5_fold=1"", ""posterior_draws"": 1500, ""raw_max_control_odds"": 1.5908904312904937}}"
GATT,g=4_t=4,4.0,4.0,0.0,reference_fold_convolution,2.5147790402896373,2.514926267632677,0.301855760086561,1.895638737446641,2.013620500399749,2.996501693279687,3.071623115261656,0.0,0.0,0.0,2.6957752839984104,correction_completion,staggered,1,200,25,4278689886,reference_fold_convolution_rf,1.7445676882657966,23.27488535462116,,"{""0"": {""bar_pi"": 0.41304347826086957, ""control_ess"": 23.27488535462116, ""fold_sizes"": [{""evaluation"": 46, ""fold"": 0, ""train"": 58}], ""global_fold_bb"": true, ""max_control_odds"": 1.7445676882657966, ""n_clipped"": 0, ""n_complement_units"": 58, ""n_eval_units"": 46, ""posterior_cache_key"": ""g=4_fold=0"", ""posterior_draws"": 1500, ""raw_max_control_odds"": 1.7445676882657966}, ""1"": {""bar_pi"": 0.4482758620689655, ""control_ess"": 31.21453276125046, ""fold_sizes"": [{""evaluation"": 58, ""fold"": 0, ""train"": 46}], ""global_fold_bb"": true, ""max_control_odds"": 1.023243026712249, ""n_clipped"": 0, ""n_complement_units"": 46, ""n_eval_units"": 58, ""posterior_cache_key"": ""g=4_fold=1"", ""posterior_draws"": 1500, ""raw_max_control_odds"": 1.023243026712249}}"
GATT,g=4_t=5,4.0,5.0,1.0,reference_fold_convolution,4.003994280598591,3.990286812514877,0.3558280862178426,3.3188982177742012,3.4185859410314055,4.597356176779406,4.726007556897386,0.0,0.0,0.0,3.7740853975977737,correction_completion,staggered,1,200,25,4278689886,reference_fold_convolution_rf,1.7445676882657966,23.27488535462116,,"{""0"": {""bar_pi"": 0.41304347826086957, ""control_ess"": 23.27488535462116, ""fold_sizes"": [{""evaluation"": 46, ""fold"": 0, ""train"": 58}], ""global_fold_bb"": true, ""max_control_odds"": 1.7445676882657966, ""n_clipped"": 0, ""n_complement_units"": 58, ""n_eval_units"": 46, ""posterior_cache_key"": ""g=4_fold=0"", ""posterior_draws"": 1500, ""raw_max_control_odds"": 1.7445676882657966}, ""1"": {""bar_pi"": 0.4482758620689655, ""control_ess"": 31.21453276125046, ""fold_sizes"": [{""evaluation"": 58, ""fold"": 0, ""train"": 46}], ""global_fold_bb"": true, ""max_control_odds"": 1.023243026712249, ""n_clipped"": 0, ""n_complement_units"": 46, ""n_eval_units"": 58, ""posterior_cache_key"": ""g=4_fold=1"", ""posterior_draws"": 1500, ""raw_max_control_odds"": 1.023243026712249}}"
GATT,g=4_t=6,4.0,6.0,2.0,reference_fold_convolution,4.54603963682872,4.551298940189575,0.36999253965501794,3.824222714882939,3.947943252356013,5.156767762528726,5.2760612241463045,0.0,0.0,0.0,4.852395511197138,correction_completion,staggered,1,200,25,4278689886,reference_fold_convolution_rf,1.7445676882657966,23.27488535462116,,"{""0"": {""bar_pi"": 0.41304347826086957, ""control_ess"": 23.27488535462116, ""fold_sizes"": [{""evaluation"": 46, ""fold"": 0, ""train"": 58}], ""global_fold_bb"": true, ""max_control_odds"": 1.7445676882657966, ""n_clipped"": 0, ""n_complement_units"": 58, ""n_eval_units"": 46, ""posterior_cache_key"": ""g=4_fold=0"", ""posterior_draws"": 1500, ""raw_max_control_odds"": 1.7445676882657966}, ""1"": {""bar_pi"": 0.4482758620689655, ""control_ess"": 31.21453276125046, ""fold_sizes"": [{""evaluation"": 58, ""fold"": 0, ""train"": 46}], ""global_fold_bb"": true, ""max_control_odds"": 1.023243026712249, ""n_clipped"": 0, ""n_complement_units"": 46, ""n_eval_units"": 58, ""posterior_cache_key"": ""g=4_fold=1"", ""posterior_draws"": 1500, ""raw_max_control_odds"": 1.023243026712249}}"
GATT,g=4_t=7,4.0,7.0,3.0,reference_fold_convolution,5.511609347735831,5.503031558797734,0.35480972288524704,4.828872260878472,4.94741358798135,6.1035784975453105,6.2226812802414075,0.0,0.0,0.0,5.930705624796503,correction_completion,staggered,1,200,25,4278689886,reference_fold_convolution_rf,1.7445676882657966,23.27488535462116,,"{""0"": {""bar_pi"": 0.41304347826086957, ""control_ess"": 23.27488535462116, ""fold_sizes"": [{""evaluation"": 46, ""fold"": 0, ""train"": 58}], ""global_fold_bb"": true, ""max_control_odds"": 1.7445676882657966, ""n_clipped"": 0, ""n_complement_units"": 58, ""n_eval_units"": 46, ""posterior_cache_key"": ""g=4_fold=0"", ""posterior_draws"": 1500, ""raw_max_control_odds"": 1.7445676882657966}, ""1"": {""bar_pi"": 0.4482758620689655, ""control_ess"": 31.21453276125046, ""fold_sizes"": [{""evaluation"": 58, ""fold"": 0, ""train"": 46}], ""global_fold_bb"": true, ""max_control_odds"": 1.023243026712249, ""n_clipped"": 0, ""n_complement_units"": 46, ""n_eval_units"": 58, ""posterior_cache_key"": ""g=4_fold=1"", ""posterior_draws"": 1500, ""raw_max_control_odds"": 1.023243026712249}}"
GATT,g=6_t=6,6.0,6.0,0.0,reference_fold_convolution,5.080080067937764,5.089860567630366,0.5457256805310398,3.9691379649337124,4.194674264149729,5.937665533178452,6.165880320537978,0.0,0.0,0.0,5.23543504077367,correction_completion,staggered,1,200,25,4278689886,reference_fold_convolution_rf,1.645766618874093,24.626173964503916,,"{""0"": {""bar_pi"": 0.5178571428571429, ""control_ess"": 24.626173964503916, ""fold_sizes"": [{""evaluation"": 56, ""fold"": 0, ""train"": 46}], ""global_fold_bb"": true, ""max_control_odds"": 0.7798672049753631, ""n_clipped"": 0, ""n_complement_units"": 46, ""n_eval_units"": 56, ""posterior_cache_key"": ""g=6_fold=0"", ""posterior_draws"": 1500, ""raw_max_control_odds"": 0.7798672049753631}, ""1"": {""bar_pi"": 0.30434782608695654, ""control_ess"": 30.270622169093645, ""fold_sizes"": [{""evaluation"": 46, ""fold"": 0, ""train"": 56}], ""global_fold_bb"": true, ""max_control_odds"": 1.645766618874093, ""n_clipped"": 0, ""n_complement_units"": 56, ""n_eval_units"": 46, ""posterior_cache_key"": ""g=6_fold=1"", ""posterior_draws"": 1500, ""raw_max_control_odds"": 1.645766618874093}}"
GATT,g=6_t=7,6.0,7.0,1.0,reference_fold_convolution,6.376063604650469,6.363596445841347,0.6224328876124297,5.161204533841925,5.41974324010675,7.403828243587801,7.6106247280622465,0.0,0.0,0.0,7.329609057083136,correction_completion,staggered,1,200,25,4278689886,reference_fold_convolution_rf,1.645766618874093,24.626173964503916,,"{""0"": {""bar_pi"": 0.5178571428571429, ""control_ess"": 24.626173964503916, ""fold_sizes"": [{""evaluation"": 56, ""fold"": 0, ""train"": 46}], ""global_fold_bb"": true, ""max_control_odds"": 0.7798672049753631, ""n_clipped"": 0, ""n_complement_units"": 46, ""n_eval_units"": 56, ""posterior_cache_key"": ""g=6_fold=0"", ""posterior_draws"": 1500, ""raw_max_control_odds"": 0.7798672049753631}, ""1"": {""bar_pi"": 0.30434782608695654, ""control_ess"": 30.270622169093645, ""fold_sizes"": [{""evaluation"": 46, ""fold"": 0, ""train"": 56}], ""global_fold_bb"": true, ""max_control_odds"": 1.645766618874093, ""n_clipped"": 0, ""n_complement_units"": 56, ""n_eval_units"": 46, ""posterior_cache_key"": ""g=6_fold=1"", ""posterior_draws"": 1500, ""raw_max_control_odds"": 1.645766618874093}}"
ES,k=0,,,0.0,reference_fold_convolution,4.151777212986981,4.15815316923076,0.1994646719308272,3.7647815157576288,3.8187707875561276,4.463383961073805,4.536801514913674,0.0,0.0,0.0,4.0914887557236925,correction_completion,staggered,1,200,25,4278689886,reference_fold_convolution_rf,,,,{}
ES,k=1,,,1.0,reference_fold_convolution,5.657712581859361,5.647249426184032,0.262617971103979,5.176073750749893,5.244495694617533,6.092993724763044,6.187472238824946,0.0,0.0,0.0,5.728084258013168,correction_completion,staggered,1,200,25,4278689886,reference_fold_convolution_rf,,,,{}
ES,k=2,,,2.0,reference_fold_convolution,6.500111340947829,6.501128165224903,0.282088267578566,5.957759821946652,6.046025040989269,6.956001882732492,7.070006594147372,0.0,0.0,0.0,6.461195653538685,correction_completion,staggered,1,200,25,4278689886,reference_fold_convolution_rf,,,,{}
ES,k=3,,,3.0,reference_fold_convolution,5.511609347735831,5.503031558797734,0.35480972288524704,4.828872260878472,4.94741358798135,6.1035784975453105,6.2226812802414075,0.0,0.0,0.0,5.930705624796503,correction_completion,staggered,1,200,25,4278689886,reference_fold_convolution_rf,,,,{}
ATT,ATT,,,,reference_fold_convolution,5.336873866198433,5.331319886788817,0.20581608059650375,4.95367902697712,5.014404059133349,5.690641518885453,5.772051868275383,0.0,0.0,0.0,5.375620522587132,correction_completion,staggered,1,200,25,4278689886,reference_fold_convolution_rf,,,,{}
GATT,g=4_t=4,4.0,4.0,0.0,raw_structured,3.7248001462862117,3.7156540653005665,0.16010327334812796,3.4370289226286004,3.4752278372020613,4.006252472246168,4.069886919494184,0.0,0.0,0.0,3.7620997710713318,correction_completion,strong_confounder,2,200,9,1758366790,raw_structured,,,,
GATT,g=4_t=5,4.0,5.0,1.0,raw_structured,3.5881794199700665,3.5945877948259,0.14204783739425478,3.298548556794609,3.346723088905505,3.8167800475624047,3.8604879959830467,0.0,0.0,0.0,3.7620997710713318,correction_completion,strong_confounder,2,200,9,1758366790,raw_structured,,,,
GATT,g=4_t=6,4.0,6.0,2.0,raw_structured,3.568427899038233,3.574513271765817,0.13635207423710408,3.292729723117448,3.3356206893027376,3.7828030509479404,3.8187424486548274,0.0,0.0,0.0,3.7620997710713318,correction_completion,strong_confounder,2,200,9,1758366790,raw_structured,,,,
GATT,g=4_t=7,4.0,7.0,3.0,raw_structured,3.6193036642626595,3.618944365427443,0.1482897121106633,3.3363433885220193,3.390432516560169,3.8695588698831145,3.9305465422732726,0.0,0.0,0.0,3.7620997710713318,correction_completion,strong_confounder,2,200,9,1758366790,raw_structured,,,,
ES,k=0,,,0.0,raw_structured,3.7248001462862117,3.7156540653005665,0.16010327334812796,3.4370289226286004,3.4752278372020613,4.006252472246168,4.069886919494184,0.0,0.0,0.0,3.7620997710713318,correction_completion,strong_confounder,2,200,9,1758366790,raw_structured,,,,
ES,k=1,,,1.0,raw_structured,3.5881794199700665,3.5945877948259,0.14204783739425478,3.298548556794609,3.346723088905505,3.8167800475624047,3.8604879959830467,0.0,0.0,0.0,3.7620997710713318,correction_completion,strong_confounder,2,200,9,1758366790,raw_structured,,,,
ES,k=2,,,2.0,raw_structured,3.568427899038233,3.574513271765817,0.13635207423710408,3.292729723117448,3.3356206893027376,3.7828030509479404,3.8187424486548274,0.0,0.0,0.0,3.7620997710713318,correction_completion,strong_confounder,2,200,9,1758366790,raw_structured,,,,
ES,k=3,,,3.0,raw_structured,3.6193036642626595,3.618944365427443,0.1482897121106633,3.3363433885220193,3.390432516560169,3.8695588698831145,3.9305465422732726,0.0,0.0,0.0,3.7620997710713318,correction_completion,strong_confounder,2,200,9,1758366790,raw_structured,,,,
ATT,ATT,,,,raw_structured,3.6251777823892923,3.6261511861746367,0.11272302567395309,3.413953831249496,3.441262837554243,3.8077058774542647,3.8457773994505513,0.0,0.0,0.0,3.7620997710713318,correction_completion,strong_confounder,2,200,9,1758366790,raw_structured,,,,
GATT,g=4_t=4,4.0,4.0,0.0,reference_fold_convolution,3.5676045331084643,3.5722576490534803,0.25634403406025663,3.0669830771938345,3.14261460436016,3.996181889555936,4.073601323448115,0.0,0.0,0.0,3.7620997710713318,correction_completion,strong_confounder,2,200,9,1758366790,reference_fold_convolution_rf,2.3967718186600084,37.812741508209236,,"{""0"": {""bar_pi"": 0.57, ""control_ess"": 37.812741508209236, ""fold_sizes"": [{""evaluation"": 100, ""fold"": 0, ""train"": 100}], ""global_fold_bb"": true, ""max_control_odds"": 1.9657586147728507, ""n_clipped"": 0, ""n_complement_units"": 100, ""n_eval_units"": 100, ""posterior_cache_key"": ""g=4_fold=0"", ""posterior_draws"": 1500, ""raw_max_control_odds"": 1.9657586147728507}, ""1"": {""bar_pi"": 0.47, ""control_ess"": 48.95392725089944, ""fold_sizes"": [{""evaluation"": 100, ""fold"": 0, ""train"": 100}], ""global_fold_bb"": true, ""max_control_odds"": 2.3967718186600084, ""n_clipped"": 0, ""n_complement_units"": 100, ""n_eval_units"": 100, ""posterior_cache_key"": ""g=4_fold=1"", ""posterior_draws"": 1500, ""raw_max_control_odds"": 2.3967718186600084}}"
GATT,g=4_t=5,4.0,5.0,1.0,reference_fold_convolution,3.394830282696481,3.3924609990448134,0.23030946109707504,2.9321530393658444,2.9963521149865318,3.7747677349541737,3.850314236626382,0.0,0.0,0.0,3.7620997710713318,correction_completion,strong_confounder,2,200,9,1758366790,reference_fold_convolution_rf,2.3967718186600084,37.812741508209236,,"{""0"": {""bar_pi"": 0.57, ""control_ess"": 37.812741508209236, ""fold_sizes"": [{""evaluation"": 100, ""fold"": 0, ""train"": 100}], ""global_fold_bb"": true, ""max_control_odds"": 1.9657586147728507, ""n_clipped"": 0, ""n_complement_units"": 100, ""n_eval_units"": 100, ""posterior_cache_key"": ""g=4_fold=0"", ""posterior_draws"": 1500, ""raw_max_control_odds"": 1.9657586147728507}, ""1"": {""bar_pi"": 0.47, ""control_ess"": 48.95392725089944, ""fold_sizes"": [{""evaluation"": 100, ""fold"": 0, ""train"": 100}], ""global_fold_bb"": true, ""max_control_odds"": 2.3967718186600084, ""n_clipped"": 0, ""n_complement_units"": 100, ""n_eval_units"": 100, ""posterior_cache_key"": ""g=4_fold=1"", ""posterior_draws"": 1500, ""raw_max_control_odds"": 2.3967718186600084}}"
GATT,g=4_t=6,4.0,6.0,2.0,reference_fold_convolution,3.1994471001529696,3.2012613574025903,0.248601688552296,2.685283318055301,2.7891700001805324,3.5907065156833244,3.6611023788172075,0.0,0.0,0.0,3.7620997710713318,correction_completion,strong_confounder,2,200,9,1758366790,reference_fold_convolution_rf,2.3967718186600084,37.812741508209236,,"{""0"": {""bar_pi"": 0.57, ""control_ess"": 37.812741508209236, ""fold_sizes"": [{""evaluation"": 100, ""fold"": 0, ""train"": 100}], ""global_fold_bb"": true, ""max_control_odds"": 1.9657586147728507, ""n_clipped"": 0, ""n_complement_units"": 100, ""n_eval_units"": 100, ""posterior_cache_key"": ""g=4_fold=0"", ""posterior_draws"": 1500, ""raw_max_control_odds"": 1.9657586147728507}, ""1"": {""bar_pi"": 0.47, ""control_ess"": 48.95392725089944, ""fold_sizes"": [{""evaluation"": 100, ""fold"": 0, ""train"": 100}], ""global_fold_bb"": true, ""max_control_odds"": 2.3967718186600084, ""n_clipped"": 0, ""n_complement_units"": 100, ""n_eval_units"": 100, ""posterior_cache_key"": ""g=4_fold=1"", ""posterior_draws"": 1500, ""raw_max_control_odds"": 2.3967718186600084}}"
GATT,g=4_t=7,4.0,7.0,3.0,reference_fold_convolution,3.4670750070353735,3.4719470078509493,0.25986915779920944,2.931530289162125,3.0334591324564673,3.883072020970297,3.987696186664845,0.0,0.0,0.0,3.7620997710713318,correction_completion,strong_confounder,2,200,9,1758366790,reference_fold_convolution_rf,2.3967718186600084,37.812741508209236,,"{""0"": {""bar_pi"": 0.57, ""control_ess"": 37.812741508209236, ""fold_sizes"": [{""evaluation"": 100, ""fold"": 0, ""train"": 100}], ""global_fold_bb"": true, ""max_control_odds"": 1.9657586147728507, ""n_clipped"": 0, ""n_complement_units"": 100, ""n_eval_units"": 100, ""posterior_cache_key"": ""g=4_fold=0"", ""posterior_draws"": 1500, ""raw_max_control_odds"": 1.9657586147728507}, ""1"": {""bar_pi"": 0.47, ""control_ess"": 48.95392725089944, ""fold_sizes"": [{""evaluation"": 100, ""fold"": 0, ""train"": 100}], ""global_fold_bb"": true, ""max_control_odds"": 2.3967718186600084, ""n_clipped"": 0, ""n_complement_units"": 100, ""n_eval_units"": 100, ""posterior_cache_key"": ""g=4_fold=1"", ""posterior_draws"": 1500, ""raw_max_control_odds"": 2.3967718186600084}}"
ES,k=0,,,0.0,reference_fold_convolution,3.5676045331084643,3.5722576490534803,0.25634403406025663,3.0669830771938345,3.14261460436016,3.996181889555936,4.073601323448115,0.0,0.0,0.0,3.7620997710713318,correction_completion,strong_confounder,2,200,9,1758366790,reference_fold_convolution_rf,,,,{}
ES,k=1,,,1.0,reference_fold_convolution,3.394830282696481,3.3924609990448134,0.23030946109707504,2.9321530393658444,2.9963521149865318,3.7747677349541737,3.850314236626382,0.0,0.0,0.0,3.7620997710713318,correction_completion,strong_confounder,2,200,9,1758366790,reference_fold_convolution_rf,,,,{}
ES,k=2,,,2.0,reference_fold_convolution,3.1994471001529696,3.2012613574025903,0.248601688552296,2.685283318055301,2.7891700001805324,3.5907065156833244,3.6611023788172075,0.0,0.0,0.0,3.7620997710713318,correction_completion,strong_confounder,2,200,9,1758366790,reference_fold_convolution_rf,,,,{}
ES,k=3,,,3.0,reference_fold_convolution,3.4670750070353735,3.4719470078509493,0.25986915779920944,2.931530289162125,3.0334591324564673,3.883072020970297,3.987696186664845,0.0,0.0,0.0,3.7620997710713318,correction_completion,strong_confounder,2,200,9,1758366790,reference_fold_convolution_rf,,,,{}
ATT,ATT,,,,reference_fold_convolution,3.407239230748322,3.4083882610062575,0.2032890502146097,3.0072084644523267,3.072439022447823,3.7432389626136144,3.8019328660664846,0.0,0.0,0.0,3.7620997710713318,correction_completion,strong_confounder,2,200,9,1758366790,reference_fold_convolution_rf,,,,{}
