estimand_type,estimand_id,g,t,k,method,post_mean,post_median,sd,q025,q05,q95,q975,p_bayes_tail_min,p_bayes_two_sided,p_bayes,true,family,design,degree,N,rep,seed,task_estimator,max_control_odds,effective_sample_size,max_normalized_weight,fold_sizes
PRE,k=-4,,,-4.0,pretrend,-0.08529550465533282,-0.07390029886282978,0.18036329384157163,-0.45910664779149807,-0.3762353430645347,0.20142249072817872,0.26382661605336155,0.3606666666666667,0.7213333333333334,0.7213333333333334,-0.0,correction_completion,PT_conditional,1,200,86,2399526468,raw_structured,,,,
PRE,k=-3,,,-3.0,pretrend,-0.07182578439843408,-0.030696121488446443,0.17200694617112341,-0.4377382402470306,-0.3673751936613562,0.19329599574562883,0.24435691004007853,0.43866666666666665,0.8773333333333333,0.8773333333333333,-0.0,correction_completion,PT_conditional,1,200,86,2399526468,raw_structured,,,,
PRE,k=-2,,,-2.0,pretrend,0.000520219097471679,0.0,0.1335422794489852,-0.2857859157998078,-0.2312870770679061,0.22710781341482703,0.30627366165804665,0.7293333333333333,1.0,1.0,-0.0,correction_completion,PT_conditional,1,200,86,2399526468,raw_structured,,,,
PRE,slope,,,,pretrend,0.028501275976099645,0.023176955069968808,0.06508991710951627,-0.09827676690065204,-0.07420115344105128,0.1341662003956751,0.16055185703543523,0.36933333333333335,0.7386666666666667,0.7386666666666667,0.0,correction_completion,PT_conditional,1,200,86,2399526468,raw_structured,,,,
PRE_SUB,X1=0_k=-4,,,-4.0,pretrend,-0.07753268375731583,-0.06564357208300653,0.18084596479188714,-0.4440663010270086,-0.3718435583756057,0.21436261847337965,0.2720476482840176,0.38,0.76,0.76,-0.0,correction_completion,PT_conditional,1,200,86,2399526468,raw_structured,,,,
PRE_SUB,X1=0_k=-3,,,-3.0,pretrend,-0.06342095258966901,-0.02115109650120723,0.17229007750803604,-0.4223684327522555,-0.35655491932003974,0.20908102451602203,0.264302057390712,0.4593333333333333,0.9186666666666666,0.9186666666666666,-0.0,correction_completion,PT_conditional,1,200,86,2399526468,raw_structured,,,,
PRE_SUB,X1=0_k=-2,,,-2.0,pretrend,0.003824145859903906,0.0,0.13674405277522633,-0.28849322132908084,-0.22495297651610752,0.24928163020452657,0.31873218927143093,0.7333333333333333,1.0,1.0,-0.0,correction_completion,PT_conditional,1,200,86,2399526468,raw_structured,,,,
PRE_SUB,X1=1_k=-4,,,-4.0,pretrend,-0.09011786309197976,-0.07568768682699113,0.18634563486454359,-0.4783421804813876,-0.39545244083719133,0.20109308108470453,0.26799873262268004,0.36,0.72,0.72,-0.0,correction_completion,PT_conditional,1,200,86,2399526468,raw_structured,,,,
PRE_SUB,X1=1_k=-3,,,-3.0,pretrend,-0.07704696779478813,-0.03274154163645428,0.17799408266931718,-0.48183052248791425,-0.37760097121853814,0.1929253495023229,0.24435691004007884,0.43733333333333335,0.8746666666666667,0.8746666666666667,-0.0,correction_completion,PT_conditional,1,200,86,2399526468,raw_structured,,,,
PRE_SUB,X1=1_k=-2,,,-2.0,pretrend,-0.0015322202549483315,0.0,0.13476604145892765,-0.29387634382642375,-0.23427510323916725,0.225271216720766,0.3062736616580463,0.726,1.0,1.0,-0.0,correction_completion,PT_conditional,1,200,86,2399526468,raw_structured,,,,
PRE_SUB,X2=low_k=-4,,,-4.0,pretrend,-0.08386949639070969,-0.07246900807615739,0.18059583352252467,-0.450009995996621,-0.3785228360274472,0.207112502706039,0.269911709348376,0.36333333333333334,0.7266666666666667,0.7266666666666667,-0.0,correction_completion,PT_conditional,1,200,86,2399526468,raw_structured,,,,
PRE_SUB,X2=low_k=-3,,,-3.0,pretrend,-0.07013086545162113,-0.030696121488446804,0.1725789502175101,-0.43773824024703056,-0.3614759132280856,0.20370338130925708,0.252778891510348,0.43933333333333335,0.8786666666666667,0.8786666666666667,-0.0,correction_completion,PT_conditional,1,200,86,2399526468,raw_structured,,,,
PRE_SUB,X2=low_k=-2,,,-2.0,pretrend,0.0012149338725679876,0.0,0.13380920906620064,-0.28578591579980794,-0.22593805147015236,0.23557452024110084,0.3073723506117723,0.7306666666666667,1.0,1.0,-0.0,correction_completion,PT_conditional,1,200,86,2399526468,raw_structured,,,,
PRE_SUB,X2=high_k=-4,,,-4.0,pretrend,-0.08596348173004882,-0.07539893745925055,0.18170313650716016,-0.45910664779149885,-0.3835962317490293,0.20158967126531777,0.26799873262268037,0.36,0.72,0.72,-0.0,correction_completion,PT_conditional,1,200,86,2399526468,raw_structured,,,,
PRE_SUB,X2=high_k=-3,,,-3.0,pretrend,-0.07287185132898324,-0.030696121488445992,0.17290048852549592,-0.44316561829832163,-0.3714205017584672,0.19815326142807926,0.24435691004007856,0.438,0.876,0.876,-0.0,correction_completion,PT_conditional,1,200,86,2399526468,raw_structured,,,,
PRE_SUB,X2=high_k=-2,,,-2.0,pretrend,-0.00014867770057066032,0.0,0.13440989550409324,-0.28949074307927974,-0.2328483318489979,0.2236571456851796,0.3062736616580459,0.73,1.0,1.0,-0.0,correction_completion,PT_conditional,1,200,86,2399526468,raw_structured,,,,
PRE_SUBC,X1_k=-4,,,-4.0,pretrend,-0.012585179334663915,0.0,0.07751048796489392,-0.23209783143344684,-0.05124399654642287,1.4172690798730498e-15,0.003269196449551339,0.5386666666666666,1.0,1.0,-0.0,correction_completion,PT_conditional,1,200,86,2399526468,raw_structured,,,,
PRE_SUBC,X1_k=-3,,,-3.0,pretrend,-0.01362601520511911,0.0,0.07501194569472915,-0.23209783143344684,-0.04537244009787055,9.239137233052465e-16,2.3821222772113023e-15,0.586,1.0,1.0,-0.0,correction_completion,PT_conditional,1,200,86,2399526468,raw_structured,,,,
PRE_SUBC,X1_k=-2,,,-2.0,pretrend,-0.005356366114852239,0.0,0.04753831649601708,-0.010972598853802525,-1.0002198722047772e-15,6.591949208711867e-16,9.159339953157541e-16,0.7346666666666667,1.0,1.0,-0.0,correction_completion,PT_conditional,1,200,86,2399526468,raw_structured,,,,
PRE_SUBC,X1_slope,,,,pretrend,0.0050259953235058715,0.0,0.029338836861572692,-0.0011270441888635045,-4.769002653099667e-16,0.020822595263793448,0.09400360809641788,0.5373333333333333,1.0,1.0,0.0,correction_completion,PT_conditional,1,200,86,2399526468,raw_structured,,,,
PRE_SUBC,X2_k=-4,,,-4.0,pretrend,-0.0020939853393391293,0.0,0.03488847429176155,-0.036513052342988746,-0.014878786362375615,1.3058998327153391e-15,0.006825756361502856,0.5466666666666666,1.0,1.0,-0.0,correction_completion,PT_conditional,1,200,86,2399526468,raw_structured,,,,
PRE_SUBC,X2_k=-3,,,-3.0,pretrend,-0.002740985877362134,0.0,0.03190391969356599,-0.03572075150359542,-0.014451136775630731,8.881784197001252e-16,0.000628768212241046,0.6073333333333333,1.0,1.0,-0.0,correction_completion,PT_conditional,1,200,86,2399526468,raw_structured,,,,
PRE_SUBC,X2_k=-2,,,-2.0,pretrend,-0.0013636115731386488,0.0,0.019113848384300726,-0.014983144306771501,-7.917277944358147e-16,5.280498260873394e-16,8.049116928532385e-16,0.732,1.0,1.0,-0.0,correction_completion,PT_conditional,1,200,86,2399526468,raw_structured,,,,
PRE_SUBC,X2_slope,,,,pretrend,0.0009376813818485933,0.0,0.012618012766868384,-0.0022650690156509213,-4.584626329367276e-16,0.006186481965690192,0.014826807834889861,0.5426666666666666,1.0,1.0,0.0,correction_completion,PT_conditional,1,200,86,2399526468,raw_structured,,,,
PRE,k=-4,,,-4.0,reference_fold_pretrend,-0.2639728485803062,-0.2592559716748949,0.18724196244742755,-0.661084576928882,-0.5876263581291035,0.031531763348009695,0.07993187054521118,0.07666666666666666,0.15333333333333332,0.15333333333333332,-0.0,correction_completion,PT_conditional,1,200,86,2399526468,reference_fold_convolution_rf,,,,
PRE,k=-3,,,-3.0,reference_fold_pretrend,-0.19620749497663167,-0.1871918891424724,0.17212608882841152,-0.5540513708090707,-0.48801570260008054,0.06893668683160133,0.11674431713046989,0.12866666666666668,0.25733333333333336,0.25733333333333336,-0.0,correction_completion,PT_conditional,1,200,86,2399526468,reference_fold_convolution_rf,,,,
PRE,k=-2,,,-2.0,reference_fold_pretrend,-0.07603703930977235,-0.06113546196059722,0.14105469529973533,-0.38357168559004484,-0.3309424287396049,0.1350762476116968,0.2032120758715239,0.3606666666666667,0.7213333333333334,0.7213333333333334,-0.0,correction_completion,PT_conditional,1,200,86,2399526468,reference_fold_convolution_rf,,,,
PRE,slope,,,,reference_fold_pretrend,0.0900264696431396,0.08686850614890104,0.0667573133623562,-0.03507821128381024,-0.015102472795694695,0.2055298095064911,0.2306383103270238,0.08533333333333333,0.17066666666666666,0.17066666666666666,0.0,correction_completion,PT_conditional,1,200,86,2399526468,reference_fold_convolution_rf,,,,
PRE_SUB,X1=0_k=-4,,,-4.0,reference_fold_pretrend,-0.2600078503658797,-0.2552067147496394,0.1891974644856436,-0.6580625308073682,-0.5874637489796852,0.04014415522425479,0.08502582415097414,0.078,0.156,0.156,-0.0,correction_completion,PT_conditional,1,200,86,2399526468,reference_fold_convolution_rf,,,,
PRE_SUB,X1=0_k=-3,,,-3.0,reference_fold_pretrend,-0.19096816225020907,-0.1807342768719662,0.17395247189549726,-0.5478377125964582,-0.4888384912006121,0.07722135852722521,0.13309096342777363,0.13666666666666666,0.2733333333333333,0.2733333333333333,-0.0,correction_completion,PT_conditional,1,200,86,2399526468,reference_fold_convolution_rf,,,,
PRE_SUB,X1=0_k=-2,,,-2.0,reference_fold_pretrend,-0.07270254908813495,-0.057508650832377065,0.1427205366660109,-0.37937161272445546,-0.3285821599115286,0.1449347772925078,0.2037313843751987,0.37466666666666665,0.7493333333333333,0.7493333333333333,-0.0,correction_completion,PT_conditional,1,200,86,2399526468,reference_fold_convolution_rf,,,,
PRE_SUB,X1=1_k=-4,,,-4.0,reference_fold_pretrend,-0.26643595353169236,-0.25864346969542273,0.19053195021935473,-0.6637387472439752,-0.6100340798031512,0.03094491201361816,0.08293921863225809,0.07866666666666666,0.15733333333333333,0.15733333333333333,-0.0,correction_completion,PT_conditional,1,200,86,2399526468,reference_fold_convolution_rf,,,,
PRE_SUB,X1=1_k=-3,,,-3.0,reference_fold_pretrend,-0.19946223197334875,-0.19174331465302724,0.17427539400004827,-0.5691572790998461,-0.49753968557559136,0.06912692813266588,0.11582746388036248,0.126,0.252,0.252,-0.0,correction_completion,PT_conditional,1,200,86,2399526468,reference_fold_convolution_rf,,,,
PRE_SUB,X1=1_k=-2,,,-2.0,reference_fold_pretrend,-0.0781084650535168,-0.06325625243662036,0.14268302464351032,-0.3961898894115501,-0.33238724413791787,0.13503461609653533,0.2015950643853715,0.35733333333333334,0.7146666666666667,0.7146666666666667,-0.0,correction_completion,PT_conditional,1,200,86,2399526468,reference_fold_convolution_rf,,,,
PRE_SUB,X2=low_k=-4,,,-4.0,reference_fold_pretrend,-0.299170463057,-0.2927172850188586,0.19329451288518826,-0.6881475106890578,-0.6390859328823252,0.009104965460089725,0.07063012754191547,0.056,0.112,0.112,-0.0,correction_completion,PT_conditional,1,200,86,2399526468,reference_fold_convolution_rf,,,,
PRE_SUB,X2=low_k=-3,,,-3.0,reference_fold_pretrend,-0.21432619746727824,-0.20753244512014676,0.17970622687516313,-0.5883906517706184,-0.5183730686516859,0.06320241752248212,0.11458531467082103,0.11866666666666667,0.23733333333333334,0.23733333333333334,-0.0,correction_completion,PT_conditional,1,200,86,2399526468,reference_fold_convolution_rf,,,,
PRE_SUB,X2=low_k=-2,,,-2.0,reference_fold_pretrend,-0.08760158050383143,-0.06380416191149792,0.15038901454192274,-0.4137387485748985,-0.3583856499863141,0.13766950736991226,0.18187112267412542,0.348,0.696,0.696,-0.0,correction_completion,PT_conditional,1,200,86,2399526468,reference_fold_convolution_rf,,,,
PRE_SUB,X2=high_k=-4,,,-4.0,reference_fold_pretrend,-0.22523466902954373,-0.2197784908744511,0.19216435221116918,-0.6390250469490141,-0.5624960844432626,0.08799654008218952,0.13211876715069087,0.11066666666666666,0.22133333333333333,0.22133333333333333,-0.0,correction_completion,PT_conditional,1,200,86,2399526468,reference_fold_convolution_rf,,,,
PRE_SUB,X2=high_k=-3,,,-3.0,reference_fold_pretrend,-0.1761327018381056,-0.16799924806879002,0.1746052601766692,-0.545588739778445,-0.48216484415990657,0.09407011872695416,0.14673599280423838,0.15133333333333332,0.30266666666666664,0.30266666666666664,-0.0,correction_completion,PT_conditional,1,200,86,2399526468,reference_fold_convolution_rf,,,,
PRE_SUB,X2=high_k=-2,,,-2.0,reference_fold_pretrend,-0.06324158737687456,-0.048715247392287345,0.13990224206813792,-0.35291872682443265,-0.30668513495556277,0.15837545168999545,0.21846016346135297,0.37533333333333335,0.7506666666666667,0.7506666666666667,-0.0,correction_completion,PT_conditional,1,200,86,2399526468,reference_fold_convolution_rf,,,,
PRE_SUBC,X1_k=-4,,,-4.0,reference_fold_pretrend,-0.006428103165812594,0.005765729946042533,0.0666108951967153,-0.19953904650977541,-0.14410938502253548,0.023921492966141277,0.05139534930503437,0.27,0.54,0.54,-0.0,correction_completion,PT_conditional,1,200,86,2399526468,reference_fold_convolution_rf,,,,
PRE_SUBC,X1_k=-3,,,-3.0,reference_fold_pretrend,-0.008494069723139666,0.003046254478491094,0.054477013094678145,-0.18444995692685096,-0.11662981962090008,0.015165127550450588,0.020415898497528815,0.362,0.724,0.724,-0.0,correction_completion,PT_conditional,1,200,86,2399526468,reference_fold_convolution_rf,,,,
PRE_SUBC,X1_k=-2,,,-2.0,reference_fold_pretrend,-0.0054059159653818585,0.0009083465002162269,0.04440880771861923,-0.13938178137263674,-0.021522506362018374,0.01219567115482307,0.015401899355093583,0.448,0.896,0.896,-0.0,correction_completion,PT_conditional,1,200,86,2399526468,reference_fold_convolution_rf,,,,
PRE_SUBC,X1_slope,,,,reference_fold_pretrend,0.0029770260649356413,-0.0018364553428160653,0.02353573378038922,-0.013976290974482126,-0.007902746066750094,0.047352223740327014,0.07509340219288356,0.29133333333333333,0.5826666666666667,0.5826666666666667,0.0,correction_completion,PT_conditional,1,200,86,2399526468,reference_fold_convolution_rf,,,,
PRE_SUBC,X2_k=-4,,,-4.0,reference_fold_pretrend,0.07393579402745623,0.07818553237471226,0.09274395906105162,-0.12425037506616299,-0.08084368411502285,0.21531469990580906,0.2463907731680015,0.186,0.372,0.372,-0.0,correction_completion,PT_conditional,1,200,86,2399526468,reference_fold_convolution_rf,,,,
PRE_SUBC,X2_k=-3,,,-3.0,reference_fold_pretrend,0.038193495629172625,0.04250554861910326,0.08471368443247,-0.1367215225257441,-0.09993859992835172,0.16674315529334457,0.1902107243192141,0.314,0.628,0.628,-0.0,correction_completion,PT_conditional,1,200,86,2399526468,reference_fold_convolution_rf,,,,
PRE_SUBC,X2_k=-2,,,-2.0,reference_fold_pretrend,0.024359993126956872,0.016446922516522255,0.0713409797818785,-0.11210421007273015,-0.08209470413268542,0.14103628761687823,0.16339458759019113,0.4226666666666667,0.8453333333333334,0.8453333333333334,-0.0,correction_completion,PT_conditional,1,200,86,2399526468,reference_fold_convolution_rf,,,,
PRE_SUBC,X2_slope,,,,reference_fold_pretrend,-0.02303959760483363,-0.024847740211897656,0.03351389410610177,-0.08576281412409327,-0.07161645996973752,0.03357688832333633,0.04799512210887268,0.21,0.42,0.42,0.0,correction_completion,PT_conditional,1,200,86,2399526468,reference_fold_convolution_rf,,,,
PRE,k=-4,,,-4.0,pretrend,-0.08064994132865111,-0.07822290953263253,0.18515731603276617,-0.4465637069747114,-0.3875851793034949,0.216570744674216,0.27242263385846655,0.35133333333333333,0.7026666666666667,0.7026666666666667,-0.0,correction_completion,PT_hold,1,200,70,2644361184,raw_structured,,,,
PRE,k=-3,,,-3.0,pretrend,-0.19455546136977492,-0.18759178498387807,0.17502990161904924,-0.5461327026791521,-0.4920645665470441,0.05176977341886473,0.11166042874276061,0.184,0.368,0.368,-0.0,correction_completion,PT_hold,1,200,70,2644361184,raw_structured,,,,
PRE,k=-2,,,-2.0,pretrend,-0.16051875689955458,-0.14862889432319348,0.16598555278078683,-0.4787170516422877,-0.44851905301052036,0.03243060467472714,0.0918592394307896,0.312,0.624,0.624,-0.0,correction_completion,PT_hold,1,200,70,2644361184,raw_structured,,,,
PRE,slope,,,,pretrend,0.05654139311607556,0.05116790440666663,0.06795661021252296,-0.06378438771646747,-0.04637856243770849,0.17487760240136666,0.18908859936327252,0.23266666666666666,0.4653333333333333,0.4653333333333333,0.0,correction_completion,PT_hold,1,200,70,2644361184,raw_structured,,,,
PRE_SUB,X1=0_k=-4,,,-4.0,pretrend,-0.09956211719422578,-0.098357164925548,0.19248088093227136,-0.4736138164529226,-0.41937655221352516,0.21051159442175935,0.2874621480756959,0.322,0.644,0.644,-0.0,correction_completion,PT_hold,1,200,70,2644361184,raw_structured,,,,
PRE_SUB,X1=0_k=-3,,,-3.0,pretrend,-0.18094329803882442,-0.17749997984528643,0.1796762440066046,-0.5346126534147142,-0.4776682100369173,0.07870606733910625,0.15072091572252305,0.20866666666666667,0.41733333333333333,0.41733333333333333,-0.0,correction_completion,PT_hold,1,200,70,2644361184,raw_structured,,,,
PRE_SUB,X1=0_k=-2,,,-2.0,pretrend,-0.14981887613400285,-0.13226327174033492,0.16715250976440257,-0.4783377580641672,-0.4438539677903488,0.05342475458479089,0.11896527079343121,0.3313333333333333,0.6626666666666666,0.6626666666666666,-0.0,correction_completion,PT_hold,1,200,70,2644361184,raw_structured,,,,
PRE_SUB,X1=1_k=-4,,,-4.0,pretrend,-0.06173776546307647,-0.07176668172268334,0.2239243349540436,-0.46322835829565895,-0.4018632545902609,0.3478333200384358,0.4374969189865327,0.378,0.756,0.756,-0.0,correction_completion,PT_hold,1,200,70,2644361184,raw_structured,,,,
PRE_SUB,X1=1_k=-3,,,-3.0,pretrend,-0.20816762470072542,-0.2002568273251531,0.18417840132061122,-0.5831699896767983,-0.5262337417481064,0.04214758749757038,0.10233199522269136,0.17666666666666667,0.35333333333333333,0.35333333333333333,-0.0,correction_completion,PT_hold,1,200,70,2644361184,raw_structured,,,,
PRE_SUB,X1=1_k=-2,,,-2.0,pretrend,-0.17121863766510634,-0.1556643285501123,0.17588770642132587,-0.5287444393444835,-0.4650535521079683,0.025859832488422226,0.08734388020313706,0.31,0.62,0.62,-0.0,correction_completion,PT_hold,1,200,70,2644361184,raw_structured,,,,
PRE_SUB,X2=low_k=-4,,,-4.0,pretrend,-0.07150527280096663,-0.0681394487215655,0.18745658063284878,-0.4393757238617741,-0.3785152469876853,0.22909177756588842,0.2887657620438537,0.37066666666666664,0.7413333333333333,0.7413333333333333,-0.0,correction_completion,PT_hold,1,200,70,2644361184,raw_structured,,,,
PRE_SUB,X2=low_k=-3,,,-3.0,pretrend,-0.180366691451402,-0.17186199576887595,0.17980043093424455,-0.5355395343452483,-0.4837405332324984,0.07766250175505204,0.1387492493737763,0.21066666666666667,0.42133333333333334,0.42133333333333334,-0.0,correction_completion,PT_hold,1,200,70,2644361184,raw_structured,,,,
PRE_SUB,X2=low_k=-2,,,-2.0,pretrend,-0.1476242995378594,-0.12361131046612127,0.16911380493222158,-0.47716922149857294,-0.4434884389678193,0.057492394322230786,0.1191663301897152,0.3413333333333333,0.6826666666666666,0.6826666666666666,-0.0,correction_completion,PT_hold,1,200,70,2644361184,raw_structured,,,,
PRE_SUB,X2=high_k=-4,,,-4.0,pretrend,-0.09619578923681926,-0.09122240869759096,0.20503463869466704,-0.5072933246498254,-0.44068526270732655,0.22280758296720835,0.3102275174297341,0.344,0.688,0.688,-0.0,correction_completion,PT_hold,1,200,70,2644361184,raw_structured,,,,
PRE_SUB,X2=high_k=-3,,,-3.0,pretrend,-0.2171020237566928,-0.20881340009460297,0.19056261819002393,-0.6245551261395245,-0.544744337254827,0.03884262444915103,0.10640207918054409,0.17733333333333334,0.3546666666666667,0.3546666666666667,-0.0,correction_completion,PT_hold,1,200,70,2644361184,raw_structured,,,,
PRE_SUB,X2=high_k=-2,,,-2.0,pretrend,-0.18139443145119163,-0.16357632680066925,0.18452362416757237,-0.5705632886739527,-0.4995509641917907,0.023113992769628416,0.07675219588255797,0.308,0.616,0.616,-0.0,correction_completion,PT_hold,1,200,70,2644361184,raw_structured,,,,
PRE_SUBC,X1_k=-4,,,-4.0,pretrend,0.03782435173114933,0.0,0.19300017589711488,-0.2806746622489858,-0.13116354341673486,0.5201172607884943,0.6477827575193138,0.5173333333333333,1.0,1.0,-0.0,correction_completion,PT_hold,1,200,70,2644361184,raw_structured,,,,
PRE_SUBC,X1_k=-3,,,-3.0,pretrend,-0.027224326661901,0.0,0.09934086019145325,-0.38252006649582865,-0.20856084698610095,8.3318768551166e-16,1.3935033682521568e-15,0.5073333333333333,1.0,1.0,-0.0,correction_completion,PT_hold,1,200,70,2644361184,raw_structured,,,,
PRE_SUBC,X1_k=-2,,,-2.0,pretrend,-0.02139976153110347,0.0,0.08687967917535686,-0.34385530204357617,-0.12120966014597173,7.216449660063518e-16,1.058354792693449e-15,0.5833333333333334,1.0,1.0,-0.0,correction_completion,PT_hold,1,200,70,2644361184,raw_structured,,,,
PRE_SUBC,X1_slope,,,,pretrend,-0.0026874743098958924,0.0,0.051629798746932284,-0.13867008252759352,-0.1090196759421735,0.07085765045699667,0.12078690835289387,0.5233333333333333,1.0,1.0,0.0,correction_completion,PT_hold,1,200,70,2644361184,raw_structured,,,,
PRE_SUBC,X2_k=-4,,,-4.0,pretrend,-0.02469051643585261,0.0,0.12103833374016242,-0.472131914752675,-0.28332459184059355,0.09266581449011732,0.11973503233614788,0.5033333333333333,1.0,1.0,-0.0,correction_completion,PT_hold,1,200,70,2644361184,raw_structured,,,,
PRE_SUBC,X2_k=-3,,,-3.0,pretrend,-0.03673533230529082,-5.0306980803327406e-17,0.1167131818658104,-0.4861114858729027,-0.28718849908376487,6.95277169171503e-16,9.992007221626409e-16,0.47733333333333333,0.9546666666666667,0.9546666666666667,-0.0,correction_completion,PT_hold,1,200,70,2644361184,raw_structured,,,,
PRE_SUBC,X2_k=-2,,,-2.0,pretrend,-0.03377013191333218,0.0,0.114894595603268,-0.4861114858729025,-0.2832244227803773,5.842548667089874e-16,8.618106228652702e-16,0.5793333333333334,1.0,1.0,-0.0,correction_completion,PT_hold,1,200,70,2644361184,raw_structured,,,,
PRE_SUBC,X2_slope,,,,pretrend,0.012950881845105119,3.96508223080413e-18,0.05015802733323277,-0.02565750692917464,-0.019821759262213204,0.11873133454970451,0.20833349394552936,0.49266666666666664,0.9853333333333333,0.9853333333333333,0.0,correction_completion,PT_hold,1,200,70,2644361184,raw_structured,,,,
PRE,k=-4,,,-4.0,reference_fold_pretrend,-0.18043283418444866,-0.17908829479272115,0.17615202296082985,-0.526727675876673,-0.4744582130128179,0.10100306943204998,0.15370898468830058,0.15466666666666667,0.30933333333333335,0.30933333333333335,-0.0,correction_completion,PT_hold,1,200,70,2644361184,reference_fold_convolution_rf,,,,
PRE,k=-3,,,-3.0,reference_fold_pretrend,-0.26513672643212943,-0.25369624244066585,0.1707144370395169,-0.6377200030726156,-0.5656196398628801,-0.012217174474401979,0.023517175681669354,0.044,0.088,0.088,-0.0,correction_completion,PT_hold,1,200,70,2644361184,reference_fold_convolution_rf,,,,
PRE,k=-2,,,-2.0,reference_fold_pretrend,-0.20200526362365306,-0.1914125656642575,0.15569268489124993,-0.5292242032059505,-0.47191635601260934,0.022198294233867082,0.06346193834900099,0.11,0.22,0.22,-0.0,correction_completion,PT_hold,1,200,70,2644361184,reference_fold_convolution_rf,,,,
PRE,slope,,,,reference_fold_pretrend,0.09096980136008985,0.08876692532628946,0.0659651103393718,-0.030894423878413384,-0.01131406469412185,0.200227752365593,0.2315887601283037,0.07866666666666666,0.15733333333333333,0.15733333333333333,0.0,correction_completion,PT_hold,1,200,70,2644361184,reference_fold_convolution_rf,,,,
PRE_SUB,X1=0_k=-4,,,-4.0,reference_fold_pretrend,-0.1681410070250205,-0.1685694141177559,0.17906787772107047,-0.5175006427299628,-0.4677107418985276,0.12115117423108407,0.18265119166638544,0.17,0.34,0.34,-0.0,correction_completion,PT_hold,1,200,70,2644361184,reference_fold_convolution_rf,,,,
PRE_SUB,X1=0_k=-3,,,-3.0,reference_fold_pretrend,-0.2499046063322573,-0.23872106611202337,0.17244642075817984,-0.6100524847689242,-0.5461301164190433,0.0060134589629293085,0.050328117771657806,0.06266666666666666,0.12533333333333332,0.12533333333333332,-0.0,correction_completion,PT_hold,1,200,70,2644361184,reference_fold_convolution_rf,,,,
PRE_SUB,X1=0_k=-2,,,-2.0,reference_fold_pretrend,-0.19041462458031158,-0.18418664915058294,0.1560716209873813,-0.5266779989791054,-0.4657971528808144,0.03747812458814993,0.07174299510350243,0.13133333333333333,0.26266666666666666,0.26266666666666666,-0.0,correction_completion,PT_hold,1,200,70,2644361184,reference_fold_convolution_rf,,,,
PRE_SUB,X1=1_k=-4,,,-4.0,reference_fold_pretrend,-0.1927246613438768,-0.18911013628370438,0.18458967400656615,-0.5499036354789706,-0.4952315558697866,0.09919393484610353,0.1470652001177139,0.15,0.3,0.3,-0.0,correction_completion,PT_hold,1,200,70,2644361184,reference_fold_convolution_rf,,,,
PRE_SUB,X1=1_k=-3,,,-3.0,reference_fold_pretrend,-0.2803688465320015,-0.2681255043161158,0.17830091238382298,-0.6604626625311486,-0.5923720015419947,-0.01454388014578032,0.020239495498705976,0.04133333333333333,0.08266666666666667,0.08266666666666667,-0.0,correction_completion,PT_hold,1,200,70,2644361184,reference_fold_convolution_rf,,,,
PRE_SUB,X1=1_k=-2,,,-2.0,reference_fold_pretrend,-0.21359590266699457,-0.2055293071682815,0.16229091511988525,-0.5615263307789792,-0.49852651708625834,0.01781729366437152,0.05789685053624473,0.10666666666666667,0.21333333333333335,0.21333333333333335,-0.0,correction_completion,PT_hold,1,200,70,2644361184,reference_fold_convolution_rf,,,,
PRE_SUB,X2=low_k=-4,,,-4.0,reference_fold_pretrend,-0.16065037927519393,-0.1608378549368515,0.17991355529448141,-0.5126742586977195,-0.4499132906265673,0.12133080861202901,0.2133410456808491,0.18266666666666667,0.36533333333333334,0.36533333333333334,-0.0,correction_completion,PT_hold,1,200,70,2644361184,reference_fold_convolution_rf,,,,
PRE_SUB,X2=low_k=-3,,,-3.0,reference_fold_pretrend,-0.24482513357963603,-0.23358976636297754,0.17323421772960584,-0.6094560940063034,-0.5418811630981758,0.013771922626440978,0.06374005742437566,0.07066666666666667,0.14133333333333334,0.14133333333333334,-0.0,correction_completion,PT_hold,1,200,70,2644361184,reference_fold_convolution_rf,,,,
PRE_SUB,X2=low_k=-2,,,-2.0,reference_fold_pretrend,-0.18410722618113032,-0.1764021292781818,0.15746511229648444,-0.5211493550132462,-0.46272645190939815,0.05009623059321591,0.08854367508062495,0.142,0.284,0.284,-0.0,correction_completion,PT_hold,1,200,70,2644361184,reference_fold_convolution_rf,,,,
PRE_SUB,X2=high_k=-4,,,-4.0,reference_fold_pretrend,-0.22083381778379757,-0.21011647599818697,0.18823498551323023,-0.6076450983449537,-0.5410970387505311,0.06711970775262935,0.12179995039049032,0.118,0.236,0.236,-0.0,correction_completion,PT_hold,1,200,70,2644361184,reference_fold_convolution_rf,,,,
PRE_SUB,X2=high_k=-3,,,-3.0,reference_fold_pretrend,-0.2980870518508644,-0.28808219681568925,0.1847832007481295,-0.7119350408197995,-0.6342783488877431,-0.01778089248286284,0.01400193169486287,0.03666666666666667,0.07333333333333333,0.07333333333333333,-0.0,correction_completion,PT_hold,1,200,70,2644361184,reference_fold_convolution_rf,,,,
PRE_SUB,X2=high_k=-2,,,-2.0,reference_fold_pretrend,-0.2340733755563437,-0.22129924301422474,0.17252363704785953,-0.6294397882110928,-0.5486808416948191,0.011805706204404583,0.04765634746202002,0.102,0.204,0.204,-0.0,correction_completion,PT_hold,1,200,70,2644361184,reference_fold_convolution_rf,,,,
PRE_SUBC,X1_k=-4,,,-4.0,reference_fold_pretrend,-0.02458365431885635,-1.1102230246251565e-16,0.09032809302750874,-0.29949107645203044,-0.2220476157681983,0.02695798203894206,0.1463169360698789,0.424,0.848,0.848,-0.0,correction_completion,PT_hold,1,200,70,2644361184,reference_fold_convolution_rf,,,,
PRE_SUBC,X1_k=-3,,,-3.0,reference_fold_pretrend,-0.030464240199744183,-1.1102230246251565e-16,0.08052509375061383,-0.29549219160024864,-0.22517151030726423,1.114386360967497e-15,0.012432428707377988,0.4106666666666667,0.8213333333333334,0.8213333333333334,-0.0,correction_completion,PT_hold,1,200,70,2644361184,reference_fold_convolution_rf,,,,
PRE_SUBC,X1_k=-2,,,-2.0,reference_fold_pretrend,-0.023181278086682976,-5.551115123125783e-17,0.06657728968329243,-0.2523928128376823,-0.18631342282777516,6.620138465196488e-16,1.1948775302528172e-15,0.45066666666666666,0.9013333333333333,0.9013333333333333,-0.0,correction_completion,PT_hold,1,200,70,2644361184,reference_fold_convolution_rf,,,,
PRE_SUBC,X1_slope,,,,reference_fold_pretrend,0.0112757658173386,4.26246339811444e-17,0.03392203902613521,-0.03621077890226852,-0.008493724100195756,0.0909542886568468,0.12050026394932443,0.404,0.808,0.808,0.0,correction_completion,PT_hold,1,200,70,2644361184,reference_fold_convolution_rf,,,,
PRE_SUBC,X2_k=-4,,,-4.0,reference_fold_pretrend,-0.06018343850860364,-0.022473616399404706,0.1103857170899743,-0.3902287967356826,-0.3409463193849784,0.023780155396633723,0.03621270848695494,0.248,0.496,0.496,-0.0,correction_completion,PT_hold,1,200,70,2644361184,reference_fold_convolution_rf,,,,
PRE_SUBC,X2_k=-3,,,-3.0,reference_fold_pretrend,-0.05326191827122834,-0.01490773893865973,0.1091147306319506,-0.38437014685287746,-0.32415752512211066,0.026798286254365127,0.03800274076179226,0.308,0.616,0.616,-0.0,correction_completion,PT_hold,1,200,70,2644361184,reference_fold_convolution_rf,,,,
PRE_SUBC,X2_k=-2,,,-2.0,reference_fold_pretrend,-0.049966149375213355,-0.014119783853791527,0.10551362222563665,-0.3806237408092657,-0.3211965162949607,0.022669852127454548,0.0284886202879814,0.30533333333333335,0.6106666666666667,0.6106666666666667,-0.0,correction_completion,PT_hold,1,200,70,2644361184,reference_fold_convolution_rf,,,,
PRE_SUBC,X2_slope,,,,reference_fold_pretrend,0.024074307245962923,0.007753619518957166,0.046110858520458764,-0.013065628968695878,-0.009604357311559756,0.13867660980588123,0.16181810997330123,0.25,0.5,0.5,0.0,correction_completion,PT_hold,1,200,70,2644361184,reference_fold_convolution_rf,,,,
PRE,k=-4,,,-4.0,pretrend,-0.5755038378536441,-0.5675107949551711,0.20093971818192047,-0.9644446413973661,-0.9001263741143499,-0.25543012547071625,-0.18472765046131942,0.004,0.008,0.008,-0.677333282978971,correction_completion,PT_violation_a20,1,200,54,878593052,raw_structured,,,,
PRE,k=-3,,,-3.0,pretrend,-0.21527117581104147,-0.20276805935611047,0.19920098833890298,-0.6202767700120166,-0.5454758024032422,0.06095765645432222,0.10962448328084765,0.20266666666666666,0.4053333333333333,0.4053333333333333,-0.45155552198598065,correction_completion,PT_violation_a20,1,200,54,878593052,raw_structured,,,,
PRE,k=-2,,,-2.0,pretrend,-0.019184285393904953,0.0,0.14110613920351406,-0.3608181761610307,-0.2866960173130159,0.22030833259067284,0.2748382918306618,0.6853333333333333,1.0,1.0,-0.22577776099299032,correction_completion,PT_violation_a20,1,200,54,878593052,raw_structured,,,,
PRE,slope,,,,pretrend,0.1554455821840657,0.1544457633479156,0.06588451169124693,0.03445483162211686,0.049396657258318565,0.26548765779414285,0.28857989686943325,0.008666666666666666,0.017333333333333333,0.017333333333333333,0.22577776099299032,correction_completion,PT_violation_a20,1,200,54,878593052,raw_structured,,,,
PRE_SUB,X1=0_k=-4,,,-4.0,pretrend,-0.574848969052958,-0.5661244033512984,0.20220783812107976,-0.9666054988277678,-0.912383561385108,-0.25343834280102545,-0.17700248993985201,0.004666666666666667,0.009333333333333334,0.009333333333333334,-0.6818962369181911,correction_completion,PT_violation_a20,1,200,54,878593052,raw_structured,,,,
PRE_SUB,X1=0_k=-3,,,-3.0,pretrend,-0.21565567849504957,-0.20370144158820813,0.19932555577638755,-0.6185192114190785,-0.548080366742961,0.059761771600237164,0.10932573737063418,0.20333333333333334,0.4066666666666667,0.4066666666666667,-0.4545974912787941,correction_completion,PT_violation_a20,1,200,54,878593052,raw_structured,,,,
PRE_SUB,X1=0_k=-2,,,-2.0,pretrend,-0.019272629016841097,0.0,0.14128328223653025,-0.36081817616103096,-0.2900583223331897,0.2203083325906728,0.2734998264720657,0.686,1.0,1.0,-0.22729874563939706,correction_completion,PT_violation_a20,1,200,54,878593052,raw_structured,,,,
PRE_SUB,X1=1_k=-4,,,-4.0,pretrend,-0.5760323284647241,-0.5686049259283634,0.2022204212082169,-0.9654154113883622,-0.9123835613851101,-0.25543012547071586,-0.18397249510452604,0.004666666666666667,0.009333333333333334,0.009333333333333334,-0.6760163775801179,correction_completion,PT_violation_a20,1,200,54,878593052,raw_structured,,,,
PRE_SUB,X1=1_k=-3,,,-3.0,pretrend,-0.2149608753993858,-0.20183479341824573,0.20032857389441314,-0.6213276270848758,-0.5474942401773281,0.05980332770042134,0.11739375039027769,0.20666666666666667,0.41333333333333333,0.41333333333333333,-0.45067758505341193,correction_completion,PT_violation_a20,1,200,54,878593052,raw_structured,,,,
PRE_SUB,X1=1_k=-2,,,-2.0,pretrend,-0.019112990540307368,0.0,0.1416589070961656,-0.3608181761610307,-0.2884212951887473,0.22062408369372805,0.27349982647206567,0.6866666666666666,1.0,1.0,-0.22533879252670597,correction_completion,PT_violation_a20,1,200,54,878593052,raw_structured,,,,
PRE_SUB,X2=low_k=-4,,,-4.0,pretrend,-0.5707175929389268,-0.5637433426441475,0.20241197626668078,-0.9579282483624466,-0.8999482755743192,-0.24850256234084217,-0.1686501265728839,0.004,0.008,0.008,-0.7734062228339892,correction_completion,PT_violation_a20,1,200,54,878593052,raw_structured,,,,
PRE_SUB,X2=low_k=-3,,,-3.0,pretrend,-0.2113971525695337,-0.1959804125374001,0.20014393938917802,-0.6213276270848757,-0.5453194647829751,0.06767241343019634,0.11739375039027776,0.21333333333333335,0.4266666666666667,0.4266666666666667,-0.5156041485559928,correction_completion,PT_violation_a20,1,200,54,878593052,raw_structured,,,,
PRE_SUB,X2=low_k=-2,,,-2.0,pretrend,-0.016940188137054512,0.0,0.14133451156704002,-0.3608181761610309,-0.2862910630877241,0.22107927140333106,0.27483829183066166,0.6946666666666667,1.0,1.0,-0.2578020742779964,correction_completion,PT_violation_a20,1,200,54,878593052,raw_structured,,,,
PRE_SUB,X2=high_k=-4,,,-4.0,pretrend,-0.5830416294327937,-0.5751520783364283,0.20439033663265385,-0.978639837703654,-0.9224530685133693,-0.2563399041251184,-0.18440888720961895,0.004,0.008,0.008,-0.6526092690331493,correction_completion,PT_violation_a20,1,200,54,878593052,raw_structured,,,,
PRE_SUB,X2=high_k=-3,,,-3.0,pretrend,-0.2221352155687382,-0.2109537576617475,0.2018682105660055,-0.6384954906104765,-0.5536019835653657,0.058894319939890985,0.10777671868139055,0.19666666666666666,0.3933333333333333,0.3933333333333333,-0.43507284602209956,correction_completion,PT_violation_a20,1,200,54,878593052,raw_structured,,,,
PRE_SUB,X2=high_k=-2,,,-2.0,pretrend,-0.02312140901170509,0.0,0.14455163659088585,-0.37683781520746157,-0.30799508849490054,0.21908408503708815,0.2715285111150545,0.682,1.0,1.0,-0.21753642301104978,correction_completion,PT_violation_a20,1,200,54,878593052,raw_structured,,,,
PRE_SUBC,X1_k=-4,,,-4.0,pretrend,-0.0011833594117660014,0.0,0.04560641755321935,-0.05017577812953791,-0.015379973595336108,0.0017932492413505912,0.028310617953750256,0.5173333333333333,1.0,1.0,0.005879859338073279,correction_completion,PT_violation_a20,1,200,54,878593052,raw_structured,,,,
PRE_SUBC,X1_k=-3,,,-3.0,pretrend,0.000694803095663806,0.0,0.033142770511378164,-0.03276025403452846,-0.004237306421668834,1.27675647831893e-15,0.020546797225081775,0.5666666666666667,1.0,1.0,0.003919906225382186,correction_completion,PT_violation_a20,1,200,54,878593052,raw_structured,,,,
PRE_SUBC,X1_k=-2,,,-2.0,pretrend,0.0001596384765337302,0.0,0.0209851566853303,-0.011799843813824797,-1.0005885009434223e-15,5.842548667089874e-16,1.0640793801641602e-15,0.7266666666666667,1.0,1.0,0.001959953112691093,correction_completion,PT_violation_a20,1,200,54,878593052,raw_structured,,,,
PRE_SUBC,X1_slope,,,,pretrend,0.00014291668338833294,4.460717509654646e-18,0.014557013406181278,-0.010236840169362252,-0.000386137038286347,0.0050096407127230595,0.019903247804971578,0.49533333333333335,0.9906666666666667,0.9906666666666667,-0.001959953112691093,correction_completion,PT_violation_a20,1,200,54,878593052,raw_structured,,,,
PRE_SUBC,X2_k=-4,,,-4.0,pretrend,-0.012324036493867022,0.0,0.05853633128111984,-0.1888329603048931,-0.11791874237054502,1.3322676295501878e-15,0.0033484270100990953,0.5406666666666666,1.0,1.0,0.12079695380083985,correction_completion,PT_violation_a20,1,200,54,878593052,raw_structured,,,,
PRE_SUBC,X2_k=-3,,,-3.0,pretrend,-0.010738062999204491,0.0,0.051089563618740855,-0.17683473209918432,-0.10171788699022861,8.326672684688674e-16,1.6271706204662261e-15,0.562,1.0,1.0,0.08053130253389323,correction_completion,PT_violation_a20,1,200,54,878593052,raw_structured,,,,
PRE_SUBC,X2_k=-2,,,-2.0,pretrend,-0.006181220874650577,0.0,0.0399598894578893,-0.1201472309245507,-7.917277944358147e-16,4.440892098500626e-16,6.748074321549685e-16,0.7373333333333333,1.0,1.0,0.04026565126694662,correction_completion,PT_violation_a20,1,200,54,878593052,raw_structured,,,,
PRE_SUBC,X2_slope,,,,pretrend,0.004616389739618617,0.0,0.02144452669864878,-0.0009168258050672015,-4.048348957651017e-16,0.04331640622845709,0.07100099980623097,0.502,1.0,1.0,-0.04026565126694662,correction_completion,PT_violation_a20,1,200,54,878593052,raw_structured,,,,
PRE,k=-4,,,-4.0,reference_fold_pretrend,-0.5595927856440218,-0.5552404860904714,0.18336173577874104,-0.9284078359520013,-0.86780836966633,-0.26788142827656947,-0.21580815274662477,0.0013333333333333333,0.0026666666666666666,0.0026666666666666666,-0.677333282978971,correction_completion,PT_violation_a20,1,200,54,878593052,reference_fold_convolution_rf,,,,
PRE,k=-3,,,-3.0,reference_fold_pretrend,-0.3008895888757791,-0.29698872045942665,0.17410925905400845,-0.6527839244817676,-0.5944601523847304,-0.025257600038947833,0.025714480678829723,0.038,0.076,0.076,-0.45155552198598065,correction_completion,PT_violation_a20,1,200,54,878593052,reference_fold_convolution_rf,,,,
PRE,k=-2,,,-2.0,reference_fold_pretrend,-0.07992668716568652,-0.054015308437577826,0.14573141643765383,-0.4130791405466368,-0.34632721173005976,0.1361158545521005,0.17161810805923458,0.372,0.744,0.744,-0.22577776099299032,correction_completion,PT_violation_a20,1,200,54,878593052,reference_fold_convolution_rf,,,,
PRE,slope,,,,reference_fold_pretrend,0.1686060158463793,0.16534718020020955,0.0639790379684276,0.05198199100035562,0.07196528575611748,0.27680308970320266,0.2980976458692545,0.0033333333333333335,0.006666666666666667,0.006666666666666667,0.22577776099299032,correction_completion,PT_violation_a20,1,200,54,878593052,reference_fold_convolution_rf,,,,
PRE_SUB,X1=0_k=-4,,,-4.0,reference_fold_pretrend,-0.6450113915790702,-0.640101771038456,0.1915278319518021,-1.020891163976667,-0.9574148390353,-0.3453929622513357,-0.2818531843882932,0.0006666666666666666,0.0013333333333333333,0.0013333333333333333,-0.6818962369181911,correction_completion,PT_violation_a20,1,200,54,878593052,reference_fold_convolution_rf,,,,
PRE_SUB,X1=0_k=-3,,,-3.0,reference_fold_pretrend,-0.3537122277188217,-0.3490473233399892,0.18446216239373392,-0.7279877901563789,-0.6566995036089557,-0.06134415550711298,-0.0009126120695621112,0.024666666666666667,0.04933333333333333,0.04933333333333333,-0.4545974912787941,correction_completion,PT_violation_a20,1,200,54,878593052,reference_fold_convolution_rf,,,,
PRE_SUB,X1=0_k=-2,,,-2.0,reference_fold_pretrend,-0.09420681213944117,-0.06263066688886497,0.15393450283339072,-0.4522627835053885,-0.3687122563686442,0.12188835732394689,0.16709993735611092,0.35733333333333334,0.7146666666666667,0.7146666666666667,-0.22729874563939706,correction_completion,PT_violation_a20,1,200,54,878593052,reference_fold_convolution_rf,,,,
PRE_SUB,X1=1_k=-4,,,-4.0,reference_fold_pretrend,-0.490658472082404,-0.4822043318425524,0.18377670099056675,-0.8579121327201469,-0.7997695854533411,-0.1970260143811653,-0.15098322112876345,0.0033333333333333335,0.006666666666666667,0.006666666666666667,-0.6760163775801179,correction_completion,PT_violation_a20,1,200,54,878593052,reference_fold_convolution_rf,,,,
PRE_SUB,X1=1_k=-3,,,-3.0,reference_fold_pretrend,-0.2582607926164816,-0.2543708528992683,0.1715239671971003,-0.6066117477507355,-0.5522822102019973,0.008443894703864419,0.06844807465923036,0.05733333333333333,0.11466666666666667,0.11466666666666667,-0.45067758505341193,correction_completion,PT_violation_a20,1,200,54,878593052,reference_fold_convolution_rf,,,,
PRE_SUB,X1=1_k=-2,,,-2.0,reference_fold_pretrend,-0.0684023757833582,-0.04501760612648296,0.14371855825699764,-0.40875499632355705,-0.3269190797145275,0.1483059144611834,0.1973033757399779,0.3913333333333333,0.7826666666666666,0.7826666666666666,-0.22533879252670597,correction_completion,PT_violation_a20,1,200,54,878593052,reference_fold_convolution_rf,,,,
PRE_SUB,X2=low_k=-4,,,-4.0,reference_fold_pretrend,-0.6335732107788089,-0.6260808553260192,0.19363879366827016,-1.0094014240744196,-0.9535339944957976,-0.32405933609375276,-0.2681590714962001,0.0006666666666666666,0.0013333333333333333,0.0013333333333333333,-0.7734062228339892,correction_completion,PT_violation_a20,1,200,54,878593052,reference_fold_convolution_rf,,,,
PRE_SUB,X2=low_k=-3,,,-3.0,reference_fold_pretrend,-0.3400453261408792,-0.33646407090209224,0.18712477643896358,-0.714731280496971,-0.6437068323156251,-0.04874162623465983,0.012784755619736856,0.032,0.064,0.064,-0.5156041485559928,correction_completion,PT_violation_a20,1,200,54,878593052,reference_fold_convolution_rf,,,,
PRE_SUB,X2=low_k=-2,,,-2.0,reference_fold_pretrend,-0.08690809235574255,-0.05604231834628021,0.15520237345031282,-0.44409231731092547,-0.3633422873380655,0.12506328794304064,0.16951365328209692,0.38666666666666666,0.7733333333333333,0.7733333333333333,-0.2578020742779964,correction_completion,PT_violation_a20,1,200,54,878593052,reference_fold_convolution_rf,,,,
PRE_SUB,X2=high_k=-4,,,-4.0,reference_fold_pretrend,-0.5410173785529895,-0.5327140925153093,0.19142674352559874,-0.9264378704058215,-0.861556547789043,-0.2398313621462783,-0.18850121291019892,0.002,0.004,0.004,-0.6526092690331493,correction_completion,PT_violation_a20,1,200,54,878593052,reference_fold_convolution_rf,,,,
PRE_SUB,X2=high_k=-3,,,-3.0,reference_fold_pretrend,-0.2991771873161107,-0.29232459421066803,0.18077826008830294,-0.6771898412842499,-0.6008375690373107,-0.01335198717866125,0.04119978613814668,0.044,0.088,0.088,-0.43507284602209956,correction_completion,PT_violation_a20,1,200,54,878593052,reference_fold_convolution_rf,,,,
PRE_SUB,X2=high_k=-2,,,-2.0,reference_fold_pretrend,-0.08476893266130191,-0.06192904326515091,0.14922220591137708,-0.4371379894669222,-0.349118220176615,0.13840839171097508,0.1792715910572618,0.36533333333333334,0.7306666666666667,0.7306666666666667,-0.21753642301104978,correction_completion,PT_violation_a20,1,200,54,878593052,reference_fold_convolution_rf,,,,
PRE_SUBC,X1_k=-4,,,-4.0,reference_fold_pretrend,0.15435291949666607,0.1586357763196216,0.076636191695517,0.0023780348020156607,0.033148041005255535,0.2698361540269995,0.2913202931397614,0.024666666666666667,0.04933333333333333,0.04933333333333333,0.005879859338073279,correction_completion,PT_violation_a20,1,200,54,878593052,reference_fold_convolution_rf,,,,
PRE_SUBC,X1_k=-3,,,-3.0,reference_fold_pretrend,0.09545143510234008,0.09670443441091547,0.06860981570385545,-0.040442505000627155,-0.009981033223636634,0.19647619044100717,0.2204998795898474,0.06266666666666666,0.12533333333333332,0.12533333333333332,0.003919906225382186,correction_completion,PT_violation_a20,1,200,54,878593052,reference_fold_convolution_rf,,,,
PRE_SUBC,X1_k=-2,,,-2.0,reference_fold_pretrend,0.02580443635608297,0.019393646659498696,0.05601266016730365,-0.0769402902844002,-0.050004468237304804,0.11465119155749595,0.13272572219497222,0.36666666666666664,0.7333333333333333,0.7333333333333333,0.001959953112691093,correction_completion,PT_violation_a20,1,200,54,878593052,reference_fold_convolution_rf,,,,
PRE_SUBC,X1_slope,,,,reference_fold_pretrend,-0.04855471893219724,-0.04970493365894002,0.026576420043607694,-0.09545081501649494,-0.08862538596473987,-0.008540081620033172,0.004582223730164283,0.032,0.064,0.064,-0.001959953112691093,correction_completion,PT_violation_a20,1,200,54,878593052,reference_fold_convolution_rf,,,,
PRE_SUBC,X2_k=-4,,,-4.0,reference_fold_pretrend,0.09255583222581944,0.1140596471172308,0.10534760226251308,-0.19921784511258678,-0.1304911115905638,0.21858101440417102,0.2384834796547385,0.15933333333333333,0.31866666666666665,0.31866666666666665,0.12079695380083985,correction_completion,PT_violation_a20,1,200,54,878593052,reference_fold_convolution_rf,,,,
PRE_SUBC,X2_k=-3,,,-3.0,reference_fold_pretrend,0.040868138824768495,0.06509611910873624,0.10301526188127919,-0.247907360167314,-0.18368366388023208,0.15614203632182025,0.17355239965747926,0.23,0.46,0.46,0.08053130253389323,correction_completion,PT_violation_a20,1,200,54,878593052,reference_fold_convolution_rf,,,,
PRE_SUBC,X2_k=-2,,,-2.0,reference_fold_pretrend,0.002139159694440655,0.0073859548085695205,0.07362522153871943,-0.21602560216388103,-0.15098334546367154,0.0919889729242833,0.106997237406762,0.4553333333333333,0.9106666666666666,0.9106666666666666,0.04026565126694662,correction_completion,PT_violation_a20,1,200,54,878593052,reference_fold_convolution_rf,,,,
PRE_SUBC,X2_slope,,,,reference_fold_pretrend,-0.02582449528724542,-0.035764832164483326,0.039580859446552784,-0.07670699733144268,-0.0712182035918673,0.05977413020786023,0.08900927236964834,0.18466666666666667,0.36933333333333335,0.36933333333333335,-0.04026565126694662,correction_completion,PT_violation_a20,1,200,54,878593052,reference_fold_convolution_rf,,,,
PRE,k=-4,,,-4.0,pretrend,-0.34804917119422546,-0.34011613876741176,0.19699826679835053,-0.760732181885598,-0.6990204466386486,-0.03471122573961337,0.0,0.037333333333333336,0.07466666666666667,0.07466666666666667,-0.14999999999999997,correction_completion,PT_violation_g05,1,200,38,3957504609,raw_structured,,,,
PRE,k=-3,,,-3.0,pretrend,-0.24860845995790393,-0.242205535655206,0.18679017179040827,-0.6113910398879451,-0.5483375349836954,0.019023372237523234,0.08760397692892634,0.12333333333333334,0.24666666666666667,0.24666666666666667,-0.09999999999999998,correction_completion,PT_violation_g05,1,200,38,3957504609,raw_structured,,,,
PRE,k=-2,,,-2.0,pretrend,-0.18271763036225214,-0.1791844389838664,0.17606086626273276,-0.5419789790502733,-0.4937020996686865,0.022380364203651273,0.0754470020306257,0.2786666666666667,0.5573333333333333,0.5573333333333333,-0.04999999999999999,correction_completion,PT_violation_g05,1,200,38,3957504609,raw_structured,,,,
PRE,slope,,,,pretrend,0.12314871884719544,0.11994240160499675,0.07224934290537939,-0.0015461587638695607,0.005994265559600972,0.2414662968291401,0.2737640424647053,0.042666666666666665,0.08533333333333333,0.08533333333333333,0.04999999999999999,correction_completion,PT_violation_g05,1,200,38,3957504609,raw_structured,,,,
PRE_SUB,X1=0_k=-4,,,-4.0,pretrend,-0.3348451994002979,-0.3223160008253145,0.19965447324496008,-0.7529151493231098,-0.6844215982297008,-0.006263081870754211,0.012996141360616836,0.04666666666666667,0.09333333333333334,0.09333333333333334,-0.14999999999999997,correction_completion,PT_violation_g05,1,200,38,3957504609,raw_structured,,,,
PRE_SUB,X1=0_k=-3,,,-3.0,pretrend,-0.23570125761940214,-0.23167513751289753,0.18887870962857922,-0.5986680942816045,-0.5417829768660379,0.04279565247156063,0.10368962946023463,0.13933333333333334,0.2786666666666667,0.2786666666666667,-0.09999999999999998,correction_completion,PT_violation_g05,1,200,38,3957504609,raw_structured,,,,
PRE_SUB,X1=0_k=-2,,,-2.0,pretrend,-0.1704408339450307,-0.15743446749938722,0.17747882188764855,-0.535745406082133,-0.4797026842131929,0.04773269747024023,0.09725300051759644,0.30266666666666664,0.6053333333333333,0.6053333333333333,-0.04999999999999999,correction_completion,PT_violation_g05,1,200,38,3957504609,raw_structured,,,,
PRE_SUB,X1=1_k=-4,,,-4.0,pretrend,-0.3609992204536543,-0.355268742158002,0.20486060485548588,-0.81170780084899,-0.7142073856571917,-0.04205399806747253,0.0,0.035333333333333335,0.07066666666666667,0.07066666666666667,-0.14999999999999994,correction_completion,PT_violation_g05,1,200,38,3957504609,raw_structured,,,,
PRE_SUB,X1=1_k=-3,,,-3.0,pretrend,-0.26126744686681913,-0.25158150303614657,0.19483212724096532,-0.6576525254232425,-0.574935255990121,0.015311716087449157,0.08244269415546206,0.12133333333333333,0.24266666666666667,0.24266666666666667,-0.09999999999999996,correction_completion,PT_violation_g05,1,200,38,3957504609,raw_structured,,,,
PRE_SUB,X1=1_k=-2,,,-2.0,pretrend,-0.19475833454068092,-0.18919850435814445,0.18440302190454397,-0.5703671054706467,-0.5231831789850794,0.02229567554479709,0.07177366546499749,0.27466666666666667,0.5493333333333333,0.5493333333333333,-0.04999999999999998,correction_completion,PT_violation_g05,1,200,38,3957504609,raw_structured,,,,
PRE_SUB,X2=low_k=-4,,,-4.0,pretrend,-0.322857656053445,-0.31101574039494817,0.20532448919199645,-0.7500933720083098,-0.6830391474178162,0.0,0.04675595211443229,0.06066666666666667,0.12133333333333333,0.12133333333333333,-0.15000000000000002,correction_completion,PT_violation_g05,1,200,38,3957504609,raw_structured,,,,
PRE_SUB,X2=low_k=-3,,,-3.0,pretrend,-0.22502275152743625,-0.22233204941146295,0.1940712648675288,-0.5875421307763901,-0.5398837428333252,0.06381051016952448,0.14128039160065095,0.162,0.324,0.324,-0.1,correction_completion,PT_violation_g05,1,200,38,3957504609,raw_structured,,,,
PRE_SUB,X2=low_k=-2,,,-2.0,pretrend,-0.15956796399797918,-0.1428670235061198,0.18217193972396184,-0.5385894154531297,-0.4820859325173166,0.06997799113580021,0.12991251942603557,0.33666666666666667,0.6733333333333333,0.6733333333333333,-0.05,correction_completion,PT_violation_g05,1,200,38,3957504609,raw_structured,,,,
PRE_SUB,X2=high_k=-4,,,-4.0,pretrend,-0.3923085991210271,-0.3778146268647162,0.23122197826912363,-0.8856112577703427,-0.8152523831982779,-0.04205399806747244,0.0,0.036,0.072,0.072,-0.15000000000000002,correction_completion,PT_violation_g05,1,200,38,3957504609,raw_structured,,,,
PRE_SUB,X2=high_k=-3,,,-3.0,pretrend,-0.2916052096802627,-0.2727884016364779,0.22379342335411634,-0.7992332547978012,-0.713364653537564,0.0020041652726325234,0.0743326527497648,0.11533333333333333,0.23066666666666666,0.23066666666666666,-0.10000000000000002,correction_completion,PT_violation_g05,1,200,38,3957504609,raw_structured,,,,
PRE_SUB,X2=high_k=-2,,,-2.0,pretrend,-0.22505227019822427,-0.21179013122805734,0.21639248507559825,-0.7197547265309808,-0.6325263090477701,0.007516376809323658,0.06454848927321577,0.27,0.54,0.54,-0.05000000000000001,correction_completion,PT_violation_g05,1,200,38,3957504609,raw_structured,,,,
PRE_SUBC,X1_k=-4,,,-4.0,pretrend,-0.026154021053356406,-5.551115123125783e-17,0.09202159703654889,-0.3448544726331973,-0.17942511732753422,0.0008797949478227864,0.006859625373415883,0.47533333333333333,0.9506666666666667,0.9506666666666667,2.0816681711721685e-17,correction_completion,PT_violation_g05,1,200,38,3957504609,raw_structured,,,,
PRE_SUBC,X1_k=-3,,,-3.0,pretrend,-0.025566189247416975,-2.7755575615628914e-17,0.0880469433407804,-0.32850903533751435,-0.15308063146415524,1.1685097334179747e-15,0.001193826264808732,0.492,0.984,0.984,1.3877787807814457e-17,correction_completion,PT_violation_g05,1,200,38,3957504609,raw_structured,,,,
PRE_SUBC,X1_k=-2,,,-2.0,pretrend,-0.024317500595650198,0.0,0.08405962244400779,-0.2985180626851954,-0.11977906397885453,7.216449660063518e-16,0.00043129062604217386,0.5446666666666666,1.0,1.0,6.938893903907228e-18,correction_completion,PT_violation_g05,1,200,38,3957504609,raw_structured,,,,
PRE_SUBC,X1_slope,,,,pretrend,0.010993710160753812,1.9825411154020653e-17,0.03755093796577132,-0.0022063317748006604,-0.0003231334879907441,0.06604874187657961,0.13338901308727974,0.454,0.908,0.908,-6.938893903907228e-18,correction_completion,PT_violation_g05,1,200,38,3957504609,raw_structured,,,,
PRE_SUBC,X2_k=-4,,,-4.0,pretrend,-0.06945094306758208,-1.1102230246251565e-16,0.17781693996096704,-0.6547360733196633,-0.5469872723882021,7.216449660063518e-16,1.9456658506555717e-15,0.418,0.836,0.836,-2.0816681711721685e-17,correction_completion,PT_violation_g05,1,200,38,3957504609,raw_structured,,,,
PRE_SUBC,X2_k=-3,,,-3.0,pretrend,-0.06658245815282644,-5.551115123125783e-17,0.17628392741511048,-0.6547360733196629,-0.5469872723882026,5.696831895107828e-16,7.844419558367103e-16,0.46266666666666667,0.9253333333333333,0.9253333333333333,-1.3877787807814457e-17,correction_completion,PT_violation_g05,1,200,38,3957504609,raw_structured,,,,
PRE_SUBC,X2_k=-2,,,-2.0,pretrend,-0.06548430620024508,0.0,0.17539305095432273,-0.6528855799795067,-0.5469872723882026,4.440892098500626e-16,6.106226635438361e-16,0.5413333333333333,1.0,1.0,-6.938893903907228e-18,correction_completion,PT_violation_g05,1,200,38,3957504609,raw_structured,,,,
PRE_SUBC,X2_slope,,,,pretrend,0.029071575122046018,3.9650822308041306e-17,0.07549161638300826,-5.778116080839318e-16,-2.38053624431903e-16,0.2344231167378009,0.2801216584995514,0.4073333333333333,0.8146666666666667,0.8146666666666667,6.938893903907228e-18,correction_completion,PT_violation_g05,1,200,38,3957504609,raw_structured,,,,
PRE,k=-4,,,-4.0,reference_fold_pretrend,-0.39670870928411484,-0.3971817847821104,0.18287960012299964,-0.7609502930032008,-0.709603740253965,-0.0984114066290999,-0.05459576360455479,0.012,0.024,0.024,-0.14999999999999997,correction_completion,PT_violation_g05,1,200,38,3957504609,reference_fold_convolution_rf,,,,
PRE,k=-3,,,-3.0,reference_fold_pretrend,-0.3019511103456735,-0.2952903099231756,0.1734838052958143,-0.6453061349867968,-0.5956222900518455,-0.021938048082364298,0.0396930858952776,0.043333333333333335,0.08666666666666667,0.08666666666666667,-0.09999999999999998,correction_completion,PT_violation_g05,1,200,38,3957504609,reference_fold_convolution_rf,,,,
PRE,k=-2,,,-2.0,reference_fold_pretrend,-0.22831130354541704,-0.22450419048961143,0.16034733489841996,-0.5610221492824813,-0.5026093640459625,0.0022755875638683872,0.056173519567046734,0.09933333333333333,0.19866666666666666,0.19866666666666666,-0.04999999999999999,correction_completion,PT_violation_g05,1,200,38,3957504609,reference_fold_convolution_rf,,,,
PRE,slope,,,,reference_fold_pretrend,0.1444528322920792,0.14356982405912092,0.06697001643801045,0.01553064837592306,0.035049289719183946,0.2534220772569378,0.27461525577769613,0.012666666666666666,0.025333333333333333,0.025333333333333333,0.04999999999999999,correction_completion,PT_violation_g05,1,200,38,3957504609,reference_fold_convolution_rf,,,,
PRE_SUB,X1=0_k=-4,,,-4.0,reference_fold_pretrend,-0.38409266053633345,-0.3818089723813587,0.18674684780119546,-0.7601341415692243,-0.7036769851596821,-0.07710968688828054,-0.03414804680160863,0.016666666666666666,0.03333333333333333,0.03333333333333333,-0.14999999999999997,correction_completion,PT_violation_g05,1,200,38,3957504609,reference_fold_convolution_rf,,,,
PRE_SUB,X1=0_k=-3,,,-3.0,reference_fold_pretrend,-0.29422407619870533,-0.2890918510889312,0.1752019410710844,-0.642570596935179,-0.5907948945611154,-0.01673127627653564,0.04444222812517437,0.048,0.096,0.096,-0.09999999999999998,correction_completion,PT_violation_g05,1,200,38,3957504609,reference_fold_convolution_rf,,,,
PRE_SUB,X1=0_k=-2,,,-2.0,reference_fold_pretrend,-0.22832860654594145,-0.22773691373918548,0.16249274210989229,-0.5594916798502166,-0.5041402744818932,0.01272262193378768,0.06836296710421395,0.104,0.208,0.208,-0.04999999999999999,correction_completion,PT_violation_g05,1,200,38,3957504609,reference_fold_convolution_rf,,,,
PRE_SUB,X1=1_k=-4,,,-4.0,reference_fold_pretrend,-0.4090821417098235,-0.4110292516090863,0.1855528663718343,-0.7706313578509901,-0.7240120305462613,-0.10522313794017978,-0.05581750821325046,0.012,0.024,0.024,-0.14999999999999994,correction_completion,PT_violation_g05,1,200,38,3957504609,reference_fold_convolution_rf,,,,
PRE_SUB,X1=1_k=-3,,,-3.0,reference_fold_pretrend,-0.3095295476821231,-0.30282363933782663,0.17758642989325982,-0.6632630147976576,-0.6057332536145141,-0.02339148623814585,0.032506405923368675,0.043333333333333335,0.08666666666666667,0.08666666666666667,-0.09999999999999996,correction_completion,PT_violation_g05,1,200,38,3957504609,reference_fold_convolution_rf,,,,
PRE_SUB,X1=1_k=-2,,,-2.0,reference_fold_pretrend,-0.22829433329490273,-0.2205330016920426,0.16287300119592463,-0.5761912165346833,-0.5063942852888346,0.004889809247553843,0.05299009684779487,0.09933333333333333,0.19866666666666666,0.19866666666666666,-0.04999999999999998,correction_completion,PT_violation_g05,1,200,38,3957504609,reference_fold_convolution_rf,,,,
PRE_SUB,X2=low_k=-4,,,-4.0,reference_fold_pretrend,-0.3918964024224392,-0.38997847029610366,0.18639442523127558,-0.754862241576217,-0.7073000613185206,-0.09364102879358505,-0.028926450467399233,0.016,0.032,0.032,-0.15000000000000002,correction_completion,PT_violation_g05,1,200,38,3957504609,reference_fold_convolution_rf,,,,
PRE_SUB,X2=low_k=-3,,,-3.0,reference_fold_pretrend,-0.2914067045048481,-0.28629455892633926,0.1761393703290001,-0.6431436842473521,-0.583282684752256,0.0,0.060043749671533996,0.05266666666666667,0.10533333333333333,0.10533333333333333,-0.1,correction_completion,PT_violation_g05,1,200,38,3957504609,reference_fold_convolution_rf,,,,
PRE_SUB,X2=low_k=-2,,,-2.0,reference_fold_pretrend,-0.21099179619597516,-0.20827518899397524,0.16003646925189105,-0.5501125357578509,-0.49118594933089726,0.021596655436021316,0.07574697745532782,0.112,0.224,0.224,-0.05,correction_completion,PT_violation_g05,1,200,38,3957504609,reference_fold_convolution_rf,,,,
PRE_SUB,X2=high_k=-4,,,-4.0,reference_fold_pretrend,-0.4201203092804059,-0.4147186161896893,0.19139927381976365,-0.7963239964410895,-0.7408651077211931,-0.11020234905258494,-0.05719679419146091,0.010666666666666666,0.021333333333333333,0.021333333333333333,-0.15000000000000002,correction_completion,PT_violation_g05,1,200,38,3957504609,reference_fold_convolution_rf,,,,
PRE_SUB,X2=high_k=-3,,,-3.0,reference_fold_pretrend,-0.3191335820562481,-0.31020085943659903,0.18345989976499932,-0.6787527450451666,-0.6264343903647771,-0.029595055708291303,0.03331722002505158,0.042,0.084,0.084,-0.10000000000000002,correction_completion,PT_violation_g05,1,200,38,3957504609,reference_fold_convolution_rf,,,,
PRE_SUB,X2=high_k=-2,,,-2.0,reference_fold_pretrend,-0.2372519970723349,-0.22763412199182664,0.17048312807406768,-0.5931542242711402,-0.5413822918842692,0.0,0.04596855975633927,0.09533333333333334,0.19066666666666668,0.19066666666666668,-0.05000000000000001,correction_completion,PT_violation_g05,1,200,38,3957504609,reference_fold_convolution_rf,,,,
PRE_SUBC,X1_k=-4,,,-4.0,reference_fold_pretrend,-0.024989481173490154,-0.012247987414121864,0.0694300593838126,-0.2521708305569207,-0.1789715303642753,0.02883252896400967,0.046833640232406416,0.292,0.584,0.584,2.0816681711721685e-17,correction_completion,PT_violation_g05,1,200,38,3957504609,reference_fold_convolution_rf,,,,
PRE_SUBC,X1_k=-3,,,-3.0,reference_fold_pretrend,-0.015305471483417734,-0.0017725611079367001,0.06399623492309237,-0.2315155859922066,-0.15266080186328804,0.03245540333410921,0.041729699417046864,0.4593333333333333,0.9186666666666666,0.9186666666666666,1.3877787807814457e-17,correction_completion,PT_violation_g05,1,200,38,3957504609,reference_fold_convolution_rf,,,,
PRE_SUBC,X1_k=-2,,,-2.0,reference_fold_pretrend,3.4273251038717885e-05,0.010789345875566576,0.05496023466750691,-0.1944699228844063,-0.07057345857926717,0.03916850916272941,0.04498952707889683,0.32133333333333336,0.6426666666666667,0.6426666666666667,6.938893903907228e-18,correction_completion,PT_violation_g05,1,200,38,3957504609,reference_fold_convolution_rf,,,,
PRE_SUBC,X1_slope,,,,reference_fold_pretrend,0.007538936659733373,0.002282601835564475,0.026630965760541313,-0.018268916004160946,-0.01248070379868379,0.05850421014845781,0.09541011254423878,0.3993333333333333,0.7986666666666666,0.7986666666666666,-6.938893903907228e-18,correction_completion,PT_violation_g05,1,200,38,3957504609,reference_fold_convolution_rf,,,,
PRE_SUBC,X2_k=-4,,,-4.0,reference_fold_pretrend,-0.02822390685796664,-1.1102230246251565e-16,0.09428921314856448,-0.36903296806861136,-0.2280154176678319,0.004406479842417578,0.021745170815190645,0.45066666666666666,0.9013333333333333,0.9013333333333333,-2.0816681711721685e-17,correction_completion,PT_violation_g05,1,200,38,3957504609,reference_fold_convolution_rf,,,,
PRE_SUBC,X2_k=-3,,,-3.0,reference_fold_pretrend,-0.02772687755139992,-5.551115123125783e-17,0.09273260315320822,-0.36903296806861124,-0.22639724519140844,6.661338147750939e-16,0.006124760776873003,0.46,0.92,0.92,-1.3877787807814457e-17,correction_completion,PT_violation_g05,1,200,38,3957504609,reference_fold_convolution_rf,,,,
PRE_SUBC,X2_k=-2,,,-2.0,reference_fold_pretrend,-0.02626020087635976,-2.7755575615628914e-17,0.08993299653620801,-0.36078339016015626,-0.2151724014911011,4.440892098500626e-16,7.084610675889242e-16,0.482,0.964,0.964,-6.938893903907228e-18,correction_completion,PT_violation_g05,1,200,38,3957504609,reference_fold_convolution_rf,,,,
PRE_SUBC,X2_slope,,,,reference_fold_pretrend,0.011884691182361394,3.172065784643304e-17,0.039600868853499456,-0.00531323690120869,-0.0013220019085272425,0.09702739079631789,0.1576851965705993,0.4226666666666667,0.8453333333333334,0.8453333333333334,6.938893903907228e-18,correction_completion,PT_violation_g05,1,200,38,3957504609,reference_fold_convolution_rf,,,,
PRE,k=-4,,,-4.0,pretrend,-0.31811982418983975,-0.3145232111365793,0.17963503513648496,-0.6794769302771823,-0.6163131741155092,-0.020858089015728665,0.024051071781573292,0.04466666666666667,0.08933333333333333,0.08933333333333333,-0.29999999999999993,correction_completion,PT_violation_g10,1,200,22,1704930883,raw_structured,,,,
PRE,k=-3,,,-3.0,pretrend,-0.16654571472922983,-0.16204853611707848,0.17127533981414608,-0.5080882426687109,-0.45668299753930475,0.08245794044833148,0.1481235103457445,0.22866666666666666,0.4573333333333333,0.4573333333333333,-0.19999999999999996,correction_completion,PT_violation_g10,1,200,22,1704930883,raw_structured,,,,
PRE,k=-2,,,-2.0,pretrend,-0.02029121722645678,0.0,0.12973279523749248,-0.3373133359194493,-0.26741569337053056,0.18757619328680075,0.25821756389643313,0.6893333333333334,1.0,1.0,-0.09999999999999998,correction_completion,PT_violation_g10,1,200,22,1704930883,raw_structured,,,,
PRE,slope,,,,pretrend,0.09341015137531683,0.09285724382076355,0.0600622693443891,-0.02460163457244429,-0.00019394436052939132,0.19176212942644547,0.21550802468229624,0.064,0.128,0.128,0.09999999999999998,correction_completion,PT_violation_g10,1,200,22,1704930883,raw_structured,,,,
PRE_SUB,X1=0_k=-4,,,-4.0,pretrend,-0.3154272056699876,-0.3129939365269553,0.18353476713071096,-0.6831758703085492,-0.6217163365644631,-0.008357525311220207,0.035225543748504465,0.048,0.096,0.096,-0.29999999999999993,correction_completion,PT_violation_g10,1,200,22,1704930883,raw_structured,,,,
PRE_SUB,X1=0_k=-3,,,-3.0,pretrend,-0.16634991683676945,-0.1606509918796133,0.1725197558420143,-0.5093693792131769,-0.45807262656394593,0.08246641650759658,0.14883756597275394,0.23066666666666666,0.4613333333333333,0.4613333333333333,-0.19999999999999996,correction_completion,PT_violation_g10,1,200,22,1704930883,raw_structured,,,,
PRE_SUB,X1=0_k=-2,,,-2.0,pretrend,-0.01962591313353846,0.0,0.13007529135327536,-0.3373133359194493,-0.26794340623275353,0.18936605700573284,0.2587477719751808,0.69,1.0,1.0,-0.09999999999999998,correction_completion,PT_violation_g10,1,200,22,1704930883,raw_structured,,,,
PRE_SUB,X1=1_k=-4,,,-4.0,pretrend,-0.3211749105873643,-0.31629725054075364,0.18157138618385402,-0.6812444194962403,-0.6181013201937205,-0.02085808901572853,0.02175145161150293,0.04533333333333334,0.09066666666666667,0.09066666666666667,-0.2999999999999999,correction_completion,PT_violation_g10,1,200,22,1704930883,raw_structured,,,,
PRE_SUB,X1=1_k=-3,,,-3.0,pretrend,-0.1667678700302907,-0.16296929472189364,0.17157935196244498,-0.5080882426687111,-0.45668299753930547,0.08246641650759631,0.14325019375094047,0.23133333333333334,0.46266666666666667,0.46266666666666667,-0.19999999999999993,correction_completion,PT_violation_g10,1,200,22,1704930883,raw_structured,,,,
PRE_SUB,X1=1_k=-2,,,-2.0,pretrend,-0.02104608148572948,0.0,0.13034175088191238,-0.3385295618657903,-0.2679434062327539,0.18757619328680042,0.258217563896433,0.688,1.0,1.0,-0.09999999999999996,correction_completion,PT_violation_g10,1,200,22,1704930883,raw_structured,,,,
PRE_SUB,X2=low_k=-4,,,-4.0,pretrend,-0.3171366903415239,-0.3135099372821281,0.18074843323012968,-0.6782821222025589,-0.6164071519095724,-0.01389966655905887,0.03043663014739392,0.04533333333333334,0.09066666666666667,0.09066666666666667,-0.30000000000000004,correction_completion,PT_violation_g10,1,200,22,1704930883,raw_structured,,,,
PRE_SUB,X2=low_k=-3,,,-3.0,pretrend,-0.16537718578654936,-0.1620485361170786,0.17190203176674773,-0.5093693792131772,-0.4570831861668592,0.08246641650759619,0.15285424666344544,0.23066666666666666,0.4613333333333333,0.4613333333333333,-0.20000000000000004,correction_completion,PT_violation_g10,1,200,22,1704930883,raw_structured,,,,
PRE_SUB,X2=low_k=-2,,,-2.0,pretrend,-0.019611696495954904,0.0,0.13034583108326486,-0.33236740937128595,-0.2674156933705302,0.1881926039345502,0.25821756389643286,0.6933333333333334,1.0,1.0,-0.10000000000000002,correction_completion,PT_violation_g10,1,200,22,1704930883,raw_structured,,,,
PRE_SUB,X2=high_k=-4,,,-4.0,pretrend,-0.3191171260139149,-0.3149213152822652,0.18034369269279352,-0.6798386805689537,-0.6164071519095722,-0.01768237658830975,0.024316390501898245,0.04533333333333334,0.09066666666666667,0.09066666666666667,-0.30000000000000004,correction_completion,PT_violation_g10,1,200,22,1704930883,raw_structured,,,,
PRE_SUB,X2=high_k=-3,,,-3.0,pretrend,-0.1674731679665425,-0.16354617891438872,0.171999197561569,-0.5093693792131774,-0.457083186166859,0.081341511436968,0.14812351034574459,0.23133333333333334,0.46266666666666667,0.46266666666666667,-0.20000000000000004,correction_completion,PT_violation_g10,1,200,22,1704930883,raw_structured,,,,
PRE_SUB,X2=high_k=-2,,,-2.0,pretrend,-0.021097280369519713,0.0,0.12983742234579443,-0.337313335919449,-0.2674156933705302,0.18693682716825638,0.25540469681603006,0.688,1.0,1.0,-0.10000000000000002,correction_completion,PT_violation_g10,1,200,22,1704930883,raw_structured,,,,
PRE_SUBC,X1_k=-4,,,-4.0,pretrend,-0.00574770491737666,0.0,0.06587141550282832,-0.09074015662777873,-0.0028422581680689345,5.920686908550576e-06,0.02164589934032479,0.5393333333333333,1.0,1.0,4.163336342344337e-17,correction_completion,PT_violation_g10,1,200,22,1704930883,raw_structured,,,,
PRE_SUBC,X1_k=-3,,,-3.0,pretrend,-0.0004179531935212412,0.0,0.033306717632806904,-0.008229881034093323,-9.464651284929458e-16,1.0137723993608454e-15,0.009772378793551792,0.5793333333333334,1.0,1.0,2.7755575615628914e-17,correction_completion,PT_violation_g10,1,200,22,1704930883,raw_structured,,,,
PRE_SUBC,X1_k=-2,,,-2.0,pretrend,-0.0014201683521910128,0.0,0.022088518356603568,-8.472389456670725e-16,-4.963043864769645e-16,4.440892098500626e-16,6.800116025829084e-16,0.732,1.0,1.0,1.3877787807814457e-17,correction_completion,PT_violation_g10,1,200,22,1704930883,raw_structured,,,,
PRE_SUBC,X1_slope,,,,pretrend,0.001392799249383105,0.0,0.017781803596076128,-0.007321159998647196,-4.777924088118976e-16,0.0008453229181309756,0.029335110461244453,0.5126666666666667,1.0,1.0,-1.3877787807814457e-17,correction_completion,PT_violation_g10,1,200,22,1704930883,raw_structured,,,,
PRE_SUBC,X2_k=-4,,,-4.0,pretrend,-0.0019804356723909507,0.0,0.03587720548767485,-0.028962939753831966,-7.931155732165961e-16,7.216449660063518e-16,1.0692835505921001e-15,0.5466666666666666,1.0,1.0,-0.0,correction_completion,PT_violation_g10,1,200,22,1704930883,raw_structured,,,,
PRE_SUBC,X2_k=-3,,,-3.0,pretrend,-0.00209598217999311,0.0,0.033280059620844925,-0.0034536175494844805,-6.38378239159465e-16,5.828670879282072e-16,8.472389456670688e-16,0.5866666666666667,1.0,1.0,-0.0,correction_completion,PT_violation_g10,1,200,22,1704930883,raw_structured,,,,
PRE_SUBC,X2_k=-2,,,-2.0,pretrend,-0.001485583873564807,0.0,0.022833719299112723,-6.661338147750939e-16,-4.0245584642661925e-16,3.753941602013804e-16,5.273559366969494e-16,0.7466666666666667,1.0,1.0,-0.0,correction_completion,PT_violation_g10,1,200,22,1704930883,raw_structured,,,,
PRE_SUBC,X2_slope,,,,pretrend,0.000829918232194563,0.0,0.013369713784052696,-3.539331526271537e-16,-2.379049338482478e-16,2.786957172976452e-16,0.00957747317904503,0.5186666666666667,1.0,1.0,0.0,correction_completion,PT_violation_g10,1,200,22,1704930883,raw_structured,,,,
PRE,k=-4,,,-4.0,reference_fold_pretrend,-0.354933294170179,-0.3506907396277884,0.1716683734912755,-0.7065866808514369,-0.6429185238210825,-0.08325714952972872,-0.04305940301090049,0.014666666666666666,0.029333333333333333,0.029333333333333333,-0.29999999999999993,correction_completion,PT_violation_g10,1,200,22,1704930883,reference_fold_convolution_rf,,,,
PRE,k=-3,,,-3.0,reference_fold_pretrend,-0.2508635059691196,-0.24603927193536912,0.1639729738385056,-0.576526070163129,-0.5197515921288178,0.005085693793946901,0.0540351591996523,0.06466666666666666,0.12933333333333333,0.12933333333333333,-0.19999999999999996,correction_completion,PT_violation_g10,1,200,22,1704930883,reference_fold_convolution_rf,,,,
PRE,k=-2,,,-2.0,reference_fold_pretrend,-0.11086520994759816,-0.10118778000816796,0.14699925633787078,-0.40031994022086376,-0.3635300373176401,0.1247662860797243,0.16102964722331786,0.2826666666666667,0.5653333333333334,0.5653333333333334,-0.09999999999999998,correction_completion,PT_violation_g10,1,200,22,1704930883,reference_fold_convolution_rf,,,,
PRE,slope,,,,reference_fold_pretrend,0.11981372174259816,0.11890670458288877,0.06256315737224309,0.005666932178659209,0.022823164494485612,0.22484962706822592,0.24315067863330458,0.022,0.044,0.044,0.09999999999999998,correction_completion,PT_violation_g10,1,200,22,1704930883,reference_fold_convolution_rf,,,,
PRE_SUB,X1=0_k=-4,,,-4.0,reference_fold_pretrend,-0.3514027671516866,-0.3466395756723636,0.17310281420043006,-0.7033413217835549,-0.641187003450425,-0.08000658753324616,-0.0393967274463199,0.016666666666666666,0.03333333333333333,0.03333333333333333,-0.29999999999999993,correction_completion,PT_violation_g10,1,200,22,1704930883,reference_fold_convolution_rf,,,,
PRE_SUB,X1=0_k=-3,,,-3.0,reference_fold_pretrend,-0.24838463789099388,-0.2428893734314178,0.16567011033975806,-0.579292604843244,-0.5159820991392662,0.007029891692416245,0.05815646738891198,0.06466666666666666,0.12933333333333333,0.12933333333333333,-0.19999999999999996,correction_completion,PT_violation_g10,1,200,22,1704930883,reference_fold_convolution_rf,,,,
PRE_SUB,X1=0_k=-2,,,-2.0,reference_fold_pretrend,-0.10863175345894886,-0.09828518141561068,0.14791293679866668,-0.3973420693140148,-0.3620642281885636,0.12553343246537169,0.16450881044961926,0.292,0.584,0.584,-0.09999999999999998,correction_completion,PT_violation_g10,1,200,22,1704930883,reference_fold_convolution_rf,,,,
PRE_SUB,X1=1_k=-4,,,-4.0,reference_fold_pretrend,-0.3589390844411608,-0.35332434393052553,0.17391364655784716,-0.726213246452538,-0.6556160391191912,-0.08436553975537962,-0.044599699995570535,0.013333333333333334,0.02666666666666667,0.02666666666666667,-0.2999999999999999,correction_completion,PT_violation_g10,1,200,22,1704930883,reference_fold_convolution_rf,,,,
PRE_SUB,X1=1_k=-3,,,-3.0,reference_fold_pretrend,-0.25367606782699303,-0.2479309910049099,0.1651077663728007,-0.5816892914139579,-0.5274858975243806,0.003839819864204151,0.050153242400983886,0.06333333333333334,0.12666666666666668,0.12666666666666668,-0.19999999999999993,correction_completion,PT_violation_g10,1,200,22,1704930883,reference_fold_convolution_rf,,,,
PRE_SUB,X1=1_k=-2,,,-2.0,reference_fold_pretrend,-0.11339932404048877,-0.10460702716566475,0.14853694931024314,-0.4041466922662885,-0.3648396581160846,0.1222331514761875,0.15899785497686428,0.2813333333333333,0.5626666666666666,0.5626666666666666,-0.09999999999999996,correction_completion,PT_violation_g10,1,200,22,1704930883,reference_fold_convolution_rf,,,,
PRE_SUB,X2=low_k=-4,,,-4.0,reference_fold_pretrend,-0.3605799945983032,-0.3570445758424091,0.17419789132552901,-0.7155049030864773,-0.6563220615111239,-0.09129186110256483,-0.032356411884681344,0.016,0.032,0.032,-0.30000000000000004,correction_completion,PT_violation_g10,1,200,22,1704930883,reference_fold_convolution_rf,,,,
PRE_SUB,X2=low_k=-3,,,-3.0,reference_fold_pretrend,-0.25926710280281734,-0.2539071789467223,0.16713209212009034,-0.5945914294708688,-0.5318414978960633,6.413702047875805e-05,0.04685420944482193,0.059333333333333335,0.11866666666666667,0.11866666666666667,-0.20000000000000004,correction_completion,PT_violation_g10,1,200,22,1704930883,reference_fold_convolution_rf,,,,
PRE_SUB,X2=low_k=-2,,,-2.0,reference_fold_pretrend,-0.1167764770900419,-0.10704904566282175,0.1512098398049233,-0.41528020267737537,-0.37274946376906704,0.12098387578975238,0.1601783357285077,0.284,0.568,0.568,-0.10000000000000002,correction_completion,PT_violation_g10,1,200,22,1704930883,reference_fold_convolution_rf,,,,
PRE_SUB,X2=high_k=-4,,,-4.0,reference_fold_pretrend,-0.3166721937650406,-0.3084116740159848,0.17198889547296842,-0.6577802006656343,-0.6071320069556609,-0.04079625221032547,-0.0020711184408259277,0.024666666666666667,0.04933333333333333,0.04933333333333333,-0.30000000000000004,correction_completion,PT_violation_g10,1,200,22,1704930883,reference_fold_convolution_rf,,,,
PRE_SUB,X2=high_k=-3,,,-3.0,reference_fold_pretrend,-0.20087706390960364,-0.19399338910558728,0.15821760872194102,-0.5187304767734437,-0.4658916192849617,0.054923498923639125,0.09794768532998302,0.10266666666666667,0.20533333333333334,0.20533333333333334,-0.20000000000000004,correction_completion,PT_violation_g10,1,200,22,1704930883,reference_fold_convolution_rf,,,,
PRE_SUB,X2=high_k=-2,,,-2.0,reference_fold_pretrend,-0.07514354491681288,-0.07376400447397877,0.1368274842938474,-0.34659775653322394,-0.2974027043501174,0.1595607169332567,0.20187540188512793,0.32666666666666666,0.6533333333333333,0.6533333333333333,-0.10000000000000002,correction_completion,PT_violation_g10,1,200,22,1704930883,reference_fold_convolution_rf,,,,
PRE_SUBC,X1_k=-4,,,-4.0,reference_fold_pretrend,-0.007536317289474188,0.0011036490735547855,0.050154513198788275,-0.16479324088549865,-0.09940886780989108,0.006891039861271152,0.029298840120909515,0.2693333333333333,0.5386666666666666,0.5386666666666666,4.163336342344337e-17,correction_completion,PT_violation_g10,1,200,22,1704930883,reference_fold_convolution_rf,,,,
PRE_SUBC,X1_k=-3,,,-3.0,reference_fold_pretrend,-0.005291429935999148,0.001448761412148683,0.04355203316255242,-0.14283384597127077,-0.047877921256886335,0.004517417029509263,0.015136152731925251,0.18333333333333332,0.36666666666666664,0.36666666666666664,2.7755575615628914e-17,correction_completion,PT_violation_g10,1,200,22,1704930883,reference_fold_convolution_rf,,,,
PRE_SUBC,X1_k=-2,,,-2.0,reference_fold_pretrend,-0.004767570581539913,0.0010548674803514402,0.03781738606208763,-0.12074634700161935,-0.011842744823744462,0.0033915521165929626,0.0042675419802742694,0.2653333333333333,0.5306666666666666,0.5306666666666666,1.3877787807814457e-17,correction_completion,PT_violation_g10,1,200,22,1704930883,reference_fold_convolution_rf,,,,
PRE_SUBC,X1_slope,,,,reference_fold_pretrend,0.002711384451568628,-0.0005124404229703303,0.018769143450527333,-0.011034096564653371,-0.002486162127386384,0.027276791522541435,0.057993686521363594,0.22133333333333333,0.44266666666666665,0.44266666666666665,-1.3877787807814457e-17,correction_completion,PT_violation_g10,1,200,22,1704930883,reference_fold_convolution_rf,,,,
PRE_SUBC,X2_k=-4,,,-4.0,reference_fold_pretrend,0.04390780083326263,0.04823753214187318,0.0713205410083192,-0.1135882608236501,-0.0724095017559986,0.14775992724330708,0.1633734566073144,0.21266666666666667,0.42533333333333334,0.42533333333333334,-0.0,correction_completion,PT_violation_g10,1,200,22,1704930883,reference_fold_convolution_rf,,,,
PRE_SUBC,X2_k=-3,,,-3.0,reference_fold_pretrend,0.058390038893213696,0.06258567553712939,0.06258184077799012,-0.07297784854541552,-0.03536510060199255,0.1500982382367405,0.16577932849750596,0.13666666666666666,0.2733333333333333,0.2733333333333333,-0.0,correction_completion,PT_violation_g10,1,200,22,1704930883,reference_fold_convolution_rf,,,,
PRE_SUBC,X2_k=-2,,,-2.0,reference_fold_pretrend,0.04163293217322902,0.04419715177265952,0.057552744276564545,-0.07470504650948706,-0.03347376396125531,0.12492072402590997,0.1415988728773507,0.242,0.484,0.484,-0.0,correction_completion,PT_violation_g10,1,200,22,1704930883,reference_fold_convolution_rf,,,,
PRE_SUBC,X2_slope,,,,reference_fold_pretrend,-0.020724029461388876,-0.022381670640550282,0.02570175106686558,-0.06296964686761994,-0.056878171522800156,0.018061182754213662,0.034893494067616604,0.15466666666666667,0.30933333333333335,0.30933333333333335,0.0,correction_completion,PT_violation_g10,1,200,22,1704930883,reference_fold_convolution_rf,,,,
PRE,k=-4,,,-4.0,pretrend,-0.32884431276751996,-0.330002818797815,0.19297207512660794,-0.6810780666855711,-0.6363243026667801,-0.009150349486450451,0.04995333553845514,0.044,0.088,0.088,-0.5999999999999999,correction_completion,PT_violation_g20,1,200,6,3199967184,raw_structured,,,,
PRE,k=-3,,,-3.0,pretrend,0.030002684059282966,0.0,0.16829474372992284,-0.307841864310925,-0.2499200732411242,0.32336306806535736,0.37832430946830453,0.5206666666666667,1.0,1.0,-0.3999999999999999,correction_completion,PT_violation_g20,1,200,6,3199967184,raw_structured,,,,
PRE,k=-2,,,-2.0,pretrend,0.08989705264352646,0.006832680140620639,0.15815885764733906,-0.19038987193691606,-0.11345709656872692,0.3891592266287926,0.43923761736046896,0.49133333333333334,0.9826666666666667,0.9826666666666667,-0.19999999999999996,correction_completion,PT_violation_g20,1,200,6,3199967184,raw_structured,,,,
PRE,slope,,,,pretrend,0.05975932268146195,0.06296131948232783,0.06432567203006431,-0.0770834234254239,-0.052123310686959363,0.15969043779674624,0.17590238322145982,0.17666666666666667,0.35333333333333333,0.35333333333333333,0.19999999999999996,correction_completion,PT_violation_g20,1,200,6,3199967184,raw_structured,,,,
PRE_SUB,X1=0_k=-4,,,-4.0,pretrend,-0.2879458660386827,-0.29423929263522947,0.22296293531725736,-0.6725263733192343,-0.6300963235455045,0.09795335553132004,0.17593134220150025,0.1,0.2,0.2,-0.5999999999999999,correction_completion,PT_violation_g20,1,200,6,3199967184,raw_structured,,,,
PRE_SUB,X1=0_k=-3,,,-3.0,pretrend,0.07152354200992031,0.015143758004490783,0.20575194379070083,-0.30201883847911787,-0.2390095879728115,0.46193650212382037,0.5495555257154776,0.48133333333333334,0.9626666666666667,0.9626666666666667,-0.3999999999999999,correction_completion,PT_violation_g20,1,200,6,3199967184,raw_structured,,,,
PRE_SUB,X1=0_k=-2,,,-2.0,pretrend,0.130509566132794,0.031134030577856048,0.19792015860720574,-0.15295209645712124,-0.07805988922942257,0.5271089927433772,0.6024863679150144,0.4613333333333333,0.9226666666666666,0.9226666666666666,-0.19999999999999996,correction_completion,PT_violation_g20,1,200,6,3199967184,raw_structured,,,,
PRE_SUB,X1=1_k=-4,,,-4.0,pretrend,-0.37056072843093385,-0.3704132187745776,0.2052449612429253,-0.7795380262262083,-0.6969538584214171,-0.04214210432076244,0.01246238158742568,0.034,0.068,0.068,-0.5999999999999999,correction_completion,PT_violation_g20,1,200,6,3199967184,raw_structured,,,,
PRE_SUB,X1=1_k=-3,,,-3.0,pretrend,-0.012348591050367144,0.0,0.17687051736884113,-0.3780079087029835,-0.3191169517106555,0.29343798453213027,0.35382413862058654,0.556,1.0,1.0,-0.3999999999999999,correction_completion,PT_violation_g20,1,200,6,3199967184,raw_structured,,,,
PRE_SUB,X1=1_k=-2,,,-2.0,pretrend,0.0484722888844736,0.0,0.1657966434823034,-0.2988285615401436,-0.2230671490306428,0.3581461407603595,0.4157030598059243,0.5853333333333334,1.0,1.0,-0.19999999999999996,correction_completion,PT_violation_g20,1,200,6,3199967184,raw_structured,,,,
PRE_SUB,X2=low_k=-4,,,-4.0,pretrend,-0.3110049949776672,-0.3125356985342288,0.1968584768035268,-0.6711724948395306,-0.6290258919599507,0.0018563496504412562,0.09158797813301305,0.05533333333333333,0.11066666666666666,0.11066666666666666,-0.6000000000000001,correction_completion,PT_violation_g20,1,200,6,3199967184,raw_structured,,,,
PRE_SUB,X2=low_k=-3,,,-3.0,pretrend,0.04721843217798346,0.006921266937084806,0.17456765231754642,-0.3028038050558184,-0.2406994142660975,0.35057773689221555,0.41622237249559035,0.492,0.984,0.984,-0.4,correction_completion,PT_violation_g20,1,200,6,3199967184,raw_structured,,,,
PRE_SUB,X2=low_k=-2,,,-2.0,pretrend,0.10660968055236221,0.023515830928345992,0.16856329703522493,-0.17034987465901869,-0.09230354378846498,0.4253352654702149,0.48703933141416106,0.4693333333333333,0.9386666666666666,0.9386666666666666,-0.2,correction_completion,PT_violation_g20,1,200,6,3199967184,raw_structured,,,,
PRE_SUB,X2=high_k=-4,,,-4.0,pretrend,-0.3692305617379716,-0.36444850311449833,0.20722462681204823,-0.7810934652610398,-0.7094365743419369,-0.03803386418306262,0.005574386640726121,0.03133333333333333,0.06266666666666666,0.06266666666666666,-0.6000000000000001,correction_completion,PT_violation_g20,1,200,6,3199967184,raw_structured,,,,
PRE_SUB,X2=high_k=-3,,,-3.0,pretrend,-0.009892531586303384,0.0,0.18093468586508799,-0.37179097678738765,-0.3182972952713401,0.29883280789899375,0.35366197579191483,0.5446666666666666,1.0,1.0,-0.4,correction_completion,PT_violation_g20,1,200,6,3199967184,raw_structured,,,,
PRE_SUB,X2=high_k=-2,,,-2.0,pretrend,0.05066695975422965,0.0,0.16565065089223938,-0.29922697816381916,-0.22482781996490903,0.34808514860803813,0.41036056198853926,0.5546666666666666,1.0,1.0,-0.2,correction_completion,PT_violation_g20,1,200,6,3199967184,raw_structured,,,,
PRE_SUBC,X1_k=-4,,,-4.0,pretrend,-0.08261486239225115,-2.220446049250313e-16,0.18675304086600183,-0.62756580169586,-0.5414592624829719,8.895661984809054e-16,0.0006148783010723429,0.36866666666666664,0.7373333333333333,0.7373333333333333,-0.0,correction_completion,PT_violation_g20,1,200,6,3199967184,raw_structured,,,,
PRE_SUBC,X1_k=-3,,,-3.0,pretrend,-0.08387213306028746,-9.020562075079397e-17,0.1848344555654064,-0.6275658016958596,-0.5415461635020911,4.996003610813204e-16,8.326672684688674e-16,0.43266666666666664,0.8653333333333333,0.8653333333333333,-0.0,correction_completion,PT_violation_g20,1,200,6,3199967184,raw_structured,,,,
PRE_SUBC,X1_k=-2,,,-2.0,pretrend,-0.08203727724832037,0.0,0.18302891273133626,-0.6261915913556726,-0.5414592624829714,3.0531133177191805e-16,4.847684753617145e-16,0.5233333333333333,1.0,1.0,-0.0,correction_completion,PT_violation_g20,1,200,6,3199967184,raw_structured,,,,
PRE_SUBC,X1_slope,,,,pretrend,0.03554472361040348,7.347793008958905e-17,0.07913747724337644,-0.00020381853014574163,-2.616954272330726e-16,0.23205396963555927,0.2689567721553684,0.362,0.724,0.724,0.0,correction_completion,PT_violation_g20,1,200,6,3199967184,raw_structured,,,,
PRE_SUBC,X2_k=-4,,,-4.0,pretrend,-0.05822556676030437,-2.220446049250313e-16,0.12394812998101776,-0.4291941025196972,-0.32857675512265533,5.551115123125783e-16,1.1102230246251565e-15,0.3586666666666667,0.7173333333333334,0.7173333333333334,-0.0,correction_completion,PT_violation_g20,1,200,6,3199967184,raw_structured,,,,
PRE_SUBC,X2_k=-3,,,-3.0,pretrend,-0.05711096376428683,-1.1102230246251565e-16,0.12292902655341856,-0.43024910327191157,-0.32560836732711557,3.608224830031759e-16,5.4192761389515075e-16,0.42333333333333334,0.8466666666666667,0.8466666666666667,-0.0,correction_completion,PT_violation_g20,1,200,6,3199967184,raw_structured,,,,
PRE_SUBC,X2_k=-2,,,-2.0,pretrend,-0.05594272079813258,0.0,0.12216758506850256,-0.43024910327191174,-0.32430417230170366,2.780761731990817e-16,3.958638972179055e-16,0.5073333333333333,1.0,1.0,-0.0,correction_completion,PT_violation_g20,1,200,6,3199967184,raw_structured,,,,
PRE_SUBC,X2_slope,,,,pretrend,0.024631524900544245,6.443258625056713e-17,0.05258189991828604,-2.892279669732188e-16,-1.7159822669952718e-16,0.1393717512875572,0.18394032965129878,0.3466666666666667,0.6933333333333334,0.6933333333333334,0.0,correction_completion,PT_violation_g20,1,200,6,3199967184,raw_structured,,,,
PRE,k=-4,,,-4.0,reference_fold_pretrend,-0.38217861750454146,-0.3810654805781132,0.1925120673099484,-0.7640201794820386,-0.6942457550613355,-0.08173941456300148,-0.02415142194643582,0.019333333333333334,0.03866666666666667,0.03866666666666667,-0.5999999999999999,correction_completion,PT_violation_g20,1,200,6,3199967184,reference_fold_convolution_rf,,,,
PRE,k=-3,,,-3.0,reference_fold_pretrend,-0.09368162213879541,-0.09575593115252413,0.1658853842275654,-0.43415398488520773,-0.38081019849333403,0.17515967112337755,0.23715465961923268,0.2906666666666667,0.5813333333333334,0.5813333333333334,-0.3999999999999999,correction_completion,PT_violation_g20,1,200,6,3199967184,reference_fold_convolution_rf,,,,
PRE,k=-2,,,-2.0,reference_fold_pretrend,0.012101290069024492,0.00026615401074284146,0.14574335887059578,-0.2780278926049068,-0.2225047955425724,0.2529628914788867,0.290330047470378,0.49933333333333335,0.9986666666666667,0.9986666666666667,-0.19999999999999996,correction_completion,PT_violation_g20,1,200,6,3199967184,reference_fold_convolution_rf,,,,
PRE,slope,,,,reference_fold_pretrend,0.09441412905158504,0.09486242491913258,0.06446458874289737,-0.023886192385433356,-0.008301860048004232,0.1996182098159975,0.21886125635170045,0.07,0.14,0.14,0.19999999999999996,correction_completion,PT_violation_g20,1,200,6,3199967184,reference_fold_convolution_rf,,,,
PRE_SUB,X1=0_k=-4,,,-4.0,reference_fold_pretrend,-0.3597120585028668,-0.3620680004141477,0.20607711937754553,-0.7600832621339215,-0.6868569177200722,-0.03011300716978108,0.039156010067204775,0.034666666666666665,0.06933333333333333,0.06933333333333333,-0.5999999999999999,correction_completion,PT_violation_g20,1,200,6,3199967184,reference_fold_convolution_rf,,,,
PRE_SUB,X1=0_k=-3,,,-3.0,reference_fold_pretrend,-0.0713595560446275,-0.0734243402426285,0.17822045631348366,-0.4203209312947811,-0.3678718833170677,0.22005744571894545,0.2725190096513795,0.3506666666666667,0.7013333333333334,0.7013333333333334,-0.3999999999999999,correction_completion,PT_violation_g20,1,200,6,3199967184,reference_fold_convolution_rf,,,,
PRE_SUB,X1=0_k=-2,,,-2.0,reference_fold_pretrend,0.03167461305850083,0.017018861023912736,0.15874912747666733,-0.2779070602246149,-0.22773383845960887,0.30195698966563045,0.3466219447670962,0.4653333333333333,0.9306666666666666,0.9306666666666666,-0.19999999999999996,correction_completion,PT_violation_g20,1,200,6,3199967184,reference_fold_convolution_rf,,,,
PRE_SUB,X1=1_k=-4,,,-4.0,reference_fold_pretrend,-0.4050945076862496,-0.40929247903863697,0.19929307126113993,-0.7916763355711278,-0.7268142070907386,-0.08986416752663119,-0.0324577249652393,0.016,0.032,0.032,-0.5999999999999999,correction_completion,PT_violation_g20,1,200,6,3199967184,reference_fold_convolution_rf,,,,
PRE_SUB,X1=1_k=-3,,,-3.0,reference_fold_pretrend,-0.11645012955484668,-0.11636955056150036,0.17585158500721237,-0.4686195194110961,-0.40866124355655936,0.16640366630071712,0.22277237488385912,0.25066666666666665,0.5013333333333333,0.5013333333333333,-0.3999999999999999,correction_completion,PT_violation_g20,1,200,6,3199967184,reference_fold_convolution_rf,,,,
PRE_SUB,X1=1_k=-2,,,-2.0,reference_fold_pretrend,-0.007863499380241373,0.0,0.15659191656969051,-0.3357066338658077,-0.2667425504879099,0.2548998652890889,0.29355160457962043,0.5073333333333333,1.0,1.0,-0.19999999999999996,correction_completion,PT_violation_g20,1,200,6,3199967184,reference_fold_convolution_rf,,,,
PRE_SUB,X2=low_k=-4,,,-4.0,reference_fold_pretrend,-0.3531353633917603,-0.3486941846055142,0.19702122645353135,-0.7291895940780977,-0.6759522219193282,-0.03904903385224035,0.01072334408934665,0.028666666666666667,0.05733333333333333,0.05733333333333333,-0.6000000000000001,correction_completion,PT_violation_g20,1,200,6,3199967184,reference_fold_convolution_rf,,,,
PRE_SUB,X2=low_k=-3,,,-3.0,reference_fold_pretrend,-0.0650196257148439,-0.06594913181595106,0.16970315116530724,-0.4112023404392428,-0.3446078149191351,0.21727643316357217,0.2661861687355588,0.348,0.696,0.696,-0.4,correction_completion,PT_violation_g20,1,200,6,3199967184,reference_fold_convolution_rf,,,,
PRE_SUB,X2=low_k=-2,,,-2.0,reference_fold_pretrend,0.04220666527021332,0.02560490462632224,0.14813793691112956,-0.24127538874627924,-0.1943452780286945,0.29239949701264173,0.3376017034677692,0.43533333333333335,0.8706666666666667,0.8706666666666667,-0.2,correction_completion,PT_violation_g20,1,200,6,3199967184,reference_fold_convolution_rf,,,,
PRE_SUB,X2=high_k=-4,,,-4.0,reference_fold_pretrend,-0.41967767380004595,-0.4215617031847601,0.2017252589510081,-0.8287177620843921,-0.7568248446964281,-0.10298644913627826,-0.047390145232961374,0.014,0.028,0.028,-0.6000000000000001,correction_completion,PT_violation_g20,1,200,6,3199967184,reference_fold_convolution_rf,,,,
PRE_SUB,X2=high_k=-3,,,-3.0,reference_fold_pretrend,-0.13058475677854361,-0.13035307491312573,0.17801596293185035,-0.49073755834903726,-0.439172629957008,0.14154630603752855,0.2113530398892617,0.24266666666666667,0.48533333333333334,0.48533333333333334,-0.4,correction_completion,PT_violation_g20,1,200,6,3199967184,reference_fold_convolution_rf,,,,
PRE_SUB,X2=high_k=-2,,,-2.0,reference_fold_pretrend,-0.024329111536884242,-0.003868147037763301,0.16082009075763642,-0.37490126036282284,-0.2973834818982656,0.2259469471731658,0.2629034837354089,0.49133333333333334,0.9826666666666667,0.9826666666666667,-0.2,correction_completion,PT_violation_g20,1,200,6,3199967184,reference_fold_convolution_rf,,,,
PRE_SUBC,X1_k=-4,,,-4.0,reference_fold_pretrend,-0.045382449183382696,-0.003342816585139727,0.12721428158831863,-0.39434299279592894,-0.32282441712866944,0.07005975774911777,0.08761883215398816,0.48133333333333334,0.9626666666666667,0.9626666666666667,-0.0,correction_completion,PT_violation_g20,1,200,6,3199967184,reference_fold_convolution_rf,,,,
PRE_SUBC,X1_k=-3,,,-3.0,reference_fold_pretrend,-0.04509057351021918,-1.5707727574129637e-05,0.12376950283625983,-0.3981390576378825,-0.3213722743862356,0.06402203168029286,0.07549383088890138,0.5,1.0,1.0,-0.0,correction_completion,PT_violation_g20,1,200,6,3199967184,reference_fold_convolution_rf,,,,
PRE_SUBC,X1_k=-2,,,-2.0,reference_fold_pretrend,-0.0395381124387422,0.0017727437333820949,0.12039523403505943,-0.37922675862946864,-0.31235260909626195,0.059919751773667526,0.06958436880331721,0.484,0.968,0.968,-0.0,correction_completion,PT_violation_g20,1,200,6,3199967184,reference_fold_convolution_rf,,,,
PRE_SUBC,X1_slope,,,,reference_fold_pretrend,0.01899047192923776,8.848857433844658e-05,0.05256144873248114,-0.03316513600484183,-0.0254015244320281,0.1373411553780046,0.16775661965778843,0.49733333333333335,0.9946666666666667,0.9946666666666667,0.0,correction_completion,PT_violation_g20,1,200,6,3199967184,reference_fold_convolution_rf,,,,
PRE_SUBC,X2_k=-4,,,-4.0,reference_fold_pretrend,-0.06654231040828561,-0.03637860101127324,0.10122326715135518,-0.33302723687254115,-0.28209661400122654,0.03493259736659721,0.04412048922878998,0.21333333333333335,0.4266666666666667,0.4266666666666667,-0.0,correction_completion,PT_violation_g20,1,200,6,3199967184,reference_fold_convolution_rf,,,,
PRE_SUBC,X2_k=-3,,,-3.0,reference_fold_pretrend,-0.06556513106369971,-0.033771443053983455,0.09754970124640097,-0.33170877679168737,-0.2693690571116591,0.025931649491034322,0.032911664300576085,0.184,0.368,0.368,-0.0,correction_completion,PT_violation_g20,1,200,6,3199967184,reference_fold_convolution_rf,,,,
PRE_SUBC,X2_k=-2,,,-2.0,reference_fold_pretrend,-0.06653577680709755,-0.033349795612963376,0.09416112398528304,-0.3340122615498565,-0.2650442428435859,0.009453315363884714,0.01680205513646664,0.17666666666666667,0.35333333333333333,0.35333333333333333,-0.0,correction_completion,PT_violation_g20,1,200,6,3199967184,reference_fold_convolution_rf,,,,
PRE_SUBC,X2_slope,,,,reference_fold_pretrend,0.028378069297096707,0.014597935998225679,0.041321578060790135,-0.012676125081969001,-0.008765199765137465,0.11506793398678673,0.14023566313353997,0.17933333333333334,0.3586666666666667,0.3586666666666667,0.0,correction_completion,PT_violation_g20,1,200,6,3199967184,reference_fold_convolution_rf,,,,
PRE,k=-4,,,-4.0,pretrend,-0.534667665738077,-0.5297118644385002,0.2140592611131559,-0.9529580353807219,-0.8778235481154829,-0.18357509995151064,-0.12076695425076091,0.010666666666666666,0.021333333333333333,0.021333333333333333,-0.5999999999999999,correction_completion,PT_violation_g20,3,200,190,793813581,raw_structured,,,,
PRE,k=-3,,,-3.0,pretrend,-0.2818777057594149,-0.28897657450495773,0.19686977643649867,-0.6582236957786644,-0.5977993348568901,0.022749384940538596,0.08728585551945225,0.10933333333333334,0.21866666666666668,0.21866666666666668,-0.3999999999999999,correction_completion,PT_violation_g20,3,200,190,793813581,raw_structured,,,,
PRE,k=-2,,,-2.0,pretrend,-0.3393922884855193,-0.342836531895547,0.19196766795211406,-0.7268688279689045,-0.6487879972581065,0.0,0.0,0.08866666666666667,0.17733333333333334,0.17733333333333334,-0.19999999999999996,correction_completion,PT_violation_g20,3,200,190,793813581,raw_structured,,,,
PRE,slope,,,,pretrend,0.17908219265847,0.18109187344727468,0.07557290050120415,0.03329024386228286,0.053887284674115576,0.2986774056941313,0.3208167075164577,0.012,0.024,0.024,0.19999999999999996,correction_completion,PT_violation_g20,3,200,190,793813581,raw_structured,,,,
PRE_SUB,X1=0_k=-4,,,-4.0,pretrend,-0.5081570069559063,-0.5059986371576074,0.22349766696059514,-0.9481694277364161,-0.8573200009946341,-0.14106708124577563,-0.06561890336331122,0.018,0.036,0.036,-0.5999999999999996,correction_completion,PT_violation_g20,3,200,190,793813581,raw_structured,,,,
PRE_SUB,X1=0_k=-3,,,-3.0,pretrend,-0.26493168715726606,-0.27200051349917775,0.20453088188157334,-0.6512788481668419,-0.5931241781217118,0.05827187337930342,0.12514830010489353,0.132,0.264,0.264,-0.3999999999999998,correction_completion,PT_violation_g20,3,200,190,793813581,raw_structured,,,,
PRE_SUB,X1=0_k=-2,,,-2.0,pretrend,-0.3241617800062469,-0.3279260236325992,0.19932037118885398,-0.7137329431214443,-0.6457908451845219,0.0,0.0,0.108,0.216,0.216,-0.1999999999999999,correction_completion,PT_violation_g20,3,200,190,793813581,raw_structured,,,,
PRE_SUB,X1=1_k=-4,,,-4.0,pretrend,-0.5534290550300748,-0.5456616575038205,0.22600244305078288,-0.9936894520082709,-0.9251579432212381,-0.18357509995151097,-0.12180809014725015,0.009333333333333334,0.018666666666666668,0.018666666666666668,-0.6,correction_completion,PT_violation_g20,3,200,190,793813581,raw_structured,,,,
PRE_SUB,X1=1_k=-3,,,-3.0,pretrend,-0.29387027277016636,-0.29812599909564663,0.204879069706232,-0.6858324271727421,-0.6223310699821676,0.01603355518626479,0.07877299050905948,0.10666666666666667,0.21333333333333335,0.21333333333333335,-0.39999999999999997,correction_completion,PT_violation_g20,3,200,190,793813581,raw_structured,,,,
PRE_SUB,X1=1_k=-2,,,-2.0,pretrend,-0.35017080217854285,-0.35282964797500393,0.19958089748700572,-0.74911313391312,-0.6672932991388442,0.0,0.0,0.08733333333333333,0.17466666666666666,0.17466666666666666,-0.19999999999999998,correction_completion,PT_violation_g20,3,200,190,793813581,raw_structured,,,,
PRE_SUB,X2=low_k=-4,,,-4.0,pretrend,-0.5322890375572441,-0.525751954385518,0.2144481813893933,-0.9585692253076455,-0.8672899143819471,-0.18299314931285038,-0.12076695425076095,0.010666666666666666,0.021333333333333333,0.021333333333333333,-0.6000000000000001,correction_completion,PT_violation_g20,3,200,190,793813581,raw_structured,,,,
PRE_SUB,X2=low_k=-3,,,-3.0,pretrend,-0.2812428182691999,-0.286159662264894,0.1984938232067993,-0.6576046575390304,-0.5977993348568901,0.025387782323337632,0.09137979238950222,0.11,0.22,0.22,-0.4000000000000001,correction_completion,PT_violation_g20,3,200,190,793813581,raw_structured,,,,
PRE_SUB,X2=low_k=-2,,,-2.0,pretrend,-0.3388234466195526,-0.343899083151339,0.19271981787715636,-0.7247926422187351,-0.6524984896740484,0.0,0.0,0.09,0.18,0.18,-0.20000000000000004,correction_completion,PT_violation_g20,3,200,190,793813581,raw_structured,,,,
PRE_SUB,X2=high_k=-4,,,-4.0,pretrend,-0.5354682406196429,-0.5314787562250096,0.21574171417000376,-0.957559031263655,-0.8785465524420449,-0.18299314931285018,-0.11866797151153181,0.010666666666666666,0.021333333333333333,0.021333333333333333,-0.6000000000000001,correction_completion,PT_violation_g20,3,200,190,793813581,raw_structured,,,,
PRE_SUB,X2=high_k=-3,,,-3.0,pretrend,-0.2823534107551174,-0.2889765745049575,0.19802828131563646,-0.6604144794217545,-0.6023603204605551,0.022809280033011838,0.09051045103569479,0.11,0.22,0.22,-0.4000000000000001,correction_completion,PT_violation_g20,3,200,190,793813581,raw_structured,,,,
PRE_SUB,X2=high_k=-2,,,-2.0,pretrend,-0.33932248154064487,-0.34335637174329847,0.1928876454830579,-0.7268688279689043,-0.6513666905112315,0.0,0.0,0.09,0.18,0.18,-0.20000000000000004,correction_completion,PT_violation_g20,3,200,190,793813581,raw_structured,,,,
PRE_SUBC,X1_k=-4,,,-4.0,pretrend,-0.04527204807416849,-1.1102230246251565e-16,0.14048066649400512,-0.5445241997944663,-0.41268126880814754,1.5015766408055217e-15,0.0027235572022662677,0.4726666666666667,0.9453333333333334,0.9453333333333334,-2.498001805406602e-16,correction_completion,PT_violation_g20,3,200,190,793813581,raw_structured,,,,
PRE_SUBC,X1_k=-3,,,-3.0,pretrend,-0.028938585612900275,0.0,0.11408749971331489,-0.48962227485303383,-0.28224726436437403,1.1102230246251565e-15,1.8318679906315083e-15,0.5006666666666667,1.0,1.0,-1.6653345369377348e-16,correction_completion,PT_violation_g20,3,200,190,793813581,raw_structured,,,,
PRE_SUBC,X1_k=-2,,,-2.0,pretrend,-0.02600902217229596,0.0,0.11002832801540269,-0.48369243791335254,-0.2570821608415325,1.1102230246251565e-15,1.861011345027911e-15,0.5406666666666666,1.0,1.0,-8.326672684688674e-17,correction_completion,PT_violation_g20,3,200,190,793813581,raw_structured,,,,
PRE_SUBC,X1_slope,,,,pretrend,0.015693024115757286,3.172065784643304e-17,0.051463846092716266,-0.00108914108702986,-4.766028841426565e-16,0.12821678286523075,0.22093707274079608,0.452,0.904,0.904,8.326672684688674e-17,correction_completion,PT_violation_g20,3,200,190,793813581,raw_structured,,,,
PRE_SUBC,X2_k=-4,,,-4.0,pretrend,-0.003179203062398857,0.0,0.04709716885123539,-0.06722467624901818,-0.053600011872575765,1.4432899320127035e-15,0.07925628788543751,0.508,1.0,1.0,-0.0,correction_completion,PT_violation_g20,3,200,190,793813581,raw_structured,,,,
PRE_SUBC,X2_k=-3,,,-3.0,pretrend,-0.001110592485917522,0.0,0.04434217139326992,-0.06174751976173071,-0.04045984021721147,1.0554057627842888e-15,0.06804367974653193,0.5526666666666666,1.0,1.0,-0.0,correction_completion,PT_violation_g20,3,200,190,793813581,raw_structured,,,,
PRE_SUBC,X2_k=-2,,,-2.0,pretrend,-0.0004990349210922215,0.0,0.036651850362929755,-0.05666063416647117,-0.033647915876013845,8.354428260304278e-16,0.0047312158976289265,0.5686666666666667,1.0,1.0,-0.0,correction_completion,PT_violation_g20,3,200,190,793813581,raw_structured,,,,
PRE_SUBC,X2_slope,,,,pretrend,0.0008755592200088455,1.1895246692412391e-17,0.01837990661252562,-0.027545992421162617,-5.147668006141461e-16,0.01777555684441907,0.026640103709468035,0.4826666666666667,0.9653333333333334,0.9653333333333334,0.0,correction_completion,PT_violation_g20,3,200,190,793813581,raw_structured,,,,
PRE,k=-4,,,-4.0,reference_fold_pretrend,-0.6292829115524651,-0.6401875231371599,0.19910866813335187,-1.0184246790782892,-0.9521726274385554,-0.30688190294328,-0.2474054170151036,0.0006666666666666666,0.0013333333333333333,0.0013333333333333333,-0.5999999999999999,correction_completion,PT_violation_g20,3,200,190,793813581,reference_fold_convolution_rf,,,,
PRE,k=-3,,,-3.0,reference_fold_pretrend,-0.3922679010431079,-0.396072309944255,0.19059268198005558,-0.7715692443127655,-0.7015255331713972,-0.08598547311936597,-0.0171287646370622,0.017333333333333333,0.034666666666666665,0.034666666666666665,-0.3999999999999999,correction_completion,PT_violation_g20,3,200,190,793813581,reference_fold_convolution_rf,,,,
PRE,k=-2,,,-2.0,reference_fold_pretrend,-0.3715266042804718,-0.3700725821192046,0.18381109304449006,-0.733144973268023,-0.6852292030833546,-0.07829009107719938,-0.005147515508474672,0.024,0.048,0.048,-0.19999999999999996,correction_completion,PT_violation_g20,3,200,190,793813581,reference_fold_convolution_rf,,,,
PRE,slope,,,,reference_fold_pretrend,0.21742222435886302,0.21873706793006464,0.073053348311511,0.07630816593327906,0.09923516792540514,0.3376279306556793,0.361782772642232,0.002,0.004,0.004,0.19999999999999996,correction_completion,PT_violation_g20,3,200,190,793813581,reference_fold_convolution_rf,,,,
PRE_SUB,X1=0_k=-4,,,-4.0,reference_fold_pretrend,-0.6219850396887916,-0.623327316181902,0.21059148846440295,-1.034465383073131,-0.9711623047500804,-0.2805128901372422,-0.19606578404020772,0.0033333333333333335,0.006666666666666667,0.006666666666666667,-0.5999999999999996,correction_completion,PT_violation_g20,3,200,190,793813581,reference_fold_convolution_rf,,,,
PRE_SUB,X1=0_k=-3,,,-3.0,reference_fold_pretrend,-0.37812986212082433,-0.3813680476185462,0.19884879403624647,-0.7766748529944035,-0.7122822196837029,-0.05376251249818236,0.0,0.026,0.052,0.052,-0.3999999999999998,correction_completion,PT_violation_g20,3,200,190,793813581,reference_fold_convolution_rf,,,,
PRE_SUB,X1=0_k=-2,,,-2.0,reference_fold_pretrend,-0.33450953668440914,-0.3234201316960045,0.18796678628120367,-0.7066806345479623,-0.6572330772397316,-0.042358883911971595,0.0,0.03133333333333333,0.06266666666666666,0.06266666666666666,-0.1999999999999999,correction_completion,PT_violation_g20,3,200,190,793813581,reference_fold_convolution_rf,,,,
PRE_SUB,X1=1_k=-4,,,-4.0,reference_fold_pretrend,-0.6344475593329109,-0.633735415319771,0.20894780022337642,-1.0453554823260152,-0.9833819974721757,-0.29712588380736976,-0.24121942457312254,0.0013333333333333333,0.0026666666666666666,0.0026666666666666666,-0.6,correction_completion,PT_violation_g20,3,200,190,793813581,reference_fold_convolution_rf,,,,
PRE_SUB,X1=1_k=-3,,,-3.0,reference_fold_pretrend,-0.4022732824342623,-0.4006782128418004,0.2006909812716054,-0.8015335861986529,-0.7284491255968214,-0.08353809397400862,-0.018959779511732135,0.018,0.036,0.036,-0.39999999999999997,correction_completion,PT_violation_g20,3,200,190,793813581,reference_fold_convolution_rf,,,,
PRE_SUB,X1=1_k=-2,,,-2.0,reference_fold_pretrend,-0.3977232982715315,-0.3972274092466742,0.19197941310137379,-0.7891733143234498,-0.7177944346257218,-0.07709304250781739,-0.014460759148628047,0.02266666666666667,0.04533333333333334,0.04533333333333334,-0.19999999999999998,correction_completion,PT_violation_g20,3,200,190,793813581,reference_fold_convolution_rf,,,,
PRE_SUB,X2=low_k=-4,,,-4.0,reference_fold_pretrend,-0.6399907808500043,-0.6492350291763014,0.20196795604955295,-1.0343902055490077,-0.9748954551260726,-0.30532102002201783,-0.25974854995195884,0.0006666666666666666,0.0013333333333333333,0.0013333333333333333,-0.6000000000000001,correction_completion,PT_violation_g20,3,200,190,793813581,reference_fold_convolution_rf,,,,
PRE_SUB,X2=low_k=-3,,,-3.0,reference_fold_pretrend,-0.39781462236239046,-0.40451358108886526,0.19253939895064062,-0.7779140700883179,-0.7265640083742043,-0.0857698436663791,-0.026045589069025203,0.016666666666666666,0.03333333333333333,0.03333333333333333,-0.4000000000000001,correction_completion,PT_violation_g20,3,200,190,793813581,reference_fold_convolution_rf,,,,
PRE_SUB,X2=low_k=-2,,,-2.0,reference_fold_pretrend,-0.36117146224424673,-0.35476122145095546,0.18449779229270177,-0.7254041234621121,-0.6833429628140768,-0.07008213159670118,-0.0016426925580504308,0.024,0.048,0.048,-0.20000000000000004,correction_completion,PT_violation_g20,3,200,190,793813581,reference_fold_convolution_rf,,,,
PRE_SUB,X2=high_k=-4,,,-4.0,reference_fold_pretrend,-0.6302482577183101,-0.6406200892428504,0.19982345870139082,-1.0220890229761193,-0.9581965166495682,-0.304815657580495,-0.2514711029275051,0.0006666666666666666,0.0013333333333333333,0.0013333333333333333,-0.6000000000000001,correction_completion,PT_violation_g20,3,200,190,793813581,reference_fold_convolution_rf,,,,
PRE_SUB,X2=high_k=-3,,,-3.0,reference_fold_pretrend,-0.392804502668974,-0.393737193754531,0.19155370361421103,-0.7716048649875186,-0.7162032547468165,-0.08726887431902153,-0.013512628369153554,0.018666666666666668,0.037333333333333336,0.037333333333333336,-0.4000000000000001,correction_completion,PT_violation_g20,3,200,190,793813581,reference_fold_convolution_rf,,,,
PRE_SUB,X2=high_k=-2,,,-2.0,reference_fold_pretrend,-0.37113495696697857,-0.36676547512227164,0.1843468421508125,-0.7357471286783064,-0.6852009258023318,-0.07708035765843328,-0.008759640943491312,0.024,0.048,0.048,-0.20000000000000004,correction_completion,PT_violation_g20,3,200,190,793813581,reference_fold_convolution_rf,,,,
PRE_SUBC,X1_k=-4,,,-4.0,reference_fold_pretrend,-0.012462519644119268,0.011767061457834932,0.13312415737154998,-0.35949682925055415,-0.2904393121574235,0.16050333306770775,0.1854631544982548,0.4533333333333333,0.9066666666666666,0.9066666666666666,-2.498001805406602e-16,correction_completion,PT_violation_g20,3,200,190,793813581,reference_fold_convolution_rf,,,,
PRE_SUBC,X1_k=-3,,,-3.0,reference_fold_pretrend,-0.024143420313437986,-0.008480653788831172,0.12257794924205091,-0.3773277161799504,-0.2761075943723104,0.12857834583745614,0.15131359086713042,0.47,0.94,0.94,-1.6653345369377348e-16,correction_completion,PT_violation_g20,3,200,190,793813581,reference_fold_convolution_rf,,,,
PRE_SUBC,X1_k=-2,,,-2.0,reference_fold_pretrend,-0.06321376158712236,-0.055162495301810804,0.10022673714289004,-0.3290622426772898,-0.24934674784874275,0.07345715662542189,0.09914104162734465,0.25266666666666665,0.5053333333333333,0.5053333333333333,-8.326672684688674e-17,correction_completion,PT_violation_g20,3,200,190,793813581,reference_fold_convolution_rf,,,,
PRE_SUBC,X1_slope,,,,reference_fold_pretrend,0.010634868653311152,0.003446484026067098,0.048870240151606785,-0.06198011442010051,-0.050890799964676534,0.111279031071378,0.14713422464382728,0.45866666666666667,0.9173333333333333,0.9173333333333333,8.326672684688674e-17,correction_completion,PT_violation_g20,3,200,190,793813581,reference_fold_convolution_rf,,,,
PRE_SUBC,X2_k=-4,,,-4.0,reference_fold_pretrend,0.00974252313169434,0.007810358733489453,0.04269410737233293,-0.059140232359468595,-0.04188882676670904,0.06610907491229966,0.1142439001399196,0.382,0.764,0.764,-0.0,correction_completion,PT_violation_g20,3,200,190,793813581,reference_fold_convolution_rf,,,,
PRE_SUBC,X2_k=-3,,,-3.0,reference_fold_pretrend,0.00501011969341646,0.0014249785687245053,0.03879915594225184,-0.04746669150122798,-0.038686690872084976,0.059234437462849274,0.10639115588214954,0.472,0.944,0.944,-0.0,correction_completion,PT_violation_g20,3,200,190,793813581,reference_fold_convolution_rf,,,,
PRE_SUBC,X2_k=-2,,,-2.0,reference_fold_pretrend,-0.009963494722731819,-0.013635830444815762,0.03366707852756867,-0.0554879073951884,-0.04775869620412926,0.031339066764487666,0.07257527682218125,0.2926666666666667,0.5853333333333334,0.5853333333333334,-0.0,correction_completion,PT_violation_g20,3,200,190,793813581,reference_fold_convolution_rf,,,,
PRE_SUBC,X2_slope,,,,reference_fold_pretrend,-0.002091736718513152,-0.0007011610943680945,0.015978948814943158,-0.04524630498100578,-0.02232899934060436,0.015282859550742555,0.020930961617092597,0.468,0.936,0.936,0.0,correction_completion,PT_violation_g20,3,200,190,793813581,reference_fold_convolution_rf,,,,
PRE,k=-4,,,-4.0,pretrend,-0.8754268585973479,-0.8736540368004502,0.2048850999736425,-1.2735685861718333,-1.2213320700278159,-0.5446506690161893,-0.4790762950388586,0.0,0.0,0.0,-1.1999999999999997,correction_completion,PT_violation_g40,3,200,174,2200684398,raw_structured,,,,
PRE,k=-3,,,-3.0,pretrend,-0.7019087700564126,-0.7047703562769677,0.20913374300634407,-1.0910004374021733,-1.0374091062213608,-0.34546994717537566,-0.2808972593974476,0.0,0.0,0.0,-0.7999999999999998,correction_completion,PT_violation_g40,3,200,174,2200684398,raw_structured,,,,
PRE,k=-2,,,-2.0,pretrend,-0.34239065263918567,-0.34123480026621056,0.21345897167408145,-0.7482624437101286,-0.6946031072917426,0.0,0.0,0.09866666666666667,0.19733333333333333,0.19733333333333333,-0.3999999999999999,correction_completion,PT_violation_g40,3,200,174,2200684398,raw_structured,,,,
PRE,slope,,,,pretrend,0.31232062632457536,0.312363795213462,0.07513342209125896,0.1658718247041387,0.18878652976699076,0.4334457678495424,0.45664421043975995,0.0,0.0,0.0,0.3999999999999999,correction_completion,PT_violation_g40,3,200,174,2200684398,raw_structured,,,,
PRE_SUB,X1=0_k=-4,,,-4.0,pretrend,-0.8381299665489657,-0.830879997785226,0.2217715654828906,-1.2815340521404228,-1.230763462598814,-0.48426617200167393,-0.4208530812030264,0.0,0.0,0.0,-1.1999999999999997,correction_completion,PT_violation_g40,3,200,174,2200684398,raw_structured,,,,
PRE_SUB,X1=0_k=-3,,,-3.0,pretrend,-0.6606156231119683,-0.6649574594510723,0.22544683108381194,-1.0859121662772169,-1.0313168208564536,-0.27909494908543375,-0.19835651443228136,0.004666666666666667,0.009333333333333334,0.009333333333333334,-0.7999999999999998,correction_completion,PT_violation_g40,3,200,174,2200684398,raw_structured,,,,
PRE_SUB,X1=0_k=-2,,,-2.0,pretrend,-0.300226495040795,-0.30710586956076213,0.22436092728340182,-0.7258919157015985,-0.6837830541718257,0.0,0.02788558340831281,0.17533333333333334,0.3506666666666667,0.3506666666666667,-0.3999999999999999,correction_completion,PT_violation_g40,3,200,174,2200684398,raw_structured,,,,
PRE_SUB,X1=1_k=-4,,,-4.0,pretrend,-0.903078002702183,-0.9052328161915721,0.21960088434078778,-1.3249311923764326,-1.263017934579366,-0.5446506690161894,-0.47948942137771816,0.0,0.0,0.0,-1.1999999999999997,correction_completion,PT_violation_g40,3,200,174,2200684398,raw_structured,,,,
PRE_SUB,X1=1_k=-3,,,-3.0,pretrend,-0.7325226548600523,-0.7356771636556646,0.22116169478466968,-1.1509053724902396,-1.0878872146229621,-0.36484913082656856,-0.2978856785750476,0.0,0.0,0.0,-0.7999999999999998,correction_completion,PT_violation_g40,3,200,174,2200684398,raw_structured,,,,
PRE_SUB,X1=1_k=-2,,,-2.0,pretrend,-0.3736502867207511,-0.37155791764145996,0.22848632863664375,-0.8195929412617852,-0.7520758500950248,0.0,0.0,0.098,0.196,0.196,-0.3999999999999999,correction_completion,PT_violation_g40,3,200,174,2200684398,raw_structured,,,,
PRE_SUB,X2=low_k=-4,,,-4.0,pretrend,-0.8456636896271195,-0.8371006496670905,0.2311087988255917,-1.3079987230880836,-1.2411487032362678,-0.48092238207141974,-0.40731108236208663,0.0,0.0,0.0,-1.2000000000000002,correction_completion,PT_violation_g40,3,200,174,2200684398,raw_structured,,,,
PRE_SUB,X2=low_k=-3,,,-3.0,pretrend,-0.6728175011878267,-0.6686922488146139,0.24147287836524806,-1.146672152375721,-1.0704487173012673,-0.27208659557940784,-0.19337296833355663,0.005333333333333333,0.010666666666666666,0.010666666666666666,-0.8,correction_completion,PT_violation_g40,3,200,174,2200684398,raw_structured,,,,
PRE_SUB,X2=low_k=-2,,,-2.0,pretrend,-0.3142983693724845,-0.3171211385349848,0.23796262820341782,-0.7830926021823534,-0.7173714091335596,0.0,0.02383622128335064,0.18133333333333335,0.3626666666666667,0.3626666666666667,-0.4,correction_completion,PT_violation_g40,3,200,174,2200684398,raw_structured,,,,
PRE_SUB,X2=high_k=-4,,,-4.0,pretrend,-0.9676322869122065,-0.9585264838856498,0.27539501420416734,-1.5137815261230765,-1.4455560003730223,-0.5379888402657496,-0.47731090504454543,0.0,0.0,0.0,-1.2000000000000002,correction_completion,PT_violation_g40,3,200,174,2200684398,raw_structured,,,,
PRE_SUB,X2=high_k=-3,,,-3.0,pretrend,-0.7931840965612867,-0.7744337875856491,0.27278793704362475,-1.3677498156874277,-1.260271726603816,-0.36502584445929637,-0.29859959767645156,0.0,0.0,0.0,-0.8,correction_completion,PT_violation_g40,3,200,174,2200684398,raw_structured,,,,
PRE_SUB,X2=high_k=-2,,,-2.0,pretrend,-0.43181620657457254,-0.4244654258204631,0.285349776429707,-1.0224539468535434,-0.9272008182666637,0.0,0.0,0.116,0.232,0.232,-0.4,correction_completion,PT_violation_g40,3,200,174,2200684398,raw_structured,,,,
PRE_SUBC,X1_k=-4,,,-4.0,pretrend,-0.06494803615321729,-4.440892098500626e-16,0.16498032016453704,-0.40702691285110126,-0.376537470346672,0.06891826494531379,0.2841458109077713,0.42,0.84,0.84,-0.0,correction_completion,PT_violation_g40,3,200,174,2200684398,raw_structured,,,,
PRE_SUBC,X1_k=-3,,,-3.0,pretrend,-0.07190703174808398,-3.3306690738754696e-16,0.15653059569318495,-0.40702691285110126,-0.3776305919844436,0.04663161074549217,0.08011154763846502,0.4226666666666667,0.8453333333333334,0.8453333333333334,-0.0,correction_completion,PT_violation_g40,3,200,174,2200684398,raw_structured,,,,
PRE_SUBC,X1_k=-2,,,-2.0,pretrend,-0.0734237916799561,-2.220446049250313e-16,0.1546319086285708,-0.4124249608503998,-0.3778415712136127,0.042797400475731905,0.06790215057380333,0.44466666666666665,0.8893333333333333,0.8893333333333333,-0.0,correction_completion,PT_violation_g40,3,200,174,2200684398,raw_structured,,,,
PRE_SUBC,X1_slope,,,,pretrend,0.029434425973983994,1.5067312477055697e-16,0.06745074888353535,-0.06777072545657513,-0.02509665315623844,0.16137320157714496,0.1744401055076149,0.398,0.796,0.796,0.0,correction_completion,PT_violation_g40,3,200,174,2200684398,raw_structured,,,,
PRE_SUBC,X2_k=-4,,,-4.0,pretrend,-0.1219685972850872,-3.3306690738754696e-16,0.2822900752311911,-0.7025153345431844,-0.6423286258854977,0.3258885473227463,0.4186169417338284,0.4073333333333333,0.8146666666666667,0.8146666666666667,-0.0,correction_completion,PT_violation_g40,3,200,174,2200684398,raw_structured,,,,
PRE_SUBC,X2_k=-3,,,-3.0,pretrend,-0.12036659537346006,-3.3306690738754696e-16,0.28171991974610394,-0.6978241101001121,-0.6423286258854976,0.3261452861035667,0.4167395224310669,0.406,0.812,0.812,-0.0,correction_completion,PT_violation_g40,3,200,174,2200684398,raw_structured,,,,
PRE_SUBC,X2_k=-2,,,-2.0,pretrend,-0.11751783720208811,-1.3877787807814457e-16,0.2820909443863149,-0.7098744950970436,-0.6441933627969924,0.3350673275310944,0.418616941733829,0.444,0.888,0.888,-0.0,correction_completion,PT_violation_g40,3,200,174,2200684398,raw_structured,,,,
PRE_SUBC,X2_slope,,,,pretrend,0.05172548712887642,1.1696992580872185e-16,0.1205827818965224,-0.17799810431123533,-0.13977655118724308,0.27554587153805193,0.29906747575719056,0.37333333333333335,0.7466666666666667,0.7466666666666667,0.0,correction_completion,PT_violation_g40,3,200,174,2200684398,raw_structured,,,,
PRE,k=-4,,,-4.0,reference_fold_pretrend,-0.8760918166284773,-0.8730378316719776,0.20365841106711494,-1.2736886186586802,-1.2163822801660538,-0.547201577053392,-0.4804010666671435,0.0,0.0,0.0,-1.1999999999999997,correction_completion,PT_violation_g40,3,200,174,2200684398,reference_fold_convolution_rf,,,,
PRE,k=-3,,,-3.0,reference_fold_pretrend,-0.6968137423085353,-0.6986543784549417,0.20104018785575622,-1.0743774903546912,-1.0325104459635073,-0.36745080985715795,-0.2818059634039406,0.0,0.0,0.0,-0.7999999999999998,correction_completion,PT_violation_g40,3,200,174,2200684398,reference_fold_convolution_rf,,,,
PRE,k=-2,,,-2.0,reference_fold_pretrend,-0.3658641630671024,-0.360983681215439,0.18897221960714183,-0.7469361017913294,-0.6805552106297879,-0.06174916856380006,-0.007008942105101629,0.024,0.048,0.048,-0.3999999999999999,correction_completion,PT_violation_g40,3,200,174,2200684398,reference_fold_convolution_rf,,,,
PRE,slope,,,,reference_fold_pretrend,0.313411935540686,0.3133356167167145,0.07507804270150135,0.1714786765311754,0.1899815305792955,0.43854883254041976,0.457240773385733,0.0,0.0,0.0,0.3999999999999999,correction_completion,PT_violation_g40,3,200,174,2200684398,reference_fold_convolution_rf,,,,
PRE_SUB,X1=0_k=-4,,,-4.0,reference_fold_pretrend,-0.8707677165527642,-0.8668875057395277,0.21422327151400447,-1.3009747784062424,-1.2277524483094915,-0.5336165211347804,-0.4525683825033657,0.0,0.0,0.0,-1.1999999999999997,correction_completion,PT_violation_g40,3,200,174,2200684398,reference_fold_convolution_rf,,,,
PRE_SUB,X1=0_k=-3,,,-3.0,reference_fold_pretrend,-0.687615206555414,-0.6918540297758624,0.2101336345722852,-1.0901045851111824,-1.03010277020359,-0.33632465984726795,-0.2491418473692049,0.0,0.0,0.0,-0.7999999999999998,correction_completion,PT_violation_g40,3,200,174,2200684398,reference_fold_convolution_rf,,,,
PRE_SUB,X1=0_k=-2,,,-2.0,reference_fold_pretrend,-0.34254061743262015,-0.3376410508745307,0.1949819999525722,-0.7276342230604352,-0.6675823444308688,-0.023969496864488203,0.0,0.04066666666666666,0.08133333333333333,0.08133333333333333,-0.3999999999999999,correction_completion,PT_violation_g40,3,200,174,2200684398,reference_fold_convolution_rf,,,,
PRE_SUB,X1=1_k=-4,,,-4.0,reference_fold_pretrend,-0.8800389942708163,-0.8763750854150585,0.20871362642652524,-1.294203136002751,-1.2249762968653084,-0.5387883431837923,-0.4836453851121643,0.0,0.0,0.0,-1.1999999999999997,correction_completion,PT_violation_g40,3,200,174,2200684398,reference_fold_convolution_rf,,,,
PRE_SUB,X1=1_k=-3,,,-3.0,reference_fold_pretrend,-0.7036333464013667,-0.7031668480684834,0.20551864664899397,-1.0984476389241724,-1.0345192278585005,-0.3614836003732671,-0.2951581538460081,0.0,0.0,0.0,-0.7999999999999998,correction_completion,PT_violation_g40,3,200,174,2200684398,reference_fold_convolution_rf,,,,
PRE_SUB,X1=1_k=-2,,,-2.0,reference_fold_pretrend,-0.383155757244391,-0.38063929492692217,0.1960030402018812,-0.7803465155790051,-0.7112848117619663,-0.07180655859996171,-0.007631126948640876,0.024,0.048,0.048,-0.3999999999999999,correction_completion,PT_violation_g40,3,200,174,2200684398,reference_fold_convolution_rf,,,,
PRE_SUB,X2=low_k=-4,,,-4.0,reference_fold_pretrend,-0.8930861601082212,-0.8872776975992599,0.20930953737131883,-1.318399150387732,-1.249032381335755,-0.5632413283638722,-0.497989858636406,0.0,0.0,0.0,-1.2000000000000002,correction_completion,PT_violation_g40,3,200,174,2200684398,reference_fold_convolution_rf,,,,
PRE_SUB,X2=low_k=-3,,,-3.0,reference_fold_pretrend,-0.7120000499751235,-0.7119522335356477,0.20715816194247136,-1.1169870342077777,-1.041836982670705,-0.3747454073041181,-0.2888819943991077,0.0,0.0,0.0,-0.8,correction_completion,PT_violation_g40,3,200,174,2200684398,reference_fold_convolution_rf,,,,
PRE_SUB,X2=low_k=-2,,,-2.0,reference_fold_pretrend,-0.35664940127839617,-0.34721844634727195,0.19438916612956705,-0.7489589891149474,-0.6815023986281702,-0.04821162711960765,0.0,0.028,0.056,0.056,-0.4,correction_completion,PT_violation_g40,3,200,174,2200684398,reference_fold_convolution_rf,,,,
PRE_SUB,X2=high_k=-4,,,-4.0,reference_fold_pretrend,-0.8542404225762871,-0.8534869019805208,0.21369431955077464,-1.2800749744312057,-1.1987316883353,-0.49277436701755595,-0.4362526074797452,0.0,0.0,0.0,-1.2000000000000002,correction_completion,PT_violation_g40,3,200,174,2200684398,reference_fold_convolution_rf,,,,
PRE_SUB,X2=high_k=-3,,,-3.0,reference_fold_pretrend,-0.6781549770347143,-0.6811281532014197,0.20983412180403244,-1.0750806344513364,-1.0257933230680827,-0.3341030677404951,-0.25521895312174225,0.0,0.0,0.0,-0.8,correction_completion,PT_violation_g40,3,200,174,2200684398,reference_fold_convolution_rf,,,,
PRE_SUB,X2=high_k=-2,,,-2.0,reference_fold_pretrend,-0.3908309552073835,-0.39718063037854445,0.19882076682669128,-0.7777109915584863,-0.7220503708906201,-0.0680163384747429,-0.006110388672916607,0.024,0.048,0.048,-0.4,correction_completion,PT_violation_g40,3,200,174,2200684398,reference_fold_convolution_rf,,,,
PRE_SUBC,X1_k=-4,,,-4.0,reference_fold_pretrend,-0.009271277718052008,0.014158142802970175,0.11218022994404651,-0.32704271492722325,-0.2514429300238283,0.09981423173581934,0.1684230358698541,0.38133333333333336,0.7626666666666667,0.7626666666666667,-0.0,correction_completion,PT_violation_g40,3,200,174,2200684398,reference_fold_convolution_rf,,,,
PRE_SUBC,X1_k=-3,,,-3.0,reference_fold_pretrend,-0.016018139845952607,0.010679902208441283,0.10386364518888876,-0.34050464814446274,-0.25996160442679694,0.07427837929829796,0.09837365724789363,0.4013333333333333,0.8026666666666666,0.8026666666666666,-0.0,correction_completion,PT_violation_g40,3,200,174,2200684398,reference_fold_convolution_rf,,,,
PRE_SUBC,X1_k=-2,,,-2.0,reference_fold_pretrend,-0.04061513981177092,-0.016637829475219412,0.10186156139228024,-0.3568823018095711,-0.2796567553064336,0.044519111377404906,0.057761255164190506,0.3393333333333333,0.6786666666666666,0.6786666666666666,-0.0,correction_completion,PT_violation_g40,3,200,174,2200684398,reference_fold_convolution_rf,,,,
PRE_SUBC,X1_slope,,,,reference_fold_pretrend,0.00717608947555944,-0.0034974752078129443,0.04483985941827321,-0.052089932949654943,-0.0344558785768869,0.11012844972989976,0.14271091470294187,0.402,0.804,0.804,0.0,correction_completion,PT_violation_g40,3,200,174,2200684398,reference_fold_convolution_rf,,,,
PRE_SUBC,X2_k=-4,,,-4.0,reference_fold_pretrend,0.03884573753193408,0.043944878089182404,0.11120196535807753,-0.22754218275221297,-0.14224599450406167,0.21516916758784305,0.25788796163666344,0.32666666666666666,0.6533333333333333,0.6533333333333333,-0.0,correction_completion,PT_violation_g40,3,200,174,2200684398,reference_fold_convolution_rf,,,,
PRE_SUBC,X2_k=-3,,,-3.0,reference_fold_pretrend,0.033845072940409046,0.03697274210758844,0.10504067034510715,-0.20057828681273926,-0.14390270137656286,0.19714533119621838,0.23422270284763458,0.35133333333333333,0.7026666666666667,0.7026666666666667,-0.0,correction_completion,PT_violation_g40,3,200,174,2200684398,reference_fold_convolution_rf,,,,
PRE_SUBC,X2_k=-2,,,-2.0,reference_fold_pretrend,-0.03418155392898736,-0.03608588089905082,0.10158762023153363,-0.2395093399662099,-0.18929949991543885,0.11844126878821679,0.14655959656308787,0.3546666666666667,0.7093333333333334,0.7093333333333334,-0.0,correction_completion,PT_violation_g40,3,200,174,2200684398,reference_fold_convolution_rf,,,,
PRE_SUBC,X2_slope,,,,reference_fold_pretrend,-0.01071755746768807,-0.010706421225476971,0.04211920144933282,-0.09218270758570912,-0.07501293922674268,0.057120450027368624,0.08316841765578618,0.364,0.728,0.728,0.0,correction_completion,PT_violation_g40,3,200,174,2200684398,reference_fold_convolution_rf,,,,
PRE,k=-4,,,-4.0,pretrend,-0.038855195704404814,-0.022040667077820823,0.16536564740849347,-0.36889017667984425,-0.3147538835953281,0.22733584874045423,0.3001084452290797,0.464,0.928,0.928,0.02,correction_completion,PT_violation_het10,3,200,158,179023575,raw_structured,,,,
PRE,k=-3,,,-3.0,pretrend,-0.010813987563644753,0.0,0.15180482016642544,-0.331456668055466,-0.28024896899510665,0.24825766338847355,0.3087762174906132,0.5766666666666667,1.0,1.0,0.013333333333333334,correction_completion,PT_violation_het10,3,200,158,179023575,raw_structured,,,,
PRE,k=-2,,,-2.0,pretrend,0.057899903978926075,0.0,0.13473073876873012,-0.17863638956857555,-0.11773502861975073,0.31725791282077903,0.38799125405154244,0.5746666666666667,1.0,1.0,0.006666666666666667,correction_completion,PT_violation_het10,3,200,158,179023575,raw_structured,,,,
PRE,slope,,,,pretrend,0.005735261304398418,0.0,0.05870075030704516,-0.12439728645453789,-0.09024937892362933,0.10075860769817524,0.12111158293426995,0.5086666666666667,1.0,1.0,-0.006666666666666667,correction_completion,PT_violation_het10,3,200,158,179023575,raw_structured,,,,
PRE_SUB,X1=0_k=-4,,,-4.0,pretrend,-0.028434431600440863,-0.010662156889155585,0.17067205474683034,-0.3637656353044437,-0.3071180519965644,0.24532954980353064,0.3224318494113463,0.484,0.968,0.968,0.3,correction_completion,PT_violation_het10,3,200,158,179023575,raw_structured,,,,
PRE_SUB,X1=0_k=-3,,,-3.0,pretrend,9.30923333324382e-05,0.0,0.1583272366342703,-0.32902743934609424,-0.2681970311634113,0.2827687948744948,0.3499366173169819,0.5986666666666667,1.0,1.0,0.19999999999999998,correction_completion,PT_violation_het10,3,200,158,179023575,raw_structured,,,,
PRE_SUB,X1=0_k=-2,,,-2.0,pretrend,0.06592099821109032,0.0,0.14281184096702274,-0.17399416966299952,-0.1097121421952746,0.3355125825908681,0.4112532007560615,0.568,1.0,1.0,0.09999999999999999,correction_completion,PT_violation_het10,3,200,158,179023575,raw_structured,,,,
PRE_SUB,X1=1_k=-4,,,-4.0,pretrend,-0.0507646403946493,-0.030392169364367786,0.17468840941810457,-0.4032056075863055,-0.34610660080441513,0.22823650737937903,0.299654019607432,0.44266666666666665,0.8853333333333333,0.8853333333333333,-0.3,correction_completion,PT_violation_het10,3,200,158,179023575,raw_structured,,,,
PRE_SUB,X1=1_k=-3,,,-3.0,pretrend,-0.023279221731618695,0.0,0.15980754867958147,-0.3750239380898988,-0.30588937820000145,0.240249581963403,0.305676739681844,0.5606666666666666,1.0,1.0,-0.19999999999999998,correction_completion,PT_violation_het10,3,200,158,179023575,raw_structured,,,,
PRE_SUB,X1=1_k=-2,,,-2.0,pretrend,0.04873293914216691,0.0,0.13864080079043675,-0.20560820006501493,-0.15109510205619422,0.3125007770278206,0.3740949073123984,0.602,1.0,1.0,-0.09999999999999999,correction_completion,PT_violation_het10,3,200,158,179023575,raw_structured,,,,
PRE_SUB,X2=low_k=-4,,,-4.0,pretrend,-0.04457824799220625,-0.02297774887464185,0.17116075026957325,-0.39135572397373736,-0.3330396743612551,0.22589378178459082,0.29965401960743204,0.4593333333333333,0.9186666666666666,0.9186666666666666,-0.008571428571428572,correction_completion,PT_violation_het10,3,200,158,179023575,raw_structured,,,,
PRE_SUB,X2=low_k=-3,,,-3.0,pretrend,-0.015211855364048196,0.0,0.15501827468694612,-0.3521776423795212,-0.2879952420887431,0.2450758793124182,0.3056688653303949,0.5693333333333334,1.0,1.0,-0.005714285714285714,correction_completion,PT_violation_het10,3,200,158,179023575,raw_structured,,,,
PRE_SUB,X2=low_k=-2,,,-2.0,pretrend,0.056520177511902074,0.0,0.13506533113642738,-0.18126269219105687,-0.12685056285346202,0.31250077702782053,0.38027523593366347,0.5746666666666667,1.0,1.0,-0.002857142857142857,correction_completion,PT_violation_het10,3,200,158,179023575,raw_structured,,,,
PRE_SUB,X2=high_k=-4,,,-4.0,pretrend,-0.03272565917654564,-0.012487517171912977,0.16620604418513116,-0.3595398520062218,-0.3081214168159139,0.23731032943361846,0.30403569897286725,0.4766666666666667,0.9533333333333334,0.9533333333333334,0.1285714285714286,correction_completion,PT_violation_het10,3,200,158,179023575,raw_structured,,,,
PRE_SUB,X2=high_k=-3,,,-3.0,pretrend,-0.005259340796832148,0.0,0.15393952370217437,-0.33091994546214926,-0.27170855094113905,0.25729294439342754,0.3242405068432302,0.588,1.0,1.0,0.08571428571428573,correction_completion,PT_violation_het10,3,200,158,179023575,raw_structured,,,,
PRE_SUB,X2=high_k=-2,,,-2.0,pretrend,0.0609780695047689,0.0,0.13677980948930277,-0.1739941696629997,-0.1101711692535961,0.32904212444260933,0.3844996995407433,0.57,1.0,1.0,0.042857142857142864,correction_completion,PT_violation_het10,3,200,158,179023575,raw_structured,,,,
PRE_SUBC,X1_k=-4,,,-4.0,pretrend,-0.022330208794208436,0.0,0.09881926782838063,-0.4018794546370881,-0.25658555384623744,1.777050728790628e-15,0.021801628653551897,0.5226666666666666,1.0,1.0,-0.6,correction_completion,PT_violation_het10,3,200,158,179023575,raw_structured,,,,
PRE_SUBC,X1_k=-3,,,-3.0,pretrend,-0.023372314064951133,0.0,0.09492298730001549,-0.4018794546370881,-0.2521085429639301,8.881784197001252e-16,0.004915422195812093,0.558,1.0,1.0,-0.39999999999999997,correction_completion,PT_violation_het10,3,200,158,179023575,raw_structured,,,,
PRE_SUBC,X1_k=-2,,,-2.0,pretrend,-0.017188059068923418,0.0,0.08252450501696189,-0.3246053112391259,-0.08986720456296755,6.661338147750939e-16,1.2358170042858736e-15,0.6886666666666666,1.0,1.0,-0.19999999999999998,correction_completion,PT_violation_het10,3,200,158,179023575,raw_structured,,,,
PRE_SUBC,X1_slope,,,,pretrend,0.009351665255817928,0.0,0.03953637662101581,-0.007197752498024859,-6.214770761506622e-16,0.09973238675956925,0.15518911870381832,0.5053333333333333,1.0,1.0,0.19999999999999998,correction_completion,PT_violation_het10,3,200,158,179023575,raw_structured,,,,
PRE_SUBC,X2_k=-4,,,-4.0,pretrend,0.011852588815660606,0.0,0.06003723700746802,-0.030558683286436863,-1.2372047830666587e-15,0.09237458274528736,0.15691385116675183,0.52,1.0,1.0,0.13714285714285718,correction_completion,PT_violation_het10,3,200,158,179023575,raw_structured,,,,
PRE_SUBC,X2_k=-3,,,-3.0,pretrend,0.009952514567216048,0.0,0.05211755725201385,-0.009593362821113553,-9.648531973383002e-16,0.07676247226341279,0.11723231968332141,0.556,1.0,1.0,0.09142857142857144,correction_completion,PT_violation_het10,3,200,158,179023575,raw_structured,,,,
PRE_SUBC,X2_k=-2,,,-2.0,pretrend,0.004457891992866815,0.0,0.02795746716046788,-1.1393663790215668e-15,-7.216449660063518e-16,0.048250066128115235,0.09232529547114572,0.684,1.0,1.0,0.04571428571428572,correction_completion,PT_violation_het10,3,200,158,179023575,raw_structured,,,,
PRE_SUBC,X2_slope,,,,pretrend,-0.004280049112448623,0.0,0.020810532374916677,-0.054516324900364045,-0.03472200945562056,4.51325484921279e-16,0.009686336345104575,0.508,1.0,1.0,-0.04571428571428572,correction_completion,PT_violation_het10,3,200,158,179023575,raw_structured,,,,
PRE,k=-4,,,-4.0,reference_fold_pretrend,-0.1244182029483254,-0.11922642503090838,0.17096006433288963,-0.4643240307878119,-0.4070421575844876,0.14568531717643313,0.22221227418717196,0.23133333333333334,0.46266666666666667,0.46266666666666667,0.02,correction_completion,PT_violation_het10,3,200,158,179023575,reference_fold_convolution_rf,,,,
PRE,k=-3,,,-3.0,reference_fold_pretrend,-0.07640793468228889,-0.06815689888904908,0.15092629211497213,-0.3857818345714142,-0.34153206984696927,0.15672475462590735,0.19846537489766528,0.32133333333333336,0.6426666666666667,0.6426666666666667,0.013333333333333334,correction_completion,PT_violation_het10,3,200,158,179023575,reference_fold_convolution_rf,,,,
PRE,k=-2,,,-2.0,reference_fold_pretrend,0.0012459750689550683,0.0,0.1283014077547716,-0.255167104227946,-0.21592386334102515,0.21633376164547874,0.2619424922298605,0.562,1.0,1.0,0.006666666666666667,correction_completion,PT_violation_het10,3,200,158,179023575,reference_fold_convolution_rf,,,,
PRE,slope,,,,reference_fold_pretrend,0.03748746451004278,0.03381301183027462,0.059591749901013256,-0.07920573142700743,-0.058884665326066794,0.13838612491838334,0.15999539828328033,0.26266666666666666,0.5253333333333333,0.5253333333333333,-0.006666666666666667,correction_completion,PT_violation_het10,3,200,158,179023575,reference_fold_convolution_rf,,,,
PRE_SUB,X1=0_k=-4,,,-4.0,reference_fold_pretrend,-0.09870476717081313,-0.09472332097423403,0.1786565643212086,-0.44192392893933546,-0.3890655809023039,0.19393536387127694,0.2665353134426948,0.2826666666666667,0.5653333333333334,0.5653333333333334,0.3,correction_completion,PT_violation_het10,3,200,158,179023575,reference_fold_convolution_rf,,,,
PRE_SUB,X1=0_k=-3,,,-3.0,reference_fold_pretrend,-0.05398851815857425,-0.04667399811719802,0.1590508095438081,-0.3699625193427604,-0.31849098745071963,0.200300031953263,0.2539850395581237,0.37733333333333335,0.7546666666666667,0.7546666666666667,0.19999999999999998,correction_completion,PT_violation_het10,3,200,158,179023575,reference_fold_convolution_rf,,,,
PRE_SUB,X1=0_k=-2,,,-2.0,reference_fold_pretrend,0.01398849704626132,0.0,0.13773640217313213,-0.254549323406657,-0.21084674811693724,0.2432357485836152,0.32254641327706013,0.534,1.0,1.0,0.09999999999999999,correction_completion,PT_violation_het10,3,200,158,179023575,reference_fold_convolution_rf,,,,
PRE_SUB,X1=1_k=-4,,,-4.0,reference_fold_pretrend,-0.1538049866940537,-0.1487571387522903,0.1813902461080177,-0.5159975965744361,-0.4573782126236554,0.1266428086163366,0.18581089189049552,0.19466666666666665,0.3893333333333333,0.3893333333333333,-0.3,correction_completion,PT_violation_het10,3,200,158,179023575,reference_fold_convolution_rf,,,,
PRE_SUB,X1=1_k=-3,,,-3.0,reference_fold_pretrend,-0.10203012499510561,-0.08893465468875368,0.1626804384495869,-0.4622217859841761,-0.3813344698348372,0.14678086150063765,0.1890777696572994,0.282,0.564,0.564,-0.19999999999999998,correction_completion,PT_violation_het10,3,200,158,179023575,reference_fold_convolution_rf,,,,
PRE_SUB,X1=1_k=-2,,,-2.0,reference_fold_pretrend,-0.013316907190823509,0.0,0.13547350834972036,-0.30004456429525783,-0.24313694389383322,0.20013584771477072,0.2468940377352068,0.5553333333333333,1.0,1.0,-0.09999999999999999,correction_completion,PT_violation_het10,3,200,158,179023575,reference_fold_convolution_rf,,,,
PRE_SUB,X2=low_k=-4,,,-4.0,reference_fold_pretrend,-0.1279782389207643,-0.12404553022652208,0.17529869832910683,-0.48460836124331813,-0.42283867926989704,0.14028332974863708,0.21594289710095893,0.22666666666666666,0.4533333333333333,0.4533333333333333,-0.008571428571428572,correction_completion,PT_violation_het10,3,200,158,179023575,reference_fold_convolution_rf,,,,
PRE_SUB,X2=low_k=-3,,,-3.0,reference_fold_pretrend,-0.08215229119033372,-0.07016748459254621,0.15526310107678395,-0.41352817234788025,-0.35300711794338524,0.15119013926092276,0.19709310740583152,0.31266666666666665,0.6253333333333333,0.6253333333333333,-0.005714285714285714,correction_completion,PT_violation_het10,3,200,158,179023575,reference_fold_convolution_rf,,,,
PRE_SUB,X2=low_k=-2,,,-2.0,reference_fold_pretrend,-0.0034953584358382622,0.0,0.13180960828153823,-0.2719049927908712,-0.23024451048611008,0.2099014391335257,0.2594169780054084,0.5653333333333334,1.0,1.0,-0.002857142857142857,correction_completion,PT_violation_het10,3,200,158,179023575,reference_fold_convolution_rf,,,,
PRE_SUB,X2=high_k=-4,,,-4.0,reference_fold_pretrend,-0.10789973209430227,-0.10314836596541685,0.17292191439469679,-0.4464893056505371,-0.3871306375812344,0.16043505074973463,0.2496983438531592,0.25666666666666665,0.5133333333333333,0.5133333333333333,0.1285714285714286,correction_completion,PT_violation_het10,3,200,158,179023575,reference_fold_convolution_rf,,,,
PRE_SUB,X2=high_k=-3,,,-3.0,reference_fold_pretrend,-0.06684860215920617,-0.06024048056958062,0.15383202307183702,-0.3848708320672508,-0.32813689472997554,0.17308589873720107,0.21851364268188608,0.3353333333333333,0.6706666666666666,0.6706666666666666,0.08571428571428573,correction_completion,PT_violation_het10,3,200,158,179023575,reference_fold_convolution_rf,,,,
PRE_SUB,X2=high_k=-2,,,-2.0,reference_fold_pretrend,0.0011541570514732626,0.0,0.1301128872154666,-0.2635086661411995,-0.22374158022017346,0.21354102647344403,0.26796611375731477,0.562,1.0,1.0,0.042857142857142864,correction_completion,PT_violation_het10,3,200,158,179023575,reference_fold_convolution_rf,,,,
PRE_SUBC,X1_k=-4,,,-4.0,reference_fold_pretrend,-0.05510021952324056,-0.011278818985489984,0.11250254703279747,-0.3718404967980907,-0.3112608085828297,0.01926178058927642,0.029998020095366843,0.284,0.568,0.568,-0.6,correction_completion,PT_violation_het10,3,200,158,179023575,reference_fold_convolution_rf,,,,
PRE_SUBC,X1_k=-3,,,-3.0,reference_fold_pretrend,-0.04804160683653138,-0.003823030329527754,0.1109422759387649,-0.3694937908908987,-0.29951095878897815,0.021942514639873217,0.028494302353660836,0.42,0.84,0.84,-0.39999999999999997,correction_completion,PT_violation_het10,3,200,158,179023575,reference_fold_convolution_rf,,,,
PRE_SUBC,X1_k=-2,,,-2.0,reference_fold_pretrend,-0.02730540423708483,0.0,0.09447684472977841,-0.32456707827823267,-0.23523409838356568,0.02290436249496498,0.026998058601792028,0.508,1.0,1.0,-0.19999999999999998,correction_completion,PT_violation_het10,3,200,158,179023575,reference_fold_convolution_rf,,,,
PRE_SUBC,X1_slope,,,,reference_fold_pretrend,0.02062066260570495,0.002820809539371729,0.04540278817569029,-0.01115118038081214,-0.007643448059697865,0.11979979538433304,0.14900951248652405,0.3373333333333333,0.6746666666666666,0.6746666666666666,0.19999999999999998,correction_completion,PT_violation_het10,3,200,158,179023575,reference_fold_convolution_rf,,,,
PRE_SUBC,X2_k=-4,,,-4.0,reference_fold_pretrend,0.020078506826461992,0.006259231418947714,0.064027728574357,-0.03247808607201188,-0.01488776778949902,0.14947546428948724,0.23219407850091545,0.31333333333333335,0.6266666666666667,0.6266666666666667,0.13714285714285718,correction_completion,PT_violation_het10,3,200,158,179023575,reference_fold_convolution_rf,,,,
PRE_SUBC,X2_k=-3,,,-3.0,reference_fold_pretrend,0.015303689031127554,0.0013402914080862197,0.060914200162895386,-0.023202819832261273,-0.015869414802292085,0.1354992580398213,0.2200289012442685,0.4573333333333333,0.9146666666666666,0.9146666666666666,0.09142857142857144,correction_completion,PT_violation_het10,3,200,158,179023575,reference_fold_convolution_rf,,,,
PRE_SUBC,X2_k=-2,,,-2.0,reference_fold_pretrend,0.004649515487311523,-0.0006647185929538604,0.04162245266935903,-0.02241073228295296,-0.017046486919587805,0.05929443307471857,0.12645520607559493,0.4713333333333333,0.9426666666666667,0.9426666666666667,0.04571428571428572,correction_completion,PT_violation_het10,3,200,158,179023575,reference_fold_convolution_rf,,,,
PRE_SUBC,X2_slope,,,,reference_fold_pretrend,-0.0068208867163537575,-0.001399651417246875,0.024189428363618867,-0.08937723135097651,-0.05442823417748086,0.006204236628703564,0.011497754416642386,0.36733333333333335,0.7346666666666667,0.7346666666666667,-0.04571428571428572,correction_completion,PT_violation_het10,3,200,158,179023575,reference_fold_convolution_rf,,,,
PRE,k=-4,,,-4.0,pretrend,-0.06329128249263986,-0.0609859174743636,0.17998228092578558,-0.4182080002924102,-0.3463642953840512,0.2336697066278056,0.30097390323586043,0.364,0.728,0.728,0.10303030303030306,correction_completion,PT_violation_het20,3,200,142,526902303,raw_structured,,,,
PRE,k=-3,,,-3.0,pretrend,-0.20611293624352892,-0.1995172191800887,0.18068352152198464,-0.584336127283971,-0.5207108029728276,0.0708268409977604,0.11417263096531174,0.168,0.336,0.336,0.0686868686868687,correction_completion,PT_violation_het20,3,200,142,526902303,raw_structured,,,,
PRE,k=-2,,,-2.0,pretrend,-0.0030197856584000603,0.0,0.1290042595978065,-0.30142615452224036,-0.2436796872653923,0.22411522340432888,0.28180645535648213,0.7146666666666667,1.0,1.0,0.03434343434343435,correction_completion,PT_violation_het20,3,200,142,526902303,raw_structured,,,,
PRE,slope,,,,pretrend,0.04322282183024125,0.04240190205384073,0.06198377474294816,-0.07768887616040855,-0.05833492043250273,0.14624870019733355,0.16779168606434075,0.26,0.52,0.52,-0.03434343434343435,correction_completion,PT_violation_het20,3,200,142,526902303,raw_structured,,,,
PRE_SUB,X1=0_k=-4,,,-4.0,pretrend,0.0031793810966771713,0.0,0.2072469889189016,-0.3938160282756541,-0.3235629574225431,0.3532149893743846,0.41865782123540873,0.5113333333333333,1.0,1.0,0.5999999999999999,correction_completion,PT_violation_het20,3,200,142,526902303,raw_structured,,,,
PRE_SUB,X1=0_k=-3,,,-3.0,pretrend,-0.14159939001622907,-0.1398063380479871,0.20540426288845828,-0.5375287883920137,-0.4914701854491934,0.18643414400567054,0.25965335405899115,0.30133333333333334,0.6026666666666667,0.6026666666666667,0.3999999999999999,correction_completion,PT_violation_het20,3,200,142,526902303,raw_structured,,,,
PRE_SUB,X1=0_k=-2,,,-2.0,pretrend,0.011854498896985366,0.0,0.14015340548212857,-0.28170156112899314,-0.22440164936937967,0.26747176050155497,0.34935759198742633,0.708,1.0,1.0,0.19999999999999996,correction_completion,PT_violation_het20,3,200,142,526902303,raw_structured,,,,
PRE_SUB,X1=1_k=-4,,,-4.0,pretrend,-0.15732295293606394,-0.13618004710412335,0.2331830409428338,-0.614921955688943,-0.5337103176139646,0.2031501331224079,0.265053433271631,0.272,0.544,0.544,-0.6,correction_completion,PT_violation_het20,3,200,142,526902303,raw_structured,,,,
PRE_SUB,X1=1_k=-3,,,-3.0,pretrend,-0.29737600163824573,-0.2766395331894379,0.23362817247954362,-0.7957105038991877,-0.7076930404907616,0.0229299710694165,0.07830118774305563,0.13466666666666666,0.2693333333333333,0.2693333333333333,-0.39999999999999997,correction_completion,PT_violation_het20,3,200,142,526902303,raw_structured,,,,
PRE_SUB,X1=1_k=-2,,,-2.0,pretrend,-0.02406145649284774,0.0,0.1483127561546715,-0.3838847964777334,-0.3157499059934786,0.20842722791416254,0.26938388455300494,0.6833333333333333,1.0,1.0,-0.19999999999999998,correction_completion,PT_violation_het20,3,200,142,526902303,raw_structured,,,,
PRE_SUB,X2=low_k=-4,,,-4.0,pretrend,-0.07169648552654487,-0.06858019643801727,0.18223142949005955,-0.43642911733323053,-0.3604829418321664,0.2307755794155774,0.2948159978855881,0.3566666666666667,0.7133333333333334,0.7133333333333334,0.05454545454545454,correction_completion,PT_violation_het20,3,200,142,526902303,raw_structured,,,,
PRE_SUB,X2=low_k=-3,,,-3.0,pretrend,-0.21489607208343758,-0.2090549102483794,0.18260785397095963,-0.6071199514172269,-0.5333891850245063,0.06298366191058247,0.103214620507628,0.16266666666666665,0.3253333333333333,0.3253333333333333,0.03636363636363636,correction_completion,PT_violation_het20,3,200,142,526902303,raw_structured,,,,
PRE_SUB,X2=low_k=-2,,,-2.0,pretrend,-0.005892051332809866,0.0,0.1307934683641269,-0.3098653671123326,-0.24816996832196758,0.22368909728517142,0.28091792432226836,0.7106666666666667,1.0,1.0,0.01818181818181818,correction_completion,PT_violation_het20,3,200,142,526902303,raw_structured,,,,
PRE_SUB,X2=high_k=-4,,,-4.0,pretrend,-0.044923887090145956,-0.041107917544915475,0.18296831615445144,-0.3989346486668196,-0.3336972834866179,0.2657916338232564,0.32475010250362146,0.4086666666666667,0.8173333333333334,0.8173333333333334,0.23636363636363644,correction_completion,PT_violation_het20,3,200,142,526902303,raw_structured,,,,
PRE_SUB,X2=high_k=-3,,,-3.0,pretrend,-0.1873596924959498,-0.18371283012703377,0.18284965874328918,-0.561160726298856,-0.5017573042678977,0.09282913523570546,0.1573187894317079,0.18866666666666668,0.37733333333333335,0.37733333333333335,0.15757575757575762,correction_completion,PT_violation_het20,3,200,142,526902303,raw_structured,,,,
PRE_SUB,X2=high_k=-2,,,-2.0,pretrend,0.0016361120851751565,0.0,0.13038255390235381,-0.292081873034481,-0.23617150159988248,0.23887569279658036,0.3024456965635289,0.7213333333333334,1.0,1.0,0.07878787878787881,correction_completion,PT_violation_het20,3,200,142,526902303,raw_structured,,,,
PRE_SUBC,X1_k=-4,,,-4.0,pretrend,-0.16050233403274114,-3.885780586188048e-16,0.2510214384822096,-0.73407195535157,-0.6569491107323774,1.2753686995381467e-15,0.0016308793314341332,0.346,0.692,0.692,-1.1999999999999997,correction_completion,PT_violation_het20,3,200,142,526902303,raw_structured,,,,
PRE_SUBC,X1_k=-3,,,-3.0,pretrend,-0.15577661162201664,-3.122502256758253e-16,0.24594299419402582,-0.7300193831376357,-0.6542514249249641,1.02834407655905e-15,1.8741952434453386e-15,0.388,0.776,0.776,-0.7999999999999998,correction_completion,PT_violation_het20,3,200,142,526902303,raw_structured,,,,
PRE_SUBC,X1_k=-2,,,-2.0,pretrend,-0.0359159553898331,0.0,0.1280067485003405,-0.5430711202763072,-0.371344805676492,6.872974411820107e-16,1.1591422266477006e-15,0.6953333333333334,1.0,1.0,-0.3999999999999999,correction_completion,PT_violation_het20,3,200,142,526902303,raw_structured,,,,
PRE_SUBC,X1_slope,,,,pretrend,0.05921258433800641,1.2663481374630692e-16,0.09284217934263732,-0.00038772694149318346,-4.0917170445504373e-16,0.247496376756991,0.2764985236454727,0.348,0.696,0.696,0.3999999999999999,correction_completion,PT_violation_het20,3,200,142,526902303,raw_structured,,,,
PRE_SUBC,X2_k=-4,,,-4.0,pretrend,0.026772598436398905,2.498001805406602e-16,0.05780825670968556,-0.0009592727572469936,-8.062994716340199e-16,0.10877039958884342,0.1360676639124011,0.37266666666666665,0.7453333333333333,0.7453333333333333,0.18181818181818188,correction_completion,PT_violation_het20,3,200,142,526902303,raw_structured,,,,
PRE_SUBC,X2_k=-3,,,-3.0,pretrend,0.027536379587487753,2.0469737016526324e-16,0.053695408756109,-1.1657341758564144e-15,-7.08461067588928e-16,0.10856262679756043,0.13459635700873962,0.3933333333333333,0.7866666666666666,0.7866666666666666,0.12121212121212126,correction_completion,PT_violation_het20,3,200,142,526902303,raw_structured,,,,
PRE_SUBC,X2_k=-2,,,-2.0,pretrend,0.0075281634179850225,0.0,0.0338754858560216,-6.938893903907228e-16,-4.718447854656915e-16,0.06368565808820453,0.09020103377958165,0.7013333333333334,1.0,1.0,0.06060606060606063,correction_completion,PT_violation_het20,3,200,142,526902303,raw_structured,,,,
PRE_SUBC,X2_slope,,,,pretrend,-0.010208479850154089,-7.88060093372321e-17,0.02118761998394451,-0.0490554229934447,-0.040301257766756,2.7765488321205913e-16,0.0004300361404571345,0.3566666666666667,0.7133333333333334,0.7133333333333334,-0.06060606060606063,correction_completion,PT_violation_het20,3,200,142,526902303,raw_structured,,,,
PRE,k=-4,,,-4.0,reference_fold_pretrend,-0.17312740790636763,-0.17216403768343658,0.1658428855485145,-0.5033537510164254,-0.4532117353429127,0.09221006968156446,0.14250159692613765,0.156,0.312,0.312,0.10303030303030306,correction_completion,PT_violation_het20,3,200,142,526902303,reference_fold_convolution_rf,,,,
PRE,k=-3,,,-3.0,reference_fold_pretrend,-0.2569980861826443,-0.25148224549882736,0.15359087985452757,-0.5706360806475739,-0.5099275259730631,-0.006537568485946133,0.025845916050989542,0.046,0.092,0.092,0.0686868686868687,correction_completion,PT_violation_het20,3,200,142,526902303,reference_fold_convolution_rf,,,,
PRE,k=-2,,,-2.0,reference_fold_pretrend,-0.045935704995468146,-0.02195970573151833,0.12898308847946258,-0.32717135283282733,-0.2626298380522224,0.15017917209237755,0.18749107892008413,0.442,0.884,0.884,0.03434343434343435,correction_completion,PT_violation_het20,3,200,142,526902303,reference_fold_convolution_rf,,,,
PRE,slope,,,,reference_fold_pretrend,0.0770938643628471,0.073671407289404,0.05804578055853699,-0.033226211129687565,-0.015316697265717636,0.17550830384932867,0.1933369379105434,0.08133333333333333,0.16266666666666665,0.16266666666666665,-0.03434343434343435,correction_completion,PT_violation_het20,3,200,142,526902303,reference_fold_convolution_rf,,,,
PRE_SUB,X1=0_k=-4,,,-4.0,reference_fold_pretrend,-0.13247038022921004,-0.12968363820543677,0.1730064563457773,-0.48158628785781804,-0.42676329739954993,0.14955688116562707,0.20763250777672648,0.214,0.428,0.428,0.5999999999999999,correction_completion,PT_violation_het20,3,200,142,526902303,reference_fold_convolution_rf,,,,
PRE_SUB,X1=0_k=-3,,,-3.0,reference_fold_pretrend,-0.21054319206444916,-0.20977564381218583,0.1597422837119285,-0.5318338521944714,-0.47898929739577467,0.039676842208634364,0.09380076414020705,0.09266666666666666,0.18533333333333332,0.18533333333333332,0.3999999999999999,correction_completion,PT_violation_het20,3,200,142,526902303,reference_fold_convolution_rf,,,,
PRE_SUB,X1=0_k=-2,,,-2.0,reference_fold_pretrend,-0.03245681041882937,-0.006046165588032632,0.1344662986862741,-0.32622363713469854,-0.25921917837016595,0.17165613486161502,0.2266842702000007,0.4886666666666667,0.9773333333333334,0.9773333333333334,0.19999999999999996,correction_completion,PT_violation_het20,3,200,142,526902303,reference_fold_convolution_rf,,,,
PRE_SUB,X1=1_k=-4,,,-4.0,reference_fold_pretrend,-0.23064222754722466,-0.21596473596400728,0.19464856886576795,-0.6342455442810654,-0.5450152067308226,0.07661872292365322,0.11604373817073461,0.112,0.224,0.224,-0.6,correction_completion,PT_violation_het20,3,200,142,526902303,reference_fold_convolution_rf,,,,
PRE_SUB,X1=1_k=-3,,,-3.0,reference_fold_pretrend,-0.3227147656669202,-0.31271590932862214,0.18319968168925044,-0.7017529568622103,-0.6418262878818031,-0.03477485404956249,0.0,0.028666666666666667,0.05733333333333333,0.05733333333333333,-0.39999999999999997,correction_completion,PT_violation_het20,3,200,142,526902303,reference_fold_convolution_rf,,,,
PRE_SUB,X1=1_k=-2,,,-2.0,reference_fold_pretrend,-0.06500340951851812,-0.0382748574488173,0.145621524433272,-0.39980491198213924,-0.32945363282329476,0.14157987302540448,0.1954307309785082,0.4126666666666667,0.8253333333333334,0.8253333333333334,-0.19999999999999998,correction_completion,PT_violation_het20,3,200,142,526902303,reference_fold_convolution_rf,,,,
PRE_SUB,X2=low_k=-4,,,-4.0,reference_fold_pretrend,-0.17790701476342546,-0.1753957465983071,0.16613651166345098,-0.5169347753948423,-0.4581274621797985,0.09292682549840663,0.13313326597389916,0.14533333333333334,0.2906666666666667,0.2906666666666667,0.05454545454545454,correction_completion,PT_violation_het20,3,200,142,526902303,reference_fold_convolution_rf,,,,
PRE_SUB,X2=low_k=-3,,,-3.0,reference_fold_pretrend,-0.25043622629703993,-0.24454072332433469,0.15371053216330363,-0.5688375531663458,-0.5060407530917921,0.0,0.028123347676160003,0.051333333333333335,0.10266666666666667,0.10266666666666667,0.03636363636363636,correction_completion,PT_violation_het20,3,200,142,526902303,reference_fold_convolution_rf,,,,
PRE_SUB,X2=low_k=-2,,,-2.0,reference_fold_pretrend,-0.05427522737242579,-0.02846067909789981,0.13056898509364817,-0.34512322978108234,-0.28320988159182764,0.13932470230244365,0.1730596645841191,0.428,0.856,0.856,0.01818181818181818,correction_completion,PT_violation_het20,3,200,142,526902303,reference_fold_convolution_rf,,,,
PRE_SUB,X2=high_k=-4,,,-4.0,reference_fold_pretrend,-0.16035022633444979,-0.15833695746970777,0.1660406614367021,-0.49984053225609826,-0.4447937388779195,0.10775596585387522,0.16047648679101187,0.164,0.328,0.328,0.23636363636363644,correction_completion,PT_violation_het20,3,200,142,526902303,reference_fold_convolution_rf,,,,
PRE_SUB,X2=high_k=-3,,,-3.0,reference_fold_pretrend,-0.23992252935905087,-0.23416073007298488,0.1533306223990367,-0.5449786676907789,-0.4976129384299124,0.003471257707458987,0.0442863645421614,0.059333333333333335,0.11866666666666667,0.11866666666666667,0.15757575757575762,correction_completion,PT_violation_het20,3,200,142,526902303,reference_fold_convolution_rf,,,,
PRE_SUB,X2=high_k=-2,,,-2.0,reference_fold_pretrend,-0.04343409189149592,-0.019408530875962508,0.12967185925732813,-0.32802386604710504,-0.26549404170721635,0.15423858838742577,0.1946331265413661,0.452,0.904,0.904,0.07878787878787881,correction_completion,PT_violation_het20,3,200,142,526902303,reference_fold_convolution_rf,,,,
PRE_SUBC,X1_k=-4,,,-4.0,reference_fold_pretrend,-0.09817184731801464,-0.03970677245901175,0.1535772549700473,-0.47050452577400936,-0.4053907656871353,0.061536322192773316,0.07720672777481968,0.2886666666666667,0.5773333333333334,0.5773333333333334,-1.1999999999999997,correction_completion,PT_violation_het20,3,200,142,526902303,reference_fold_convolution_rf,,,,
PRE_SUBC,X1_k=-3,,,-3.0,reference_fold_pretrend,-0.11217157360247101,-0.05441672010511785,0.1472249037455444,-0.4780233712847903,-0.4081401061730397,0.03352293399838683,0.04894984113653006,0.16666666666666666,0.3333333333333333,0.3333333333333333,-0.7999999999999998,correction_completion,PT_violation_het20,3,200,142,526902303,reference_fold_convolution_rf,,,,
PRE_SUBC,X1_k=-2,,,-2.0,reference_fold_pretrend,-0.03254659909968873,0.0,0.10623959361471819,-0.33705096271377477,-0.280646545690496,0.06539839841754061,0.07947392168789119,0.554,1.0,1.0,-0.3999999999999999,correction_completion,PT_violation_het20,3,200,142,526902303,reference_fold_convolution_rf,,,,
PRE_SUBC,X1_slope,,,,reference_fold_pretrend,0.03938609201847676,0.016464786548800077,0.058566543474453,-0.02394312630222021,-0.018931460640457004,0.15343805409443126,0.1874917933463972,0.23933333333333334,0.4786666666666667,0.4786666666666667,0.3999999999999999,correction_completion,PT_violation_het20,3,200,142,526902303,reference_fold_convolution_rf,,,,
PRE_SUBC,X2_k=-4,,,-4.0,reference_fold_pretrend,0.017556788428975664,0.006776498622003642,0.04068287314091676,-0.02530055495592503,-0.018310929859099472,0.08381338665948236,0.10640128019887134,0.356,0.712,0.712,0.18181818181818188,correction_completion,PT_violation_het20,3,200,142,526902303,reference_fold_convolution_rf,,,,
PRE_SUBC,X2_k=-3,,,-3.0,reference_fold_pretrend,0.010513696937989033,-0.00031704217266577406,0.038222874006463285,-0.026952013601696186,-0.021519558327240344,0.07357924222923538,0.09607664357675402,0.49466666666666664,0.9893333333333333,0.9893333333333333,0.12121212121212126,correction_completion,PT_violation_het20,3,200,142,526902303,reference_fold_convolution_rf,,,,
PRE_SUBC,X2_k=-2,,,-2.0,reference_fold_pretrend,0.010841135480929864,0.0035089524389035655,0.025047488679133013,-0.013158729181133788,-0.008664985080854308,0.06618456192187314,0.07890068046546234,0.37,0.74,0.74,0.06060606060606063,correction_completion,PT_violation_het20,3,200,142,526902303,reference_fold_convolution_rf,,,,
PRE_SUBC,X2_slope,,,,reference_fold_pretrend,-0.006038492474559637,-0.0016233098298865949,0.014937827283176322,-0.03932254300530076,-0.031291554913363794,0.006830768579683696,0.008762296055402791,0.398,0.796,0.796,-0.06060606060606063,correction_completion,PT_violation_het20,3,200,142,526902303,reference_fold_convolution_rf,,,,
PRE,k=-4,,,-4.0,pretrend,0.040721809069235664,0.03897042889570777,0.19188544094749543,-0.337566326815864,-0.27350942063634326,0.3568783513203746,0.403424815183257,0.4166666666666667,0.8333333333333334,0.8333333333333334,0.2693877551020408,correction_completion,PT_violation_het40,3,200,126,3944652315,raw_structured,,,,
PRE,k=-3,,,-3.0,pretrend,-0.08282832080429577,-0.08318787454501722,0.18054704051778425,-0.440199615087402,-0.37971198130746997,0.2051063240779434,0.2679518390714183,0.32466666666666666,0.6493333333333333,0.6493333333333333,0.17959183673469387,correction_completion,PT_violation_het40,3,200,126,3944652315,raw_structured,,,,
PRE,k=-2,,,-2.0,pretrend,-0.12243565976587535,-0.12174293711755096,0.1807857019235309,-0.46632252621572584,-0.4160968940709501,0.17047429447041357,0.22165088494825022,0.266,0.532,0.532,0.08979591836734693,correction_completion,PT_violation_het40,3,200,126,3944652315,raw_structured,,,,
PRE,slope,,,,pretrend,0.011851919583339992,0.01247874039009584,0.06890885404169327,-0.12070507965203824,-0.10323725738663805,0.12897247305349446,0.15129951164891653,0.428,0.856,0.856,-0.08979591836734693,correction_completion,PT_violation_het40,3,200,126,3944652315,raw_structured,,,,
PRE_SUB,X1=0_k=-4,,,-4.0,pretrend,0.6407602930718908,0.6357126392659043,0.2449901925901023,0.1719552800611903,0.24568730536841174,1.048617739333091,1.1337453213738324,0.005333333333333333,0.010666666666666666,0.010666666666666666,1.1999999999999995,correction_completion,PT_violation_het40,3,200,126,3944652315,raw_structured,,,,
PRE_SUB,X1=0_k=-3,,,-3.0,pretrend,0.4579988833917388,0.4644976578038965,0.22629145536200532,0.0,0.07157899863905999,0.8316110242470444,0.9031004276264196,0.029333333333333333,0.058666666666666666,0.058666666666666666,0.7999999999999997,correction_completion,PT_violation_het40,3,200,126,3944652315,raw_structured,,,,
PRE_SUB,X1=0_k=-2,,,-2.0,pretrend,0.27197352213822845,0.2723020008231487,0.2148015290793022,-0.1261031388729516,-0.05537694878989707,0.6230883698841827,0.6813520532957031,0.13666666666666666,0.2733333333333333,0.2733333333333333,0.39999999999999986,correction_completion,PT_violation_het40,3,200,126,3944652315,raw_structured,,,,
PRE_SUB,X1=1_k=-4,,,-4.0,pretrend,-0.9067073761981146,-0.8980429849146072,0.2697231413711775,-1.4658459423054364,-1.3465217145391024,-0.4880746613311799,-0.42368177355116793,0.0013333333333333333,0.0026666666666666666,0.0026666666666666666,-1.2000000000000002,correction_completion,PT_violation_het40,3,200,126,3944652315,raw_structured,,,,
PRE_SUB,X1=1_k=-3,,,-3.0,pretrend,-0.9367660116401396,-0.9333598374318333,0.25902442457740277,-1.442538269582852,-1.3674606475429787,-0.513190032664308,-0.4623301942947309,0.0,0.0,0.0,-0.8000000000000002,correction_completion,PT_violation_het40,3,200,126,3944652315,raw_structured,,,,
PRE_SUB,X1=1_k=-2,,,-2.0,pretrend,-0.7451869996144602,-0.7337270415119228,0.24715653499696416,-1.2212100246144015,-1.1364805114087946,-0.3499157050298936,-0.2856722264116403,0.0013333333333333333,0.0026666666666666666,0.0026666666666666666,-0.4000000000000001,correction_completion,PT_violation_het40,3,200,126,3944652315,raw_structured,,,,
PRE_SUB,X2=low_k=-4,,,-4.0,pretrend,-0.013061376294750607,-0.011623251851050809,0.19247604432806575,-0.3923420046268376,-0.33083683619509646,0.3018531243584815,0.35510629061065685,0.4666666666666667,0.9333333333333333,0.9333333333333333,0.18181818181818182,correction_completion,PT_violation_het40,3,200,126,3944652315,raw_structured,,,,
PRE_SUB,X2=low_k=-3,,,-3.0,pretrend,-0.13235085701278812,-0.13532893625788406,0.18090835830520835,-0.4842178732681468,-0.4301566177579779,0.1576681370384621,0.22141436507056997,0.23666666666666666,0.47333333333333333,0.47333333333333333,0.12121212121212122,correction_completion,PT_violation_het40,3,200,126,3944652315,raw_structured,,,,
PRE_SUB,X2=low_k=-2,,,-2.0,pretrend,-0.15801580458110726,-0.15786185308793077,0.18213530170352782,-0.5059768190932991,-0.44929182890841185,0.13440333838899848,0.19924734645844583,0.21533333333333332,0.43066666666666664,0.43066666666666664,0.06060606060606061,correction_completion,PT_violation_het40,3,200,126,3944652315,raw_structured,,,,
PRE_SUB,X2=high_k=-4,,,-4.0,pretrend,-0.021493351169576694,-0.01712117029814806,0.19350962839250727,-0.4012032373416148,-0.3388553430555414,0.296262912686942,0.3506469095612423,0.4533333333333333,0.9066666666666666,0.9066666666666666,0.18181818181818182,correction_completion,PT_violation_het40,3,200,126,3944652315,raw_structured,,,,
PRE_SUB,X2=high_k=-3,,,-3.0,pretrend,-0.13746037468456188,-0.13978812119809061,0.18189984895490657,-0.4914618843707236,-0.437481343833752,0.15801347042599542,0.22202426731114938,0.23066666666666666,0.4613333333333333,0.4613333333333333,0.12121212121212122,correction_completion,PT_violation_het40,3,200,126,3944652315,raw_structured,,,,
PRE_SUB,X2=high_k=-2,,,-2.0,pretrend,-0.16303344711703346,-0.16123996192688295,0.18108672799656436,-0.5165433883163001,-0.45450996546528893,0.12972541837460919,0.17583165709329335,0.20466666666666666,0.4093333333333333,0.4093333333333333,0.06060606060606061,correction_completion,PT_violation_het40,3,200,126,3944652315,raw_structured,,,,
PRE_SUBC,X1_k=-4,,,-4.0,pretrend,-1.5474676692700053,-1.541350907570017,0.3442652879100187,-2.2316683828776847,-2.090935451873822,-0.995703328616092,-0.9029779823554747,0.0,0.0,0.0,-2.4,correction_completion,PT_violation_het40,3,200,126,3944652315,raw_structured,,,,
PRE_SUBC,X1_k=-3,,,-3.0,pretrend,-1.3947648950318783,-1.3985960718271842,0.3230168414645262,-2.0068938639611607,-1.9104696009037225,-0.8735823454392234,-0.7921930367004287,0.0,0.0,0.0,-1.5999999999999999,correction_completion,PT_violation_het40,3,200,126,3944652315,raw_structured,,,,
PRE_SUBC,X1_k=-2,,,-2.0,pretrend,-1.017160521752689,-1.0103780079266667,0.28477056744248075,-1.586872499070334,-1.4836274150752684,-0.5765687561160104,-0.47276633366250337,0.0006666666666666666,0.0013333333333333333,0.0013333333333333333,-0.7999999999999999,correction_completion,PT_violation_het40,3,200,126,3944652315,raw_structured,,,,
PRE_SUBC,X1_slope,,,,pretrend,0.6035066656876044,0.6024820777890325,0.11825252960922004,0.3730836510201285,0.40899000050511747,0.7909124802091814,0.8408512195980232,0.0,0.0,0.0,0.7999999999999999,correction_completion,PT_violation_het40,3,200,126,3944652315,raw_structured,,,,
PRE_SUBC,X2_k=-4,,,-4.0,pretrend,-0.008431974874826085,-3.642919299551295e-17,0.05198478467901771,-0.12803079533588718,-0.06742252154004101,1.197306143119192e-15,0.014599454695368478,0.4826666666666667,0.9653333333333334,0.9653333333333334,-0.0,correction_completion,PT_violation_het40,3,200,126,3944652315,raw_structured,,,,
PRE_SUBC,X2_k=-3,,,-3.0,pretrend,-0.005109517671773746,0.0,0.04354999790741646,-0.08309305191582436,-0.035958819390063713,1.1102230246251565e-15,0.009189982511010587,0.5113333333333333,1.0,1.0,-0.0,correction_completion,PT_violation_het40,3,200,126,3944652315,raw_structured,,,,
PRE_SUBC,X2_k=-2,,,-2.0,pretrend,-0.005017642535926215,0.0,0.041351058272491435,-0.07844598451555267,-0.0167302228628811,9.305056725139587e-16,2.0494023145189866e-15,0.514,1.0,1.0,-0.0,correction_completion,PT_violation_het40,3,200,126,3944652315,raw_structured,,,,
PRE_SUBC,X2_slope,,,,pretrend,0.002895185893139426,8.425799740458778e-18,0.019273137718871024,-0.006256909155158039,-4.703578796291399e-16,0.023507016268411722,0.04238898175837565,0.47933333333333333,0.9586666666666667,0.9586666666666667,0.0,correction_completion,PT_violation_het40,3,200,126,3944652315,raw_structured,,,,
PRE,k=-4,,,-4.0,reference_fold_pretrend,-0.04207381876554215,-0.051595106771352504,0.18426536208994157,-0.3725237035593715,-0.3230088329999053,0.266717556283599,0.32987198760222186,0.396,0.792,0.792,0.2693877551020408,correction_completion,PT_violation_het40,3,200,126,3944652315,reference_fold_convolution_rf,,,,
PRE,k=-3,,,-3.0,reference_fold_pretrend,-0.13204759976385852,-0.1356095586250421,0.1662345637635952,-0.44285766943449256,-0.3950108914444751,0.1447222711143885,0.21217094458039912,0.206,0.412,0.412,0.17959183673469387,correction_completion,PT_violation_het40,3,200,126,3944652315,reference_fold_convolution_rf,,,,
PRE,k=-2,,,-2.0,reference_fold_pretrend,-0.18426406242045043,-0.1893515354755997,0.16038817138105327,-0.4856062702658674,-0.4328784183503559,0.09553665464121053,0.13682174785352844,0.12733333333333333,0.25466666666666665,0.25466666666666665,0.08979591836734693,correction_completion,PT_violation_het40,3,200,126,3944652315,reference_fold_convolution_rf,,,,
PRE,slope,,,,reference_fold_pretrend,0.04104147987462814,0.04431127117703601,0.06672582408087334,-0.09298369115845907,-0.07137900869550208,0.14565315281240798,0.167085303966286,0.2613333333333333,0.5226666666666666,0.5226666666666666,-0.08979591836734693,correction_completion,PT_violation_het40,3,200,126,3944652315,reference_fold_convolution_rf,,,,
PRE_SUB,X1=0_k=-4,,,-4.0,reference_fold_pretrend,0.43859458838792187,0.4331856423512831,0.22411463064735349,0.01473104204358985,0.07896872125355164,0.8118143203576311,0.8849546593496458,0.02266666666666667,0.04533333333333334,0.04533333333333334,1.1999999999999995,correction_completion,PT_violation_het40,3,200,126,3944652315,reference_fold_convolution_rf,,,,
PRE_SUB,X1=0_k=-3,,,-3.0,reference_fold_pretrend,0.32558512854869043,0.32719567445010767,0.20712247120044086,-0.08082979904239901,-0.01704433138236559,0.6624287836269672,0.7156173900073175,0.058,0.116,0.116,0.7999999999999997,correction_completion,PT_violation_het40,3,200,126,3944652315,reference_fold_convolution_rf,,,,
PRE_SUB,X1=0_k=-2,,,-2.0,reference_fold_pretrend,0.16926486341039632,0.1624951774164793,0.19595468582779735,-0.19153269270569204,-0.13440854576825007,0.4863457936607554,0.5410354073988657,0.216,0.432,0.432,0.39999999999999986,correction_completion,PT_violation_het40,3,200,126,3944652315,reference_fold_convolution_rf,,,,
PRE_SUB,X1=1_k=-4,,,-4.0,reference_fold_pretrend,-0.8010239353236432,-0.8074944440182951,0.2635505351657612,-1.2951591695804852,-1.234118749728116,-0.3501824113511397,-0.2633099734002637,0.0006666666666666666,0.0013333333333333333,0.0013333333333333333,-1.2000000000000002,correction_completion,PT_violation_het40,3,200,126,3944652315,reference_fold_convolution_rf,,,,
PRE_SUB,X1=1_k=-3,,,-3.0,reference_fold_pretrend,-0.8546255918363043,-0.863880371137365,0.24047435386838764,-1.2843772538469769,-1.2307383649626153,-0.4583848767846812,-0.37017347200383327,0.0006666666666666666,0.0013333333333333333,0.0013333333333333333,-0.8000000000000002,correction_completion,PT_violation_het40,3,200,126,3944652315,reference_fold_convolution_rf,,,,
PRE_SUB,X1=1_k=-2,,,-2.0,reference_fold_pretrend,-0.7424676295217874,-0.745541884940059,0.23600424488223723,-1.1699825965133026,-1.1123099327410713,-0.34568825535296943,-0.28369905237533605,0.002,0.004,0.004,-0.4000000000000001,correction_completion,PT_violation_het40,3,200,126,3944652315,reference_fold_convolution_rf,,,,
PRE_SUB,X2=low_k=-4,,,-4.0,reference_fold_pretrend,-0.06603948623688673,-0.07551444857827061,0.18781301511621235,-0.40706902524318184,-0.3628212729185613,0.24028940013813174,0.3036502080542903,0.342,0.684,0.684,0.18181818181818182,correction_completion,PT_violation_het40,3,200,126,3944652315,reference_fold_convolution_rf,,,,
PRE_SUB,X2=low_k=-3,,,-3.0,reference_fold_pretrend,-0.14766616350722458,-0.15032249507117423,0.1703766761803554,-0.47902598576552874,-0.4192274864144452,0.1350290703166333,0.20407920543900304,0.188,0.376,0.376,0.12121212121212122,correction_completion,PT_violation_het40,3,200,126,3944652315,reference_fold_convolution_rf,,,,
PRE_SUB,X2=low_k=-2,,,-2.0,reference_fold_pretrend,-0.20595300687458537,-0.21091518355514388,0.16631603820341917,-0.5204585705294407,-0.4648643667484968,0.07440957797022435,0.13080684863230946,0.11466666666666667,0.22933333333333333,0.22933333333333333,0.06060606060606061,correction_completion,PT_violation_het40,3,200,126,3944652315,reference_fold_convolution_rf,,,,
PRE_SUB,X2=high_k=-4,,,-4.0,reference_fold_pretrend,-0.0917136608064409,-0.1018138444595493,0.1840923267611355,-0.4268029781503236,-0.3738410666140587,0.2133390946171613,0.27458872009216373,0.298,0.596,0.596,0.18181818181818182,correction_completion,PT_violation_het40,3,200,126,3944652315,reference_fold_convolution_rf,,,,
PRE_SUB,X2=high_k=-3,,,-3.0,reference_fold_pretrend,-0.17987206096814717,-0.18382800293617757,0.166265817729857,-0.5011324121286742,-0.4410757263806016,0.09605953990691606,0.15905131955666743,0.13733333333333334,0.27466666666666667,0.27466666666666667,0.12121212121212122,correction_completion,PT_violation_het40,3,200,126,3944652315,reference_fold_convolution_rf,,,,
PRE_SUB,X2=high_k=-2,,,-2.0,reference_fold_pretrend,-0.22237339039265785,-0.2273435065296503,0.16047918965935273,-0.5211291139732874,-0.47219948030230174,0.05200064680472902,0.09541504930566305,0.09266666666666666,0.18533333333333332,0.18533333333333332,0.06060606060606061,correction_completion,PT_violation_het40,3,200,126,3944652315,reference_fold_convolution_rf,,,,
PRE_SUBC,X1_k=-4,,,-4.0,reference_fold_pretrend,-1.2396185237115651,-1.2323086459729964,0.3161655171186976,-1.8503278125500853,-1.7586159743636893,-0.7272551758343948,-0.6141926359989188,0.0,0.0,0.0,-2.4,correction_completion,PT_violation_het40,3,200,126,3944652315,reference_fold_convolution_rf,,,,
PRE_SUBC,X1_k=-3,,,-3.0,reference_fold_pretrend,-1.1802107203849947,-1.1823197610702332,0.2978027957201318,-1.7385092815496455,-1.6422729355344172,-0.6801839236762816,-0.5979005081986047,0.0,0.0,0.0,-1.5999999999999999,correction_completion,PT_violation_het40,3,200,126,3944652315,reference_fold_convolution_rf,,,,
PRE_SUBC,X1_k=-2,,,-2.0,reference_fold_pretrend,-0.9117324929321836,-0.917106409377195,0.28573098292145466,-1.466800600366236,-1.3721064584529628,-0.41988362612725205,-0.3514895450596181,0.0013333333333333333,0.0026666666666666666,0.0026666666666666666,-0.7999999999999999,correction_completion,PT_violation_het40,3,200,126,3944652315,reference_fold_convolution_rf,,,,
PRE_SUBC,X1_slope,,,,reference_fold_pretrend,0.49935782177406196,0.49642095179467494,0.1221230371225338,0.25304939287761985,0.2938299501142883,0.6943230224316673,0.7302553454845851,0.0,0.0,0.0,0.7999999999999999,correction_completion,PT_violation_het40,3,200,126,3944652315,reference_fold_convolution_rf,,,,
PRE_SUBC,X2_k=-4,,,-4.0,reference_fold_pretrend,-0.02567417456955418,-0.023554612164012903,0.04447035103804363,-0.12294693458792291,-0.08928823897123839,0.03091004448752706,0.04786272458322673,0.21133333333333335,0.4226666666666667,0.4226666666666667,-0.0,correction_completion,PT_violation_het40,3,200,126,3944652315,reference_fold_convolution_rf,,,,
PRE_SUBC,X2_k=-3,,,-3.0,reference_fold_pretrend,-0.0322058974609226,-0.030729611318345146,0.03858029621680083,-0.11373563476504535,-0.085931208129239,0.016260107706930524,0.03748887821885487,0.11,0.22,0.22,-0.0,correction_completion,PT_violation_het40,3,200,126,3944652315,reference_fold_convolution_rf,,,,
PRE_SUBC,X2_k=-2,,,-2.0,reference_fold_pretrend,-0.0164203835180725,-0.01525555847486798,0.03551655652085302,-0.08460620581987674,-0.06350381100738904,0.029303660349918454,0.040847058872645954,0.27066666666666667,0.5413333333333333,0.5413333333333333,-0.0,correction_completion,PT_violation_het40,3,200,126,3944652315,reference_fold_convolution_rf,,,,
PRE_SUBC,X2_slope,,,,reference_fold_pretrend,0.011275335867755731,0.010520132008570292,0.0161620637831207,-0.016577873694134385,-0.009089404615542118,0.03513991812875605,0.04639033674405834,0.16333333333333333,0.32666666666666666,0.32666666666666666,0.0,correction_completion,PT_violation_het40,3,200,126,3944652315,reference_fold_convolution_rf,,,,
GATT,g=4_t=4,4.0,4.0,0.0,raw_structured,3.6059328677954996,3.6075634561239847,0.08925378019970343,3.430785024505798,3.4630993770376377,3.752220038727876,3.777982780658738,0.0,0.0,0.0,3.7369344937816016,correction_completion,baseline_sweep,1,400,10,2106891084,raw_structured,,,,
GATT,g=4_t=5,4.0,5.0,1.0,raw_structured,3.611533020211444,3.6115974276766547,0.08446095097662482,3.4517631614654376,3.476713875528047,3.7435506044093434,3.7890331395093395,0.0,0.0,0.0,3.7369344937816016,correction_completion,baseline_sweep,1,400,10,2106891084,raw_structured,,,,
GATT,g=4_t=6,4.0,6.0,2.0,raw_structured,3.609217743530197,3.6089476692664806,0.08671412641733789,3.4405013430608524,3.4679971270444683,3.744702505699671,3.7850704729099065,0.0,0.0,0.0,3.7369344937816016,correction_completion,baseline_sweep,1,400,10,2106891084,raw_structured,,,,
GATT,g=4_t=7,4.0,7.0,3.0,raw_structured,3.5785453806039302,3.585375680154529,0.09732486960880624,3.3582486141511487,3.4169223699404765,3.7276964120954146,3.755322703302059,0.0,0.0,0.0,3.7369344937816016,correction_completion,baseline_sweep,1,400,10,2106891084,raw_structured,,,,
ES,k=0,,,0.0,raw_structured,3.6059328677954996,3.6075634561239847,0.08925378019970343,3.430785024505798,3.4630993770376377,3.752220038727876,3.777982780658738,0.0,0.0,0.0,3.7369344937816016,correction_completion,baseline_sweep,1,400,10,2106891084,raw_structured,,,,
ES,k=1,,,1.0,raw_structured,3.611533020211444,3.6115974276766547,0.08446095097662482,3.4517631614654376,3.476713875528047,3.7435506044093434,3.7890331395093395,0.0,0.0,0.0,3.7369344937816016,correction_completion,baseline_sweep,1,400,10,2106891084,raw_structured,,,,
ES,k=2,,,2.0,raw_structured,3.609217743530197,3.6089476692664806,0.08671412641733789,3.4405013430608524,3.4679971270444683,3.744702505699671,3.7850704729099065,0.0,0.0,0.0,3.7369344937816016,correction_completion,baseline_sweep,1,400,10,2106891084,raw_structured,,,,
ES,k=3,,,3.0,raw_structured,3.5785453806039302,3.585375680154529,0.09732486960880624,3.3582486141511487,3.4169223699404765,3.7276964120954146,3.755322703302059,0.0,0.0,0.0,3.7369344937816016,correction_completion,baseline_sweep,1,400,10,2106891084,raw_structured,,,,
ATT,ATT,,,,raw_structured,3.6013072530352668,3.6033723969156237,0.07427441704241275,3.456949008236539,3.473514836238227,3.719414518977764,3.740230107426463,0.0,0.0,0.0,3.7369344937816016,correction_completion,baseline_sweep,1,400,10,2106891084,raw_structured,,,,
GATT,g=4_t=4,4.0,4.0,0.0,reference_fold_convolution,3.539206946775009,3.53371285666831,0.1615368435824898,3.2354630998853207,3.272456067975471,3.798114437560642,3.848617725656144,0.0,0.0,0.0,3.7369344937816016,correction_completion,baseline_sweep,1,400,10,2106891084,reference_fold_convolution_rf,2.8144148959820887,80.89117189783614,,"{""0"": {""bar_pi"": 0.515, ""control_ess"": 80.89117189783614, ""fold_sizes"": [{""evaluation"": 200, ""fold"": 0, ""train"": 200}], ""global_fold_bb"": true, ""max_control_odds"": 2.1151804773211045, ""n_clipped"": 0, ""n_complement_units"": 200, ""n_eval_units"": 200, ""posterior_cache_key"": ""g=4_fold=0"", ""posterior_draws"": 1500, ""raw_max_control_odds"": 2.1151804773211045}, ""1"": {""bar_pi"": 0.43, ""control_ess"": 101.07856256721836, ""fold_sizes"": [{""evaluation"": 200, ""fold"": 0, ""train"": 200}], ""global_fold_bb"": true, ""max_control_odds"": 2.8144148959820887, ""n_clipped"": 0, ""n_complement_units"": 200, ""n_eval_units"": 200, ""posterior_cache_key"": ""g=4_fold=1"", ""posterior_draws"": 1500, ""raw_max_control_odds"": 2.8144148959820887}}"
GATT,g=4_t=5,4.0,5.0,1.0,reference_fold_convolution,3.632333413685186,3.6292402335996305,0.17370972468650459,3.2927007743964873,3.3470245175080207,3.906296030877806,3.974031214085235,0.0,0.0,0.0,3.7369344937816016,correction_completion,baseline_sweep,1,400,10,2106891084,reference_fold_convolution_rf,2.8144148959820887,80.89117189783614,,"{""0"": {""bar_pi"": 0.515, ""control_ess"": 80.89117189783614, ""fold_sizes"": [{""evaluation"": 200, ""fold"": 0, ""train"": 200}], ""global_fold_bb"": true, ""max_control_odds"": 2.1151804773211045, ""n_clipped"": 0, ""n_complement_units"": 200, ""n_eval_units"": 200, ""posterior_cache_key"": ""g=4_fold=0"", ""posterior_draws"": 1500, ""raw_max_control_odds"": 2.1151804773211045}, ""1"": {""bar_pi"": 0.43, ""control_ess"": 101.07856256721836, ""fold_sizes"": [{""evaluation"": 200, ""fold"": 0, ""train"": 200}], ""global_fold_bb"": true, ""max_control_odds"": 2.8144148959820887, ""n_clipped"": 0, ""n_complement_units"": 200, ""n_eval_units"": 200, ""posterior_cache_key"": ""g=4_fold=1"", ""posterior_draws"": 1500, ""raw_max_control_odds"": 2.8144148959820887}}"
GATT,g=4_t=6,4.0,6.0,2.0,reference_fold_convolution,3.602495788652368,3.6013972973900503,0.1673131798724966,3.2667066766817587,3.3276126018911585,3.875467003039112,3.937270347279887,0.0,0.0,0.0,3.7369344937816016,correction_completion,baseline_sweep,1,400,10,2106891084,reference_fold_convolution_rf,2.8144148959820887,80.89117189783614,,"{""0"": {""bar_pi"": 0.515, ""control_ess"": 80.89117189783614, ""fold_sizes"": [{""evaluation"": 200, ""fold"": 0, ""train"": 200}], ""global_fold_bb"": true, ""max_control_odds"": 2.1151804773211045, ""n_clipped"": 0, ""n_complement_units"": 200, ""n_eval_units"": 200, ""posterior_cache_key"": ""g=4_fold=0"", ""posterior_draws"": 1500, ""raw_max_control_odds"": 2.1151804773211045}, ""1"": {""bar_pi"": 0.43, ""control_ess"": 101.07856256721836, ""fold_sizes"": [{""evaluation"": 200, ""fold"": 0, ""train"": 200}], ""global_fold_bb"": true, ""max_control_odds"": 2.8144148959820887, ""n_clipped"": 0, ""n_complement_units"": 200, ""n_eval_units"": 200, ""posterior_cache_key"": ""g=4_fold=1"", ""posterior_draws"": 1500, ""raw_max_control_odds"": 2.8144148959820887}}"
GATT,g=4_t=7,4.0,7.0,3.0,reference_fold_convolution,3.500099756470583,3.497860892292544,0.1713794005850844,3.1748897818527246,3.2171251876024893,3.7903138102873903,3.8364148842275436,0.0,0.0,0.0,3.7369344937816016,correction_completion,baseline_sweep,1,400,10,2106891084,reference_fold_convolution_rf,2.8144148959820887,80.89117189783614,,"{""0"": {""bar_pi"": 0.515, ""control_ess"": 80.89117189783614, ""fold_sizes"": [{""evaluation"": 200, ""fold"": 0, ""train"": 200}], ""global_fold_bb"": true, ""max_control_odds"": 2.1151804773211045, ""n_clipped"": 0, ""n_complement_units"": 200, ""n_eval_units"": 200, ""posterior_cache_key"": ""g=4_fold=0"", ""posterior_draws"": 1500, ""raw_max_control_odds"": 2.1151804773211045}, ""1"": {""bar_pi"": 0.43, ""control_ess"": 101.07856256721836, ""fold_sizes"": [{""evaluation"": 200, ""fold"": 0, ""train"": 200}], ""global_fold_bb"": true, ""max_control_odds"": 2.8144148959820887, ""n_clipped"": 0, ""n_complement_units"": 200, ""n_eval_units"": 200, ""posterior_cache_key"": ""g=4_fold=1"", ""posterior_draws"": 1500, ""raw_max_control_odds"": 2.8144148959820887}}"
ES,k=0,,,0.0,reference_fold_convolution,3.539206946775009,3.53371285666831,0.1615368435824898,3.2354630998853207,3.272456067975471,3.798114437560642,3.848617725656144,0.0,0.0,0.0,3.7369344937816016,correction_completion,baseline_sweep,1,400,10,2106891084,reference_fold_convolution_rf,,,,{}
ES,k=1,,,1.0,reference_fold_convolution,3.632333413685186,3.6292402335996305,0.17370972468650459,3.2927007743964873,3.3470245175080207,3.906296030877806,3.974031214085235,0.0,0.0,0.0,3.7369344937816016,correction_completion,baseline_sweep,1,400,10,2106891084,reference_fold_convolution_rf,,,,{}
ES,k=2,,,2.0,reference_fold_convolution,3.602495788652368,3.6013972973900503,0.1673131798724966,3.2667066766817587,3.3276126018911585,3.875467003039112,3.937270347279887,0.0,0.0,0.0,3.7369344937816016,correction_completion,baseline_sweep,1,400,10,2106891084,reference_fold_convolution_rf,,,,{}
ES,k=3,,,3.0,reference_fold_convolution,3.500099756470583,3.497860892292544,0.1713794005850844,3.1748897818527246,3.2171251876024893,3.7903138102873903,3.8364148842275436,0.0,0.0,0.0,3.7369344937816016,correction_completion,baseline_sweep,1,400,10,2106891084,reference_fold_convolution_rf,,,,{}
ATT,ATT,,,,reference_fold_convolution,3.568533976395787,3.5709198709455197,0.14015451879643281,3.2959827613762473,3.338876306293879,3.7957781037866063,3.8415464796721444,0.0,0.0,0.0,3.7369344937816016,correction_completion,baseline_sweep,1,400,10,2106891084,reference_fold_convolution_rf,,,,{}
GATT,g=4_t=4,4.0,4.0,0.0,raw_structured,3.8096190510725627,3.8094606774234308,0.1266094943701915,3.562396945627206,3.601380079589574,4.014309978236759,4.045281393193042,0.0,0.0,0.0,3.727927591475027,correction_completion,baseline_sweep,2,400,94,3602833027,raw_structured,,,,
GATT,g=4_t=5,4.0,5.0,1.0,raw_structured,3.9774015959695572,3.9746856862516364,0.09957147779059063,3.780254542279275,3.8131324106192253,4.1398952452040705,4.180174028973418,0.0,0.0,0.0,3.727927591475027,correction_completion,baseline_sweep,2,400,94,3602833027,raw_structured,,,,
GATT,g=4_t=6,4.0,6.0,2.0,raw_structured,3.975476959824267,3.974105862785408,0.09868283696851873,3.77767844246683,3.8132010296517733,4.138755893644178,4.1736174542659725,0.0,0.0,0.0,3.727927591475027,correction_completion,baseline_sweep,2,400,94,3602833027,raw_structured,,,,
GATT,g=4_t=7,4.0,7.0,3.0,raw_structured,3.947984793926017,3.9533799723944316,0.10300281199249366,3.7380775513924034,3.769798338188446,4.113496418249133,4.14021018647477,0.0,0.0,0.0,3.727927591475027,correction_completion,baseline_sweep,2,400,94,3602833027,raw_structured,,,,
ES,k=0,,,0.0,raw_structured,3.8096190510725627,3.8094606774234308,0.1266094943701915,3.562396945627206,3.601380079589574,4.014309978236759,4.045281393193042,0.0,0.0,0.0,3.727927591475027,correction_completion,baseline_sweep,2,400,94,3602833027,raw_structured,,,,
ES,k=1,,,1.0,raw_structured,3.9774015959695572,3.9746856862516364,0.09957147779059063,3.780254542279275,3.8131324106192253,4.1398952452040705,4.180174028973418,0.0,0.0,0.0,3.727927591475027,correction_completion,baseline_sweep,2,400,94,3602833027,raw_structured,,,,
ES,k=2,,,2.0,raw_structured,3.975476959824267,3.974105862785408,0.09868283696851873,3.77767844246683,3.8132010296517733,4.138755893644178,4.1736174542659725,0.0,0.0,0.0,3.727927591475027,correction_completion,baseline_sweep,2,400,94,3602833027,raw_structured,,,,
ES,k=3,,,3.0,raw_structured,3.947984793926017,3.9533799723944316,0.10300281199249366,3.7380775513924034,3.769798338188446,4.113496418249133,4.14021018647477,0.0,0.0,0.0,3.727927591475027,correction_completion,baseline_sweep,2,400,94,3602833027,raw_structured,,,,
ATT,ATT,,,,raw_structured,3.9276206001981007,3.9270378309061167,0.08070455218589526,3.7647972318551775,3.7974782188913787,4.056628088857882,4.078473619903191,0.0,0.0,0.0,3.727927591475027,correction_completion,baseline_sweep,2,400,94,3602833027,raw_structured,,,,
GATT,g=4_t=4,4.0,4.0,0.0,reference_fold_convolution,3.6013773592367735,3.595785405022578,0.16662104154556237,3.3002688007480017,3.337768812520105,3.872964483522736,3.92799778037389,0.0,0.0,0.0,3.727927591475027,correction_completion,baseline_sweep,2,400,94,3602833027,reference_fold_convolution_rf,2.505586106983604,85.11685002843117,,"{""0"": {""bar_pi"": 0.515, ""control_ess"": 85.11685002843117, ""fold_sizes"": [{""evaluation"": 200, ""fold"": 0, ""train"": 200}], ""global_fold_bb"": true, ""max_control_odds"": 2.1291545088785666, ""n_clipped"": 0, ""n_complement_units"": 200, ""n_eval_units"": 200, ""posterior_cache_key"": ""g=4_fold=0"", ""posterior_draws"": 1500, ""raw_max_control_odds"": 2.1291545088785666}, ""1"": {""bar_pi"": 0.495, ""control_ess"": 88.57750488820955, ""fold_sizes"": [{""evaluation"": 200, ""fold"": 0, ""train"": 200}], ""global_fold_bb"": true, ""max_control_odds"": 2.505586106983604, ""n_clipped"": 0, ""n_complement_units"": 200, ""n_eval_units"": 200, ""posterior_cache_key"": ""g=4_fold=1"", ""posterior_draws"": 1500, ""raw_max_control_odds"": 2.505586106983604}}"
GATT,g=4_t=5,4.0,5.0,1.0,reference_fold_convolution,3.824885506834608,3.8205070202113918,0.17546196327468727,3.476448759472789,3.530589905361462,4.113450933928055,4.162243265910564,0.0,0.0,0.0,3.727927591475027,correction_completion,baseline_sweep,2,400,94,3602833027,reference_fold_convolution_rf,2.505586106983604,85.11685002843117,,"{""0"": {""bar_pi"": 0.515, ""control_ess"": 85.11685002843117, ""fold_sizes"": [{""evaluation"": 200, ""fold"": 0, ""train"": 200}], ""global_fold_bb"": true, ""max_control_odds"": 2.1291545088785666, ""n_clipped"": 0, ""n_complement_units"": 200, ""n_eval_units"": 200, ""posterior_cache_key"": ""g=4_fold=0"", ""posterior_draws"": 1500, ""raw_max_control_odds"": 2.1291545088785666}, ""1"": {""bar_pi"": 0.495, ""control_ess"": 88.57750488820955, ""fold_sizes"": [{""evaluation"": 200, ""fold"": 0, ""train"": 200}], ""global_fold_bb"": true, ""max_control_odds"": 2.505586106983604, ""n_clipped"": 0, ""n_complement_units"": 200, ""n_eval_units"": 200, ""posterior_cache_key"": ""g=4_fold=1"", ""posterior_draws"": 1500, ""raw_max_control_odds"": 2.505586106983604}}"
GATT,g=4_t=6,4.0,6.0,2.0,reference_fold_convolution,3.855480958059941,3.852010690331898,0.1687806319082198,3.514726497636795,3.5840716148327627,4.14203717757264,4.190844482613041,0.0,0.0,0.0,3.727927591475027,correction_completion,baseline_sweep,2,400,94,3602833027,reference_fold_convolution_rf,2.505586106983604,85.11685002843117,,"{""0"": {""bar_pi"": 0.515, ""control_ess"": 85.11685002843117, ""fold_sizes"": [{""evaluation"": 200, ""fold"": 0, ""train"": 200}], ""global_fold_bb"": true, ""max_control_odds"": 2.1291545088785666, ""n_clipped"": 0, ""n_complement_units"": 200, ""n_eval_units"": 200, ""posterior_cache_key"": ""g=4_fold=0"", ""posterior_draws"": 1500, ""raw_max_control_odds"": 2.1291545088785666}, ""1"": {""bar_pi"": 0.495, ""control_ess"": 88.57750488820955, ""fold_sizes"": [{""evaluation"": 200, ""fold"": 0, ""train"": 200}], ""global_fold_bb"": true, ""max_control_odds"": 2.505586106983604, ""n_clipped"": 0, ""n_complement_units"": 200, ""n_eval_units"": 200, ""posterior_cache_key"": ""g=4_fold=1"", ""posterior_draws"": 1500, ""raw_max_control_odds"": 2.505586106983604}}"
GATT,g=4_t=7,4.0,7.0,3.0,reference_fold_convolution,3.6977950119622243,3.691007699762818,0.16801208718467117,3.368860231868802,3.422369187324157,3.964947308708715,4.0210082508768945,0.0,0.0,0.0,3.727927591475027,correction_completion,baseline_sweep,2,400,94,3602833027,reference_fold_convolution_rf,2.505586106983604,85.11685002843117,,"{""0"": {""bar_pi"": 0.515, ""control_ess"": 85.11685002843117, ""fold_sizes"": [{""evaluation"": 200, ""fold"": 0, ""train"": 200}], ""global_fold_bb"": true, ""max_control_odds"": 2.1291545088785666, ""n_clipped"": 0, ""n_complement_units"": 200, ""n_eval_units"": 200, ""posterior_cache_key"": ""g=4_fold=0"", ""posterior_draws"": 1500, ""raw_max_control_odds"": 2.1291545088785666}, ""1"": {""bar_pi"": 0.495, ""control_ess"": 88.57750488820955, ""fold_sizes"": [{""evaluation"": 200, ""fold"": 0, ""train"": 200}], ""global_fold_bb"": true, ""max_control_odds"": 2.505586106983604, ""n_clipped"": 0, ""n_complement_units"": 200, ""n_eval_units"": 200, ""posterior_cache_key"": ""g=4_fold=1"", ""posterior_draws"": 1500, ""raw_max_control_odds"": 2.505586106983604}}"
ES,k=0,,,0.0,reference_fold_convolution,3.6013773592367735,3.595785405022578,0.16662104154556237,3.3002688007480017,3.337768812520105,3.872964483522736,3.92799778037389,0.0,0.0,0.0,3.727927591475027,correction_completion,baseline_sweep,2,400,94,3602833027,reference_fold_convolution_rf,,,,{}
ES,k=1,,,1.0,reference_fold_convolution,3.824885506834608,3.8205070202113918,0.17546196327468727,3.476448759472789,3.530589905361462,4.113450933928055,4.162243265910564,0.0,0.0,0.0,3.727927591475027,correction_completion,baseline_sweep,2,400,94,3602833027,reference_fold_convolution_rf,,,,{}
ES,k=2,,,2.0,reference_fold_convolution,3.855480958059941,3.852010690331898,0.1687806319082198,3.514726497636795,3.5840716148327627,4.14203717757264,4.190844482613041,0.0,0.0,0.0,3.727927591475027,correction_completion,baseline_sweep,2,400,94,3602833027,reference_fold_convolution_rf,,,,{}
ES,k=3,,,3.0,reference_fold_convolution,3.6977950119622243,3.691007699762818,0.16801208718467117,3.368860231868802,3.422369187324157,3.964947308708715,4.0210082508768945,0.0,0.0,0.0,3.727927591475027,correction_completion,baseline_sweep,2,400,94,3602833027,reference_fold_convolution_rf,,,,{}
ATT,ATT,,,,reference_fold_convolution,3.7448847090233865,3.744608796220789,0.1426862362561083,3.464419554521417,3.5127722044892256,3.977608138733939,4.018464165340092,0.0,0.0,0.0,3.727927591475027,correction_completion,baseline_sweep,2,400,94,3602833027,reference_fold_convolution_rf,,,,{}
GATT,g=4_t=4,4.0,4.0,0.0,raw_structured,3.605190635326754,3.6045250886392246,0.0748224464374254,3.4642290195846472,3.490740202539345,3.7244726452705406,3.7470214404781483,0.0,0.0,0.0,3.658663531538439,correction_completion,baseline_sweep_d3,3,800,78,1290184862,raw_structured,,,,
GATT,g=4_t=5,4.0,5.0,1.0,raw_structured,3.6076905859488337,3.6052790994232398,0.06903777300171128,3.4857466759445135,3.5033697088445934,3.718656389807423,3.742034738023525,0.0,0.0,0.0,3.658663531538439,correction_completion,baseline_sweep_d3,3,800,78,1290184862,raw_structured,,,,
GATT,g=4_t=6,4.0,6.0,2.0,raw_structured,3.5864651255625613,3.5860634498435964,0.06648416102101852,3.457477138154134,3.478617911148829,3.693495330098992,3.711835262014382,0.0,0.0,0.0,3.658663531538439,correction_completion,baseline_sweep_d3,3,800,78,1290184862,raw_structured,,,,
GATT,g=4_t=7,4.0,7.0,3.0,raw_structured,3.568174195794359,3.5691310580089173,0.07817806644825565,3.4101766696583016,3.4361037729573156,3.6918367684635363,3.7100051321759957,0.0,0.0,0.0,3.658663531538439,correction_completion,baseline_sweep_d3,3,800,78,1290184862,raw_structured,,,,
ES,k=0,,,0.0,raw_structured,3.605190635326754,3.6045250886392246,0.0748224464374254,3.4642290195846472,3.490740202539345,3.7244726452705406,3.7470214404781483,0.0,0.0,0.0,3.658663531538439,correction_completion,baseline_sweep_d3,3,800,78,1290184862,raw_structured,,,,
ES,k=1,,,1.0,raw_structured,3.6076905859488337,3.6052790994232398,0.06903777300171128,3.4857466759445135,3.5033697088445934,3.718656389807423,3.742034738023525,0.0,0.0,0.0,3.658663531538439,correction_completion,baseline_sweep_d3,3,800,78,1290184862,raw_structured,,,,
ES,k=2,,,2.0,raw_structured,3.5864651255625613,3.5860634498435964,0.06648416102101852,3.457477138154134,3.478617911148829,3.693495330098992,3.711835262014382,0.0,0.0,0.0,3.658663531538439,correction_completion,baseline_sweep_d3,3,800,78,1290184862,raw_structured,,,,
ES,k=3,,,3.0,raw_structured,3.568174195794359,3.5691310580089173,0.07817806644825565,3.4101766696583016,3.4361037729573156,3.6918367684635363,3.7100051321759957,0.0,0.0,0.0,3.658663531538439,correction_completion,baseline_sweep_d3,3,800,78,1290184862,raw_structured,,,,
ATT,ATT,,,,raw_structured,3.5918801356581267,3.5907072758682363,0.05966763857954736,3.4814304248832277,3.498827823944818,3.6884197578558524,3.705075140548238,0.0,0.0,0.0,3.658663531538439,correction_completion,baseline_sweep_d3,3,800,78,1290184862,raw_structured,,,,
GATT,g=4_t=4,4.0,4.0,0.0,reference_fold_convolution,3.4914930007014844,3.494816205416366,0.12528106259959937,3.234098343190228,3.279673259654696,3.685641036847941,3.7322818606490373,0.0,0.0,0.0,3.658663531538439,correction_completion,baseline_sweep_d3,3,800,78,1290184862,reference_fold_convolution_rf,3.3053008436120606,154.38111920865924,,"{""0"": {""bar_pi"": 0.5075, ""control_ess"": 157.4785018952973, ""fold_sizes"": [{""evaluation"": 400, ""fold"": 0, ""train"": 400}], ""global_fold_bb"": true, ""max_control_odds"": 3.3053008436120606, ""n_clipped"": 0, ""n_complement_units"": 400, ""n_eval_units"": 400, ""posterior_cache_key"": ""g=4_fold=0"", ""posterior_draws"": 1500, ""raw_max_control_odds"": 3.3053008436120606}, ""1"": {""bar_pi"": 0.55, ""control_ess"": 154.38111920865924, ""fold_sizes"": [{""evaluation"": 400, ""fold"": 0, ""train"": 400}], ""global_fold_bb"": true, ""max_control_odds"": 2.7960801127264534, ""n_clipped"": 0, ""n_complement_units"": 400, ""n_eval_units"": 400, ""posterior_cache_key"": ""g=4_fold=1"", ""posterior_draws"": 1500, ""raw_max_control_odds"": 2.7960801127264534}}"
GATT,g=4_t=5,4.0,5.0,1.0,reference_fold_convolution,3.631647619090227,3.6343390765849186,0.12329765346223127,3.386300592891795,3.425233451808827,3.832097236975871,3.8730422584453987,0.0,0.0,0.0,3.658663531538439,correction_completion,baseline_sweep_d3,3,800,78,1290184862,reference_fold_convolution_rf,3.3053008436120606,154.38111920865924,,"{""0"": {""bar_pi"": 0.5075, ""control_ess"": 157.4785018952973, ""fold_sizes"": [{""evaluation"": 400, ""fold"": 0, ""train"": 400}], ""global_fold_bb"": true, ""max_control_odds"": 3.3053008436120606, ""n_clipped"": 0, ""n_complement_units"": 400, ""n_eval_units"": 400, ""posterior_cache_key"": ""g=4_fold=0"", ""posterior_draws"": 1500, ""raw_max_control_odds"": 3.3053008436120606}, ""1"": {""bar_pi"": 0.55, ""control_ess"": 154.38111920865924, ""fold_sizes"": [{""evaluation"": 400, ""fold"": 0, ""train"": 400}], ""global_fold_bb"": true, ""max_control_odds"": 2.7960801127264534, ""n_clipped"": 0, ""n_complement_units"": 400, ""n_eval_units"": 400, ""posterior_cache_key"": ""g=4_fold=1"", ""posterior_draws"": 1500, ""raw_max_control_odds"": 2.7960801127264534}}"
GATT,g=4_t=6,4.0,6.0,2.0,reference_fold_convolution,3.5804682417113414,3.580116514406007,0.1185183267748103,3.3525034923649177,3.388411442880044,3.7765680913501463,3.821236145786788,0.0,0.0,0.0,3.658663531538439,correction_completion,baseline_sweep_d3,3,800,78,1290184862,reference_fold_convolution_rf,3.3053008436120606,154.38111920865924,,"{""0"": {""bar_pi"": 0.5075, ""control_ess"": 157.4785018952973, ""fold_sizes"": [{""evaluation"": 400, ""fold"": 0, ""train"": 400}], ""global_fold_bb"": true, ""max_control_odds"": 3.3053008436120606, ""n_clipped"": 0, ""n_complement_units"": 400, ""n_eval_units"": 400, ""posterior_cache_key"": ""g=4_fold=0"", ""posterior_draws"": 1500, ""raw_max_control_odds"": 3.3053008436120606}, ""1"": {""bar_pi"": 0.55, ""control_ess"": 154.38111920865924, ""fold_sizes"": [{""evaluation"": 400, ""fold"": 0, ""train"": 400}], ""global_fold_bb"": true, ""max_control_odds"": 2.7960801127264534, ""n_clipped"": 0, ""n_complement_units"": 400, ""n_eval_units"": 400, ""posterior_cache_key"": ""g=4_fold=1"", ""posterior_draws"": 1500, ""raw_max_control_odds"": 2.7960801127264534}}"
GATT,g=4_t=7,4.0,7.0,3.0,reference_fold_convolution,3.5504129605870878,3.553379181798282,0.13022042222890923,3.2942212374015147,3.33845469884362,3.756954571385094,3.800395814463742,0.0,0.0,0.0,3.658663531538439,correction_completion,baseline_sweep_d3,3,800,78,1290184862,reference_fold_convolution_rf,3.3053008436120606,154.38111920865924,,"{""0"": {""bar_pi"": 0.5075, ""control_ess"": 157.4785018952973, ""fold_sizes"": [{""evaluation"": 400, ""fold"": 0, ""train"": 400}], ""global_fold_bb"": true, ""max_control_odds"": 3.3053008436120606, ""n_clipped"": 0, ""n_complement_units"": 400, ""n_eval_units"": 400, ""posterior_cache_key"": ""g=4_fold=0"", ""posterior_draws"": 1500, ""raw_max_control_odds"": 3.3053008436120606}, ""1"": {""bar_pi"": 0.55, ""control_ess"": 154.38111920865924, ""fold_sizes"": [{""evaluation"": 400, ""fold"": 0, ""train"": 400}], ""global_fold_bb"": true, ""max_control_odds"": 2.7960801127264534, ""n_clipped"": 0, ""n_complement_units"": 400, ""n_eval_units"": 400, ""posterior_cache_key"": ""g=4_fold=1"", ""posterior_draws"": 1500, ""raw_max_control_odds"": 2.7960801127264534}}"
ES,k=0,,,0.0,reference_fold_convolution,3.4914930007014844,3.494816205416366,0.12528106259959937,3.234098343190228,3.279673259654696,3.685641036847941,3.7322818606490373,0.0,0.0,0.0,3.658663531538439,correction_completion,baseline_sweep_d3,3,800,78,1290184862,reference_fold_convolution_rf,,,,{}
ES,k=1,,,1.0,reference_fold_convolution,3.631647619090227,3.6343390765849186,0.12329765346223127,3.386300592891795,3.425233451808827,3.832097236975871,3.8730422584453987,0.0,0.0,0.0,3.658663531538439,correction_completion,baseline_sweep_d3,3,800,78,1290184862,reference_fold_convolution_rf,,,,{}
ES,k=2,,,2.0,reference_fold_convolution,3.5804682417113414,3.580116514406007,0.1185183267748103,3.3525034923649177,3.388411442880044,3.7765680913501463,3.821236145786788,0.0,0.0,0.0,3.658663531538439,correction_completion,baseline_sweep_d3,3,800,78,1290184862,reference_fold_convolution_rf,,,,{}
ES,k=3,,,3.0,reference_fold_convolution,3.5504129605870878,3.553379181798282,0.13022042222890923,3.2942212374015147,3.33845469884362,3.756954571385094,3.800395814463742,0.0,0.0,0.0,3.658663531538439,correction_completion,baseline_sweep_d3,3,800,78,1290184862,reference_fold_convolution_rf,,,,{}
ATT,ATT,,,,reference_fold_convolution,3.563505455522535,3.5679390880892825,0.10159411272374476,3.3626141301338315,3.394217241646578,3.730449153419072,3.763809425392635,0.0,0.0,0.0,3.658663531538439,correction_completion,baseline_sweep_d3,3,800,78,1290184862,reference_fold_convolution_rf,,,,{}
GATT,g=4_t=4,4.0,4.0,0.0,raw_structured,4.021410904246095,4.024224084193461,0.16325844831626138,3.709251177418551,3.7465492974950285,4.274927545726723,4.322687253928182,0.0,0.0,0.0,4.0416940856892465,correction_completion,selection_both,2,200,62,4275142229,raw_structured,,,,
GATT,g=4_t=5,4.0,5.0,1.0,raw_structured,4.173469422264173,4.173196837070428,0.14752070560699948,3.8810609565006007,3.9348122451246197,4.418613627040134,4.470243467914857,0.0,0.0,0.0,4.0416940856892465,correction_completion,selection_both,2,200,62,4275142229,raw_structured,,,,
GATT,g=4_t=6,4.0,6.0,2.0,raw_structured,4.200991446076839,4.197191514019561,0.1431677123851121,3.9314953790632248,3.9764528027064796,4.44146821157227,4.497080398779793,0.0,0.0,0.0,4.0416940856892465,correction_completion,selection_both,2,200,62,4275142229,raw_structured,,,,
GATT,g=4_t=7,4.0,7.0,3.0,raw_structured,4.155509205252196,4.161569863272625,0.15648015623278388,3.8383050445121585,3.884958807824785,4.403277832365717,4.448378604497767,0.0,0.0,0.0,4.0416940856892465,correction_completion,selection_both,2,200,62,4275142229,raw_structured,,,,
ES,k=0,,,0.0,raw_structured,4.021410904246095,4.024224084193461,0.16325844831626138,3.709251177418551,3.7465492974950285,4.274927545726723,4.322687253928182,0.0,0.0,0.0,4.0416940856892465,correction_completion,selection_both,2,200,62,4275142229,raw_structured,,,,
ES,k=1,,,1.0,raw_structured,4.173469422264173,4.173196837070428,0.14752070560699948,3.8810609565006007,3.9348122451246197,4.418613627040134,4.470243467914857,0.0,0.0,0.0,4.0416940856892465,correction_completion,selection_both,2,200,62,4275142229,raw_structured,,,,
ES,k=2,,,2.0,raw_structured,4.200991446076839,4.197191514019561,0.1431677123851121,3.9314953790632248,3.9764528027064796,4.44146821157227,4.497080398779793,0.0,0.0,0.0,4.0416940856892465,correction_completion,selection_both,2,200,62,4275142229,raw_structured,,,,
ES,k=3,,,3.0,raw_structured,4.155509205252196,4.161569863272625,0.15648015623278388,3.8383050445121585,3.884958807824785,4.403277832365717,4.448378604497767,0.0,0.0,0.0,4.0416940856892465,correction_completion,selection_both,2,200,62,4275142229,raw_structured,,,,
ATT,ATT,,,,raw_structured,4.137845244459826,4.13904926254971,0.11819185753559834,3.9049928180589326,3.9432301522007585,4.328344819922014,4.367016714388709,0.0,0.0,0.0,4.041694085689247,correction_completion,selection_both,2,200,62,4275142229,raw_structured,,,,
GATT,g=4_t=4,4.0,4.0,0.0,reference_fold_convolution,3.776878716260647,3.7849653393167624,0.243616021579798,3.2790738897077847,3.3791320522695143,4.159348593875876,4.222095771372288,0.0,0.0,0.0,4.0416940856892465,correction_completion,selection_both,2,200,62,4275142229,reference_fold_convolution_rf,3.6785314620446607,39.815304244390944,,"{""0"": {""bar_pi"": 0.52, ""control_ess"": 41.7692148910328, ""fold_sizes"": [{""evaluation"": 100, ""fold"": 0, ""train"": 100}], ""global_fold_bb"": true, ""max_control_odds"": 1.5236224333372175, ""n_clipped"": 0, ""n_complement_units"": 100, ""n_eval_units"": 100, ""posterior_cache_key"": ""g=4_fold=0"", ""posterior_draws"": 1500, ""raw_max_control_odds"": 1.5236224333372175}, ""1"": {""bar_pi"": 0.42, ""control_ess"": 39.815304244390944, ""fold_sizes"": [{""evaluation"": 100, ""fold"": 0, ""train"": 100}], ""global_fold_bb"": true, ""max_control_odds"": 3.6785314620446607, ""n_clipped"": 0, ""n_complement_units"": 100, ""n_eval_units"": 100, ""posterior_cache_key"": ""g=4_fold=1"", ""posterior_draws"": 1500, ""raw_max_control_odds"": 3.6785314620446607}}"
GATT,g=4_t=5,4.0,5.0,1.0,reference_fold_convolution,4.087006601460818,4.091082731620831,0.24594789135126144,3.605343914971515,3.679670572325597,4.484472470331336,4.5559153297517625,0.0,0.0,0.0,4.0416940856892465,correction_completion,selection_both,2,200,62,4275142229,reference_fold_convolution_rf,3.6785314620446607,39.815304244390944,,"{""0"": {""bar_pi"": 0.52, ""control_ess"": 41.7692148910328, ""fold_sizes"": [{""evaluation"": 100, ""fold"": 0, ""train"": 100}], ""global_fold_bb"": true, ""max_control_odds"": 1.5236224333372175, ""n_clipped"": 0, ""n_complement_units"": 100, ""n_eval_units"": 100, ""posterior_cache_key"": ""g=4_fold=0"", ""posterior_draws"": 1500, ""raw_max_control_odds"": 1.5236224333372175}, ""1"": {""bar_pi"": 0.42, ""control_ess"": 39.815304244390944, ""fold_sizes"": [{""evaluation"": 100, ""fold"": 0, ""train"": 100}], ""global_fold_bb"": true, ""max_control_odds"": 3.6785314620446607, ""n_clipped"": 0, ""n_complement_units"": 100, ""n_eval_units"": 100, ""posterior_cache_key"": ""g=4_fold=1"", ""posterior_draws"": 1500, ""raw_max_control_odds"": 3.6785314620446607}}"
GATT,g=4_t=6,4.0,6.0,2.0,reference_fold_convolution,4.322419310201243,4.319772316620777,0.2464622563690875,3.8306333876156162,3.9137102728062096,4.739151829772432,4.818913893783539,0.0,0.0,0.0,4.0416940856892465,correction_completion,selection_both,2,200,62,4275142229,reference_fold_convolution_rf,3.6785314620446607,39.815304244390944,,"{""0"": {""bar_pi"": 0.52, ""control_ess"": 41.7692148910328, ""fold_sizes"": [{""evaluation"": 100, ""fold"": 0, ""train"": 100}], ""global_fold_bb"": true, ""max_control_odds"": 1.5236224333372175, ""n_clipped"": 0, ""n_complement_units"": 100, ""n_eval_units"": 100, ""posterior_cache_key"": ""g=4_fold=0"", ""posterior_draws"": 1500, ""raw_max_control_odds"": 1.5236224333372175}, ""1"": {""bar_pi"": 0.42, ""control_ess"": 39.815304244390944, ""fold_sizes"": [{""evaluation"": 100, ""fold"": 0, ""train"": 100}], ""global_fold_bb"": true, ""max_control_odds"": 3.6785314620446607, ""n_clipped"": 0, ""n_complement_units"": 100, ""n_eval_units"": 100, ""posterior_cache_key"": ""g=4_fold=1"", ""posterior_draws"": 1500, ""raw_max_control_odds"": 3.6785314620446607}}"
GATT,g=4_t=7,4.0,7.0,3.0,reference_fold_convolution,3.9558205145473595,3.955304779593182,0.2519959655651958,3.477912489618871,3.5491935419087106,4.356975432179909,4.46101199867857,0.0,0.0,0.0,4.0416940856892465,correction_completion,selection_both,2,200,62,4275142229,reference_fold_convolution_rf,3.6785314620446607,39.815304244390944,,"{""0"": {""bar_pi"": 0.52, ""control_ess"": 41.7692148910328, ""fold_sizes"": [{""evaluation"": 100, ""fold"": 0, ""train"": 100}], ""global_fold_bb"": true, ""max_control_odds"": 1.5236224333372175, ""n_clipped"": 0, ""n_complement_units"": 100, ""n_eval_units"": 100, ""posterior_cache_key"": ""g=4_fold=0"", ""posterior_draws"": 1500, ""raw_max_control_odds"": 1.5236224333372175}, ""1"": {""bar_pi"": 0.42, ""control_ess"": 39.815304244390944, ""fold_sizes"": [{""evaluation"": 100, ""fold"": 0, ""train"": 100}], ""global_fold_bb"": true, ""max_control_odds"": 3.6785314620446607, ""n_clipped"": 0, ""n_complement_units"": 100, ""n_eval_units"": 100, ""posterior_cache_key"": ""g=4_fold=1"", ""posterior_draws"": 1500, ""raw_max_control_odds"": 3.6785314620446607}}"
ES,k=0,,,0.0,reference_fold_convolution,3.776878716260647,3.7849653393167624,0.243616021579798,3.2790738897077847,3.3791320522695143,4.159348593875876,4.222095771372288,0.0,0.0,0.0,4.0416940856892465,correction_completion,selection_both,2,200,62,4275142229,reference_fold_convolution_rf,,,,{}
ES,k=1,,,1.0,reference_fold_convolution,4.087006601460818,4.091082731620831,0.24594789135126144,3.605343914971515,3.679670572325597,4.484472470331336,4.5559153297517625,0.0,0.0,0.0,4.0416940856892465,correction_completion,selection_both,2,200,62,4275142229,reference_fold_convolution_rf,,,,{}
ES,k=2,,,2.0,reference_fold_convolution,4.322419310201243,4.319772316620777,0.2464622563690875,3.8306333876156162,3.9137102728062096,4.739151829772432,4.818913893783539,0.0,0.0,0.0,4.0416940856892465,correction_completion,selection_both,2,200,62,4275142229,reference_fold_convolution_rf,,,,{}
ES,k=3,,,3.0,reference_fold_convolution,3.9558205145473595,3.955304779593182,0.2519959655651958,3.477912489618871,3.5491935419087106,4.356975432179909,4.46101199867857,0.0,0.0,0.0,4.0416940856892465,correction_completion,selection_both,2,200,62,4275142229,reference_fold_convolution_rf,,,,{}
ATT,ATT,,,,reference_fold_convolution,4.035531285617517,4.037446781258108,0.19917542621981357,3.634432557868006,3.7023051760094,4.362206830817958,4.415066885999546,0.0,0.0,0.0,4.041694085689247,correction_completion,selection_both,2,200,62,4275142229,reference_fold_convolution_rf,,,,{}
GATT,g=4_t=4,4.0,4.0,0.0,raw_structured,3.771751790408217,3.774224231871205,0.1474845221519099,3.486456043940236,3.535386831626478,4.006222949189799,4.059701407273852,0.0,0.0,0.0,3.9206996416199513,correction_completion,selection_obs,3,200,46,517520418,raw_structured,,,,
GATT,g=4_t=5,4.0,5.0,1.0,raw_structured,3.799948716311728,3.804509664403694,0.1435029707143678,3.5074923069513075,3.555820542368372,4.02947827599378,4.078945363485408,0.0,0.0,0.0,3.9206996416199513,correction_completion,selection_obs,3,200,46,517520418,raw_structured,,,,
GATT,g=4_t=6,4.0,6.0,2.0,raw_structured,3.9142008505199866,3.9127502631426534,0.1579299401769618,3.615661617545066,3.6600699012187734,4.177974607692017,4.230856745034407,0.0,0.0,0.0,3.9206996416199513,correction_completion,selection_obs,3,200,46,517520418,raw_structured,,,,
GATT,g=4_t=7,4.0,7.0,3.0,raw_structured,3.982187506429828,3.9784345247639807,0.17090819430248097,3.6642015816731437,3.7081438397315223,4.278700993460265,4.334721306088583,0.0,0.0,0.0,3.9206996416199513,correction_completion,selection_obs,3,200,46,517520418,raw_structured,,,,
ES,k=0,,,0.0,raw_structured,3.771751790408217,3.774224231871205,0.1474845221519099,3.486456043940236,3.535386831626478,4.006222949189799,4.059701407273852,0.0,0.0,0.0,3.9206996416199513,correction_completion,selection_obs,3,200,46,517520418,raw_structured,,,,
ES,k=1,,,1.0,raw_structured,3.799948716311728,3.804509664403694,0.1435029707143678,3.5074923069513075,3.555820542368372,4.02947827599378,4.078945363485408,0.0,0.0,0.0,3.9206996416199513,correction_completion,selection_obs,3,200,46,517520418,raw_structured,,,,
ES,k=2,,,2.0,raw_structured,3.9142008505199866,3.9127502631426534,0.1579299401769618,3.615661617545066,3.6600699012187734,4.177974607692017,4.230856745034407,0.0,0.0,0.0,3.9206996416199513,correction_completion,selection_obs,3,200,46,517520418,raw_structured,,,,
ES,k=3,,,3.0,raw_structured,3.982187506429828,3.9784345247639807,0.17090819430248097,3.6642015816731437,3.7081438397315223,4.278700993460265,4.334721306088583,0.0,0.0,0.0,3.9206996416199513,correction_completion,selection_obs,3,200,46,517520418,raw_structured,,,,
ATT,ATT,,,,raw_structured,3.86702221591744,3.8683676324966667,0.1202230934082341,3.6255074144267185,3.664382513350649,4.063224968729069,4.100941218755342,0.0,0.0,0.0,3.9206996416199513,correction_completion,selection_obs,3,200,46,517520418,raw_structured,,,,
GATT,g=4_t=4,4.0,4.0,0.0,reference_fold_convolution,3.583658292651396,3.585473905497479,0.23339697138434584,3.1349031956914692,3.2007749868161213,3.9556720028434422,4.0385773049149885,0.0,0.0,0.0,3.9206996416199513,correction_completion,selection_obs,3,200,46,517520418,reference_fold_convolution_rf,3.4551540031615326,32.25988509861372,,"{""0"": {""bar_pi"": 0.45, ""control_ess"": 34.06706735928286, ""fold_sizes"": [{""evaluation"": 100, ""fold"": 0, ""train"": 100}], ""global_fold_bb"": true, ""max_control_odds"": 3.4551540031615326, ""n_clipped"": 0, ""n_complement_units"": 100, ""n_eval_units"": 100, ""posterior_cache_key"": ""g=4_fold=0"", ""posterior_draws"": 1500, ""raw_max_control_odds"": 3.4551540031615326}, ""1"": {""bar_pi"": 0.52, ""control_ess"": 32.25988509861372, ""fold_sizes"": [{""evaluation"": 100, ""fold"": 0, ""train"": 100}], ""global_fold_bb"": true, ""max_control_odds"": 2.3075175139317428, ""n_clipped"": 0, ""n_complement_units"": 100, ""n_eval_units"": 100, ""posterior_cache_key"": ""g=4_fold=1"", ""posterior_draws"": 1500, ""raw_max_control_odds"": 2.3075175139317428}}"
GATT,g=4_t=5,4.0,5.0,1.0,reference_fold_convolution,3.5986741927714223,3.5980190479141654,0.2621882512974096,3.0988673013212513,3.175310456631185,4.016227764455708,4.122490460102421,0.0,0.0,0.0,3.9206996416199513,correction_completion,selection_obs,3,200,46,517520418,reference_fold_convolution_rf,3.4551540031615326,32.25988509861372,,"{""0"": {""bar_pi"": 0.45, ""control_ess"": 34.06706735928286, ""fold_sizes"": [{""evaluation"": 100, ""fold"": 0, ""train"": 100}], ""global_fold_bb"": true, ""max_control_odds"": 3.4551540031615326, ""n_clipped"": 0, ""n_complement_units"": 100, ""n_eval_units"": 100, ""posterior_cache_key"": ""g=4_fold=0"", ""posterior_draws"": 1500, ""raw_max_control_odds"": 3.4551540031615326}, ""1"": {""bar_pi"": 0.52, ""control_ess"": 32.25988509861372, ""fold_sizes"": [{""evaluation"": 100, ""fold"": 0, ""train"": 100}], ""global_fold_bb"": true, ""max_control_odds"": 2.3075175139317428, ""n_clipped"": 0, ""n_complement_units"": 100, ""n_eval_units"": 100, ""posterior_cache_key"": ""g=4_fold=1"", ""posterior_draws"": 1500, ""raw_max_control_odds"": 2.3075175139317428}}"
GATT,g=4_t=6,4.0,6.0,2.0,reference_fold_convolution,4.016096792445714,4.010839264712484,0.24500409917685528,3.5224999823639602,3.611835989267862,4.412174183416304,4.515306778944763,0.0,0.0,0.0,3.9206996416199513,correction_completion,selection_obs,3,200,46,517520418,reference_fold_convolution_rf,3.4551540031615326,32.25988509861372,,"{""0"": {""bar_pi"": 0.45, ""control_ess"": 34.06706735928286, ""fold_sizes"": [{""evaluation"": 100, ""fold"": 0, ""train"": 100}], ""global_fold_bb"": true, ""max_control_odds"": 3.4551540031615326, ""n_clipped"": 0, ""n_complement_units"": 100, ""n_eval_units"": 100, ""posterior_cache_key"": ""g=4_fold=0"", ""posterior_draws"": 1500, ""raw_max_control_odds"": 3.4551540031615326}, ""1"": {""bar_pi"": 0.52, ""control_ess"": 32.25988509861372, ""fold_sizes"": [{""evaluation"": 100, ""fold"": 0, ""train"": 100}], ""global_fold_bb"": true, ""max_control_odds"": 2.3075175139317428, ""n_clipped"": 0, ""n_complement_units"": 100, ""n_eval_units"": 100, ""posterior_cache_key"": ""g=4_fold=1"", ""posterior_draws"": 1500, ""raw_max_control_odds"": 2.3075175139317428}}"
GATT,g=4_t=7,4.0,7.0,3.0,reference_fold_convolution,3.641030348213691,3.6545354221078865,0.2850571252354146,3.060374269458825,3.157506212802524,4.076704497616361,4.163695184480065,0.0,0.0,0.0,3.9206996416199513,correction_completion,selection_obs,3,200,46,517520418,reference_fold_convolution_rf,3.4551540031615326,32.25988509861372,,"{""0"": {""bar_pi"": 0.45, ""control_ess"": 34.06706735928286, ""fold_sizes"": [{""evaluation"": 100, ""fold"": 0, ""train"": 100}], ""global_fold_bb"": true, ""max_control_odds"": 3.4551540031615326, ""n_clipped"": 0, ""n_complement_units"": 100, ""n_eval_units"": 100, ""posterior_cache_key"": ""g=4_fold=0"", ""posterior_draws"": 1500, ""raw_max_control_odds"": 3.4551540031615326}, ""1"": {""bar_pi"": 0.52, ""control_ess"": 32.25988509861372, ""fold_sizes"": [{""evaluation"": 100, ""fold"": 0, ""train"": 100}], ""global_fold_bb"": true, ""max_control_odds"": 2.3075175139317428, ""n_clipped"": 0, ""n_complement_units"": 100, ""n_eval_units"": 100, ""posterior_cache_key"": ""g=4_fold=1"", ""posterior_draws"": 1500, ""raw_max_control_odds"": 2.3075175139317428}}"
ES,k=0,,,0.0,reference_fold_convolution,3.583658292651396,3.585473905497479,0.23339697138434584,3.1349031956914692,3.2007749868161213,3.9556720028434422,4.0385773049149885,0.0,0.0,0.0,3.9206996416199513,correction_completion,selection_obs,3,200,46,517520418,reference_fold_convolution_rf,,,,{}
ES,k=1,,,1.0,reference_fold_convolution,3.5986741927714223,3.5980190479141654,0.2621882512974096,3.0988673013212513,3.175310456631185,4.016227764455708,4.122490460102421,0.0,0.0,0.0,3.9206996416199513,correction_completion,selection_obs,3,200,46,517520418,reference_fold_convolution_rf,,,,{}
ES,k=2,,,2.0,reference_fold_convolution,4.016096792445714,4.010839264712484,0.24500409917685528,3.5224999823639602,3.611835989267862,4.412174183416304,4.515306778944763,0.0,0.0,0.0,3.9206996416199513,correction_completion,selection_obs,3,200,46,517520418,reference_fold_convolution_rf,,,,{}
ES,k=3,,,3.0,reference_fold_convolution,3.641030348213691,3.6545354221078865,0.2850571252354146,3.060374269458825,3.157506212802524,4.076704497616361,4.163695184480065,0.0,0.0,0.0,3.9206996416199513,correction_completion,selection_obs,3,200,46,517520418,reference_fold_convolution_rf,,,,{}
ATT,ATT,,,,reference_fold_convolution,3.709864906520556,3.714057310026464,0.20850142660749071,3.3109511023637626,3.3719300928913833,4.055225345903353,4.126177187611013,0.0,0.0,0.0,3.9206996416199513,correction_completion,selection_obs,3,200,46,517520418,reference_fold_convolution_rf,,,,{}
GATT,g=4_t=4,4.0,4.0,0.0,raw_structured,3.8607500897222695,3.8567308826853797,0.08026340320733008,3.704948000081884,3.7322955284454653,3.994047142709413,4.0155254757637,0.0,0.0,0.0,3.767535322805441,correction_completion,serial_sweep,1,400,30,764847615,raw_structured,,,,
GATT,g=4_t=5,4.0,5.0,1.0,raw_structured,3.850446290123494,3.850896612690594,0.07593579970253493,3.6928910493055302,3.7217545911386876,3.9774933358443008,3.9976172007145165,0.0,0.0,0.0,3.767535322805441,correction_completion,serial_sweep,1,400,30,764847615,raw_structured,,,,
GATT,g=4_t=6,4.0,6.0,2.0,raw_structured,3.8620258909622462,3.860746562728356,0.07996192723536955,3.703721579706978,3.731643229476032,3.9927429134347507,4.015518266123902,0.0,0.0,0.0,3.767535322805441,correction_completion,serial_sweep,1,400,30,764847615,raw_structured,,,,
GATT,g=4_t=7,4.0,7.0,3.0,raw_structured,3.951048362388518,3.9457571889080723,0.1046665156227465,3.7625474540362878,3.79279829143236,4.132667606032442,4.16860492901625,0.0,0.0,0.0,3.767535322805441,correction_completion,serial_sweep,1,400,30,764847615,raw_structured,,,,
ES,k=0,,,0.0,raw_structured,3.8607500897222695,3.8567308826853797,0.08026340320733008,3.704948000081884,3.7322955284454653,3.994047142709413,4.0155254757637,0.0,0.0,0.0,3.767535322805441,correction_completion,serial_sweep,1,400,30,764847615,raw_structured,,,,
ES,k=1,,,1.0,raw_structured,3.850446290123494,3.850896612690594,0.07593579970253493,3.6928910493055302,3.7217545911386876,3.9774933358443008,3.9976172007145165,0.0,0.0,0.0,3.767535322805441,correction_completion,serial_sweep,1,400,30,764847615,raw_structured,,,,
ES,k=2,,,2.0,raw_structured,3.8620258909622462,3.860746562728356,0.07996192723536955,3.703721579706978,3.731643229476032,3.9927429134347507,4.015518266123902,0.0,0.0,0.0,3.767535322805441,correction_completion,serial_sweep,1,400,30,764847615,raw_structured,,,,
ES,k=3,,,3.0,raw_structured,3.951048362388518,3.9457571889080723,0.1046665156227465,3.7625474540362878,3.79279829143236,4.132667606032442,4.16860492901625,0.0,0.0,0.0,3.767535322805441,correction_completion,serial_sweep,1,400,30,764847615,raw_structured,,,,
ATT,ATT,,,,raw_structured,3.881067658299131,3.8803928706532225,0.06558585520104028,3.7476047681294395,3.7721693660639386,3.99158602695231,4.010378220563428,0.0,0.0,0.0,3.7675353228054416,correction_completion,serial_sweep,1,400,30,764847615,raw_structured,,,,
GATT,g=4_t=4,4.0,4.0,0.0,reference_fold_convolution,3.9554442445085747,3.95512327947203,0.12463838815193269,3.710103334465038,3.7508239601933147,4.158065205446903,4.187285547605743,0.0,0.0,0.0,3.767535322805441,correction_completion,serial_sweep,1,400,30,764847615,reference_fold_convolution_rf,3.5566110125274117,78.67344513975169,,"{""0"": {""bar_pi"": 0.51, ""control_ess"": 78.67344513975169, ""fold_sizes"": [{""evaluation"": 200, ""fold"": 0, ""train"": 200}], ""global_fold_bb"": true, ""max_control_odds"": 3.2295091988713596, ""n_clipped"": 0, ""n_complement_units"": 200, ""n_eval_units"": 200, ""posterior_cache_key"": ""g=4_fold=0"", ""posterior_draws"": 1500, ""raw_max_control_odds"": 3.2295091988713596}, ""1"": {""bar_pi"": 0.48, ""control_ess"": 84.79717635211442, ""fold_sizes"": [{""evaluation"": 200, ""fold"": 0, ""train"": 200}], ""global_fold_bb"": true, ""max_control_odds"": 3.5566110125274117, ""n_clipped"": 0, ""n_complement_units"": 200, ""n_eval_units"": 200, ""posterior_cache_key"": ""g=4_fold=1"", ""posterior_draws"": 1500, ""raw_max_control_odds"": 3.5566110125274117}}"
GATT,g=4_t=5,4.0,5.0,1.0,reference_fold_convolution,3.9851907275255387,3.9799061846805097,0.13759245909750806,3.735409546824896,3.7745085957501336,4.221399844871992,4.256069799444195,0.0,0.0,0.0,3.767535322805441,correction_completion,serial_sweep,1,400,30,764847615,reference_fold_convolution_rf,3.5566110125274117,78.67344513975169,,"{""0"": {""bar_pi"": 0.51, ""control_ess"": 78.67344513975169, ""fold_sizes"": [{""evaluation"": 200, ""fold"": 0, ""train"": 200}], ""global_fold_bb"": true, ""max_control_odds"": 3.2295091988713596, ""n_clipped"": 0, ""n_complement_units"": 200, ""n_eval_units"": 200, ""posterior_cache_key"": ""g=4_fold=0"", ""posterior_draws"": 1500, ""raw_max_control_odds"": 3.2295091988713596}, ""1"": {""bar_pi"": 0.48, ""control_ess"": 84.79717635211442, ""fold_sizes"": [{""evaluation"": 200, ""fold"": 0, ""train"": 200}], ""global_fold_bb"": true, ""max_control_odds"": 3.5566110125274117, ""n_clipped"": 0, ""n_complement_units"": 200, ""n_eval_units"": 200, ""posterior_cache_key"": ""g=4_fold=1"", ""posterior_draws"": 1500, ""raw_max_control_odds"": 3.5566110125274117}}"
GATT,g=4_t=6,4.0,6.0,2.0,reference_fold_convolution,3.9254218463317714,3.9216254643156216,0.14897521602316996,3.6458340817093573,3.6897930612219954,4.162774462957546,4.209433329426007,0.0,0.0,0.0,3.767535322805441,correction_completion,serial_sweep,1,400,30,764847615,reference_fold_convolution_rf,3.5566110125274117,78.67344513975169,,"{""0"": {""bar_pi"": 0.51, ""control_ess"": 78.67344513975169, ""fold_sizes"": [{""evaluation"": 200, ""fold"": 0, ""train"": 200}], ""global_fold_bb"": true, ""max_control_odds"": 3.2295091988713596, ""n_clipped"": 0, ""n_complement_units"": 200, ""n_eval_units"": 200, ""posterior_cache_key"": ""g=4_fold=0"", ""posterior_draws"": 1500, ""raw_max_control_odds"": 3.2295091988713596}, ""1"": {""bar_pi"": 0.48, ""control_ess"": 84.79717635211442, ""fold_sizes"": [{""evaluation"": 200, ""fold"": 0, ""train"": 200}], ""global_fold_bb"": true, ""max_control_odds"": 3.5566110125274117, ""n_clipped"": 0, ""n_complement_units"": 200, ""n_eval_units"": 200, ""posterior_cache_key"": ""g=4_fold=1"", ""posterior_draws"": 1500, ""raw_max_control_odds"": 3.5566110125274117}}"
GATT,g=4_t=7,4.0,7.0,3.0,reference_fold_convolution,4.108280307999888,4.107707977612418,0.16034115791760778,3.7837384548663806,3.8524815158522516,4.379442124493021,4.4322544322072215,0.0,0.0,0.0,3.767535322805441,correction_completion,serial_sweep,1,400,30,764847615,reference_fold_convolution_rf,3.5566110125274117,78.67344513975169,,"{""0"": {""bar_pi"": 0.51, ""control_ess"": 78.67344513975169, ""fold_sizes"": [{""evaluation"": 200, ""fold"": 0, ""train"": 200}], ""global_fold_bb"": true, ""max_control_odds"": 3.2295091988713596, ""n_clipped"": 0, ""n_complement_units"": 200, ""n_eval_units"": 200, ""posterior_cache_key"": ""g=4_fold=0"", ""posterior_draws"": 1500, ""raw_max_control_odds"": 3.2295091988713596}, ""1"": {""bar_pi"": 0.48, ""control_ess"": 84.79717635211442, ""fold_sizes"": [{""evaluation"": 200, ""fold"": 0, ""train"": 200}], ""global_fold_bb"": true, ""max_control_odds"": 3.5566110125274117, ""n_clipped"": 0, ""n_complement_units"": 200, ""n_eval_units"": 200, ""posterior_cache_key"": ""g=4_fold=1"", ""posterior_draws"": 1500, ""raw_max_control_odds"": 3.5566110125274117}}"
ES,k=0,,,0.0,reference_fold_convolution,3.9554442445085747,3.95512327947203,0.12463838815193269,3.710103334465038,3.7508239601933147,4.158065205446903,4.187285547605743,0.0,0.0,0.0,3.767535322805441,correction_completion,serial_sweep,1,400,30,764847615,reference_fold_convolution_rf,,,,{}
ES,k=1,,,1.0,reference_fold_convolution,3.9851907275255387,3.9799061846805097,0.13759245909750806,3.735409546824896,3.7745085957501336,4.221399844871992,4.256069799444195,0.0,0.0,0.0,3.767535322805441,correction_completion,serial_sweep,1,400,30,764847615,reference_fold_convolution_rf,,,,{}
ES,k=2,,,2.0,reference_fold_convolution,3.9254218463317714,3.9216254643156216,0.14897521602316996,3.6458340817093573,3.6897930612219954,4.162774462957546,4.209433329426007,0.0,0.0,0.0,3.767535322805441,correction_completion,serial_sweep,1,400,30,764847615,reference_fold_convolution_rf,,,,{}
ES,k=3,,,3.0,reference_fold_convolution,4.108280307999888,4.107707977612418,0.16034115791760778,3.7837384548663806,3.8524815158522516,4.379442124493021,4.4322544322072215,0.0,0.0,0.0,3.767535322805441,correction_completion,serial_sweep,1,400,30,764847615,reference_fold_convolution_rf,,,,{}
ATT,ATT,,,,reference_fold_convolution,3.993584281591443,3.988287611296921,0.1223309385687922,3.760550331915742,3.800831533190378,4.19892410389011,4.230493590114566,0.0,0.0,0.0,3.7675353228054416,correction_completion,serial_sweep,1,400,30,764847615,reference_fold_convolution_rf,,,,{}
GATT,g=4_t=4,4.0,4.0,0.0,raw_structured,3.9969697750822624,4.000614563568256,0.2616166005674176,3.485556621723668,3.5609194463635334,4.418262507304057,4.504487964396543,0.0,0.0,0.0,3.956649565116226,correction_completion,serial_sweep_d3,3,50,14,1470822747,raw_structured,,,,
GATT,g=4_t=5,4.0,5.0,1.0,raw_structured,4.168639737111842,4.1744976904122275,0.26953975554921333,3.6259429585294742,3.7155305161096543,4.605498561638177,4.682594950471164,0.0,0.0,0.0,3.956649565116226,correction_completion,serial_sweep_d3,3,50,14,1470822747,raw_structured,,,,
GATT,g=4_t=6,4.0,6.0,2.0,raw_structured,4.252790224160386,4.25179459126236,0.2729912432983623,3.705009276838115,3.816624061033501,4.7075400291294285,4.772172633037113,0.0,0.0,0.0,3.956649565116226,correction_completion,serial_sweep_d3,3,50,14,1470822747,raw_structured,,,,
GATT,g=4_t=7,4.0,7.0,3.0,raw_structured,4.198430883636737,4.208842319940249,0.29464135981538336,3.565471996368784,3.7088230110469316,4.666710317842376,4.766961212182897,0.0,0.0,0.0,3.956649565116226,correction_completion,serial_sweep_d3,3,50,14,1470822747,raw_structured,,,,
ES,k=0,,,0.0,raw_structured,3.9969697750822624,4.000614563568256,0.2616166005674176,3.485556621723668,3.5609194463635334,4.418262507304057,4.504487964396543,0.0,0.0,0.0,3.956649565116226,correction_completion,serial_sweep_d3,3,50,14,1470822747,raw_structured,,,,
ES,k=1,,,1.0,raw_structured,4.168639737111842,4.1744976904122275,0.26953975554921333,3.6259429585294742,3.7155305161096543,4.605498561638177,4.682594950471164,0.0,0.0,0.0,3.956649565116226,correction_completion,serial_sweep_d3,3,50,14,1470822747,raw_structured,,,,
ES,k=2,,,2.0,raw_structured,4.252790224160386,4.25179459126236,0.2729912432983623,3.705009276838115,3.816624061033501,4.7075400291294285,4.772172633037113,0.0,0.0,0.0,3.956649565116226,correction_completion,serial_sweep_d3,3,50,14,1470822747,raw_structured,,,,
ES,k=3,,,3.0,raw_structured,4.198430883636737,4.208842319940249,0.29464135981538336,3.565471996368784,3.7088230110469316,4.666710317842376,4.766961212182897,0.0,0.0,0.0,3.956649565116226,correction_completion,serial_sweep_d3,3,50,14,1470822747,raw_structured,,,,
ATT,ATT,,,,raw_structured,4.154207654997807,4.160384059903441,0.2341079833911761,3.6540031601547374,3.761522691951918,4.525221613801285,4.584248411178987,0.0,0.0,0.0,3.9566495651162272,correction_completion,serial_sweep_d3,3,50,14,1470822747,raw_structured,,,,
GATT,g=4_t=4,4.0,4.0,0.0,reference_fold_convolution,4.08236408557831,4.084276968382548,0.3697871409331183,3.339538757784229,3.515034749400785,4.654775713367234,4.78638291709717,0.0,0.0,0.0,3.956649565116226,correction_completion,serial_sweep_d3,3,50,14,1470822747,reference_fold_convolution_rf,2.175809951833548,7.999686795751261,,"{""0"": {""bar_pi"": 0.68, ""control_ess"": 7.999686795751261, ""fold_sizes"": [{""evaluation"": 25, ""fold"": 0, ""train"": 25}], ""global_fold_bb"": true, ""max_control_odds"": 0.9687641117707313, ""n_clipped"": 0, ""n_complement_units"": 25, ""n_eval_units"": 25, ""posterior_cache_key"": ""g=4_fold=0"", ""posterior_draws"": 1500, ""raw_max_control_odds"": 0.9687641117707313}, ""1"": {""bar_pi"": 0.48, ""control_ess"": 12.999779561968696, ""fold_sizes"": [{""evaluation"": 25, ""fold"": 0, ""train"": 25}], ""global_fold_bb"": true, ""max_control_odds"": 2.175809951833548, ""n_clipped"": 0, ""n_complement_units"": 25, ""n_eval_units"": 25, ""posterior_cache_key"": ""g=4_fold=1"", ""posterior_draws"": 1500, ""raw_max_control_odds"": 2.175809951833548}}"
GATT,g=4_t=5,4.0,5.0,1.0,reference_fold_convolution,3.8251337050647587,3.825692573997782,0.4903621898703329,2.849795030073759,3.0615138606238195,4.60703632197813,4.799413137102477,0.0,0.0,0.0,3.956649565116226,correction_completion,serial_sweep_d3,3,50,14,1470822747,reference_fold_convolution_rf,2.175809951833548,7.999686795751261,,"{""0"": {""bar_pi"": 0.68, ""control_ess"": 7.999686795751261, ""fold_sizes"": [{""evaluation"": 25, ""fold"": 0, ""train"": 25}], ""global_fold_bb"": true, ""max_control_odds"": 0.9687641117707313, ""n_clipped"": 0, ""n_complement_units"": 25, ""n_eval_units"": 25, ""posterior_cache_key"": ""g=4_fold=0"", ""posterior_draws"": 1500, ""raw_max_control_odds"": 0.9687641117707313}, ""1"": {""bar_pi"": 0.48, ""control_ess"": 12.999779561968696, ""fold_sizes"": [{""evaluation"": 25, ""fold"": 0, ""train"": 25}], ""global_fold_bb"": true, ""max_control_odds"": 2.175809951833548, ""n_clipped"": 0, ""n_complement_units"": 25, ""n_eval_units"": 25, ""posterior_cache_key"": ""g=4_fold=1"", ""posterior_draws"": 1500, ""raw_max_control_odds"": 2.175809951833548}}"
GATT,g=4_t=6,4.0,6.0,2.0,reference_fold_convolution,4.226322548587459,4.1913862940291935,0.4798882331671513,3.3282146489880637,3.5300332395182905,5.0585654022884485,5.222361878924513,0.0,0.0,0.0,3.956649565116226,correction_completion,serial_sweep_d3,3,50,14,1470822747,reference_fold_convolution_rf,2.175809951833548,7.999686795751261,,"{""0"": {""bar_pi"": 0.68, ""control_ess"": 7.999686795751261, ""fold_sizes"": [{""evaluation"": 25, ""fold"": 0, ""train"": 25}], ""global_fold_bb"": true, ""max_control_odds"": 0.9687641117707313, ""n_clipped"": 0, ""n_complement_units"": 25, ""n_eval_units"": 25, ""posterior_cache_key"": ""g=4_fold=0"", ""posterior_draws"": 1500, ""raw_max_control_odds"": 0.9687641117707313}, ""1"": {""bar_pi"": 0.48, ""control_ess"": 12.999779561968696, ""fold_sizes"": [{""evaluation"": 25, ""fold"": 0, ""train"": 25}], ""global_fold_bb"": true, ""max_control_odds"": 2.175809951833548, ""n_clipped"": 0, ""n_complement_units"": 25, ""n_eval_units"": 25, ""posterior_cache_key"": ""g=4_fold=1"", ""posterior_draws"": 1500, ""raw_max_control_odds"": 2.175809951833548}}"
GATT,g=4_t=7,4.0,7.0,3.0,reference_fold_convolution,3.9192134449494618,3.8964523939724547,0.6154179564746385,2.735624752087062,2.9563250722520586,4.921890322114885,5.212855218704948,0.0,0.0,0.0,3.956649565116226,correction_completion,serial_sweep_d3,3,50,14,1470822747,reference_fold_convolution_rf,2.175809951833548,7.999686795751261,,"{""0"": {""bar_pi"": 0.68, ""control_ess"": 7.999686795751261, ""fold_sizes"": [{""evaluation"": 25, ""fold"": 0, ""train"": 25}], ""global_fold_bb"": true, ""max_control_odds"": 0.9687641117707313, ""n_clipped"": 0, ""n_complement_units"": 25, ""n_eval_units"": 25, ""posterior_cache_key"": ""g=4_fold=0"", ""posterior_draws"": 1500, ""raw_max_control_odds"": 0.9687641117707313}, ""1"": {""bar_pi"": 0.48, ""control_ess"": 12.999779561968696, ""fold_sizes"": [{""evaluation"": 25, ""fold"": 0, ""train"": 25}], ""global_fold_bb"": true, ""max_control_odds"": 2.175809951833548, ""n_clipped"": 0, ""n_complement_units"": 25, ""n_eval_units"": 25, ""posterior_cache_key"": ""g=4_fold=1"", ""posterior_draws"": 1500, ""raw_max_control_odds"": 2.175809951833548}}"
ES,k=0,,,0.0,reference_fold_convolution,4.08236408557831,4.084276968382548,0.3697871409331183,3.339538757784229,3.515034749400785,4.654775713367234,4.78638291709717,0.0,0.0,0.0,3.956649565116226,correction_completion,serial_sweep_d3,3,50,14,1470822747,reference_fold_convolution_rf,,,,{}
ES,k=1,,,1.0,reference_fold_convolution,3.8251337050647587,3.825692573997782,0.4903621898703329,2.849795030073759,3.0615138606238195,4.60703632197813,4.799413137102477,0.0,0.0,0.0,3.956649565116226,correction_completion,serial_sweep_d3,3,50,14,1470822747,reference_fold_convolution_rf,,,,{}
ES,k=2,,,2.0,reference_fold_convolution,4.226322548587459,4.1913862940291935,0.4798882331671513,3.3282146489880637,3.5300332395182905,5.0585654022884485,5.222361878924513,0.0,0.0,0.0,3.956649565116226,correction_completion,serial_sweep_d3,3,50,14,1470822747,reference_fold_convolution_rf,,,,{}
ES,k=3,,,3.0,reference_fold_convolution,3.9192134449494618,3.8964523939724547,0.6154179564746385,2.735624752087062,2.9563250722520586,4.921890322114885,5.212855218704948,0.0,0.0,0.0,3.956649565116226,correction_completion,serial_sweep_d3,3,50,14,1470822747,reference_fold_convolution_rf,,,,{}
ATT,ATT,,,,reference_fold_convolution,4.013258446044997,3.9990422991453807,0.42318665082297796,3.1802688345369634,3.3608142065777593,4.68871693582077,4.88548234656283,0.0,0.0,0.0,3.9566495651162272,correction_completion,serial_sweep_d3,3,50,14,1470822747,reference_fold_convolution_rf,,,,{}
GATT,g=4_t=4,4.0,4.0,0.0,raw_structured,3.666453192307591,3.668255060387569,0.06490824519172399,3.5434260567212026,3.5616326566868346,3.7654766291094526,3.7823325090270865,0.0,0.0,0.0,3.7347099633575844,correction_completion,serial_sweep_d3,3,800,98,3674991736,raw_structured,,,,
GATT,g=4_t=5,4.0,5.0,1.0,raw_structured,3.6767725379319978,3.677982402048942,0.056949016708353624,3.5701751691734516,3.5862677174867734,3.7681974105581513,3.7817477143412743,0.0,0.0,0.0,3.7347099633575844,correction_completion,serial_sweep_d3,3,800,98,3674991736,raw_structured,,,,
GATT,g=4_t=6,4.0,6.0,2.0,raw_structured,3.6788475476573765,3.679153455818909,0.055979562873941846,3.5709186830450377,3.5899964506555033,3.770379443672559,3.78466680264489,0.0,0.0,0.0,3.7347099633575844,correction_completion,serial_sweep_d3,3,800,98,3674991736,raw_structured,,,,
GATT,g=4_t=7,4.0,7.0,3.0,raw_structured,3.6663458508295355,3.6682845193288056,0.06085833813024207,3.544692153845329,3.5606657744293555,3.760556365948397,3.7771928834583828,0.0,0.0,0.0,3.7347099633575844,correction_completion,serial_sweep_d3,3,800,98,3674991736,raw_structured,,,,
ES,k=0,,,0.0,raw_structured,3.666453192307591,3.668255060387569,0.06490824519172399,3.5434260567212026,3.5616326566868346,3.7654766291094526,3.7823325090270865,0.0,0.0,0.0,3.7347099633575844,correction_completion,serial_sweep_d3,3,800,98,3674991736,raw_structured,,,,
ES,k=1,,,1.0,raw_structured,3.6767725379319978,3.677982402048942,0.056949016708353624,3.5701751691734516,3.5862677174867734,3.7681974105581513,3.7817477143412743,0.0,0.0,0.0,3.7347099633575844,correction_completion,serial_sweep_d3,3,800,98,3674991736,raw_structured,,,,
ES,k=2,,,2.0,raw_structured,3.6788475476573765,3.679153455818909,0.055979562873941846,3.5709186830450377,3.5899964506555033,3.770379443672559,3.78466680264489,0.0,0.0,0.0,3.7347099633575844,correction_completion,serial_sweep_d3,3,800,98,3674991736,raw_structured,,,,
ES,k=3,,,3.0,raw_structured,3.6663458508295355,3.6682845193288056,0.06085833813024207,3.544692153845329,3.5606657744293555,3.760556365948397,3.7771928834583828,0.0,0.0,0.0,3.7347099633575844,correction_completion,serial_sweep_d3,3,800,98,3674991736,raw_structured,,,,
ATT,ATT,,,,raw_structured,3.6721047821816244,3.670883795991921,0.05093398496825453,3.576613314360136,3.5904162894170573,3.7540863808957567,3.771792368914305,0.0,0.0,0.0,3.7347099633575835,correction_completion,serial_sweep_d3,3,800,98,3674991736,raw_structured,,,,
GATT,g=4_t=4,4.0,4.0,0.0,reference_fold_convolution,3.5870511717747906,3.585388831179235,0.08739990295458505,3.4130129988639553,3.4465286862943967,3.7312519819734082,3.7600081879892855,0.0,0.0,0.0,3.7347099633575844,correction_completion,serial_sweep_d3,3,800,98,3674991736,reference_fold_convolution_rf,3.291877480345548,156.17736123176232,,"{""0"": {""bar_pi"": 0.4975, ""control_ess"": 175.37254581984837, ""fold_sizes"": [{""evaluation"": 400, ""fold"": 0, ""train"": 400}], ""global_fold_bb"": true, ""max_control_odds"": 3.1551308789633357, ""n_clipped"": 0, ""n_complement_units"": 400, ""n_eval_units"": 400, ""posterior_cache_key"": ""g=4_fold=0"", ""posterior_draws"": 1500, ""raw_max_control_odds"": 3.1551308789633357}, ""1"": {""bar_pi"": 0.52, ""control_ess"": 156.17736123176232, ""fold_sizes"": [{""evaluation"": 400, ""fold"": 0, ""train"": 400}], ""global_fold_bb"": true, ""max_control_odds"": 3.291877480345548, ""n_clipped"": 0, ""n_complement_units"": 400, ""n_eval_units"": 400, ""posterior_cache_key"": ""g=4_fold=1"", ""posterior_draws"": 1500, ""raw_max_control_odds"": 3.291877480345548}}"
GATT,g=4_t=5,4.0,5.0,1.0,reference_fold_convolution,3.690373731301952,3.6885185777681366,0.10492667372465023,3.4833544003706023,3.5196725606897563,3.866470014499387,3.904099021317293,0.0,0.0,0.0,3.7347099633575844,correction_completion,serial_sweep_d3,3,800,98,3674991736,reference_fold_convolution_rf,3.291877480345548,156.17736123176232,,"{""0"": {""bar_pi"": 0.4975, ""control_ess"": 175.37254581984837, ""fold_sizes"": [{""evaluation"": 400, ""fold"": 0, ""train"": 400}], ""global_fold_bb"": true, ""max_control_odds"": 3.1551308789633357, ""n_clipped"": 0, ""n_complement_units"": 400, ""n_eval_units"": 400, ""posterior_cache_key"": ""g=4_fold=0"", ""posterior_draws"": 1500, ""raw_max_control_odds"": 3.1551308789633357}, ""1"": {""bar_pi"": 0.52, ""control_ess"": 156.17736123176232, ""fold_sizes"": [{""evaluation"": 400, ""fold"": 0, ""train"": 400}], ""global_fold_bb"": true, ""max_control_odds"": 3.291877480345548, ""n_clipped"": 0, ""n_complement_units"": 400, ""n_eval_units"": 400, ""posterior_cache_key"": ""g=4_fold=1"", ""posterior_draws"": 1500, ""raw_max_control_odds"": 3.291877480345548}}"
GATT,g=4_t=6,4.0,6.0,2.0,reference_fold_convolution,3.6402882224130555,3.640139466060618,0.10899044107390489,3.4220246032919452,3.4622974291918007,3.82302734863958,3.85798979120997,0.0,0.0,0.0,3.7347099633575844,correction_completion,serial_sweep_d3,3,800,98,3674991736,reference_fold_convolution_rf,3.291877480345548,156.17736123176232,,"{""0"": {""bar_pi"": 0.4975, ""control_ess"": 175.37254581984837, ""fold_sizes"": [{""evaluation"": 400, ""fold"": 0, ""train"": 400}], ""global_fold_bb"": true, ""max_control_odds"": 3.1551308789633357, ""n_clipped"": 0, ""n_complement_units"": 400, ""n_eval_units"": 400, ""posterior_cache_key"": ""g=4_fold=0"", ""posterior_draws"": 1500, ""raw_max_control_odds"": 3.1551308789633357}, ""1"": {""bar_pi"": 0.52, ""control_ess"": 156.17736123176232, ""fold_sizes"": [{""evaluation"": 400, ""fold"": 0, ""train"": 400}], ""global_fold_bb"": true, ""max_control_odds"": 3.291877480345548, ""n_clipped"": 0, ""n_complement_units"": 400, ""n_eval_units"": 400, ""posterior_cache_key"": ""g=4_fold=1"", ""posterior_draws"": 1500, ""raw_max_control_odds"": 3.291877480345548}}"
GATT,g=4_t=7,4.0,7.0,3.0,reference_fold_convolution,3.617694183203096,3.6189227338834087,0.11679823183826779,3.3882894121966114,3.425809730708636,3.8104087468427843,3.851307185192615,0.0,0.0,0.0,3.7347099633575844,correction_completion,serial_sweep_d3,3,800,98,3674991736,reference_fold_convolution_rf,3.291877480345548,156.17736123176232,,"{""0"": {""bar_pi"": 0.4975, ""control_ess"": 175.37254581984837, ""fold_sizes"": [{""evaluation"": 400, ""fold"": 0, ""train"": 400}], ""global_fold_bb"": true, ""max_control_odds"": 3.1551308789633357, ""n_clipped"": 0, ""n_complement_units"": 400, ""n_eval_units"": 400, ""posterior_cache_key"": ""g=4_fold=0"", ""posterior_draws"": 1500, ""raw_max_control_odds"": 3.1551308789633357}, ""1"": {""bar_pi"": 0.52, ""control_ess"": 156.17736123176232, ""fold_sizes"": [{""evaluation"": 400, ""fold"": 0, ""train"": 400}], ""global_fold_bb"": true, ""max_control_odds"": 3.291877480345548, ""n_clipped"": 0, ""n_complement_units"": 400, ""n_eval_units"": 400, ""posterior_cache_key"": ""g=4_fold=1"", ""posterior_draws"": 1500, ""raw_max_control_odds"": 3.291877480345548}}"
ES,k=0,,,0.0,reference_fold_convolution,3.5870511717747906,3.585388831179235,0.08739990295458505,3.4130129988639553,3.4465286862943967,3.7312519819734082,3.7600081879892855,0.0,0.0,0.0,3.7347099633575844,correction_completion,serial_sweep_d3,3,800,98,3674991736,reference_fold_convolution_rf,,,,{}
ES,k=1,,,1.0,reference_fold_convolution,3.690373731301952,3.6885185777681366,0.10492667372465023,3.4833544003706023,3.5196725606897563,3.866470014499387,3.904099021317293,0.0,0.0,0.0,3.7347099633575844,correction_completion,serial_sweep_d3,3,800,98,3674991736,reference_fold_convolution_rf,,,,{}
ES,k=2,,,2.0,reference_fold_convolution,3.6402882224130555,3.640139466060618,0.10899044107390489,3.4220246032919452,3.4622974291918007,3.82302734863958,3.85798979120997,0.0,0.0,0.0,3.7347099633575844,correction_completion,serial_sweep_d3,3,800,98,3674991736,reference_fold_convolution_rf,,,,{}
ES,k=3,,,3.0,reference_fold_convolution,3.617694183203096,3.6189227338834087,0.11679823183826779,3.3882894121966114,3.425809730708636,3.8104087468427843,3.851307185192615,0.0,0.0,0.0,3.7347099633575844,correction_completion,serial_sweep_d3,3,800,98,3674991736,reference_fold_convolution_rf,,,,{}
ATT,ATT,,,,reference_fold_convolution,3.633851827173223,3.6317684175741167,0.09199969521603382,3.450722704143985,3.478971047335343,3.7868633806469596,3.819856106060621,0.0,0.0,0.0,3.7347099633575835,correction_completion,serial_sweep_d3,3,800,98,3674991736,reference_fold_convolution_rf,,,,{}
GATT,g=4_t=4,4.0,4.0,0.0,raw_structured,3.5979949166041387,3.5964955734932325,0.15371350289027952,3.3169659712908732,3.3594951919898075,3.858688794287977,3.9132921212902287,0.0,0.0,0.0,3.6277806056279083,correction_completion,strong_confounder,1,200,82,931422226,raw_structured,,,,
GATT,g=4_t=5,4.0,5.0,1.0,raw_structured,3.5162521689649315,3.5287756767240803,0.14909267957785893,3.1937445374729947,3.255269440855133,3.7367187759542104,3.790589489775662,0.0,0.0,0.0,3.6277806056279083,correction_completion,strong_confounder,1,200,82,931422226,raw_structured,,,,
GATT,g=4_t=6,4.0,6.0,2.0,raw_structured,3.572159826138448,3.5708480832385776,0.13757782058321658,3.3137779724118706,3.3485720456349375,3.802325278749451,3.8419829140241544,0.0,0.0,0.0,3.6277806056279083,correction_completion,strong_confounder,1,200,82,931422226,raw_structured,,,,
GATT,g=4_t=7,4.0,7.0,3.0,raw_structured,3.5767889265407713,3.569973468811608,0.1496421347680718,3.2942411483893332,3.338470739056971,3.824395933237236,3.8762171499195626,0.0,0.0,0.0,3.6277806056279083,correction_completion,strong_confounder,1,200,82,931422226,raw_structured,,,,
ES,k=0,,,0.0,raw_structured,3.5979949166041387,3.5964955734932325,0.15371350289027952,3.3169659712908732,3.3594951919898075,3.858688794287977,3.9132921212902287,0.0,0.0,0.0,3.6277806056279083,correction_completion,strong_confounder,1,200,82,931422226,raw_structured,,,,
ES,k=1,,,1.0,raw_structured,3.5162521689649315,3.5287756767240803,0.14909267957785893,3.1937445374729947,3.255269440855133,3.7367187759542104,3.790589489775662,0.0,0.0,0.0,3.6277806056279083,correction_completion,strong_confounder,1,200,82,931422226,raw_structured,,,,
ES,k=2,,,2.0,raw_structured,3.572159826138448,3.5708480832385776,0.13757782058321658,3.3137779724118706,3.3485720456349375,3.802325278749451,3.8419829140241544,0.0,0.0,0.0,3.6277806056279083,correction_completion,strong_confounder,1,200,82,931422226,raw_structured,,,,
ES,k=3,,,3.0,raw_structured,3.5767889265407713,3.569973468811608,0.1496421347680718,3.2942411483893332,3.338470739056971,3.824395933237236,3.8762171499195626,0.0,0.0,0.0,3.6277806056279083,correction_completion,strong_confounder,1,200,82,931422226,raw_structured,,,,
ATT,ATT,,,,raw_structured,3.5657989595620725,3.567890753669212,0.11777093371820013,3.337382150096423,3.377617682579471,3.7542763816057065,3.7946448077875092,0.0,0.0,0.0,3.6277806056279087,correction_completion,strong_confounder,1,200,82,931422226,raw_structured,,,,
GATT,g=4_t=4,4.0,4.0,0.0,reference_fold_convolution,3.6410528787650533,3.6317279730453067,0.23965918988104307,3.167864829954662,3.2416412042540337,4.02551850459731,4.114081633709972,0.0,0.0,0.0,3.6277806056279083,correction_completion,strong_confounder,1,200,82,931422226,reference_fold_convolution_rf,1.572031815122126,50.25366368848964,,"{""0"": {""bar_pi"": 0.47, ""control_ess"": 50.25366368848964, ""fold_sizes"": [{""evaluation"": 100, ""fold"": 0, ""train"": 100}], ""global_fold_bb"": true, ""max_control_odds"": 1.4582588222494797, ""n_clipped"": 0, ""n_complement_units"": 100, ""n_eval_units"": 100, ""posterior_cache_key"": ""g=4_fold=0"", ""posterior_draws"": 1500, ""raw_max_control_odds"": 1.4582588222494797}, ""1"": {""bar_pi"": 0.46, ""control_ess"": 51.174408142242925, ""fold_sizes"": [{""evaluation"": 100, ""fold"": 0, ""train"": 100}], ""global_fold_bb"": true, ""max_control_odds"": 1.572031815122126, ""n_clipped"": 0, ""n_complement_units"": 100, ""n_eval_units"": 100, ""posterior_cache_key"": ""g=4_fold=1"", ""posterior_draws"": 1500, ""raw_max_control_odds"": 1.572031815122126}}"
GATT,g=4_t=5,4.0,5.0,1.0,reference_fold_convolution,3.3394500430032745,3.3486477504388397,0.26093658249909846,2.826714123810015,2.894510287384185,3.7640745194318446,3.823199455333364,0.0,0.0,0.0,3.6277806056279083,correction_completion,strong_confounder,1,200,82,931422226,reference_fold_convolution_rf,1.572031815122126,50.25366368848964,,"{""0"": {""bar_pi"": 0.47, ""control_ess"": 50.25366368848964, ""fold_sizes"": [{""evaluation"": 100, ""fold"": 0, ""train"": 100}], ""global_fold_bb"": true, ""max_control_odds"": 1.4582588222494797, ""n_clipped"": 0, ""n_complement_units"": 100, ""n_eval_units"": 100, ""posterior_cache_key"": ""g=4_fold=0"", ""posterior_draws"": 1500, ""raw_max_control_odds"": 1.4582588222494797}, ""1"": {""bar_pi"": 0.46, ""control_ess"": 51.174408142242925, ""fold_sizes"": [{""evaluation"": 100, ""fold"": 0, ""train"": 100}], ""global_fold_bb"": true, ""max_control_odds"": 1.572031815122126, ""n_clipped"": 0, ""n_complement_units"": 100, ""n_eval_units"": 100, ""posterior_cache_key"": ""g=4_fold=1"", ""posterior_draws"": 1500, ""raw_max_control_odds"": 1.572031815122126}}"
GATT,g=4_t=6,4.0,6.0,2.0,reference_fold_convolution,3.5916712723841067,3.593624624231668,0.2521037862952244,3.1107619984237598,3.188805269140711,4.0116474110252005,4.086018442929634,0.0,0.0,0.0,3.6277806056279083,correction_completion,strong_confounder,1,200,82,931422226,reference_fold_convolution_rf,1.572031815122126,50.25366368848964,,"{""0"": {""bar_pi"": 0.47, ""control_ess"": 50.25366368848964, ""fold_sizes"": [{""evaluation"": 100, ""fold"": 0, ""train"": 100}], ""global_fold_bb"": true, ""max_control_odds"": 1.4582588222494797, ""n_clipped"": 0, ""n_complement_units"": 100, ""n_eval_units"": 100, ""posterior_cache_key"": ""g=4_fold=0"", ""posterior_draws"": 1500, ""raw_max_control_odds"": 1.4582588222494797}, ""1"": {""bar_pi"": 0.46, ""control_ess"": 51.174408142242925, ""fold_sizes"": [{""evaluation"": 100, ""fold"": 0, ""train"": 100}], ""global_fold_bb"": true, ""max_control_odds"": 1.572031815122126, ""n_clipped"": 0, ""n_complement_units"": 100, ""n_eval_units"": 100, ""posterior_cache_key"": ""g=4_fold=1"", ""posterior_draws"": 1500, ""raw_max_control_odds"": 1.572031815122126}}"
GATT,g=4_t=7,4.0,7.0,3.0,reference_fold_convolution,3.532686469948892,3.5345835904312057,0.23485288738894972,3.0757402873050896,3.143016253681853,3.910720387004702,3.9800822295485827,0.0,0.0,0.0,3.6277806056279083,correction_completion,strong_confounder,1,200,82,931422226,reference_fold_convolution_rf,1.572031815122126,50.25366368848964,,"{""0"": {""bar_pi"": 0.47, ""control_ess"": 50.25366368848964, ""fold_sizes"": [{""evaluation"": 100, ""fold"": 0, ""train"": 100}], ""global_fold_bb"": true, ""max_control_odds"": 1.4582588222494797, ""n_clipped"": 0, ""n_complement_units"": 100, ""n_eval_units"": 100, ""posterior_cache_key"": ""g=4_fold=0"", ""posterior_draws"": 1500, ""raw_max_control_odds"": 1.4582588222494797}, ""1"": {""bar_pi"": 0.46, ""control_ess"": 51.174408142242925, ""fold_sizes"": [{""evaluation"": 100, ""fold"": 0, ""train"": 100}], ""global_fold_bb"": true, ""max_control_odds"": 1.572031815122126, ""n_clipped"": 0, ""n_complement_units"": 100, ""n_eval_units"": 100, ""posterior_cache_key"": ""g=4_fold=1"", ""posterior_draws"": 1500, ""raw_max_control_odds"": 1.572031815122126}}"
ES,k=0,,,0.0,reference_fold_convolution,3.6410528787650533,3.6317279730453067,0.23965918988104307,3.167864829954662,3.2416412042540337,4.02551850459731,4.114081633709972,0.0,0.0,0.0,3.6277806056279083,correction_completion,strong_confounder,1,200,82,931422226,reference_fold_convolution_rf,,,,{}
ES,k=1,,,1.0,reference_fold_convolution,3.3394500430032745,3.3486477504388397,0.26093658249909846,2.826714123810015,2.894510287384185,3.7640745194318446,3.823199455333364,0.0,0.0,0.0,3.6277806056279083,correction_completion,strong_confounder,1,200,82,931422226,reference_fold_convolution_rf,,,,{}
ES,k=2,,,2.0,reference_fold_convolution,3.5916712723841067,3.593624624231668,0.2521037862952244,3.1107619984237598,3.188805269140711,4.0116474110252005,4.086018442929634,0.0,0.0,0.0,3.6277806056279083,correction_completion,strong_confounder,1,200,82,931422226,reference_fold_convolution_rf,,,,{}
ES,k=3,,,3.0,reference_fold_convolution,3.532686469948892,3.5345835904312057,0.23485288738894972,3.0757402873050896,3.143016253681853,3.910720387004702,3.9800822295485827,0.0,0.0,0.0,3.6277806056279083,correction_completion,strong_confounder,1,200,82,931422226,reference_fold_convolution_rf,,,,{}
ATT,ATT,,,,reference_fold_convolution,3.526215166025332,3.5262793667036787,0.20543433879003337,3.127621612095189,3.1925601041440297,3.8600402759561363,3.937586842503754,0.0,0.0,0.0,3.6277806056279087,correction_completion,strong_confounder,1,200,82,931422226,reference_fold_convolution_rf,,,,{}
PRE,k=-4,,,-4.0,pretrend,-0.35303837533932425,-0.3515839244103438,0.2027023792058021,-0.74656566901409,-0.6815752743427888,0.0,0.02785366167910458,0.05533333333333333,0.11066666666666666,0.11066666666666666,-0.0,correction_completion,PT_conditional,1,200,87,416958454,raw_structured,,,,
PRE,k=-3,,,-3.0,pretrend,-0.27500444981972555,-0.2750529111906428,0.1940605741460858,-0.6512814971665613,-0.6028604059779403,0.0,0.04299570832197817,0.13,0.26,0.26,-0.0,correction_completion,PT_conditional,1,200,87,416958454,raw_structured,,,,
PRE,k=-2,,,-2.0,pretrend,-0.2780068939054042,-0.2874478205185692,0.1991477133860506,-0.6527567854132471,-0.6085981185742275,0.0,0.018380294065598813,0.174,0.348,0.348,-0.0,correction_completion,PT_conditional,1,200,87,416958454,raw_structured,,,,
PRE,slope,,,,pretrend,0.13479506568305913,0.1346513119244805,0.07769317871962035,-0.008144459798998228,0.0,0.2649366704716052,0.28596483424029934,0.05333333333333334,0.10666666666666667,0.10666666666666667,0.0,correction_completion,PT_conditional,1,200,87,416958454,raw_structured,,,,
PRE_SUB,X1=0_k=-4,,,-4.0,pretrend,-0.3536077151009488,-0.35224758823057245,0.20380239758857574,-0.7465557730402288,-0.6787153721677446,0.0,0.027008002244123076,0.05533333333333333,0.11066666666666666,0.11066666666666666,-0.0,correction_completion,PT_conditional,1,200,87,416958454,raw_structured,,,,
PRE_SUB,X1=0_k=-3,,,-3.0,pretrend,-0.27571434795754207,-0.2762549356026627,0.19438084959253923,-0.6520629809260461,-0.603506199449933,0.0,0.04364597962586816,0.13066666666666665,0.2613333333333333,0.2613333333333333,-0.0,correction_completion,PT_conditional,1,200,87,416958454,raw_structured,,,,
PRE_SUB,X1=0_k=-2,,,-2.0,pretrend,-0.2776369847708104,-0.28732487780203975,0.19925509008458733,-0.6538363842831558,-0.609162751791584,0.0,0.01757237847144927,0.17466666666666666,0.34933333333333333,0.34933333333333333,-0.0,correction_completion,PT_conditional,1,200,87,416958454,raw_structured,,,,
PRE_SUB,X1=1_k=-4,,,-4.0,pretrend,-0.35265238228059564,-0.3502464775444898,0.2036877709550481,-0.7519237957559556,-0.683235860956654,0.0,0.020195928611011566,0.05533333333333333,0.11066666666666666,0.11066666666666666,-0.0,correction_completion,PT_conditional,1,200,87,416958454,raw_structured,,,,
PRE_SUB,X1=1_k=-3,,,-3.0,pretrend,-0.27452316294662965,-0.27406699830127706,0.19522189559265216,-0.6520629809260459,-0.603506199449933,0.002297894901967345,0.045919685570714366,0.13266666666666665,0.2653333333333333,0.2653333333333333,-0.0,correction_completion,PT_conditional,1,200,87,416958454,raw_structured,,,,
PRE_SUB,X1=1_k=-2,,,-2.0,pretrend,-0.27825767975936605,-0.2873599572317898,0.19976383651319998,-0.6538363842831555,-0.6116557800822443,0.0,0.009608636531567584,0.174,0.348,0.348,-0.0,correction_completion,PT_conditional,1,200,87,416958454,raw_structured,,,,
PRE_SUB,X2=low_k=-4,,,-4.0,pretrend,-0.35236513185484586,-0.3515839244103438,0.20444175949336973,-0.7521130138516634,-0.6824953142138814,0.0,0.03114030857776801,0.056666666666666664,0.11333333333333333,0.11333333333333333,-0.0,correction_completion,PT_conditional,1,200,87,416958454,raw_structured,,,,
PRE_SUB,X2=low_k=-3,,,-3.0,pretrend,-0.27383720944216916,-0.27226111061097424,0.19535643246361067,-0.6512814971665618,-0.6029234250176223,0.003691625016529514,0.04808131529371053,0.13266666666666665,0.2653333333333333,0.2653333333333333,-0.0,correction_completion,PT_conditional,1,200,87,416958454,raw_structured,,,,
PRE_SUB,X2=low_k=-2,,,-2.0,pretrend,-0.27650822265521735,-0.2863611072994563,0.1996339498364485,-0.6532853081971328,-0.6085981185742267,0.0,0.02093924014592593,0.17533333333333334,0.3506666666666667,0.3506666666666667,-0.0,correction_completion,PT_conditional,1,200,87,416958454,raw_structured,,,,
PRE_SUB,X2=high_k=-4,,,-4.0,pretrend,-0.3527515843256872,-0.3509174130558146,0.20347747466932428,-0.7479690263635868,-0.6815752743427879,0.0,0.02785366167910463,0.05733333333333333,0.11466666666666667,0.11466666666666667,-0.0,correction_completion,PT_conditional,1,200,87,416958454,raw_structured,,,,
PRE_SUB,X2=high_k=-3,,,-3.0,pretrend,-0.27499650786380886,-0.27485048067232004,0.19473910177976705,-0.6512814971665621,-0.6028604059779408,0.0,0.04299570832197815,0.13133333333333333,0.26266666666666666,0.26266666666666666,-0.0,correction_completion,PT_conditional,1,200,87,416958454,raw_structured,,,,
PRE_SUB,X2=high_k=-2,,,-2.0,pretrend,-0.2784005155567044,-0.2876423322123902,0.19970587783994243,-0.6527567854132472,-0.6090373757052182,0.0,0.014497890218605904,0.17533333333333334,0.3506666666666667,0.3506666666666667,-0.0,correction_completion,PT_conditional,1,200,87,416958454,raw_structured,,,,
PRE_SUBC,X1_k=-4,,,-4.0,pretrend,0.0009553328203531688,0.0,0.04173063997770873,-0.009654219167437224,-1.7791323969618132e-15,0.0013096470089423002,0.01858535887721693,0.5266666666666666,1.0,1.0,-0.0,correction_completion,PT_conditional,1,200,87,416958454,raw_structured,,,,
PRE_SUBC,X1_k=-3,,,-3.0,pretrend,0.0011911850109123986,0.0,0.036437013833945237,-0.0030333549867181315,-1.27675647831893e-15,1.7763568394002505e-15,0.010156822235949187,0.5493333333333333,1.0,1.0,-0.0,correction_completion,PT_conditional,1,200,87,416958454,raw_structured,,,,
PRE_SUBC,X1_k=-2,,,-2.0,pretrend,-0.0006206949885556504,0.0,0.026078422560428693,-1.4432899320127035e-15,-1.0547118733938987e-15,1.1671219546371946e-15,0.001895539207620475,0.5846666666666667,1.0,1.0,-0.0,correction_completion,PT_conditional,1,200,87,416958454,raw_structured,,,,
PRE_SUBC,X1_slope,,,,pretrend,-0.0003305481067377609,0.0,0.014983304948328367,-0.007887815224093271,-0.0004037040335211957,6.191475903400644e-16,0.003481723208267802,0.5173333333333333,1.0,1.0,0.0,correction_completion,PT_conditional,1,200,87,416958454,raw_structured,,,,
PRE_SUBC,X2_k=-4,,,-4.0,pretrend,-0.0003864524708413161,0.0,0.043628451295949694,-0.058837742563287054,-0.0020285813442607976,1.3058998327153391e-15,0.005298927596277685,0.542,1.0,1.0,-0.0,correction_completion,PT_conditional,1,200,87,416958454,raw_structured,,,,
PRE_SUBC,X2_k=-3,,,-3.0,pretrend,-0.0011592984216397127,0.0,0.037125097961402155,-0.03435273521694606,-1.4724332864091138e-15,8.881784197001252e-16,0.0027442526226360495,0.5713333333333334,1.0,1.0,-0.0,correction_completion,PT_conditional,1,200,87,416958454,raw_structured,,,,
PRE_SUBC,X2_k=-2,,,-2.0,pretrend,-0.001892292901487033,0.0,0.03105330167972822,-0.008768924733107742,-8.881784197001252e-16,6.675215935558741e-16,1.1102230246251565e-15,0.604,1.0,1.0,-0.0,correction_completion,PT_conditional,1,200,87,416958454,raw_structured,,,,
PRE_SUBC,X2_slope,,,,pretrend,0.00038358908266360056,0.0,0.01594473318903852,-0.0018599065302844463,-4.701596255175997e-16,0.0008223213296128351,0.021677993182735833,0.5233333333333333,1.0,1.0,0.0,correction_completion,PT_conditional,1,200,87,416958454,raw_structured,,,,
PRE,k=-4,,,-4.0,reference_fold_pretrend,-0.3778339471880389,-0.367585857928244,0.18542098612409116,-0.7605536336166462,-0.691457879666728,-0.07505737285620229,-0.03562399634898366,0.014,0.028,0.028,-0.0,correction_completion,PT_conditional,1,200,87,416958454,reference_fold_convolution_rf,,,,
PRE,k=-3,,,-3.0,reference_fold_pretrend,-0.27108992045008684,-0.2671075711330991,0.1746697634357827,-0.6167464755346613,-0.5592929872676717,0.005117523788327391,0.04344355885107876,0.06,0.12,0.12,-0.0,correction_completion,PT_conditional,1,200,87,416958454,reference_fold_convolution_rf,,,,
PRE,k=-2,,,-2.0,reference_fold_pretrend,-0.23525941405996662,-0.2256344157066344,0.16585577621836417,-0.586504531266764,-0.5399150109590405,0.0,0.043480558454286805,0.08666666666666667,0.17333333333333334,0.17333333333333334,-0.0,correction_completion,PT_conditional,1,200,87,416958454,reference_fold_convolution_rf,,,,
PRE,slope,,,,reference_fold_pretrend,0.13649579260887548,0.1344567881688125,0.06859189955437055,0.011818815547036432,0.026041649174292192,0.2526219178588242,0.2751396157083328,0.014666666666666666,0.029333333333333333,0.029333333333333333,0.0,correction_completion,PT_conditional,1,200,87,416958454,reference_fold_convolution_rf,,,,
PRE_SUB,X1=0_k=-4,,,-4.0,reference_fold_pretrend,-0.36547484962012927,-0.3579692481321308,0.18818235698433147,-0.7520758833824611,-0.6827675534269585,-0.05763463934243563,-0.010914957831375175,0.019333333333333334,0.03866666666666667,0.03866666666666667,-0.0,correction_completion,PT_conditional,1,200,87,416958454,reference_fold_convolution_rf,,,,
PRE_SUB,X1=0_k=-3,,,-3.0,reference_fold_pretrend,-0.267007351651116,-0.2627718802801775,0.17859415718686392,-0.6181519316222096,-0.5634773938445828,0.011453646448328594,0.056821995636436945,0.06666666666666667,0.13333333333333333,0.13333333333333333,-0.0,correction_completion,PT_conditional,1,200,87,416958454,reference_fold_convolution_rf,,,,
PRE_SUB,X1=0_k=-2,,,-2.0,reference_fold_pretrend,-0.223548646713378,-0.20802377003961559,0.16876896921280193,-0.5736309123969423,-0.5247909848964503,0.010117158412246838,0.05748148018725354,0.10266666666666667,0.20533333333333334,0.20533333333333334,-0.0,correction_completion,PT_conditional,1,200,87,416958454,reference_fold_convolution_rf,,,,
PRE_SUB,X1=1_k=-4,,,-4.0,reference_fold_pretrend,-0.3862129963866217,-0.3766146275280692,0.1901981634965266,-0.7812140542879972,-0.7002142084464881,-0.08405075409920403,-0.0386675386696192,0.012,0.024,0.024,-0.0,correction_completion,PT_conditional,1,200,87,416958454,reference_fold_convolution_rf,,,,
PRE_SUB,X1=1_k=-3,,,-3.0,reference_fold_pretrend,-0.2738577637036263,-0.2700064789371528,0.17751449523853072,-0.63918836106203,-0.5666453431903433,0.0060600999354072675,0.0497841061780483,0.06066666666666667,0.12133333333333333,0.12133333333333333,-0.0,correction_completion,PT_conditional,1,200,87,416958454,reference_fold_convolution_rf,,,,
PRE_SUB,X1=1_k=-2,,,-2.0,reference_fold_pretrend,-0.24319891734578936,-0.23385353203444414,0.16892654277132704,-0.6055511738757035,-0.5460117220684002,0.0,0.03197969455238334,0.08466666666666667,0.16933333333333334,0.16933333333333334,-0.0,correction_completion,PT_conditional,1,200,87,416958454,reference_fold_convolution_rf,,,,
PRE_SUB,X2=low_k=-4,,,-4.0,reference_fold_pretrend,-0.3712041750222186,-0.3617880411964351,0.185575168200512,-0.7382065266883769,-0.6819710975595454,-0.06820660175848889,-0.03493672839083132,0.014666666666666666,0.029333333333333333,0.029333333333333333,-0.0,correction_completion,PT_conditional,1,200,87,416958454,reference_fold_convolution_rf,,,,
PRE_SUB,X2=low_k=-3,,,-3.0,reference_fold_pretrend,-0.26798851616205327,-0.26245330505685194,0.17567501699852808,-0.6137096341248741,-0.5615866891038465,0.007263129421804742,0.04561649831660463,0.06266666666666666,0.12533333333333332,0.12533333333333332,-0.0,correction_completion,PT_conditional,1,200,87,416958454,reference_fold_convolution_rf,,,,
PRE_SUB,X2=low_k=-2,,,-2.0,reference_fold_pretrend,-0.22960848341691129,-0.21936725811849,0.16523189484353698,-0.5740058408962305,-0.5251693277281493,0.0,0.04599320341189776,0.09133333333333334,0.18266666666666667,0.18266666666666667,-0.0,correction_completion,PT_conditional,1,200,87,416958454,reference_fold_convolution_rf,,,,
PRE_SUB,X2=high_k=-4,,,-4.0,reference_fold_pretrend,-0.39114667556816135,-0.38626569186306187,0.19613047685889756,-0.7965672654886657,-0.7160802085114373,-0.08123496748509272,-0.03172834947515484,0.016666666666666666,0.03333333333333333,0.03333333333333333,-0.0,correction_completion,PT_conditional,1,200,87,416958454,reference_fold_convolution_rf,,,,
PRE_SUB,X2=high_k=-3,,,-3.0,reference_fold_pretrend,-0.2728525917011361,-0.2650808922608701,0.18005292388374697,-0.6314447490846247,-0.5765402559100925,0.010161920794506167,0.06092198348530664,0.062,0.124,0.124,-0.0,correction_completion,PT_conditional,1,200,87,416958454,reference_fold_convolution_rf,,,,
PRE_SUB,X2=high_k=-2,,,-2.0,reference_fold_pretrend,-0.2474860662022843,-0.2375784876917158,0.1738596237235287,-0.618422491724516,-0.5593715681095696,0.0,0.0314307779072999,0.084,0.168,0.168,-0.0,correction_completion,PT_conditional,1,200,87,416958454,reference_fold_convolution_rf,,,,
PRE_SUBC,X1_k=-4,,,-4.0,reference_fold_pretrend,-0.020738146766492466,-0.014095348120274992,0.07856350548125401,-0.21802967862287134,-0.1511790754643896,0.08798379002476181,0.10958345115670294,0.39866666666666667,0.7973333333333333,0.7973333333333333,-0.0,correction_completion,PT_conditional,1,200,87,416958454,reference_fold_convolution_rf,,,,
PRE_SUBC,X1_k=-3,,,-3.0,reference_fold_pretrend,-0.006850412052510266,-0.0017287658797684362,0.06932438578410274,-0.1836673344001057,-0.1165405049283901,0.08549427925366652,0.11033517818104864,0.49,0.98,0.98,-0.0,correction_completion,PT_conditional,1,200,87,416958454,reference_fold_convolution_rf,,,,
PRE_SUBC,X1_k=-2,,,-2.0,reference_fold_pretrend,-0.019650270632411388,-0.017242807031800367,0.064653852726566,-0.17524416034956397,-0.11676694043431554,0.07094997738136044,0.08516851202935784,0.4066666666666667,0.8133333333333334,0.8133333333333334,-0.0,correction_completion,PT_conditional,1,200,87,416958454,reference_fold_convolution_rf,,,,
PRE_SUBC,X1_slope,,,,reference_fold_pretrend,0.006826109645493523,0.0045473579952890995,0.02906396762773141,-0.04044826732269931,-0.03201742510735614,0.051736049548243845,0.07950195857925814,0.4073333333333333,0.8146666666666667,0.8146666666666667,0.0,correction_completion,PT_conditional,1,200,87,416958454,reference_fold_convolution_rf,,,,
PRE_SUBC,X2_k=-4,,,-4.0,reference_fold_pretrend,-0.019942500545942876,-0.01562981243327982,0.074214793601016,-0.1585463680654337,-0.12962532234182564,0.0835077921554677,0.10265624235882553,0.398,0.796,0.796,-0.0,correction_completion,PT_conditional,1,200,87,416958454,reference_fold_convolution_rf,,,,
PRE_SUBC,X2_k=-3,,,-3.0,reference_fold_pretrend,-0.004864075539082867,-0.0015741650016818376,0.06583868831083897,-0.13615587398864656,-0.10527286365737591,0.0874413735650256,0.10965628911335402,0.49333333333333335,0.9866666666666667,0.9866666666666667,-0.0,correction_completion,PT_conditional,1,200,87,416958454,reference_fold_convolution_rf,,,,
PRE_SUBC,X2_k=-2,,,-2.0,reference_fold_pretrend,-0.017877582785373023,-0.015924124060221118,0.06130932945647984,-0.14152155425366142,-0.11103001174301969,0.07505833171874704,0.08915044012448989,0.41333333333333333,0.8266666666666667,0.8266666666666667,-0.0,correction_completion,PT_conditional,1,200,87,416958454,reference_fold_convolution_rf,,,,
PRE_SUBC,X2_slope,,,,reference_fold_pretrend,0.006245231107240528,0.004802603381353946,0.027263025399997694,-0.03776624922670796,-0.03166165814104706,0.04734382501968791,0.06111852511995719,0.4106666666666667,0.8213333333333334,0.8213333333333334,0.0,correction_completion,PT_conditional,1,200,87,416958454,reference_fold_convolution_rf,,,,
PRE,k=-4,,,-4.0,pretrend,0.08619593261901279,0.0689480377045445,0.16255463144649224,-0.2168406501897778,-0.16009602907256235,0.3703396279992513,0.42141968777584893,0.36866666666666664,0.7373333333333333,0.7373333333333333,-0.0,correction_completion,PT_hold,1,200,71,70678497,raw_structured,,,,
PRE,k=-3,,,-3.0,pretrend,0.10423684455082234,0.08200772312310117,0.15252288851685109,-0.17322882316424823,-0.115116002294989,0.3746201882643986,0.42804518152964205,0.3546666666666667,0.7093333333333334,0.7093333333333334,-0.0,correction_completion,PT_hold,1,200,71,70678497,raw_structured,,,,
PRE,k=-2,,,-2.0,pretrend,0.08542974181915818,0.0001472940358562765,0.1434455653475266,-0.13928579474734448,-0.08368915083607867,0.35898704362452283,0.42804518152964205,0.5,1.0,1.0,-0.0,correction_completion,PT_hold,1,200,71,70678497,raw_structured,,,,
PRE,slope,,,,pretrend,-0.039463659198417225,-0.029970074947147637,0.060653464594659194,-0.17111805794785298,-0.15005062581109543,0.04741948822257342,0.06284410562613471,0.3293333333333333,0.6586666666666666,0.6586666666666666,0.0,correction_completion,PT_hold,1,200,71,70678497,raw_structured,,,,
PRE_SUB,X1=0_k=-4,,,-4.0,pretrend,0.0945885486152608,0.0793191172751492,0.16857415609827306,-0.2101612700019074,-0.15964529840982478,0.38250906422738107,0.4572894022455955,0.35533333333333333,0.7106666666666667,0.7106666666666667,-0.0,correction_completion,PT_hold,1,200,71,70678497,raw_structured,,,,
PRE_SUB,X1=0_k=-3,,,-3.0,pretrend,0.1099933977620897,0.08751856674541114,0.1560079316900447,-0.16467131339291613,-0.11157111739096681,0.38250906422738107,0.43455322114410183,0.34933333333333333,0.6986666666666667,0.6986666666666667,-0.0,correction_completion,PT_hold,1,200,71,70678497,raw_structured,,,,
PRE_SUB,X1=0_k=-2,,,-2.0,pretrend,0.08624363234482932,0.0,0.14441017451538193,-0.13665499801403255,-0.08860734579915545,0.35936887507459286,0.43719486624057746,0.5026666666666667,1.0,1.0,-0.0,correction_completion,PT_hold,1,200,71,70678497,raw_structured,,,,
PRE_SUB,X1=1_k=-4,,,-4.0,pretrend,0.07887146774955998,0.05871734432396586,0.16650908855747695,-0.24369719394619935,-0.18545424570686508,0.3649412517439816,0.419484079507713,0.38533333333333336,0.7706666666666667,0.7706666666666667,-0.0,correction_completion,PT_hold,1,200,71,70678497,raw_structured,,,,
PRE_SUB,X1=1_k=-3,,,-3.0,pretrend,0.09921294356644353,0.07001305828471849,0.15579534973743203,-0.1872256212857852,-0.12981603457924684,0.3742008278883768,0.4246615370528087,0.372,0.744,0.744,-0.0,correction_completion,PT_hold,1,200,71,70678497,raw_structured,,,,
PRE_SUB,X1=1_k=-2,,,-2.0,pretrend,0.08471943736039061,0.0,0.14408250274356763,-0.14183274753277722,-0.0805138392290204,0.3594655077655768,0.4302762655014044,0.5046666666666667,1.0,1.0,-0.0,correction_completion,PT_hold,1,200,71,70678497,raw_structured,,,,
PRE_SUB,X2=low_k=-4,,,-4.0,pretrend,0.10082156043692889,0.08084089541465903,0.17393947280639435,-0.21016127000190782,-0.15777365207902713,0.4167029099936305,0.4897469893461991,0.352,0.704,0.704,-0.0,correction_completion,PT_hold,1,200,71,70678497,raw_structured,,,,
PRE_SUB,X2=low_k=-3,,,-3.0,pretrend,0.11906564826097993,0.09367991603636816,0.16546455382887668,-0.16467131339291644,-0.10619906962829663,0.4197693174661925,0.5065701064231891,0.3413333333333333,0.6826666666666666,0.6826666666666666,-0.0,correction_completion,PT_hold,1,200,71,70678497,raw_structured,,,,
PRE_SUB,X2=low_k=-2,,,-2.0,pretrend,0.09859922267840457,0.005354040433075991,0.15790922521715212,-0.1366549980140326,-0.06392060846050734,0.40858696265634536,0.4838148753968636,0.49266666666666664,0.9853333333333333,0.9853333333333333,-0.0,correction_completion,PT_hold,1,200,71,70678497,raw_structured,,,,
PRE_SUB,X2=high_k=-4,,,-4.0,pretrend,0.062435585622001286,0.04114975105803349,0.17081587775470877,-0.26684942423381464,-0.21353217859865273,0.350957012903622,0.4136825019470966,0.41533333333333333,0.8306666666666667,0.8306666666666667,-0.0,correction_completion,PT_hold,1,200,71,70678497,raw_structured,,,,
PRE_SUB,X2=high_k=-3,,,-3.0,pretrend,0.08023711795145236,0.05308324589111316,0.15816617513861594,-0.2269139008029998,-0.16871518204896765,0.3461924098816107,0.40342368809046225,0.404,0.808,0.808,-0.0,correction_completion,PT_hold,1,200,71,70678497,raw_structured,,,,
PRE_SUB,X2=high_k=-2,,,-2.0,pretrend,0.06327969925565818,0.0,0.14660950201445844,-0.21681606370771062,-0.14081485760262893,0.33300588253973934,0.39895957492967377,0.5393333333333333,1.0,1.0,-0.0,correction_completion,PT_hold,1,200,71,70678497,raw_structured,,,,
PRE_SUBC,X1_k=-4,,,-4.0,pretrend,-0.01571708086570082,0.0,0.08077806641765382,-0.2966987413273375,-0.12035634858570414,0.010991183455768362,0.027442259989064743,0.5453333333333333,1.0,1.0,-0.0,correction_completion,PT_hold,1,200,71,70678497,raw_structured,,,,
PRE_SUBC,X1_k=-3,,,-3.0,pretrend,-0.010780454195646196,0.0,0.06464283564057512,-0.256471868863651,-0.018319337994935177,0.010251712784413254,0.02401740413176968,0.5866666666666667,1.0,1.0,-0.0,correction_completion,PT_hold,1,200,71,70678497,raw_structured,,,,
PRE_SUBC,X1_k=-2,,,-2.0,pretrend,-0.001524194984438699,0.0,0.03021554672313022,-0.0029375427720135165,-6.120104423246175e-16,0.008875335197011289,0.019573903168400165,0.672,1.0,1.0,-0.0,correction_completion,PT_hold,1,200,71,70678497,raw_structured,,,,
PRE_SUBC,X1_slope,,,,pretrend,0.005016881855202397,0.0,0.026226573161508258,-0.010990504612477846,-0.0044589294916503,0.042691439061611894,0.10283953870871747,0.546,1.0,1.0,0.0,correction_completion,PT_hold,1,200,71,70678497,raw_structured,,,,
PRE_SUBC,X2_k=-4,,,-4.0,pretrend,-0.0383859748149276,-9.75781955236954e-18,0.12077879326898015,-0.4597353261228196,-0.34418985259552404,6.384649753332638e-16,1.021058237959943e-15,0.49866666666666665,0.9973333333333333,0.9973333333333333,-0.0,correction_completion,PT_hold,1,200,71,70678497,raw_structured,,,,
PRE_SUBC,X2_k=-3,,,-3.0,pretrend,-0.038828530309527556,0.0,0.11871851230384767,-0.45973532612281964,-0.34418985259552404,5.551115123125783e-16,7.807990365371599e-16,0.5393333333333333,1.0,1.0,-0.0,correction_completion,PT_hold,1,200,71,70678497,raw_structured,,,,
PRE_SUBC,X2_k=-2,,,-2.0,pretrend,-0.03531952342274639,0.0,0.11587133288569743,-0.458198550719243,-0.3346553272880589,4.447397311535533e-16,6.562458909620233e-16,0.6513333333333333,1.0,1.0,-0.0,correction_completion,PT_hold,1,200,71,70678497,raw_structured,,,,
PRE_SUBC,X2_slope,,,,pretrend,0.016295322034756022,5.699805706780937e-18,0.050686297188671854,-3.797061871273805e-16,-2.2353770620256845e-16,0.14714717314769526,0.19637080745110405,0.49066666666666664,0.9813333333333333,0.9813333333333333,0.0,correction_completion,PT_hold,1,200,71,70678497,raw_structured,,,,
PRE,k=-4,,,-4.0,reference_fold_pretrend,0.017437015039039303,0.01553212914468012,0.16739563779909158,-0.31013114806561065,-0.26675897256473596,0.28761982453874074,0.3383658181179526,0.4646666666666667,0.9293333333333333,0.9293333333333333,-0.0,correction_completion,PT_hold,1,200,71,70678497,reference_fold_convolution_rf,,,,
PRE,k=-3,,,-3.0,reference_fold_pretrend,0.03846782155602728,0.03277050348888695,0.1515964097068971,-0.2556876902755521,-0.1999506963908841,0.29702573862639015,0.34540564744095487,0.4166666666666667,0.8333333333333334,0.8333333333333334,-0.0,correction_completion,PT_hold,1,200,71,70678497,reference_fold_convolution_rf,,,,
PRE,k=-2,,,-2.0,reference_fold_pretrend,0.027315100002125434,0.0049862037361154046,0.13775321804937832,-0.23342110126103063,-0.18846852847164164,0.2579782368214385,0.2995412258938382,0.488,0.976,0.976,-0.0,correction_completion,PT_hold,1,200,71,70678497,reference_fold_convolution_rf,,,,
PRE,slope,,,,reference_fold_pretrend,-0.011182984873664134,-0.008607122658571567,0.061261804630811344,-0.12960607247033643,-0.11093631388800992,0.0837071316199337,0.10398395631008876,0.44666666666666666,0.8933333333333333,0.8933333333333333,0.0,correction_completion,PT_hold,1,200,71,70678497,reference_fold_convolution_rf,,,,
PRE_SUB,X1=0_k=-4,,,-4.0,reference_fold_pretrend,0.030006689259887746,0.027442106096215543,0.17358166046808177,-0.318167924995464,-0.24323601761613728,0.314967967569423,0.3750528172637145,0.43,0.86,0.86,-0.0,correction_completion,PT_hold,1,200,71,70678497,reference_fold_convolution_rf,,,,
PRE_SUB,X1=0_k=-3,,,-3.0,reference_fold_pretrend,0.04605517609997188,0.04033028944184493,0.1560400445594019,-0.2567694146768132,-0.20220065553299632,0.30854900013741093,0.3480315182600292,0.39266666666666666,0.7853333333333333,0.7853333333333333,-0.0,correction_completion,PT_hold,1,200,71,70678497,reference_fold_convolution_rf,,,,
PRE_SUB,X1=0_k=-2,,,-2.0,reference_fold_pretrend,0.026657164609787145,0.005811296371448201,0.14022889873846492,-0.24097373411346806,-0.19830926138971414,0.2639001012529992,0.2994143701631507,0.4886666666666667,0.9773333333333334,0.9773333333333334,-0.0,correction_completion,PT_hold,1,200,71,70678497,reference_fold_convolution_rf,,,,
PRE_SUB,X1=1_k=-4,,,-4.0,reference_fold_pretrend,0.00646711753720793,0.0039696055207320185,0.17344502550697632,-0.3404822348373493,-0.28169511295340727,0.28395482012480744,0.3417343350477975,0.492,0.984,0.984,-0.0,correction_completion,PT_hold,1,200,71,70678497,reference_fold_convolution_rf,,,,
PRE_SUB,X1=1_k=-3,,,-3.0,reference_fold_pretrend,0.03184613031767562,0.028965713232817165,0.15582595921743522,-0.26683179479421726,-0.2189522993322979,0.30079217602033076,0.3480837979557015,0.43333333333333335,0.8666666666666667,0.8666666666666667,-0.0,correction_completion,PT_hold,1,200,71,70678497,reference_fold_convolution_rf,,,,
PRE_SUB,X1=1_k=-2,,,-2.0,reference_fold_pretrend,0.027889298162711573,0.0015322570508239292,0.1399852143643326,-0.23428309672111425,-0.18770217807747758,0.26851615853118227,0.3110918107853429,0.49733333333333335,0.9946666666666667,0.9946666666666667,-0.0,correction_completion,PT_hold,1,200,71,70678497,reference_fold_convolution_rf,,,,
PRE_SUB,X2=low_k=-4,,,-4.0,reference_fold_pretrend,0.026511431425291717,0.02234814505530993,0.17035366682200134,-0.31150571217454226,-0.25867788692727484,0.3072571612941432,0.36399296465430764,0.4493333333333333,0.8986666666666666,0.8986666666666666,-0.0,correction_completion,PT_hold,1,200,71,70678497,reference_fold_convolution_rf,,,,
PRE_SUB,X2=low_k=-3,,,-3.0,reference_fold_pretrend,0.047027109646304535,0.03871927759128757,0.15399722962921175,-0.2577343292244176,-0.19165521744063627,0.3101024834070789,0.3593028797561428,0.4013333333333333,0.8026666666666666,0.8026666666666666,-0.0,correction_completion,PT_hold,1,200,71,70678497,reference_fold_convolution_rf,,,,
PRE_SUB,X2=low_k=-2,,,-2.0,reference_fold_pretrend,0.03449863615499825,0.012112706113112152,0.13920644807493227,-0.2248596386443727,-0.18316186233833168,0.27374548335472154,0.323704475926041,0.47733333333333333,0.9546666666666667,0.9546666666666667,-0.0,correction_completion,PT_hold,1,200,71,70678497,reference_fold_convolution_rf,,,,
PRE_SUB,X2=high_k=-4,,,-4.0,reference_fold_pretrend,0.005405686585329716,0.006176643337664966,0.17063451251784445,-0.3278606327418215,-0.2784744470886035,0.28411127759423443,0.32304582227960277,0.48733333333333334,0.9746666666666667,0.9746666666666667,-0.0,correction_completion,PT_hold,1,200,71,70678497,reference_fold_convolution_rf,,,,
PRE_SUB,X2=high_k=-3,,,-3.0,reference_fold_pretrend,0.02653494941001132,0.022234585677702545,0.15572389585020258,-0.2783755748750415,-0.22870384241225972,0.2904064595512135,0.3367220520368663,0.44866666666666666,0.8973333333333333,0.8973333333333333,-0.0,correction_completion,PT_hold,1,200,71,70678497,reference_fold_convolution_rf,,,,
PRE_SUB,X2=high_k=-2,,,-2.0,reference_fold_pretrend,0.015722060562141062,0.0,0.14195839710664615,-0.26212919568650916,-0.22109957846909165,0.24854468960776255,0.28869453489611935,0.5113333333333333,1.0,1.0,-0.0,correction_completion,PT_hold,1,200,71,70678497,reference_fold_convolution_rf,,,,
PRE_SUBC,X1_k=-4,,,-4.0,reference_fold_pretrend,-0.023539571722679814,0.0031591951967281096,0.09151271039120473,-0.3162135093779215,-0.2564159447068111,0.04358714740914357,0.0696418775497368,0.43666666666666665,0.8733333333333333,0.8733333333333333,-0.0,correction_completion,PT_hold,1,200,71,70678497,reference_fold_convolution_rf,,,,
PRE_SUBC,X1_k=-3,,,-3.0,reference_fold_pretrend,-0.01420904578229626,0.002852782049434295,0.07314506474007179,-0.2742638561340571,-0.18919659627058416,0.03758391972284115,0.06135921079840318,0.42866666666666664,0.8573333333333333,0.8573333333333333,-0.0,correction_completion,PT_hold,1,200,71,70678497,reference_fold_convolution_rf,,,,
PRE_SUBC,X1_k=-2,,,-2.0,reference_fold_pretrend,0.001232133552924424,0.006925168999246417,0.05117643494285471,-0.1668264978013502,-0.04919507842830855,0.03936338996099664,0.06771561006813674,0.328,0.656,0.656,-0.0,correction_completion,PT_hold,1,200,71,70678497,reference_fold_convolution_rf,,,,
PRE_SUBC,X1_slope,,,,reference_fold_pretrend,0.006986048084264824,-0.0014115707500525834,0.030986676467945368,-0.027237814206104934,-0.015444176916746877,0.07634518478847159,0.10911470906645498,0.41733333333333333,0.8346666666666667,0.8346666666666667,0.0,correction_completion,PT_hold,1,200,71,70678497,reference_fold_convolution_rf,,,,
PRE_SUBC,X2_k=-4,,,-4.0,reference_fold_pretrend,-0.021105744839962,-0.005339304251774153,0.06790661017440269,-0.24787322916844873,-0.16290389204706784,0.039725905216836145,0.05464771554039818,0.348,0.696,0.696,-0.0,correction_completion,PT_hold,1,200,71,70678497,reference_fold_convolution_rf,,,,
PRE_SUBC,X2_k=-3,,,-3.0,reference_fold_pretrend,-0.02049216023629322,-0.004549131639631082,0.06347516207838276,-0.2473700448531563,-0.1525750869934738,0.020610757613317588,0.040503586799701896,0.344,0.688,0.688,-0.0,correction_completion,PT_hold,1,200,71,70678497,reference_fold_convolution_rf,,,,
PRE_SUBC,X2_k=-2,,,-2.0,reference_fold_pretrend,-0.018776575592857184,-0.005828267587427063,0.05703237575539399,-0.22921571477205827,-0.11918926429100582,0.008303321653573515,0.026082859649322346,0.29333333333333333,0.5866666666666667,0.5866666666666667,-0.0,correction_completion,PT_hold,1,200,71,70678497,reference_fold_convolution_rf,,,,
PRE_SUBC,X2_slope,,,,reference_fold_pretrend,0.008791295041809258,0.0021709168895510627,0.026828806630023315,-0.01653354434108016,-0.010531535236714911,0.063464802261971,0.0999151101798209,0.328,0.656,0.656,0.0,correction_completion,PT_hold,1,200,71,70678497,reference_fold_convolution_rf,,,,
PRE,k=-4,,,-4.0,pretrend,-0.6587162604150015,-0.6569249286432738,0.1994817962283242,-1.0385888993685122,-0.9866795793151085,-0.33698070975063177,-0.27636756297794834,0.0,0.0,0.0,-0.532722039853843,correction_completion,PT_violation_a20,1,200,55,1843341267,raw_structured,,,,
PRE,k=-3,,,-3.0,pretrend,-0.44223348079672425,-0.4483553603174284,0.19946113522937506,-0.8160444556677044,-0.7563365634386243,-0.08991538854900749,0.0,0.027333333333333334,0.05466666666666667,0.05466666666666667,-0.3551480265692287,correction_completion,PT_violation_a20,1,200,55,1843341267,raw_structured,,,,
PRE,k=-2,,,-2.0,pretrend,-0.01969222515845785,0.0,0.13833107277480344,-0.3567691697868053,-0.2838690649726795,0.19540271223771102,0.27921206294513085,0.72,1.0,1.0,-0.17757401328461436,correction_completion,PT_violation_a20,1,200,55,1843341267,raw_structured,,,,
PRE,slope,,,,pretrend,0.2057362834283508,0.2077879656254981,0.0669525758620159,0.0695936285341759,0.09573875010891353,0.3127015736059497,0.33914070417455705,0.0006666666666666666,0.0013333333333333333,0.0013333333333333333,0.17757401328461436,correction_completion,PT_violation_a20,1,200,55,1843341267,raw_structured,,,,
PRE_SUB,X1=0_k=-4,,,-4.0,pretrend,-0.655318378214263,-0.654384192193491,0.20221824711483793,-1.0353280225968347,-0.9953345000898948,-0.3318302145407314,-0.2578784643636889,0.0,0.0,0.0,-0.4071999027786793,correction_completion,PT_violation_a20,1,200,55,1843341267,raw_structured,,,,
PRE_SUB,X1=0_k=-3,,,-3.0,pretrend,-0.4372265006089425,-0.4453981631090121,0.20206802534950238,-0.8182084190147609,-0.7556403035116557,-0.08377671735202347,0.0,0.027333333333333334,0.05466666666666667,0.05466666666666667,-0.27146660185245286,correction_completion,PT_violation_a20,1,200,55,1843341267,raw_structured,,,,
PRE_SUB,X1=0_k=-2,,,-2.0,pretrend,-0.017014182144877897,0.0,0.1396677098844939,-0.35247905623160175,-0.2853612877614232,0.209198077093109,0.2871263730963934,0.7273333333333334,1.0,1.0,-0.13573330092622643,correction_completion,PT_violation_a20,1,200,55,1843341267,raw_structured,,,,
PRE_SUB,X1=1_k=-4,,,-4.0,pretrend,-0.661279575057664,-0.6588706437539864,0.20372047131874588,-1.0433487279534568,-1.000665005246019,-0.33190260905703955,-0.2763675629779484,0.0,0.0,0.0,-0.6491948532843341,correction_completion,PT_violation_a20,1,200,55,1843341267,raw_structured,,,,
PRE_SUB,X1=1_k=-3,,,-3.0,pretrend,-0.44601067637698055,-0.4522965993648074,0.20183973058114435,-0.838894274189269,-0.7627999747746365,-0.09323081675974962,0.0,0.02666666666666667,0.05333333333333334,0.05333333333333334,-0.43279656885622275,correction_completion,PT_violation_a20,1,200,55,1843341267,raw_structured,,,,
PRE_SUB,X1=1_k=-2,,,-2.0,pretrend,-0.02171250322133396,0.0,0.14032981474087727,-0.36066400099880414,-0.2894882429461156,0.19536940862537344,0.2772256706873286,0.718,1.0,1.0,-0.21639828442811138,correction_completion,PT_violation_a20,1,200,55,1843341267,raw_structured,,,,
PRE_SUB,X2=low_k=-4,,,-4.0,pretrend,-0.6548691197111365,-0.6546060645047234,0.20004585889648618,-1.0369248390133428,-0.9858084222686889,-0.32761935778623763,-0.25834903515362745,0.0,0.0,0.0,-0.4862888332770271,correction_completion,PT_violation_a20,1,200,55,1843341267,raw_structured,,,,
PRE_SUB,X2=low_k=-3,,,-3.0,pretrend,-0.43898975432999254,-0.4471719131795141,0.20043491205137967,-0.813444508705865,-0.7548548399675181,-0.08520907212247823,0.0,0.029333333333333333,0.058666666666666666,0.058666666666666666,-0.32419255551801807,correction_completion,PT_violation_a20,1,200,55,1843341267,raw_structured,,,,
PRE_SUB,X2=low_k=-2,,,-2.0,pretrend,-0.01843524015483605,0.0,0.13818817691287374,-0.3491329499374791,-0.2838472398705308,0.19638436492401196,0.2814977931277945,0.724,1.0,1.0,-0.16209627775900903,correction_completion,PT_violation_a20,1,200,55,1843341267,raw_structured,,,,
PRE_SUB,X2=high_k=-4,,,-4.0,pretrend,-0.6619685770981285,-0.6579091983906418,0.20063816786205813,-1.0451222495659076,-0.9954107078064364,-0.3405308363905415,-0.2763675629779479,0.0,0.0,0.0,-0.47865125746019743,correction_completion,PT_violation_a20,1,200,55,1843341267,raw_structured,,,,
PRE_SUB,X2=high_k=-3,,,-3.0,pretrend,-0.44533016926987196,-0.45251490630641356,0.19988828433717373,-0.8245674309279449,-0.7605799446520086,-0.09413503305746362,0.0,0.027333333333333334,0.05466666666666667,0.05466666666666667,-0.3191008383067983,correction_completion,PT_violation_a20,1,200,55,1843341267,raw_structured,,,,
PRE_SUB,X2=high_k=-2,,,-2.0,pretrend,-0.021103062258305178,0.0,0.13898256226278144,-0.3586789333608275,-0.2853612877614238,0.19457079339014471,0.27722567068732845,0.718,1.0,1.0,-0.15955041915339915,correction_completion,PT_violation_a20,1,200,55,1843341267,raw_structured,,,,
PRE_SUBC,X1_k=-4,,,-4.0,pretrend,-0.005961196843400963,0.0,0.0768309671783877,-0.17297254242255444,-0.03220134940708241,2.8921309791485277e-15,0.0362909009438179,0.5033333333333333,1.0,1.0,-0.24199495050565484,correction_completion,PT_violation_a20,1,200,55,1843341267,raw_structured,,,,
PRE_SUBC,X1_k=-3,,,-3.0,pretrend,-0.008784175768038005,0.0,0.06368856183615514,-0.1495289651911799,-0.025632803889470115,1.779132396961811e-15,2.6381674622655207e-15,0.5033333333333333,1.0,1.0,-0.1613299670037699,correction_completion,PT_violation_a20,1,200,55,1843341267,raw_structured,,,,
PRE_SUBC,X1_k=-2,,,-2.0,pretrend,-0.004698321076456064,0.0,0.04412689364381598,-0.02309817157979944,-1.5425161148385768e-15,7.500944310123708e-16,1.144136868580498e-15,0.7466666666666667,1.0,1.0,-0.08066498350188495,correction_completion,PT_violation_a20,1,200,55,1843341267,raw_structured,,,,
PRE_SUBC,X1_slope,,,,pretrend,0.0028678759387667824,1.7595052399193328e-17,0.02699979663545371,-0.01275292328972431,-9.440860791544634e-16,0.01123248982867487,0.05859360765087443,0.4826666666666667,0.9653333333333334,0.9653333333333334,0.08066498350188495,correction_completion,PT_violation_a20,1,200,55,1843341267,raw_structured,,,,
PRE_SUBC,X2_k=-4,,,-4.0,pretrend,-0.007099457386992112,-1.1102230246251565e-16,0.04044203843412195,-0.11691583995599937,-0.03817064821985543,1.887379141862766e-15,0.01135158607281329,0.494,0.988,0.988,0.007637575816829639,correction_completion,PT_violation_a20,1,200,55,1843341267,raw_structured,,,,
PRE_SUBC,X2_k=-3,,,-3.0,pretrend,-0.006340414939879392,0.0,0.03503117264388484,-0.08774795681309468,-0.027122853068933285,1.1102230246251565e-15,1.7763568394002505e-15,0.5006666666666667,1.0,1.0,0.0050917172112197595,correction_completion,PT_violation_a20,1,200,55,1843341267,raw_structured,,,,
PRE_SUBC,X2_k=-2,,,-2.0,pretrend,-0.0026678221034691324,0.0,0.023317089706087823,-0.019338611514622146,-1.1509022901368125e-15,5.626792434765261e-16,8.505349202714257e-16,0.7646666666666667,1.0,1.0,0.0025458586056098798,correction_completion,PT_violation_a20,1,200,55,1843341267,raw_structured,,,,
PRE_SUBC,X2_slope,,,,pretrend,0.0026176445817288744,2.3790493384824782e-17,0.014299986367448924,-0.0033656741010122306,-5.796950221435639e-16,0.013616304355859215,0.04217869658350472,0.46,0.92,0.92,-0.0025458586056098798,correction_completion,PT_violation_a20,1,200,55,1843341267,raw_structured,,,,
PRE,k=-4,,,-4.0,reference_fold_pretrend,-0.6228384479342165,-0.6192161210194469,0.18698456851857076,-1.016629770851333,-0.9316169740875752,-0.32241895396963605,-0.2673018441580319,0.0006666666666666666,0.0013333333333333333,0.0013333333333333333,-0.532722039853843,correction_completion,PT_violation_a20,1,200,55,1843341267,reference_fold_convolution_rf,,,,
PRE,k=-3,,,-3.0,reference_fold_pretrend,-0.4297809801519165,-0.422147142872759,0.1781788588439511,-0.8009008798796374,-0.7469548778410808,-0.1554675549190402,-0.09307882331631975,0.006,0.012,0.012,-0.3551480265692287,correction_completion,PT_violation_a20,1,200,55,1843341267,reference_fold_convolution_rf,,,,
PRE,k=-2,,,-2.0,reference_fold_pretrend,-0.10486606817369343,-0.09374829464541813,0.14771160259084234,-0.43858999001240956,-0.36438640039017156,0.10463897076756887,0.1596883596188786,0.306,0.612,0.612,-0.17757401328461436,correction_completion,PT_violation_a20,1,200,55,1843341267,reference_fold_convolution_rf,,,,
PRE,slope,,,,reference_fold_pretrend,0.20235309802001256,0.20052130263813583,0.06465648325037229,0.07867759346293145,0.09724178781510082,0.31091828829439144,0.33738564183136727,0.0006666666666666666,0.0013333333333333333,0.0013333333333333333,0.17757401328461436,correction_completion,PT_violation_a20,1,200,55,1843341267,reference_fold_convolution_rf,,,,
PRE_SUB,X1=0_k=-4,,,-4.0,reference_fold_pretrend,-0.6011289689351749,-0.5992334114304931,0.18804030082057221,-0.9916934885839263,-0.9066445026982128,-0.30023110790865054,-0.24071782644999645,0.0006666666666666666,0.0013333333333333333,0.0013333333333333333,-0.4071999027786793,correction_completion,PT_violation_a20,1,200,55,1843341267,reference_fold_convolution_rf,,,,
PRE_SUB,X1=0_k=-3,,,-3.0,reference_fold_pretrend,-0.4066835180944069,-0.3989743007876847,0.17931230227495082,-0.783240670749253,-0.7259353239559203,-0.13493638257023524,-0.07433832023961932,0.009333333333333334,0.018666666666666668,0.018666666666666668,-0.27146660185245286,correction_completion,PT_violation_a20,1,200,55,1843341267,reference_fold_convolution_rf,,,,
PRE_SUB,X1=0_k=-2,,,-2.0,reference_fold_pretrend,-0.09561419693608136,-0.08451218703216487,0.1465822059986654,-0.42044958244850145,-0.35365064146921493,0.11978174203498586,0.1782121420111107,0.32,0.64,0.64,-0.13573330092622643,correction_completion,PT_violation_a20,1,200,55,1843341267,reference_fold_convolution_rf,,,,
PRE_SUB,X1=1_k=-4,,,-4.0,reference_fold_pretrend,-0.6392157741966514,-0.6310079884843753,0.1928885410160816,-1.0380789744362182,-0.952872277984138,-0.33155507571957915,-0.2789352881204436,0.0006666666666666666,0.0013333333333333333,0.0013333333333333333,-0.6491948532843341,correction_completion,PT_violation_a20,1,200,55,1843341267,reference_fold_convolution_rf,,,,
PRE_SUB,X1=1_k=-3,,,-3.0,reference_fold_pretrend,-0.4472053813531958,-0.43889823293385266,0.18284463311911772,-0.8297116033945786,-0.7732727951896,-0.16738317427651406,-0.10081549422317777,0.005333333333333333,0.010666666666666666,0.010666666666666666,-0.43279656885622275,correction_completion,PT_violation_a20,1,200,55,1843341267,reference_fold_convolution_rf,,,,
PRE_SUB,X1=1_k=-2,,,-2.0,reference_fold_pretrend,-0.11184554998452359,-0.09884658830984237,0.1523189574258055,-0.4466630343097941,-0.38923682015391825,0.10691016351784657,0.15389664012687812,0.29733333333333334,0.5946666666666667,0.5946666666666667,-0.21639828442811138,correction_completion,PT_violation_a20,1,200,55,1843341267,reference_fold_convolution_rf,,,,
PRE_SUB,X2=low_k=-4,,,-4.0,reference_fold_pretrend,-0.6636572825031637,-0.6560153206748333,0.19229033508518154,-1.0535949827787783,-0.9883966382125075,-0.36170118901966836,-0.2872201433422978,0.0,0.0,0.0,-0.4862888332770271,correction_completion,PT_violation_a20,1,200,55,1843341267,reference_fold_convolution_rf,,,,
PRE_SUB,X2=low_k=-3,,,-3.0,reference_fold_pretrend,-0.47300460957622426,-0.4618536741751048,0.18488845223731737,-0.8494745359147203,-0.7958887868272025,-0.1810858017322584,-0.1305792168096573,0.006,0.012,0.012,-0.32419255551801807,correction_completion,PT_violation_a20,1,200,55,1843341267,reference_fold_convolution_rf,,,,
PRE_SUB,X2=low_k=-2,,,-2.0,reference_fold_pretrend,-0.1175974140946248,-0.10435028157481638,0.15712907070737672,-0.476284537996778,-0.3917434631038978,0.11203950985459493,0.15545610086061476,0.302,0.604,0.604,-0.16209627775900903,correction_completion,PT_violation_a20,1,200,55,1843341267,reference_fold_convolution_rf,,,,
PRE_SUB,X2=high_k=-4,,,-4.0,reference_fold_pretrend,-0.6449013781814456,-0.6388485992391943,0.19538068342425596,-1.0502053059953038,-0.9747504201511019,-0.3343241293319586,-0.2784875054917615,0.0006666666666666666,0.0013333333333333333,0.0013333333333333333,-0.47865125746019743,correction_completion,PT_violation_a20,1,200,55,1843341267,reference_fold_convolution_rf,,,,
PRE_SUB,X2=high_k=-3,,,-3.0,reference_fold_pretrend,-0.45000198573858435,-0.4405093329601482,0.184610246238948,-0.8399834303284933,-0.7723944815363077,-0.1668775718971966,-0.10327021747045376,0.004666666666666667,0.009333333333333334,0.009333333333333334,-0.3191008383067983,correction_completion,PT_violation_a20,1,200,55,1843341267,reference_fold_convolution_rf,,,,
PRE_SUB,X2=high_k=-2,,,-2.0,reference_fold_pretrend,-0.11180014729893524,-0.10003678127817445,0.15033065346923793,-0.4464962401572703,-0.3824745758943471,0.10436098279111797,0.15401179307146248,0.2946666666666667,0.5893333333333334,0.5893333333333334,-0.15955041915339915,correction_completion,PT_violation_a20,1,200,55,1843341267,reference_fold_convolution_rf,,,,
PRE_SUBC,X1_k=-4,,,-4.0,reference_fold_pretrend,-0.03808680526147655,-0.02804536724408946,0.0768786617152584,-0.2704335581651743,-0.17208912512519595,0.019582278367282886,0.0721266094384365,0.13666666666666666,0.2733333333333333,0.2733333333333333,-0.24199495050565484,correction_completion,PT_violation_a20,1,200,55,1843341267,reference_fold_convolution_rf,,,,
PRE_SUBC,X1_k=-3,,,-3.0,reference_fold_pretrend,-0.04052186325878892,-0.030259826532048575,0.06803091470939567,-0.2482912784107233,-0.16060923657579124,0.011030686604690207,0.021035951958663972,0.108,0.216,0.216,-0.1613299670037699,correction_completion,PT_violation_a20,1,200,55,1843341267,reference_fold_convolution_rf,,,,
PRE_SUBC,X1_k=-2,,,-2.0,reference_fold_pretrend,-0.016231353048442202,-0.007934183677528078,0.05129959087682893,-0.18950630864298124,-0.06488818979144519,0.019975888065980225,0.025723383725036297,0.36866666666666664,0.7373333333333333,0.7373333333333333,-0.08066498350188495,correction_completion,PT_violation_a20,1,200,55,1843341267,reference_fold_convolution_rf,,,,
PRE_SUBC,X1_slope,,,,reference_fold_pretrend,0.015109678239317834,0.01086436348019497,0.027990515905782786,-0.018868807033931567,-0.004950400730798343,0.06617970695946103,0.1022610943097788,0.11333333333333333,0.22666666666666666,0.22666666666666666,0.08066498350188495,correction_completion,PT_violation_a20,1,200,55,1843341267,reference_fold_convolution_rf,,,,
PRE_SUBC,X2_k=-4,,,-4.0,reference_fold_pretrend,0.018755904321718177,0.03352842736751918,0.085694949766382,-0.26524181748620923,-0.16093978780770882,0.0986594467353878,0.11486724285891724,0.20533333333333334,0.4106666666666667,0.4106666666666667,0.007637575816829639,correction_completion,PT_violation_a20,1,200,55,1843341267,reference_fold_convolution_rf,,,,
PRE_SUBC,X2_k=-3,,,-3.0,reference_fold_pretrend,0.023002623837639912,0.03764571457569758,0.07706480153847801,-0.2279019986041347,-0.14068581553220386,0.09056442571006514,0.10405269566269686,0.182,0.364,0.364,0.0050917172112197595,correction_completion,PT_violation_a20,1,200,55,1843341267,reference_fold_convolution_rf,,,,
PRE_SUBC,X2_k=-2,,,-2.0,reference_fold_pretrend,0.005797266795689581,0.0070300518446903305,0.048175715411424146,-0.07033443477857036,-0.0411882096817394,0.05572571101980222,0.06781569007186974,0.4106666666666667,0.8213333333333334,0.8213333333333334,0.0025458586056098798,correction_completion,PT_violation_a20,1,200,55,1843341267,reference_fold_convolution_rf,,,,
PRE_SUBC,X2_slope,,,,reference_fold_pretrend,-0.00771930195972314,-0.01379699780388869,0.030040697240200726,-0.04044069560441094,-0.03510713142004592,0.055669557547733804,0.09623868157321391,0.18666666666666668,0.37333333333333335,0.37333333333333335,-0.0025458586056098798,correction_completion,PT_violation_a20,1,200,55,1843341267,reference_fold_convolution_rf,,,,
PRE,k=-4,,,-4.0,pretrend,-0.12721868725107638,-0.11733254806505933,0.1691068694474331,-0.47671577577203184,-0.414875255910112,0.12327195854699019,0.1774906083924048,0.2966666666666667,0.5933333333333334,0.5933333333333334,-0.15,correction_completion,PT_violation_g05,1,200,39,1011679486,raw_structured,,,,
PRE,k=-3,,,-3.0,pretrend,-0.11669382484892814,-0.0967455603729884,0.1582261031940147,-0.4594082855849451,-0.39831710636588397,0.10077567652385086,0.15292240065847632,0.3473333333333333,0.6946666666666667,0.6946666666666667,-0.09999999999999999,correction_completion,PT_violation_g05,1,200,39,1011679486,raw_structured,,,,
PRE,k=-2,,,-2.0,pretrend,-0.06773991574710961,0.0,0.1414737717534772,-0.3961905140921788,-0.3368692372119962,0.11879932996237448,0.16677697804554326,0.57,1.0,1.0,-0.049999999999999996,correction_completion,PT_violation_g05,1,200,39,1011679486,raw_structured,,,,
PRE,slope,,,,pretrend,0.048770259085585355,0.0423681558169813,0.06205316774912839,-0.05491218689118766,-0.03998103569707759,0.159295825165906,0.17973822178283438,0.276,0.552,0.552,0.049999999999999996,correction_completion,PT_violation_g05,1,200,39,1011679486,raw_structured,,,,
PRE_SUB,X1=0_k=-4,,,-4.0,pretrend,-0.12435851915746192,-0.115179186374268,0.1719603520871904,-0.4779850759292463,-0.41487525591011243,0.1367862378289913,0.18759670136550116,0.30533333333333335,0.6106666666666667,0.6106666666666667,-0.15,correction_completion,PT_violation_g05,1,200,39,1011679486,raw_structured,,,,
PRE_SUB,X1=0_k=-3,,,-3.0,pretrend,-0.1133619380385959,-0.09039498519481619,0.1609852909847802,-0.4594082855849452,-0.3995005133782202,0.11046165749710007,0.16608882395370025,0.35533333333333333,0.7106666666666667,0.7106666666666667,-0.09999999999999999,correction_completion,PT_violation_g05,1,200,39,1011679486,raw_structured,,,,
PRE_SUB,X1=0_k=-2,,,-2.0,pretrend,-0.06476039779836602,0.0,0.14264954192360313,-0.3880312290236291,-0.3367832961769836,0.12108062042831158,0.20147436248546616,0.576,1.0,1.0,-0.049999999999999996,correction_completion,PT_violation_g05,1,200,39,1011679486,raw_structured,,,,
PRE_SUB,X1=1_k=-4,,,-4.0,pretrend,-0.13007885534469085,-0.11931347031671664,0.1716517819165912,-0.4844735023307974,-0.4225234211343735,0.12461943669870687,0.17125819491893543,0.29333333333333333,0.5866666666666667,0.5866666666666667,-0.15,correction_completion,PT_violation_g05,1,200,39,1011679486,raw_structured,,,,
PRE_SUB,X1=1_k=-3,,,-3.0,pretrend,-0.12002571165926036,-0.1000599840831914,0.1601157721393724,-0.470474655030231,-0.4072458616040017,0.09583607009149078,0.14522542740517475,0.3426666666666667,0.6853333333333333,0.6853333333333333,-0.09999999999999999,correction_completion,PT_violation_g05,1,200,39,1011679486,raw_structured,,,,
PRE_SUB,X1=1_k=-2,,,-2.0,pretrend,-0.07071943369585316,0.0,0.14459755024223067,-0.41528390391634173,-0.34197017702254656,0.11487351863763033,0.16381723611804136,0.566,1.0,1.0,-0.049999999999999996,correction_completion,PT_violation_g05,1,200,39,1011679486,raw_structured,,,,
PRE_SUB,X2=low_k=-4,,,-4.0,pretrend,-0.1172245680186082,-0.11155695525422862,0.17556450029049564,-0.47020882427894456,-0.40918349636035045,0.15500437639824438,0.21158110348040507,0.31333333333333335,0.6266666666666667,0.6266666666666667,-0.15000000000000002,correction_completion,PT_violation_g05,1,200,39,1011679486,raw_structured,,,,
PRE_SUB,X2=low_k=-3,,,-3.0,pretrend,-0.11064344972578628,-0.0894780534580238,0.16164736009225336,-0.4594082855849454,-0.39665747463579537,0.1195367707764309,0.18386074376072215,0.3586666666666667,0.7173333333333334,0.7173333333333334,-0.1,correction_completion,PT_violation_g05,1,200,39,1011679486,raw_structured,,,,
PRE_SUB,X2=low_k=-2,,,-2.0,pretrend,-0.06696730617739395,0.0,0.14127576100045405,-0.39506982687663617,-0.3368234740986321,0.1205639982335397,0.16677697804554337,0.5726666666666667,1.0,1.0,-0.05,correction_completion,PT_violation_g05,1,200,39,1011679486,raw_structured,,,,
PRE_SUB,X2=high_k=-4,,,-4.0,pretrend,-0.1328363377666911,-0.12400587790409417,0.17250988631536512,-0.49089673756417646,-0.42425362381279097,0.12034009329960753,0.17407718749996187,0.28933333333333333,0.5786666666666667,0.5786666666666667,-0.15000000000000002,correction_completion,PT_violation_g05,1,200,39,1011679486,raw_structured,,,,
PRE_SUB,X2=high_k=-3,,,-3.0,pretrend,-0.12012412688810774,-0.10005998408319143,0.1614129451219939,-0.468824824732372,-0.40745026961204994,0.09617583180462617,0.1527528768970523,0.3446666666666667,0.6893333333333334,0.6893333333333334,-0.1,correction_completion,PT_violation_g05,1,200,39,1011679486,raw_structured,,,,
PRE_SUB,X2=high_k=-2,,,-2.0,pretrend,-0.06837319806552085,0.0,0.14307574612918073,-0.3994552275308567,-0.3377420008007457,0.11879932996237465,0.16683131432303347,0.5693333333333334,1.0,1.0,-0.05,correction_completion,PT_violation_g05,1,200,39,1011679486,raw_structured,,,,
PRE_SUBC,X1_k=-4,,,-4.0,pretrend,-0.005720336187228926,0.0,0.060670097024301886,-0.13970972273504234,-0.007014272464259388,0.007380428850049126,0.02972907699725115,0.5553333333333333,1.0,1.0,-0.0,correction_completion,PT_violation_g05,1,200,39,1011679486,raw_structured,,,,
PRE_SUBC,X1_k=-3,,,-3.0,pretrend,-0.006663773620664486,0.0,0.054448598463427686,-0.06398988319630261,-8.881784197001252e-16,9.450773497121632e-16,0.014117772591077212,0.6146666666666667,1.0,1.0,-0.0,correction_completion,PT_violation_g05,1,200,39,1011679486,raw_structured,,,,
PRE_SUBC,X1_k=-2,,,-2.0,pretrend,-0.00595903589748714,0.0,0.049551733748846874,-0.0012867214502285545,-6.106226635438361e-16,5.138250935843299e-16,9.45077349712157e-16,0.7126666666666667,1.0,1.0,-0.0,correction_completion,PT_violation_g05,1,200,39,1011679486,raw_structured,,,,
PRE_SUBC,X1_slope,,,,pretrend,0.0026033994071787774,0.0,0.023457596425808636,-0.00963457975108282,-0.002522193106981407,0.0018283927055160658,0.04463937201343187,0.5486666666666666,1.0,1.0,0.0,correction_completion,PT_violation_g05,1,200,39,1011679486,raw_structured,,,,
PRE_SUBC,X2_k=-4,,,-4.0,pretrend,-0.01561176974808291,0.0,0.07852935382489827,-0.31427780713059994,-0.0920615924009651,8.888723090905153e-16,0.024925651745966372,0.5486666666666666,1.0,1.0,-0.0,correction_completion,PT_violation_g05,1,200,39,1011679486,raw_structured,,,,
PRE_SUBC,X2_k=-3,,,-3.0,pretrend,-0.009480677162321462,0.0,0.06374201154476365,-0.12388604860693259,-0.00873062903755721,7.221653830491443e-16,0.016906515866737234,0.604,1.0,1.0,-0.0,correction_completion,PT_violation_g05,1,200,39,1011679486,raw_structured,,,,
PRE_SUBC,X2_k=-2,,,-2.0,pretrend,-0.0014058918881269032,0.0,0.028789208583340956,-8.618106228652777e-16,-4.996003610813204e-16,5.551115123125783e-16,0.00044988773147879545,0.7166666666666667,1.0,1.0,-0.0,correction_completion,PT_violation_g05,1,200,39,1011679486,raw_structured,,,,
PRE_SUBC,X2_slope,,,,pretrend,0.004800182532644182,0.0,0.02576175272189375,-0.007714625091792807,-3.2523586998170877e-16,0.03153845692754236,0.09219938857574439,0.54,1.0,1.0,0.0,correction_completion,PT_violation_g05,1,200,39,1011679486,raw_structured,,,,
PRE,k=-4,,,-4.0,reference_fold_pretrend,-0.1861273754799605,-0.18663169879984232,0.17096156798227666,-0.5225957727216356,-0.47339091760710633,0.09844375003425179,0.1482718076584673,0.14066666666666666,0.2813333333333333,0.2813333333333333,-0.15,correction_completion,PT_violation_g05,1,200,39,1011679486,reference_fold_convolution_rf,,,,
PRE,k=-3,,,-3.0,reference_fold_pretrend,-0.17703707312872757,-0.17009073880131043,0.15852440306045035,-0.4969194475100023,-0.45567263280301934,0.08050443142560675,0.13957279070702902,0.126,0.252,0.252,-0.09999999999999999,correction_completion,PT_violation_g05,1,200,39,1011679486,reference_fold_convolution_rf,,,,
PRE,k=-2,,,-2.0,reference_fold_pretrend,-0.10849534544710876,-0.09548360644017123,0.13397274533079415,-0.4002296382307461,-0.3566088550385724,0.0882825961370219,0.12133323798482518,0.278,0.556,0.556,-0.049999999999999996,correction_completion,PT_violation_g05,1,200,39,1011679486,reference_fold_convolution_rf,,,,
PRE,slope,,,,reference_fold_pretrend,0.0729251155817461,0.07054092253611755,0.06188677314764927,-0.04558438044629061,-0.026937211654995803,0.18301514578891911,0.200079968558995,0.112,0.224,0.224,0.049999999999999996,correction_completion,PT_violation_g05,1,200,39,1011679486,reference_fold_convolution_rf,,,,
PRE_SUB,X1=0_k=-4,,,-4.0,reference_fold_pretrend,-0.18986053769305003,-0.18738010224961452,0.1743751790151432,-0.5325979307423003,-0.479456525510805,0.09766862932595516,0.15292165570444904,0.13466666666666666,0.2693333333333333,0.2693333333333333,-0.15,correction_completion,PT_violation_g05,1,200,39,1011679486,reference_fold_convolution_rf,,,,
PRE_SUB,X1=0_k=-3,,,-3.0,reference_fold_pretrend,-0.18044200391581147,-0.17599452127512727,0.1614365160987352,-0.5051956519739846,-0.46324314441819364,0.08011910507698189,0.1401375295061375,0.126,0.252,0.252,-0.09999999999999999,correction_completion,PT_violation_g05,1,200,39,1011679486,reference_fold_convolution_rf,,,,
PRE_SUB,X1=0_k=-2,,,-2.0,reference_fold_pretrend,-0.10799407455716012,-0.09449577043528379,0.13605869602653137,-0.39944337944366204,-0.3496566389915996,0.0922382907764986,0.1263976024262247,0.2853333333333333,0.5706666666666667,0.5706666666666667,-0.049999999999999996,correction_completion,PT_violation_g05,1,200,39,1011679486,reference_fold_convolution_rf,,,,
PRE_SUB,X1=1_k=-4,,,-4.0,reference_fold_pretrend,-0.18239421326687097,-0.1821111510673833,0.17262072701522152,-0.5253964126239312,-0.46959410692784587,0.1035655443563839,0.15551639438696685,0.14933333333333335,0.2986666666666667,0.2986666666666667,-0.15,correction_completion,PT_violation_g05,1,200,39,1011679486,reference_fold_convolution_rf,,,,
PRE_SUB,X1=1_k=-3,,,-3.0,reference_fold_pretrend,-0.17363214234164362,-0.1681262119154217,0.1602125778963531,-0.4942419921419075,-0.45085637107514004,0.08462267441445533,0.1427853182320008,0.134,0.268,0.268,-0.09999999999999999,correction_completion,PT_violation_g05,1,200,39,1011679486,reference_fold_convolution_rf,,,,
PRE_SUB,X1=1_k=-2,,,-2.0,reference_fold_pretrend,-0.10899661633705739,-0.09907405491406299,0.13469156211537803,-0.40337776014897103,-0.35563793089992907,0.09323652988967478,0.12256019717001858,0.2753333333333333,0.5506666666666666,0.5506666666666666,-0.049999999999999996,correction_completion,PT_violation_g05,1,200,39,1011679486,reference_fold_convolution_rf,,,,
PRE_SUB,X2=low_k=-4,,,-4.0,reference_fold_pretrend,-0.1986579945199704,-0.19482720848004742,0.1770566179246551,-0.5566466579321488,-0.49885571679168983,0.09872904492775865,0.14942223604510588,0.132,0.264,0.264,-0.15000000000000002,correction_completion,PT_violation_g05,1,200,39,1011679486,reference_fold_convolution_rf,,,,
PRE_SUB,X2=low_k=-3,,,-3.0,reference_fold_pretrend,-0.1881457610271439,-0.1833191374468936,0.16513218258772322,-0.5220281782243711,-0.4792354576868625,0.07943549658427815,0.14528987629193704,0.12666666666666668,0.25333333333333335,0.25333333333333335,-0.1,correction_completion,PT_violation_g05,1,200,39,1011679486,reference_fold_convolution_rf,,,,
PRE_SUB,X2=low_k=-2,,,-2.0,reference_fold_pretrend,-0.11122696324584568,-0.09602018703215251,0.13800171305640677,-0.4099273159112746,-0.3622775946687583,0.08878670723836446,0.13070066833718336,0.2826666666666667,0.5653333333333334,0.5653333333333334,-0.05,correction_completion,PT_violation_g05,1,200,39,1011679486,reference_fold_convolution_rf,,,,
PRE_SUB,X2=high_k=-4,,,-4.0,reference_fold_pretrend,-0.17545997286774695,-0.17598189689803928,0.1725299873348115,-0.5224103975659763,-0.464437317944147,0.11150954076244747,0.1672731773215658,0.14866666666666667,0.29733333333333334,0.29733333333333334,-0.15000000000000002,correction_completion,PT_violation_g05,1,200,39,1011679486,reference_fold_convolution_rf,,,,
PRE_SUB,X2=high_k=-3,,,-3.0,reference_fold_pretrend,-0.1676251229472845,-0.16487267436783218,0.16024297927304965,-0.48364256046986104,-0.4363195971004935,0.09640201417928639,0.15897691881472562,0.138,0.276,0.276,-0.1,correction_completion,PT_violation_g05,1,200,39,1011679486,reference_fold_convolution_rf,,,,
PRE_SUB,X2=high_k=-2,,,-2.0,reference_fold_pretrend,-0.10667703848311798,-0.09810008291865902,0.13466675295259622,-0.3964692342968028,-0.35693696129405683,0.0892776958124613,0.12936393644573674,0.278,0.556,0.556,-0.05,correction_completion,PT_violation_g05,1,200,39,1011679486,reference_fold_convolution_rf,,,,
PRE_SUBC,X1_k=-4,,,-4.0,reference_fold_pretrend,0.007466324426179066,0.01635686630153247,0.05914225220448828,-0.18302641053015778,-0.10454393705451392,0.04981284331392374,0.06639650797428347,0.17933333333333334,0.3586666666666667,0.3586666666666667,-0.0,correction_completion,PT_violation_g05,1,200,39,1011679486,reference_fold_convolution_rf,,,,
PRE_SUBC,X1_k=-3,,,-3.0,reference_fold_pretrend,0.006809861574167899,0.014859404827182898,0.05421892870479758,-0.17332947555627815,-0.07038603764194919,0.04394417030110398,0.059258088960437605,0.17266666666666666,0.3453333333333333,0.3453333333333333,-0.0,correction_completion,PT_violation_g05,1,200,39,1011679486,reference_fold_convolution_rf,,,,
PRE_SUBC,X1_k=-2,,,-2.0,reference_fold_pretrend,-0.001002541779897264,0.0025331866690905,0.03889454168854916,-0.11380472865859942,-0.02370552027217727,0.02650985933392814,0.03400092174382193,0.44466666666666665,0.8893333333333333,0.8893333333333333,-0.0,correction_completion,PT_violation_g05,1,200,39,1011679486,reference_fold_convolution_rf,,,,
PRE_SUBC,X1_slope,,,,reference_fold_pretrend,-0.0025011539033554095,-0.005784912685134287,0.02207405240304353,-0.02379028449696352,-0.017822827378744566,0.035654212764802816,0.06837887610147222,0.176,0.352,0.352,0.0,correction_completion,PT_violation_g05,1,200,39,1011679486,reference_fold_convolution_rf,,,,
PRE_SUBC,X2_k=-4,,,-4.0,reference_fold_pretrend,0.02319802165222336,0.03472313839699412,0.06975498168112286,-0.20453057088477686,-0.11020225216443734,0.0966605221548724,0.1099543829055145,0.188,0.376,0.376,-0.0,correction_completion,PT_violation_g05,1,200,39,1011679486,reference_fold_convolution_rf,,,,
PRE_SUBC,X2_k=-3,,,-3.0,reference_fold_pretrend,0.020520638079859425,0.03234421632299776,0.0679589310756126,-0.20469273168908877,-0.11459089141125237,0.08700036000112603,0.09961881969647175,0.186,0.372,0.372,-0.0,correction_completion,PT_violation_g05,1,200,39,1011679486,reference_fold_convolution_rf,,,,
PRE_SUBC,X2_k=-2,,,-2.0,reference_fold_pretrend,0.004549924762727703,0.005699670005453836,0.044346219542952904,-0.11921746758556549,-0.047922924817790154,0.05725204078377711,0.0652644017370423,0.44266666666666665,0.8853333333333333,0.8853333333333333,-0.0,correction_completion,PT_violation_g05,1,200,39,1011679486,reference_fold_convolution_rf,,,,
PRE_SUBC,X2_slope,,,,reference_fold_pretrend,-0.008227518991365474,-0.012419657283077586,0.026070851536398956,-0.04027351213900892,-0.034798739691837374,0.04233851673511173,0.08285221509480994,0.18666666666666668,0.37333333333333335,0.37333333333333335,0.0,correction_completion,PT_violation_g05,1,200,39,1011679486,reference_fold_convolution_rf,,,,
PRE,k=-4,,,-4.0,pretrend,-0.010236677225312539,0.0,0.16241549306139322,-0.3296043443290605,-0.269670633842008,0.2611512855404084,0.32755977480468723,0.5273333333333333,1.0,1.0,-0.29999999999999993,correction_completion,PT_violation_g10,1,200,23,3000689531,raw_structured,,,,
PRE,k=-3,,,-3.0,pretrend,-0.01072118244203541,0.0,0.15342681279647777,-0.3228816699361027,-0.2716601851698007,0.25078499784438546,0.3066901956459426,0.5846666666666667,1.0,1.0,-0.19999999999999996,correction_completion,PT_violation_g10,1,200,23,3000689531,raw_structured,,,,
PRE,k=-2,,,-2.0,pretrend,0.06919636097231989,0.0,0.1438989973440938,-0.17950620157458608,-0.11565670095473547,0.36017648160594146,0.4162536819624794,0.5586666666666666,1.0,1.0,-0.09999999999999998,correction_completion,PT_violation_g10,1,200,23,3000689531,raw_structured,,,,
PRE,slope,,,,pretrend,-0.0012174260294508174,0.0,0.05978470914258529,-0.13186244768415323,-0.1074766889441157,0.09375648797469978,0.1120881253622142,0.5466666666666666,1.0,1.0,0.09999999999999998,correction_completion,PT_violation_g10,1,200,23,3000689531,raw_structured,,,,
PRE_SUB,X1=0_k=-4,,,-4.0,pretrend,-0.0076134520880820206,0.0,0.1634161597302197,-0.32873562131854545,-0.26834276218987113,0.2685841092732489,0.32986835940075043,0.5346666666666666,1.0,1.0,-0.29999999999999993,correction_completion,PT_violation_g10,1,200,23,3000689531,raw_structured,,,,
PRE_SUB,X1=0_k=-3,,,-3.0,pretrend,-0.008444963253566315,0.0,0.15399898983771082,-0.3218581313826274,-0.2716375301297154,0.2550807111229723,0.30669019564594285,0.5906666666666667,1.0,1.0,-0.19999999999999996,correction_completion,PT_violation_g10,1,200,23,3000689531,raw_structured,,,,
PRE_SUB,X1=0_k=-2,,,-2.0,pretrend,0.07013918394955226,0.0,0.14488219557870685,-0.1795062015745861,-0.11915811074805423,0.36278058153487597,0.4163790239477223,0.5586666666666666,1.0,1.0,-0.09999999999999998,correction_completion,PT_violation_g10,1,200,23,3000689531,raw_structured,,,,
PRE_SUB,X1=1_k=-4,,,-4.0,pretrend,-0.012809455725288634,0.0,0.16444549659720661,-0.33892454371823255,-0.2762953486887174,0.2626289468231554,0.3271992908171459,0.526,1.0,1.0,-0.2999999999999999,correction_completion,PT_violation_g10,1,200,23,3000689531,raw_structured,,,,
PRE_SUB,X1=1_k=-3,,,-3.0,pretrend,-0.01295362818457241,0.0,0.155596622586284,-0.32789540964316877,-0.27971395301071955,0.24774044653857535,0.30669019564594246,0.5833333333333334,1.0,1.0,-0.19999999999999993,correction_completion,PT_violation_g10,1,200,23,3000689531,raw_structured,,,,
PRE_SUB,X1=1_k=-2,,,-2.0,pretrend,0.06827166920618813,0.0,0.1444554544848261,-0.1796036696575235,-0.1252647362321922,0.36199075503188927,0.4186098109393518,0.564,1.0,1.0,-0.09999999999999996,correction_completion,PT_violation_g10,1,200,23,3000689531,raw_structured,,,,
PRE_SUB,X2=low_k=-4,,,-4.0,pretrend,-0.00627196862615636,0.0,0.16383100498209174,-0.32827624734828725,-0.26933488044714055,0.27100769889175846,0.3336058525141866,0.5366666666666666,1.0,1.0,-0.30000000000000004,correction_completion,PT_violation_g10,1,200,23,3000689531,raw_structured,,,,
PRE_SUB,X2=low_k=-3,,,-3.0,pretrend,-0.006597766140877518,0.0,0.15450429197788415,-0.3218581313826275,-0.26802439770010267,0.2598263793962721,0.3169318823068022,0.5933333333333334,1.0,1.0,-0.2,correction_completion,PT_violation_g10,1,200,23,3000689531,raw_structured,,,,
PRE_SUB,X2=low_k=-2,,,-2.0,pretrend,0.07284932037529808,0.0,0.14605277985826193,-0.1719530120494895,-0.10783296452508577,0.36374915310016276,0.42781000326090146,0.5533333333333333,1.0,1.0,-0.1,correction_completion,PT_violation_g10,1,200,23,3000689531,raw_structured,,,,
PRE_SUB,X2=high_k=-4,,,-4.0,pretrend,-0.013453567666918078,0.0,0.16518760052619794,-0.34196651027506897,-0.27746803261946823,0.26115128554040823,0.32755977480468695,0.522,1.0,1.0,-0.30000000000000004,correction_completion,PT_violation_g10,1,200,23,3000689531,raw_structured,,,,
PRE_SUB,X2=high_k=-3,,,-3.0,pretrend,-0.013957351281381702,0.0,0.1565155075890428,-0.33787653880051416,-0.28678766735400807,0.24781343443281428,0.30634495542001106,0.5813333333333334,1.0,1.0,-0.20000000000000004,correction_completion,PT_violation_g10,1,200,23,3000689531,raw_structured,,,,
PRE_SUB,X2=high_k=-2,,,-2.0,pretrend,0.06647037046316207,0.0,0.14611663578068299,-0.185097398462314,-0.12612116134887835,0.3565272513505743,0.4140033713903619,0.562,1.0,1.0,-0.10000000000000002,correction_completion,PT_violation_g10,1,200,23,3000689531,raw_structured,,,,
PRE_SUBC,X1_k=-4,,,-4.0,pretrend,-0.005196003637206616,0.0,0.04456339170035514,-0.053954948423659686,-0.004409672447944764,9.992007221626409e-16,0.0021698824907142784,0.558,1.0,1.0,4.163336342344337e-17,correction_completion,PT_violation_g10,1,200,23,3000689531,raw_structured,,,,
PRE_SUBC,X1_k=-3,,,-3.0,pretrend,-0.004508664931006093,0.0,0.041262729965637186,-0.025185177661427107,-1.4988010832439613e-15,8.881784197001252e-16,1.4658413372003925e-15,0.5973333333333334,1.0,1.0,2.7755575615628914e-17,correction_completion,PT_violation_g10,1,200,23,3000689531,raw_structured,,,,
PRE_SUBC,X1_k=-2,,,-2.0,pretrend,-0.0018675147433641329,0.0,0.02977344694814785,-0.00423223764844087,-7.771561172376096e-16,6.938893903907228e-16,1.1313866510320717e-15,0.7193333333333334,1.0,1.0,1.3877787807814457e-17,correction_completion,PT_violation_g10,1,200,23,3000689531,raw_structured,,,,
PRE_SUBC,X1_slope,,,,pretrend,0.0018909182512140115,0.0,0.016716151476270456,-0.0005938764633735244,-3.6875264746478416e-16,0.0014319943722677247,0.016818616925912317,0.5493333333333333,1.0,1.0,-1.3877787807814457e-17,correction_completion,PT_violation_g10,1,200,23,3000689531,raw_structured,,,,
PRE_SUBC,X2_k=-4,,,-4.0,pretrend,-0.007181599040761718,0.0,0.05254085265247881,-0.07807385014908196,-0.013332066375190453,8.604228440844963e-16,1.1657341758564144e-15,0.542,1.0,1.0,-4.163336342344337e-17,correction_completion,PT_violation_g10,1,200,23,3000689531,raw_structured,,,,
PRE_SUBC,X2_k=-3,,,-3.0,pretrend,-0.007359585140504186,0.0,0.05097448879458764,-0.0581819320815525,-0.008645984954803865,7.010017566422276e-16,9.615572227339413e-16,0.6,1.0,1.0,-2.7755575615628914e-17,correction_completion,PT_violation_g10,1,200,23,3000689531,raw_structured,,,,
PRE_SUBC,X2_k=-2,,,-2.0,pretrend,-0.006378949912136016,0.0,0.04892487562427141,-0.026694702499197497,-1.0692835505921039e-15,5.835609773185973e-16,7.771561172376096e-16,0.704,1.0,1.0,-1.3877787807814457e-17,correction_completion,PT_violation_g10,1,200,23,3000689531,raw_structured,,,,
PRE_SUBC,X2_slope,,,,pretrend,0.003045922665387824,0.0,0.021782027522120734,-4.163336342344337e-16,-2.896864296061555e-16,0.004511036522841741,0.029130589419373763,0.5326666666666666,1.0,1.0,1.3877787807814457e-17,correction_completion,PT_violation_g10,1,200,23,3000689531,raw_structured,,,,
PRE,k=-4,,,-4.0,reference_fold_pretrend,-0.10734032095413967,-0.10652808270712137,0.16628637551335265,-0.4412550087213564,-0.380551801786115,0.1584147224469221,0.20597096795356015,0.264,0.528,0.528,-0.29999999999999993,correction_completion,PT_violation_g10,1,200,23,3000689531,reference_fold_convolution_rf,,,,
PRE,k=-3,,,-3.0,reference_fold_pretrend,-0.101018302780167,-0.10484550761651973,0.15430766854322112,-0.39010131721897723,-0.3597563399125612,0.15639856700564347,0.2081988886474851,0.266,0.532,0.532,-0.19999999999999996,correction_completion,PT_violation_g10,1,200,23,3000689531,reference_fold_convolution_rf,,,,
PRE,k=-2,,,-2.0,reference_fold_pretrend,0.021332138504765265,0.0,0.12212101083307593,-0.23090057109412931,-0.17692863748923063,0.22879183453807211,0.28273673752094486,0.5326666666666666,1.0,1.0,-0.09999999999999998,correction_completion,PT_violation_g10,1,200,23,3000689531,reference_fold_convolution_rf,,,,
PRE,slope,,,,reference_fold_pretrend,0.03590895927985627,0.035787719625828565,0.058949998791268186,-0.08308793671314536,-0.06120150932308187,0.1320884059556529,0.15352702757511047,0.26066666666666666,0.5213333333333333,0.5213333333333333,0.09999999999999998,correction_completion,PT_violation_g10,1,200,23,3000689531,reference_fold_convolution_rf,,,,
PRE_SUB,X1=0_k=-4,,,-4.0,reference_fold_pretrend,-0.08404150180291735,-0.09040061683244428,0.17361932530818835,-0.42463956771262606,-0.3584637119839693,0.20621909806404476,0.26454559726294685,0.302,0.604,0.604,-0.29999999999999993,correction_completion,PT_violation_g10,1,200,23,3000689531,reference_fold_convolution_rf,,,,
PRE_SUB,X1=0_k=-3,,,-3.0,reference_fold_pretrend,-0.08348049993858912,-0.0909311147574687,0.15900392888879372,-0.3767161293480463,-0.3457254464227524,0.1963231668718187,0.2410157638643776,0.296,0.592,0.592,-0.19999999999999996,correction_completion,PT_violation_g10,1,200,23,3000689531,reference_fold_convolution_rf,,,,
PRE_SUB,X1=0_k=-2,,,-2.0,reference_fold_pretrend,0.02956381491224129,0.0,0.12874063849830095,-0.23318849907431477,-0.17333503140322012,0.2627607819967593,0.32482742932633024,0.5273333333333333,1.0,1.0,-0.09999999999999998,correction_completion,PT_violation_g10,1,200,23,3000689531,reference_fold_convolution_rf,,,,
PRE_SUB,X1=1_k=-4,,,-4.0,reference_fold_pretrend,-0.1301910858909154,-0.12802338073478636,0.16901523188609638,-0.46755894249175844,-0.4228272594288841,0.141192909591911,0.19826129319594024,0.21933333333333332,0.43866666666666665,0.43866666666666665,-0.2999999999999999,correction_completion,PT_violation_g10,1,200,23,3000689531,reference_fold_convolution_rf,,,,
PRE_SUB,X1=1_k=-3,,,-3.0,reference_fold_pretrend,-0.11821884018248378,-0.11827170512416096,0.15872326505098935,-0.4165794539257316,-0.37651241972736016,0.13558624065758107,0.19081756394004745,0.23666666666666666,0.47333333333333333,0.47333333333333333,-0.19999999999999993,correction_completion,PT_violation_g10,1,200,23,3000689531,reference_fold_convolution_rf,,,,
PRE_SUB,X1=1_k=-2,,,-2.0,reference_fold_pretrend,0.013258763566663778,0.0,0.12347647835679043,-0.2688783299721535,-0.19500126293082973,0.21941894471819115,0.27843271400139924,0.5573333333333333,1.0,1.0,-0.09999999999999996,correction_completion,PT_violation_g10,1,200,23,3000689531,reference_fold_convolution_rf,,,,
PRE_SUB,X2=low_k=-4,,,-4.0,reference_fold_pretrend,-0.1181850486672485,-0.11764605186817763,0.16756604789772184,-0.4523353360897399,-0.3908579452390652,0.15790396071377738,0.20203474467899155,0.24466666666666667,0.48933333333333334,0.48933333333333334,-0.30000000000000004,correction_completion,PT_violation_g10,1,200,23,3000689531,reference_fold_convolution_rf,,,,
PRE_SUB,X2=low_k=-3,,,-3.0,reference_fold_pretrend,-0.10753129634180238,-0.11132928985527721,0.1567948747414679,-0.40459915915159117,-0.3726075052455429,0.15215479035847485,0.2037426776310503,0.262,0.524,0.524,-0.2,correction_completion,PT_violation_g10,1,200,23,3000689531,reference_fold_convolution_rf,,,,
PRE_SUB,X2=low_k=-2,,,-2.0,reference_fold_pretrend,0.021751264245018147,0.0,0.12281019339656529,-0.2315386202865346,-0.1809246348939844,0.22556302523131638,0.28548344872766157,0.5273333333333333,1.0,1.0,-0.1,correction_completion,PT_violation_g10,1,200,23,3000689531,reference_fold_convolution_rf,,,,
PRE_SUB,X2=high_k=-4,,,-4.0,reference_fold_pretrend,-0.09334124444417549,-0.09281819926165792,0.16843939628723764,-0.42677438500025394,-0.36774204773785746,0.1762075159821463,0.2220407409157,0.292,0.584,0.584,-0.30000000000000004,correction_completion,PT_violation_g10,1,200,23,3000689531,reference_fold_convolution_rf,,,,
PRE_SUB,X2=high_k=-3,,,-3.0,reference_fold_pretrend,-0.09240231630439753,-0.09662352152771692,0.1546764291056079,-0.3793120452378267,-0.34789285382457436,0.16770467953866128,0.21768046130228813,0.2753333333333333,0.5506666666666666,0.5506666666666666,-0.20000000000000004,correction_completion,PT_violation_g10,1,200,23,3000689531,reference_fold_convolution_rf,,,,
PRE_SUB,X2=high_k=-2,,,-2.0,reference_fold_pretrend,0.02082610463647575,0.0,0.12352845258222092,-0.2391517774637458,-0.18188901863572404,0.23633758553540488,0.292424052689231,0.5433333333333333,1.0,1.0,-0.10000000000000002,correction_completion,PT_violation_g10,1,200,23,3000689531,reference_fold_convolution_rf,,,,
PRE_SUBC,X1_k=-4,,,-4.0,reference_fold_pretrend,-0.04614958408799806,-0.02291436196567014,0.08237117700497398,-0.3255310568538597,-0.24051084028660003,0.0076454046820777334,0.019198576028993622,0.10266666666666667,0.20533333333333334,0.20533333333333334,4.163336342344337e-17,correction_completion,PT_violation_g10,1,200,23,3000689531,reference_fold_convolution_rf,,,,
PRE_SUBC,X1_k=-3,,,-3.0,reference_fold_pretrend,-0.034738340243894675,-0.01584841830211317,0.07553825891318613,-0.2950496303270062,-0.2122539399654401,0.010223297962021087,0.018785099178741823,0.182,0.364,0.364,2.7755575615628914e-17,correction_completion,PT_violation_g10,1,200,23,3000689531,reference_fold_convolution_rf,,,,
PRE_SUBC,X1_k=-2,,,-2.0,reference_fold_pretrend,-0.01630505134557751,-0.0006377270850386014,0.06294134481654166,-0.23719917225988243,-0.11620668652292507,0.016673344714405663,0.02107016984799936,0.48733333333333334,0.9746666666666667,0.9746666666666667,1.3877787807814457e-17,correction_completion,PT_violation_g10,1,200,23,3000689531,reference_fold_convolution_rf,,,,
PRE_SUBC,X1_slope,,,,reference_fold_pretrend,0.0160164631498115,0.00753068242957379,0.031369810744679115,-0.007532198347976557,-0.003113358587955635,0.08757404377549213,0.11640974544347181,0.12466666666666666,0.24933333333333332,0.24933333333333332,-1.3877787807814457e-17,correction_completion,PT_violation_g10,1,200,23,3000689531,reference_fold_convolution_rf,,,,
PRE_SUBC,X2_k=-4,,,-4.0,reference_fold_pretrend,0.02484380422307297,0.029979334865933373,0.046352797795731586,-0.09597054872978798,-0.04284918575142253,0.0802482877027966,0.09160124141932088,0.18333333333333332,0.36666666666666664,0.36666666666666664,-4.163336342344337e-17,correction_completion,PT_violation_g10,1,200,23,3000689531,reference_fold_convolution_rf,,,,
PRE_SUBC,X2_k=-3,,,-3.0,reference_fold_pretrend,0.015128980037404835,0.020169303017827656,0.04215442556290177,-0.09377292916298065,-0.0431153091673088,0.06503162360288624,0.07261101632518223,0.25933333333333336,0.5186666666666667,0.5186666666666667,-2.7755575615628914e-17,correction_completion,PT_violation_g10,1,200,23,3000689531,reference_fold_convolution_rf,,,,
PRE_SUBC,X2_k=-2,,,-2.0,reference_fold_pretrend,-0.0009251596085423991,0.0,0.03325890446140503,-0.07067869653934256,-0.040923531307009105,0.03907584719766288,0.04783035549274897,0.554,1.0,1.0,-1.3877787807814457e-17,correction_completion,PT_violation_g10,1,200,23,3000689531,reference_fold_convolution_rf,,,,
PRE_SUBC,X2_slope,,,,reference_fold_pretrend,-0.007418872366820442,-0.009362029412234168,0.01706521312065719,-0.0309627279724795,-0.026723528118159354,0.01709839505516088,0.03551894115671054,0.20866666666666667,0.41733333333333333,0.41733333333333333,1.3877787807814457e-17,correction_completion,PT_violation_g10,1,200,23,3000689531,reference_fold_convolution_rf,,,,
PRE,k=-4,,,-4.0,pretrend,-0.5729796072522388,-0.5684469416629738,0.1949091267105109,-0.9659990257401809,-0.9033698819598321,-0.25267998197471336,-0.20417737117694096,0.0026666666666666666,0.005333333333333333,0.005333333333333333,-0.5999999999999999,correction_completion,PT_violation_g20,1,200,7,4089783010,raw_structured,,,,
PRE,k=-3,,,-3.0,pretrend,-0.43674529478999663,-0.44005581052845366,0.18572815610132146,-0.7921445131870006,-0.744919919109011,-0.12922069568627556,-0.06631582300291747,0.019333333333333334,0.03866666666666667,0.03866666666666667,-0.3999999999999999,correction_completion,PT_violation_g20,1,200,7,4089783010,raw_structured,,,,
PRE,k=-2,,,-2.0,pretrend,-0.3300255877304934,-0.33799598733362246,0.19627049093773977,-0.6907908036034938,-0.6338112294626417,0.0,0.0,0.106,0.212,0.212,-0.19999999999999996,correction_completion,PT_violation_g20,1,200,7,4089783010,raw_structured,,,,
PRE,slope,,,,pretrend,0.20874678564765736,0.2089583015354648,0.07136621206184961,0.06871804549187426,0.08678475533560515,0.3223963283369061,0.34652912800459806,0.0033333333333333335,0.006666666666666667,0.006666666666666667,0.19999999999999996,correction_completion,PT_violation_g20,1,200,7,4089783010,raw_structured,,,,
PRE_SUB,X1=0_k=-4,,,-4.0,pretrend,-0.5732411335198511,-0.5684469416629742,0.19605089280851062,-0.9704277036974189,-0.9066491915821691,-0.25267998197471336,-0.2034108813860284,0.0026666666666666666,0.005333333333333333,0.005333333333333333,-0.5999999999999998,correction_completion,PT_violation_g20,1,200,7,4089783010,raw_structured,,,,
PRE_SUB,X1=0_k=-3,,,-3.0,pretrend,-0.4371857982114628,-0.441877088327599,0.18734993475415768,-0.8017273654323908,-0.7480578511986031,-0.1246010700681803,-0.06390550132816451,0.019333333333333334,0.03866666666666667,0.03866666666666667,-0.39999999999999986,correction_completion,PT_violation_g20,1,200,7,4089783010,raw_structured,,,,
PRE_SUB,X1=0_k=-2,,,-2.0,pretrend,-0.32946362452044103,-0.3379959873336228,0.19669552790359052,-0.6907908036034942,-0.6351037071454811,0.0,0.0,0.10666666666666667,0.21333333333333335,0.21333333333333335,-0.19999999999999993,correction_completion,PT_violation_g20,1,200,7,4089783010,raw_structured,,,,
PRE_SUB,X1=1_k=-4,,,-4.0,pretrend,-0.5725979202670749,-0.5687211486941741,0.19628174687846556,-0.9667354913253995,-0.9097937540713457,-0.2502449176258992,-0.19806189842370228,0.0026666666666666666,0.005333333333333333,0.005333333333333333,-0.6000000000000001,correction_completion,PT_violation_g20,1,200,7,4089783010,raw_structured,,,,
PRE_SUB,X1=1_k=-3,,,-3.0,pretrend,-0.43610239790461347,-0.43953530086782866,0.1860930428379037,-0.796391221892522,-0.7449199191090108,-0.12460107006818036,-0.06786552173492087,0.019333333333333334,0.03866666666666667,0.03866666666666667,-0.4000000000000001,correction_completion,PT_violation_g20,1,200,7,4089783010,raw_structured,,,,
PRE_SUB,X1=1_k=-2,,,-2.0,pretrend,-0.33084575025327256,-0.3385915796235508,0.19694817350531768,-0.6907908036034943,-0.6338129776515655,0.0,0.0,0.106,0.212,0.212,-0.20000000000000004,correction_completion,PT_violation_g20,1,200,7,4089783010,raw_structured,,,,
PRE_SUB,X2=low_k=-4,,,-4.0,pretrend,-0.5681581431258852,-0.5649564489493346,0.19665172546965556,-0.9616944741292546,-0.8997021200509547,-0.24853569774633158,-0.20341088138602845,0.005333333333333333,0.010666666666666666,0.010666666666666666,-0.6000000000000002,correction_completion,PT_violation_g20,1,200,7,4089783010,raw_structured,,,,
PRE_SUB,X2=low_k=-3,,,-3.0,pretrend,-0.43258565908950897,-0.4376063538789883,0.1877075216970528,-0.7914962495828197,-0.7446010625947435,-0.11846383631117025,-0.037509903536325405,0.023333333333333334,0.04666666666666667,0.04666666666666667,-0.40000000000000013,correction_completion,PT_violation_g20,1,200,7,4089783010,raw_structured,,,,
PRE_SUB,X2=low_k=-2,,,-2.0,pretrend,-0.3269466570983142,-0.33466939715557575,0.19753472438077635,-0.6894666345432209,-0.630727483780283,0.0,0.0,0.11,0.22,0.22,-0.20000000000000007,correction_completion,PT_violation_g20,1,200,7,4089783010,raw_structured,,,,
PRE_SUB,X2=high_k=-4,,,-4.0,pretrend,-0.5784833499596289,-0.5744731505535118,0.19763855854752446,-0.979014425021419,-0.9167988456872739,-0.25710702498212595,-0.21002905802937263,0.0026666666666666666,0.005333333333333333,0.005333333333333333,-0.6000000000000002,correction_completion,PT_violation_g20,1,200,7,4089783010,raw_structured,,,,
PRE_SUB,X2=high_k=-3,,,-3.0,pretrend,-0.44084012046245014,-0.44289494341699975,0.18754580461225728,-0.8033557149104216,-0.7517597447589062,-0.12935552820548823,-0.0678655217349207,0.019333333333333334,0.03866666666666667,0.03866666666666667,-0.40000000000000013,correction_completion,PT_violation_g20,1,200,7,4089783010,raw_structured,,,,
PRE_SUB,X2=high_k=-2,,,-2.0,pretrend,-0.33288926622150633,-0.3408494483419744,0.19726066814356433,-0.6997173411074513,-0.6351364139265345,0.0,0.0,0.106,0.212,0.212,-0.20000000000000007,correction_completion,PT_violation_g20,1,200,7,4089783010,raw_structured,,,,
PRE_SUBC,X1_k=-4,,,-4.0,pretrend,0.0006432132527761972,0.0,0.044751945929861106,-0.026209113791843108,-0.004249486036086708,0.014367347129674843,0.03547438127858076,0.53,1.0,1.0,-3.3306690738754696e-16,correction_completion,PT_violation_g20,1,200,7,4089783010,raw_structured,,,,
PRE_SUBC,X1_k=-3,,,-3.0,pretrend,0.001083400306849294,0.0,0.04143343634456263,-0.014849403264717386,-1.5626389071599074e-15,0.004510752903380082,0.02623553166815968,0.5386666666666666,1.0,1.0,-2.220446049250313e-16,correction_completion,PT_violation_g20,1,200,7,4089783010,raw_structured,,,,
PRE_SUBC,X1_k=-2,,,-2.0,pretrend,-0.0013821257328314293,0.0,0.0293232884892205,-0.011738011344080743,-9.992007221626409e-16,8.881784197001252e-16,0.010053927589103883,0.5653333333333334,1.0,1.0,-1.1102230246251565e-16,correction_completion,PT_violation_g20,1,200,7,4089783010,raw_structured,,,,
PRE_SUBC,X1_slope,,,,pretrend,-0.00019387961708541068,0.0,0.01644119908689257,-0.012612105590704636,-0.004937678201422386,0.001461951425337395,0.01123247733936122,0.5066666666666667,1.0,1.0,1.1102230246251565e-16,correction_completion,PT_violation_g20,1,200,7,4089783010,raw_structured,,,,
PRE_SUBC,X2_k=-4,,,-4.0,pretrend,-0.01032520683374371,0.0,0.05805172398192586,-0.17199073937362508,-0.044827597732363784,9.992007221626409e-16,0.005307162378351088,0.518,1.0,1.0,-0.0,correction_completion,PT_violation_g20,1,200,7,4089783010,raw_structured,,,,
PRE_SUBC,X2_k=-3,,,-3.0,pretrend,-0.008254461372941184,0.0,0.04825827590587495,-0.12449541348140934,-0.025217957012607074,6.661338147750939e-16,1.2212453270876722e-15,0.5293333333333333,1.0,1.0,-0.0,correction_completion,PT_violation_g20,1,200,7,4089783010,raw_structured,,,,
PRE_SUBC,X2_k=-2,,,-2.0,pretrend,-0.005942609123192133,0.0,0.041823232566104054,-0.059642449097370896,-0.007094426183861627,5.551115123125783e-16,8.545247842661695e-16,0.56,1.0,1.0,-0.0,correction_completion,PT_violation_g20,1,200,7,4089783010,raw_structured,,,,
PRE_SUBC,X2_slope,,,,pretrend,0.0038162251693075458,9.881728372082169e-18,0.02101183140200772,-0.0019033676450370537,-3.072938728873201e-16,0.01713199881874065,0.0628088673429923,0.49066666666666664,0.9813333333333333,0.9813333333333333,0.0,correction_completion,PT_violation_g20,1,200,7,4089783010,raw_structured,,,,
PRE,k=-4,,,-4.0,reference_fold_pretrend,-0.6195496579991429,-0.6150143442931659,0.19674967940297322,-1.025843907996324,-0.9587668055056712,-0.3046719801136398,-0.25621445731675885,0.0,0.0,0.0,-0.5999999999999999,correction_completion,PT_violation_g20,1,200,7,4089783010,reference_fold_convolution_rf,,,,
PRE,k=-3,,,-3.0,reference_fold_pretrend,-0.4687849072048797,-0.46588385615297995,0.17974770234340365,-0.8215145133348202,-0.7710436174970409,-0.18031578315757443,-0.12482322454494074,0.0026666666666666666,0.005333333333333333,0.005333333333333333,-0.3999999999999999,correction_completion,PT_violation_g20,1,200,7,4089783010,reference_fold_convolution_rf,,,,
PRE,k=-2,,,-2.0,reference_fold_pretrend,-0.35389113445200543,-0.35005803276186026,0.17358901840534122,-0.7027374384646493,-0.646596767888166,-0.07667505702396912,-0.030612653701596746,0.018,0.036,0.036,-0.19999999999999996,correction_completion,PT_violation_g20,1,200,7,4089783010,reference_fold_convolution_rf,,,,
PRE,slope,,,,reference_fold_pretrend,0.22500785163279952,0.22422794646154498,0.0711196683288372,0.09252593317566478,0.10932102868817767,0.34654651498932376,0.36444957248116844,0.0,0.0,0.0,0.19999999999999996,correction_completion,PT_violation_g20,1,200,7,4089783010,reference_fold_convolution_rf,,,,
PRE_SUB,X1=0_k=-4,,,-4.0,reference_fold_pretrend,-0.6194491266116624,-0.6181586314169697,0.19983568284364228,-1.0386419848331374,-0.9577409941098768,-0.29728342447304995,-0.24909691017116553,0.0,0.0,0.0,-0.5999999999999998,correction_completion,PT_violation_g20,1,200,7,4089783010,reference_fold_convolution_rf,,,,
PRE_SUB,X1=0_k=-3,,,-3.0,reference_fold_pretrend,-0.4647329318240475,-0.46433180014647485,0.1818901782261374,-0.8106965699364753,-0.7706940063854701,-0.17056396111714156,-0.11350297302041341,0.0026666666666666666,0.005333333333333333,0.005333333333333333,-0.39999999999999986,correction_completion,PT_violation_g20,1,200,7,4089783010,reference_fold_convolution_rf,,,,
PRE_SUB,X1=0_k=-2,,,-2.0,reference_fold_pretrend,-0.34482868718376447,-0.33891105833578844,0.17487121155122812,-0.6958901071505202,-0.638515413806714,-0.06872467527025396,-0.0228905746493585,0.020666666666666667,0.04133333333333333,0.04133333333333333,-0.19999999999999993,correction_completion,PT_violation_g20,1,200,7,4089783010,reference_fold_convolution_rf,,,,
PRE_SUB,X1=1_k=-4,,,-4.0,reference_fold_pretrend,-0.6196963794835739,-0.6144054224322003,0.1989502754607903,-1.025069136932862,-0.9653194344893781,-0.3049863443040863,-0.25519946292177054,0.0,0.0,0.0,-0.6000000000000001,correction_completion,PT_violation_g20,1,200,7,4089783010,reference_fold_convolution_rf,,,,
PRE_SUB,X1=1_k=-3,,,-3.0,reference_fold_pretrend,-0.4746986010039321,-0.4697926193140467,0.18257509919499199,-0.8492029443490274,-0.7811694835633817,-0.1827869340631437,-0.13104022569265933,0.0026666666666666666,0.005333333333333333,0.005333333333333333,-0.4000000000000001,correction_completion,PT_violation_g20,1,200,7,4089783010,reference_fold_convolution_rf,,,,
PRE_SUB,X1=1_k=-2,,,-2.0,reference_fold_pretrend,-0.36711740884349214,-0.36149105454020747,0.1770132940208023,-0.7285229704740182,-0.6709820154393727,-0.08547553228870504,-0.036537232078588874,0.018,0.036,0.036,-0.20000000000000004,correction_completion,PT_violation_g20,1,200,7,4089783010,reference_fold_convolution_rf,,,,
PRE_SUB,X2=low_k=-4,,,-4.0,reference_fold_pretrend,-0.6064964440369209,-0.6034263957128624,0.19705341799105375,-1.0085250597024666,-0.9490414746934079,-0.299263129811517,-0.2342258720245626,0.0,0.0,0.0,-0.6000000000000002,correction_completion,PT_violation_g20,1,200,7,4089783010,reference_fold_convolution_rf,,,,
PRE_SUB,X2=low_k=-3,,,-3.0,reference_fold_pretrend,-0.4638160455765313,-0.46441767689224167,0.17958424510346707,-0.8145504309521667,-0.7680725276733331,-0.17565071477314625,-0.12342550378395364,0.0026666666666666666,0.005333333333333333,0.005333333333333333,-0.40000000000000013,correction_completion,PT_violation_g20,1,200,7,4089783010,reference_fold_convolution_rf,,,,
PRE_SUB,X2=low_k=-2,,,-2.0,reference_fold_pretrend,-0.3584328666547361,-0.3572042288388858,0.17342863593065438,-0.7078199381784033,-0.6526470136428502,-0.08240076297189773,-0.026878215180697763,0.019333333333333334,0.03866666666666667,0.03866666666666667,-0.20000000000000007,correction_completion,PT_violation_g20,1,200,7,4089783010,reference_fold_convolution_rf,,,,
PRE_SUB,X2=high_k=-4,,,-4.0,reference_fold_pretrend,-0.6382164713748295,-0.6282292499342661,0.2066503279937781,-1.0601012607213,-0.9865177218712912,-0.3117507098855702,-0.2610458730598893,0.0,0.0,0.0,-0.6000000000000002,correction_completion,PT_violation_g20,1,200,7,4089783010,reference_fold_convolution_rf,,,,
PRE_SUB,X2=high_k=-3,,,-3.0,reference_fold_pretrend,-0.47194751669722085,-0.4700461541268675,0.1891120263827327,-0.8625674822873824,-0.7868674697935079,-0.16388881369151678,-0.11580040264984653,0.0026666666666666666,0.005333333333333333,0.005333333333333333,-0.40000000000000013,correction_completion,PT_violation_g20,1,200,7,4089783010,reference_fold_convolution_rf,,,,
PRE_SUB,X2=high_k=-2,,,-2.0,reference_fold_pretrend,-0.34117102505295316,-0.33081691462526597,0.17918345112475487,-0.7181336267711702,-0.6448098058142278,-0.06599428924471919,-0.02374623563385017,0.020666666666666667,0.04133333333333333,0.04133333333333333,-0.20000000000000007,correction_completion,PT_violation_g20,1,200,7,4089783010,reference_fold_convolution_rf,,,,
PRE_SUBC,X1_k=-4,,,-4.0,reference_fold_pretrend,-0.00024725287191153147,0.008432290477750987,0.06691383857599766,-0.21343078214891575,-0.13792282527330987,0.0671919380423458,0.08943900179288768,0.39266666666666666,0.7853333333333333,0.7853333333333333,-3.3306690738754696e-16,correction_completion,PT_violation_g20,1,200,7,4089783010,reference_fold_convolution_rf,,,,
PRE_SUBC,X1_k=-3,,,-3.0,reference_fold_pretrend,-0.009965669179884704,-0.003355967532626042,0.06026562130453477,-0.19350639940751962,-0.09511166376862183,0.04785893548952078,0.06620533430876825,0.44533333333333336,0.8906666666666667,0.8906666666666667,-2.220446049250313e-16,correction_completion,PT_violation_g20,1,200,7,4089783010,reference_fold_convolution_rf,,,,
PRE_SUBC,X1_k=-2,,,-2.0,reference_fold_pretrend,-0.022288721659727662,-0.015380848675589032,0.05587516629590676,-0.20048295470887598,-0.10077721554653137,0.03161990660584633,0.04485914081065798,0.2853333333333333,0.5706666666666667,0.5706666666666667,-1.1102230246251565e-16,correction_completion,PT_violation_g20,1,200,7,4089783010,reference_fold_convolution_rf,,,,
PRE_SUBC,X1_slope,,,,reference_fold_pretrend,0.003068701331087976,-9.237873213676105e-05,0.025467045319447996,-0.02869910319672533,-0.021388702998947233,0.049240845064859845,0.08088365758360434,0.498,0.996,0.996,1.1102230246251565e-16,correction_completion,PT_violation_g20,1,200,7,4089783010,reference_fold_convolution_rf,,,,
PRE_SUBC,X2_k=-4,,,-4.0,reference_fold_pretrend,-0.031720027337908484,-0.024109885253139285,0.07576273023003996,-0.2145276026937213,-0.1546838740890008,0.06640082055074539,0.08314414702365987,0.3233333333333333,0.6466666666666666,0.6466666666666666,-0.0,correction_completion,PT_violation_g20,1,200,7,4089783010,reference_fold_convolution_rf,,,,
PRE_SUBC,X2_k=-3,,,-3.0,reference_fold_pretrend,-0.008131471120689572,-2.348647612182564e-05,0.07141883702582857,-0.1816329044635081,-0.10581250958592184,0.07931474206749348,0.0960759341116424,0.5,1.0,1.0,-0.0,correction_completion,PT_violation_g20,1,200,7,4089783010,reference_fold_convolution_rf,,,,
PRE_SUBC,X2_k=-2,,,-2.0,reference_fold_pretrend,0.017261841601782953,0.022118441732332343,0.056785065541073126,-0.09426369488553682,-0.06841817890562206,0.0932280579445468,0.10252395214316987,0.3333333333333333,0.6666666666666666,0.6666666666666666,-0.0,correction_completion,PT_violation_g20,1,200,7,4089783010,reference_fold_convolution_rf,,,,
PRE_SUBC,X2_slope,,,,reference_fold_pretrend,0.0067257987609515455,0.004204915398031788,0.02803623950031693,-0.035350392488938065,-0.028003933581208007,0.04780805315469504,0.07442248920757134,0.42933333333333334,0.8586666666666667,0.8586666666666667,0.0,correction_completion,PT_violation_g20,1,200,7,4089783010,reference_fold_convolution_rf,,,,
PRE,k=-4,,,-4.0,pretrend,-0.9380132576323204,-0.935051202776325,0.21195455910468697,-1.3444483978288497,-1.2792305270681754,-0.6012541754933324,-0.5403351807055791,0.0,0.0,0.0,-0.6000000000000001,correction_completion,PT_violation_g20,3,200,191,59357640,raw_structured,,,,
PRE,k=-3,,,-3.0,pretrend,-0.497756435564501,-0.49428264285095896,0.2091349362627373,-0.912298337600221,-0.8313684613692508,-0.13917563453636445,-0.05245948321096306,0.017333333333333333,0.034666666666666665,0.034666666666666665,-0.4,correction_completion,PT_violation_g20,3,200,191,59357640,raw_structured,,,,
PRE,k=-2,,,-2.0,pretrend,-0.07344988318031449,0.0,0.16667519868268538,-0.4623695492824728,-0.4042077514996263,0.1551020530575662,0.22970921846079798,0.5693333333333334,1.0,1.0,-0.2,correction_completion,PT_violation_g20,3,200,191,59357640,raw_structured,,,,
PRE,slope,,,,pretrend,0.27735732337187696,0.27462491708877956,0.07189614408215156,0.143572755134331,0.16723870335063182,0.39415790815965507,0.4232952416380899,0.0,0.0,0.0,0.2,correction_completion,PT_violation_g20,3,200,191,59357640,raw_structured,,,,
PRE_SUB,X1=0_k=-4,,,-4.0,pretrend,-0.9199280288191924,-0.922311959923127,0.21872637961239771,-1.3300340416218468,-1.2741425211004198,-0.5591916454509701,-0.49142025888222457,0.0,0.0,0.0,-0.5999999999999998,correction_completion,PT_violation_g20,3,200,191,59357640,raw_structured,,,,
PRE_SUB,X1=0_k=-3,,,-3.0,pretrend,-0.48116180101859957,-0.48564000364483906,0.21583165362216106,-0.8996105043083522,-0.8218073624803367,-0.10255686843462483,-0.01313813500292237,0.024,0.048,0.048,-0.39999999999999986,correction_completion,PT_violation_g20,3,200,191,59357640,raw_structured,,,,
PRE_SUB,X1=0_k=-2,,,-2.0,pretrend,-0.0623205219894777,0.0,0.1696558054648986,-0.4529011946642143,-0.38706467741401523,0.18438703487693286,0.27397790580811815,0.5893333333333334,1.0,1.0,-0.19999999999999993,correction_completion,PT_violation_g20,3,200,191,59357640,raw_structured,,,,
PRE_SUB,X1=1_k=-4,,,-4.0,pretrend,-0.955757255713125,-0.9473006591500903,0.22381908409233608,-1.4218536128266988,-1.3250871768145949,-0.6054816230667467,-0.5520848586207238,0.0,0.0,0.0,-0.5999999999999998,correction_completion,PT_violation_g20,3,200,191,59357640,raw_structured,,,,
PRE_SUB,X1=1_k=-3,,,-3.0,pretrend,-0.5140379637982155,-0.5052660914104108,0.22015465246143442,-0.9631552171863682,-0.8714112811564381,-0.15467779615129432,-0.056951229999231766,0.016666666666666666,0.03333333333333333,0.03333333333333333,-0.39999999999999986,correction_completion,PT_violation_g20,3,200,191,59357640,raw_structured,,,,
PRE_SUB,X1=1_k=-2,,,-2.0,pretrend,-0.08436925642415435,0.0,0.18007214902145485,-0.506055849742571,-0.4337259816258515,0.14753421346755086,0.2150824352785444,0.5586666666666666,1.0,1.0,-0.19999999999999993,correction_completion,PT_violation_g20,3,200,191,59357640,raw_structured,,,,
PRE_SUB,X2=low_k=-4,,,-4.0,pretrend,-0.9405945326261931,-0.939137673717169,0.21421799912860198,-1.3606139661755454,-1.2821158107197685,-0.6027039338702594,-0.5335042839814833,0.0,0.0,0.0,-0.6000000000000001,correction_completion,PT_violation_g20,3,200,191,59357640,raw_structured,,,,
PRE_SUB,X2=low_k=-3,,,-3.0,pretrend,-0.4988656249084783,-0.49480558560045207,0.21075834823616116,-0.9135035762317235,-0.8355789003519597,-0.1391756345363643,-0.05245948321096301,0.018,0.036,0.036,-0.4000000000000001,correction_completion,PT_violation_g20,3,200,191,59357640,raw_structured,,,,
PRE_SUB,X2=low_k=-2,,,-2.0,pretrend,-0.07441579407144398,0.0,0.16808218105765996,-0.46684094743287663,-0.4061352688817451,0.15289506272490877,0.2309418197312986,0.57,1.0,1.0,-0.20000000000000004,correction_completion,PT_violation_g20,3,200,191,59357640,raw_structured,,,,
PRE_SUB,X2=high_k=-4,,,-4.0,pretrend,-0.9389456662668244,-0.9376905859749138,0.2128831220390842,-1.345882489414584,-1.2821158107197683,-0.6030894699418834,-0.5403351807055794,0.0,0.0,0.0,-0.6000000000000001,correction_completion,PT_violation_g20,3,200,191,59357640,raw_structured,,,,
PRE_SUB,X2=high_k=-3,,,-3.0,pretrend,-0.5000484366276394,-0.49747293185732566,0.20982559672162795,-0.9191875258370864,-0.8351814168597976,-0.1391756345363644,-0.0528572896385899,0.016666666666666666,0.03333333333333333,0.03333333333333333,-0.4000000000000001,correction_completion,PT_violation_g20,3,200,191,59357640,raw_structured,,,,
PRE_SUB,X2=high_k=-2,,,-2.0,pretrend,-0.07445769763788172,0.0,0.16702307954476203,-0.46379721872423,-0.40448634695237096,0.15285173753617357,0.2297092184607977,0.5673333333333334,1.0,1.0,-0.20000000000000004,correction_completion,PT_violation_g20,3,200,191,59357640,raw_structured,,,,
PRE_SUBC,X1_k=-4,,,-4.0,pretrend,-0.03582922689393266,0.0,0.1273494492601555,-0.5204919364393114,-0.35298853904993266,2.886579864025407e-15,0.00488879166924756,0.51,1.0,1.0,-0.0,correction_completion,PT_violation_g20,3,200,191,59357640,raw_structured,,,,
PRE_SUBC,X1_k=-3,,,-3.0,pretrend,-0.032876162779615935,0.0,0.12324909454409318,-0.4995178457372824,-0.33849961060149725,1.7763568394002505e-15,0.0012894113391231782,0.5293333333333333,1.0,1.0,-0.0,correction_completion,PT_violation_g20,3,200,191,59357640,raw_structured,,,,
PRE_SUBC,X1_k=-2,,,-2.0,pretrend,-0.022048734434676656,0.0,0.10661179198310061,-0.43934712656282626,-0.05484686916200175,7.771561172376096e-16,1.0824674490095276e-15,0.6793333333333333,1.0,1.0,-0.0,correction_completion,PT_violation_g20,3,200,191,59357640,raw_structured,,,,
PRE_SUBC,X1_slope,,,,pretrend,0.013949195762550465,1.5364693644366007e-17,0.0509240546535194,-0.0015552123303699383,-8.041682399349627e-16,0.1325379177672232,0.19836978810607073,0.478,0.956,0.956,0.0,correction_completion,PT_violation_g20,3,200,191,59357640,raw_structured,,,,
PRE_SUBC,X2_k=-4,,,-4.0,pretrend,0.001648866359368723,0.0,0.04644548719433643,-0.01886829176751695,-2.0095036745715327e-15,0.02875323129800588,0.04414493734609657,0.5206666666666667,1.0,1.0,-0.0,correction_completion,PT_violation_g20,3,200,191,59357640,raw_structured,,,,
PRE_SUBC,X2_k=-3,,,-3.0,pretrend,-0.0011828117191610976,0.0,0.03911713808869392,-0.009920380285732774,-1.3322676295501878e-15,0.021751451723060016,0.03020351208719397,0.5146666666666667,1.0,1.0,-0.0,correction_completion,PT_violation_g20,3,200,191,59357640,raw_structured,,,,
PRE_SUBC,X2_k=-2,,,-2.0,pretrend,-4.190356643775169e-05,0.0,0.023946675045070528,-8.881784197001252e-16,-5.551115123125783e-16,0.006972917946743507,0.02724934336292411,0.688,1.0,1.0,-0.0,correction_completion,PT_violation_g20,3,200,191,59357640,raw_structured,,,,
PRE_SUBC,X2_slope,,,,pretrend,-0.0001813622909533017,-2.2427496367985864e-17,0.016017520016435336,-0.015723052366241164,-0.01089989612557353,5.681467201463468e-16,0.005535255014892758,0.458,0.916,0.916,0.0,correction_completion,PT_violation_g20,3,200,191,59357640,raw_structured,,,,
PRE,k=-4,,,-4.0,reference_fold_pretrend,-0.9053402456785173,-0.9092264198575427,0.19229025338342018,-1.283627054283597,-1.2301184611706655,-0.582238233748315,-0.5370770985095665,0.0,0.0,0.0,-0.6000000000000001,correction_completion,PT_violation_g20,3,200,191,59357640,reference_fold_convolution_rf,,,,
PRE,k=-3,,,-3.0,reference_fold_pretrend,-0.5350627324868953,-0.537397120687432,0.18428908656451204,-0.8831171943943115,-0.8371949763465089,-0.23433705644738612,-0.17039722790918574,0.0,0.0,0.0,-0.4,correction_completion,PT_violation_g20,3,200,191,59357640,reference_fold_convolution_rf,,,,
PRE,k=-2,,,-2.0,reference_fold_pretrend,-0.182634041885723,-0.17166622475010782,0.16046262342196374,-0.5167950267089609,-0.47024336318656396,0.04513706189337929,0.08462456188882157,0.156,0.312,0.312,-0.2,correction_completion,PT_violation_g20,3,200,191,59357640,reference_fold_convolution_rf,,,,
PRE,slope,,,,reference_fold_pretrend,0.2834843031353619,0.2845136657027988,0.06606229988377911,0.15859024605255662,0.1728056526495835,0.3944568360583597,0.41855763351665876,0.0,0.0,0.0,0.2,correction_completion,PT_violation_g20,3,200,191,59357640,reference_fold_convolution_rf,,,,
PRE_SUB,X1=0_k=-4,,,-4.0,reference_fold_pretrend,-0.8206523817294783,-0.8276186237748285,0.2081245981316123,-1.2151354614193903,-1.1551161780007042,-0.47051743039899097,-0.39996948139206745,0.0,0.0,0.0,-0.5999999999999998,correction_completion,PT_violation_g20,3,200,191,59357640,reference_fold_convolution_rf,,,,
PRE_SUB,X1=0_k=-3,,,-3.0,reference_fold_pretrend,-0.47158216512020984,-0.4767187484006977,0.1971740661649753,-0.8419078341472102,-0.7939564969904981,-0.15183977151708106,-0.08233195813601692,0.01,0.02,0.02,-0.39999999999999986,correction_completion,PT_violation_g20,3,200,191,59357640,reference_fold_convolution_rf,,,,
PRE_SUB,X1=0_k=-2,,,-2.0,reference_fold_pretrend,-0.14767517290979942,-0.14016120574329316,0.1704727608890513,-0.5018614084548181,-0.4463153496085792,0.1086242007704527,0.17964098231787665,0.22533333333333333,0.45066666666666666,0.45066666666666666,-0.19999999999999993,correction_completion,PT_violation_g20,3,200,191,59357640,reference_fold_convolution_rf,,,,
PRE_SUB,X1=1_k=-4,,,-4.0,reference_fold_pretrend,-0.9884302254021028,-0.9866975916050411,0.20423239960345085,-1.4007603175870948,-1.3373137265413326,-0.6404812452949246,-0.5895034305022108,0.0,0.0,0.0,-0.5999999999999998,correction_completion,PT_violation_g20,3,200,191,59357640,reference_fold_convolution_rf,,,,
PRE_SUB,X1=1_k=-3,,,-3.0,reference_fold_pretrend,-0.5973455532994925,-0.5889022646353546,0.20016116766975986,-1.0017466213836457,-0.9285554169321292,-0.2692266249992905,-0.2085189410682063,0.0,0.0,0.0,-0.39999999999999986,correction_completion,PT_violation_g20,3,200,191,59357640,reference_fold_convolution_rf,,,,
PRE_SUB,X1=1_k=-2,,,-2.0,reference_fold_pretrend,-0.21693330956021403,-0.202630830523083,0.17699026825530648,-0.6022052829252644,-0.5387314908726747,0.013705988611109166,0.06820006708176281,0.13733333333333334,0.27466666666666667,0.27466666666666667,-0.19999999999999993,correction_completion,PT_violation_g20,3,200,191,59357640,reference_fold_convolution_rf,,,,
PRE_SUB,X2=low_k=-4,,,-4.0,reference_fold_pretrend,-0.8853674039104914,-0.8906278478620099,0.19366429910938235,-1.2609103215812851,-1.2079828879946202,-0.5587385638374929,-0.5091842503842331,0.0,0.0,0.0,-0.6000000000000001,correction_completion,PT_violation_g20,3,200,191,59357640,reference_fold_convolution_rf,,,,
PRE_SUB,X2=low_k=-3,,,-3.0,reference_fold_pretrend,-0.5219091492810454,-0.5270436517509065,0.18542950668540178,-0.8750386576287426,-0.8249365129321714,-0.21671250843334205,-0.15414116964787636,0.0006666666666666666,0.0013333333333333333,0.0013333333333333333,-0.4000000000000001,correction_completion,PT_violation_g20,3,200,191,59357640,reference_fold_convolution_rf,,,,
PRE_SUB,X2=low_k=-2,,,-2.0,reference_fold_pretrend,-0.1787080784255195,-0.16695035843469974,0.16000611692582553,-0.5149307189143895,-0.4686632015771106,0.04451261036197962,0.08670905733967063,0.16266666666666665,0.3253333333333333,0.3253333333333333,-0.20000000000000004,correction_completion,PT_violation_g20,3,200,191,59357640,reference_fold_convolution_rf,,,,
PRE_SUB,X2=high_k=-4,,,-4.0,reference_fold_pretrend,-0.8703447818026238,-0.8766167632181447,0.19483378265336387,-1.2473876331249243,-1.196912332368449,-0.5443779639058471,-0.4940099996402228,0.0,0.0,0.0,-0.6000000000000001,correction_completion,PT_violation_g20,3,200,191,59357640,reference_fold_convolution_rf,,,,
PRE_SUB,X2=high_k=-3,,,-3.0,reference_fold_pretrend,-0.5148015811290988,-0.5164645520612545,0.18510010435416968,-0.8757466094202464,-0.8159217137256339,-0.21176674821548774,-0.16000058216305707,0.0,0.0,0.0,-0.4000000000000001,correction_completion,PT_violation_g20,3,200,191,59357640,reference_fold_convolution_rf,,,,
PRE_SUB,X2=high_k=-2,,,-2.0,reference_fold_pretrend,-0.17821463943423438,-0.1664501727732064,0.16006772140994624,-0.5240839888974419,-0.4638066350232557,0.04170583767667756,0.08779378763694559,0.162,0.324,0.324,-0.20000000000000004,correction_completion,PT_violation_g20,3,200,191,59357640,reference_fold_convolution_rf,,,,
PRE_SUBC,X1_k=-4,,,-4.0,reference_fold_pretrend,-0.16777784367262455,-0.13168124508524376,0.14873705739506773,-0.5611166355174264,-0.5079613846049787,0.003955328881431481,0.028690783149767658,0.058,0.116,0.116,-0.0,correction_completion,PT_violation_g20,3,200,191,59357640,reference_fold_convolution_rf,,,,
PRE_SUBC,X1_k=-3,,,-3.0,reference_fold_pretrend,-0.1257633881792826,-0.0878490992090794,0.1485225544401987,-0.525195085942409,-0.4527990872311833,0.03711796535838849,0.06813103286672609,0.118,0.236,0.236,-0.0,correction_completion,PT_violation_g20,3,200,191,59357640,reference_fold_convolution_rf,,,,
PRE_SUBC,X1_k=-2,,,-2.0,reference_fold_pretrend,-0.0692581366504146,-0.03067563396214268,0.1335094465719284,-0.45781391478492406,-0.377048992804617,0.06809508877227284,0.0839022448602447,0.3373333333333333,0.6746666666666666,0.6746666666666666,-0.0,correction_completion,PT_violation_g20,3,200,191,59357640,reference_fold_convolution_rf,,,,
PRE_SUBC,X1_slope,,,,reference_fold_pretrend,0.05886560314477524,0.04166993398625235,0.06029705860386355,-0.0154648079780519,-0.003996683529836263,0.19557325777829754,0.22580738149370352,0.07,0.14,0.14,0.0,correction_completion,PT_violation_g20,3,200,191,59357640,reference_fold_convolution_rf,,,,
PRE_SUBC,X2_k=-4,,,-4.0,reference_fold_pretrend,0.01502262210786778,0.019714691678907326,0.043740479733325115,-0.1126029619262481,-0.021304739329969857,0.04441017168626318,0.05690489871598738,0.10466666666666667,0.20933333333333334,0.20933333333333334,-0.0,correction_completion,PT_violation_g20,3,200,191,59357640,reference_fold_convolution_rf,,,,
PRE_SUBC,X2_k=-3,,,-3.0,reference_fold_pretrend,0.007107568151946604,0.012109856474584513,0.042016694630926645,-0.11558403370859936,-0.02170672409701781,0.03435357098479209,0.04066221485950421,0.172,0.344,0.344,-0.0,correction_completion,PT_violation_g20,3,200,191,59357640,reference_fold_convolution_rf,,,,
PRE_SUBC,X2_k=-2,,,-2.0,reference_fold_pretrend,0.0004934389912851301,0.0029604212140750263,0.031382974014847624,-0.04861334452704598,-0.016256330349634248,0.021517233943872453,0.02641469392644163,0.39466666666666667,0.7893333333333333,0.7893333333333333,-0.0,correction_completion,PT_violation_g20,3,200,191,59357640,reference_fold_convolution_rf,,,,
PRE_SUBC,X2_slope,,,,reference_fold_pretrend,-0.004269745829912977,-0.0062340610724450785,0.016604040500855836,-0.01767470336201523,-0.015275697655485889,0.007497481705899437,0.04550285503103408,0.124,0.248,0.248,0.0,correction_completion,PT_violation_g20,3,200,191,59357640,reference_fold_convolution_rf,,,,
PRE,k=-4,,,-4.0,pretrend,-1.0956425849407463,-1.0934948886289595,0.19000362987095273,-1.4762820395129492,-1.4047778315429187,-0.7952101982529226,-0.7276730290944223,0.0,0.0,0.0,-1.1999999999999995,correction_completion,PT_violation_g40,3,200,175,1841001354,raw_structured,,,,
PRE,k=-3,,,-3.0,pretrend,-1.0276744052232656,-1.030201044776128,0.1880320515119064,-1.3841293619542048,-1.3336051653173604,-0.7181019843181711,-0.665079126138703,0.0,0.0,0.0,-0.7999999999999997,correction_completion,PT_violation_g40,3,200,175,1841001354,raw_structured,,,,
PRE,k=-2,,,-2.0,pretrend,-0.6851938613986691,-0.6826871841332811,0.19192946596642702,-1.062365519114314,-1.0127568530706528,-0.3646404095279849,-0.3089592756952638,0.0006666666666666666,0.0013333333333333333,0.0013333333333333333,-0.39999999999999986,correction_completion,PT_violation_g40,3,200,175,1841001354,raw_structured,,,,
PRE,slope,,,,pretrend,0.4305336019048171,0.4302868829864881,0.07020771577004244,0.29103520017246987,0.31703395123346556,0.5462849074032662,0.5652691589152398,0.0,0.0,0.0,0.39999999999999986,correction_completion,PT_violation_g40,3,200,175,1841001354,raw_structured,,,,
PRE_SUB,X1=0_k=-4,,,-4.0,pretrend,-1.1003533779333794,-1.0957396345510522,0.1960170592075621,-1.4856097282991385,-1.4290663550207587,-0.795155544134895,-0.7336803965576827,0.0,0.0,0.0,-1.1999999999999997,correction_completion,PT_violation_g40,3,200,175,1841001354,raw_structured,,,,
PRE_SUB,X1=0_k=-3,,,-3.0,pretrend,-1.030295749644791,-1.0321969174695278,0.19102813258642448,-1.3865995220652998,-1.33647136069459,-0.7150496196667002,-0.6656326397108508,0.0,0.0,0.0,-0.7999999999999998,correction_completion,PT_violation_g40,3,200,175,1841001354,raw_structured,,,,
PRE_SUB,X1=0_k=-2,,,-2.0,pretrend,-0.6850172572723,-0.6827444526096985,0.1928306351010349,-1.0613573655210171,-1.01274715548711,-0.3622439588671197,-0.30827111527626005,0.0006666666666666666,0.0013333333333333333,0.0013333333333333333,-0.3999999999999999,correction_completion,PT_violation_g40,3,200,175,1841001354,raw_structured,,,,
PRE_SUB,X1=1_k=-4,,,-4.0,pretrend,-1.0917471215045305,-1.0895280435224954,0.19146340751639443,-1.478425884058102,-1.4025419411539377,-0.783101902006829,-0.7080199716385316,0.0,0.0,0.0,-1.1999999999999995,correction_completion,PT_violation_g40,3,200,175,1841001354,raw_structured,,,,
PRE_SUB,X1=1_k=-3,,,-3.0,pretrend,-1.0255067550285424,-1.0265001263454627,0.18999252288045498,-1.3851785749897163,-1.3337063193238468,-0.7142753032500349,-0.6532166996729265,0.0,0.0,0.0,-0.7999999999999997,correction_completion,PT_violation_g40,3,200,175,1841001354,raw_structured,,,,
PRE_SUB,X1=1_k=-2,,,-2.0,pretrend,-0.6853398994262438,-0.6826871841332802,0.19311455271543493,-1.0658969767451951,-1.013132860363919,-0.3621957501242578,-0.3079415398534895,0.0006666666666666666,0.0013333333333333333,0.0013333333333333333,-0.39999999999999986,correction_completion,PT_violation_g40,3,200,175,1841001354,raw_structured,,,,
PRE_SUB,X2=low_k=-4,,,-4.0,pretrend,-1.1161399668734449,-1.1121030993984262,0.19979844488668802,-1.5294836821162432,-1.442882353977878,-0.7993599624278536,-0.7383776769544163,0.0,0.0,0.0,-1.2000000000000002,correction_completion,PT_violation_g40,3,200,175,1841001354,raw_structured,,,,
PRE_SUB,X2=low_k=-3,,,-3.0,pretrend,-1.0479566608625945,-1.0506694681570898,0.1961116579774189,-1.4223752822830475,-1.3808925553686169,-0.736573212324618,-0.6722439587182769,0.0,0.0,0.0,-0.8,correction_completion,PT_violation_g40,3,200,175,1841001354,raw_structured,,,,
PRE_SUB,X2=low_k=-2,,,-2.0,pretrend,-0.7029640312561023,-0.6996714833126745,0.20135801492557245,-1.1144330964014733,-1.0463034438484136,-0.3754558746112265,-0.31616559102711483,0.0006666666666666666,0.0013333333333333333,0.0013333333333333333,-0.4,correction_completion,PT_violation_g40,3,200,175,1841001354,raw_structured,,,,
PRE_SUB,X2=high_k=-4,,,-4.0,pretrend,-1.08653007935259,-1.0869093214430396,0.19212792245027513,-1.4712038432443582,-1.3983546273635468,-0.7828298974810224,-0.7179197017090073,0.0,0.0,0.0,-1.2000000000000002,correction_completion,PT_violation_g40,3,200,175,1841001354,raw_structured,,,,
PRE_SUB,X2=high_k=-3,,,-3.0,pretrend,-1.018463808056233,-1.0230166638516165,0.19118667295136418,-1.383050676487287,-1.3269371944944441,-0.7120560922015761,-0.6440248007150084,0.0,0.0,0.0,-0.8,correction_completion,PT_violation_g40,3,200,175,1841001354,raw_structured,,,,
PRE_SUB,X2=high_k=-2,,,-2.0,pretrend,-0.6769468924084043,-0.6727322300011572,0.1931528003793789,-1.0542966212555462,-1.0059765659701072,-0.3509592942497243,-0.2964335191249589,0.0006666666666666666,0.0013333333333333333,0.0013333333333333333,-0.4,correction_completion,PT_violation_g40,3,200,175,1841001354,raw_structured,,,,
PRE_SUBC,X1_k=-4,,,-4.0,pretrend,0.008606256428849135,0.0,0.07396699930643923,-0.04831888826276671,-0.029333076254555532,0.04539739482464178,0.23493976683843715,0.5413333333333333,1.0,1.0,1.6653345369377348e-16,correction_completion,PT_violation_g40,3,200,175,1841001354,raw_structured,,,,
PRE_SUBC,X1_k=-3,,,-3.0,pretrend,0.004788994616248844,0.0,0.06092746077588816,-0.047170529658916646,-0.029333076254555585,0.021664364722163487,0.14457636543256355,0.5366666666666666,1.0,1.0,1.1102230246251565e-16,correction_completion,PT_violation_g40,3,200,175,1841001354,raw_structured,,,,
PRE_SUBC,X1_k=-2,,,-2.0,pretrend,-0.0003226421539438727,0.0,0.0405164683098815,-0.03865348550463733,-0.024048283826563727,0.006302438018988681,0.02357802833953341,0.5046666666666667,1.0,1.0,5.551115123125783e-17,correction_completion,PT_violation_g40,3,200,175,1841001354,raw_structured,,,,
PRE_SUBC,X1_slope,,,,pretrend,-0.0025052940260786587,7.93016446160826e-18,0.025595070159376634,-0.07994415234414692,-0.0163697478906626,0.011392644068133905,0.019731344719302487,0.49,0.98,0.98,-5.551115123125783e-17,correction_completion,PT_violation_g40,3,200,175,1841001354,raw_structured,,,,
PRE_SUBC,X2_k=-4,,,-4.0,pretrend,0.02960988752085469,1.1102230246251565e-16,0.08940398193796344,-0.015055260416105694,-1.9984014443252818e-15,0.2474223652078844,0.3054436989190588,0.48533333333333334,0.9706666666666667,0.9706666666666667,-0.0,correction_completion,PT_violation_g40,3,200,175,1841001354,raw_structured,,,,
PRE_SUBC,X2_k=-3,,,-3.0,pretrend,0.029492852806361686,1.1102230246251565e-16,0.08862308138210741,-0.007055106537632966,-1.5543122344752192e-15,0.2451925533487788,0.3042070420732851,0.4886666666666667,0.9773333333333334,0.9773333333333334,-0.0,correction_completion,PT_violation_g40,3,200,175,1841001354,raw_structured,,,,
PRE_SUBC,X2_k=-2,,,-2.0,pretrend,0.02601713884769804,0.0,0.08358511918700379,-1.7763568394002505e-15,-1.1102230246251565e-15,0.22961985918515745,0.2992575074371821,0.5073333333333333,1.0,1.0,-0.0,correction_completion,PT_violation_g40,3,200,175,1841001354,raw_structured,,,,
PRE_SUBC,X2_slope,,,,pretrend,-0.012416607644498964,-4.7580986769649563e-17,0.037369754173833244,-0.13018411689810186,-0.10240852949738435,6.97854472621527e-16,0.004793439850544503,0.43133333333333335,0.8626666666666667,0.8626666666666667,0.0,correction_completion,PT_violation_g40,3,200,175,1841001354,raw_structured,,,,
PRE,k=-4,,,-4.0,reference_fold_pretrend,-1.1020238932958009,-1.093728024429372,0.1920351682517271,-1.5026462513351342,-1.4232232795050404,-0.7987673182404773,-0.7324855237738757,0.0,0.0,0.0,-1.1999999999999995,correction_completion,PT_violation_g40,3,200,175,1841001354,reference_fold_convolution_rf,,,,
PRE,k=-3,,,-3.0,reference_fold_pretrend,-0.9924376798203226,-0.9932517472934386,0.1873708138635717,-1.3677305586186492,-1.3057253732308094,-0.6938052772377946,-0.6425485203456587,0.0,0.0,0.0,-0.7999999999999997,correction_completion,PT_violation_g40,3,200,175,1841001354,reference_fold_convolution_rf,,,,
PRE,k=-2,,,-2.0,reference_fold_pretrend,-0.7315202351825739,-0.7307068831216388,0.19130726446759772,-1.0973534699388598,-1.0361391222566352,-0.41170442089740206,-0.3615119688384288,0.0,0.0,0.0,-0.39999999999999986,correction_completion,PT_violation_g40,3,200,175,1841001354,reference_fold_convolution_rf,,,,
PRE,slope,,,,reference_fold_pretrend,0.4301762339079016,0.4293804427200967,0.07192825824698929,0.2953359265414348,0.3187021281376173,0.5487394785017655,0.5708411071899985,0.0,0.0,0.0,0.39999999999999986,correction_completion,PT_violation_g40,3,200,175,1841001354,reference_fold_convolution_rf,,,,
PRE_SUB,X1=0_k=-4,,,-4.0,reference_fold_pretrend,-1.116680299560429,-1.1068910038663209,0.1958790077180928,-1.532121906373356,-1.4453410923929222,-0.8087300627488399,-0.7320078239860957,0.0,0.0,0.0,-1.1999999999999997,correction_completion,PT_violation_g40,3,200,175,1841001354,reference_fold_convolution_rf,,,,
PRE_SUB,X1=0_k=-3,,,-3.0,reference_fold_pretrend,-1.0223965439780565,-1.0204484710187183,0.18978522311729995,-1.4048015147891058,-1.3452682188240843,-0.7149595841197722,-0.6665401927973462,0.0,0.0,0.0,-0.7999999999999998,correction_completion,PT_violation_g40,3,200,175,1841001354,reference_fold_convolution_rf,,,,
PRE_SUB,X1=0_k=-2,,,-2.0,reference_fold_pretrend,-0.7762670802105764,-0.7760314087615965,0.19443470907387467,-1.1442818905172178,-1.0795522180481918,-0.4490680216016568,-0.39295819165491336,0.0,0.0,0.0,-0.3999999999999999,correction_completion,PT_violation_g40,3,200,175,1841001354,reference_fold_convolution_rf,,,,
PRE_SUB,X1=1_k=-4,,,-4.0,reference_fold_pretrend,-1.0899041727308199,-1.0795795602922715,0.19601251276745704,-1.503598699989381,-1.4174558270312763,-0.7767963528330556,-0.7157560127061988,0.0,0.0,0.0,-1.1999999999999995,correction_completion,PT_violation_g40,3,200,175,1841001354,reference_fold_convolution_rf,,,,
PRE_SUB,X1=1_k=-3,,,-3.0,reference_fold_pretrend,-0.967664003689889,-0.9664245044878959,0.19154545622123756,-1.3560284367068307,-1.2958225872955382,-0.6682337986068045,-0.6102528499178892,0.0,0.0,0.0,-0.7999999999999997,correction_completion,PT_violation_g40,3,200,175,1841001354,reference_fold_convolution_rf,,,,
PRE_SUB,X1=1_k=-2,,,-2.0,reference_fold_pretrend,-0.6945180364094179,-0.6880546901699536,0.19457143412294178,-1.0714809379704189,-1.0137044200179368,-0.37309509115519834,-0.32448000893811463,0.0,0.0,0.0,-0.39999999999999986,correction_completion,PT_violation_g40,3,200,175,1841001354,reference_fold_convolution_rf,,,,
PRE_SUB,X2=low_k=-4,,,-4.0,reference_fold_pretrend,-1.1280400996903575,-1.1183091389633777,0.1946982612414602,-1.5472518924628764,-1.4610624863850885,-0.8178220349485561,-0.7579533128948636,0.0,0.0,0.0,-1.2000000000000002,correction_completion,PT_violation_g40,3,200,175,1841001354,reference_fold_convolution_rf,,,,
PRE_SUB,X2=low_k=-3,,,-3.0,reference_fold_pretrend,-1.0379485425708914,-1.0369368101022962,0.19064239178703613,-1.4270446247577382,-1.361753678283765,-0.7275916833790961,-0.6763639891439549,0.0,0.0,0.0,-0.8,correction_completion,PT_violation_g40,3,200,175,1841001354,reference_fold_convolution_rf,,,,
PRE_SUB,X2=low_k=-2,,,-2.0,reference_fold_pretrend,-0.7938658060784886,-0.7929356535315588,0.196143123167445,-1.166330668711856,-1.110969604262898,-0.462815568646438,-0.40757868814773707,0.0,0.0,0.0,-0.4,correction_completion,PT_violation_g40,3,200,175,1841001354,reference_fold_convolution_rf,,,,
PRE_SUB,X2=high_k=-4,,,-4.0,reference_fold_pretrend,-1.0876177326029277,-1.0761002298920435,0.19500428799969158,-1.4948665076172474,-1.4167650364898077,-0.7730220248069423,-0.7082122017544492,0.0,0.0,0.0,-1.2000000000000002,correction_completion,PT_violation_g40,3,200,175,1841001354,reference_fold_convolution_rf,,,,
PRE_SUB,X2=high_k=-3,,,-3.0,reference_fold_pretrend,-0.9652644710447761,-0.9641116607076269,0.18893127932082454,-1.3338392391820888,-1.2875829655323667,-0.6615959336024431,-0.6036093712349895,0.0,0.0,0.0,-0.8,correction_completion,PT_violation_g40,3,200,175,1841001354,reference_fold_convolution_rf,,,,
PRE_SUB,X2=high_k=-2,,,-2.0,reference_fold_pretrend,-0.6940708374635408,-0.6920316883078825,0.19177192387808367,-1.0662211147386012,-1.0070714931579454,-0.3789129263359405,-0.3265304116903228,0.0,0.0,0.0,-0.4,correction_completion,PT_violation_g40,3,200,175,1841001354,reference_fold_convolution_rf,,,,
PRE_SUBC,X1_k=-4,,,-4.0,reference_fold_pretrend,0.02677612682960936,0.03090892591771721,0.07831937071481085,-0.16840011063538896,-0.08119218259677165,0.12543028834546963,0.16696631260681435,0.294,0.588,0.588,1.6653345369377348e-16,correction_completion,PT_violation_g40,3,200,175,1841001354,reference_fold_convolution_rf,,,,
PRE_SUBC,X1_k=-3,,,-3.0,reference_fold_pretrend,0.05473254028816746,0.06085003982317516,0.07182182981214241,-0.1156689819414682,-0.041246681424303495,0.1438944917812421,0.1680202999724536,0.14066666666666666,0.2813333333333333,0.2813333333333333,1.1102230246251565e-16,correction_completion,PT_violation_g40,3,200,175,1841001354,reference_fold_convolution_rf,,,,
PRE_SUBC,X1_k=-2,,,-2.0,reference_fold_pretrend,0.08174904380115854,0.08735259757253272,0.07061695523705519,-0.0985654612235183,-0.01617507950945446,0.16972687726049898,0.18580160905894713,0.06466666666666666,0.12933333333333333,0.12933333333333333,5.551115123125783e-17,correction_completion,PT_violation_g40,3,200,175,1841001354,reference_fold_convolution_rf,,,,
PRE_SUBC,X1_slope,,,,reference_fold_pretrend,-0.019395893204737252,-0.021648045689479457,0.02994458720128837,-0.06607130462645582,-0.0546750741976884,0.020883512177399196,0.06317810016205043,0.154,0.308,0.308,-5.551115123125783e-17,correction_completion,PT_violation_g40,3,200,175,1841001354,reference_fold_convolution_rf,,,,
PRE_SUBC,X2_k=-4,,,-4.0,reference_fold_pretrend,0.040422367087429766,0.03814215391155695,0.06460115787891266,-0.07481208064364589,-0.0565334591554593,0.1404756289988822,0.18431884825964098,0.24466666666666667,0.48933333333333334,0.48933333333333334,-0.0,correction_completion,PT_violation_g40,3,200,175,1841001354,reference_fold_convolution_rf,,,,
PRE_SUBC,X2_k=-3,,,-3.0,reference_fold_pretrend,0.07268407152611549,0.07002334692035406,0.05958906155251687,-0.03485130290289609,-0.015522882023309108,0.17139868308331485,0.2051804014740346,0.09,0.18,0.18,-0.0,correction_completion,PT_violation_g40,3,200,175,1841001354,reference_fold_convolution_rf,,,,
PRE_SUBC,X2_k=-2,,,-2.0,reference_fold_pretrend,0.0997949686149477,0.09783803809433647,0.05788020007538539,-0.0006081925415265222,0.010685197231473787,0.18632749776618665,0.21243017003554499,0.02666666666666667,0.05333333333333334,0.05333333333333334,-0.0,correction_completion,PT_violation_g40,3,200,175,1841001354,reference_fold_convolution_rf,,,,
PRE_SUBC,X2_slope,,,,reference_fold_pretrend,-0.026173586637819143,-0.02466763668324501,0.023941327990733126,-0.0809195105112919,-0.06508615627326463,0.007772024096440208,0.015460055051388035,0.11133333333333334,0.22266666666666668,0.22266666666666668,0.0,correction_completion,PT_violation_g40,3,200,175,1841001354,reference_fold_convolution_rf,,,,
PRE,k=-4,,,-4.0,pretrend,0.10758537672124639,0.11131246291499287,0.19484989393872354,-0.2707834928565025,-0.21251257449966043,0.4267973643553123,0.48072107169961076,0.28733333333333333,0.5746666666666667,0.5746666666666667,0.051515151515151514,correction_completion,PT_violation_het10,3,200,159,3616159002,raw_structured,,,,
PRE,k=-3,,,-3.0,pretrend,0.05040836982046681,0.0491325578761132,0.1938175644895085,-0.3350190140440887,-0.2652754834861333,0.37042187322464576,0.4292141408529851,0.3913333333333333,0.7826666666666666,0.7826666666666666,0.03434343434343434,correction_completion,PT_violation_het10,3,200,159,3616159002,raw_structured,,,,
PRE,k=-2,,,-2.0,pretrend,0.1935140011001486,0.19880916814158345,0.19210240254216346,-0.19511656721985401,-0.1238131467550133,0.4990166882398263,0.5528577622886469,0.16733333333333333,0.33466666666666667,0.33466666666666667,0.01717171717171717,correction_completion,PT_violation_het10,3,200,159,3616159002,raw_structured,,,,
PRE,slope,,,,pretrend,-0.044077633636058676,-0.04394352638500149,0.07426136394725534,-0.19041002389407174,-0.16434959915273628,0.07675934749662404,0.10492963591245176,0.26466666666666666,0.5293333333333333,0.5293333333333333,-0.01717171717171717,correction_completion,PT_violation_het10,3,200,159,3616159002,raw_structured,,,,
PRE_SUB,X1=0_k=-4,,,-4.0,pretrend,0.4050170303777407,0.40945930826366483,0.22607253952813522,-0.03747958797096752,0.023835242308795905,0.7715867734672895,0.8253530189243866,0.03933333333333333,0.07866666666666666,0.07866666666666666,0.29999999999999993,correction_completion,PT_violation_het10,3,200,159,3616159002,raw_structured,,,,
PRE_SUB,X1=0_k=-3,,,-3.0,pretrend,0.3464543096567489,0.35760614735700114,0.2244661631162658,-0.12925723653939847,-0.014409580286757555,0.7109318773792453,0.7877068987944326,0.06466666666666666,0.12933333333333333,0.12933333333333333,0.19999999999999996,correction_completion,PT_violation_het10,3,200,159,3616159002,raw_structured,,,,
PRE_SUB,X1=0_k=-2,,,-2.0,pretrend,0.4867158911270309,0.49443581983462914,0.22603950823163776,0.0,0.07576768764783326,0.8515728809167601,0.9135761136387058,0.034666666666666665,0.06933333333333333,0.06933333333333333,0.09999999999999998,correction_completion,PT_violation_het10,3,200,159,3616159002,raw_structured,,,,
PRE_SUB,X1=1_k=-4,,,-4.0,pretrend,-0.3131715967440382,-0.3155106032305623,0.2477522972284901,-0.7814910996095664,-0.7098864872274467,0.09626603867942692,0.17843013323408857,0.114,0.228,0.228,-0.3,correction_completion,PT_violation_het10,3,200,159,3616159002,raw_structured,,,,
PRE_SUB,X1=1_k=-3,,,-3.0,pretrend,-0.3683883255576883,-0.3698756990329921,0.24686422777162267,-0.8477732977496735,-0.7653085844818157,0.021429782540448077,0.08721520941235611,0.08133333333333333,0.16266666666666665,0.16266666666666665,-0.19999999999999998,correction_completion,PT_violation_het10,3,200,159,3616159002,raw_structured,,,,
PRE_SUB,X1=1_k=-2,,,-2.0,pretrend,-0.22125940430373364,-0.21633910312991156,0.23894539179408167,-0.6779806554069693,-0.6118849436711826,0.14493185054069535,0.24221463244676208,0.23066666666666666,0.4613333333333333,0.4613333333333333,-0.09999999999999999,correction_completion,PT_violation_het10,3,200,159,3616159002,raw_structured,,,,
PRE_SUB,X2=low_k=-4,,,-4.0,pretrend,0.04654896715969692,0.049617939347868824,0.20008715357409906,-0.354107404139875,-0.28572801350811505,0.36769053992677003,0.4258887131432047,0.41,0.82,0.82,0.00909090909090909,correction_completion,PT_violation_het10,3,200,159,3616159002,raw_structured,,,,
PRE_SUB,X2=low_k=-3,,,-3.0,pretrend,-0.008848807500709868,-0.010229260952312974,0.19900013478187958,-0.41587449302191437,-0.3381678388788341,0.3199047361803577,0.36260320665143503,0.47933333333333333,0.9586666666666667,0.9586666666666667,0.006060606060606061,correction_completion,PT_violation_het10,3,200,159,3616159002,raw_structured,,,,
PRE_SUB,X2=low_k=-2,,,-2.0,pretrend,0.13946264978590764,0.14639923138951497,0.19305303812536123,-0.2469628871304691,-0.18714189666747572,0.4438616154030252,0.4944986819248296,0.25333333333333335,0.5066666666666667,0.5066666666666667,0.0030303030303030303,correction_completion,PT_violation_het10,3,200,159,3616159002,raw_structured,,,,
PRE_SUB,X2=high_k=-4,,,-4.0,pretrend,0.1718729177388418,0.16840501959325058,0.19898946531778902,-0.22281986162357686,-0.14902690370873461,0.49856669241907303,0.5617213199295735,0.18666666666666668,0.37333333333333335,0.37333333333333335,0.1,correction_completion,PT_violation_het10,3,200,159,3616159002,raw_structured,,,,
PRE_SUB,X2=high_k=-3,,,-3.0,pretrend,0.11342664097838377,0.11116099333201565,0.19692082988205065,-0.2860479750298188,-0.2183997984728584,0.4309819859227091,0.5042509670752806,0.2633333333333333,0.5266666666666666,0.5266666666666666,0.06666666666666667,correction_completion,PT_violation_het10,3,200,159,3616159002,raw_structured,,,,
PRE_SUB,X2=high_k=-2,,,-2.0,pretrend,0.2534187089608724,0.258993709077615,0.19564501873607137,-0.1328228812878186,-0.07645504257530683,0.565476719936407,0.6255550731870321,0.10133333333333333,0.20266666666666666,0.20266666666666666,0.03333333333333333,correction_completion,PT_violation_het10,3,200,159,3616159002,raw_structured,,,,
PRE_SUBC,X1_k=-4,,,-4.0,pretrend,-0.7181886271217791,-0.7291680906475827,0.2677692652101315,-1.2293806528756142,-1.1280709747500515,-0.24954773614741033,-1.0304257447302802e-16,0.021333333333333333,0.042666666666666665,0.042666666666666665,-0.5999999999999999,correction_completion,PT_violation_het10,3,200,159,3616159002,raw_structured,,,,
PRE_SUBC,X1_k=-3,,,-3.0,pretrend,-0.7148426352144372,-0.7272292372454682,0.2661893263855747,-1.2202410690978998,-1.1056385516740481,-0.23505217001692014,0.0,0.028,0.056,0.056,-0.3999999999999999,correction_completion,PT_violation_het10,3,200,159,3616159002,raw_structured,,,,
PRE_SUBC,X1_k=-2,,,-2.0,pretrend,-0.7079752954307644,-0.7237434886027153,0.2621637762658958,-1.1987581337653612,-1.0943167621633012,-0.17146019479625316,0.0,0.029333333333333333,0.058666666666666666,0.058666666666666666,-0.19999999999999996,correction_completion,PT_violation_het10,3,200,159,3616159002,raw_structured,,,,
PRE_SUBC,X1_slope,,,,pretrend,0.30658760337321256,0.3126096589737195,0.11335481407534811,4.2575070453259354e-17,0.10073664429296576,0.4730678849328216,0.5173371800487159,0.020666666666666667,0.04133333333333333,0.04133333333333333,0.19999999999999996,correction_completion,PT_violation_het10,3,200,159,3616159002,raw_structured,,,,
PRE_SUBC,X2_k=-4,,,-4.0,pretrend,0.1253239505791449,0.11340221885917377,0.08244976169899007,2.7755575615628914e-17,0.04135336788623129,0.27875779125467026,0.3953040980929534,0.024,0.048,0.048,0.09090909090909091,correction_completion,PT_violation_het10,3,200,159,3616159002,raw_structured,,,,
PRE_SUBC,X2_k=-3,,,-3.0,pretrend,0.12227544847909363,0.11236600375508285,0.07664986951781808,2.0469737016526343e-17,0.04335704995150017,0.23089837234603364,0.37966951881453065,0.024666666666666667,0.04933333333333333,0.04933333333333333,0.06060606060606061,correction_completion,PT_violation_het10,3,200,159,3616159002,raw_structured,,,,
PRE_SUBC,X2_k=-2,,,-2.0,pretrend,0.11395605917496472,0.11083783976331348,0.05815128319184978,0.0,0.03300562732722118,0.18114751928013176,0.23640767113220382,0.03266666666666666,0.06533333333333333,0.06533333333333333,0.030303030303030304,correction_completion,PT_violation_het10,3,200,159,3616159002,raw_structured,,,,
PRE_SUBC,X2_slope,,,,pretrend,-0.05246277199075619,-0.048600950939645914,0.03130850980581533,-0.15499674837223715,-0.1040294564668648,-0.018581592836357217,-3.810196206163784e-17,0.022,0.044,0.044,-0.030303030303030304,correction_completion,PT_violation_het10,3,200,159,3616159002,raw_structured,,,,
PRE,k=-4,,,-4.0,reference_fold_pretrend,0.02089048848136923,0.022302533039934215,0.1776596350279763,-0.3355274262437631,-0.27864583450043184,0.31162445505876213,0.38456048313623925,0.452,0.904,0.904,0.051515151515151514,correction_completion,PT_violation_het10,3,200,159,3616159002,reference_fold_convolution_rf,,,,
PRE,k=-3,,,-3.0,reference_fold_pretrend,-0.033812572724532156,-0.036062938555742885,0.16469768172259744,-0.35521633529240815,-0.30485189847635225,0.23584407096522864,0.2907503160565612,0.4146666666666667,0.8293333333333334,0.8293333333333334,0.03434343434343434,correction_completion,PT_violation_het10,3,200,159,3616159002,reference_fold_convolution_rf,,,,
PRE,k=-2,,,-2.0,reference_fold_pretrend,0.060727592427269834,0.054007149965094765,0.14985679411702443,-0.21531704928884815,-0.1674666703260633,0.31881634104514717,0.36049392005244424,0.36866666666666664,0.7373333333333333,0.7373333333333333,0.01717171717171717,correction_completion,PT_violation_het10,3,200,159,3616159002,reference_fold_convolution_rf,,,,
PRE,slope,,,,reference_fold_pretrend,-0.003983850887308088,-0.002547646717607077,0.06349459480274938,-0.1315743592836016,-0.10976275216237079,0.09583801781155396,0.12460146259033711,0.484,0.968,0.968,-0.01717171717171717,correction_completion,PT_violation_het10,3,200,159,3616159002,reference_fold_convolution_rf,,,,
PRE_SUB,X1=0_k=-4,,,-4.0,reference_fold_pretrend,0.18793233170610227,0.18422683764052059,0.20789256392980113,-0.20781945327044588,-0.15368306486803707,0.5388225578523441,0.6101535101127127,0.17866666666666667,0.35733333333333334,0.35733333333333334,0.29999999999999993,correction_completion,PT_violation_het10,3,200,159,3616159002,reference_fold_convolution_rf,,,,
PRE_SUB,X1=0_k=-3,,,-3.0,reference_fold_pretrend,0.12672373710609705,0.1217603760116933,0.19549321888915955,-0.26370678983232143,-0.19259193601187075,0.4593339721863279,0.5290838692082679,0.26066666666666666,0.5213333333333333,0.5213333333333333,0.19999999999999996,correction_completion,PT_violation_het10,3,200,159,3616159002,reference_fold_convolution_rf,,,,
PRE_SUB,X1=0_k=-2,,,-2.0,reference_fold_pretrend,0.21850203512180147,0.20831736323373176,0.18554211048070307,-0.10779208095724536,-0.05157988260870628,0.5323229918198964,0.613387130366137,0.13133333333333333,0.26266666666666666,0.26266666666666666,0.09999999999999998,correction_completion,PT_violation_het10,3,200,159,3616159002,reference_fold_convolution_rf,,,,
PRE_SUB,X1=1_k=-4,,,-4.0,reference_fold_pretrend,-0.21541260681215557,-0.20587278175534218,0.21499580002499183,-0.6786928930133671,-0.5774970560475775,0.12042836712641347,0.17099459417373455,0.152,0.304,0.304,-0.3,correction_completion,PT_violation_het10,3,200,159,3616159002,reference_fold_convolution_rf,,,,
PRE_SUB,X1=1_k=-3,,,-3.0,reference_fold_pretrend,-0.2609127183385929,-0.2542661373905374,0.20349354689196486,-0.6886492261978018,-0.6081386232401734,0.05489202949272998,0.10094964770460134,0.10266666666666667,0.20533333333333334,0.20533333333333334,-0.19999999999999998,correction_completion,PT_violation_het10,3,200,159,3616159002,reference_fold_convolution_rf,,,,
PRE_SUB,X1=1_k=-2,,,-2.0,reference_fold_pretrend,-0.16246552162840905,-0.1516137848725385,0.1886677944597276,-0.5403187066135351,-0.4854955883155985,0.12357953250242262,0.18355211037497293,0.21666666666666667,0.43333333333333335,0.43333333333333335,-0.09999999999999999,correction_completion,PT_violation_het10,3,200,159,3616159002,reference_fold_convolution_rf,,,,
PRE_SUB,X2=low_k=-4,,,-4.0,reference_fold_pretrend,0.01688478393918414,0.016785838558499248,0.17874647485655484,-0.34327942496353336,-0.28640307238248597,0.3089291981696689,0.36297443632432114,0.45866666666666667,0.9173333333333333,0.9173333333333333,0.00909090909090909,correction_completion,PT_violation_het10,3,200,159,3616159002,reference_fold_convolution_rf,,,,
PRE_SUB,X2=low_k=-3,,,-3.0,reference_fold_pretrend,-0.02861956230539953,-0.027961044269459598,0.16594034703916302,-0.35891384506057417,-0.3002256846397832,0.24253190577019976,0.2928271627387405,0.43,0.86,0.86,0.006060606060606061,correction_completion,PT_violation_het10,3,200,159,3616159002,reference_fold_convolution_rf,,,,
PRE_SUB,X2=low_k=-2,,,-2.0,reference_fold_pretrend,0.06653478939052428,0.055548181431266413,0.14846694288159643,-0.22015844480665167,-0.15781063126573286,0.3242710135951829,0.37353824129549534,0.35,0.7,0.7,0.0030303030303030303,correction_completion,PT_violation_het10,3,200,159,3616159002,reference_fold_convolution_rf,,,,
PRE_SUB,X2=high_k=-4,,,-4.0,reference_fold_pretrend,0.08051970419720274,0.07336912049805303,0.19442220669998128,-0.30086388079225795,-0.23393603155243783,0.4153001083975286,0.4735421901232531,0.338,0.676,0.676,0.1,correction_completion,PT_violation_het10,3,200,159,3616159002,reference_fold_convolution_rf,,,,
PRE_SUB,X2=high_k=-3,,,-3.0,reference_fold_pretrend,-0.01337508402482366,-0.014267637658245477,0.18196589060652807,-0.36440219768303256,-0.3170318136482483,0.28318618504873144,0.34397714318387074,0.47,0.94,0.94,0.06666666666666667,correction_completion,PT_violation_het10,3,200,159,3616159002,reference_fold_convolution_rf,,,,
PRE_SUB,X2=high_k=-2,,,-2.0,reference_fold_pretrend,0.08828659468187773,0.07242675909916804,0.16993464485464962,-0.21330937140015663,-0.17846185060365669,0.3757664573750404,0.4482946046661567,0.32266666666666666,0.6453333333333333,0.6453333333333333,0.03333333333333333,correction_completion,PT_violation_het10,3,200,159,3616159002,reference_fold_convolution_rf,,,,
PRE_SUBC,X1_k=-4,,,-4.0,reference_fold_pretrend,-0.40334493851825787,-0.4013127738768322,0.2305849113214344,-0.8927709217842764,-0.805456254257495,-0.0034134201004070467,0.006742378841249702,0.042666666666666665,0.08533333333333333,0.08533333333333333,-0.5999999999999999,correction_completion,PT_violation_het10,3,200,159,3616159002,reference_fold_convolution_rf,,,,
PRE_SUBC,X1_k=-3,,,-3.0,reference_fold_pretrend,-0.38763645544469,-0.38415527256930054,0.22619813685382242,-0.8724695707278317,-0.7843542985605909,0.005813000398907841,0.013257938608128792,0.076,0.152,0.152,-0.3999999999999999,correction_completion,PT_violation_het10,3,200,159,3616159002,reference_fold_convolution_rf,,,,
PRE_SUBC,X1_k=-2,,,-2.0,reference_fold_pretrend,-0.38096755675021055,-0.3782312923285556,0.22655316045449275,-0.8721358066617457,-0.7790305389628756,0.0027323992599652155,0.009593932493858226,0.08266666666666667,0.16533333333333333,0.16533333333333333,-0.19999999999999996,correction_completion,PT_violation_het10,3,200,159,3616159002,reference_fold_convolution_rf,,,,
PRE_SUBC,X1_slope,,,,reference_fold_pretrend,0.16901966308531172,0.16823494112572188,0.09724445780616489,-0.0033521798353823573,-0.00050012001533106,0.3403392556781107,0.37614296387645135,0.05466666666666667,0.10933333333333334,0.10933333333333334,0.19999999999999996,correction_completion,PT_violation_het10,3,200,159,3616159002,reference_fold_convolution_rf,,,,
PRE_SUBC,X2_k=-4,,,-4.0,reference_fold_pretrend,0.06363492025801858,0.05729159616859021,0.0862435777259185,-0.08349221719031824,-0.06111135775890955,0.21040170857744633,0.27530137582638425,0.21266666666666667,0.42533333333333334,0.42533333333333334,0.09090909090909091,correction_completion,PT_violation_het10,3,200,159,3616159002,reference_fold_convolution_rf,,,,
PRE_SUBC,X2_k=-3,,,-3.0,reference_fold_pretrend,0.015244478280575874,0.008435297865798122,0.08001397614686759,-0.12052549586121714,-0.096261281709605,0.1552355482849636,0.19766495773260728,0.448,0.896,0.896,0.06060606060606061,correction_completion,PT_violation_het10,3,200,159,3616159002,reference_fold_convolution_rf,,,,
PRE_SUBC,X2_k=-2,,,-2.0,reference_fold_pretrend,0.021751805291353458,0.013112830399079713,0.070783102235096,-0.09547197247987754,-0.0722887671428884,0.14734641253425063,0.18614877090036747,0.406,0.812,0.812,0.030303030303030304,correction_completion,PT_violation_het10,3,200,159,3616159002,reference_fold_convolution_rf,,,,
PRE_SUBC,X2_slope,,,,reference_fold_pretrend,-0.01736753733046864,-0.01391307687908419,0.03195692142812857,-0.09341655929233166,-0.07128531480368,0.027123222407127202,0.0353662723202483,0.2793333333333333,0.5586666666666666,0.5586666666666666,-0.030303030303030304,correction_completion,PT_violation_het10,3,200,159,3616159002,reference_fold_convolution_rf,,,,
PRE,k=-4,,,-4.0,pretrend,-0.08621010252954106,-0.07870280441067813,0.18716228853332217,-0.47809792360297065,-0.41059529683264584,0.21482706389873193,0.25589575509765966,0.3373333333333333,0.6746666666666666,0.6746666666666666,0.04158415841584158,correction_completion,PT_violation_het20,3,200,143,997247562,raw_structured,,,,
PRE,k=-3,,,-3.0,pretrend,-0.0522521144175127,-0.04296946682650481,0.18330284796108035,-0.4265611663587378,-0.3649233325568468,0.2426709326357195,0.2970555280466809,0.41333333333333333,0.8266666666666667,0.8266666666666667,0.02772277227722772,correction_completion,PT_violation_het20,3,200,143,997247562,raw_structured,,,,
PRE,k=-2,,,-2.0,pretrend,-0.1300486773877234,-0.100433658759112,0.17624725057262894,-0.49538741384167334,-0.4383780839094754,0.11273237739101735,0.18191829792555236,0.3393333333333333,0.6786666666666666,0.6786666666666666,0.01386138613861386,correction_completion,PT_violation_het20,3,200,143,997247562,raw_structured,,,,
PRE,slope,,,,pretrend,0.035227372415098,0.03173873396042752,0.07033596607681009,-0.08980332365446393,-0.07323823028755021,0.1594723797418503,0.1821935461389512,0.3273333333333333,0.6546666666666666,0.6546666666666666,-0.01386138613861386,correction_completion,PT_violation_het20,3,200,143,997247562,raw_structured,,,,
PRE_SUB,X1=0_k=-4,,,-4.0,pretrend,0.2438031173101239,0.2502925754878256,0.23462745351956926,-0.22418858560773802,-0.1406679155328432,0.6189630860517695,0.6820504129640486,0.16466666666666666,0.3293333333333333,0.3293333333333333,0.5999999999999998,correction_completion,PT_violation_het20,3,200,143,997247562,raw_structured,,,,
PRE_SUB,X1=0_k=-3,,,-3.0,pretrend,0.2655052437858438,0.27377350836141856,0.23487135420615984,-0.18489449770967978,-0.10858476451491339,0.6376505804246707,0.7272693566146716,0.16,0.32,0.32,0.39999999999999986,correction_completion,PT_violation_het20,3,200,143,997247562,raw_structured,,,,
PRE_SUB,X1=0_k=-2,,,-2.0,pretrend,0.007190505372745525,0.0,0.22660650658543857,-0.44327181701952273,-0.37822044943684396,0.4168183214762629,0.48888534866423056,0.6113333333333333,1.0,1.0,0.19999999999999993,correction_completion,PT_violation_het20,3,200,143,997247562,raw_structured,,,,
PRE_SUB,X1=1_k=-4,,,-4.0,pretrend,-0.46537422745170925,-0.45728718988853995,0.2590530496887452,-0.9741069280666772,-0.890853606998623,-0.012977697022375879,0.021509999225575095,0.04466666666666667,0.08933333333333333,0.08933333333333333,-0.5999999999999996,correction_completion,PT_violation_het20,3,200,143,997247562,raw_structured,,,,
PRE_SUB,X1=1_k=-3,,,-3.0,pretrend,-0.41733503660860316,-0.41904818699403135,0.24884976921153715,-0.8974584426277389,-0.8219739447654822,0.0,0.04223925562963385,0.06933333333333333,0.13866666666666666,0.13866666666666666,-0.3999999999999998,correction_completion,PT_violation_het20,3,200,143,997247562,raw_structured,,,,
PRE_SUB,X1=1_k=-2,,,-2.0,pretrend,-0.2877277384316665,-0.2689382145427949,0.26794837236490826,-0.8332247360416168,-0.7587754440286699,0.008662719468016994,0.08952932916106596,0.24466666666666667,0.48933333333333334,0.48933333333333334,-0.1999999999999999,correction_completion,PT_violation_het20,3,200,143,997247562,raw_structured,,,,
PRE_SUB,X2=low_k=-4,,,-4.0,pretrend,-0.08839741873233647,-0.08105304161005139,0.18963869219708088,-0.4943187573143422,-0.4117813900608204,0.2207159037851397,0.26410756044750494,0.336,0.672,0.672,0.03529411764705883,correction_completion,PT_violation_het20,3,200,143,997247562,raw_structured,,,,
PRE_SUB,X2=low_k=-3,,,-3.0,pretrend,-0.054447023717119805,-0.04515652041591088,0.1848140199252211,-0.4329732215715642,-0.3677403268037428,0.24218415859753425,0.2993885499640564,0.406,0.812,0.812,0.023529411764705885,correction_completion,PT_violation_het20,3,200,143,997247562,raw_structured,,,,
PRE_SUB,X2=low_k=-2,,,-2.0,pretrend,-0.12969988891919973,-0.09955176964417252,0.17670499145441032,-0.5095461290723449,-0.44214418390838695,0.11165611903719784,0.1787708138783041,0.344,0.688,0.688,0.011764705882352943,correction_completion,PT_violation_het20,3,200,143,997247562,raw_structured,,,,
PRE_SUB,X2=high_k=-4,,,-4.0,pretrend,-0.09929762524477943,-0.09119139154361178,0.1929549393058762,-0.5054985010810833,-0.4353662931148754,0.21583470681470066,0.26344002554457124,0.326,0.652,0.652,0.03529411764705883,correction_completion,PT_violation_het20,3,200,143,997247562,raw_structured,,,,
PRE_SUB,X2=high_k=-3,,,-3.0,pretrend,-0.06462356237205065,-0.05557538490882777,0.18854436654130166,-0.43728388807118485,-0.38260695846593545,0.24017674925777402,0.2973786799679454,0.386,0.772,0.772,0.023529411764705885,correction_completion,PT_violation_het20,3,200,143,997247562,raw_structured,,,,
PRE_SUB,X2=high_k=-2,,,-2.0,pretrend,-0.13976071932036413,-0.11366911667795898,0.1831756970580035,-0.5211593588783856,-0.44905092136820446,0.10740599159172852,0.1787708138783045,0.33,0.66,0.66,0.011764705882352943,correction_completion,PT_violation_het20,3,200,143,997247562,raw_structured,,,,
PRE_SUBC,X1_k=-4,,,-4.0,pretrend,-0.7091773447618331,-0.7112593488777934,0.3209697056185991,-1.3549542849540441,-1.2399380846473762,-3.1710745140856223e-16,1.3877787807814457e-17,0.03666666666666667,0.07333333333333333,0.07333333333333333,-1.1999999999999993,correction_completion,PT_violation_het20,3,200,143,997247562,raw_structured,,,,
PRE_SUBC,X1_k=-3,,,-3.0,pretrend,-0.682840280394447,-0.6862684106090464,0.3151533157880869,-1.3080437395937752,-1.1990501341388988,-6.210310043997001e-17,0.0,0.04666666666666667,0.09333333333333334,0.09333333333333334,-0.7999999999999996,correction_completion,PT_violation_het20,3,200,143,997247562,raw_structured,,,,
PRE_SUBC,X1_k=-2,,,-2.0,pretrend,-0.294918243804412,-0.03766301021908641,0.3460962299327494,-1.0171474100345042,-0.9069748872266529,3.4035274598664924e-16,6.251943407420375e-16,0.32466666666666666,0.6493333333333333,0.6493333333333333,-0.3999999999999998,correction_completion,PT_violation_het20,3,200,143,997247562,raw_structured,,,,
PRE_SUBC,X1_slope,,,,pretrend,0.270580774205629,0.266809302516076,0.12542910690975526,-9.07012560296444e-18,1.0948583309807909e-16,0.48142080625023914,0.5306510407768278,0.037333333333333336,0.07466666666666667,0.07466666666666667,0.3999999999999998,correction_completion,PT_violation_het20,3,200,143,997247562,raw_structured,,,,
PRE_SUBC,X2_k=-4,,,-4.0,pretrend,-0.01090020651244292,-5.551115123125783e-17,0.07129284834969972,-0.21023271429598928,-0.14196945797118393,1.6125989432680374e-15,0.10621339035758678,0.466,0.932,0.932,-0.0,correction_completion,PT_violation_het20,3,200,143,997247562,raw_structured,,,,
PRE_SUBC,X2_k=-3,,,-3.0,pretrend,-0.010176538654930853,-3.946495907847236e-17,0.06627703519866744,-0.19976921180892154,-0.13515353467710947,1.0210582379599477e-15,0.10007781869036589,0.4806666666666667,0.9613333333333334,0.9613333333333334,-0.0,correction_completion,PT_violation_het20,3,200,143,997247562,raw_structured,,,,
PRE_SUBC,X2_k=-2,,,-2.0,pretrend,-0.010060830401164383,0.0,0.06194263861217367,-0.19900442398883517,-0.1183592914022883,7.615002378669181e-16,0.012782223542592886,0.5713333333333334,1.0,1.0,-0.0,correction_completion,PT_violation_het20,3,200,143,997247562,raw_structured,,,,
PRE_SUBC,X2_slope,,,,pretrend,0.004508180517739632,1.9825411154020653e-17,0.028325924735462152,-0.04068973696135068,-5.552106393683482e-16,0.055228632004226924,0.08561537648953772,0.46,0.92,0.92,0.0,correction_completion,PT_violation_het20,3,200,143,997247562,raw_structured,,,,
PRE,k=-4,,,-4.0,reference_fold_pretrend,-0.17225500733787014,-0.16554909054889969,0.18219766158212317,-0.5396594325801112,-0.4797511403436388,0.11594531600231038,0.1806479002435358,0.168,0.336,0.336,0.04158415841584158,correction_completion,PT_violation_het20,3,200,143,997247562,reference_fold_convolution_rf,,,,
PRE,k=-3,,,-3.0,reference_fold_pretrend,-0.14114788064223777,-0.13539909118467214,0.16856910977635292,-0.47777110535586115,-0.4240390357684118,0.12338059258546305,0.1841198128482764,0.21133333333333335,0.4226666666666667,0.4226666666666667,0.02772277227722772,correction_completion,PT_violation_het20,3,200,143,997247562,reference_fold_convolution_rf,,,,
PRE,k=-2,,,-2.0,reference_fold_pretrend,-0.17357187341240637,-0.1619384844397551,0.15505202970747073,-0.5090986186890667,-0.44166341379463064,0.05265069569909398,0.09446313085276553,0.13533333333333333,0.27066666666666667,0.27066666666666667,0.01386138613861386,correction_completion,PT_violation_het20,3,200,143,997247562,reference_fold_convolution_rf,,,,
PRE,slope,,,,reference_fold_pretrend,0.06947376119360658,0.06624597710551945,0.06732090360133029,-0.0559202780620593,-0.03691625229053359,0.1808049198010575,0.20517905280200788,0.15866666666666668,0.31733333333333336,0.31733333333333336,-0.01386138613861386,correction_completion,PT_violation_het20,3,200,143,997247562,reference_fold_convolution_rf,,,,
PRE_SUB,X1=0_k=-4,,,-4.0,reference_fold_pretrend,0.042410034298103215,0.04262294519745895,0.22119881914462478,-0.3857044215792395,-0.32167266869281846,0.41142280376706464,0.477745759339066,0.434,0.868,0.868,0.5999999999999998,correction_completion,PT_violation_het20,3,200,143,997247562,reference_fold_convolution_rf,,,,
PRE_SUB,X1=0_k=-3,,,-3.0,reference_fold_pretrend,0.059237323088254724,0.05474557107571022,0.20946114408882177,-0.34895524717010074,-0.2973211804784189,0.41181829368317785,0.47934206089727904,0.39866666666666667,0.7973333333333333,0.7973333333333333,0.39999999999999986,correction_completion,PT_violation_het20,3,200,143,997247562,reference_fold_convolution_rf,,,,
PRE_SUB,X1=0_k=-2,,,-2.0,reference_fold_pretrend,-0.045146469322482535,-0.02803115396679153,0.1763365561360922,-0.3985745405484076,-0.34298506985559957,0.2438659629485145,0.28709802634518533,0.44066666666666665,0.8813333333333333,0.8813333333333333,0.19999999999999993,correction_completion,PT_violation_het20,3,200,143,997247562,reference_fold_convolution_rf,,,,
PRE_SUB,X1=1_k=-4,,,-4.0,reference_fold_pretrend,-0.41889143815366925,-0.4106562115686745,0.24325124616580276,-0.9148584310611503,-0.8271335771011862,-0.04149581819567152,0.021215826687153924,0.030666666666666665,0.06133333333333333,0.06133333333333333,-0.5999999999999996,correction_completion,PT_violation_het20,3,200,143,997247562,reference_fold_convolution_rf,,,,
PRE_SUB,X1=1_k=-3,,,-3.0,reference_fold_pretrend,-0.37137768918365466,-0.36317781938191773,0.22968644292888046,-0.8111682852886744,-0.7574938467023018,-0.012226474282493018,0.033775259111938655,0.044,0.088,0.088,-0.3999999999999998,correction_completion,PT_violation_het20,3,200,143,997247562,reference_fold_convolution_rf,,,,
PRE_SUB,X1=1_k=-2,,,-2.0,reference_fold_pretrend,-0.3211244653455103,-0.31105787122810613,0.2147943100964003,-0.7506114309056174,-0.6883492510082753,0.0,0.024084438285327,0.06933333333333333,0.13866666666666666,0.13866666666666666,-0.1999999999999999,correction_completion,PT_violation_het20,3,200,143,997247562,reference_fold_convolution_rf,,,,
PRE_SUB,X2=low_k=-4,,,-4.0,reference_fold_pretrend,-0.19212480833383772,-0.18248864470608567,0.19366864146966684,-0.5870905584417984,-0.52533354571639,0.10759874843705838,0.16043137984299144,0.166,0.332,0.332,0.03529411764705883,correction_completion,PT_violation_het20,3,200,143,997247562,reference_fold_convolution_rf,,,,
PRE_SUB,X2=low_k=-3,,,-3.0,reference_fold_pretrend,-0.15346813957812092,-0.1484443645017714,0.18042175324061066,-0.5105819114123467,-0.46063038140867324,0.1275511668910664,0.17828288702550746,0.204,0.408,0.408,0.023529411764705885,correction_completion,PT_violation_het20,3,200,143,997247562,reference_fold_convolution_rf,,,,
PRE_SUB,X2=low_k=-2,,,-2.0,reference_fold_pretrend,-0.16889318292706143,-0.1601606651237597,0.1639690491584141,-0.5033111462648401,-0.4475125737281257,0.0764039818280303,0.12988153238822378,0.16933333333333334,0.33866666666666667,0.33866666666666667,0.011764705882352943,correction_completion,PT_violation_het20,3,200,143,997247562,reference_fold_convolution_rf,,,,
PRE_SUB,X2=high_k=-4,,,-4.0,reference_fold_pretrend,-0.1459962257355205,-0.14174542493405826,0.19733439254590415,-0.5538397673967914,-0.4867505717696647,0.16505551902688145,0.22597839298269878,0.22933333333333333,0.45866666666666667,0.45866666666666667,0.03529411764705883,correction_completion,PT_violation_het20,3,200,143,997247562,reference_fold_convolution_rf,,,,
PRE_SUB,X2=high_k=-3,,,-3.0,reference_fold_pretrend,-0.12501905269890676,-0.11744117741575769,0.18344105050947349,-0.49859734150967155,-0.4442764550866416,0.16413021963210275,0.2356262106152047,0.242,0.484,0.484,0.023529411764705885,correction_completion,PT_violation_het20,3,200,143,997247562,reference_fold_convolution_rf,,,,
PRE_SUB,X2=high_k=-2,,,-2.0,reference_fold_pretrend,-0.17652180269104376,-0.14696202097561484,0.17293534484125975,-0.5441484601717321,-0.4856982662174927,0.049100721306467615,0.08455704145817808,0.14866666666666667,0.29733333333333334,0.29733333333333334,0.011764705882352943,correction_completion,PT_violation_het20,3,200,143,997247562,reference_fold_convolution_rf,,,,
PRE_SUBC,X1_k=-4,,,-4.0,reference_fold_pretrend,-0.4613014724517725,-0.4488220806447344,0.2870405378696158,-1.0234081358031135,-0.9408936365202267,-0.007629552219840927,0.009326916297037358,0.04066666666666666,0.08133333333333333,0.08133333333333333,-1.1999999999999993,correction_completion,PT_violation_het20,3,200,143,997247562,reference_fold_convolution_rf,,,,
PRE_SUBC,X1_k=-3,,,-3.0,reference_fold_pretrend,-0.4306150122719094,-0.4197625829864568,0.28061464551976434,-0.9948486317457075,-0.912925392505607,0.0004766177578344096,0.013718092376924045,0.056,0.112,0.112,-0.7999999999999996,correction_completion,PT_violation_het20,3,200,143,997247562,reference_fold_convolution_rf,,,,
PRE_SUBC,X1_k=-2,,,-2.0,reference_fold_pretrend,-0.27597799602302775,-0.2914931201775681,0.23766386475720838,-0.7446396155844882,-0.6858425571638226,0.023230764488511864,0.03394622740863746,0.17666666666666667,0.35333333333333333,0.35333333333333333,-0.3999999999999998,correction_completion,PT_violation_het20,3,200,143,997247562,reference_fold_convolution_rf,,,,
PRE_SUBC,X1_slope,,,,reference_fold_pretrend,0.18007945985158313,0.17985775235383406,0.11354409064174552,-0.0028844984766406225,0.002394181913688702,0.3748545335327362,0.40447696443720316,0.038,0.076,0.076,0.3999999999999998,correction_completion,PT_violation_het20,3,200,143,997247562,reference_fold_convolution_rf,,,,
PRE_SUBC,X2_k=-4,,,-4.0,reference_fold_pretrend,0.0461285825983172,0.04880531002930304,0.14581667463458173,-0.24634491856880847,-0.1977285812916658,0.2830486582992637,0.3281063908235461,0.374,0.748,0.748,-0.0,correction_completion,PT_violation_het20,3,200,143,997247562,reference_fold_convolution_rf,,,,
PRE_SUBC,X2_k=-3,,,-3.0,reference_fold_pretrend,0.02844908687921415,0.02886555278536042,0.14023259893349752,-0.2461525095793523,-0.21151886336851178,0.25930620534511006,0.3042511228367476,0.41133333333333333,0.8226666666666667,0.8226666666666667,-0.0,correction_completion,PT_violation_het20,3,200,143,997247562,reference_fold_convolution_rf,,,,
PRE_SUBC,X2_k=-2,,,-2.0,reference_fold_pretrend,-0.007628619763982329,0.0,0.13094527754109125,-0.27501534138765227,-0.2302648652926813,0.19868168636491224,0.23199466804475127,0.514,1.0,1.0,-0.0,correction_completion,PT_violation_het20,3,200,143,997247562,reference_fold_convolution_rf,,,,
PRE_SUBC,X2_slope,,,,reference_fold_pretrend,-0.013403950127814113,-0.015123663716059344,0.055707411678002416,-0.11900953581151569,-0.10233947423513093,0.08317027624180227,0.09874248279030759,0.392,0.784,0.784,0.0,correction_completion,PT_violation_het20,3,200,143,997247562,reference_fold_convolution_rf,,,,
PRE,k=-4,,,-4.0,pretrend,0.15272149858993125,0.14884900783361588,0.19016712245664738,-0.22359323611869886,-0.1594916641780037,0.4715017369938918,0.5348639820711747,0.21066666666666667,0.42133333333333334,0.42133333333333334,0.03870967741935483,correction_completion,PT_violation_het40,3,200,127,4170268831,raw_structured,,,,
PRE,k=-3,,,-3.0,pretrend,0.00034192976942653175,0.0017140961669550162,0.1810957702641474,-0.36466779433768526,-0.30327357674086525,0.29749585025530684,0.33581438458481644,0.49666666666666665,0.9933333333333333,0.9933333333333333,0.02580645161290322,correction_completion,PT_violation_het40,3,200,127,4170268831,raw_structured,,,,
PRE,k=-2,,,-2.0,pretrend,0.35759227312409286,0.37046592511961607,0.16800858911191607,-0.0034403933026120616,0.06569548905875038,0.6257338860235495,0.6885295654584886,0.03133333333333333,0.06266666666666666,0.06266666666666666,0.01290322580645161,correction_completion,PT_violation_het40,3,200,127,4170268831,raw_structured,,,,
PRE,slope,,,,pretrend,-0.0583171877451957,-0.058901078012045666,0.06730698598257905,-0.1895172410301846,-0.17007371570380478,0.05579123493650843,0.07505880920175578,0.17933333333333334,0.3586666666666667,0.3586666666666667,-0.01290322580645161,correction_completion,PT_violation_het40,3,200,127,4170268831,raw_structured,,,,
PRE_SUB,X1=0_k=-4,,,-4.0,pretrend,0.8931725533426409,0.8898100192665058,0.2513950116960319,0.37801836869950434,0.4817041867792605,1.3158447750586932,1.3634009472583626,0.0,0.0,0.0,1.2,correction_completion,PT_violation_het40,3,200,127,4170268831,raw_structured,,,,
PRE_SUB,X1=0_k=-3,,,-3.0,pretrend,0.6926158836348223,0.6992258119018369,0.24417504900175432,0.2021735475702566,0.28537881190050535,1.0769419460903082,1.1532498029031373,0.0026666666666666666,0.005333333333333333,0.005333333333333333,0.7999999999999999,correction_completion,PT_violation_het40,3,200,127,4170268831,raw_structured,,,,
PRE_SUB,X1=0_k=-2,,,-2.0,pretrend,0.7384253984437738,0.7444033002027935,0.22806696046740074,0.2641416821500975,0.3464716778401474,1.097316110487434,1.176159899028372,0.006666666666666667,0.013333333333333334,0.013333333333333334,0.39999999999999997,correction_completion,PT_violation_het40,3,200,127,4170268831,raw_structured,,,,
PRE_SUB,X1=1_k=-4,,,-4.0,pretrend,-0.637092959812959,-0.6410470715123995,0.2489342435014799,-1.1209766589300523,-1.0403531742082044,-0.23370638483176517,-0.1579040303820436,0.004,0.008,0.008,-1.1999999999999995,correction_completion,PT_violation_het40,3,200,127,4170268831,raw_structured,,,,
PRE_SUB,X1=1_k=-3,,,-3.0,pretrend,-0.7380836210203291,-0.7428534537233573,0.2524986085397285,-1.2065126606625318,-1.1516953987056842,-0.3175445002141146,-0.23425213141825663,0.0013333333333333333,0.0026666666666666666,0.0026666666666666666,-0.7999999999999997,correction_completion,PT_violation_het40,3,200,127,4170268831,raw_structured,,,,
PRE_SUB,X1=1_k=-2,,,-2.0,pretrend,-0.04862972721689984,0.0,0.2138330270307476,-0.5133908202400891,-0.432470935874573,0.3075710163669699,0.39389657077027673,0.53,1.0,1.0,-0.39999999999999986,correction_completion,PT_violation_het40,3,200,127,4170268831,raw_structured,,,,
PRE_SUB,X2=low_k=-4,,,-4.0,pretrend,0.16512762549145432,0.16826342500183955,0.19508875841636697,-0.21921711740248248,-0.14984479289777586,0.49251098661085396,0.5528865785601873,0.204,0.408,0.408,0.038709677419354896,correction_completion,PT_violation_het40,3,200,127,4170268831,raw_structured,,,,
PRE_SUB,X2=low_k=-3,,,-3.0,pretrend,0.012618191668109935,0.010361916171123295,0.18599808944497534,-0.34621047467072086,-0.298918919171979,0.31876859094905324,0.3712254378720717,0.48,0.96,0.96,0.025806451612903264,correction_completion,PT_violation_het40,3,200,127,4170268831,raw_structured,,,,
PRE_SUB,X2=low_k=-2,,,-2.0,pretrend,0.3712156219836688,0.3757798691391058,0.17525375207268915,-0.0019582491664769264,0.06914084024507361,0.6586988692173653,0.7237179129391142,0.030666666666666665,0.06133333333333333,0.06133333333333333,0.012903225806451632,correction_completion,PT_violation_het40,3,200,127,4170268831,raw_structured,,,,
PRE_SUB,X2=high_k=-4,,,-4.0,pretrend,0.12296871145444033,0.12664705975944823,0.20863928862575967,-0.2861803666513477,-0.2227088794399373,0.45817852773129164,0.5222837462960689,0.27466666666666667,0.5493333333333333,0.5493333333333333,0.03870967741935482,correction_completion,PT_violation_het40,3,200,127,4170268831,raw_structured,,,,
PRE_SUB,X2=high_k=-3,,,-3.0,pretrend,-0.028826546434518433,-0.020786346214689166,0.19883629555390428,-0.42978503548318125,-0.3594920461442124,0.28053448797089625,0.3312782666158055,0.446,0.892,0.892,0.025806451612903212,correction_completion,PT_violation_het40,3,200,127,4170268831,raw_structured,,,,
PRE_SUB,X2=high_k=-2,,,-2.0,pretrend,0.3286692234118109,0.34720381110667964,0.18494911629092803,-0.06042138149603132,-0.0014637524207313482,0.6083818038527071,0.6677464881742362,0.05733333333333333,0.11466666666666667,0.11466666666666667,0.012903225806451606,correction_completion,PT_violation_het40,3,200,127,4170268831,raw_structured,,,,
PRE_SUBC,X1_k=-4,,,-4.0,pretrend,-1.5302655131555998,-1.5348033095309561,0.3253780577016863,-2.186593212520224,-2.0652005054633262,-0.9429764386301054,-0.8476109522636778,0.0,0.0,0.0,-2.3999999999999995,correction_completion,PT_violation_het40,3,200,127,4170268831,raw_structured,,,,
PRE_SUBC,X1_k=-3,,,-3.0,pretrend,-1.4306995046551514,-1.4615057331688477,0.33974208597145644,-2.0129554957240776,-1.9333999108160649,-0.8013009404908256,-0.7161226377649641,0.0,0.0,0.0,-1.5999999999999996,correction_completion,PT_violation_het40,3,200,127,4170268831,raw_structured,,,,
PRE_SUBC,X1_k=-2,,,-2.0,pretrend,-0.7870551256606735,-0.8006332455965981,0.2882063469233873,-1.3187560070512336,-1.2130739252152192,-0.23005045768403723,-6.869504964868535e-17,0.024,0.048,0.048,-0.7999999999999998,correction_completion,PT_violation_het40,3,200,127,4170268831,raw_structured,,,,
PRE_SUBC,X1_slope,,,,pretrend,0.588517905316984,0.594561875041242,0.12487529423357879,0.30538177226335833,0.36750099021422106,0.7813949323346149,0.8220267503334594,0.0,0.0,0.0,0.7999999999999998,correction_completion,PT_violation_het40,3,200,127,4170268831,raw_structured,,,,
PRE_SUBC,X2_k=-4,,,-4.0,pretrend,-0.042158914037014016,-5.551115123125783e-17,0.1293091273346866,-0.4624876579309253,-0.35813081126122825,8.187894806610529e-16,0.05507512371542546,0.43866666666666665,0.8773333333333333,0.8773333333333333,-7.806255641895632e-17,correction_completion,PT_violation_het40,3,200,127,4170268831,raw_structured,,,,
PRE_SUBC,X2_k=-3,,,-3.0,pretrend,-0.041444738102628366,-6.548581121812447e-17,0.127786553474774,-0.4591955238889031,-0.355734192048466,6.938893903907228e-16,0.0482478037873898,0.43266666666666664,0.8653333333333333,0.8653333333333333,-5.204170427930421e-17,correction_completion,PT_violation_het40,3,200,127,4170268831,raw_structured,,,,
PRE_SUBC,X2_k=-2,,,-2.0,pretrend,-0.042546398571857956,-5.551115123125783e-17,0.12736535794783468,-0.4624876579309256,-0.3580314550499001,5.564992910933585e-16,0.0006385693151773046,0.4806666666666667,0.9613333333333334,0.9613333333333334,-2.6020852139652106e-17,correction_completion,PT_violation_het40,3,200,127,4170268831,raw_structured,,,,
PRE_SUBC,X2_slope,,,,pretrend,0.017993758349154055,2.42861286636753e-17,0.054534123127993134,-0.020677630194595946,-2.915326710198737e-16,0.1508429415909357,0.19679808166667281,0.42,0.84,0.84,2.6020852139652106e-17,correction_completion,PT_violation_het40,3,200,127,4170268831,raw_structured,,,,
PRE,k=-4,,,-4.0,reference_fold_pretrend,0.011970979178779862,0.012994975454723586,0.18307415306599575,-0.342998837297084,-0.28217829385335996,0.3047109872201949,0.3539791798181387,0.4693333333333333,0.9386666666666666,0.9386666666666666,0.03870967741935483,correction_completion,PT_violation_het40,3,200,127,4170268831,reference_fold_convolution_rf,,,,
PRE,k=-3,,,-3.0,reference_fold_pretrend,-0.09369756568192265,-0.09516206992145379,0.17883465098079718,-0.4517171338714595,-0.3906148124647716,0.20064773123730026,0.2560876282265235,0.308,0.616,0.616,0.02580645161290322,correction_completion,PT_violation_het40,3,200,127,4170268831,reference_fold_convolution_rf,,,,
PRE,k=-2,,,-2.0,reference_fold_pretrend,0.18084803145428904,0.18495068093746359,0.1687315807362021,-0.1341613950715426,-0.09658184951535201,0.4508874402478787,0.5073665917037233,0.15333333333333332,0.30666666666666664,0.30666666666666664,0.01290322580645161,correction_completion,PT_violation_het40,3,200,127,4170268831,reference_fold_convolution_rf,,,,
PRE,slope,,,,reference_fold_pretrend,-0.0020975598304845246,-0.0022321609196119005,0.06751447534871753,-0.12823509947085449,-0.1107095675749209,0.10733990424907751,0.12715235969848845,0.486,0.972,0.972,-0.01290322580645161,correction_completion,PT_violation_het40,3,200,127,4170268831,reference_fold_convolution_rf,,,,
PRE_SUB,X1=0_k=-4,,,-4.0,reference_fold_pretrend,0.601928817375213,0.6017172342706086,0.23414190893329523,0.15608843653013368,0.21346891507142027,0.9974413612070235,1.0630555286288623,0.0033333333333333335,0.006666666666666667,0.006666666666666667,1.2,correction_completion,PT_violation_het40,3,200,127,4170268831,reference_fold_convolution_rf,,,,
PRE_SUB,X1=0_k=-3,,,-3.0,reference_fold_pretrend,0.44561963216623385,0.43985997720488224,0.23016565431276842,-0.010586217738735113,0.06475386688847781,0.8263642035123915,0.8808242631918632,0.028,0.056,0.056,0.7999999999999999,correction_completion,PT_violation_het40,3,200,127,4170268831,reference_fold_convolution_rf,,,,
PRE_SUB,X1=0_k=-2,,,-2.0,reference_fold_pretrend,0.5173453350738896,0.5346686552121304,0.23790259534059097,0.022986143034014538,0.10325522767144368,0.8935725393627517,0.9678263229688279,0.019333333333333334,0.03866666666666667,0.03866666666666667,0.39999999999999997,correction_completion,PT_violation_het40,3,200,127,4170268831,reference_fold_convolution_rf,,,,
PRE_SUB,X1=1_k=-4,,,-4.0,reference_fold_pretrend,-0.6173173815640822,-0.6149981778982114,0.23810416255684422,-1.0990402370059011,-1.0021451147390732,-0.2232532451434042,-0.17078149901580555,0.0026666666666666666,0.005333333333333333,0.005333333333333333,-1.1999999999999995,correction_completion,PT_violation_het40,3,200,127,4170268831,reference_fold_convolution_rf,,,,
PRE_SUB,X1=1_k=-3,,,-3.0,reference_fold_pretrend,-0.6689692433866228,-0.6672137148065511,0.23269256794138352,-1.1252852078384745,-1.0597960362609171,-0.27770545200836816,-0.22922516119702852,0.002,0.004,0.004,-0.7999999999999997,correction_completion,PT_violation_het40,3,200,127,4170268831,reference_fold_convolution_rf,,,,
PRE_SUB,X1=1_k=-2,,,-2.0,reference_fold_pretrend,-0.17808242573995153,-0.16829763114903334,0.21504934166014542,-0.6216813753161636,-0.552990381239771,0.17371175380890821,0.2251708026078121,0.22333333333333333,0.44666666666666666,0.44666666666666666,-0.39999999999999986,correction_completion,PT_violation_het40,3,200,127,4170268831,reference_fold_convolution_rf,,,,
PRE_SUB,X2=low_k=-4,,,-4.0,reference_fold_pretrend,0.0013444108647713915,0.0005931286251527379,0.18569551799502515,-0.3593128232777004,-0.293071476607294,0.29981783642112025,0.35195368685260364,0.49866666666666665,0.9973333333333333,0.9973333333333333,0.038709677419354896,correction_completion,PT_violation_het40,3,200,127,4170268831,reference_fold_convolution_rf,,,,
PRE_SUB,X2=low_k=-3,,,-3.0,reference_fold_pretrend,-0.09865758071405212,-0.10507090331224508,0.18141440115546423,-0.45035772136241203,-0.3883997795145429,0.1991790303007918,0.26146241317803864,0.29533333333333334,0.5906666666666667,0.5906666666666667,0.025806451612903264,correction_completion,PT_violation_het40,3,200,127,4170268831,reference_fold_convolution_rf,,,,
PRE_SUB,X2=low_k=-2,,,-2.0,reference_fold_pretrend,0.1842672989054766,0.18883540519285905,0.17119412208466173,-0.13498516463798715,-0.09809938665784755,0.4602344959719841,0.5108641311421821,0.148,0.296,0.296,0.012903225806451632,correction_completion,PT_violation_het40,3,200,127,4170268831,reference_fold_convolution_rf,,,,
PRE_SUB,X2=high_k=-4,,,-4.0,reference_fold_pretrend,0.11407994045088028,0.11592644185585843,0.19303083703999224,-0.26744575630356593,-0.20614809362949882,0.42410435350436104,0.473126226314554,0.2713333333333333,0.5426666666666666,0.5426666666666666,0.03870967741935482,correction_completion,PT_violation_het40,3,200,127,4170268831,reference_fold_convolution_rf,,,,
PRE_SUB,X2=high_k=-3,,,-3.0,reference_fold_pretrend,-0.04054809607212635,-0.03883442410016473,0.18561405710025555,-0.4235827893589607,-0.34757557848275844,0.26491950986274465,0.3138969694496576,0.42,0.84,0.84,0.025806451612903212,correction_completion,PT_violation_het40,3,200,127,4170268831,reference_fold_convolution_rf,,,,
PRE_SUB,X2=high_k=-2,,,-2.0,reference_fold_pretrend,0.14522253222731826,0.14340831783069502,0.17340642535993372,-0.18737217795216804,-0.13030294356445374,0.4285148473479742,0.47750694248669084,0.20133333333333334,0.4026666666666667,0.4026666666666667,0.012903225806451606,correction_completion,PT_violation_het40,3,200,127,4170268831,reference_fold_convolution_rf,,,,
PRE_SUBC,X1_k=-4,,,-4.0,reference_fold_pretrend,-1.219246198939295,-1.2066884701521174,0.298226923984178,-1.8310920299153928,-1.7199620018051003,-0.7539492076220599,-0.6569153149718733,0.0,0.0,0.0,-2.3999999999999995,correction_completion,PT_violation_het40,3,200,127,4170268831,reference_fold_convolution_rf,,,,
PRE_SUBC,X1_k=-3,,,-3.0,reference_fold_pretrend,-1.1145888755528566,-1.0989729736695033,0.293821656984873,-1.720525603700236,-1.6087415316628595,-0.6335287142158781,-0.5110424600328205,0.0,0.0,0.0,-1.5999999999999996,correction_completion,PT_violation_het40,3,200,127,4170268831,reference_fold_convolution_rf,,,,
PRE_SUBC,X1_k=-2,,,-2.0,reference_fold_pretrend,-0.6954277608138412,-0.7093917099850071,0.30425401272267844,-1.2563924663670623,-1.1841341062168844,-0.21611875246261106,-0.026757756658757344,0.018666666666666668,0.037333333333333336,0.037333333333333336,-0.7999999999999998,correction_completion,PT_violation_het40,3,200,127,4170268831,reference_fold_convolution_rf,,,,
PRE_SUBC,X1_slope,,,,reference_fold_pretrend,0.4701674363383886,0.4665179569475657,0.11638884572327658,0.24602644466023596,0.28097332072926745,0.6649107738756096,0.7048748102717017,0.0,0.0,0.0,0.7999999999999998,correction_completion,PT_violation_het40,3,200,127,4170268831,reference_fold_convolution_rf,,,,
PRE_SUBC,X2_k=-4,,,-4.0,reference_fold_pretrend,0.1127355295861089,0.11363873953619755,0.08478190012497987,-0.07073229503428628,-0.021562449226304254,0.24442455616306286,0.2731856735969424,0.07866666666666666,0.15733333333333333,0.15733333333333333,-7.806255641895632e-17,correction_completion,PT_violation_het40,3,200,127,4170268831,reference_fold_convolution_rf,,,,
PRE_SUBC,X2_k=-3,,,-3.0,reference_fold_pretrend,0.058109484641925765,0.06057027570376282,0.07781189922708176,-0.1071912942227487,-0.06904340716563051,0.1778248941595141,0.19906701397219806,0.20333333333333334,0.4066666666666667,0.4066666666666667,-5.204170427930421e-17,correction_completion,PT_violation_het40,3,200,127,4170268831,reference_fold_convolution_rf,,,,
PRE_SUBC,X2_k=-2,,,-2.0,reference_fold_pretrend,-0.03904476667815833,-0.04033021306821728,0.07349135768291874,-0.1896419920306146,-0.15781011481688814,0.07523284710313262,0.10130371013164799,0.292,0.584,0.584,-2.6020852139652106e-17,correction_completion,PT_violation_het40,3,200,127,4170268831,reference_fold_convolution_rf,,,,
PRE_SUBC,X2_slope,,,,reference_fold_pretrend,-0.029670056526001416,-0.03120605412587648,0.03101476610961426,-0.08772420796143116,-0.07724959652644095,0.021758694425119605,0.035531845596472565,0.15133333333333332,0.30266666666666664,0.30266666666666664,2.6020852139652106e-17,correction_completion,PT_violation_het40,3,200,127,4170268831,reference_fold_convolution_rf,,,,
GATT,g=4_t=4,4.0,4.0,0.0,raw_structured,3.686372699828086,3.690779487093678,0.10997574378089155,3.448912300597119,3.4962251215256215,3.8570690079098027,3.886694546186867,0.0,0.0,0.0,3.791498484150727,correction_completion,baseline_sweep,1,400,11,3144653792,raw_structured,,,,
GATT,g=4_t=5,4.0,5.0,1.0,raw_structured,3.779040713523437,3.773863635231903,0.09809736997306842,3.6086044521908667,3.634309790136205,3.955066287827189,3.990986603135033,0.0,0.0,0.0,3.791498484150727,correction_completion,baseline_sweep,1,400,11,3144653792,raw_structured,,,,
GATT,g=4_t=6,4.0,6.0,2.0,raw_structured,3.7596393044569902,3.760075271147306,0.08849732254917801,3.5870925311505495,3.619691975983509,3.900370239627147,3.9248064289590294,0.0,0.0,0.0,3.791498484150727,correction_completion,baseline_sweep,1,400,11,3144653792,raw_structured,,,,
GATT,g=4_t=7,4.0,7.0,3.0,raw_structured,3.7632201800649194,3.7603771725126975,0.09526889159597725,3.5810959305904233,3.6109592073782464,3.925544179967169,3.94626946867504,0.0,0.0,0.0,3.791498484150727,correction_completion,baseline_sweep,1,400,11,3144653792,raw_structured,,,,
ES,k=0,,,0.0,raw_structured,3.686372699828086,3.690779487093678,0.10997574378089155,3.448912300597119,3.4962251215256215,3.8570690079098027,3.886694546186867,0.0,0.0,0.0,3.791498484150727,correction_completion,baseline_sweep,1,400,11,3144653792,raw_structured,,,,
ES,k=1,,,1.0,raw_structured,3.779040713523437,3.773863635231903,0.09809736997306842,3.6086044521908667,3.634309790136205,3.955066287827189,3.990986603135033,0.0,0.0,0.0,3.791498484150727,correction_completion,baseline_sweep,1,400,11,3144653792,raw_structured,,,,
ES,k=2,,,2.0,raw_structured,3.7596393044569902,3.760075271147306,0.08849732254917801,3.5870925311505495,3.619691975983509,3.900370239627147,3.9248064289590294,0.0,0.0,0.0,3.791498484150727,correction_completion,baseline_sweep,1,400,11,3144653792,raw_structured,,,,
ES,k=3,,,3.0,raw_structured,3.7632201800649194,3.7603771725126975,0.09526889159597725,3.5810959305904233,3.6109592073782464,3.925544179967169,3.94626946867504,0.0,0.0,0.0,3.791498484150727,correction_completion,baseline_sweep,1,400,11,3144653792,raw_structured,,,,
ATT,ATT,,,,raw_structured,3.747068224468358,3.7480746046800686,0.07540250559968346,3.601650570677151,3.62362998414847,3.872045645371511,3.892519135993246,0.0,0.0,0.0,3.791498484150727,correction_completion,baseline_sweep,1,400,11,3144653792,raw_structured,,,,
GATT,g=4_t=4,4.0,4.0,0.0,reference_fold_convolution,3.586200449591566,3.5888480507641134,0.1778392804632951,3.2526253558242924,3.288629839761256,3.8841178964927128,3.938195888671551,0.0,0.0,0.0,3.791498484150727,correction_completion,baseline_sweep,1,400,11,3144653792,reference_fold_convolution_rf,2.555187289149625,85.46171995660319,,"{""0"": {""bar_pi"": 0.46, ""control_ess"": 91.9883702101284, ""fold_sizes"": [{""evaluation"": 200, ""fold"": 0, ""train"": 200}], ""global_fold_bb"": true, ""max_control_odds"": 2.555187289149625, ""n_clipped"": 0, ""n_complement_units"": 200, ""n_eval_units"": 200, ""posterior_cache_key"": ""g=4_fold=0"", ""posterior_draws"": 1500, ""raw_max_control_odds"": 2.555187289149625}, ""1"": {""bar_pi"": 0.525, ""control_ess"": 85.46171995660319, ""fold_sizes"": [{""evaluation"": 200, ""fold"": 0, ""train"": 200}], ""global_fold_bb"": true, ""max_control_odds"": 1.7250756852051634, ""n_clipped"": 0, ""n_complement_units"": 200, ""n_eval_units"": 200, ""posterior_cache_key"": ""g=4_fold=1"", ""posterior_draws"": 1500, ""raw_max_control_odds"": 1.7250756852051634}}"
GATT,g=4_t=5,4.0,5.0,1.0,reference_fold_convolution,3.874377980428818,3.869105685505023,0.1726843369986861,3.5377738062008404,3.5958185177494277,4.1672895011386455,4.218130432165988,0.0,0.0,0.0,3.791498484150727,correction_completion,baseline_sweep,1,400,11,3144653792,reference_fold_convolution_rf,2.555187289149625,85.46171995660319,,"{""0"": {""bar_pi"": 0.46, ""control_ess"": 91.9883702101284, ""fold_sizes"": [{""evaluation"": 200, ""fold"": 0, ""train"": 200}], ""global_fold_bb"": true, ""max_control_odds"": 2.555187289149625, ""n_clipped"": 0, ""n_complement_units"": 200, ""n_eval_units"": 200, ""posterior_cache_key"": ""g=4_fold=0"", ""posterior_draws"": 1500, ""raw_max_control_odds"": 2.555187289149625}, ""1"": {""bar_pi"": 0.525, ""control_ess"": 85.46171995660319, ""fold_sizes"": [{""evaluation"": 200, ""fold"": 0, ""train"": 200}], ""global_fold_bb"": true, ""max_control_odds"": 1.7250756852051634, ""n_clipped"": 0, ""n_complement_units"": 200, ""n_eval_units"": 200, ""posterior_cache_key"": ""g=4_fold=1"", ""posterior_draws"": 1500, ""raw_max_control_odds"": 1.7250756852051634}}"
GATT,g=4_t=6,4.0,6.0,2.0,reference_fold_convolution,3.725350847631676,3.7228730072775256,0.16790614315522517,3.4058397419466044,3.455346890955607,3.9986958067972442,4.062522377745606,0.0,0.0,0.0,3.791498484150727,correction_completion,baseline_sweep,1,400,11,3144653792,reference_fold_convolution_rf,2.555187289149625,85.46171995660319,,"{""0"": {""bar_pi"": 0.46, ""control_ess"": 91.9883702101284, ""fold_sizes"": [{""evaluation"": 200, ""fold"": 0, ""train"": 200}], ""global_fold_bb"": true, ""max_control_odds"": 2.555187289149625, ""n_clipped"": 0, ""n_complement_units"": 200, ""n_eval_units"": 200, ""posterior_cache_key"": ""g=4_fold=0"", ""posterior_draws"": 1500, ""raw_max_control_odds"": 2.555187289149625}, ""1"": {""bar_pi"": 0.525, ""control_ess"": 85.46171995660319, ""fold_sizes"": [{""evaluation"": 200, ""fold"": 0, ""train"": 200}], ""global_fold_bb"": true, ""max_control_odds"": 1.7250756852051634, ""n_clipped"": 0, ""n_complement_units"": 200, ""n_eval_units"": 200, ""posterior_cache_key"": ""g=4_fold=1"", ""posterior_draws"": 1500, ""raw_max_control_odds"": 1.7250756852051634}}"
GATT,g=4_t=7,4.0,7.0,3.0,reference_fold_convolution,3.8270035510311318,3.8307018968230304,0.1752844804481763,3.487296888185939,3.548241352303632,4.117377006796499,4.17504061556475,0.0,0.0,0.0,3.791498484150727,correction_completion,baseline_sweep,1,400,11,3144653792,reference_fold_convolution_rf,2.555187289149625,85.46171995660319,,"{""0"": {""bar_pi"": 0.46, ""control_ess"": 91.9883702101284, ""fold_sizes"": [{""evaluation"": 200, ""fold"": 0, ""train"": 200}], ""global_fold_bb"": true, ""max_control_odds"": 2.555187289149625, ""n_clipped"": 0, ""n_complement_units"": 200, ""n_eval_units"": 200, ""posterior_cache_key"": ""g=4_fold=0"", ""posterior_draws"": 1500, ""raw_max_control_odds"": 2.555187289149625}, ""1"": {""bar_pi"": 0.525, ""control_ess"": 85.46171995660319, ""fold_sizes"": [{""evaluation"": 200, ""fold"": 0, ""train"": 200}], ""global_fold_bb"": true, ""max_control_odds"": 1.7250756852051634, ""n_clipped"": 0, ""n_complement_units"": 200, ""n_eval_units"": 200, ""posterior_cache_key"": ""g=4_fold=1"", ""posterior_draws"": 1500, ""raw_max_control_odds"": 1.7250756852051634}}"
ES,k=0,,,0.0,reference_fold_convolution,3.586200449591566,3.5888480507641134,0.1778392804632951,3.2526253558242924,3.288629839761256,3.8841178964927128,3.938195888671551,0.0,0.0,0.0,3.791498484150727,correction_completion,baseline_sweep,1,400,11,3144653792,reference_fold_convolution_rf,,,,{}
ES,k=1,,,1.0,reference_fold_convolution,3.874377980428818,3.869105685505023,0.1726843369986861,3.5377738062008404,3.5958185177494277,4.1672895011386455,4.218130432165988,0.0,0.0,0.0,3.791498484150727,correction_completion,baseline_sweep,1,400,11,3144653792,reference_fold_convolution_rf,,,,{}
ES,k=2,,,2.0,reference_fold_convolution,3.725350847631676,3.7228730072775256,0.16790614315522517,3.4058397419466044,3.455346890955607,3.9986958067972442,4.062522377745606,0.0,0.0,0.0,3.791498484150727,correction_completion,baseline_sweep,1,400,11,3144653792,reference_fold_convolution_rf,,,,{}
ES,k=3,,,3.0,reference_fold_convolution,3.8270035510311318,3.8307018968230304,0.1752844804481763,3.487296888185939,3.548241352303632,4.117377006796499,4.17504061556475,0.0,0.0,0.0,3.791498484150727,correction_completion,baseline_sweep,1,400,11,3144653792,reference_fold_convolution_rf,,,,{}
ATT,ATT,,,,reference_fold_convolution,3.753233207170798,3.754019949164518,0.14441634455351746,3.4741222301426173,3.523602448391443,3.9819710666118593,4.029752142345423,0.0,0.0,0.0,3.791498484150727,correction_completion,baseline_sweep,1,400,11,3144653792,reference_fold_convolution_rf,,,,{}
GATT,g=4_t=4,4.0,4.0,0.0,raw_structured,3.7607002857722147,3.7579559155577265,0.10317912847170785,3.566885601215496,3.5896343982074606,3.9297905704619795,3.9600539080919854,0.0,0.0,0.0,3.826941542074665,correction_completion,baseline_sweep,2,400,95,3652603594,raw_structured,,,,
GATT,g=4_t=5,4.0,5.0,1.0,raw_structured,3.7395983061560814,3.7381526122045043,0.09666501612437829,3.5575413864778644,3.5816653597743815,3.9015873095915357,3.9298319857682844,0.0,0.0,0.0,3.826941542074665,correction_completion,baseline_sweep,2,400,95,3652603594,raw_structured,,,,
GATT,g=4_t=6,4.0,6.0,2.0,raw_structured,3.6905443281487846,3.6928941294971724,0.09836404022569908,3.4854576155940293,3.51879472019839,3.846907169732008,3.872519597029136,0.0,0.0,0.0,3.826941542074665,correction_completion,baseline_sweep,2,400,95,3652603594,raw_structured,,,,
GATT,g=4_t=7,4.0,7.0,3.0,raw_structured,3.679982118013372,3.6819622552729037,0.10431446262717538,3.4615451444566196,3.5049371023859943,3.8463547047657722,3.875563034922613,0.0,0.0,0.0,3.826941542074665,correction_completion,baseline_sweep,2,400,95,3652603594,raw_structured,,,,
ES,k=0,,,0.0,raw_structured,3.7607002857722147,3.7579559155577265,0.10317912847170785,3.566885601215496,3.5896343982074606,3.9297905704619795,3.9600539080919854,0.0,0.0,0.0,3.826941542074665,correction_completion,baseline_sweep,2,400,95,3652603594,raw_structured,,,,
ES,k=1,,,1.0,raw_structured,3.7395983061560814,3.7381526122045043,0.09666501612437829,3.5575413864778644,3.5816653597743815,3.9015873095915357,3.9298319857682844,0.0,0.0,0.0,3.826941542074665,correction_completion,baseline_sweep,2,400,95,3652603594,raw_structured,,,,
ES,k=2,,,2.0,raw_structured,3.6905443281487846,3.6928941294971724,0.09836404022569908,3.4854576155940293,3.51879472019839,3.846907169732008,3.872519597029136,0.0,0.0,0.0,3.826941542074665,correction_completion,baseline_sweep,2,400,95,3652603594,raw_structured,,,,
ES,k=3,,,3.0,raw_structured,3.679982118013372,3.6819622552729037,0.10431446262717538,3.4615451444566196,3.5049371023859943,3.8463547047657722,3.875563034922613,0.0,0.0,0.0,3.826941542074665,correction_completion,baseline_sweep,2,400,95,3652603594,raw_structured,,,,
ATT,ATT,,,,raw_structured,3.7177062595226134,3.72041609347054,0.0806648448938247,3.5588717589471606,3.5810196075769274,3.846875843672988,3.870348547876896,0.0,0.0,0.0,3.826941542074665,correction_completion,baseline_sweep,2,400,95,3652603594,raw_structured,,,,
GATT,g=4_t=4,4.0,4.0,0.0,reference_fold_convolution,3.706287033775886,3.7039734682202057,0.17079243800573546,3.372576012453735,3.4271471328950978,3.9849034879673377,4.048744388020831,0.0,0.0,0.0,3.826941542074665,correction_completion,baseline_sweep,2,400,95,3652603594,reference_fold_convolution_rf,3.002680890481368,77.99594071672655,,"{""0"": {""bar_pi"": 0.525, ""control_ess"": 80.75204889275165, ""fold_sizes"": [{""evaluation"": 200, ""fold"": 0, ""train"": 200}], ""global_fold_bb"": true, ""max_control_odds"": 2.8352734841465086, ""n_clipped"": 0, ""n_complement_units"": 200, ""n_eval_units"": 200, ""posterior_cache_key"": ""g=4_fold=0"", ""posterior_draws"": 1500, ""raw_max_control_odds"": 2.8352734841465086}, ""1"": {""bar_pi"": 0.525, ""control_ess"": 77.99594071672655, ""fold_sizes"": [{""evaluation"": 200, ""fold"": 0, ""train"": 200}], ""global_fold_bb"": true, ""max_control_odds"": 3.002680890481368, ""n_clipped"": 0, ""n_complement_units"": 200, ""n_eval_units"": 200, ""posterior_cache_key"": ""g=4_fold=1"", ""posterior_draws"": 1500, ""raw_max_control_odds"": 3.002680890481368}}"
GATT,g=4_t=5,4.0,5.0,1.0,reference_fold_convolution,3.8746738780831445,3.8752044487641246,0.18088605349202624,3.5238176135781525,3.570283704277879,4.16967219083417,4.225351789477837,0.0,0.0,0.0,3.826941542074665,correction_completion,baseline_sweep,2,400,95,3652603594,reference_fold_convolution_rf,3.002680890481368,77.99594071672655,,"{""0"": {""bar_pi"": 0.525, ""control_ess"": 80.75204889275165, ""fold_sizes"": [{""evaluation"": 200, ""fold"": 0, ""train"": 200}], ""global_fold_bb"": true, ""max_control_odds"": 2.8352734841465086, ""n_clipped"": 0, ""n_complement_units"": 200, ""n_eval_units"": 200, ""posterior_cache_key"": ""g=4_fold=0"", ""posterior_draws"": 1500, ""raw_max_control_odds"": 2.8352734841465086}, ""1"": {""bar_pi"": 0.525, ""control_ess"": 77.99594071672655, ""fold_sizes"": [{""evaluation"": 200, ""fold"": 0, ""train"": 200}], ""global_fold_bb"": true, ""max_control_odds"": 3.002680890481368, ""n_clipped"": 0, ""n_complement_units"": 200, ""n_eval_units"": 200, ""posterior_cache_key"": ""g=4_fold=1"", ""posterior_draws"": 1500, ""raw_max_control_odds"": 3.002680890481368}}"
GATT,g=4_t=6,4.0,6.0,2.0,reference_fold_convolution,3.580628152101711,3.584860357122383,0.17029296820260392,3.251250672605955,3.2965958288887593,3.869981261962962,3.912292202899514,0.0,0.0,0.0,3.826941542074665,correction_completion,baseline_sweep,2,400,95,3652603594,reference_fold_convolution_rf,3.002680890481368,77.99594071672655,,"{""0"": {""bar_pi"": 0.525, ""control_ess"": 80.75204889275165, ""fold_sizes"": [{""evaluation"": 200, ""fold"": 0, ""train"": 200}], ""global_fold_bb"": true, ""max_control_odds"": 2.8352734841465086, ""n_clipped"": 0, ""n_complement_units"": 200, ""n_eval_units"": 200, ""posterior_cache_key"": ""g=4_fold=0"", ""posterior_draws"": 1500, ""raw_max_control_odds"": 2.8352734841465086}, ""1"": {""bar_pi"": 0.525, ""control_ess"": 77.99594071672655, ""fold_sizes"": [{""evaluation"": 200, ""fold"": 0, ""train"": 200}], ""global_fold_bb"": true, ""max_control_odds"": 3.002680890481368, ""n_clipped"": 0, ""n_complement_units"": 200, ""n_eval_units"": 200, ""posterior_cache_key"": ""g=4_fold=1"", ""posterior_draws"": 1500, ""raw_max_control_odds"": 3.002680890481368}}"
GATT,g=4_t=7,4.0,7.0,3.0,reference_fold_convolution,3.688476415805387,3.6863150082320923,0.18978744067557873,3.3253992868798345,3.392005788742996,3.9962485913315198,4.072368069867135,0.0,0.0,0.0,3.826941542074665,correction_completion,baseline_sweep,2,400,95,3652603594,reference_fold_convolution_rf,3.002680890481368,77.99594071672655,,"{""0"": {""bar_pi"": 0.525, ""control_ess"": 80.75204889275165, ""fold_sizes"": [{""evaluation"": 200, ""fold"": 0, ""train"": 200}], ""global_fold_bb"": true, ""max_control_odds"": 2.8352734841465086, ""n_clipped"": 0, ""n_complement_units"": 200, ""n_eval_units"": 200, ""posterior_cache_key"": ""g=4_fold=0"", ""posterior_draws"": 1500, ""raw_max_control_odds"": 2.8352734841465086}, ""1"": {""bar_pi"": 0.525, ""control_ess"": 77.99594071672655, ""fold_sizes"": [{""evaluation"": 200, ""fold"": 0, ""train"": 200}], ""global_fold_bb"": true, ""max_control_odds"": 3.002680890481368, ""n_clipped"": 0, ""n_complement_units"": 200, ""n_eval_units"": 200, ""posterior_cache_key"": ""g=4_fold=1"", ""posterior_draws"": 1500, ""raw_max_control_odds"": 3.002680890481368}}"
ES,k=0,,,0.0,reference_fold_convolution,3.706287033775886,3.7039734682202057,0.17079243800573546,3.372576012453735,3.4271471328950978,3.9849034879673377,4.048744388020831,0.0,0.0,0.0,3.826941542074665,correction_completion,baseline_sweep,2,400,95,3652603594,reference_fold_convolution_rf,,,,{}
ES,k=1,,,1.0,reference_fold_convolution,3.8746738780831445,3.8752044487641246,0.18088605349202624,3.5238176135781525,3.570283704277879,4.16967219083417,4.225351789477837,0.0,0.0,0.0,3.826941542074665,correction_completion,baseline_sweep,2,400,95,3652603594,reference_fold_convolution_rf,,,,{}
ES,k=2,,,2.0,reference_fold_convolution,3.580628152101711,3.584860357122383,0.17029296820260392,3.251250672605955,3.2965958288887593,3.869981261962962,3.912292202899514,0.0,0.0,0.0,3.826941542074665,correction_completion,baseline_sweep,2,400,95,3652603594,reference_fold_convolution_rf,,,,{}
ES,k=3,,,3.0,reference_fold_convolution,3.688476415805387,3.6863150082320923,0.18978744067557873,3.3253992868798345,3.392005788742996,3.9962485913315198,4.072368069867135,0.0,0.0,0.0,3.826941542074665,correction_completion,baseline_sweep,2,400,95,3652603594,reference_fold_convolution_rf,,,,{}
ATT,ATT,,,,reference_fold_convolution,3.712516369941532,3.710901099196996,0.14931111030270672,3.410494815048519,3.4632901461518397,3.963513088458429,4.001436641890837,0.0,0.0,0.0,3.826941542074665,correction_completion,baseline_sweep,2,400,95,3652603594,reference_fold_convolution_rf,,,,{}
GATT,g=4_t=4,4.0,4.0,0.0,raw_structured,3.8694902136374454,3.8656694507117333,0.07296173517863529,3.7310776010734172,3.756573098113637,3.9944255831344972,4.023489050825818,0.0,0.0,0.0,3.8535759111974945,correction_completion,baseline_sweep_d3,3,800,79,3709213867,raw_structured,,,,
GATT,g=4_t=5,4.0,5.0,1.0,raw_structured,3.8563067020851505,3.8579018497529,0.06573111676186477,3.7246165631310375,3.7459928086623373,3.9632281002579646,3.985666873413443,0.0,0.0,0.0,3.8535759111974945,correction_completion,baseline_sweep_d3,3,800,79,3709213867,raw_structured,,,,
GATT,g=4_t=6,4.0,6.0,2.0,raw_structured,3.8620739750459427,3.8611659423287126,0.06763235357093261,3.729998487137858,3.7516609233790317,3.977620161902375,4.003594190055085,0.0,0.0,0.0,3.8535759111974945,correction_completion,baseline_sweep_d3,3,800,79,3709213867,raw_structured,,,,
GATT,g=4_t=7,4.0,7.0,3.0,raw_structured,3.8747119583671887,3.8698567582540253,0.07763338400459234,3.7320952237693126,3.7536240023327756,4.00603667705939,4.036866722156507,0.0,0.0,0.0,3.8535759111974945,correction_completion,baseline_sweep_d3,3,800,79,3709213867,raw_structured,,,,
ES,k=0,,,0.0,raw_structured,3.8694902136374454,3.8656694507117333,0.07296173517863529,3.7310776010734172,3.756573098113637,3.9944255831344972,4.023489050825818,0.0,0.0,0.0,3.8535759111974945,correction_completion,baseline_sweep_d3,3,800,79,3709213867,raw_structured,,,,
ES,k=1,,,1.0,raw_structured,3.8563067020851505,3.8579018497529,0.06573111676186477,3.7246165631310375,3.7459928086623373,3.9632281002579646,3.985666873413443,0.0,0.0,0.0,3.8535759111974945,correction_completion,baseline_sweep_d3,3,800,79,3709213867,raw_structured,,,,
ES,k=2,,,2.0,raw_structured,3.8620739750459427,3.8611659423287126,0.06763235357093261,3.729998487137858,3.7516609233790317,3.977620161902375,4.003594190055085,0.0,0.0,0.0,3.8535759111974945,correction_completion,baseline_sweep_d3,3,800,79,3709213867,raw_structured,,,,
ES,k=3,,,3.0,raw_structured,3.8747119583671887,3.8698567582540253,0.07763338400459234,3.7320952237693126,3.7536240023327756,4.00603667705939,4.036866722156507,0.0,0.0,0.0,3.8535759111974945,correction_completion,baseline_sweep_d3,3,800,79,3709213867,raw_structured,,,,
ATT,ATT,,,,raw_structured,3.8656457122839316,3.865127569380923,0.06047520244600242,3.7439759549934797,3.767032542267335,3.9658568472607407,3.986483696857163,0.0,0.0,0.0,3.8535759111974945,correction_completion,baseline_sweep_d3,3,800,79,3709213867,raw_structured,,,,
GATT,g=4_t=4,4.0,4.0,0.0,reference_fold_convolution,3.8092645205959474,3.813518551562194,0.12362826638712951,3.5646066375416012,3.604297921617062,4.003008026383934,4.040774742800238,0.0,0.0,0.0,3.8535759111974945,correction_completion,baseline_sweep_d3,3,800,79,3709213867,reference_fold_convolution_rf,4.328699342480291,151.20535073457475,,"{""0"": {""bar_pi"": 0.525, ""control_ess"": 151.20535073457475, ""fold_sizes"": [{""evaluation"": 400, ""fold"": 0, ""train"": 400}], ""global_fold_bb"": true, ""max_control_odds"": 4.328699342480291, ""n_clipped"": 0, ""n_complement_units"": 400, ""n_eval_units"": 400, ""posterior_cache_key"": ""g=4_fold=0"", ""posterior_draws"": 1500, ""raw_max_control_odds"": 4.328699342480291}, ""1"": {""bar_pi"": 0.5225, ""control_ess"": 164.56942431225696, ""fold_sizes"": [{""evaluation"": 400, ""fold"": 0, ""train"": 400}], ""global_fold_bb"": true, ""max_control_odds"": 3.7180284927289025, ""n_clipped"": 0, ""n_complement_units"": 400, ""n_eval_units"": 400, ""posterior_cache_key"": ""g=4_fold=1"", ""posterior_draws"": 1500, ""raw_max_control_odds"": 3.7180284927289025}}"
GATT,g=4_t=5,4.0,5.0,1.0,reference_fold_convolution,3.7138522184824625,3.7135330536273528,0.12443745062464281,3.4689799842634845,3.508891262866404,3.9176865494726503,3.9521705867288235,0.0,0.0,0.0,3.8535759111974945,correction_completion,baseline_sweep_d3,3,800,79,3709213867,reference_fold_convolution_rf,4.328699342480291,151.20535073457475,,"{""0"": {""bar_pi"": 0.525, ""control_ess"": 151.20535073457475, ""fold_sizes"": [{""evaluation"": 400, ""fold"": 0, ""train"": 400}], ""global_fold_bb"": true, ""max_control_odds"": 4.328699342480291, ""n_clipped"": 0, ""n_complement_units"": 400, ""n_eval_units"": 400, ""posterior_cache_key"": ""g=4_fold=0"", ""posterior_draws"": 1500, ""raw_max_control_odds"": 4.328699342480291}, ""1"": {""bar_pi"": 0.5225, ""control_ess"": 164.56942431225696, ""fold_sizes"": [{""evaluation"": 400, ""fold"": 0, ""train"": 400}], ""global_fold_bb"": true, ""max_control_odds"": 3.7180284927289025, ""n_clipped"": 0, ""n_complement_units"": 400, ""n_eval_units"": 400, ""posterior_cache_key"": ""g=4_fold=1"", ""posterior_draws"": 1500, ""raw_max_control_odds"": 3.7180284927289025}}"
GATT,g=4_t=6,4.0,6.0,2.0,reference_fold_convolution,3.701427793524117,3.6994788276999837,0.1271610830361528,3.4486374138348865,3.4961822356853167,3.920805488958574,3.9514789875024063,0.0,0.0,0.0,3.8535759111974945,correction_completion,baseline_sweep_d3,3,800,79,3709213867,reference_fold_convolution_rf,4.328699342480291,151.20535073457475,,"{""0"": {""bar_pi"": 0.525, ""control_ess"": 151.20535073457475, ""fold_sizes"": [{""evaluation"": 400, ""fold"": 0, ""train"": 400}], ""global_fold_bb"": true, ""max_control_odds"": 4.328699342480291, ""n_clipped"": 0, ""n_complement_units"": 400, ""n_eval_units"": 400, ""posterior_cache_key"": ""g=4_fold=0"", ""posterior_draws"": 1500, ""raw_max_control_odds"": 4.328699342480291}, ""1"": {""bar_pi"": 0.5225, ""control_ess"": 164.56942431225696, ""fold_sizes"": [{""evaluation"": 400, ""fold"": 0, ""train"": 400}], ""global_fold_bb"": true, ""max_control_odds"": 3.7180284927289025, ""n_clipped"": 0, ""n_complement_units"": 400, ""n_eval_units"": 400, ""posterior_cache_key"": ""g=4_fold=1"", ""posterior_draws"": 1500, ""raw_max_control_odds"": 3.7180284927289025}}"
GATT,g=4_t=7,4.0,7.0,3.0,reference_fold_convolution,3.857368752017514,3.8582076270121997,0.12997410904056222,3.6080623504613887,3.640642714451399,4.0747025700811905,4.110086792365711,0.0,0.0,0.0,3.8535759111974945,correction_completion,baseline_sweep_d3,3,800,79,3709213867,reference_fold_convolution_rf,4.328699342480291,151.20535073457475,,"{""0"": {""bar_pi"": 0.525, ""control_ess"": 151.20535073457475, ""fold_sizes"": [{""evaluation"": 400, ""fold"": 0, ""train"": 400}], ""global_fold_bb"": true, ""max_control_odds"": 4.328699342480291, ""n_clipped"": 0, ""n_complement_units"": 400, ""n_eval_units"": 400, ""posterior_cache_key"": ""g=4_fold=0"", ""posterior_draws"": 1500, ""raw_max_control_odds"": 4.328699342480291}, ""1"": {""bar_pi"": 0.5225, ""control_ess"": 164.56942431225696, ""fold_sizes"": [{""evaluation"": 400, ""fold"": 0, ""train"": 400}], ""global_fold_bb"": true, ""max_control_odds"": 3.7180284927289025, ""n_clipped"": 0, ""n_complement_units"": 400, ""n_eval_units"": 400, ""posterior_cache_key"": ""g=4_fold=1"", ""posterior_draws"": 1500, ""raw_max_control_odds"": 3.7180284927289025}}"
ES,k=0,,,0.0,reference_fold_convolution,3.8092645205959474,3.813518551562194,0.12362826638712951,3.5646066375416012,3.604297921617062,4.003008026383934,4.040774742800238,0.0,0.0,0.0,3.8535759111974945,correction_completion,baseline_sweep_d3,3,800,79,3709213867,reference_fold_convolution_rf,,,,{}
ES,k=1,,,1.0,reference_fold_convolution,3.7138522184824625,3.7135330536273528,0.12443745062464281,3.4689799842634845,3.508891262866404,3.9176865494726503,3.9521705867288235,0.0,0.0,0.0,3.8535759111974945,correction_completion,baseline_sweep_d3,3,800,79,3709213867,reference_fold_convolution_rf,,,,{}
ES,k=2,,,2.0,reference_fold_convolution,3.701427793524117,3.6994788276999837,0.1271610830361528,3.4486374138348865,3.4961822356853167,3.920805488958574,3.9514789875024063,0.0,0.0,0.0,3.8535759111974945,correction_completion,baseline_sweep_d3,3,800,79,3709213867,reference_fold_convolution_rf,,,,{}
ES,k=3,,,3.0,reference_fold_convolution,3.857368752017514,3.8582076270121997,0.12997410904056222,3.6080623504613887,3.640642714451399,4.0747025700811905,4.110086792365711,0.0,0.0,0.0,3.8535759111974945,correction_completion,baseline_sweep_d3,3,800,79,3709213867,reference_fold_convolution_rf,,,,{}
ATT,ATT,,,,reference_fold_convolution,3.7704783211550104,3.7709134638853934,0.10626147920110844,3.5603642587172013,3.597614480656151,3.9479277068205536,3.978210870081224,0.0,0.0,0.0,3.8535759111974945,correction_completion,baseline_sweep_d3,3,800,79,3709213867,reference_fold_convolution_rf,,,,{}
GATT,g=4_t=4,4.0,4.0,0.0,raw_structured,4.070940480142131,4.0669198052648206,0.14904426119544562,3.7876232274230763,3.8299492024395096,4.317060036759359,4.363381161503723,0.0,0.0,0.0,3.9060636369073443,correction_completion,selection_both,2,200,63,505428261,raw_structured,,,,
GATT,g=4_t=5,4.0,5.0,1.0,raw_structured,4.048994285751577,4.04828960936962,0.1344532688246645,3.782436067467501,3.8254671540838006,4.275502247035692,4.312747831408092,0.0,0.0,0.0,3.9060636369073443,correction_completion,selection_both,2,200,63,505428261,raw_structured,,,,
GATT,g=4_t=6,4.0,6.0,2.0,raw_structured,4.054462563791918,4.053800837253533,0.14143349744532774,3.7593419583110186,3.821480829216443,4.285847348667694,4.32479421628907,0.0,0.0,0.0,3.9060636369073443,correction_completion,selection_both,2,200,63,505428261,raw_structured,,,,
GATT,g=4_t=7,4.0,7.0,3.0,raw_structured,3.687059517556476,3.6844535542915615,0.1823072918080863,3.3531590331816363,3.399330274954177,3.9941885673466015,4.055792951624054,0.0,0.0,0.0,3.9060636369073443,correction_completion,selection_both,2,200,63,505428261,raw_structured,,,,
ES,k=0,,,0.0,raw_structured,4.070940480142131,4.0669198052648206,0.14904426119544562,3.7876232274230763,3.8299492024395096,4.317060036759359,4.363381161503723,0.0,0.0,0.0,3.9060636369073443,correction_completion,selection_both,2,200,63,505428261,raw_structured,,,,
ES,k=1,,,1.0,raw_structured,4.048994285751577,4.04828960936962,0.1344532688246645,3.782436067467501,3.8254671540838006,4.275502247035692,4.312747831408092,0.0,0.0,0.0,3.9060636369073443,correction_completion,selection_both,2,200,63,505428261,raw_structured,,,,
ES,k=2,,,2.0,raw_structured,4.054462563791918,4.053800837253533,0.14143349744532774,3.7593419583110186,3.821480829216443,4.285847348667694,4.32479421628907,0.0,0.0,0.0,3.9060636369073443,correction_completion,selection_both,2,200,63,505428261,raw_structured,,,,
ES,k=3,,,3.0,raw_structured,3.687059517556476,3.6844535542915615,0.1823072918080863,3.3531590331816363,3.399330274954177,3.9941885673466015,4.055792951624054,0.0,0.0,0.0,3.9060636369073443,correction_completion,selection_both,2,200,63,505428261,raw_structured,,,,
ATT,ATT,,,,raw_structured,3.9653642118105252,3.966474290007586,0.11915577619795599,3.7351141494941262,3.7675952528286984,4.15759313498118,4.2003608799881045,0.0,0.0,0.0,3.906063636907345,correction_completion,selection_both,2,200,63,505428261,raw_structured,,,,
GATT,g=4_t=4,4.0,4.0,0.0,reference_fold_convolution,4.0318055199005185,4.035824761788092,0.2665481430596249,3.4718116789632854,3.5799671328969906,4.456660290830322,4.516553969759992,0.0,0.0,0.0,3.9060636369073443,correction_completion,selection_both,2,200,63,505428261,reference_fold_convolution_rf,2.7454960744131136,37.1273249299233,,"{""0"": {""bar_pi"": 0.49, ""control_ess"": 37.1273249299233, ""fold_sizes"": [{""evaluation"": 100, ""fold"": 0, ""train"": 100}], ""global_fold_bb"": true, ""max_control_odds"": 2.4131177232401013, ""n_clipped"": 0, ""n_complement_units"": 100, ""n_eval_units"": 100, ""posterior_cache_key"": ""g=4_fold=0"", ""posterior_draws"": 1500, ""raw_max_control_odds"": 2.4131177232401013}, ""1"": {""bar_pi"": 0.46, ""control_ess"": 41.45546183228848, ""fold_sizes"": [{""evaluation"": 100, ""fold"": 0, ""train"": 100}], ""global_fold_bb"": true, ""max_control_odds"": 2.7454960744131136, ""n_clipped"": 0, ""n_complement_units"": 100, ""n_eval_units"": 100, ""posterior_cache_key"": ""g=4_fold=1"", ""posterior_draws"": 1500, ""raw_max_control_odds"": 2.7454960744131136}}"
GATT,g=4_t=5,4.0,5.0,1.0,reference_fold_convolution,3.7502030477459605,3.759146452316867,0.2404731602629377,3.2491956706978016,3.346253388298635,4.125318619244739,4.181361910467714,0.0,0.0,0.0,3.9060636369073443,correction_completion,selection_both,2,200,63,505428261,reference_fold_convolution_rf,2.7454960744131136,37.1273249299233,,"{""0"": {""bar_pi"": 0.49, ""control_ess"": 37.1273249299233, ""fold_sizes"": [{""evaluation"": 100, ""fold"": 0, ""train"": 100}], ""global_fold_bb"": true, ""max_control_odds"": 2.4131177232401013, ""n_clipped"": 0, ""n_complement_units"": 100, ""n_eval_units"": 100, ""posterior_cache_key"": ""g=4_fold=0"", ""posterior_draws"": 1500, ""raw_max_control_odds"": 2.4131177232401013}, ""1"": {""bar_pi"": 0.46, ""control_ess"": 41.45546183228848, ""fold_sizes"": [{""evaluation"": 100, ""fold"": 0, ""train"": 100}], ""global_fold_bb"": true, ""max_control_odds"": 2.7454960744131136, ""n_clipped"": 0, ""n_complement_units"": 100, ""n_eval_units"": 100, ""posterior_cache_key"": ""g=4_fold=1"", ""posterior_draws"": 1500, ""raw_max_control_odds"": 2.7454960744131136}}"
GATT,g=4_t=6,4.0,6.0,2.0,reference_fold_convolution,4.050361753387997,4.049148058979816,0.2523752071688767,3.5591731686470567,3.629940912697882,4.472998573655403,4.555534929737347,0.0,0.0,0.0,3.9060636369073443,correction_completion,selection_both,2,200,63,505428261,reference_fold_convolution_rf,2.7454960744131136,37.1273249299233,,"{""0"": {""bar_pi"": 0.49, ""control_ess"": 37.1273249299233, ""fold_sizes"": [{""evaluation"": 100, ""fold"": 0, ""train"": 100}], ""global_fold_bb"": true, ""max_control_odds"": 2.4131177232401013, ""n_clipped"": 0, ""n_complement_units"": 100, ""n_eval_units"": 100, ""posterior_cache_key"": ""g=4_fold=0"", ""posterior_draws"": 1500, ""raw_max_control_odds"": 2.4131177232401013}, ""1"": {""bar_pi"": 0.46, ""control_ess"": 41.45546183228848, ""fold_sizes"": [{""evaluation"": 100, ""fold"": 0, ""train"": 100}], ""global_fold_bb"": true, ""max_control_odds"": 2.7454960744131136, ""n_clipped"": 0, ""n_complement_units"": 100, ""n_eval_units"": 100, ""posterior_cache_key"": ""g=4_fold=1"", ""posterior_draws"": 1500, ""raw_max_control_odds"": 2.7454960744131136}}"
GATT,g=4_t=7,4.0,7.0,3.0,reference_fold_convolution,3.5165412093178636,3.5248732158925735,0.26546220344408256,2.9815526976650966,3.0722327285649316,3.958838624743486,4.02211367847877,0.0,0.0,0.0,3.9060636369073443,correction_completion,selection_both,2,200,63,505428261,reference_fold_convolution_rf,2.7454960744131136,37.1273249299233,,"{""0"": {""bar_pi"": 0.49, ""control_ess"": 37.1273249299233, ""fold_sizes"": [{""evaluation"": 100, ""fold"": 0, ""train"": 100}], ""global_fold_bb"": true, ""max_control_odds"": 2.4131177232401013, ""n_clipped"": 0, ""n_complement_units"": 100, ""n_eval_units"": 100, ""posterior_cache_key"": ""g=4_fold=0"", ""posterior_draws"": 1500, ""raw_max_control_odds"": 2.4131177232401013}, ""1"": {""bar_pi"": 0.46, ""control_ess"": 41.45546183228848, ""fold_sizes"": [{""evaluation"": 100, ""fold"": 0, ""train"": 100}], ""global_fold_bb"": true, ""max_control_odds"": 2.7454960744131136, ""n_clipped"": 0, ""n_complement_units"": 100, ""n_eval_units"": 100, ""posterior_cache_key"": ""g=4_fold=1"", ""posterior_draws"": 1500, ""raw_max_control_odds"": 2.7454960744131136}}"
ES,k=0,,,0.0,reference_fold_convolution,4.0318055199005185,4.035824761788092,0.2665481430596249,3.4718116789632854,3.5799671328969906,4.456660290830322,4.516553969759992,0.0,0.0,0.0,3.9060636369073443,correction_completion,selection_both,2,200,63,505428261,reference_fold_convolution_rf,,,,{}
ES,k=1,,,1.0,reference_fold_convolution,3.7502030477459605,3.759146452316867,0.2404731602629377,3.2491956706978016,3.346253388298635,4.125318619244739,4.181361910467714,0.0,0.0,0.0,3.9060636369073443,correction_completion,selection_both,2,200,63,505428261,reference_fold_convolution_rf,,,,{}
ES,k=2,,,2.0,reference_fold_convolution,4.050361753387997,4.049148058979816,0.2523752071688767,3.5591731686470567,3.629940912697882,4.472998573655403,4.555534929737347,0.0,0.0,0.0,3.9060636369073443,correction_completion,selection_both,2,200,63,505428261,reference_fold_convolution_rf,,,,{}
ES,k=3,,,3.0,reference_fold_convolution,3.5165412093178636,3.5248732158925735,0.26546220344408256,2.9815526976650966,3.0722327285649316,3.958838624743486,4.02211367847877,0.0,0.0,0.0,3.9060636369073443,correction_completion,selection_both,2,200,63,505428261,reference_fold_convolution_rf,,,,{}
ATT,ATT,,,,reference_fold_convolution,3.837227882588085,3.836611457483082,0.20705933855630473,3.4253461608967832,3.495865513670368,4.176541636859764,4.24667243650672,0.0,0.0,0.0,3.906063636907345,correction_completion,selection_both,2,200,63,505428261,reference_fold_convolution_rf,,,,{}
GATT,g=4_t=4,4.0,4.0,0.0,raw_structured,4.230429894962969,4.23502860423687,0.15694470652076958,3.9241100399554822,3.974317739806274,4.490367997408959,4.533183945931189,0.0,0.0,0.0,3.9561288281902844,correction_completion,selection_obs,3,200,47,4133008770,raw_structured,,,,
GATT,g=4_t=5,4.0,5.0,1.0,raw_structured,4.250987281917219,4.250489847410658,0.15027707927619433,3.964750219423717,4.011750458695709,4.497201144968786,4.538818545293174,0.0,0.0,0.0,3.9561288281902844,correction_completion,selection_obs,3,200,47,4133008770,raw_structured,,,,
GATT,g=4_t=6,4.0,6.0,2.0,raw_structured,4.265937251247051,4.26345373677292,0.15308364733471894,3.973665151937868,4.019152612820286,4.51423497883682,4.557411336912539,0.0,0.0,0.0,3.9561288281902844,correction_completion,selection_obs,3,200,47,4133008770,raw_structured,,,,
GATT,g=4_t=7,4.0,7.0,3.0,raw_structured,4.2587667904423805,4.254501576667016,0.16557823932703694,3.935133915487378,3.9902136067180902,4.53193837046301,4.590589665650695,0.0,0.0,0.0,3.9561288281902844,correction_completion,selection_obs,3,200,47,4133008770,raw_structured,,,,
ES,k=0,,,0.0,raw_structured,4.230429894962969,4.23502860423687,0.15694470652076958,3.9241100399554822,3.974317739806274,4.490367997408959,4.533183945931189,0.0,0.0,0.0,3.9561288281902844,correction_completion,selection_obs,3,200,47,4133008770,raw_structured,,,,
ES,k=1,,,1.0,raw_structured,4.250987281917219,4.250489847410658,0.15027707927619433,3.964750219423717,4.011750458695709,4.497201144968786,4.538818545293174,0.0,0.0,0.0,3.9561288281902844,correction_completion,selection_obs,3,200,47,4133008770,raw_structured,,,,
ES,k=2,,,2.0,raw_structured,4.265937251247051,4.26345373677292,0.15308364733471894,3.973665151937868,4.019152612820286,4.51423497883682,4.557411336912539,0.0,0.0,0.0,3.9561288281902844,correction_completion,selection_obs,3,200,47,4133008770,raw_structured,,,,
ES,k=3,,,3.0,raw_structured,4.2587667904423805,4.254501576667016,0.16557823932703694,3.935133915487378,3.9902136067180902,4.53193837046301,4.590589665650695,0.0,0.0,0.0,3.9561288281902844,correction_completion,selection_obs,3,200,47,4133008770,raw_structured,,,,
ATT,ATT,,,,raw_structured,4.251530304642405,4.25112738581772,0.13329045587438965,3.98767216234856,4.030805505439439,4.469553995793231,4.515291327421356,0.0,0.0,0.0,3.9561288281902836,correction_completion,selection_obs,3,200,47,4133008770,raw_structured,,,,
GATT,g=4_t=4,4.0,4.0,0.0,reference_fold_convolution,4.298841915504413,4.303694224205189,0.251437367340306,3.7988681809146203,3.880776564613672,4.713940910223311,4.788842508972462,0.0,0.0,0.0,3.9561288281902844,correction_completion,selection_obs,3,200,47,4133008770,reference_fold_convolution_rf,3.4936510200955926,31.490462610185382,,"{""0"": {""bar_pi"": 0.48, ""control_ess"": 32.510114069415216, ""fold_sizes"": [{""evaluation"": 100, ""fold"": 0, ""train"": 100}], ""global_fold_bb"": true, ""max_control_odds"": 3.4936510200955926, ""n_clipped"": 0, ""n_complement_units"": 100, ""n_eval_units"": 100, ""posterior_cache_key"": ""g=4_fold=0"", ""posterior_draws"": 1500, ""raw_max_control_odds"": 3.4936510200955926}, ""1"": {""bar_pi"": 0.47, ""control_ess"": 31.490462610185382, ""fold_sizes"": [{""evaluation"": 100, ""fold"": 0, ""train"": 100}], ""global_fold_bb"": true, ""max_control_odds"": 2.9864645075967506, ""n_clipped"": 0, ""n_complement_units"": 100, ""n_eval_units"": 100, ""posterior_cache_key"": ""g=4_fold=1"", ""posterior_draws"": 1500, ""raw_max_control_odds"": 2.9864645075967506}}"
GATT,g=4_t=5,4.0,5.0,1.0,reference_fold_convolution,4.242370696475046,4.244874056321256,0.23422510776083633,3.781741194323919,3.8728401200150038,4.629532320728987,4.683244624402441,0.0,0.0,0.0,3.9561288281902844,correction_completion,selection_obs,3,200,47,4133008770,reference_fold_convolution_rf,3.4936510200955926,31.490462610185382,,"{""0"": {""bar_pi"": 0.48, ""control_ess"": 32.510114069415216, ""fold_sizes"": [{""evaluation"": 100, ""fold"": 0, ""train"": 100}], ""global_fold_bb"": true, ""max_control_odds"": 3.4936510200955926, ""n_clipped"": 0, ""n_complement_units"": 100, ""n_eval_units"": 100, ""posterior_cache_key"": ""g=4_fold=0"", ""posterior_draws"": 1500, ""raw_max_control_odds"": 3.4936510200955926}, ""1"": {""bar_pi"": 0.47, ""control_ess"": 31.490462610185382, ""fold_sizes"": [{""evaluation"": 100, ""fold"": 0, ""train"": 100}], ""global_fold_bb"": true, ""max_control_odds"": 2.9864645075967506, ""n_clipped"": 0, ""n_complement_units"": 100, ""n_eval_units"": 100, ""posterior_cache_key"": ""g=4_fold=1"", ""posterior_draws"": 1500, ""raw_max_control_odds"": 2.9864645075967506}}"
GATT,g=4_t=6,4.0,6.0,2.0,reference_fold_convolution,4.157133155910871,4.166778292940455,0.2660051166867605,3.635004210487521,3.709483518947368,4.574371132069692,4.68052249176481,0.0,0.0,0.0,3.9561288281902844,correction_completion,selection_obs,3,200,47,4133008770,reference_fold_convolution_rf,3.4936510200955926,31.490462610185382,,"{""0"": {""bar_pi"": 0.48, ""control_ess"": 32.510114069415216, ""fold_sizes"": [{""evaluation"": 100, ""fold"": 0, ""train"": 100}], ""global_fold_bb"": true, ""max_control_odds"": 3.4936510200955926, ""n_clipped"": 0, ""n_complement_units"": 100, ""n_eval_units"": 100, ""posterior_cache_key"": ""g=4_fold=0"", ""posterior_draws"": 1500, ""raw_max_control_odds"": 3.4936510200955926}, ""1"": {""bar_pi"": 0.47, ""control_ess"": 31.490462610185382, ""fold_sizes"": [{""evaluation"": 100, ""fold"": 0, ""train"": 100}], ""global_fold_bb"": true, ""max_control_odds"": 2.9864645075967506, ""n_clipped"": 0, ""n_complement_units"": 100, ""n_eval_units"": 100, ""posterior_cache_key"": ""g=4_fold=1"", ""posterior_draws"": 1500, ""raw_max_control_odds"": 2.9864645075967506}}"
GATT,g=4_t=7,4.0,7.0,3.0,reference_fold_convolution,4.180522256691046,4.183923698340013,0.2925008954925988,3.6012978166746503,3.698900726319575,4.659448034406079,4.761403184099896,0.0,0.0,0.0,3.9561288281902844,correction_completion,selection_obs,3,200,47,4133008770,reference_fold_convolution_rf,3.4936510200955926,31.490462610185382,,"{""0"": {""bar_pi"": 0.48, ""control_ess"": 32.510114069415216, ""fold_sizes"": [{""evaluation"": 100, ""fold"": 0, ""train"": 100}], ""global_fold_bb"": true, ""max_control_odds"": 3.4936510200955926, ""n_clipped"": 0, ""n_complement_units"": 100, ""n_eval_units"": 100, ""posterior_cache_key"": ""g=4_fold=0"", ""posterior_draws"": 1500, ""raw_max_control_odds"": 3.4936510200955926}, ""1"": {""bar_pi"": 0.47, ""control_ess"": 31.490462610185382, ""fold_sizes"": [{""evaluation"": 100, ""fold"": 0, ""train"": 100}], ""global_fold_bb"": true, ""max_control_odds"": 2.9864645075967506, ""n_clipped"": 0, ""n_complement_units"": 100, ""n_eval_units"": 100, ""posterior_cache_key"": ""g=4_fold=1"", ""posterior_draws"": 1500, ""raw_max_control_odds"": 2.9864645075967506}}"
ES,k=0,,,0.0,reference_fold_convolution,4.298841915504413,4.303694224205189,0.251437367340306,3.7988681809146203,3.880776564613672,4.713940910223311,4.788842508972462,0.0,0.0,0.0,3.9561288281902844,correction_completion,selection_obs,3,200,47,4133008770,reference_fold_convolution_rf,,,,{}
ES,k=1,,,1.0,reference_fold_convolution,4.242370696475046,4.244874056321256,0.23422510776083633,3.781741194323919,3.8728401200150038,4.629532320728987,4.683244624402441,0.0,0.0,0.0,3.9561288281902844,correction_completion,selection_obs,3,200,47,4133008770,reference_fold_convolution_rf,,,,{}
ES,k=2,,,2.0,reference_fold_convolution,4.157133155910871,4.166778292940455,0.2660051166867605,3.635004210487521,3.709483518947368,4.574371132069692,4.68052249176481,0.0,0.0,0.0,3.9561288281902844,correction_completion,selection_obs,3,200,47,4133008770,reference_fold_convolution_rf,,,,{}
ES,k=3,,,3.0,reference_fold_convolution,4.180522256691046,4.183923698340013,0.2925008954925988,3.6012978166746503,3.698900726319575,4.659448034406079,4.761403184099896,0.0,0.0,0.0,3.9561288281902844,correction_completion,selection_obs,3,200,47,4133008770,reference_fold_convolution_rf,,,,{}
ATT,ATT,,,,reference_fold_convolution,4.219717006145345,4.227442135374212,0.21945092696304494,3.7827818086630027,3.847224375780347,4.572181774188654,4.647936224608937,0.0,0.0,0.0,3.9561288281902836,correction_completion,selection_obs,3,200,47,4133008770,reference_fold_convolution_rf,,,,{}
GATT,g=4_t=4,4.0,4.0,0.0,raw_structured,3.7972876238558033,3.7961634254033063,0.07925903565684163,3.6365767083607046,3.6618643891995877,3.925374640180759,3.953847321571911,0.0,0.0,0.0,3.7393587620593824,correction_completion,serial_sweep,1,400,31,3300158480,raw_structured,,,,
GATT,g=4_t=5,4.0,5.0,1.0,raw_structured,3.7923770256559433,3.7935721675745917,0.07661930155187491,3.630385588440312,3.661717360824032,3.9137427542337537,3.9400463520357114,0.0,0.0,0.0,3.7393587620593824,correction_completion,serial_sweep,1,400,31,3300158480,raw_structured,,,,
GATT,g=4_t=6,4.0,6.0,2.0,raw_structured,3.828349005489895,3.820658552049001,0.08242233887401555,3.6789944426597745,3.704904115747832,3.9751434452977406,4.015276822708725,0.0,0.0,0.0,3.7393587620593824,correction_completion,serial_sweep,1,400,31,3300158480,raw_structured,,,,
GATT,g=4_t=7,4.0,7.0,3.0,raw_structured,3.7971448077320904,3.798649411387155,0.08688155856041202,3.6213256713011437,3.6521087337493876,3.935337059137086,3.9642503162431564,0.0,0.0,0.0,3.7393587620593824,correction_completion,serial_sweep,1,400,31,3300158480,raw_structured,,,,
ES,k=0,,,0.0,raw_structured,3.7972876238558033,3.7961634254033063,0.07925903565684163,3.6365767083607046,3.6618643891995877,3.925374640180759,3.953847321571911,0.0,0.0,0.0,3.7393587620593824,correction_completion,serial_sweep,1,400,31,3300158480,raw_structured,,,,
ES,k=1,,,1.0,raw_structured,3.7923770256559433,3.7935721675745917,0.07661930155187491,3.630385588440312,3.661717360824032,3.9137427542337537,3.9400463520357114,0.0,0.0,0.0,3.7393587620593824,correction_completion,serial_sweep,1,400,31,3300158480,raw_structured,,,,
ES,k=2,,,2.0,raw_structured,3.828349005489895,3.820658552049001,0.08242233887401555,3.6789944426597745,3.704904115747832,3.9751434452977406,4.015276822708725,0.0,0.0,0.0,3.7393587620593824,correction_completion,serial_sweep,1,400,31,3300158480,raw_structured,,,,
ES,k=3,,,3.0,raw_structured,3.7971448077320904,3.798649411387155,0.08688155856041202,3.6213256713011437,3.6521087337493876,3.935337059137086,3.9642503162431564,0.0,0.0,0.0,3.7393587620593824,correction_completion,serial_sweep,1,400,31,3300158480,raw_structured,,,,
ATT,ATT,,,,raw_structured,3.8037896156834328,3.802296014536684,0.06639859113675566,3.671617397176634,3.6947743916024303,3.9157270502239068,3.935543940850718,0.0,0.0,0.0,3.7393587620593824,correction_completion,serial_sweep,1,400,31,3300158480,raw_structured,,,,
GATT,g=4_t=4,4.0,4.0,0.0,reference_fold_convolution,3.837827735792023,3.8365063053689377,0.13025515760816667,3.581119078630075,3.618695432217648,4.0503063727152515,4.088774437030285,0.0,0.0,0.0,3.7393587620593824,correction_completion,serial_sweep,1,400,31,3300158480,reference_fold_convolution_rf,3.0570355363977435,85.75311187216225,,"{""0"": {""bar_pi"": 0.455, ""control_ess"": 89.52339180101032, ""fold_sizes"": [{""evaluation"": 200, ""fold"": 0, ""train"": 200}], ""global_fold_bb"": true, ""max_control_odds"": 3.0570355363977435, ""n_clipped"": 0, ""n_complement_units"": 200, ""n_eval_units"": 200, ""posterior_cache_key"": ""g=4_fold=0"", ""posterior_draws"": 1500, ""raw_max_control_odds"": 3.0570355363977435}, ""1"": {""bar_pi"": 0.5, ""control_ess"": 85.75311187216225, ""fold_sizes"": [{""evaluation"": 200, ""fold"": 0, ""train"": 200}], ""global_fold_bb"": true, ""max_control_odds"": 2.0887366462852244, ""n_clipped"": 0, ""n_complement_units"": 200, ""n_eval_units"": 200, ""posterior_cache_key"": ""g=4_fold=1"", ""posterior_draws"": 1500, ""raw_max_control_odds"": 2.0887366462852244}}"
GATT,g=4_t=5,4.0,5.0,1.0,reference_fold_convolution,3.745308406119163,3.7567516184854806,0.1469952288385318,3.439485366396144,3.492408304215871,3.975875360527443,4.020419608622736,0.0,0.0,0.0,3.7393587620593824,correction_completion,serial_sweep,1,400,31,3300158480,reference_fold_convolution_rf,3.0570355363977435,85.75311187216225,,"{""0"": {""bar_pi"": 0.455, ""control_ess"": 89.52339180101032, ""fold_sizes"": [{""evaluation"": 200, ""fold"": 0, ""train"": 200}], ""global_fold_bb"": true, ""max_control_odds"": 3.0570355363977435, ""n_clipped"": 0, ""n_complement_units"": 200, ""n_eval_units"": 200, ""posterior_cache_key"": ""g=4_fold=0"", ""posterior_draws"": 1500, ""raw_max_control_odds"": 3.0570355363977435}, ""1"": {""bar_pi"": 0.5, ""control_ess"": 85.75311187216225, ""fold_sizes"": [{""evaluation"": 200, ""fold"": 0, ""train"": 200}], ""global_fold_bb"": true, ""max_control_odds"": 2.0887366462852244, ""n_clipped"": 0, ""n_complement_units"": 200, ""n_eval_units"": 200, ""posterior_cache_key"": ""g=4_fold=1"", ""posterior_draws"": 1500, ""raw_max_control_odds"": 2.0887366462852244}}"
GATT,g=4_t=6,4.0,6.0,2.0,reference_fold_convolution,3.9444450223391097,3.947085163095883,0.1482680147772929,3.6508935294879103,3.6953882592738103,4.190472478420616,4.225590129737515,0.0,0.0,0.0,3.7393587620593824,correction_completion,serial_sweep,1,400,31,3300158480,reference_fold_convolution_rf,3.0570355363977435,85.75311187216225,,"{""0"": {""bar_pi"": 0.455, ""control_ess"": 89.52339180101032, ""fold_sizes"": [{""evaluation"": 200, ""fold"": 0, ""train"": 200}], ""global_fold_bb"": true, ""max_control_odds"": 3.0570355363977435, ""n_clipped"": 0, ""n_complement_units"": 200, ""n_eval_units"": 200, ""posterior_cache_key"": ""g=4_fold=0"", ""posterior_draws"": 1500, ""raw_max_control_odds"": 3.0570355363977435}, ""1"": {""bar_pi"": 0.5, ""control_ess"": 85.75311187216225, ""fold_sizes"": [{""evaluation"": 200, ""fold"": 0, ""train"": 200}], ""global_fold_bb"": true, ""max_control_odds"": 2.0887366462852244, ""n_clipped"": 0, ""n_complement_units"": 200, ""n_eval_units"": 200, ""posterior_cache_key"": ""g=4_fold=1"", ""posterior_draws"": 1500, ""raw_max_control_odds"": 2.0887366462852244}}"
GATT,g=4_t=7,4.0,7.0,3.0,reference_fold_convolution,3.758337307898774,3.758530005042432,0.1559828694207668,3.4430847303981427,3.504530983563454,4.017553887727644,4.071893801016875,0.0,0.0,0.0,3.7393587620593824,correction_completion,serial_sweep,1,400,31,3300158480,reference_fold_convolution_rf,3.0570355363977435,85.75311187216225,,"{""0"": {""bar_pi"": 0.455, ""control_ess"": 89.52339180101032, ""fold_sizes"": [{""evaluation"": 200, ""fold"": 0, ""train"": 200}], ""global_fold_bb"": true, ""max_control_odds"": 3.0570355363977435, ""n_clipped"": 0, ""n_complement_units"": 200, ""n_eval_units"": 200, ""posterior_cache_key"": ""g=4_fold=0"", ""posterior_draws"": 1500, ""raw_max_control_odds"": 3.0570355363977435}, ""1"": {""bar_pi"": 0.5, ""control_ess"": 85.75311187216225, ""fold_sizes"": [{""evaluation"": 200, ""fold"": 0, ""train"": 200}], ""global_fold_bb"": true, ""max_control_odds"": 2.0887366462852244, ""n_clipped"": 0, ""n_complement_units"": 200, ""n_eval_units"": 200, ""posterior_cache_key"": ""g=4_fold=1"", ""posterior_draws"": 1500, ""raw_max_control_odds"": 2.0887366462852244}}"
ES,k=0,,,0.0,reference_fold_convolution,3.837827735792023,3.8365063053689377,0.13025515760816667,3.581119078630075,3.618695432217648,4.0503063727152515,4.088774437030285,0.0,0.0,0.0,3.7393587620593824,correction_completion,serial_sweep,1,400,31,3300158480,reference_fold_convolution_rf,,,,{}
ES,k=1,,,1.0,reference_fold_convolution,3.745308406119163,3.7567516184854806,0.1469952288385318,3.439485366396144,3.492408304215871,3.975875360527443,4.020419608622736,0.0,0.0,0.0,3.7393587620593824,correction_completion,serial_sweep,1,400,31,3300158480,reference_fold_convolution_rf,,,,{}
ES,k=2,,,2.0,reference_fold_convolution,3.9444450223391097,3.947085163095883,0.1482680147772929,3.6508935294879103,3.6953882592738103,4.190472478420616,4.225590129737515,0.0,0.0,0.0,3.7393587620593824,correction_completion,serial_sweep,1,400,31,3300158480,reference_fold_convolution_rf,,,,{}
ES,k=3,,,3.0,reference_fold_convolution,3.758337307898774,3.758530005042432,0.1559828694207668,3.4430847303981427,3.504530983563454,4.017553887727644,4.071893801016875,0.0,0.0,0.0,3.7393587620593824,correction_completion,serial_sweep,1,400,31,3300158480,reference_fold_convolution_rf,,,,{}
ATT,ATT,,,,reference_fold_convolution,3.8214796180372677,3.8222768176083655,0.12850715439150545,3.561115822782224,3.602770758550625,4.028679673584886,4.074361620084506,0.0,0.0,0.0,3.7393587620593824,correction_completion,serial_sweep,1,400,31,3300158480,reference_fold_convolution_rf,,,,{}
GATT,g=4_t=4,4.0,4.0,0.0,raw_structured,3.674229193577857,3.675950484784699,0.23493479775053652,3.2150226907478707,3.3020924675734564,4.047579540741602,4.1350975022041165,0.0,0.0,0.0,3.5780578656728776,correction_completion,serial_sweep_d3,3,50,15,3815627575,raw_structured,,,,
GATT,g=4_t=5,4.0,5.0,1.0,raw_structured,3.6953254227805616,3.6962813330521973,0.22862887925197534,3.2632579973352644,3.3245219809720097,4.067473222756426,4.143541972546314,0.0,0.0,0.0,3.5780578656728776,correction_completion,serial_sweep_d3,3,50,15,3815627575,raw_structured,,,,
GATT,g=4_t=6,4.0,6.0,2.0,raw_structured,3.689768320522402,3.6898260650015415,0.22686294844912452,3.25165976334974,3.3219037402663654,4.051887432320084,4.103697275473392,0.0,0.0,0.0,3.5780578656728776,correction_completion,serial_sweep_d3,3,50,15,3815627575,raw_structured,,,,
GATT,g=4_t=7,4.0,7.0,3.0,raw_structured,3.6896758400519163,3.687457263909373,0.24136863989008508,3.238789295088851,3.2949104434384977,4.0755038394509535,4.149149005669732,0.0,0.0,0.0,3.5780578656728776,correction_completion,serial_sweep_d3,3,50,15,3815627575,raw_structured,,,,
ES,k=0,,,0.0,raw_structured,3.674229193577857,3.675950484784699,0.23493479775053652,3.2150226907478707,3.3020924675734564,4.047579540741602,4.1350975022041165,0.0,0.0,0.0,3.5780578656728776,correction_completion,serial_sweep_d3,3,50,15,3815627575,raw_structured,,,,
ES,k=1,,,1.0,raw_structured,3.6953254227805616,3.6962813330521973,0.22862887925197534,3.2632579973352644,3.3245219809720097,4.067473222756426,4.143541972546314,0.0,0.0,0.0,3.5780578656728776,correction_completion,serial_sweep_d3,3,50,15,3815627575,raw_structured,,,,
ES,k=2,,,2.0,raw_structured,3.689768320522402,3.6898260650015415,0.22686294844912452,3.25165976334974,3.3219037402663654,4.051887432320084,4.103697275473392,0.0,0.0,0.0,3.5780578656728776,correction_completion,serial_sweep_d3,3,50,15,3815627575,raw_structured,,,,
ES,k=3,,,3.0,raw_structured,3.6896758400519163,3.687457263909373,0.24136863989008508,3.238789295088851,3.2949104434384977,4.0755038394509535,4.149149005669732,0.0,0.0,0.0,3.5780578656728776,correction_completion,serial_sweep_d3,3,50,15,3815627575,raw_structured,,,,
ATT,ATT,,,,raw_structured,3.6872496942331843,3.6876638184853965,0.20461117034709786,3.2930838123164943,3.34616132882419,4.016439508015891,4.079428856408428,0.0,0.0,0.0,3.5780578656728776,correction_completion,serial_sweep_d3,3,50,15,3815627575,raw_structured,,,,
GATT,g=4_t=4,4.0,4.0,0.0,reference_fold_convolution,3.2556405685825704,3.2510099589594907,0.3594694400487757,2.553877758593305,2.6808122767203963,3.835245587202386,3.972043039654623,0.0,0.0,0.0,3.5780578656728776,correction_completion,serial_sweep_d3,3,50,15,3815627575,reference_fold_convolution_rf,1.0650880971877352,11.99992148079543,,"{""0"": {""bar_pi"": 0.52, ""control_ess"": 11.99992148079543, ""fold_sizes"": [{""evaluation"": 25, ""fold"": 0, ""train"": 25}], ""global_fold_bb"": true, ""max_control_odds"": 0.6471124851126366, ""n_clipped"": 0, ""n_complement_units"": 25, ""n_eval_units"": 25, ""posterior_cache_key"": ""g=4_fold=0"", ""posterior_draws"": 1500, ""raw_max_control_odds"": 0.6471124851126366}, ""1"": {""bar_pi"": 0.4, ""control_ess"": 14.999506392337333, ""fold_sizes"": [{""evaluation"": 25, ""fold"": 0, ""train"": 25}], ""global_fold_bb"": true, ""max_control_odds"": 1.0650880971877352, ""n_clipped"": 0, ""n_complement_units"": 25, ""n_eval_units"": 25, ""posterior_cache_key"": ""g=4_fold=1"", ""posterior_draws"": 1500, ""raw_max_control_odds"": 1.0650880971877352}}"
GATT,g=4_t=5,4.0,5.0,1.0,reference_fold_convolution,3.1126119162204184,3.1204980829784645,0.4744277984143129,2.1136311467147273,2.3074347523544265,3.8712383695034434,3.9936875558397875,0.0,0.0,0.0,3.5780578656728776,correction_completion,serial_sweep_d3,3,50,15,3815627575,reference_fold_convolution_rf,1.0650880971877352,11.99992148079543,,"{""0"": {""bar_pi"": 0.52, ""control_ess"": 11.99992148079543, ""fold_sizes"": [{""evaluation"": 25, ""fold"": 0, ""train"": 25}], ""global_fold_bb"": true, ""max_control_odds"": 0.6471124851126366, ""n_clipped"": 0, ""n_complement_units"": 25, ""n_eval_units"": 25, ""posterior_cache_key"": ""g=4_fold=0"", ""posterior_draws"": 1500, ""raw_max_control_odds"": 0.6471124851126366}, ""1"": {""bar_pi"": 0.4, ""control_ess"": 14.999506392337333, ""fold_sizes"": [{""evaluation"": 25, ""fold"": 0, ""train"": 25}], ""global_fold_bb"": true, ""max_control_odds"": 1.0650880971877352, ""n_clipped"": 0, ""n_complement_units"": 25, ""n_eval_units"": 25, ""posterior_cache_key"": ""g=4_fold=1"", ""posterior_draws"": 1500, ""raw_max_control_odds"": 1.0650880971877352}}"
GATT,g=4_t=6,4.0,6.0,2.0,reference_fold_convolution,3.1976680379306885,3.208430969696596,0.3961435335472788,2.3706475679279926,2.528048428874125,3.834810186930855,3.9552561802612636,0.0,0.0,0.0,3.5780578656728776,correction_completion,serial_sweep_d3,3,50,15,3815627575,reference_fold_convolution_rf,1.0650880971877352,11.99992148079543,,"{""0"": {""bar_pi"": 0.52, ""control_ess"": 11.99992148079543, ""fold_sizes"": [{""evaluation"": 25, ""fold"": 0, ""train"": 25}], ""global_fold_bb"": true, ""max_control_odds"": 0.6471124851126366, ""n_clipped"": 0, ""n_complement_units"": 25, ""n_eval_units"": 25, ""posterior_cache_key"": ""g=4_fold=0"", ""posterior_draws"": 1500, ""raw_max_control_odds"": 0.6471124851126366}, ""1"": {""bar_pi"": 0.4, ""control_ess"": 14.999506392337333, ""fold_sizes"": [{""evaluation"": 25, ""fold"": 0, ""train"": 25}], ""global_fold_bb"": true, ""max_control_odds"": 1.0650880971877352, ""n_clipped"": 0, ""n_complement_units"": 25, ""n_eval_units"": 25, ""posterior_cache_key"": ""g=4_fold=1"", ""posterior_draws"": 1500, ""raw_max_control_odds"": 1.0650880971877352}}"
GATT,g=4_t=7,4.0,7.0,3.0,reference_fold_convolution,2.9618813492496194,2.9602170906027796,0.45449857134172333,2.0786591599944364,2.2393879099980927,3.7083794705801902,3.851953267745967,0.0,0.0,0.0,3.5780578656728776,correction_completion,serial_sweep_d3,3,50,15,3815627575,reference_fold_convolution_rf,1.0650880971877352,11.99992148079543,,"{""0"": {""bar_pi"": 0.52, ""control_ess"": 11.99992148079543, ""fold_sizes"": [{""evaluation"": 25, ""fold"": 0, ""train"": 25}], ""global_fold_bb"": true, ""max_control_odds"": 0.6471124851126366, ""n_clipped"": 0, ""n_complement_units"": 25, ""n_eval_units"": 25, ""posterior_cache_key"": ""g=4_fold=0"", ""posterior_draws"": 1500, ""raw_max_control_odds"": 0.6471124851126366}, ""1"": {""bar_pi"": 0.4, ""control_ess"": 14.999506392337333, ""fold_sizes"": [{""evaluation"": 25, ""fold"": 0, ""train"": 25}], ""global_fold_bb"": true, ""max_control_odds"": 1.0650880971877352, ""n_clipped"": 0, ""n_complement_units"": 25, ""n_eval_units"": 25, ""posterior_cache_key"": ""g=4_fold=1"", ""posterior_draws"": 1500, ""raw_max_control_odds"": 1.0650880971877352}}"
ES,k=0,,,0.0,reference_fold_convolution,3.2556405685825704,3.2510099589594907,0.3594694400487757,2.553877758593305,2.6808122767203963,3.835245587202386,3.972043039654623,0.0,0.0,0.0,3.5780578656728776,correction_completion,serial_sweep_d3,3,50,15,3815627575,reference_fold_convolution_rf,,,,{}
ES,k=1,,,1.0,reference_fold_convolution,3.1126119162204184,3.1204980829784645,0.4744277984143129,2.1136311467147273,2.3074347523544265,3.8712383695034434,3.9936875558397875,0.0,0.0,0.0,3.5780578656728776,correction_completion,serial_sweep_d3,3,50,15,3815627575,reference_fold_convolution_rf,,,,{}
ES,k=2,,,2.0,reference_fold_convolution,3.1976680379306885,3.208430969696596,0.3961435335472788,2.3706475679279926,2.528048428874125,3.834810186930855,3.9552561802612636,0.0,0.0,0.0,3.5780578656728776,correction_completion,serial_sweep_d3,3,50,15,3815627575,reference_fold_convolution_rf,,,,{}
ES,k=3,,,3.0,reference_fold_convolution,2.9618813492496194,2.9602170906027796,0.45449857134172333,2.0786591599944364,2.2393879099980927,3.7083794705801902,3.851953267745967,0.0,0.0,0.0,3.5780578656728776,correction_completion,serial_sweep_d3,3,50,15,3815627575,reference_fold_convolution_rf,,,,{}
ATT,ATT,,,,reference_fold_convolution,3.131950467995824,3.1364962784798065,0.3542707189917148,2.401775860641083,2.5220582721332563,3.706603252534298,3.8135179321794066,0.0,0.0,0.0,3.5780578656728776,correction_completion,serial_sweep_d3,3,50,15,3815627575,reference_fold_convolution_rf,,,,{}
GATT,g=4_t=4,4.0,4.0,0.0,raw_structured,3.744631308558779,3.743824143765673,0.05632493885885623,3.632818163978499,3.6517462539410097,3.836603077930509,3.85595476573462,0.0,0.0,0.0,3.764661078455487,correction_completion,serial_sweep_d3,3,800,99,862703816,raw_structured,,,,
GATT,g=4_t=5,4.0,5.0,1.0,raw_structured,3.7434672507270976,3.742841581672855,0.05407766546412941,3.6376699856501484,3.6554449048727964,3.833779368492125,3.846506065739728,0.0,0.0,0.0,3.764661078455487,correction_completion,serial_sweep_d3,3,800,99,862703816,raw_structured,,,,
GATT,g=4_t=6,4.0,6.0,2.0,raw_structured,3.732258597081492,3.733267700341064,0.056661677813943385,3.6158994392935244,3.6363175276919533,3.82295966065612,3.8385752512458673,0.0,0.0,0.0,3.764661078455487,correction_completion,serial_sweep_d3,3,800,99,862703816,raw_structured,,,,
GATT,g=4_t=7,4.0,7.0,3.0,raw_structured,3.7507390111299217,3.7488197917325827,0.061696839839771686,3.6367341286050827,3.654511784345589,3.8570113203393994,3.8802147615659797,0.0,0.0,0.0,3.764661078455487,correction_completion,serial_sweep_d3,3,800,99,862703816,raw_structured,,,,
ES,k=0,,,0.0,raw_structured,3.744631308558779,3.743824143765673,0.05632493885885623,3.632818163978499,3.6517462539410097,3.836603077930509,3.85595476573462,0.0,0.0,0.0,3.764661078455487,correction_completion,serial_sweep_d3,3,800,99,862703816,raw_structured,,,,
ES,k=1,,,1.0,raw_structured,3.7434672507270976,3.742841581672855,0.05407766546412941,3.6376699856501484,3.6554449048727964,3.833779368492125,3.846506065739728,0.0,0.0,0.0,3.764661078455487,correction_completion,serial_sweep_d3,3,800,99,862703816,raw_structured,,,,
ES,k=2,,,2.0,raw_structured,3.732258597081492,3.733267700341064,0.056661677813943385,3.6158994392935244,3.6363175276919533,3.82295966065612,3.8385752512458673,0.0,0.0,0.0,3.764661078455487,correction_completion,serial_sweep_d3,3,800,99,862703816,raw_structured,,,,
ES,k=3,,,3.0,raw_structured,3.7507390111299217,3.7488197917325827,0.061696839839771686,3.6367341286050827,3.654511784345589,3.8570113203393994,3.8802147615659797,0.0,0.0,0.0,3.764661078455487,correction_completion,serial_sweep_d3,3,800,99,862703816,raw_structured,,,,
ATT,ATT,,,,raw_structured,3.7427740418743225,3.74377153146877,0.048049947872041116,3.6489014422839197,3.6625232163494204,3.81884444926349,3.835470438851318,0.0,0.0,0.0,3.7646610784554873,correction_completion,serial_sweep_d3,3,800,99,862703816,raw_structured,,,,
GATT,g=4_t=4,4.0,4.0,0.0,reference_fold_convolution,3.7874620527693903,3.786190031505659,0.08613391141866686,3.621140019246949,3.64671319335165,3.931065945329309,3.956440559254916,0.0,0.0,0.0,3.764661078455487,correction_completion,serial_sweep_d3,3,800,99,862703816,reference_fold_convolution_rf,2.7896823570829077,173.84270401399596,,"{""0"": {""bar_pi"": 0.495, ""control_ess"": 173.84270401399596, ""fold_sizes"": [{""evaluation"": 400, ""fold"": 0, ""train"": 400}], ""global_fold_bb"": true, ""max_control_odds"": 2.5343928876103288, ""n_clipped"": 0, ""n_complement_units"": 400, ""n_eval_units"": 400, ""posterior_cache_key"": ""g=4_fold=0"", ""posterior_draws"": 1500, ""raw_max_control_odds"": 2.5343928876103288}, ""1"": {""bar_pi"": 0.475, ""control_ess"": 185.7056954425313, ""fold_sizes"": [{""evaluation"": 400, ""fold"": 0, ""train"": 400}], ""global_fold_bb"": true, ""max_control_odds"": 2.7896823570829077, ""n_clipped"": 0, ""n_complement_units"": 400, ""n_eval_units"": 400, ""posterior_cache_key"": ""g=4_fold=1"", ""posterior_draws"": 1500, ""raw_max_control_odds"": 2.7896823570829077}}"
GATT,g=4_t=5,4.0,5.0,1.0,reference_fold_convolution,3.792846757948118,3.7897811057555977,0.10209529334728057,3.5923188576728258,3.621594279739542,3.958538798765837,3.9916243145822876,0.0,0.0,0.0,3.764661078455487,correction_completion,serial_sweep_d3,3,800,99,862703816,reference_fold_convolution_rf,2.7896823570829077,173.84270401399596,,"{""0"": {""bar_pi"": 0.495, ""control_ess"": 173.84270401399596, ""fold_sizes"": [{""evaluation"": 400, ""fold"": 0, ""train"": 400}], ""global_fold_bb"": true, ""max_control_odds"": 2.5343928876103288, ""n_clipped"": 0, ""n_complement_units"": 400, ""n_eval_units"": 400, ""posterior_cache_key"": ""g=4_fold=0"", ""posterior_draws"": 1500, ""raw_max_control_odds"": 2.5343928876103288}, ""1"": {""bar_pi"": 0.475, ""control_ess"": 185.7056954425313, ""fold_sizes"": [{""evaluation"": 400, ""fold"": 0, ""train"": 400}], ""global_fold_bb"": true, ""max_control_odds"": 2.7896823570829077, ""n_clipped"": 0, ""n_complement_units"": 400, ""n_eval_units"": 400, ""posterior_cache_key"": ""g=4_fold=1"", ""posterior_draws"": 1500, ""raw_max_control_odds"": 2.7896823570829077}}"
GATT,g=4_t=6,4.0,6.0,2.0,reference_fold_convolution,3.7242896092351665,3.7263789656139763,0.11059354813042498,3.5055237719649286,3.540339471025666,3.8982685417229437,3.936181857378195,0.0,0.0,0.0,3.764661078455487,correction_completion,serial_sweep_d3,3,800,99,862703816,reference_fold_convolution_rf,2.7896823570829077,173.84270401399596,,"{""0"": {""bar_pi"": 0.495, ""control_ess"": 173.84270401399596, ""fold_sizes"": [{""evaluation"": 400, ""fold"": 0, ""train"": 400}], ""global_fold_bb"": true, ""max_control_odds"": 2.5343928876103288, ""n_clipped"": 0, ""n_complement_units"": 400, ""n_eval_units"": 400, ""posterior_cache_key"": ""g=4_fold=0"", ""posterior_draws"": 1500, ""raw_max_control_odds"": 2.5343928876103288}, ""1"": {""bar_pi"": 0.475, ""control_ess"": 185.7056954425313, ""fold_sizes"": [{""evaluation"": 400, ""fold"": 0, ""train"": 400}], ""global_fold_bb"": true, ""max_control_odds"": 2.7896823570829077, ""n_clipped"": 0, ""n_complement_units"": 400, ""n_eval_units"": 400, ""posterior_cache_key"": ""g=4_fold=1"", ""posterior_draws"": 1500, ""raw_max_control_odds"": 2.7896823570829077}}"
GATT,g=4_t=7,4.0,7.0,3.0,reference_fold_convolution,3.873261702044623,3.8728827490567963,0.11095965231545489,3.6504718947060213,3.688338673525133,4.056865700385318,4.086418126968002,0.0,0.0,0.0,3.764661078455487,correction_completion,serial_sweep_d3,3,800,99,862703816,reference_fold_convolution_rf,2.7896823570829077,173.84270401399596,,"{""0"": {""bar_pi"": 0.495, ""control_ess"": 173.84270401399596, ""fold_sizes"": [{""evaluation"": 400, ""fold"": 0, ""train"": 400}], ""global_fold_bb"": true, ""max_control_odds"": 2.5343928876103288, ""n_clipped"": 0, ""n_complement_units"": 400, ""n_eval_units"": 400, ""posterior_cache_key"": ""g=4_fold=0"", ""posterior_draws"": 1500, ""raw_max_control_odds"": 2.5343928876103288}, ""1"": {""bar_pi"": 0.475, ""control_ess"": 185.7056954425313, ""fold_sizes"": [{""evaluation"": 400, ""fold"": 0, ""train"": 400}], ""global_fold_bb"": true, ""max_control_odds"": 2.7896823570829077, ""n_clipped"": 0, ""n_complement_units"": 400, ""n_eval_units"": 400, ""posterior_cache_key"": ""g=4_fold=1"", ""posterior_draws"": 1500, ""raw_max_control_odds"": 2.7896823570829077}}"
ES,k=0,,,0.0,reference_fold_convolution,3.7874620527693903,3.786190031505659,0.08613391141866686,3.621140019246949,3.64671319335165,3.931065945329309,3.956440559254916,0.0,0.0,0.0,3.764661078455487,correction_completion,serial_sweep_d3,3,800,99,862703816,reference_fold_convolution_rf,,,,{}
ES,k=1,,,1.0,reference_fold_convolution,3.792846757948118,3.7897811057555977,0.10209529334728057,3.5923188576728258,3.621594279739542,3.958538798765837,3.9916243145822876,0.0,0.0,0.0,3.764661078455487,correction_completion,serial_sweep_d3,3,800,99,862703816,reference_fold_convolution_rf,,,,{}
ES,k=2,,,2.0,reference_fold_convolution,3.7242896092351665,3.7263789656139763,0.11059354813042498,3.5055237719649286,3.540339471025666,3.8982685417229437,3.936181857378195,0.0,0.0,0.0,3.764661078455487,correction_completion,serial_sweep_d3,3,800,99,862703816,reference_fold_convolution_rf,,,,{}
ES,k=3,,,3.0,reference_fold_convolution,3.873261702044623,3.8728827490567963,0.11095965231545489,3.6504718947060213,3.688338673525133,4.056865700385318,4.086418126968002,0.0,0.0,0.0,3.764661078455487,correction_completion,serial_sweep_d3,3,800,99,862703816,reference_fold_convolution_rf,,,,{}
ATT,ATT,,,,reference_fold_convolution,3.794465030499324,3.7957251538946486,0.09046157518165784,3.6070737626244433,3.6432548778041824,3.943877056289226,3.966546324014695,0.0,0.0,0.0,3.7646610784554873,correction_completion,serial_sweep_d3,3,800,99,862703816,reference_fold_convolution_rf,,,,{}
GATT,g=4_t=4,4.0,4.0,0.0,raw_structured,3.7293751856029145,3.722408931948196,0.14275370277296118,3.459950092898911,3.500618926415491,3.9733445488350942,4.029531981231499,0.0,0.0,0.0,3.558298967814553,correction_completion,strong_confounder,1,200,83,3135876844,raw_structured,,,,
GATT,g=4_t=5,4.0,5.0,1.0,raw_structured,3.6647553296187105,3.6645093921827225,0.1294450165843183,3.4075464793838406,3.453210149607326,3.880136865408883,3.9173392833485434,0.0,0.0,0.0,3.558298967814553,correction_completion,strong_confounder,1,200,83,3135876844,raw_structured,,,,
GATT,g=4_t=6,4.0,6.0,2.0,raw_structured,3.6215802704371938,3.619035126261661,0.13500217855142133,3.348753430078294,3.3971171288292044,3.836743149387664,3.877587286767074,0.0,0.0,0.0,3.558298967814553,correction_completion,strong_confounder,1,200,83,3135876844,raw_structured,,,,
GATT,g=4_t=7,4.0,7.0,3.0,raw_structured,3.575549373661304,3.5858927479925877,0.14588853370751115,3.275126831417513,3.329165840746708,3.807733664190996,3.8541874133794014,0.0,0.0,0.0,3.558298967814553,correction_completion,strong_confounder,1,200,83,3135876844,raw_structured,,,,
ES,k=0,,,0.0,raw_structured,3.7293751856029145,3.722408931948196,0.14275370277296118,3.459950092898911,3.500618926415491,3.9733445488350942,4.029531981231499,0.0,0.0,0.0,3.558298967814553,correction_completion,strong_confounder,1,200,83,3135876844,raw_structured,,,,
ES,k=1,,,1.0,raw_structured,3.6647553296187105,3.6645093921827225,0.1294450165843183,3.4075464793838406,3.453210149607326,3.880136865408883,3.9173392833485434,0.0,0.0,0.0,3.558298967814553,correction_completion,strong_confounder,1,200,83,3135876844,raw_structured,,,,
ES,k=2,,,2.0,raw_structured,3.6215802704371938,3.619035126261661,0.13500217855142133,3.348753430078294,3.3971171288292044,3.836743149387664,3.877587286767074,0.0,0.0,0.0,3.558298967814553,correction_completion,strong_confounder,1,200,83,3135876844,raw_structured,,,,
ES,k=3,,,3.0,raw_structured,3.575549373661304,3.5858927479925877,0.14588853370751115,3.275126831417513,3.329165840746708,3.807733664190996,3.8541874133794014,0.0,0.0,0.0,3.558298967814553,correction_completion,strong_confounder,1,200,83,3135876844,raw_structured,,,,
ATT,ATT,,,,raw_structured,3.6478150398300313,3.647406315684414,0.11042143400345236,3.4212721119163825,3.466602435383754,3.828275889801237,3.872114222624462,0.0,0.0,0.0,3.558298967814553,correction_completion,strong_confounder,1,200,83,3135876844,raw_structured,,,,
GATT,g=4_t=4,4.0,4.0,0.0,reference_fold_convolution,3.6623791079505286,3.6638560456767815,0.2692164281882589,3.082666766215712,3.199770740778828,4.084093124118296,4.159578687671518,0.0,0.0,0.0,3.558298967814553,correction_completion,strong_confounder,1,200,83,3135876844,reference_fold_convolution_rf,2.3259852177522187,41.81397283418537,,"{""0"": {""bar_pi"": 0.49, ""control_ess"": 45.991221499991255, ""fold_sizes"": [{""evaluation"": 100, ""fold"": 0, ""train"": 100}], ""global_fold_bb"": true, ""max_control_odds"": 2.2531183720927594, ""n_clipped"": 0, ""n_complement_units"": 100, ""n_eval_units"": 100, ""posterior_cache_key"": ""g=4_fold=0"", ""posterior_draws"": 1500, ""raw_max_control_odds"": 2.2531183720927594}, ""1"": {""bar_pi"": 0.53, ""control_ess"": 41.81397283418537, ""fold_sizes"": [{""evaluation"": 100, ""fold"": 0, ""train"": 100}], ""global_fold_bb"": true, ""max_control_odds"": 2.3259852177522187, ""n_clipped"": 0, ""n_complement_units"": 100, ""n_eval_units"": 100, ""posterior_cache_key"": ""g=4_fold=1"", ""posterior_draws"": 1500, ""raw_max_control_odds"": 2.3259852177522187}}"
GATT,g=4_t=5,4.0,5.0,1.0,reference_fold_convolution,3.574870082216341,3.5783974752657013,0.2373154677531699,3.1140869655065635,3.1924180025898408,3.952954603935221,4.020610515710654,0.0,0.0,0.0,3.558298967814553,correction_completion,strong_confounder,1,200,83,3135876844,reference_fold_convolution_rf,2.3259852177522187,41.81397283418537,,"{""0"": {""bar_pi"": 0.49, ""control_ess"": 45.991221499991255, ""fold_sizes"": [{""evaluation"": 100, ""fold"": 0, ""train"": 100}], ""global_fold_bb"": true, ""max_control_odds"": 2.2531183720927594, ""n_clipped"": 0, ""n_complement_units"": 100, ""n_eval_units"": 100, ""posterior_cache_key"": ""g=4_fold=0"", ""posterior_draws"": 1500, ""raw_max_control_odds"": 2.2531183720927594}, ""1"": {""bar_pi"": 0.53, ""control_ess"": 41.81397283418537, ""fold_sizes"": [{""evaluation"": 100, ""fold"": 0, ""train"": 100}], ""global_fold_bb"": true, ""max_control_odds"": 2.3259852177522187, ""n_clipped"": 0, ""n_complement_units"": 100, ""n_eval_units"": 100, ""posterior_cache_key"": ""g=4_fold=1"", ""posterior_draws"": 1500, ""raw_max_control_odds"": 2.3259852177522187}}"
GATT,g=4_t=6,4.0,6.0,2.0,reference_fold_convolution,3.478618944280259,3.4732373039342397,0.23440200810736106,3.006368958847879,3.1050276772620307,3.8477661661560925,3.950869288832472,0.0,0.0,0.0,3.558298967814553,correction_completion,strong_confounder,1,200,83,3135876844,reference_fold_convolution_rf,2.3259852177522187,41.81397283418537,,"{""0"": {""bar_pi"": 0.49, ""control_ess"": 45.991221499991255, ""fold_sizes"": [{""evaluation"": 100, ""fold"": 0, ""train"": 100}], ""global_fold_bb"": true, ""max_control_odds"": 2.2531183720927594, ""n_clipped"": 0, ""n_complement_units"": 100, ""n_eval_units"": 100, ""posterior_cache_key"": ""g=4_fold=0"", ""posterior_draws"": 1500, ""raw_max_control_odds"": 2.2531183720927594}, ""1"": {""bar_pi"": 0.53, ""control_ess"": 41.81397283418537, ""fold_sizes"": [{""evaluation"": 100, ""fold"": 0, ""train"": 100}], ""global_fold_bb"": true, ""max_control_odds"": 2.3259852177522187, ""n_clipped"": 0, ""n_complement_units"": 100, ""n_eval_units"": 100, ""posterior_cache_key"": ""g=4_fold=1"", ""posterior_draws"": 1500, ""raw_max_control_odds"": 2.3259852177522187}}"
GATT,g=4_t=7,4.0,7.0,3.0,reference_fold_convolution,3.4352617054148644,3.4343108824380897,0.22888232805156852,2.987763889413107,3.0618742462451727,3.822110183460283,3.8798467315370657,0.0,0.0,0.0,3.558298967814553,correction_completion,strong_confounder,1,200,83,3135876844,reference_fold_convolution_rf,2.3259852177522187,41.81397283418537,,"{""0"": {""bar_pi"": 0.49, ""control_ess"": 45.991221499991255, ""fold_sizes"": [{""evaluation"": 100, ""fold"": 0, ""train"": 100}], ""global_fold_bb"": true, ""max_control_odds"": 2.2531183720927594, ""n_clipped"": 0, ""n_complement_units"": 100, ""n_eval_units"": 100, ""posterior_cache_key"": ""g=4_fold=0"", ""posterior_draws"": 1500, ""raw_max_control_odds"": 2.2531183720927594}, ""1"": {""bar_pi"": 0.53, ""control_ess"": 41.81397283418537, ""fold_sizes"": [{""evaluation"": 100, ""fold"": 0, ""train"": 100}], ""global_fold_bb"": true, ""max_control_odds"": 2.3259852177522187, ""n_clipped"": 0, ""n_complement_units"": 100, ""n_eval_units"": 100, ""posterior_cache_key"": ""g=4_fold=1"", ""posterior_draws"": 1500, ""raw_max_control_odds"": 2.3259852177522187}}"
ES,k=0,,,0.0,reference_fold_convolution,3.6623791079505286,3.6638560456767815,0.2692164281882589,3.082666766215712,3.199770740778828,4.084093124118296,4.159578687671518,0.0,0.0,0.0,3.558298967814553,correction_completion,strong_confounder,1,200,83,3135876844,reference_fold_convolution_rf,,,,{}
ES,k=1,,,1.0,reference_fold_convolution,3.574870082216341,3.5783974752657013,0.2373154677531699,3.1140869655065635,3.1924180025898408,3.952954603935221,4.020610515710654,0.0,0.0,0.0,3.558298967814553,correction_completion,strong_confounder,1,200,83,3135876844,reference_fold_convolution_rf,,,,{}
ES,k=2,,,2.0,reference_fold_convolution,3.478618944280259,3.4732373039342397,0.23440200810736106,3.006368958847879,3.1050276772620307,3.8477661661560925,3.950869288832472,0.0,0.0,0.0,3.558298967814553,correction_completion,strong_confounder,1,200,83,3135876844,reference_fold_convolution_rf,,,,{}
ES,k=3,,,3.0,reference_fold_convolution,3.4352617054148644,3.4343108824380897,0.22888232805156852,2.987763889413107,3.0618742462451727,3.822110183460283,3.8798467315370657,0.0,0.0,0.0,3.558298967814553,correction_completion,strong_confounder,1,200,83,3135876844,reference_fold_convolution_rf,,,,{}
ATT,ATT,,,,reference_fold_convolution,3.5377824599654986,3.5405116984896905,0.20323692784430297,3.121723229203181,3.1879649583837373,3.8684543320996356,3.9284235540390604,0.0,0.0,0.0,3.558298967814553,correction_completion,strong_confounder,1,200,83,3135876844,reference_fold_convolution_rf,,,,{}
