estimand_type,estimand_id,g,t,k,method,post_mean,post_median,sd,q025,q05,q95,q975,p_bayes_tail_min,p_bayes_two_sided,p_bayes,true,family,design,degree,N,rep,seed,task_estimator,max_control_odds,effective_sample_size,max_normalized_weight,fold_sizes
PRE,k=-4,,,-4.0,pretrend,-0.23702146258852363,-0.2336888308976341,0.22680618133037503,-0.6862445583973319,-0.6180741481682046,0.12327131264843136,0.1909642547274744,0.158,0.316,0.316,-0.0,correction_completion,PT_conditional,3,200,2,60655651,raw_structured,,,,
PRE,k=-3,,,-3.0,pretrend,0.0018136469978422365,0.0,0.20026375969404728,-0.408837139676142,-0.33445584460264344,0.3387305831309475,0.4071682218606465,0.558,1.0,1.0,-0.0,correction_completion,PT_conditional,3,200,2,60655651,raw_structured,,,,
PRE,k=-2,,,-2.0,pretrend,0.12259674366357164,0.04588400862815399,0.18920528421585817,-0.1626040858719311,-0.10657661693855457,0.4783133168859104,0.5575509541701449,0.45866666666666667,0.9173333333333333,0.9173333333333333,-0.0,correction_completion,PT_conditional,3,200,2,60655651,raw_structured,,,,
PRE,slope,,,,pretrend,0.04177431072187963,0.04280530760055873,0.07631035400204637,-0.11965307398747127,-0.08891523144604004,0.16475984507706262,0.1858716185343173,0.296,0.592,0.592,0.0,correction_completion,PT_conditional,3,200,2,60655651,raw_structured,,,,
PRE_SUB,X1=0_k=-4,,,-4.0,pretrend,-0.241713523374719,-0.2368625518557729,0.22996821397327433,-0.7024521292817695,-0.6362946276856478,0.12172878941094673,0.18602941330500344,0.15733333333333333,0.31466666666666665,0.31466666666666665,-0.0,correction_completion,PT_conditional,3,200,2,60655651,raw_structured,,,,
PRE_SUB,X1=0_k=-3,,,-3.0,pretrend,-0.0008841634398921497,0.0,0.2021246537193447,-0.41626266469837253,-0.33462834454657864,0.34177615589360155,0.4071682218606456,0.5513333333333333,1.0,1.0,-0.0,correction_completion,PT_conditional,3,200,2,60655651,raw_structured,,,,
PRE_SUB,X1=0_k=-2,,,-2.0,pretrend,0.1214368914056335,0.04468961665735522,0.18947222957347418,-0.1651419541520567,-0.10847309009369631,0.47831331688590983,0.5582254317117289,0.4633333333333333,0.9266666666666666,0.9266666666666666,-0.0,correction_completion,PT_conditional,3,200,2,60655651,raw_structured,,,,
PRE_SUB,X1=1_k=-4,,,-4.0,pretrend,-0.23467543219542594,-0.2331644504467508,0.2284780470338208,-0.6862445583973322,-0.6180741481682037,0.13058412380307963,0.1999276202537824,0.16266666666666665,0.3253333333333333,0.3253333333333333,-0.0,correction_completion,PT_conditional,3,200,2,60655651,raw_structured,,,,
PRE_SUB,X1=1_k=-3,,,-3.0,pretrend,0.003162552216709437,0.0,0.20140264457530477,-0.4088371396761425,-0.333751234633303,0.34388880183328413,0.40891617361177796,0.5606666666666666,1.0,1.0,-0.0,correction_completion,PT_conditional,3,200,2,60655651,raw_structured,,,,
PRE_SUB,X1=1_k=-2,,,-2.0,pretrend,0.12317666979254072,0.045316710870690925,0.19027130718403884,-0.16260408587193095,-0.1056191446465422,0.48398141730006394,0.5588598033386247,0.46266666666666667,0.9253333333333333,0.9253333333333333,-0.0,correction_completion,PT_conditional,3,200,2,60655651,raw_structured,,,,
PRE_SUB,X2=low_k=-4,,,-4.0,pretrend,-0.23127159166785785,-0.22774968963525344,0.22817225638290164,-0.6863926038442234,-0.6177324580057297,0.1320312282957039,0.20429646198209675,0.16066666666666668,0.32133333333333336,0.32133333333333336,-0.0,correction_completion,PT_conditional,3,200,2,60655651,raw_structured,,,,
PRE_SUB,X2=low_k=-3,,,-3.0,pretrend,0.007449800582442542,0.0,0.1998911071375193,-0.40619506298193847,-0.3323339942062053,0.3538747468904194,0.40891617361177834,0.5666666666666667,1.0,1.0,-0.0,correction_completion,PT_conditional,3,200,2,60655651,raw_structured,,,,
PRE_SUB,X2=low_k=-2,,,-2.0,pretrend,0.12346097562001802,0.045701257053459766,0.19051185628369502,-0.16122458517156774,-0.10411673271952755,0.4839814173000642,0.5614145547807506,0.46,0.92,0.92,-0.0,correction_completion,PT_conditional,3,200,2,60655651,raw_structured,,,,
PRE_SUB,X2=high_k=-4,,,-4.0,pretrend,-0.24452108646904383,-0.23602298104036637,0.2347423562918672,-0.7187574614025942,-0.642816926071952,0.12300530947950301,0.18816695517125717,0.15266666666666667,0.30533333333333335,0.30533333333333335,-0.0,correction_completion,PT_conditional,3,200,2,60655651,raw_structured,,,,
PRE_SUB,X2=high_k=-3,,,-3.0,pretrend,-0.005434578420173653,0.0,0.21083977216462357,-0.44543257974247086,-0.35933384634279275,0.33873058313094767,0.4058314391419393,0.5546666666666666,1.0,1.0,-0.0,correction_completion,PT_conditional,3,200,2,60655651,raw_structured,,,,
PRE_SUB,X2=high_k=-2,,,-2.0,pretrend,0.1211532033634517,0.04487398150725731,0.1896937744493677,-0.16645651095205433,-0.10697226002502776,0.4783133168859103,0.5582254317117292,0.462,0.924,0.924,-0.0,correction_completion,PT_conditional,3,200,2,60655651,raw_structured,,,,
PRE_SUBC,X1_k=-4,,,-4.0,pretrend,0.0070380911792930516,0.0,0.06670851207118664,-0.015495594047225567,-2.027544798721692e-15,0.03534699777386952,0.14683434462714773,0.5086666666666667,1.0,1.0,-0.0,correction_completion,PT_conditional,3,200,2,60655651,raw_structured,,,,
PRE_SUBC,X1_k=-3,,,-3.0,pretrend,0.004046715656601584,0.0,0.04995556702660015,-0.00256039749473217,-1.2699910567626205e-15,0.015824380548155537,0.06131122487242797,0.556,1.0,1.0,-0.0,correction_completion,PT_conditional,3,200,2,60655651,raw_structured,,,,
PRE_SUBC,X1_k=-2,,,-2.0,pretrend,0.0017397783869072209,0.0,0.03694890517278025,-1.6726203755368375e-15,-9.166278847061448e-16,9.43689570931383e-16,0.004351779770097003,0.6633333333333333,1.0,1.0,-0.0,correction_completion,PT_conditional,3,200,2,60655651,raw_structured,,,,
PRE_SUBC,X1_slope,,,,pretrend,-0.002210534516999253,-3.0977204928157267e-18,0.022078064704965313,-0.047266013828705905,-0.011827320906348384,6.606818267077378e-16,0.005277851965367696,0.49466666666666664,0.9893333333333333,0.9893333333333333,0.0,correction_completion,PT_conditional,3,200,2,60655651,raw_structured,,,,
PRE_SUBC,X2_k=-4,,,-4.0,pretrend,-0.013249494801185967,0.0,0.08926715159695556,-0.23380802702413056,-0.023082685802547614,1.779132396961811e-15,0.013962599837644123,0.518,1.0,1.0,-0.0,correction_completion,PT_conditional,3,200,2,60655651,raw_structured,,,,
PRE_SUBC,X2_k=-3,,,-3.0,pretrend,-0.012884379002616193,0.0,0.08798269482849846,-0.21957023506159087,-0.013906289949965508,1.2498682644412887e-15,0.006276353163048476,0.5726666666666667,1.0,1.0,-0.0,correction_completion,PT_conditional,3,200,2,60655651,raw_structured,,,,
PRE_SUBC,X2_k=-2,,,-2.0,pretrend,-0.0023077722565663277,0.0,0.039338899761683595,-2.01574867908505e-15,-8.326672684688674e-16,9.457712391025533e-16,1.871940102926562e-15,0.6786666666666666,1.0,1.0,-0.0,correction_completion,PT_conditional,3,200,2,60655651,raw_structured,,,,
PRE_SUBC,X2_slope,,,,pretrend,0.004844643904668331,0.0,0.03295159720642396,-0.004739196282117387,-5.650242178895886e-16,0.008249071507303096,0.08097952666857056,0.504,1.0,1.0,0.0,correction_completion,PT_conditional,3,200,2,60655651,raw_structured,,,,
PRE,k=-4,,,-4.0,reference_fold_pretrend,-0.25656055224070845,-0.2523674926979522,0.21463030476183512,-0.6937041172666756,-0.6159023266116656,0.09037341830777866,0.15597730362992857,0.114,0.228,0.228,-0.0,correction_completion,PT_conditional,3,200,2,60655651,reference_fold_convolution_rf,,,,
PRE,k=-3,,,-3.0,reference_fold_pretrend,-0.06360767859126143,-0.0549951028356132,0.18503551113152789,-0.45212974486960256,-0.38884239556993055,0.22785753095347935,0.27973122609895057,0.374,0.748,0.748,-0.0,correction_completion,PT_conditional,3,200,2,60655651,reference_fold_convolution_rf,,,,
PRE,k=-2,,,-2.0,reference_fold_pretrend,0.02511242557658044,0.001594953827638427,0.1488871077187427,-0.2713520580495843,-0.2265909384881414,0.27139018661261666,0.3270187333350801,0.49533333333333335,0.9906666666666667,0.9906666666666667,-0.0,correction_completion,PT_conditional,3,200,2,60655651,reference_fold_convolution_rf,,,,
PRE,slope,,,,reference_fold_pretrend,0.06227032773771912,0.06061378688944417,0.07328891951028264,-0.08008352749198105,-0.05485054335418679,0.19001879571292374,0.21018835503372188,0.19266666666666668,0.38533333333333336,0.38533333333333336,0.0,correction_completion,PT_conditional,3,200,2,60655651,reference_fold_convolution_rf,,,,
PRE_SUB,X1=0_k=-4,,,-4.0,reference_fold_pretrend,-0.25136416967322966,-0.24987537891289505,0.22303312547345397,-0.7139428365295006,-0.6177865303973359,0.10604070749725393,0.16805149124171623,0.12533333333333332,0.25066666666666665,0.25066666666666665,-0.0,correction_completion,PT_conditional,3,200,2,60655651,reference_fold_convolution_rf,,,,
PRE_SUB,X1=0_k=-3,,,-3.0,reference_fold_pretrend,-0.09113090904399612,-0.07467709152718399,0.1966807949540434,-0.5076093216869499,-0.44968213529725404,0.20785371622001325,0.26211466501795017,0.3413333333333333,0.6826666666666666,0.6826666666666666,-0.0,correction_completion,PT_conditional,3,200,2,60655651,reference_fold_convolution_rf,,,,
PRE_SUB,X1=0_k=-2,,,-2.0,reference_fold_pretrend,0.0035427592404282163,0.0,0.15328381990428905,-0.32436141858598394,-0.27120563169805856,0.24934572782683584,0.29992752138871415,0.528,1.0,1.0,-0.0,correction_completion,PT_conditional,3,200,2,60655651,reference_fold_convolution_rf,,,,
PRE_SUB,X1=1_k=-4,,,-4.0,reference_fold_pretrend,-0.2591587435244478,-0.2575133460050595,0.21769192010306976,-0.7070364136935721,-0.6228655426537805,0.09119692719214596,0.15844630206578852,0.11733333333333333,0.23466666666666666,0.23466666666666666,-0.0,correction_completion,PT_conditional,3,200,2,60655651,reference_fold_convolution_rf,,,,
PRE_SUB,X1=1_k=-3,,,-3.0,reference_fold_pretrend,-0.04984606336489408,-0.04057185864251501,0.18572096745549554,-0.4333512359432033,-0.3752201383450214,0.25041088326859867,0.2965359322505098,0.402,0.804,0.804,-0.0,correction_completion,PT_conditional,3,200,2,60655651,reference_fold_convolution_rf,,,,
PRE_SUB,X1=1_k=-2,,,-2.0,reference_fold_pretrend,0.035897258744656546,0.00925872259140268,0.15210515298350555,-0.26379329993035416,-0.21629074832177228,0.2978627703884571,0.34913083210849766,0.48333333333333334,0.9666666666666667,0.9666666666666667,-0.0,correction_completion,PT_conditional,3,200,2,60655651,reference_fold_convolution_rf,,,,
PRE_SUB,X2=low_k=-4,,,-4.0,reference_fold_pretrend,-0.25559499458451096,-0.2512973569232012,0.21720096676031023,-0.6999414646214472,-0.6272323337077585,0.08425475059003912,0.15933006990687956,0.118,0.236,0.236,-0.0,correction_completion,PT_conditional,3,200,2,60655651,reference_fold_convolution_rf,,,,
PRE_SUB,X2=low_k=-3,,,-3.0,reference_fold_pretrend,-0.07931674120098167,-0.06393825250069451,0.18905720583342003,-0.47867276038472034,-0.41751754903346466,0.21091714285609797,0.26555077287351364,0.354,0.708,0.708,-0.0,correction_completion,PT_conditional,3,200,2,60655651,reference_fold_convolution_rf,,,,
PRE_SUB,X2=low_k=-2,,,-2.0,reference_fold_pretrend,0.013516582521493323,0.0,0.14944530697044203,-0.297089128174127,-0.24852398249635752,0.24946825302904024,0.3065216001041244,0.5106666666666667,1.0,1.0,-0.0,correction_completion,PT_conditional,3,200,2,60655651,reference_fold_convolution_rf,,,,
PRE_SUB,X2=high_k=-4,,,-4.0,reference_fold_pretrend,-0.2567117280653346,-0.25925319948407005,0.22049320772890482,-0.6981479382014496,-0.625816698768393,0.10461469649783567,0.16574003375154053,0.12333333333333334,0.24666666666666667,0.24666666666666667,-0.0,correction_completion,PT_conditional,3,200,2,60655651,reference_fold_convolution_rf,,,,
PRE_SUB,X2=high_k=-3,,,-3.0,reference_fold_pretrend,-0.030694554780778475,-0.025416458901137483,0.18653090642152628,-0.40781204066415194,-0.34664046263961307,0.2727621340216171,0.32994168045497985,0.44466666666666665,0.8893333333333333,0.8893333333333333,-0.0,correction_completion,PT_conditional,3,200,2,60655651,reference_fold_convolution_rf,,,,
PRE_SUB,X2=high_k=-2,,,-2.0,reference_fold_pretrend,0.04921068811134693,0.02272887470132475,0.1555601629735011,-0.2358672567341545,-0.1955121890944049,0.3255996155735848,0.3688931347308122,0.46,0.92,0.92,-0.0,correction_completion,PT_conditional,3,200,2,60655651,reference_fold_convolution_rf,,,,
PRE_SUBC,X1_k=-4,,,-4.0,reference_fold_pretrend,-0.007794573851218094,-0.002126462640505686,0.0974023822730126,-0.222930626510287,-0.1529389159423968,0.13454341171840395,0.16768810815621749,0.4866666666666667,0.9733333333333334,0.9733333333333334,-0.0,correction_completion,PT_conditional,3,200,2,60655651,reference_fold_convolution_rf,,,,
PRE_SUBC,X1_k=-3,,,-3.0,reference_fold_pretrend,0.04128484567910202,0.04610221259914411,0.08619863226740543,-0.15644735282856964,-0.08524492905577531,0.16283313476627764,0.18474647178786968,0.2673333333333333,0.5346666666666666,0.5346666666666666,-0.0,correction_completion,PT_conditional,3,200,2,60655651,reference_fold_convolution_rf,,,,
PRE_SUBC,X1_k=-2,,,-2.0,reference_fold_pretrend,0.03235449950422834,0.029451366508780732,0.06999041403825552,-0.10115034832783704,-0.059313557310317296,0.1326806243629215,0.15855334584330472,0.3333333333333333,0.6666666666666666,0.6666666666666666,-0.0,correction_completion,PT_conditional,3,200,2,60655651,reference_fold_convolution_rf,,,,
PRE_SUBC,X1_slope,,,,reference_fold_pretrend,-0.006538604950627007,-0.007899507987251694,0.034591625041630505,-0.06599858618063714,-0.055610399687910296,0.04485188972820221,0.07601473090144267,0.3893333333333333,0.7786666666666666,0.7786666666666666,0.0,correction_completion,PT_conditional,3,200,2,60655651,reference_fold_convolution_rf,,,,
PRE_SUBC,X2_k=-4,,,-4.0,reference_fold_pretrend,-0.0011167334808236612,-5.8762830913633435e-05,0.0839717319950583,-0.1694217688952282,-0.13461364120994002,0.12897479748435095,0.15547938340407452,0.49933333333333335,0.9986666666666667,0.9986666666666667,-0.0,correction_completion,PT_conditional,3,200,2,60655651,reference_fold_convolution_rf,,,,
PRE_SUBC,X2_k=-3,,,-3.0,reference_fold_pretrend,0.0486221864202032,0.04811924938718214,0.0718886575538849,-0.0868315926878462,-0.059222917234018825,0.16130360865396395,0.1778630691927519,0.23466666666666666,0.4693333333333333,0.4693333333333333,-0.0,correction_completion,PT_conditional,3,200,2,60655651,reference_fold_convolution_rf,,,,
PRE_SUBC,X2_k=-2,,,-2.0,reference_fold_pretrend,0.035694105589853614,0.03127598609928657,0.060482351163084945,-0.07368606717958974,-0.049948766566149896,0.13268062436292136,0.157384575067787,0.32266666666666666,0.6453333333333333,0.6453333333333333,-0.0,correction_completion,PT_conditional,3,200,2,60655651,reference_fold_convolution_rf,,,,
PRE_SUBC,X2_slope,,,,reference_fold_pretrend,-0.00925630557055636,-0.00953565372763298,0.029074835687597805,-0.06521776934591686,-0.05479863353556321,0.035297483246563524,0.044715358092933706,0.36866666666666664,0.7373333333333333,0.7373333333333333,0.0,correction_completion,PT_conditional,3,200,2,60655651,reference_fold_convolution_rf,,,,
PRE,k=-4,,,-4.0,pretrend,-0.26432202893651696,-0.268609588690247,0.16721037995914464,-0.5948315753811669,-0.5398870809580744,0.005794814495660816,0.06291227239378497,0.074,0.148,0.148,-0.0,correction_completion,PT_hold,1,200,186,3058621603,raw_structured,,,,
PRE,k=-3,,,-3.0,pretrend,-0.2850800724857268,-0.2884136288938528,0.17036698652161722,-0.6261071781393462,-0.5656933850408994,0.0,0.013938927453448421,0.07866666666666666,0.15733333333333333,0.15733333333333333,-0.0,correction_completion,PT_hold,1,200,186,3058621603,raw_structured,,,,
PRE,k=-2,,,-2.0,pretrend,-0.04950474922938209,0.0,0.13717304259645385,-0.37768797042409313,-0.31960177007187063,0.1446932312418298,0.21133155932915823,0.608,1.0,1.0,-0.0,correction_completion,PT_hold,1,200,186,3058621603,raw_structured,,,,
PRE,slope,,,,pretrend,0.10090221292931333,0.10216481205812693,0.06119689684745129,-0.013322017636698207,0.0,0.20420214525133823,0.22403521916144412,0.06266666666666666,0.12533333333333332,0.12533333333333332,0.0,correction_completion,PT_hold,1,200,186,3058621603,raw_structured,,,,
PRE_SUB,X1=0_k=-4,,,-4.0,pretrend,-0.2611112368552747,-0.26684236645791326,0.16880016983551324,-0.5974468918430966,-0.5389953367364554,0.009763450569557568,0.06453971988631424,0.07666666666666666,0.15333333333333332,0.15333333333333332,-0.0,correction_completion,PT_hold,1,200,186,3058621603,raw_structured,,,,
PRE_SUB,X1=0_k=-3,,,-3.0,pretrend,-0.28365797688581834,-0.2872552534350374,0.1714568330581492,-0.6324081233625527,-0.5664752570725128,0.0,0.02216269798988674,0.08066666666666666,0.16133333333333333,0.16133333333333333,-0.0,correction_completion,PT_hold,1,200,186,3058621603,raw_structured,,,,
PRE_SUB,X1=0_k=-2,,,-2.0,pretrend,-0.048503582933657204,0.0,0.1387653389695558,-0.37614585474852297,-0.31977994342261234,0.15047989339721385,0.2179515342675284,0.6086666666666667,1.0,1.0,-0.0,correction_completion,PT_hold,1,200,186,3058621603,raw_structured,,,,
PRE_SUB,X1=1_k=-4,,,-4.0,pretrend,-0.26768216018432867,-0.2692440518206718,0.17022880788724754,-0.5999627867526242,-0.5505136190452078,0.00036190984897856875,0.0562875943007379,0.072,0.144,0.144,-0.0,correction_completion,PT_hold,1,200,186,3058621603,raw_structured,,,,
PRE_SUB,X1=1_k=-3,,,-3.0,pretrend,-0.2865683120670263,-0.2897596622533319,0.1719178149008524,-0.6325921862075856,-0.568156957289825,0.0,0.013938927453448496,0.078,0.156,0.156,-0.0,correction_completion,PT_hold,1,200,186,3058621603,raw_structured,,,,
PRE_SUB,X1=1_k=-2,,,-2.0,pretrend,-0.050552481399326735,0.0,0.13737534440769147,-0.3776879704240929,-0.3212048180632924,0.14061256312588008,0.20682578554976602,0.608,1.0,1.0,-0.0,correction_completion,PT_hold,1,200,186,3058621603,raw_structured,,,,
PRE_SUB,X2=low_k=-4,,,-4.0,pretrend,-0.26130600057746417,-0.26702464041606955,0.1680842367077939,-0.5858678042233924,-0.538184311295865,0.009763450569557772,0.064539719886314,0.07666666666666666,0.15333333333333332,0.15333333333333332,-0.0,correction_completion,PT_hold,1,200,186,3058621603,raw_structured,,,,
PRE_SUB,X2=low_k=-3,,,-3.0,pretrend,-0.2818101680473293,-0.28601118437562645,0.17124891016521643,-0.6244840292685453,-0.5636925823456125,0.0,0.023229071139265374,0.08066666666666666,0.16133333333333333,0.16133333333333333,-0.0,correction_completion,PT_hold,1,200,186,3058621603,raw_structured,,,,
PRE_SUB,X2=low_k=-2,,,-2.0,pretrend,-0.047370933816118364,0.0,0.13630795803900533,-0.3719538523388331,-0.312757633798731,0.14866899632730032,0.21198672478114436,0.6126666666666667,1.0,1.0,-0.0,correction_completion,PT_hold,1,200,186,3058621603,raw_structured,,,,
PRE_SUB,X2=high_k=-4,,,-4.0,pretrend,-0.2657114365314759,-0.269821083223306,0.1687300031025691,-0.597446891843097,-0.5393362910379744,0.008738599057101127,0.06341673667073738,0.074,0.148,0.148,-0.0,correction_completion,PT_hold,1,200,186,3058621603,raw_structured,,,,
PRE_SUB,X2=high_k=-3,,,-3.0,pretrend,-0.28676806861204046,-0.290086267528301,0.1715730751645447,-0.6401401634744475,-0.5745063417871965,0.0,0.01507619992213286,0.078,0.156,0.156,-0.0,correction_completion,PT_hold,1,200,186,3058621603,raw_structured,,,,
PRE_SUB,X2=high_k=-2,,,-2.0,pretrend,-0.050726733143851475,0.0,0.13959692645324556,-0.37928977651522977,-0.3199802883674963,0.1479123341931492,0.21490921949429875,0.6053333333333333,1.0,1.0,-0.0,correction_completion,PT_hold,1,200,186,3058621603,raw_structured,,,,
PRE_SUBC,X1_k=-4,,,-4.0,pretrend,-0.006570923329054013,0.0,0.05554297152350071,-0.14423580019972182,-0.01963273685917832,0.011495336715515348,0.04160445438550481,0.5373333333333333,1.0,1.0,-0.0,correction_completion,PT_hold,1,200,186,3058621603,raw_structured,,,,
PRE_SUBC,X1_k=-3,,,-3.0,pretrend,-0.0029103351812079553,0.0,0.04243178043315919,-0.06110059151870212,-1.1657341758564144e-15,0.005803226405208749,0.03349149657258805,0.5546666666666666,1.0,1.0,-0.0,correction_completion,PT_hold,1,200,186,3058621603,raw_structured,,,,
PRE_SUBC,X1_k=-2,,,-2.0,pretrend,-0.002048898465669534,0.0,0.031745900545431645,-9.43689570931383e-16,-5.828670879282072e-16,6.106226635438361e-16,0.008178840742305281,0.716,1.0,1.0,-0.0,correction_completion,PT_hold,1,200,186,3058621603,raw_structured,,,,
PRE_SUBC,X1_slope,,,,pretrend,0.0019701670582319628,0.0,0.018691280767394427,-0.014032699069983924,-0.004117093995379155,0.006442774766046919,0.04868724590033361,0.5133333333333333,1.0,1.0,0.0,correction_completion,PT_hold,1,200,186,3058621603,raw_structured,,,,
PRE_SUBC,X2_k=-4,,,-4.0,pretrend,-0.004405435954011761,0.0,0.0443168058601421,-0.1209666235058957,-0.029049658371694376,0.016353000188429796,0.050878199810261066,0.5273333333333333,1.0,1.0,-0.0,correction_completion,PT_hold,1,200,186,3058621603,raw_structured,,,,
PRE_SUBC,X2_k=-3,,,-3.0,pretrend,-0.004957900564711173,0.0,0.03888590864812079,-0.11080844804183891,-0.019528487502924782,8.326672684688674e-16,0.025591352364926503,0.5373333333333333,1.0,1.0,-0.0,correction_completion,PT_hold,1,200,186,3058621603,raw_structured,,,,
PRE_SUBC,X2_k=-2,,,-2.0,pretrend,-0.003355799327733114,0.0,0.03307706534829851,-0.028610530921751004,-5.287437154777307e-16,4.440892098500626e-16,6.938893903907228e-16,0.724,1.0,1.0,-0.0,correction_completion,PT_hold,1,200,186,3058621603,raw_structured,,,,
PRE_SUBC,X2_slope,,,,pretrend,0.0018919934513707676,0.0,0.016596078466525794,-0.01563570906658914,-0.0051104539696123176,0.010401912770813352,0.04696382552953675,0.5033333333333333,1.0,1.0,0.0,correction_completion,PT_hold,1,200,186,3058621603,raw_structured,,,,
PRE,k=-4,,,-4.0,reference_fold_pretrend,-0.3062023843471417,-0.30877318676103355,0.16365683450020627,-0.6171703320517757,-0.5674070269971324,-0.03295598212335748,0.006755829187810083,0.03,0.06,0.06,-0.0,correction_completion,PT_hold,1,200,186,3058621603,reference_fold_convolution_rf,,,,
PRE,k=-3,,,-3.0,reference_fold_pretrend,-0.2967669358058908,-0.292430570519794,0.15688986684651748,-0.6153062602942188,-0.5600394548120516,-0.043099997207276274,-0.0001288397024839028,0.025333333333333333,0.050666666666666665,0.050666666666666665,-0.0,correction_completion,PT_hold,1,200,186,3058621603,reference_fold_convolution_rf,,,,
PRE,k=-2,,,-2.0,reference_fold_pretrend,-0.12015196748352049,-0.10998652910436502,0.1362513499459799,-0.4068370518018178,-0.36089442296931273,0.07097194258583318,0.1068634217990761,0.25533333333333336,0.5106666666666667,0.5106666666666667,-0.0,correction_completion,PT_hold,1,200,186,3058621603,reference_fold_convolution_rf,,,,
PRE,slope,,,,reference_fold_pretrend,0.11659235658119481,0.11639622676847511,0.06002399603061957,0.002055837722813112,0.017396441909791036,0.21540899897338536,0.23406684095174432,0.022,0.044,0.044,0.0,correction_completion,PT_hold,1,200,186,3058621603,reference_fold_convolution_rf,,,,
PRE_SUB,X1=0_k=-4,,,-4.0,reference_fold_pretrend,-0.31161363673114306,-0.3183050928577382,0.169195669615104,-0.6237772035226474,-0.5770741665195962,-0.02733060393340747,0.02014777306440994,0.03133333333333333,0.06266666666666666,0.06266666666666666,-0.0,correction_completion,PT_hold,1,200,186,3058621603,reference_fold_convolution_rf,,,,
PRE_SUB,X1=0_k=-3,,,-3.0,reference_fold_pretrend,-0.3082390895498185,-0.3080003063338079,0.1616711085069892,-0.6342646190394148,-0.5793557407061187,-0.0433476113109651,-0.0011853466770448409,0.023333333333333334,0.04666666666666667,0.04666666666666667,-0.0,correction_completion,PT_hold,1,200,186,3058621603,reference_fold_convolution_rf,,,,
PRE_SUB,X1=0_k=-2,,,-2.0,reference_fold_pretrend,-0.12041207651203711,-0.10848650309269667,0.13774502808909123,-0.41619085288523455,-0.3658614797211059,0.07826872120701052,0.12046896023088123,0.25666666666666665,0.5133333333333333,0.5133333333333333,-0.0,correction_completion,PT_hold,1,200,186,3058621603,reference_fold_convolution_rf,,,,
PRE_SUB,X1=1_k=-4,,,-4.0,reference_fold_pretrend,-0.30053944580574493,-0.299569874883329,0.1683515776002056,-0.6151076993066603,-0.5793890397550118,-0.02466822336594748,0.02518694981000372,0.037333333333333336,0.07466666666666667,0.07466666666666667,-0.0,correction_completion,PT_hold,1,200,186,3058621603,reference_fold_convolution_rf,,,,
PRE_SUB,X1=1_k=-3,,,-3.0,reference_fold_pretrend,-0.2847611935157339,-0.2809185054917366,0.16009253740178014,-0.6090301922126299,-0.5637084224189514,-0.03109372200660045,0.0,0.029333333333333333,0.058666666666666666,0.058666666666666666,-0.0,correction_completion,PT_hold,1,200,186,3058621603,reference_fold_convolution_rf,,,,
PRE_SUB,X1=1_k=-2,,,-2.0,reference_fold_pretrend,-0.11987976036065424,-0.10130497612292957,0.1399480985767216,-0.4062995812419786,-0.37290877961222235,0.07160176357581716,0.10751385893777993,0.256,0.512,0.512,-0.0,correction_completion,PT_hold,1,200,186,3058621603,reference_fold_convolution_rf,,,,
PRE_SUB,X2=low_k=-4,,,-4.0,reference_fold_pretrend,-0.2686214225199963,-0.26867883628732747,0.17443718462344407,-0.5921311216186502,-0.554554704485043,0.010535680136481545,0.06708983470993839,0.058666666666666666,0.11733333333333333,0.11733333333333333,-0.0,correction_completion,PT_hold,1,200,186,3058621603,reference_fold_convolution_rf,,,,
PRE_SUB,X2=low_k=-3,,,-3.0,reference_fold_pretrend,-0.25366656487401934,-0.2471342975149593,0.1651287949878839,-0.5896233637169842,-0.5413574679884755,0.0006433023263470988,0.042831324748214404,0.056,0.112,0.112,-0.0,correction_completion,PT_hold,1,200,186,3058621603,reference_fold_convolution_rf,,,,
PRE_SUB,X2=low_k=-2,,,-2.0,reference_fold_pretrend,-0.1097481958153888,-0.08407226902586679,0.1441697609138145,-0.41383913440436254,-0.3724290384554011,0.08693656575955859,0.1294878425141921,0.27466666666666667,0.5493333333333333,0.5493333333333333,-0.0,correction_completion,PT_hold,1,200,186,3058621603,reference_fold_convolution_rf,,,,
PRE_SUB,X2=high_k=-4,,,-4.0,reference_fold_pretrend,-0.31223906823474235,-0.31537486012651,0.16775433189438702,-0.625506289961602,-0.5750123431337021,-0.03338591521095627,0.009843747249723003,0.03,0.06,0.06,-0.0,correction_completion,PT_hold,1,200,186,3058621603,reference_fold_convolution_rf,,,,
PRE_SUB,X2=high_k=-3,,,-3.0,reference_fold_pretrend,-0.30323346653444555,-0.2999768636998477,0.15964902319272462,-0.6392989583240515,-0.5760934789885672,-0.04557744089091528,0.0,0.026,0.052,0.052,-0.0,correction_completion,PT_hold,1,200,186,3058621603,reference_fold_convolution_rf,,,,
PRE_SUB,X2=high_k=-2,,,-2.0,reference_fold_pretrend,-0.12297134994528919,-0.11162231468175915,0.13766535326287394,-0.41049654534774893,-0.3671822829869262,0.07124128875555874,0.10729939814544194,0.25266666666666665,0.5053333333333333,0.5053333333333333,-0.0,correction_completion,PT_hold,1,200,186,3058621603,reference_fold_convolution_rf,,,,
PRE_SUBC,X1_k=-4,,,-4.0,reference_fold_pretrend,0.011074190925398167,0.0228771700950489,0.08258990811768634,-0.2245852838154292,-0.15454071600394187,0.11154914204709962,0.12529905006698866,0.3526666666666667,0.7053333333333334,0.7053333333333334,-0.0,correction_completion,PT_hold,1,200,186,3058621603,reference_fold_convolution_rf,,,,
PRE_SUBC,X1_k=-3,,,-3.0,reference_fold_pretrend,0.023477896034084608,0.032560600658815664,0.07143064836075576,-0.16246606029284344,-0.09597106314159476,0.10993425154331789,0.1328194024357097,0.2806666666666667,0.5613333333333334,0.5613333333333334,-0.0,correction_completion,PT_hold,1,200,186,3058621603,reference_fold_convolution_rf,,,,
PRE_SUBC,X1_k=-2,,,-2.0,reference_fold_pretrend,0.0005323161513828683,0.0,0.05323777396300874,-0.11541843418835401,-0.07632820078454855,0.07514593882734093,0.0857395668662363,0.514,1.0,1.0,-0.0,correction_completion,PT_hold,1,200,186,3058621603,reference_fold_convolution_rf,,,,
PRE_SUBC,X1_slope,,,,reference_fold_pretrend,-0.0057650486425533266,-0.009310826641700074,0.02902412299106479,-0.04837004677110148,-0.04191595766618736,0.04705213954817108,0.06856368579800419,0.322,0.644,0.644,0.0,correction_completion,PT_hold,1,200,186,3058621603,reference_fold_convolution_rf,,,,
PRE_SUBC,X2_k=-4,,,-4.0,reference_fold_pretrend,-0.04361764571474607,-0.035936541476303874,0.08571667698524543,-0.2519919243289209,-0.1756418422389609,0.0728257208538169,0.09169440203412864,0.29,0.58,0.58,-0.0,correction_completion,PT_hold,1,200,186,3058621603,reference_fold_convolution_rf,,,,
PRE_SUBC,X2_k=-3,,,-3.0,reference_fold_pretrend,-0.049566901660426176,-0.04483246811942448,0.07644102869977677,-0.2362271768841836,-0.16819092530010712,0.05550916938743115,0.0733875358530922,0.238,0.476,0.476,-0.0,correction_completion,PT_hold,1,200,186,3058621603,reference_fold_convolution_rf,,,,
PRE_SUBC,X2_k=-2,,,-2.0,reference_fold_pretrend,-0.0132231541299004,-0.0024620020171757942,0.06320113757147948,-0.14542325380132085,-0.09996027856524316,0.0726846360629448,0.08926825803154118,0.482,0.964,0.964,-0.0,correction_completion,PT_hold,1,200,186,3058621603,reference_fold_convolution_rf,,,,
PRE_SUBC,X2_slope,,,,reference_fold_pretrend,0.017372135328213637,0.014893800374828658,0.03111732635825426,-0.032283660809662204,-0.024202837814277674,0.064096927842628,0.0992938436732588,0.266,0.532,0.532,0.0,correction_completion,PT_hold,1,200,186,3058621603,reference_fold_convolution_rf,,,,
PRE,k=-4,,,-4.0,pretrend,-0.8792682740899911,-0.8797204347759549,0.20767626849452833,-1.2902118470362025,-1.2193095940793766,-0.5458611263718971,-0.46980216124454616,0.0,0.0,0.0,-0.4849824526344976,correction_completion,PT_violation_a20,1,200,170,570451217,raw_structured,,,,
PRE,k=-3,,,-3.0,pretrend,-0.4668058898227058,-0.47031187153730564,0.199323272260703,-0.8373298327751019,-0.7738631593034917,-0.13199601122808394,-0.05488010845981982,0.014666666666666666,0.029333333333333333,0.029333333333333333,-0.32332163508966505,correction_completion,PT_violation_a20,1,200,170,570451217,raw_structured,,,,
PRE,k=-2,,,-2.0,pretrend,-0.059802930805145385,0.0,0.15729166686196422,-0.4178866722519611,-0.3544174617420804,0.17979661656118515,0.23000061509757802,0.5653333333333334,1.0,1.0,-0.16166081754483252,correction_completion,PT_violation_a20,1,200,170,570451217,raw_structured,,,,
PRE,slope,,,,pretrend,0.25937282376575216,0.2575834421821451,0.06980743296286852,0.12877987125897541,0.14647848512122438,0.37008595368240665,0.3999870006776395,0.0006666666666666666,0.0013333333333333333,0.0013333333333333333,0.16166081754483252,correction_completion,PT_violation_a20,1,200,170,570451217,raw_structured,,,,
PRE_SUB,X1=0_k=-4,,,-4.0,pretrend,-0.863125180194165,-0.8644315564504821,0.2135901969853553,-1.2884403509177633,-1.210305633241615,-0.5116035844002645,-0.4330948020205683,0.0,0.0,0.0,-0.494665437419956,correction_completion,PT_violation_a20,1,200,170,570451217,raw_structured,,,,
PRE_SUB,X1=0_k=-3,,,-3.0,pretrend,-0.4523364463030795,-0.4567338673692438,0.20549864776112803,-0.8373351463669834,-0.7693109087062723,-0.1098387898513664,-0.024358354135087412,0.019333333333333334,0.03866666666666667,0.03866666666666667,-0.32977695827997067,correction_completion,PT_violation_a20,1,200,170,570451217,raw_structured,,,,
PRE_SUB,X1=0_k=-2,,,-2.0,pretrend,-0.05415150827957434,0.0,0.158682888957502,-0.41819632341250745,-0.3551659493982419,0.18524600461979077,0.24660397540927234,0.5893333333333334,1.0,1.0,-0.16488847913998533,correction_completion,PT_violation_a20,1,200,170,570451217,raw_structured,,,,
PRE_SUB,X1=1_k=-4,,,-4.0,pretrend,-0.9104782556219211,-0.904060212383764,0.22677065891754541,-1.3664692938357899,-1.2812038224457751,-0.552492344734522,-0.4877615387933818,0.0,0.0,0.0,-0.46909152711773383,correction_completion,PT_violation_a20,1,200,170,570451217,raw_structured,,,,
PRE_SUB,X1=1_k=-3,,,-3.0,pretrend,-0.4947801472939835,-0.4862521363975877,0.21660461970546083,-0.9589014514387068,-0.8588585180134469,-0.14770137786059687,-0.06259520805620662,0.012666666666666666,0.025333333333333333,0.025333333333333333,-0.3127276847451559,correction_completion,PT_violation_a20,1,200,170,570451217,raw_structured,,,,
PRE_SUB,X1=1_k=-2,,,-2.0,pretrend,-0.07072901435458276,0.0,0.17034906731262764,-0.4715883538961634,-0.3966575214532499,0.1673799280286148,0.23000061509757805,0.5566666666666666,1.0,1.0,-0.15636384237257794,correction_completion,PT_violation_a20,1,200,170,570451217,raw_structured,,,,
PRE_SUB,X2=low_k=-4,,,-4.0,pretrend,-0.8578902519316789,-0.8601341558479927,0.21412740999607305,-1.266772854483018,-1.1923727057321487,-0.4997294076325517,-0.4287560129247421,0.0,0.0,0.0,-0.4455307596624855,correction_completion,PT_violation_a20,1,200,170,570451217,raw_structured,,,,
PRE_SUB,X2=low_k=-3,,,-3.0,pretrend,-0.44710454766350755,-0.4558003296625121,0.20643623332448915,-0.8331894167860137,-0.7570340831000093,-0.10014723254587744,-0.0025578478964917183,0.025333333333333333,0.050666666666666665,0.050666666666666665,-0.297020506441657,correction_completion,PT_violation_a20,1,200,170,570451217,raw_structured,,,,
PRE_SUB,X2=low_k=-2,,,-2.0,pretrend,-0.040453742237547115,0.0,0.1649876104777099,-0.40672533542243017,-0.3425044324323067,0.2240486997049105,0.3066048335301137,0.6093333333333333,1.0,1.0,-0.1485102532208285,correction_completion,PT_violation_a20,1,200,170,570451217,raw_structured,,,,
PRE_SUB,X2=high_k=-4,,,-4.0,pretrend,-0.8947051640420397,-0.888493348108822,0.2163723631044435,-1.3319858799494315,-1.2565687332097726,-0.5550063149390863,-0.48261287822587595,0.0,0.0,0.0,-0.5188312473170544,correction_completion,PT_violation_a20,1,200,170,570451217,raw_structured,,,,
PRE_SUB,X2=high_k=-3,,,-3.0,pretrend,-0.4805922396374866,-0.47779816409406395,0.20791984340843378,-0.8852226964089064,-0.8264979381789919,-0.14241169067774595,-0.05883465590155924,0.014,0.028,0.028,-0.34588749821136966,correction_completion,PT_violation_a20,1,200,170,570451217,raw_structured,,,,
PRE_SUB,X2=high_k=-2,,,-2.0,pretrend,-0.07373507407096237,0.0,0.16824368574277868,-0.4800796940955564,-0.3996690043776613,0.15984788624602297,0.22587693032645248,0.5586666666666666,1.0,1.0,-0.17294374910568483,correction_completion,PT_violation_a20,1,200,170,570451217,raw_structured,,,,
PRE_SUBC,X1_k=-4,,,-4.0,pretrend,-0.04735307542775602,0.0,0.14104681727970508,-0.5066386377249852,-0.41734681729489137,0.027480969575442493,0.04354557453777425,0.516,1.0,1.0,0.02557391030222217,correction_completion,PT_violation_a20,1,200,170,570451217,raw_structured,,,,
PRE_SUBC,X1_k=-3,,,-3.0,pretrend,-0.04244370099090396,0.0,0.13505087702706844,-0.5005022000508204,-0.4105858243256138,0.02536930978284673,0.03924745418704096,0.504,1.0,1.0,0.01704927353481478,correction_completion,PT_violation_a20,1,200,170,570451217,raw_structured,,,,
PRE_SUBC,X1_k=-2,,,-2.0,pretrend,-0.01657750607500843,0.0,0.08820675526330068,-0.32732636832894973,-0.19243043973671212,0.025631577221379036,0.03903981773968367,0.678,1.0,1.0,0.00852463676740739,correction_completion,PT_violation_a20,1,200,170,570451217,raw_structured,,,,
PRE_SUBC,X1_slope,,,,pretrend,0.017394581024291745,1.0903976134711359e-17,0.05296191689060114,-0.017756674988235844,-0.011210947815284448,0.15454865033491605,0.1911947126571457,0.48333333333333334,0.9666666666666667,0.9666666666666667,-0.00852463676740739,correction_completion,PT_violation_a20,1,200,170,570451217,raw_structured,,,,
PRE_SUBC,X2_k=-4,,,-4.0,pretrend,-0.03681491211036061,0.0,0.11677753156360161,-0.4111586172965226,-0.31282246390607643,0.026015251824322502,0.03453161704753671,0.5373333333333333,1.0,1.0,-0.07330048765456898,correction_completion,PT_violation_a20,1,200,170,570451217,raw_structured,,,,
PRE_SUBC,X2_k=-3,,,-3.0,pretrend,-0.033487691973979064,0.0,0.11201837024377637,-0.39883230353228055,-0.28699001541187785,0.0250863544349433,0.03280706905268856,0.54,1.0,1.0,-0.04886699176971265,correction_completion,PT_violation_a20,1,200,170,570451217,raw_structured,,,,
PRE_SUBC,X2_k=-2,,,-2.0,pretrend,-0.03328133183341526,0.0,0.108025320261298,-0.3948660832615616,-0.2849629292402762,8.19483370051443e-16,0.01898423135097049,0.6526666666666666,1.0,1.0,-0.024433495884856327,correction_completion,PT_violation_a20,1,200,170,570451217,raw_structured,,,,
PRE_SUBC,X2_slope,,,,pretrend,0.015050103722318232,5.9476233462061954e-18,0.048051256145298094,-0.01274631417714303,-0.009297103585729967,0.12299572089080467,0.16922832139781183,0.49,0.98,0.98,0.024433495884856327,correction_completion,PT_violation_a20,1,200,170,570451217,raw_structured,,,,
PRE,k=-4,,,-4.0,reference_fold_pretrend,-0.9281350758456012,-0.9285547846814752,0.18955045173280602,-1.2956188220902911,-1.2416895031649202,-0.6306963195075428,-0.5652348488201857,0.0,0.0,0.0,-0.4849824526344976,correction_completion,PT_violation_a20,1,200,170,570451217,reference_fold_convolution_rf,,,,
PRE,k=-3,,,-3.0,reference_fold_pretrend,-0.6012646378323588,-0.5954610974523793,0.19180483675103527,-0.9590405327335372,-0.9222544145607682,-0.28970833585691674,-0.2304563822889914,0.0006666666666666666,0.0013333333333333333,0.0013333333333333333,-0.32332163508966505,correction_completion,PT_violation_a20,1,200,170,570451217,reference_fold_convolution_rf,,,,
PRE,k=-2,,,-2.0,reference_fold_pretrend,-0.14530726237528271,-0.1324750470264501,0.15651941223961488,-0.4882406210079601,-0.4322754237458703,0.07239162306547911,0.12092283814634687,0.208,0.416,0.416,-0.16166081754483252,correction_completion,PT_violation_a20,1,200,170,570451217,reference_fold_convolution_rf,,,,
PRE,slope,,,,reference_fold_pretrend,0.2951601261126289,0.29233538914624757,0.06882263603669324,0.164808843835264,0.18708083338800127,0.41153551112873854,0.42935469168861184,0.0,0.0,0.0,0.16166081754483252,correction_completion,PT_violation_a20,1,200,170,570451217,reference_fold_convolution_rf,,,,
PRE_SUB,X1=0_k=-4,,,-4.0,reference_fold_pretrend,-0.9113359245886402,-0.913632413588503,0.194864962571759,-1.284576231630994,-1.2295092917780397,-0.5903832357132563,-0.5163699160842101,0.0,0.0,0.0,-0.494665437419956,correction_completion,PT_violation_a20,1,200,170,570451217,reference_fold_convolution_rf,,,,
PRE_SUB,X1=0_k=-3,,,-3.0,reference_fold_pretrend,-0.5829970805033755,-0.5850515891750026,0.19548926586429957,-0.9517374273911611,-0.8995335328240851,-0.25271909332501763,-0.19046697285186875,0.0013333333333333333,0.0026666666666666666,0.0026666666666666666,-0.32977695827997067,correction_completion,PT_violation_a20,1,200,170,570451217,reference_fold_convolution_rf,,,,
PRE_SUB,X1=0_k=-2,,,-2.0,reference_fold_pretrend,-0.1365224776752181,-0.12278477017631305,0.15775020994343808,-0.47736107104940856,-0.4255146739865994,0.08570497566403291,0.13973663405151387,0.22466666666666665,0.4493333333333333,0.4493333333333333,-0.16488847913998533,correction_completion,PT_violation_a20,1,200,170,570451217,reference_fold_convolution_rf,,,,
PRE_SUB,X1=1_k=-4,,,-4.0,reference_fold_pretrend,-0.9606134349423925,-0.9583575734214738,0.206203223243124,-1.3574331751425393,-1.3166456276825191,-0.6381800285822568,-0.5757229373554066,0.0,0.0,0.0,-0.46909152711773383,correction_completion,PT_violation_a20,1,200,170,570451217,reference_fold_convolution_rf,,,,
PRE_SUB,X1=1_k=-3,,,-3.0,reference_fold_pretrend,-0.63658191533506,-0.6286684888708638,0.20949792948347384,-1.0752595238087512,-0.9957202373624116,-0.3082091953625466,-0.24620996423011948,0.0006666666666666666,0.0013333333333333333,0.0013333333333333333,-0.3127276847451559,correction_completion,PT_violation_a20,1,200,170,570451217,reference_fold_convolution_rf,,,,
PRE_SUB,X1=1_k=-2,,,-2.0,reference_fold_pretrend,-0.16229117946207436,-0.14338676952144952,0.17202798465991398,-0.5625557023914852,-0.4708814037860734,0.07008379532187703,0.11982551881504218,0.2,0.4,0.4,-0.15636384237257794,correction_completion,PT_violation_a20,1,200,170,570451217,reference_fold_convolution_rf,,,,
PRE_SUB,X2=low_k=-4,,,-4.0,reference_fold_pretrend,-0.9720351467865688,-0.9681389192538741,0.19557258552240767,-1.3599397999752127,-1.3019218837911581,-0.6514215744686256,-0.600982736428799,0.0,0.0,0.0,-0.4455307596624855,correction_completion,PT_violation_a20,1,200,170,570451217,reference_fold_convolution_rf,,,,
PRE_SUB,X2=low_k=-3,,,-3.0,reference_fold_pretrend,-0.5704979998436454,-0.5715713280316517,0.19719633426024227,-0.9554867526588944,-0.899355334459835,-0.24090254116518112,-0.19452853657885005,0.0013333333333333333,0.0026666666666666666,0.0026666666666666666,-0.297020506441657,correction_completion,PT_violation_a20,1,200,170,570451217,reference_fold_convolution_rf,,,,
PRE_SUB,X2=low_k=-2,,,-2.0,reference_fold_pretrend,-0.14711459208491742,-0.13906322520936462,0.16185724070698995,-0.487821239429469,-0.43443089138091007,0.09276126801974605,0.13265544696460085,0.22533333333333333,0.45066666666666666,0.45066666666666666,-0.1485102532208285,correction_completion,PT_violation_a20,1,200,170,570451217,reference_fold_convolution_rf,,,,
PRE_SUB,X2=high_k=-4,,,-4.0,reference_fold_pretrend,-0.8915976334679317,-0.889226824178238,0.20544969302799546,-1.2863353061241323,-1.2363742840029224,-0.5636840628086321,-0.5025225662843227,0.0,0.0,0.0,-0.5188312473170544,correction_completion,PT_violation_a20,1,200,170,570451217,reference_fold_convolution_rf,,,,
PRE_SUB,X2=high_k=-3,,,-3.0,reference_fold_pretrend,-0.6304715464455105,-0.6270562011060291,0.20765111924527865,-1.0320977866299865,-0.9663996857325913,-0.2998997455787115,-0.2310326249794351,0.0013333333333333333,0.0026666666666666666,0.0026666666666666666,-0.34588749821136966,correction_completion,PT_violation_a20,1,200,170,570451217,reference_fold_convolution_rf,,,,
PRE_SUB,X2=high_k=-2,,,-2.0,reference_fold_pretrend,-0.1463340590496879,-0.11994189835678618,0.17148102102476653,-0.5274330382495668,-0.465774587744696,0.07773991939550261,0.14577176490135746,0.218,0.436,0.436,-0.17294374910568483,correction_completion,PT_violation_a20,1,200,170,570451217,reference_fold_convolution_rf,,,,
PRE_SUBC,X1_k=-4,,,-4.0,reference_fold_pretrend,-0.0492775103537522,0.004166226210089663,0.12645932861408618,-0.42715141810833945,-0.36799736993811727,0.03225443912355991,0.05430059518513082,0.35933333333333334,0.7186666666666667,0.7186666666666667,0.02557391030222217,correction_completion,PT_violation_a20,1,200,170,570451217,reference_fold_convolution_rf,,,,
PRE_SUBC,X1_k=-3,,,-3.0,reference_fold_pretrend,-0.053584834831684566,-0.0038216056672403798,0.12230532211474494,-0.4234092221200071,-0.3648414287980447,0.018477460973609486,0.037242663555824,0.292,0.584,0.584,0.01704927353481478,correction_completion,PT_violation_a20,1,200,170,570451217,reference_fold_convolution_rf,,,,
PRE_SUBC,X1_k=-2,,,-2.0,reference_fold_pretrend,-0.025768701786856286,0.0005916735195727624,0.09415636904929671,-0.3787763831994271,-0.2580066349248808,0.018099942479823838,0.0366554894070704,0.46,0.92,0.92,0.00852463676740739,correction_completion,PT_violation_a20,1,200,170,570451217,reference_fold_convolution_rf,,,,
PRE_SUBC,X1_slope,,,,reference_fold_pretrend,0.020055064465105858,-0.00033752075509636825,0.04923125611972676,-0.018585114262917955,-0.01157121180075461,0.14055581761243327,0.17457608752782294,0.454,0.908,0.908,-0.00852463676740739,correction_completion,PT_violation_a20,1,200,170,570451217,reference_fold_convolution_rf,,,,
PRE_SUBC,X2_k=-4,,,-4.0,reference_fold_pretrend,0.08043751331863706,0.0962798648374611,0.12854556547789958,-0.2625474047720391,-0.16068846273163917,0.25020404580228073,0.2782656330625362,0.20333333333333334,0.4066666666666667,0.4066666666666667,-0.07330048765456898,correction_completion,PT_violation_a20,1,200,170,570451217,reference_fold_convolution_rf,,,,
PRE_SUBC,X2_k=-3,,,-3.0,reference_fold_pretrend,-0.059973546601865164,-0.048000667058692464,0.12637302038826181,-0.40923541900495775,-0.27354455195296856,0.10948754042137179,0.14478763387290836,0.31266666666666665,0.6253333333333333,0.6253333333333333,-0.04886699176971265,correction_completion,PT_violation_a20,1,200,170,570451217,reference_fold_convolution_rf,,,,
PRE_SUBC,X2_k=-2,,,-2.0,reference_fold_pretrend,0.0007805330352294829,0.01273228245956133,0.1141285663111542,-0.3394327625853069,-0.22027017095240206,0.14029524746094638,0.15642073872202855,0.446,0.892,0.892,-0.024433495884856327,correction_completion,PT_violation_a20,1,200,170,570451217,reference_fold_convolution_rf,,,,
PRE_SUBC,X2_slope,,,,reference_fold_pretrend,-0.00872471284195788,-0.015151071327066733,0.04982035489612475,-0.08171225650940618,-0.07080029335337223,0.0849448807282831,0.1405762761764896,0.33666666666666667,0.6733333333333333,0.6733333333333333,0.024433495884856327,correction_completion,PT_violation_a20,1,200,170,570451217,reference_fold_convolution_rf,,,,
PRE,k=-4,,,-4.0,pretrend,-0.05783412866083959,-0.04341251995547098,0.162934650275483,-0.38998687731116666,-0.3362162648519136,0.20997940966023773,0.24931323583705736,0.42133333333333334,0.8426666666666667,0.8426666666666667,-0.14999999999999997,correction_completion,PT_violation_g05,1,200,154,1790628368,raw_structured,,,,
PRE,k=-3,,,-3.0,pretrend,0.02663226212268854,0.0,0.13938062028070128,-0.24881065875941316,-0.18791966559708095,0.2825644355156582,0.3408214752780468,0.57,1.0,1.0,-0.09999999999999998,correction_completion,PT_violation_g05,1,200,154,1790628368,raw_structured,,,,
PRE,k=-2,,,-2.0,pretrend,0.01056498470960396,0.0,0.11289055878637838,-0.24441448997266907,-0.17562208519966913,0.22572550570519478,0.2887992110004754,0.7353333333333333,1.0,1.0,-0.04999999999999999,correction_completion,PT_violation_g05,1,200,154,1790628368,raw_structured,,,,
PRE,slope,,,,pretrend,0.00783377693053841,0.006373465497671431,0.054036306079693876,-0.10648922110436092,-0.08406511014054563,0.0925462781266509,0.11620087093289515,0.4653333333333333,0.9306666666666666,0.9306666666666666,0.04999999999999999,correction_completion,PT_violation_g05,1,200,154,1790628368,raw_structured,,,,
PRE_SUB,X1=0_k=-4,,,-4.0,pretrend,-0.05602359611217426,-0.04014577605286784,0.16389518601882422,-0.3925313090579884,-0.3320872927561729,0.21612264948356164,0.25876667405447235,0.428,0.856,0.856,-0.14999999999999994,correction_completion,PT_violation_g05,1,200,154,1790628368,raw_structured,,,,
PRE_SUB,X1=0_k=-3,,,-3.0,pretrend,0.026867685443270575,0.0,0.14134495724548804,-0.24881065875941283,-0.19169228983791362,0.28588693973068796,0.3468588474663355,0.57,1.0,1.0,-0.09999999999999996,correction_completion,PT_violation_g05,1,200,154,1790628368,raw_structured,,,,
PRE_SUB,X1=0_k=-2,,,-2.0,pretrend,0.010917449898108226,0.0,0.11432600565648188,-0.24655344746096364,-0.17514216288418563,0.226431812811207,0.2912121986335984,0.7373333333333333,1.0,1.0,-0.04999999999999998,correction_completion,PT_violation_g05,1,200,154,1790628368,raw_structured,,,,
PRE_SUB,X1=1_k=-4,,,-4.0,pretrend,-0.05983325834999092,-0.04484949251088116,0.1659628112857703,-0.4023545284545185,-0.3427637052883437,0.2117249530810707,0.26068771880746267,0.4186666666666667,0.8373333333333334,0.8373333333333334,-0.15,correction_completion,PT_violation_g05,1,200,154,1790628368,raw_structured,,,,
PRE_SUB,X1=1_k=-3,,,-3.0,pretrend,0.026372315539545877,0.0,0.13995955762967485,-0.25267454370027426,-0.18820748619502722,0.2859250756187658,0.3434233890107587,0.5706666666666667,1.0,1.0,-0.09999999999999999,correction_completion,PT_violation_g05,1,200,154,1790628368,raw_structured,,,,
PRE_SUB,X1=1_k=-2,,,-2.0,pretrend,0.010175804397297167,0.0,0.11360669839808724,-0.24811278802128575,-0.17514216288418508,0.2264318128112068,0.28839576319328203,0.7373333333333333,1.0,1.0,-0.049999999999999996,correction_completion,PT_violation_g05,1,200,154,1790628368,raw_structured,,,,
PRE_SUB,X2=low_k=-4,,,-4.0,pretrend,-0.055196267182304894,-0.04049563450529353,0.16299388878823232,-0.3912819835145847,-0.33622394137470585,0.21614071743522054,0.25876667405447196,0.4246666666666667,0.8493333333333334,0.8493333333333334,-0.15000000000000002,correction_completion,PT_violation_g05,1,200,154,1790628368,raw_structured,,,,
PRE_SUB,X2=low_k=-3,,,-3.0,pretrend,0.028816162727860358,0.0,0.13979382214027003,-0.24855081833707007,-0.18472448392609433,0.28592507561876596,0.3468588474663355,0.5673333333333334,1.0,1.0,-0.1,correction_completion,PT_violation_g05,1,200,154,1790628368,raw_structured,,,,
PRE_SUB,X2=low_k=-2,,,-2.0,pretrend,0.011796590969818214,0.0,0.11461563396571997,-0.24441448997266896,-0.17561687165904696,0.23278556318731708,0.29431437311866443,0.7326666666666667,1.0,1.0,-0.05,correction_completion,PT_violation_g05,1,200,154,1790628368,raw_structured,,,,
PRE_SUB,X2=high_k=-4,,,-4.0,pretrend,-0.05976007683652612,-0.0448494925108814,0.16507962940301954,-0.39253130905798944,-0.3397400704551656,0.2102697873577394,0.251147992663761,0.41733333333333333,0.8346666666666667,0.8346666666666667,-0.15000000000000002,correction_completion,PT_violation_g05,1,200,154,1790628368,raw_structured,,,,
PRE_SUB,X2=high_k=-3,,,-3.0,pretrend,0.02483953245344797,0.0,0.14096142678531595,-0.25856594623669343,-0.1916922898379136,0.28042255525387605,0.3404480394209676,0.5746666666666667,1.0,1.0,-0.1,correction_completion,PT_violation_g05,1,200,154,1790628368,raw_structured,,,,
PRE_SUB,X2=high_k=-2,,,-2.0,pretrend,0.009333548093997574,0.0,0.1128894191584285,-0.2471196305923586,-0.17661102752744495,0.22530035549161018,0.28812147741796085,0.7386666666666667,1.0,1.0,-0.05,correction_completion,PT_violation_g05,1,200,154,1790628368,raw_structured,,,,
PRE_SUBC,X1_k=-4,,,-4.0,pretrend,-0.0038096622378166506,0.0,0.05058177213718596,-0.056092860266733664,-0.009826721245653062,1.0692835505921033e-15,0.0052838298190992375,0.5373333333333333,1.0,1.0,-4.163336342344337e-17,correction_completion,PT_violation_g05,1,200,154,1790628368,raw_structured,,,,
PRE_SUBC,X1_k=-3,,,-3.0,pretrend,-0.0004953699037246953,0.0,0.038321079872046714,-0.013582841796716705,-4.010642475535707e-05,7.428085924132685e-16,5.5275539294871444e-05,0.622,1.0,1.0,-2.7755575615628914e-17,correction_completion,PT_violation_g05,1,200,154,1790628368,raw_structured,,,,
PRE_SUBC,X1_k=-2,,,-2.0,pretrend,-0.0007416455008110556,0.0,0.031549871880725444,-0.0014975636999945603,-5.803951069749402e-16,4.727121472036791e-16,8.881784197001252e-16,0.7593333333333333,1.0,1.0,-1.3877787807814457e-17,correction_completion,PT_violation_g05,1,200,154,1790628368,raw_structured,,,,
PRE_SUBC,X1_slope,,,,pretrend,0.0009400980015507428,0.0,0.01711994623511503,-0.0014717708258432792,-3.5464562834050127e-16,0.0030458249223472024,0.016287313775874626,0.5286666666666666,1.0,1.0,1.3877787807814457e-17,correction_completion,PT_violation_g05,1,200,154,1790628368,raw_structured,,,,
PRE_SUBC,X2_k=-4,,,-4.0,pretrend,-0.004563809654221228,0.0,0.03707433088854691,-0.0842644524675258,-0.022874418525602697,7.500944310123708e-16,0.004163193162917916,0.552,1.0,1.0,-0.0,correction_completion,PT_violation_g05,1,200,154,1790628368,raw_structured,,,,
PRE_SUBC,X2_k=-3,,,-3.0,pretrend,-0.003976630274412389,0.0,0.033914530571603645,-0.04857655319999089,-0.004205133157265493,5.275294090445469e-16,8.881784197001252e-16,0.6273333333333333,1.0,1.0,-0.0,correction_completion,PT_violation_g05,1,200,154,1790628368,raw_structured,,,,
PRE_SUBC,X2_k=-2,,,-2.0,pretrend,-0.0024630428758206408,0.0,0.02911613791961379,-0.012902629279054076,-5.353356646864426e-16,3.608224830031759e-16,5.435756011973292e-16,0.7533333333333333,1.0,1.0,-0.0,correction_completion,PT_violation_g05,1,200,154,1790628368,raw_structured,,,,
PRE_SUBC,X2_slope,,,,pretrend,0.001721980884807793,0.0,0.014286214423109539,-0.0012971515339771113,-2.4277455046295413e-16,0.006653848346833341,0.025967403449351858,0.5433333333333333,1.0,1.0,0.0,correction_completion,PT_violation_g05,1,200,154,1790628368,raw_structured,,,,
PRE,k=-4,,,-4.0,reference_fold_pretrend,-0.16850966515126042,-0.16483208042278183,0.16956872014211774,-0.505410504417392,-0.45685176554134643,0.0958239899913768,0.1502208881552592,0.158,0.316,0.316,-0.14999999999999997,correction_completion,PT_violation_g05,1,200,154,1790628368,reference_fold_convolution_rf,,,,
PRE,k=-3,,,-3.0,reference_fold_pretrend,-0.08078488583279535,-0.08045935867467993,0.1494294859380291,-0.3717567938211943,-0.3335603153724403,0.164736652255227,0.21118787632934813,0.3,0.6,0.6,-0.09999999999999998,correction_completion,PT_violation_g05,1,200,154,1790628368,reference_fold_convolution_rf,,,,
PRE,k=-2,,,-2.0,reference_fold_pretrend,-0.04794251884779133,-0.022958877443200167,0.12571244588766586,-0.32556431458447854,-0.2715662447522025,0.14827259936485157,0.19431509691076707,0.43933333333333335,0.8786666666666667,0.8786666666666667,-0.04999999999999999,correction_completion,PT_violation_g05,1,200,154,1790628368,reference_fold_convolution_rf,,,,
PRE,slope,,,,reference_fold_pretrend,0.05107437756908308,0.04913520253531711,0.05884803034062148,-0.060178504868082294,-0.043510424259071236,0.1500833064469871,0.17596334238981148,0.186,0.372,0.372,0.04999999999999999,correction_completion,PT_violation_g05,1,200,154,1790628368,reference_fold_convolution_rf,,,,
PRE_SUB,X1=0_k=-4,,,-4.0,reference_fold_pretrend,-0.17114971859259745,-0.16749117780452275,0.17516640480872123,-0.5186907546474255,-0.460237478976748,0.114249929804172,0.16646058618239323,0.16333333333333333,0.32666666666666666,0.32666666666666666,-0.14999999999999994,correction_completion,PT_violation_g05,1,200,154,1790628368,reference_fold_convolution_rf,,,,
PRE_SUB,X1=0_k=-3,,,-3.0,reference_fold_pretrend,-0.0855139751345703,-0.08339598476014859,0.15307179548399485,-0.38626826475480674,-0.34362753169376703,0.16064666555733617,0.2110414944203369,0.29533333333333334,0.5906666666666667,0.5906666666666667,-0.09999999999999996,correction_completion,PT_violation_g05,1,200,154,1790628368,reference_fold_convolution_rf,,,,
PRE_SUB,X1=0_k=-2,,,-2.0,reference_fold_pretrend,-0.04847277806130399,-0.021724366339650525,0.12905694239301516,-0.3324061871895297,-0.2819559503351705,0.1483379518712724,0.19737314644032322,0.44733333333333336,0.8946666666666667,0.8946666666666667,-0.04999999999999998,correction_completion,PT_violation_g05,1,200,154,1790628368,reference_fold_convolution_rf,,,,
PRE_SUB,X1=1_k=-4,,,-4.0,reference_fold_pretrend,-0.16559460614311744,-0.15792580214692192,0.16963474106018872,-0.5027593457766669,-0.45241026573184956,0.09624049144328066,0.15470045865375198,0.16466666666666666,0.3293333333333333,0.3293333333333333,-0.15,correction_completion,PT_violation_g05,1,200,154,1790628368,reference_fold_convolution_rf,,,,
PRE_SUB,X1=1_k=-3,,,-3.0,reference_fold_pretrend,-0.0755631830620855,-0.07514538287854869,0.14894880615302786,-0.3637972944624033,-0.3251609114785948,0.17226617412717202,0.2149402807902006,0.314,0.628,0.628,-0.09999999999999999,correction_completion,PT_violation_g05,1,200,154,1790628368,reference_fold_convolution_rf,,,,
PRE_SUB,X1=1_k=-2,,,-2.0,reference_fold_pretrend,-0.04735702429953777,-0.022786962152873402,0.12511052777199091,-0.3185570789540092,-0.2614682833282181,0.15087224895555493,0.1934585956380031,0.44133333333333336,0.8826666666666667,0.8826666666666667,-0.049999999999999996,correction_completion,PT_violation_g05,1,200,154,1790628368,reference_fold_convolution_rf,,,,
PRE_SUB,X2=low_k=-4,,,-4.0,reference_fold_pretrend,-0.15609568671669313,-0.15240751701299438,0.17223008243521373,-0.4942404629257559,-0.44375721328288864,0.11594377912799253,0.17094914004659517,0.18466666666666667,0.36933333333333335,0.36933333333333335,-0.15000000000000002,correction_completion,PT_violation_g05,1,200,154,1790628368,reference_fold_convolution_rf,,,,
PRE_SUB,X2=low_k=-3,,,-3.0,reference_fold_pretrend,-0.07101048345277872,-0.07094000182245963,0.15082496538652848,-0.3660531604240886,-0.32190491922229647,0.17235609776954075,0.22630094923110897,0.3233333333333333,0.6466666666666666,0.6466666666666666,-0.1,correction_completion,PT_violation_g05,1,200,154,1790628368,reference_fold_convolution_rf,,,,
PRE_SUB,X2=low_k=-2,,,-2.0,reference_fold_pretrend,-0.04246406178812839,-0.01824118401386951,0.12657900736909058,-0.3140327671539876,-0.263735789689672,0.16009222697336087,0.20328167295163294,0.4533333333333333,0.9066666666666666,0.9066666666666666,-0.05,correction_completion,PT_violation_g05,1,200,154,1790628368,reference_fold_convolution_rf,,,,
PRE_SUB,X2=high_k=-4,,,-4.0,reference_fold_pretrend,-0.1882985373787291,-0.18047375489141299,0.17246050659905773,-0.5378773416035846,-0.48218798123146045,0.08315452510383009,0.13069251712925048,0.132,0.264,0.264,-0.15000000000000002,correction_completion,PT_violation_g05,1,200,154,1790628368,reference_fold_convolution_rf,,,,
PRE_SUB,X2=high_k=-3,,,-3.0,reference_fold_pretrend,-0.0968337568632084,-0.0937079587815317,0.15314674403758388,-0.39896497889217203,-0.3596153048532097,0.14930350984016702,0.20410263752373323,0.28,0.56,0.56,-0.1,correction_completion,PT_violation_g05,1,200,154,1790628368,reference_fold_convolution_rf,,,,
PRE_SUB,X2=high_k=-2,,,-2.0,reference_fold_pretrend,-0.055780301901532964,-0.030015054119755743,0.12962511620959277,-0.34207752848875606,-0.28775033877263523,0.14397261231594816,0.19240628514258945,0.4266666666666667,0.8533333333333334,0.8533333333333334,-0.05,correction_completion,PT_violation_g05,1,200,154,1790628368,reference_fold_convolution_rf,,,,
PRE_SUBC,X1_k=-4,,,-4.0,reference_fold_pretrend,0.005555112449480002,0.014832071172724223,0.06405564572310704,-0.18628507633728741,-0.11971093776829332,0.06433187723857475,0.0808692918441404,0.2886666666666667,0.5773333333333334,0.5773333333333334,-4.163336342344337e-17,correction_completion,PT_violation_g05,1,200,154,1790628368,reference_fold_convolution_rf,,,,
PRE_SUBC,X1_k=-3,,,-3.0,reference_fold_pretrend,0.009950792072484824,0.012871546379098313,0.045222334813989164,-0.11524528123026909,-0.04843175912493394,0.056567596614002874,0.06881809680070991,0.2833333333333333,0.5666666666666667,0.5666666666666667,-2.7755575615628914e-17,correction_completion,PT_violation_g05,1,200,154,1790628368,reference_fold_convolution_rf,,,,
PRE_SUBC,X1_k=-2,,,-2.0,reference_fold_pretrend,0.0011157537617662308,0.001830826583709715,0.03879692816782235,-0.09123878253741151,-0.03747896014592671,0.03748497423051204,0.04658544313524712,0.468,0.936,0.936,-1.3877787807814457e-17,correction_completion,PT_violation_g05,1,200,154,1790628368,reference_fold_convolution_rf,,,,
PRE_SUBC,X1_slope,,,,reference_fold_pretrend,-0.0026916196610839915,-0.0052497800310228986,0.020569540730277086,-0.028104198371961462,-0.022484474559688425,0.035910577836838195,0.05790774980805442,0.27666666666666667,0.5533333333333333,0.5533333333333333,1.3877787807814457e-17,correction_completion,PT_violation_g05,1,200,154,1790628368,reference_fold_convolution_rf,,,,
PRE_SUBC,X2_k=-4,,,-4.0,reference_fold_pretrend,-0.03220285066203596,-0.019006454233454956,0.058317564646710666,-0.21616654400177704,-0.13935225107040838,0.01705583307258523,0.024887734168374247,0.184,0.368,0.368,-0.0,correction_completion,PT_violation_g05,1,200,154,1790628368,reference_fold_convolution_rf,,,,
PRE_SUBC,X2_k=-3,,,-3.0,reference_fold_pretrend,-0.02582327341042969,-0.015033393683336838,0.050286159114294154,-0.18688791404926638,-0.10394289370527933,0.014210056429319053,0.02100338036929496,0.21,0.42,0.42,-0.0,correction_completion,PT_violation_g05,1,200,154,1790628368,reference_fold_convolution_rf,,,,
PRE_SUBC,X2_k=-2,,,-2.0,reference_fold_pretrend,-0.013316240113404569,-0.004095449638746277,0.0423998853051368,-0.12813120964952632,-0.05406499805249717,0.016781117705047973,0.02127336328757766,0.4126666666666667,0.8253333333333334,0.8253333333333334,-0.0,correction_completion,PT_violation_g05,1,200,154,1790628368,reference_fold_convolution_rf,,,,
PRE_SUBC,X2_slope,,,,reference_fold_pretrend,0.0115408099228837,0.006816255916535126,0.021287387096081443,-0.00891485868030899,-0.005358108715957843,0.04591903344188935,0.07357078423280679,0.174,0.348,0.348,0.0,correction_completion,PT_violation_g05,1,200,154,1790628368,reference_fold_convolution_rf,,,,
PRE,k=-4,,,-4.0,pretrend,-0.5428747693843191,-0.535258564840559,0.1726859538953303,-0.9006483705308919,-0.8325168748819844,-0.2698572322847047,-0.22387529487429197,0.002,0.004,0.004,-0.3,correction_completion,PT_violation_g10,1,200,138,4270173387,raw_structured,,,,
PRE,k=-3,,,-3.0,pretrend,-0.4971673088304561,-0.4878599366419585,0.1695141328119925,-0.8327340803986023,-0.7749881178422676,-0.22917064193551245,-0.17045182153499983,0.0026666666666666666,0.005333333333333333,0.005333333333333333,-0.19999999999999998,correction_completion,PT_violation_g10,1,200,138,4270173387,raw_structured,,,,
PRE,k=-2,,,-2.0,pretrend,-0.07617370207397327,0.0,0.1492704185518299,-0.4296851394252952,-0.36497838672449384,0.12378373830708697,0.18202366399554545,0.5413333333333333,1.0,1.0,-0.09999999999999999,correction_completion,PT_violation_g10,1,200,138,4270173387,raw_structured,,,,
PRE,slope,,,,pretrend,0.1927951877062745,0.1887038505984803,0.06261005585362783,0.07808778742552487,0.09719271485367785,0.3005697830765663,0.32090121891921675,0.002,0.004,0.004,0.09999999999999999,correction_completion,PT_violation_g10,1,200,138,4270173387,raw_structured,,,,
PRE_SUB,X1=0_k=-4,,,-4.0,pretrend,-0.543564808803375,-0.5346911120038533,0.17670909643964924,-0.9044484423337706,-0.8409922968866037,-0.26678957109318574,-0.2191249050795494,0.002,0.004,0.004,-0.2999999999999998,correction_completion,PT_violation_g10,1,200,138,4270173387,raw_structured,,,,
PRE_SUB,X1=0_k=-3,,,-3.0,pretrend,-0.49539267121540215,-0.4864029058363673,0.17129259254936618,-0.8327340803986019,-0.7730648534312056,-0.22055803272015223,-0.16445707539814164,0.0033333333333333335,0.006666666666666667,0.006666666666666667,-0.1999999999999999,correction_completion,PT_violation_g10,1,200,138,4270173387,raw_structured,,,,
PRE_SUB,X1=0_k=-2,,,-2.0,pretrend,-0.074376417978043,0.0,0.15003116270783234,-0.42690876972619984,-0.3639221575183553,0.12588725451106808,0.18468079903997064,0.546,1.0,1.0,-0.09999999999999995,correction_completion,PT_violation_g10,1,200,138,4270173387,raw_structured,,,,
PRE_SUB,X1=1_k=-4,,,-4.0,pretrend,-0.5422510799094034,-0.5340563393201003,0.17394359722691688,-0.9024942136559414,-0.8351390680977739,-0.2669929960645852,-0.21982960457149936,0.002,0.004,0.004,-0.2999999999999999,correction_completion,PT_violation_g10,1,200,138,4270173387,raw_structured,,,,
PRE_SUB,X1=1_k=-3,,,-3.0,pretrend,-0.49877130821329335,-0.48811343787497663,0.1700718582360453,-0.8387545075661909,-0.7834534402252983,-0.2293751939935199,-0.170451821535,0.002,0.004,0.004,-0.19999999999999993,correction_completion,PT_violation_g10,1,200,138,4270173387,raw_structured,,,,
PRE_SUB,X1=1_k=-2,,,-2.0,pretrend,-0.07779817039144869,0.0,0.15032392433128364,-0.43251525332910284,-0.3699138843214462,0.12160262003543097,0.18377644980145136,0.542,1.0,1.0,-0.09999999999999996,correction_completion,PT_violation_g10,1,200,138,4270173387,raw_structured,,,,
PRE_SUB,X2=low_k=-4,,,-4.0,pretrend,-0.5335725824891695,-0.5284385885960892,0.17608508251512486,-0.8985770690955522,-0.8310445631183588,-0.25528979664866874,-0.20407064543812398,0.0026666666666666666,0.005333333333333333,0.005333333333333333,-0.30000000000000004,correction_completion,PT_violation_g10,1,200,138,4270173387,raw_structured,,,,
PRE_SUB,X2=low_k=-3,,,-3.0,pretrend,-0.4899727395770898,-0.48474467460589243,0.17139764766977889,-0.8242176208878943,-0.7693820040195486,-0.2185258562564253,-0.1609183989924598,0.0033333333333333335,0.006666666666666667,0.006666666666666667,-0.2,correction_completion,PT_violation_g10,1,200,138,4270173387,raw_structured,,,,
PRE_SUB,X2=low_k=-2,,,-2.0,pretrend,-0.06965911827864919,0.0,0.14910923704163087,-0.42296905642360694,-0.36054341197412454,0.1348757570764692,0.20460028621462564,0.5533333333333333,1.0,1.0,-0.1,correction_completion,PT_violation_g10,1,200,138,4270173387,raw_structured,,,,
PRE_SUB,X2=high_k=-4,,,-4.0,pretrend,-0.5542433295095303,-0.543841121721989,0.18117256878284244,-0.9325968388041955,-0.8550884244021744,-0.27253209184540966,-0.22549476807037466,0.002,0.004,0.004,-0.30000000000000004,correction_completion,PT_violation_g10,1,200,138,4270173387,raw_structured,,,,
PRE_SUB,X2=high_k=-3,,,-3.0,pretrend,-0.5070940540047404,-0.49373298198939974,0.1776484926193574,-0.87944099894149,-0.8070572952037202,-0.23038887293471208,-0.1737658793204767,0.0026666666666666666,0.005333333333333333,0.005333333333333333,-0.2,correction_completion,PT_violation_g10,1,200,138,4270173387,raw_structured,,,,
PRE_SUB,X2=high_k=-2,,,-2.0,pretrend,-0.08558085150530186,0.0,0.15967117794460664,-0.48879912387541624,-0.395727751593485,0.11144520916706263,0.17012438902576413,0.5333333333333333,1.0,1.0,-0.1,correction_completion,PT_violation_g10,1,200,138,4270173387,raw_structured,,,,
PRE_SUBC,X1_k=-4,,,-4.0,pretrend,0.0013137288939716492,0.0,0.05995348927440797,-0.062091533017518734,-0.036075683049780996,0.004155195725191491,0.08808712012327426,0.5266666666666666,1.0,1.0,-4.163336342344337e-17,correction_completion,PT_violation_g10,1,200,138,4270173387,raw_structured,,,,
PRE_SUBC,X1_k=-3,,,-3.0,pretrend,-0.0033786369978911477,0.0,0.0394066255308542,-0.05655800938920233,-0.02893087813250809,1.8346435481930687e-15,0.0036351472574745382,0.5246666666666666,1.0,1.0,-2.7755575615628914e-17,correction_completion,PT_violation_g10,1,200,138,4270173387,raw_structured,,,,
PRE_SUBC,X1_k=-2,,,-2.0,pretrend,-0.003421752413405687,0.0,0.03314085405078772,-0.052152197898703005,-0.02016238263226173,8.062994716340187e-16,1.2463988174893312e-15,0.7006666666666667,1.0,1.0,-1.3877787807814457e-17,correction_completion,PT_violation_g10,1,200,138,4270173387,raw_structured,,,,
PRE_SUBC,X1_slope,,,,pretrend,0.0004455599805195027,0.0,0.01875712272808354,-0.025987992232568573,-0.0012242532484188409,0.015462527118685288,0.02641839513196559,0.506,1.0,1.0,1.3877787807814457e-17,correction_completion,PT_violation_g10,1,200,138,4270173387,raw_structured,,,,
PRE_SUBC,X2_k=-4,,,-4.0,pretrend,-0.020670747020360734,-5.551115123125783e-17,0.08676843444839742,-0.3499826763879253,-0.2192546821802417,1.892930256985887e-15,0.013333616671665376,0.498,0.996,0.996,-0.0,correction_completion,PT_violation_g10,1,200,138,4270173387,raw_structured,,,,
PRE_SUBC,X2_k=-3,,,-3.0,pretrend,-0.0171213144276506,-5.551115123125783e-17,0.0782499232487187,-0.32230502343223233,-0.15706718285601293,1.3322676295501878e-15,0.0014518066604160978,0.49333333333333335,0.9866666666666667,0.9866666666666667,-0.0,correction_completion,PT_violation_g10,1,200,138,4270173387,raw_structured,,,,
PRE_SUBC,X2_k=-2,,,-2.0,pretrend,-0.015921733226652662,0.0,0.07170856728833412,-0.28741552874691007,-0.0947559563666449,6.661338147750939e-16,1.0283440765590437e-15,0.6866666666666666,1.0,1.0,-0.0,correction_completion,PT_violation_g10,1,200,138,4270173387,raw_structured,,,,
PRE_SUBC,X2_slope,,,,pretrend,0.008012614510216861,2.3790493384824782e-17,0.03359434987338801,-0.003719510393813905,-6.843731930367929e-16,0.07871403798957116,0.13642488230439606,0.47,0.94,0.94,0.0,correction_completion,PT_violation_g10,1,200,138,4270173387,raw_structured,,,,
PRE,k=-4,,,-4.0,reference_fold_pretrend,-0.5335610101671115,-0.5334293772511034,0.167074874046212,-0.8637204068527864,-0.8076462671954162,-0.2619034449685745,-0.21874602158590564,0.0,0.0,0.0,-0.3,correction_completion,PT_violation_g10,1,200,138,4270173387,reference_fold_convolution_rf,,,,
PRE,k=-3,,,-3.0,reference_fold_pretrend,-0.44956576138808746,-0.4485903759887813,0.1623728975243982,-0.7823868266928958,-0.7182098140293763,-0.19866209902747617,-0.14773504770230086,0.0013333333333333333,0.0026666666666666666,0.0026666666666666666,-0.19999999999999998,correction_completion,PT_violation_g10,1,200,138,4270173387,reference_fold_convolution_rf,,,,
PRE,k=-2,,,-2.0,reference_fold_pretrend,-0.11528313871048275,-0.10000067740477553,0.13900503169221726,-0.414736596788238,-0.35678599044233184,0.08094567003587441,0.11510197567156806,0.27666666666666667,0.5533333333333333,0.5533333333333333,-0.09999999999999999,correction_completion,PT_violation_g10,1,200,138,4270173387,reference_fold_convolution_rf,,,,
PRE,slope,,,,reference_fold_pretrend,0.18679269228485662,0.18581507024135246,0.059987981226939296,0.07202715618371305,0.09209236738454828,0.28779841361327596,0.3076201881741037,0.0006666666666666666,0.0013333333333333333,0.0013333333333333333,0.09999999999999999,correction_completion,PT_violation_g10,1,200,138,4270173387,reference_fold_convolution_rf,,,,
PRE_SUB,X1=0_k=-4,,,-4.0,reference_fold_pretrend,-0.5339730511573355,-0.5324788070512604,0.16784036181004722,-0.8662211155240828,-0.8117951385539321,-0.26365929227735946,-0.21807636428342436,0.0,0.0,0.0,-0.2999999999999998,correction_completion,PT_violation_g10,1,200,138,4270173387,reference_fold_convolution_rf,,,,
PRE_SUB,X1=0_k=-3,,,-3.0,reference_fold_pretrend,-0.4511747714990473,-0.4485153933494591,0.16312609886983714,-0.7849270493092472,-0.7263325583424031,-0.19312516284769074,-0.14541206957622194,0.0006666666666666666,0.0013333333333333333,0.0013333333333333333,-0.1999999999999999,correction_completion,PT_violation_g10,1,200,138,4270173387,reference_fold_convolution_rf,,,,
PRE_SUB,X1=0_k=-2,,,-2.0,reference_fold_pretrend,-0.11097172858999005,-0.0946503656179126,0.13873129962641112,-0.4096953899485902,-0.3554523594841997,0.0856985544383688,0.11795988681449664,0.284,0.568,0.568,-0.09999999999999995,correction_completion,PT_violation_g10,1,200,138,4270173387,reference_fold_convolution_rf,,,,
PRE_SUB,X1=1_k=-4,,,-4.0,reference_fold_pretrend,-0.5331885885028708,-0.531744411335797,0.17056191725758613,-0.8697556412253847,-0.8128006082886036,-0.25582303629719405,-0.21285670562013143,0.0,0.0,0.0,-0.2999999999999999,correction_completion,PT_violation_g10,1,200,138,4270173387,reference_fold_convolution_rf,,,,
PRE_SUB,X1=1_k=-3,,,-3.0,reference_fold_pretrend,-0.4481114637877967,-0.44638564883792586,0.16482941598586218,-0.787450693531475,-0.7256530397597596,-0.18950845294407864,-0.15081734513148698,0.002,0.004,0.004,-0.19999999999999993,correction_completion,PT_violation_g10,1,200,138,4270173387,reference_fold_convolution_rf,,,,
PRE_SUB,X1=1_k=-2,,,-2.0,reference_fold_pretrend,-0.11917999016554344,-0.10453737092629786,0.14156767170778103,-0.42579483820679603,-0.36307819240759326,0.08003312898117025,0.1125181424061737,0.2713333333333333,0.5426666666666666,0.5426666666666666,-0.09999999999999996,correction_completion,PT_violation_g10,1,200,138,4270173387,reference_fold_convolution_rf,,,,
PRE_SUB,X2=low_k=-4,,,-4.0,reference_fold_pretrend,-0.4912066965147971,-0.4960208864278732,0.17854806779386817,-0.8383590657151171,-0.7791398948602667,-0.20091919729314936,-0.1401141878556083,0.0026666666666666666,0.005333333333333333,0.005333333333333333,-0.30000000000000004,correction_completion,PT_violation_g10,1,200,138,4270173387,reference_fold_convolution_rf,,,,
PRE_SUB,X2=low_k=-3,,,-3.0,reference_fold_pretrend,-0.3988550955527055,-0.3945570331126811,0.17039516395459392,-0.7353793538630249,-0.6748032663509017,-0.13408672842166405,-0.06829113427696389,0.008666666666666666,0.017333333333333333,0.017333333333333333,-0.2,correction_completion,PT_violation_g10,1,200,138,4270173387,reference_fold_convolution_rf,,,,
PRE_SUB,X2=low_k=-2,,,-2.0,reference_fold_pretrend,-0.09675721583977157,-0.08298992396802041,0.1460800291187537,-0.4144456429477832,-0.34991679070725007,0.1212840709699146,0.1811976439212419,0.326,0.652,0.652,-0.1,correction_completion,PT_violation_g10,1,200,138,4270173387,reference_fold_convolution_rf,,,,
PRE_SUB,X2=high_k=-4,,,-4.0,reference_fold_pretrend,-0.5572125178797461,-0.5547464060856646,0.1796626490804572,-0.9243207447725807,-0.8621515070161739,-0.2718778821513975,-0.22927810814655264,0.0,0.0,0.0,-0.30000000000000004,correction_completion,PT_violation_g10,1,200,138,4270173387,reference_fold_convolution_rf,,,,
PRE_SUB,X2=high_k=-3,,,-3.0,reference_fold_pretrend,-0.47206543715322263,-0.46469629712939475,0.1757805493887199,-0.832952773302118,-0.7702282001737895,-0.20565913893817592,-0.15690331030498403,0.0013333333333333333,0.0026666666666666666,0.0026666666666666666,-0.2,correction_completion,PT_violation_g10,1,200,138,4270173387,reference_fold_convolution_rf,,,,
PRE_SUB,X2=high_k=-2,,,-2.0,reference_fold_pretrend,-0.13620588673971934,-0.11767428917347411,0.15538421975517547,-0.4851378294962732,-0.4196212280075931,0.073560825938275,0.11100278518119544,0.25666666666666665,0.5133333333333333,0.5133333333333333,-0.1,correction_completion,PT_violation_g10,1,200,138,4270173387,reference_fold_convolution_rf,,,,
PRE_SUBC,X1_k=-4,,,-4.0,reference_fold_pretrend,0.0007844626544646422,0.00711316191622996,0.05447985248353192,-0.1489334670583068,-0.07216962582707806,0.03321706603114671,0.08368054822634231,0.31733333333333336,0.6346666666666667,0.6346666666666667,-4.163336342344337e-17,correction_completion,PT_violation_g10,1,200,138,4270173387,reference_fold_convolution_rf,,,,
PRE_SUBC,X1_k=-3,,,-3.0,reference_fold_pretrend,0.003063307711250606,0.011422740279918658,0.046473909715222174,-0.1380387891546671,-0.053615843214762406,0.030053023094555608,0.04069329887432446,0.21666666666666667,0.43333333333333335,0.43333333333333335,-2.7755575615628914e-17,correction_completion,PT_violation_g10,1,200,138,4270173387,reference_fold_convolution_rf,,,,
PRE_SUBC,X1_k=-2,,,-2.0,reference_fold_pretrend,-0.008208261575553382,-0.0002897643653126383,0.037010312244503796,-0.07714822307167066,-0.05227481614661261,0.01325722100722141,0.01665209604433331,0.486,0.972,0.972,-1.3877787807814457e-17,correction_completion,PT_violation_g10,1,200,138,4270173387,reference_fold_convolution_rf,,,,
PRE_SUBC,X1_slope,,,,reference_fold_pretrend,-1.9410129310125462e-05,-0.003168651493933362,0.019569685074303775,-0.027749096308294148,-0.012021690178430224,0.0266203056822539,0.05395073048318168,0.2813333333333333,0.5626666666666666,0.5626666666666666,1.3877787807814457e-17,correction_completion,PT_violation_g10,1,200,138,4270173387,reference_fold_convolution_rf,,,,
PRE_SUBC,X2_k=-4,,,-4.0,reference_fold_pretrend,-0.06600582136494902,-0.027705384828790647,0.11497249659963212,-0.4298875487170817,-0.35543306272249103,0.01610396776190344,0.026038684287823587,0.15,0.3,0.3,-0.0,correction_completion,PT_violation_g10,1,200,138,4270173387,reference_fold_convolution_rf,,,,
PRE_SUBC,X2_k=-3,,,-3.0,reference_fold_pretrend,-0.07321034160051715,-0.036701390411626636,0.1114327952365457,-0.43345246579834373,-0.365147538180705,0.0023973151804485694,0.011564989239948134,0.05733333333333333,0.11466666666666667,0.11466666666666667,-0.0,correction_completion,PT_violation_g10,1,200,138,4270173387,reference_fold_convolution_rf,,,,
PRE_SUBC,X2_k=-2,,,-2.0,reference_fold_pretrend,-0.03944867089994776,-0.0008384334886904349,0.10788384691511127,-0.39910192910927966,-0.3251563475151332,0.026910933061766187,0.03334599102785281,0.48333333333333334,0.9666666666666667,0.9666666666666667,-0.0,correction_completion,PT_violation_g10,1,200,138,4270173387,reference_fold_convolution_rf,,,,
PRE_SUBC,X2_slope,,,,reference_fold_pretrend,0.027420487013987794,0.011085273750539358,0.04751626892990585,-0.007592136266007194,-0.0038021563868287627,0.15166540421083,0.1797240233530669,0.11466666666666667,0.22933333333333333,0.22933333333333333,0.0,correction_completion,PT_violation_g10,1,200,138,4270173387,reference_fold_convolution_rf,,,,
PRE,k=-4,,,-4.0,pretrend,-0.35557375525836704,-0.35324950864592286,0.18203055495092624,-0.7300030839768329,-0.6543415109360458,-0.04418968586176888,0.0,0.03,0.06,0.06,-0.5999999999999999,correction_completion,PT_violation_g20,1,200,122,2935199667,raw_structured,,,,
PRE,k=-3,,,-3.0,pretrend,-0.250339780807384,-0.25612206142714206,0.17773864738931405,-0.5973074099857594,-0.5316024913290075,0.007048099413104876,0.0676093346349716,0.114,0.228,0.228,-0.3999999999999999,correction_completion,PT_violation_g20,1,200,122,2935199667,raw_structured,,,,
PRE,k=-2,,,-2.0,pretrend,-0.12622417440532582,-0.0989510457236452,0.15762300083012512,-0.46587054946914286,-0.40572433522840723,0.07483438399590484,0.13739119178874262,0.3606666666666667,0.7213333333333334,0.7213333333333334,-0.19999999999999996,correction_completion,PT_violation_g20,1,200,122,2935199667,raw_structured,,,,
PRE,slope,,,,pretrend,0.1209732144139425,0.1218415313038321,0.06500385825602806,0.0,0.012025529841650489,0.22981761022296143,0.25039454439215897,0.034666666666666665,0.06933333333333333,0.06933333333333333,0.19999999999999996,correction_completion,PT_violation_g20,1,200,122,2935199667,raw_structured,,,,
PRE_SUB,X1=0_k=-4,,,-4.0,pretrend,-0.35946336304501825,-0.35468198679345936,0.18426777347401246,-0.7374143962767361,-0.6691911773527922,-0.04557978772231252,0.0,0.03,0.06,0.06,-0.5999999999999998,correction_completion,PT_violation_g20,1,200,122,2935199667,raw_structured,,,,
PRE_SUB,X1=0_k=-3,,,-3.0,pretrend,-0.25321626333657876,-0.2586092480710337,0.17917310599569772,-0.5999248829370977,-0.5446001493773315,0.0028427346178853587,0.061243730968601404,0.11266666666666666,0.22533333333333333,0.22533333333333333,-0.39999999999999986,correction_completion,PT_violation_g20,1,200,122,2935199667,raw_structured,,,,
PRE_SUB,X1=0_k=-2,,,-2.0,pretrend,-0.12838222760721302,-0.10300674946236227,0.15915643172876237,-0.4706502470247982,-0.41271042088736326,0.07041017299799565,0.13137492975902332,0.3606666666666667,0.7213333333333334,0.7213333333333334,-0.19999999999999993,correction_completion,PT_violation_g20,1,200,122,2935199667,raw_structured,,,,
PRE_SUB,X1=1_k=-4,,,-4.0,pretrend,-0.35100769394360243,-0.3486657204901794,0.1818686235664815,-0.7260945041386896,-0.6547028276179615,-0.04536951715983717,0.0,0.03133333333333333,0.06266666666666666,0.06266666666666666,-0.5999999999999996,correction_completion,PT_violation_g20,1,200,122,2935199667,raw_structured,,,,
PRE_SUB,X1=1_k=-3,,,-3.0,pretrend,-0.246963040447025,-0.25202447699199443,0.17796941020616608,-0.5903399844429943,-0.5290633206983009,0.016298186503342922,0.0727174640108631,0.12066666666666667,0.24133333333333334,0.24133333333333334,-0.3999999999999998,correction_completion,PT_violation_g20,1,200,122,2935199667,raw_structured,,,,
PRE_SUB,X1=1_k=-2,,,-2.0,pretrend,-0.12369080760311037,-0.09827746191412268,0.15696132624124548,-0.4519815563827027,-0.40472376736684496,0.075519020473882,0.13984106316518843,0.36866666666666664,0.7373333333333333,0.7373333333333333,-0.1999999999999999,correction_completion,PT_violation_g20,1,200,122,2935199667,raw_structured,,,,
PRE_SUB,X2=low_k=-4,,,-4.0,pretrend,-0.313050653983452,-0.3112525450704925,0.1928675555997175,-0.690305547224743,-0.6314942254042203,0.0,0.05439473868015653,0.06533333333333333,0.13066666666666665,0.13066666666666665,-0.6000000000000001,correction_completion,PT_violation_g20,1,200,122,2935199667,raw_structured,,,,
PRE_SUB,X2=low_k=-3,,,-3.0,pretrend,-0.21174955288780442,-0.2199351530191275,0.188493086768713,-0.5752092734759789,-0.5144281282073278,0.08333648054849739,0.1672985890357451,0.17933333333333334,0.3586666666666667,0.3586666666666667,-0.4,correction_completion,PT_violation_g20,1,200,122,2935199667,raw_structured,,,,
PRE_SUB,X2=low_k=-2,,,-2.0,pretrend,-0.09246346675130306,-0.03929046879438834,0.16669310344660454,-0.42929830111552353,-0.3880841873661835,0.15924737483608836,0.21856399741671498,0.458,0.916,0.916,-0.2,correction_completion,PT_violation_g20,1,200,122,2935199667,raw_structured,,,,
PRE_SUB,X2=high_k=-4,,,-4.0,pretrend,-0.41032756544139676,-0.3966929785750352,0.2097095610986045,-0.8327451104175462,-0.7548775189322957,-0.07314196230888406,-0.00017632456380271215,0.025333333333333333,0.050666666666666665,0.050666666666666665,-0.6000000000000001,correction_completion,PT_violation_g20,1,200,122,2935199667,raw_structured,,,,
PRE_SUB,X2=high_k=-3,,,-3.0,pretrend,-0.2995305350954639,-0.29560874189137076,0.2024340969662038,-0.7067663183606212,-0.6238630970303111,0.0,0.0282238151457179,0.09933333333333333,0.19866666666666666,0.19866666666666666,-0.4,correction_completion,PT_violation_g20,1,200,122,2935199667,raw_structured,,,,
PRE_SUB,X2=high_k=-2,,,-2.0,pretrend,-0.1723919904500536,-0.15176385309897256,0.18514948469474674,-0.568783203411312,-0.4999912958199515,0.028603794895883845,0.10652752783795397,0.326,0.652,0.652,-0.2,correction_completion,PT_violation_g20,1,200,122,2935199667,raw_structured,,,,
PRE_SUBC,X1_k=-4,,,-4.0,pretrend,0.008455669101415854,1.1102230246251565e-16,0.04089468416353149,-0.0510721926241623,-0.025101402807477042,0.06957646567269025,0.09220394300631699,0.43133333333333335,0.8626666666666667,0.8626666666666667,8.326672684688674e-17,correction_completion,PT_violation_g20,1,200,122,2935199667,raw_structured,,,,
PRE_SUBC,X1_k=-3,,,-3.0,pretrend,0.006253222889553781,8.326672684688674e-17,0.035566799017257004,-0.046851475736017015,-0.022701630193549982,0.06571063248597976,0.08446412585997753,0.46066666666666667,0.9213333333333333,0.9213333333333333,5.551115123125783e-17,correction_completion,PT_violation_g20,1,200,122,2935199667,raw_structured,,,,
PRE_SUBC,X1_k=-2,,,-2.0,pretrend,0.004691420004102651,0.0,0.02589461566654447,-0.039172385537348,-0.01514450693551468,0.0485219980561111,0.0698412268760617,0.5713333333333334,1.0,1.0,2.7755575615628914e-17,correction_completion,PT_violation_g20,1,200,122,2935199667,raw_structured,,,,
PRE_SUBC,X1_slope,,,,pretrend,-0.0030403480776755552,-4.9315710245626377e-17,0.014614170180949012,-0.03601998723539246,-0.027837204124280673,0.010757744060347622,0.02060117045665196,0.4226666666666667,0.8453333333333334,0.8453333333333334,-2.7755575615628914e-17,correction_completion,PT_violation_g20,1,200,122,2935199667,raw_structured,,,,
PRE_SUBC,X2_k=-4,,,-4.0,pretrend,-0.09727691145794476,-3.3306690738754696e-16,0.16462659739165128,-0.5361126027117913,-0.43210125201014543,8.326672684688674e-16,1.4578616092109049e-15,0.346,0.692,0.692,-0.0,correction_completion,PT_violation_g20,1,200,122,2935199667,raw_structured,,,,
PRE_SUBC,X2_k=-3,,,-3.0,pretrend,-0.08778098220765952,-2.220446049250313e-16,0.15898656241515136,-0.5203313933614739,-0.4106249719189366,7.771561172376096e-16,1.1175088632242572e-15,0.38266666666666665,0.7653333333333333,0.7653333333333333,-0.0,correction_completion,PT_violation_g20,1,200,122,2935199667,raw_structured,,,,
PRE_SUBC,X2_k=-2,,,-2.0,pretrend,-0.07992852369875053,-1.9081958235744878e-17,0.15368357014052111,-0.5022279050217856,-0.39212671057347753,4.996003610813204e-16,7.15053016797638e-16,0.49933333333333335,0.9986666666666667,0.9986666666666667,-0.0,correction_completion,PT_violation_g20,1,200,122,2935199667,raw_structured,,,,
PRE_SUBC,X2_slope,,,,pretrend,0.03909437303485027,1.2130673449866385e-16,0.06750264676795746,-4.758098676964956e-16,-2.8756758878906957e-16,0.17495341346484997,0.21966005881597248,0.3273333333333333,0.6546666666666666,0.6546666666666666,0.0,correction_completion,PT_violation_g20,1,200,122,2935199667,raw_structured,,,,
PRE,k=-4,,,-4.0,reference_fold_pretrend,-0.40288219568308226,-0.4019759192033977,0.17655114361233012,-0.7579905118615845,-0.7008177739574426,-0.12442396290660351,-0.0591282054619684,0.01,0.02,0.02,-0.5999999999999999,correction_completion,PT_violation_g20,1,200,122,2935199667,reference_fold_convolution_rf,,,,
PRE,k=-3,,,-3.0,reference_fold_pretrend,-0.2769082610690497,-0.2706295915422675,0.16115686806715257,-0.5984921257706471,-0.5464787007164857,-0.019776949681146183,0.019241725023584406,0.03933333333333333,0.07866666666666666,0.07866666666666666,-0.3999999999999999,correction_completion,PT_violation_g20,1,200,122,2935199667,reference_fold_convolution_rf,,,,
PRE,k=-2,,,-2.0,reference_fold_pretrend,-0.17704476489780246,-0.1656185132391787,0.15406779908361873,-0.5066506351146015,-0.4584770118801725,0.04009669352083243,0.08547129773991638,0.15666666666666668,0.31333333333333335,0.31333333333333335,-0.19999999999999996,correction_completion,PT_violation_g20,1,200,122,2935199667,reference_fold_convolution_rf,,,,
PRE,slope,,,,reference_fold_pretrend,0.13853627672036778,0.13685305028585246,0.0632221589628332,0.0195319167227327,0.036559147881714826,0.24370515139872062,0.26457147793764957,0.008,0.016,0.016,0.19999999999999996,correction_completion,PT_violation_g20,1,200,122,2935199667,reference_fold_convolution_rf,,,,
PRE_SUB,X1=0_k=-4,,,-4.0,reference_fold_pretrend,-0.39579344365402014,-0.3921809720631111,0.17973686773711148,-0.7587647159339287,-0.705340529279572,-0.11398035813069904,-0.05516186055581679,0.014,0.028,0.028,-0.5999999999999998,correction_completion,PT_violation_g20,1,200,122,2935199667,reference_fold_convolution_rf,,,,
PRE_SUB,X1=0_k=-3,,,-3.0,reference_fold_pretrend,-0.275136061727015,-0.27121397484946175,0.16432286992740633,-0.6019413908783737,-0.5513755982368878,-0.005128445953235197,0.03159756469875772,0.04733333333333333,0.09466666666666666,0.09466666666666666,-0.39999999999999986,correction_completion,PT_violation_g20,1,200,122,2935199667,reference_fold_convolution_rf,,,,
PRE_SUB,X1=0_k=-2,,,-2.0,reference_fold_pretrend,-0.1784021662959183,-0.1701319933590125,0.1574107696459544,-0.5154686081090057,-0.45983955675015575,0.044878263848462156,0.09017646743363202,0.158,0.316,0.316,-0.19999999999999993,correction_completion,PT_violation_g20,1,200,122,2935199667,reference_fold_convolution_rf,,,,
PRE_SUB,X1=1_k=-4,,,-4.0,reference_fold_pretrend,-0.41120377415198134,-0.4073465747901603,0.17772910126631447,-0.7660501597475308,-0.7061778139196557,-0.12702431345177018,-0.06311378477671106,0.010666666666666666,0.021333333333333333,0.021333333333333333,-0.5999999999999996,correction_completion,PT_violation_g20,1,200,122,2935199667,reference_fold_convolution_rf,,,,
PRE_SUB,X1=1_k=-3,,,-3.0,reference_fold_pretrend,-0.27898866899230795,-0.2701800355100348,0.16081864188662426,-0.6025713097409282,-0.5516522217308033,-0.024560631643105894,0.017929702575641828,0.03866666666666667,0.07733333333333334,0.07733333333333334,-0.3999999999999998,correction_completion,PT_violation_g20,1,200,122,2935199667,reference_fold_convolution_rf,,,,
PRE_SUB,X1=1_k=-2,,,-2.0,reference_fold_pretrend,-0.17545129369131868,-0.1635113409281787,0.15275690832679334,-0.5069028980798046,-0.4567380192575016,0.038564099049216455,0.08427651396415317,0.15266666666666667,0.30533333333333335,0.30533333333333335,-0.1999999999999999,correction_completion,PT_violation_g20,1,200,122,2935199667,reference_fold_convolution_rf,,,,
PRE_SUB,X2=low_k=-4,,,-4.0,reference_fold_pretrend,-0.3533242717541122,-0.3521972316249871,0.18630219187913719,-0.7199116709341683,-0.6563862916629948,-0.04931871007893454,0.01765726454261165,0.03266666666666666,0.06533333333333333,0.06533333333333333,-0.6000000000000001,correction_completion,PT_violation_g20,1,200,122,2935199667,reference_fold_convolution_rf,,,,
PRE_SUB,X2=low_k=-3,,,-3.0,reference_fold_pretrend,-0.23251861942684696,-0.2289519986214661,0.16993031638123585,-0.5681094906935419,-0.5210201812487243,0.03703645794347411,0.08413295917616906,0.088,0.176,0.176,-0.4,correction_completion,PT_violation_g20,1,200,122,2935199667,reference_fold_convolution_rf,,,,
PRE_SUB,X2=low_k=-2,,,-2.0,reference_fold_pretrend,-0.1435143139999462,-0.13517891530653842,0.15933870736140004,-0.46996570737746124,-0.429229431391716,0.09518418693153168,0.14793538246487492,0.22333333333333333,0.44666666666666666,0.44666666666666666,-0.2,correction_completion,PT_violation_g20,1,200,122,2935199667,reference_fold_convolution_rf,,,,
PRE_SUB,X2=high_k=-4,,,-4.0,reference_fold_pretrend,-0.42102690941251647,-0.4117933840334987,0.1969188881623051,-0.8421924891874281,-0.7683921169925809,-0.12064692877214678,-0.0698148002139816,0.010666666666666666,0.021333333333333333,0.021333333333333333,-0.6000000000000001,correction_completion,PT_violation_g20,1,200,122,2935199667,reference_fold_convolution_rf,,,,
PRE_SUB,X2=high_k=-3,,,-3.0,reference_fold_pretrend,-0.3128892241823989,-0.2988239991304567,0.18436231234008155,-0.6918422392467453,-0.6332117128212534,-0.02359734122209992,0.008427494827408524,0.035333333333333335,0.07066666666666667,0.07066666666666667,-0.4,correction_completion,PT_violation_g20,1,200,122,2935199667,reference_fold_convolution_rf,,,,
PRE_SUB,X2=high_k=-2,,,-2.0,reference_fold_pretrend,-0.2167361381385754,-0.20635166417175116,0.17634705122317823,-0.5838200555753028,-0.5176247449908519,0.02733567055231254,0.06616224059605746,0.138,0.276,0.276,-0.2,correction_completion,PT_violation_g20,1,200,122,2935199667,reference_fold_convolution_rf,,,,
PRE_SUBC,X1_k=-4,,,-4.0,reference_fold_pretrend,-0.015410330497961146,-0.014892974713231921,0.05692359865055063,-0.15394051942815506,-0.1038636397597134,0.07129137448539546,0.08923258209326826,0.25666666666666665,0.5133333333333333,0.5133333333333333,8.326672684688674e-17,correction_completion,PT_violation_g20,1,200,122,2935199667,reference_fold_convolution_rf,,,,
PRE_SUBC,X1_k=-3,,,-3.0,reference_fold_pretrend,-0.0038526072652929353,-0.0049247638052253295,0.04514956601876512,-0.10706630599168473,-0.07509964671644603,0.07499309203292183,0.09139945835202204,0.3953333333333333,0.7906666666666666,0.7906666666666666,5.551115123125783e-17,correction_completion,PT_violation_g20,1,200,122,2935199667,reference_fold_convolution_rf,,,,
PRE_SUBC,X1_k=-2,,,-2.0,reference_fold_pretrend,0.002950872604599577,0.0008768910564279364,0.03897148411095857,-0.08134459663853263,-0.056674852227055435,0.07452442297132685,0.09469785347703939,0.482,0.964,0.964,2.7755575615628914e-17,correction_completion,PT_violation_g20,1,200,122,2935199667,reference_fold_convolution_rf,,,,
PRE_SUBC,X1_slope,,,,reference_fold_pretrend,0.003641809529990695,0.0038223191842981577,0.01987662832567566,-0.038446851065796483,-0.030992211060129428,0.036476970298336936,0.04990290358900253,0.304,0.608,0.608,-2.7755575615628914e-17,correction_completion,PT_violation_g20,1,200,122,2935199667,reference_fold_convolution_rf,,,,
PRE_SUBC,X2_k=-4,,,-4.0,reference_fold_pretrend,-0.06770263765840431,0.007904832752827426,0.14621752767413798,-0.42345848617133597,-0.36443197839392844,0.057919427696675685,0.06669907763264318,0.44866666666666666,0.8973333333333333,0.8973333333333333,-0.0,correction_completion,PT_violation_g20,1,200,122,2935199667,reference_fold_convolution_rf,,,,
PRE_SUBC,X2_k=-3,,,-3.0,reference_fold_pretrend,-0.08037060475555198,-0.005634646202938635,0.14319201263199616,-0.43210139692638067,-0.37369145647463714,0.03509956990519654,0.042819209633383745,0.43466666666666665,0.8693333333333333,0.8693333333333333,-0.0,correction_completion,PT_violation_g20,1,200,122,2935199667,reference_fold_convolution_rf,,,,
PRE_SUBC,X2_k=-2,,,-2.0,reference_fold_pretrend,-0.07322182413862921,-0.013113983622239807,0.12622067908730614,-0.4088106194860476,-0.3538725688385686,0.023264334569836988,0.028614355595708626,0.3406666666666667,0.6813333333333333,0.6813333333333333,-0.0,correction_completion,PT_violation_g20,1,200,122,2935199667,reference_fold_convolution_rf,,,,
PRE_SUBC,X2_slope,,,,reference_fold_pretrend,0.03121935333035329,-0.0002676837712725056,0.05926627052387259,-0.019567489763136676,-0.016750411325784233,0.15396664943055519,0.1783610930392903,0.492,0.984,0.984,0.0,correction_completion,PT_violation_g20,1,200,122,2935199667,reference_fold_convolution_rf,,,,
PRE,k=-4,,,-4.0,pretrend,-1.3268417571328348,-1.3217230698502593,0.20447948294627505,-1.7185499795162913,-1.6558418039682434,-1.0075188303009694,-0.9417611937623401,0.0,0.0,0.0,-1.2,correction_completion,PT_violation_g40,1,200,106,2408644791,raw_structured,,,,
PRE,k=-3,,,-3.0,pretrend,-1.0696928249199034,-1.0710409864732906,0.19304525482137092,-1.4315411893842387,-1.3805239072543238,-0.7539022884063302,-0.6927594399041607,0.0,0.0,0.0,-0.7999999999999999,correction_completion,PT_violation_g40,1,200,106,2408644791,raw_structured,,,,
PRE,k=-2,,,-2.0,pretrend,-0.5040564299901374,-0.5048611807956647,0.19492045585324277,-0.8914481121433504,-0.8304151906943068,-0.19892545068885167,-0.09447425371061534,0.014666666666666666,0.029333333333333333,0.029333333333333333,-0.39999999999999997,correction_completion,PT_violation_g40,1,200,106,2408644791,raw_structured,,,,
PRE,slope,,,,pretrend,0.4731405250877464,0.47309352443196956,0.07052049160830375,0.33564565079578224,0.35939725037359976,0.5861443730581777,0.6100723706422029,0.0,0.0,0.0,0.39999999999999997,correction_completion,PT_violation_g40,1,200,106,2408644791,raw_structured,,,,
PRE_SUB,X1=0_k=-4,,,-4.0,pretrend,-1.2506213097892618,-1.2632351876601822,0.2442517366622947,-1.684685043996088,-1.6220590963088626,-0.8327843246712255,-0.7382532648129607,0.0,0.0,0.0,-1.1999999999999997,correction_completion,PT_violation_g40,1,200,106,2408644791,raw_structured,,,,
PRE_SUB,X1=0_k=-3,,,-3.0,pretrend,-0.9955600344629684,-1.0110456114972313,0.23679388119485534,-1.4060806806037311,-1.3591920521675986,-0.5809253698449101,-0.5072294837926038,0.0,0.0,0.0,-0.7999999999999998,correction_completion,PT_violation_g40,1,200,106,2408644791,raw_structured,,,,
PRE_SUB,X1=0_k=-2,,,-2.0,pretrend,-0.42925480232739,-0.4420952178355379,0.2370789495880068,-0.8778341077581312,-0.8047971942770832,0.0,0.016151605288844965,0.064,0.128,0.128,-0.3999999999999999,correction_completion,PT_violation_g40,1,200,106,2408644791,raw_structured,,,,
PRE_SUB,X1=1_k=-4,,,-4.0,pretrend,-1.3975188992150576,-1.3868733412859338,0.24530802695961623,-1.9456494825408617,-1.813453169028117,-1.03448901285875,-0.957741503929151,0.0,0.0,0.0,-1.1999999999999993,correction_completion,PT_violation_g40,1,200,106,2408644791,raw_structured,,,,
PRE_SUB,X1=1_k=-3,,,-3.0,pretrend,-1.1384341397072433,-1.1245981735858226,0.2331910919237908,-1.6342703325136423,-1.5462908295149596,-0.7715223440097696,-0.7120650045941972,0.0,0.0,0.0,-0.7999999999999996,correction_completion,PT_violation_g40,1,200,106,2408644791,raw_structured,,,,
PRE_SUB,X1=1_k=-2,,,-2.0,pretrend,-0.5734179392774124,-0.5630344209780095,0.23544583759134535,-1.0586918539963777,-0.9810990998588196,-0.21876021394043557,-0.15198397906745034,0.014,0.028,0.028,-0.3999999999999998,correction_completion,PT_violation_g40,1,200,106,2408644791,raw_structured,,,,
PRE_SUB,X2=low_k=-4,,,-4.0,pretrend,-1.3134880185960183,-1.314891028742538,0.21657762272200537,-1.732130157884378,-1.655490764762487,-0.9556695479479708,-0.863590595618092,0.0,0.0,0.0,-1.2000000000000002,correction_completion,PT_violation_g40,1,200,106,2408644791,raw_structured,,,,
PRE_SUB,X2=low_k=-3,,,-3.0,pretrend,-1.0605185371299328,-1.0641977544611725,0.20146242843703782,-1.4327575496313345,-1.3779217893221352,-0.7303093349758035,-0.6566052569349078,0.0,0.0,0.0,-0.8000000000000002,correction_completion,PT_violation_g40,1,200,106,2408644791,raw_structured,,,,
PRE_SUB,X2=low_k=-2,,,-2.0,pretrend,-0.4952179394426114,-0.49958283465330866,0.20370416703237137,-0.8881814538744013,-0.8277220410289446,-0.1717712816779927,-0.026399542072415252,0.019333333333333334,0.03866666666666667,0.03866666666666667,-0.4000000000000001,correction_completion,PT_violation_g40,1,200,106,2408644791,raw_structured,,,,
PRE_SUB,X2=high_k=-4,,,-4.0,pretrend,-1.3363439269205244,-1.3287047813129256,0.20729678292391657,-1.7309609713883627,-1.6798998692635283,-1.014510071680874,-0.9449061018907201,0.0,0.0,0.0,-1.2000000000000002,correction_completion,PT_violation_g40,1,200,106,2408644791,raw_structured,,,,
PRE_SUB,X2=high_k=-3,,,-3.0,pretrend,-1.0766057081918523,-1.0764559954982356,0.1966604294586599,-1.453316029056126,-1.3965834997708313,-0.7565344779423069,-0.7036229172198646,0.0,0.0,0.0,-0.8000000000000002,correction_completion,PT_violation_g40,1,200,106,2408644791,raw_structured,,,,
PRE_SUB,X2=high_k=-2,,,-2.0,pretrend,-0.5110475558880694,-0.5141581412222131,0.19824673744522947,-0.9141232744484235,-0.8398731874562628,-0.19541688980671648,-0.09523380430288957,0.014666666666666666,0.029333333333333333,0.029333333333333333,-0.4000000000000001,correction_completion,PT_violation_g40,1,200,106,2408644791,raw_structured,,,,
PRE_SUBC,X1_k=-4,,,-4.0,pretrend,-0.1468975894257959,-6.661338147750939e-16,0.2693785472202038,-0.8400153074882499,-0.7394702341775297,0.00025562821511374126,0.00684404865441041,0.37266666666666665,0.7453333333333333,0.7453333333333333,3.3306690738754696e-16,correction_completion,PT_violation_g40,1,200,106,2408644791,raw_structured,,,,
PRE_SUBC,X1_k=-3,,,-3.0,pretrend,-0.14287410524427488,-4.440892098500626e-16,0.2679690911671933,-0.8344337330742234,-0.7375455190639615,3.341771304121711e-15,0.0055209271985296685,0.4086666666666667,0.8173333333333334,0.8173333333333334,2.220446049250313e-16,correction_completion,PT_violation_g40,1,200,106,2408644791,raw_structured,,,,
PRE_SUBC,X1_k=-2,,,-2.0,pretrend,-0.1441631369500223,-2.220446049250313e-16,0.26711377038484163,-0.834433733074223,-0.7378190283329832,1.390554338343006e-15,4.246603069191072e-15,0.3933333333333333,0.7866666666666666,0.7866666666666666,1.1102230246251565e-16,correction_completion,PT_violation_g40,1,200,106,2408644791,raw_structured,,,,
PRE_SUBC,X1_slope,,,,pretrend,0.062186008265425696,2.498001805406602e-16,0.11468608542912914,-0.0023788165837643344,-0.00015056687346209026,0.3162081549998495,0.3582698274232741,0.3466666666666667,0.6933333333333334,0.6933333333333334,-1.1102230246251565e-16,correction_completion,PT_violation_g40,1,200,106,2408644791,raw_structured,,,,
PRE_SUBC,X2_k=-4,,,-4.0,pretrend,-0.022855908324506104,2.220446049250313e-16,0.1050610172003092,-0.3706004632745141,-0.24691642735084804,0.0419779589919437,0.049579200445859894,0.4866666666666667,0.9733333333333334,0.9733333333333334,-0.0,correction_completion,PT_violation_g40,1,200,106,2408644791,raw_structured,,,,
PRE_SUBC,X2_k=-3,,,-3.0,pretrend,-0.016087171061919307,2.220446049250313e-16,0.09460997794525977,-0.34422260011290495,-0.1961889778480673,0.040764463868370855,0.04852056021982476,0.4613333333333333,0.9226666666666666,0.9226666666666666,-0.0,correction_completion,PT_violation_g40,1,200,106,2408644791,raw_structured,,,,
PRE_SUBC,X2_k=-2,,,-2.0,pretrend,-0.01582961644545804,1.1102230246251565e-16,0.09377402296426018,-0.35197326071697654,-0.19352041882310148,0.04020852176665238,0.04606003944047243,0.47933333333333333,0.9586666666666667,0.9586666666666667,-0.0,correction_completion,PT_violation_g40,1,200,106,2408644791,raw_structured,,,,
PRE_SUBC,X2_slope,,,,pretrend,0.008326548824486782,-6.542385680826814e-17,0.041724313068622565,-0.020915453015404345,-0.017567407255659265,0.08435024726719162,0.1467158173020755,0.44733333333333336,0.8946666666666667,0.8946666666666667,0.0,correction_completion,PT_violation_g40,1,200,106,2408644791,raw_structured,,,,
PRE,k=-4,,,-4.0,reference_fold_pretrend,-1.2849385756117657,-1.2903019260627944,0.19596032859017504,-1.6608733867211447,-1.5973610095311235,-0.9577435202603054,-0.8777538198739587,0.0,0.0,0.0,-1.2,correction_completion,PT_violation_g40,1,200,106,2408644791,reference_fold_convolution_rf,,,,
PRE,k=-3,,,-3.0,reference_fold_pretrend,-1.028552971724476,-1.026250932830179,0.19169183261080583,-1.4155836419102332,-1.3431560767583348,-0.7226403545969016,-0.6582529451981484,0.0,0.0,0.0,-0.7999999999999999,correction_completion,PT_violation_g40,1,200,106,2408644791,reference_fold_convolution_rf,,,,
PRE,k=-2,,,-2.0,reference_fold_pretrend,-0.5271695484146195,-0.5306853940797638,0.18773529731821953,-0.9027364680803317,-0.8465049429551715,-0.21256148352580884,-0.16617305939538796,0.002,0.004,0.004,-0.39999999999999997,correction_completion,PT_violation_g40,1,200,106,2408644791,reference_fold_convolution_rf,,,,
PRE,slope,,,,reference_fold_pretrend,0.45993508704991926,0.4614643453609052,0.07245836621782267,0.31597795579735083,0.33944265712864724,0.5760156377376567,0.5991076035119308,0.0,0.0,0.0,0.39999999999999997,correction_completion,PT_violation_g40,1,200,106,2408644791,reference_fold_convolution_rf,,,,
PRE_SUB,X1=0_k=-4,,,-4.0,reference_fold_pretrend,-1.2566945021115075,-1.2645869558812624,0.2046895437089728,-1.6605151271345462,-1.5816285078110137,-0.9020297754158911,-0.8531350075525619,0.0,0.0,0.0,-1.1999999999999997,correction_completion,PT_violation_g40,1,200,106,2408644791,reference_fold_convolution_rf,,,,
PRE_SUB,X1=0_k=-3,,,-3.0,reference_fold_pretrend,-0.992654827184997,-0.9962126422237152,0.19956852887474413,-1.384063222947469,-1.3167319808335471,-0.6618429497944388,-0.5952950476393563,0.0,0.0,0.0,-0.7999999999999998,correction_completion,PT_violation_g40,1,200,106,2408644791,reference_fold_convolution_rf,,,,
PRE_SUB,X1=0_k=-2,,,-2.0,reference_fold_pretrend,-0.5060927978986913,-0.5089886862960129,0.19466583750865618,-0.8854223171571767,-0.8200702918426604,-0.18421210800174592,-0.10245164137945445,0.006,0.012,0.012,-0.3999999999999999,correction_completion,PT_violation_g40,1,200,106,2408644791,reference_fold_convolution_rf,,,,
PRE_SUB,X1=1_k=-4,,,-4.0,reference_fold_pretrend,-1.3111285346756418,-1.3095499157813542,0.2140442250108321,-1.7403122815491519,-1.6614263663985602,-0.9687697505871914,-0.8802447767926587,0.0,0.0,0.0,-1.1999999999999993,correction_completion,PT_violation_g40,1,200,106,2408644791,reference_fold_convolution_rf,,,,
PRE_SUB,X1=1_k=-3,,,-3.0,reference_fold_pretrend,-1.061840342115629,-1.0544517853884983,0.20788621533423116,-1.4883204348607337,-1.4196435093790805,-0.7353541052447762,-0.663326021421619,0.0,0.0,0.0,-0.7999999999999996,correction_completion,PT_violation_g40,1,200,106,2408644791,reference_fold_convolution_rf,,,,
PRE_SUB,X1=1_k=-2,,,-2.0,reference_fold_pretrend,-0.5467134443475709,-0.5445684828530821,0.2041702303621485,-0.9757726874574173,-0.9003512470467809,-0.2171252395002075,-0.16300901257483147,0.002,0.004,0.004,-0.3999999999999998,correction_completion,PT_violation_g40,1,200,106,2408644791,reference_fold_convolution_rf,,,,
PRE_SUB,X2=low_k=-4,,,-4.0,reference_fold_pretrend,-1.2367252681323406,-1.2500838137950891,0.20947769297303437,-1.6285767850600532,-1.561212079334709,-0.8762050261407329,-0.8103873134154314,0.0,0.0,0.0,-1.2000000000000002,correction_completion,PT_violation_g40,1,200,106,2408644791,reference_fold_convolution_rf,,,,
PRE_SUB,X2=low_k=-3,,,-3.0,reference_fold_pretrend,-0.9822420246331415,-0.979518559848481,0.2052805364459313,-1.3985529798343725,-1.3231544926888796,-0.6446878624753305,-0.5821722514135795,0.0,0.0,0.0,-0.8000000000000002,correction_completion,PT_violation_g40,1,200,106,2408644791,reference_fold_convolution_rf,,,,
PRE_SUB,X2=low_k=-2,,,-2.0,reference_fold_pretrend,-0.4950768282204605,-0.49822315149799246,0.1938568505276807,-0.888618200056071,-0.8100512148585888,-0.17403415133623212,-0.11278056599039439,0.008,0.016,0.016,-0.4000000000000001,correction_completion,PT_violation_g40,1,200,106,2408644791,reference_fold_convolution_rf,,,,
PRE_SUB,X2=high_k=-4,,,-4.0,reference_fold_pretrend,-1.3281341433669998,-1.328963147818698,0.21605823313845662,-1.7567081110588827,-1.6876850868193458,-0.9719335039967256,-0.8903569644709184,0.0,0.0,0.0,-1.2000000000000002,correction_completion,PT_violation_g40,1,200,106,2408644791,reference_fold_convolution_rf,,,,
PRE_SUB,X2=high_k=-3,,,-3.0,reference_fold_pretrend,-1.0640978508431396,-1.0577615839701315,0.20851297485287631,-1.4722584357572237,-1.4111949475768821,-0.7330054936706397,-0.6608162376154083,0.0,0.0,0.0,-0.8000000000000002,correction_completion,PT_violation_g40,1,200,106,2408644791,reference_fold_convolution_rf,,,,
PRE_SUB,X2=high_k=-2,,,-2.0,reference_fold_pretrend,-0.5623208286324982,-0.556825691281424,0.20956869873633466,-0.9964993387122326,-0.9197419388758724,-0.22970162728089394,-0.17016467896903115,0.002,0.004,0.004,-0.4000000000000001,correction_completion,PT_violation_g40,1,200,106,2408644791,reference_fold_convolution_rf,,,,
PRE_SUBC,X1_k=-4,,,-4.0,reference_fold_pretrend,-0.05443403256413423,0.0020455560799116923,0.1488316231899475,-0.4720796076204663,-0.397204906683246,0.05511408882511071,0.08011174911837635,0.476,0.952,0.952,3.3306690738754696e-16,correction_completion,PT_violation_g40,1,200,106,2408644791,reference_fold_convolution_rf,,,,
PRE_SUBC,X1_k=-3,,,-3.0,reference_fold_pretrend,-0.06918551493063212,-0.01633706572227228,0.1392440559041616,-0.4707491808541107,-0.39579420244763813,0.030162943512227466,0.04061655123501104,0.29333333333333333,0.5866666666666667,0.5866666666666667,2.220446049250313e-16,correction_completion,PT_violation_g40,1,200,106,2408644791,reference_fold_convolution_rf,,,,
PRE_SUBC,X1_k=-2,,,-2.0,reference_fold_pretrend,-0.04062064644887952,0.01082372132532694,0.13599559455313348,-0.4473803649243779,-0.36663154302621415,0.05360427107638028,0.06234033174274541,0.36866666666666664,0.7373333333333333,0.7373333333333333,1.1102230246251565e-16,correction_completion,PT_violation_g40,1,200,106,2408644791,reference_fold_convolution_rf,,,,
PRE_SUBC,X1_slope,,,,reference_fold_pretrend,0.024449555285896176,0.0007893449765260915,0.060149686843855195,-0.02516921518799146,-0.018263288530445773,0.1672883439927083,0.20375749514589458,0.47,0.94,0.94,-1.1102230246251565e-16,correction_completion,PT_violation_g40,1,200,106,2408644791,reference_fold_convolution_rf,,,,
PRE_SUBC,X2_k=-4,,,-4.0,reference_fold_pretrend,-0.09140887523465911,-0.0045523101131093036,0.16665292379129873,-0.5299170743176003,-0.45657147891700417,0.02327163014216715,0.030144430628242604,0.4186666666666667,0.8373333333333334,0.8373333333333334,-0.0,correction_completion,PT_violation_g40,1,200,106,2408644791,reference_fold_convolution_rf,,,,
PRE_SUBC,X2_k=-3,,,-3.0,reference_fold_pretrend,-0.08185582620999807,-0.011961893142127922,0.15466693427884512,-0.5249914245390831,-0.4524955559371438,0.014120979181719721,0.0223905943894706,0.23866666666666667,0.47733333333333333,0.47733333333333333,-0.0,correction_completion,PT_violation_g40,1,200,106,2408644791,reference_fold_convolution_rf,,,,
PRE_SUBC,X2_k=-2,,,-2.0,reference_fold_pretrend,-0.0672440004120376,0.0021038221640865273,0.15246254444589022,-0.5002115259320072,-0.43561577222756076,0.025592541957123183,0.03347659930061592,0.4493333333333333,0.8986666666666666,0.8986666666666666,-0.0,correction_completion,PT_violation_g40,1,200,106,2408644791,reference_fold_convolution_rf,,,,
PRE_SUBC,X2_slope,,,,reference_fold_pretrend,0.036084448466857925,0.002640527994975463,0.06689765676201667,-0.0112651086341389,-0.007745249117063073,0.19478977254737787,0.2231287879173995,0.3626666666666667,0.7253333333333334,0.7253333333333334,0.0,correction_completion,PT_violation_g40,1,200,106,2408644791,reference_fold_convolution_rf,,,,
PRE,k=-4,,,-4.0,pretrend,-0.3314063298861803,-0.3318868049504538,0.18706101363749625,-0.7055942635511409,-0.6310517994824628,-0.010917305929788575,0.013542395234512441,0.04466666666666667,0.08933333333333333,0.08933333333333333,0.03714285714285714,correction_completion,PT_violation_het10,1,200,90,493531218,raw_structured,,,,
PRE,k=-3,,,-3.0,pretrend,-0.33122546600424946,-0.3289988052830535,0.1830049517016518,-0.6916498115871182,-0.6283428421444441,-0.006978609303170822,0.0,0.046,0.092,0.092,0.02476190476190476,correction_completion,PT_violation_het10,1,200,90,493531218,raw_structured,,,,
PRE,k=-2,,,-2.0,pretrend,-0.22421836803220227,-0.2311617188334392,0.18642944453136717,-0.5926278889060549,-0.5387339382942029,0.0,0.061539222342239616,0.226,0.452,0.452,0.01238095238095238,correction_completion,PT_violation_het10,1,200,90,493531218,raw_structured,,,,
PRE,slope,,,,pretrend,0.1343491635499459,0.13493585006853315,0.0724448303606353,0.0,0.010942811950953653,0.2533641825648568,0.2780148019750413,0.03866666666666667,0.07733333333333334,0.07733333333333334,-0.01238095238095238,correction_completion,PT_violation_het10,1,200,90,493531218,raw_structured,,,,
PRE_SUB,X1=0_k=-4,,,-4.0,pretrend,-0.32569633412080573,-0.32923206531148985,0.19032713312839517,-0.7009113289254664,-0.620747190043964,0.0,0.0244093592836561,0.05266666666666667,0.10533333333333333,0.10533333333333333,0.29999999999999993,correction_completion,PT_violation_het10,1,200,90,493531218,raw_structured,,,,
PRE_SUB,X1=0_k=-3,,,-3.0,pretrend,-0.32623572716971677,-0.3234867110056979,0.18405433646761696,-0.6880067656811792,-0.6228545601829145,0.0,0.0,0.05266666666666667,0.10533333333333333,0.10533333333333333,0.19999999999999996,correction_completion,PT_violation_het10,1,200,90,493531218,raw_structured,,,,
PRE_SUB,X1=0_k=-2,,,-2.0,pretrend,-0.2196296625239203,-0.22885434277675293,0.18783694594572084,-0.5836413134575668,-0.5355483170230829,0.0016613626381605244,0.07276105649538825,0.23533333333333334,0.4706666666666667,0.4706666666666667,0.09999999999999998,correction_completion,PT_violation_het10,1,200,90,493531218,raw_structured,,,,
PRE_SUB,X1=1_k=-4,,,-4.0,pretrend,-0.33873002010698683,-0.3355697614508114,0.19393154061738305,-0.7322409766318931,-0.6554480976101645,-0.01479603170780087,0.01012516355303182,0.04466666666666667,0.08933333333333333,0.08933333333333333,-0.2999999999999998,correction_completion,PT_violation_het10,1,200,90,493531218,raw_structured,,,,
PRE_SUB,X1=1_k=-3,,,-3.0,pretrend,-0.3376253484224545,-0.3324732472291782,0.19108791253820814,-0.7091886348111331,-0.6497207480515519,-0.003002867140654188,0.0,0.048,0.096,0.096,-0.1999999999999999,correction_completion,PT_violation_het10,1,200,90,493531218,raw_structured,,,,
PRE_SUB,X1=1_k=-2,,,-2.0,pretrend,-0.23010388161891177,-0.2381921913251311,0.19287687141672002,-0.6019955998817993,-0.5436148051994785,0.0,0.05611331999266521,0.22533333333333333,0.45066666666666666,0.45066666666666666,-0.09999999999999995,correction_completion,PT_violation_het10,1,200,90,493531218,raw_structured,,,,
PRE_SUB,X2=low_k=-4,,,-4.0,pretrend,-0.32173045704590925,-0.3232213987064807,0.19178281328417474,-0.6959862218893558,-0.6244851976600208,0.0,0.04429099067062244,0.05733333333333333,0.11466666666666667,0.11466666666666667,0.008571428571428574,correction_completion,PT_violation_het10,1,200,90,493531218,raw_structured,,,,
PRE_SUB,X2=low_k=-3,,,-3.0,pretrend,-0.3221227191659544,-0.31986298707475025,0.1871715851442894,-0.6927167899304776,-0.6269755686924032,0.0,0.007133754814573271,0.05733333333333333,0.11466666666666667,0.11466666666666667,0.005714285714285716,correction_completion,PT_violation_het10,1,200,90,493531218,raw_structured,,,,
PRE_SUB,X2=low_k=-2,,,-2.0,pretrend,-0.22428745924366433,-0.23104307001003815,0.18706452937917586,-0.5941866940077729,-0.5391291754274731,0.0,0.05942671315263741,0.22733333333333333,0.45466666666666666,0.45466666666666666,0.002857142857142858,correction_completion,PT_violation_het10,1,200,90,493531218,raw_structured,,,,
PRE_SUB,X2=high_k=-4,,,-4.0,pretrend,-0.34417304542725474,-0.33937372023881507,0.1973584718847508,-0.7586454325385191,-0.6787894771149294,-0.017289626881060696,0.0043643939425163794,0.043333333333333335,0.08666666666666667,0.08666666666666667,0.06,correction_completion,PT_violation_het10,1,200,90,493531218,raw_structured,,,,
PRE_SUB,X2=high_k=-3,,,-3.0,pretrend,-0.34334415724272527,-0.3337188108976745,0.19422213381197423,-0.743111499288121,-0.6746961175473968,-0.006978609303170952,0.0,0.046,0.092,0.092,0.04,correction_completion,PT_violation_het10,1,200,90,493531218,raw_structured,,,,
PRE_SUB,X2=high_k=-2,,,-2.0,pretrend,-0.22436250103375566,-0.23104307001003838,0.18656733456671543,-0.5905938432161167,-0.5387339382942025,0.0,0.061539222342239706,0.228,0.456,0.456,0.02,correction_completion,PT_violation_het10,1,200,90,493531218,raw_structured,,,,
PRE_SUBC,X1_k=-4,,,-4.0,pretrend,-0.013033685986181117,0.0,0.08644077259969195,-0.2445962745012152,-0.03989432029661932,0.0037278085073182746,0.01828595943824223,0.526,1.0,1.0,-0.5999999999999998,correction_completion,PT_violation_het10,1,200,90,493531218,raw_structured,,,,
PRE_SUBC,X1_k=-3,,,-3.0,pretrend,-0.011389621252737674,0.0,0.07912350891061914,-0.18045919230280907,-0.02580073964634798,0.0005801549771540577,0.006245545797360732,0.54,1.0,1.0,-0.39999999999999986,correction_completion,PT_violation_het10,1,200,90,493531218,raw_structured,,,,
PRE_SUBC,X1_k=-2,,,-2.0,pretrend,-0.010474219094991449,0.0,0.07452974725861294,-0.13067966527145342,-0.0004759629950547779,7.424616477180734e-16,1.1102230246251565e-15,0.6053333333333333,1.0,1.0,-0.19999999999999993,correction_completion,PT_violation_het10,1,200,90,493531218,raw_structured,,,,
PRE_SUBC,X1_slope,,,,pretrend,0.005168179968500724,0.0,0.03427435008112429,-0.006135077814379132,-0.0011969289124039969,0.014750803393092496,0.08277859160116706,0.5126666666666667,1.0,1.0,0.19999999999999993,correction_completion,PT_violation_het10,1,200,90,493531218,raw_structured,,,,
PRE_SUBC,X2_k=-4,,,-4.0,pretrend,-0.022442588381345507,0.0,0.10439147426148644,-0.39426088556871874,-0.16787958513007137,0.006848460728900701,0.027267182296223033,0.528,1.0,1.0,0.051428571428571435,correction_completion,PT_violation_het10,1,200,90,493531218,raw_structured,,,,
PRE_SUBC,X2_k=-3,,,-3.0,pretrend,-0.021221438076770845,0.0,0.1025034512691948,-0.35402869202852427,-0.1521365577979272,1.112998582186717e-15,0.018011540179061526,0.524,1.0,1.0,0.03428571428571429,correction_completion,PT_violation_het10,1,200,90,493531218,raw_structured,,,,
PRE_SUBC,X2_k=-2,,,-2.0,pretrend,-7.504179009132983e-05,0.0,0.02245425630329695,-0.000889516943383054,-6.106226635438361e-16,8.326672684688674e-16,0.01753138160044853,0.6126666666666667,1.0,1.0,0.017142857142857144,correction_completion,PT_violation_het10,1,200,90,493531218,raw_structured,,,,
PRE_SUBC,X2_slope,,,,pretrend,0.007846120220547826,4.956352788505163e-18,0.037196582391031824,-0.009441957284264151,-0.0017925962504123528,0.056237640507234336,0.13251182244032153,0.4866666666666667,0.9733333333333334,0.9733333333333334,-0.017142857142857144,correction_completion,PT_violation_het10,1,200,90,493531218,raw_structured,,,,
PRE,k=-4,,,-4.0,reference_fold_pretrend,-0.3393277868476066,-0.33740345922604176,0.1765619467935956,-0.6906675236449831,-0.636406819651127,-0.05527877689965068,-0.0055749288364650915,0.021333333333333333,0.042666666666666665,0.042666666666666665,0.03714285714285714,correction_completion,PT_violation_het10,1,200,90,493531218,reference_fold_convolution_rf,,,,
PRE,k=-3,,,-3.0,reference_fold_pretrend,-0.3318510057664619,-0.33369215223250487,0.16830059366727254,-0.6667458556239318,-0.612065622390375,-0.05945172320707365,-0.0025615479032479087,0.025333333333333333,0.050666666666666665,0.050666666666666665,0.02476190476190476,correction_completion,PT_violation_het10,1,200,90,493531218,reference_fold_convolution_rf,,,,
PRE,k=-2,,,-2.0,reference_fold_pretrend,-0.22480351457120176,-0.21752924084660016,0.1513629067654685,-0.5385521212518825,-0.4865893966505942,0.0,0.029924072055593578,0.08733333333333333,0.17466666666666666,0.17466666666666666,0.01238095238095238,correction_completion,PT_violation_het10,1,200,90,493531218,reference_fold_convolution_rf,,,,
PRE,slope,,,,reference_fold_pretrend,0.13617777761763897,0.13540702531827914,0.06598332552259979,0.012472576858287216,0.02967009652105407,0.24446074969054074,0.2710599165113611,0.014666666666666666,0.029333333333333333,0.029333333333333333,-0.01238095238095238,correction_completion,PT_violation_het10,1,200,90,493531218,reference_fold_convolution_rf,,,,
PRE_SUB,X1=0_k=-4,,,-4.0,reference_fold_pretrend,-0.31095416147670724,-0.3142164415777211,0.18408812629308474,-0.6619205485503894,-0.6095527825115863,-0.01744794304198911,0.040253744920474885,0.042666666666666665,0.08533333333333333,0.08533333333333333,0.29999999999999993,correction_completion,PT_violation_het10,1,200,90,493531218,reference_fold_convolution_rf,,,,
PRE_SUB,X1=0_k=-3,,,-3.0,reference_fold_pretrend,-0.30545348485337975,-0.30686756215904304,0.1775332144598109,-0.653716008126864,-0.5926969714921727,-0.003892578484838403,0.04407706092011408,0.04933333333333333,0.09866666666666667,0.09866666666666667,0.19999999999999996,correction_completion,PT_violation_het10,1,200,90,493531218,reference_fold_convolution_rf,,,,
PRE_SUB,X1=0_k=-2,,,-2.0,reference_fold_pretrend,-0.20755743781847472,-0.20737618186958026,0.157975167358096,-0.5334228209304716,-0.46983664641391254,0.030139979159446374,0.09920239344898008,0.11133333333333334,0.22266666666666668,0.22266666666666668,0.09999999999999998,correction_completion,PT_violation_het10,1,200,90,493531218,reference_fold_convolution_rf,,,,
PRE_SUB,X1=1_k=-4,,,-4.0,reference_fold_pretrend,-0.3757200454754994,-0.36676128304123023,0.1972349599301672,-0.7944079735001522,-0.7157597276622268,-0.0724513548065123,-0.019850655787524735,0.018666666666666668,0.037333333333333336,0.037333333333333336,-0.2999999999999998,correction_completion,PT_violation_het10,1,200,90,493531218,reference_fold_convolution_rf,,,,
PRE_SUB,X1=1_k=-3,,,-3.0,reference_fold_pretrend,-0.36570869563324127,-0.35408345086854576,0.1872902717826024,-0.7742707514504887,-0.7012716720577045,-0.07805603094260957,-0.013260831176725649,0.020666666666666667,0.04133333333333333,0.04133333333333333,-0.1999999999999999,correction_completion,PT_violation_het10,1,200,90,493531218,reference_fold_convolution_rf,,,,
PRE_SUB,X1=1_k=-2,,,-2.0,reference_fold_pretrend,-0.2469234825801343,-0.22774732761921035,0.17050202983441226,-0.6288434295499178,-0.5597735562940048,0.0,0.022730067892069487,0.07666666666666666,0.15333333333333332,0.15333333333333332,-0.09999999999999995,correction_completion,PT_violation_het10,1,200,90,493531218,reference_fold_convolution_rf,,,,
PRE_SUB,X2=low_k=-4,,,-4.0,reference_fold_pretrend,-0.3316478665916403,-0.32957136811567145,0.17836229833335537,-0.6858365387824041,-0.6334910871828255,-0.046780839169232175,5.614545602390967e-05,0.025333333333333333,0.050666666666666665,0.050666666666666665,0.008571428571428574,correction_completion,PT_violation_het10,1,200,90,493531218,reference_fold_convolution_rf,,,,
PRE_SUB,X2=low_k=-3,,,-3.0,reference_fold_pretrend,-0.3246605262132162,-0.3200110782536683,0.17059138992985284,-0.668608949842922,-0.6132243607731978,-0.055482413802049366,0.010471077349178633,0.029333333333333333,0.058666666666666666,0.058666666666666666,0.005714285714285716,correction_completion,PT_violation_het10,1,200,90,493531218,reference_fold_convolution_rf,,,,
PRE_SUB,X2=low_k=-2,,,-2.0,reference_fold_pretrend,-0.22083760844498848,-0.2120516709364912,0.15195670963858657,-0.538192150982567,-0.48421718165187966,0.002122433368704086,0.0430632010475443,0.09266666666666666,0.18533333333333332,0.18533333333333332,0.002857142857142858,correction_completion,PT_violation_het10,1,200,90,493531218,reference_fold_convolution_rf,,,,
PRE_SUB,X2=high_k=-4,,,-4.0,reference_fold_pretrend,-0.3474996661949652,-0.34338381339226304,0.18310143634560577,-0.7103303768179502,-0.6580765418881608,-0.05850603380123735,-0.0015043479627242272,0.024666666666666667,0.04933333333333333,0.04933333333333333,0.06,correction_completion,PT_violation_het10,1,200,90,493531218,reference_fold_convolution_rf,,,,
PRE_SUB,X2=high_k=-3,,,-3.0,reference_fold_pretrend,-0.3343871770758676,-0.32981681133927976,0.1733467791711482,-0.6858452422654898,-0.6279212619300953,-0.06015601173134628,-0.010746859842083848,0.023333333333333334,0.04666666666666667,0.04666666666666667,0.04,correction_completion,PT_violation_het10,1,200,90,493531218,reference_fold_convolution_rf,,,,
PRE_SUB,X2=high_k=-2,,,-2.0,reference_fold_pretrend,-0.21184067450891825,-0.20167027167239526,0.1509302605528142,-0.5298049638241531,-0.47567406591395867,0.004985626417176678,0.04100802596834629,0.094,0.188,0.188,0.02,correction_completion,PT_violation_het10,1,200,90,493531218,reference_fold_convolution_rf,,,,
PRE_SUBC,X1_k=-4,,,-4.0,reference_fold_pretrend,-0.06476588399879214,-0.003594732148439417,0.14123763451984941,-0.45618489577520577,-0.3919913687196334,0.02077843735507289,0.03411336208282385,0.414,0.828,0.828,-0.5999999999999998,correction_completion,PT_violation_het10,1,200,90,493531218,reference_fold_convolution_rf,,,,
PRE_SUBC,X1_k=-3,,,-3.0,reference_fold_pretrend,-0.060255210779861575,-0.00047790051156498814,0.13894431166173998,-0.44578473375132893,-0.38428760847639876,0.020531396771834257,0.0309454175509216,0.484,0.968,0.968,-0.39999999999999986,correction_completion,PT_violation_het10,1,200,90,493531218,reference_fold_convolution_rf,,,,
PRE_SUBC,X1_k=-2,,,-2.0,reference_fold_pretrend,-0.039366044761659606,0.0068015495430210765,0.12502796803374228,-0.4250030846988854,-0.3533940023122108,0.02312469941251825,0.027616701884579733,0.3313333333333333,0.6626666666666666,0.6626666666666666,-0.19999999999999993,correction_completion,PT_violation_het10,1,200,90,493531218,reference_fold_convolution_rf,,,,
PRE_SUBC,X1_slope,,,,reference_fold_pretrend,0.025298151308411367,0.00041450166347111204,0.05784897959039247,-0.014003230084323321,-0.008814059698719037,0.1622396072655309,0.19271457582360904,0.4786666666666667,0.9573333333333334,0.9573333333333334,0.19999999999999993,correction_completion,PT_violation_het10,1,200,90,493531218,reference_fold_convolution_rf,,,,
PRE_SUBC,X2_k=-4,,,-4.0,reference_fold_pretrend,-0.01585179960332489,0.0017998385471633127,0.0715176444194435,-0.2485418419497313,-0.17916537320651105,0.041420369820002065,0.04797137539500417,0.4666666666666667,0.9333333333333333,0.9333333333333333,0.051428571428571435,correction_completion,PT_violation_het10,1,200,90,493531218,reference_fold_convolution_rf,,,,
PRE_SUBC,X2_k=-3,,,-3.0,reference_fold_pretrend,-0.00972665086265141,0.005935166783777576,0.06565889593547056,-0.23693288839549856,-0.1645092353935991,0.04063216731686876,0.04773173876938115,0.4,0.8,0.8,0.03428571428571429,correction_completion,PT_violation_het10,1,200,90,493531218,reference_fold_convolution_rf,,,,
PRE_SUBC,X2_k=-2,,,-2.0,reference_fold_pretrend,0.008996933936070197,0.01691621615991523,0.0476555525689892,-0.13788723054700816,-0.03249488310212714,0.04667273431522947,0.05306935984546922,0.22466666666666665,0.4493333333333333,0.4493333333333333,0.017142857142857144,correction_completion,PT_violation_het10,1,200,90,493531218,reference_fold_convolution_rf,,,,
PRE_SUBC,X2_slope,,,,reference_fold_pretrend,0.004143697614229091,-0.0022366418426970854,0.026518679530161023,-0.019688476059290638,-0.01744565373945266,0.06243601640190951,0.09581925829429343,0.3933333333333333,0.7866666666666666,0.7866666666666666,-0.017142857142857144,correction_completion,PT_violation_het10,1,200,90,493531218,reference_fold_convolution_rf,,,,
PRE,k=-4,,,-4.0,pretrend,0.027471063513467973,0.02204543824061963,0.18581333812227008,-0.3430971783549039,-0.2746330221426383,0.34110889216275486,0.38228272538871844,0.44,0.88,0.88,0.0787878787878788,correction_completion,PT_violation_het20,1,200,74,370044724,raw_structured,,,,
PRE,k=-3,,,-3.0,pretrend,0.01579548846166863,0.013578416419796908,0.18299976806551585,-0.3429963031226596,-0.2954999502536306,0.328820475700231,0.377306829262527,0.47,0.94,0.94,0.05252525252525253,correction_completion,PT_violation_het20,1,200,74,370044724,raw_structured,,,,
PRE,k=-2,,,-2.0,pretrend,-0.07728671906625463,-0.07089826269588978,0.18302955326088968,-0.43505695144332296,-0.3866896711773042,0.20580581224387742,0.2510767462580933,0.36,0.72,0.72,0.026262626262626265,correction_completion,PT_violation_het20,1,200,74,370044724,raw_structured,,,,
PRE,slope,,,,pretrend,-0.002622674885534753,-0.0016936136434077943,0.0717942934563102,-0.1419264791753841,-0.12175659643379738,0.11800866092467369,0.13864529081396332,0.4866666666666667,0.9733333333333334,0.9733333333333334,-0.026262626262626265,correction_completion,PT_violation_het20,1,200,74,370044724,raw_structured,,,,
PRE_SUB,X1=0_k=-4,,,-4.0,pretrend,0.4519034635968143,0.449786366948058,0.21897676963481164,0.017535894020710267,0.08839766765449214,0.8213517762370837,0.8801782014605652,0.024,0.048,0.048,0.6,correction_completion,PT_violation_het20,1,200,74,370044724,raw_structured,,,,
PRE_SUB,X1=0_k=-3,,,-3.0,pretrend,0.4329634729811765,0.4370351814625671,0.21568311718238387,0.0,0.05925564075175954,0.7893021996296657,0.8580018127125746,0.030666666666666665,0.06133333333333333,0.06133333333333333,0.39999999999999997,correction_completion,PT_violation_het20,1,200,74,370044724,raw_structured,,,,
PRE_SUB,X1=0_k=-2,,,-2.0,pretrend,0.31519834607957714,0.3301466085818603,0.21876769003314753,-0.08816335969830158,0.0,0.648850243816165,0.6935594852830564,0.12333333333333334,0.24666666666666667,0.24666666666666667,0.19999999999999998,correction_completion,PT_violation_het20,1,200,74,370044724,raw_structured,,,,
PRE_SUB,X1=1_k=-4,,,-4.0,pretrend,-0.5252781086880994,-0.5160763803901405,0.23565751594713003,-1.0090921302768368,-0.9396729517460781,-0.15385687464537576,-0.079455273944856,0.012666666666666666,0.025333333333333333,0.025333333333333333,-0.5999999999999999,correction_completion,PT_violation_het20,1,200,74,370044724,raw_structured,,,,
PRE_SUB,X1=1_k=-3,,,-3.0,pretrend,-0.5274930495172254,-0.5189143891818981,0.22809530248347554,-0.9826134676665651,-0.9133272886039765,-0.17114683435672984,-0.07211580703610367,0.014,0.028,0.028,-0.3999999999999999,correction_completion,PT_violation_het20,1,200,74,370044724,raw_structured,,,,
PRE_SUB,X1=1_k=-2,,,-2.0,pretrend,-0.5884300597212914,-0.5848918087945694,0.23669078227930357,-1.0613927500975522,-0.9772410655728714,-0.20958024716331483,-0.05273241989567591,0.020666666666666667,0.04133333333333333,0.04133333333333333,-0.19999999999999996,correction_completion,PT_violation_het20,1,200,74,370044724,raw_structured,,,,
PRE_SUB,X2=low_k=-4,,,-4.0,pretrend,-0.04908806063525816,-0.05487479430409422,0.1883702274521543,-0.4217501722558277,-0.3598642079417743,0.2689848127720408,0.31553205684530145,0.38666666666666666,0.7733333333333333,0.7733333333333333,-0.01818181818181818,correction_completion,PT_violation_het20,1,200,74,370044724,raw_structured,,,,
PRE_SUB,X2=low_k=-3,,,-3.0,pretrend,-0.059789323810892595,-0.06250654338924103,0.18423639508544074,-0.42299606603137074,-0.375193797379999,0.25477599461118616,0.3021451092391012,0.37266666666666665,0.7453333333333333,0.7453333333333333,-0.012121212121212121,correction_completion,PT_violation_het20,1,200,74,370044724,raw_structured,,,,
PRE_SUB,X2=low_k=-2,,,-2.0,pretrend,-0.14864085074622005,-0.13737197949858132,0.18444930872037127,-0.5167116145483514,-0.46419569564123914,0.13164898712091375,0.18555688653731459,0.21666666666666667,0.43333333333333335,0.43333333333333335,-0.006060606060606061,correction_completion,PT_violation_het20,1,200,74,370044724,raw_structured,,,,
PRE_SUB,X2=high_k=-4,,,-4.0,pretrend,0.06489016501547021,0.06044399006507464,0.18661821095151596,-0.30935953295994667,-0.23962936835090096,0.3763493738823869,0.4236193334230054,0.36466666666666664,0.7293333333333333,0.7293333333333333,0.1272727272727273,correction_completion,PT_violation_het20,1,200,74,370044724,raw_structured,,,,
PRE_SUB,X2=high_k=-3,,,-3.0,pretrend,0.05266607232816375,0.048845120524897825,0.18431587375560468,-0.3073452350017412,-0.2614908210044099,0.3658806269717697,0.41937036779665693,0.38466666666666666,0.7693333333333333,0.7693333333333333,0.08484848484848485,correction_completion,PT_violation_het20,1,200,74,370044724,raw_structured,,,,
PRE_SUB,X2=high_k=-2,,,-2.0,pretrend,-0.04224211770025796,-0.03317161776157362,0.1839723602706646,-0.400981630876171,-0.3533844103576955,0.2433363468596462,0.2934369989695137,0.43933333333333335,0.8786666666666667,0.8786666666666667,0.04242424242424243,correction_completion,PT_violation_het20,1,200,74,370044724,raw_structured,,,,
PRE_SUBC,X1_k=-4,,,-4.0,pretrend,-0.9771815722849135,-0.9650141461107751,0.26085600572627926,-1.507322166208346,-1.4304599801250943,-0.5900002329209988,-0.48094733215951946,0.002,0.004,0.004,-1.1999999999999997,correction_completion,PT_violation_het20,1,200,74,370044724,raw_structured,,,,
PRE_SUBC,X1_k=-3,,,-3.0,pretrend,-0.9604565224984016,-0.951315277619075,0.25054637461558765,-1.464899480200545,-1.377687381820208,-0.5819200337308251,-0.47622966519275967,0.004,0.008,0.008,-0.7999999999999998,correction_completion,PT_violation_het20,1,200,74,370044724,raw_structured,,,,
PRE_SUBC,X1_k=-2,,,-2.0,pretrend,-0.9036284058008686,-0.9094973673558648,0.269957665832114,-1.4072133192801348,-1.3180585610149642,-0.47467746719319004,-0.09412536745686201,0.019333333333333334,0.03866666666666667,0.03866666666666667,-0.3999999999999999,correction_completion,PT_violation_het20,1,200,74,370044724,raw_structured,,,,
PRE_SUBC,X1_slope,,,,pretrend,0.4111490119751724,0.40956548851694907,0.10599121288372856,0.20122690042777086,0.24917093807325458,0.5849518494809476,0.6180729933137048,0.0026666666666666666,0.005333333333333333,0.005333333333333333,0.3999999999999999,correction_completion,PT_violation_het20,1,200,74,370044724,raw_structured,,,,
PRE_SUBC,X2_k=-4,,,-4.0,pretrend,0.11397822565072835,0.11603855192711102,0.05059028796183684,0.009206392067837582,0.057102694197476836,0.174203244148366,0.18686968816630165,0.020666666666666667,0.04133333333333333,0.04133333333333333,0.14545454545454545,correction_completion,PT_violation_het20,1,200,74,370044724,raw_structured,,,,
PRE_SUBC,X2_k=-3,,,-3.0,pretrend,0.11245539613905635,0.11453996974866043,0.04415753388199041,0.02928899593245308,0.0584031834376902,0.1673918651916849,0.17756357335764159,0.018,0.036,0.036,0.09696969696969697,correction_completion,PT_violation_het20,1,200,74,370044724,raw_structured,,,,
PRE_SUBC,X2_k=-2,,,-2.0,pretrend,0.1063987330459621,0.10926232849209527,0.04172362129832187,0.0,0.04555040775232671,0.15976467406241948,0.17057131142789514,0.027333333333333334,0.05466666666666667,0.05466666666666667,0.048484848484848485,correction_completion,PT_violation_het20,1,200,74,370044724,raw_structured,,,,
PRE_SUBC,X2_slope,,,,pretrend,-0.048088871591161424,-0.04932858801234469,0.0191293492034401,-0.07568847313848258,-0.07126435606098612,-0.024280318414021593,-0.008273464830740861,0.02,0.04,0.04,-0.048484848484848485,correction_completion,PT_violation_het20,1,200,74,370044724,raw_structured,,,,
PRE,k=-4,,,-4.0,reference_fold_pretrend,-0.07808854903152189,-0.07440094212590023,0.17160828169995224,-0.41801840251889294,-0.36877833130997384,0.20126067058648206,0.2592284154478751,0.318,0.636,0.636,0.0787878787878788,correction_completion,PT_violation_het20,1,200,74,370044724,reference_fold_convolution_rf,,,,
PRE,k=-3,,,-3.0,reference_fold_pretrend,-0.08262107394971831,-0.08269136767962051,0.16084381257781988,-0.39963732412458514,-0.3551107701755185,0.17759804618154446,0.23246725791147152,0.29333333333333333,0.5866666666666667,0.5866666666666667,0.05252525252525253,correction_completion,PT_violation_het20,1,200,74,370044724,reference_fold_convolution_rf,,,,
PRE,k=-2,,,-2.0,reference_fold_pretrend,-0.15069536318740728,-0.1457552319911377,0.14584430513723454,-0.4431552538052862,-0.3918685102567461,0.07817996748123944,0.1308943918703495,0.14,0.28,0.28,0.026262626262626265,correction_completion,PT_violation_het20,1,200,74,370044724,reference_fold_convolution_rf,,,,
PRE,slope,,,,reference_fold_pretrend,0.039300225584386395,0.03903191639573955,0.0637919376336355,-0.08369369996170566,-0.060791627401376586,0.14513528489239635,0.1650273927292463,0.2673333333333333,0.5346666666666666,0.5346666666666666,-0.026262626262626265,correction_completion,PT_violation_het20,1,200,74,370044724,reference_fold_convolution_rf,,,,
PRE_SUB,X1=0_k=-4,,,-4.0,reference_fold_pretrend,0.1847434598571159,0.18763913884540956,0.20715520008295266,-0.2378426145085031,-0.14693441984132155,0.5221796814201488,0.5940141663421689,0.17666666666666667,0.35333333333333333,0.35333333333333333,0.6,correction_completion,PT_violation_het20,1,200,74,370044724,reference_fold_convolution_rf,,,,
PRE_SUB,X1=0_k=-3,,,-3.0,reference_fold_pretrend,0.17869299414870707,0.1801119710492422,0.19670681482291877,-0.20544272105588426,-0.14424895874388075,0.49274353786303804,0.5819745585064223,0.17933333333333334,0.3586666666666667,0.3586666666666667,0.39999999999999997,correction_completion,PT_violation_het20,1,200,74,370044724,reference_fold_convolution_rf,,,,
PRE_SUB,X1=0_k=-2,,,-2.0,reference_fold_pretrend,0.06858070109119509,0.05912262518104194,0.1836875729907409,-0.30967619783904576,-0.23168254150154155,0.3680446544139557,0.44025214771328586,0.37266666666666665,0.7453333333333333,0.7453333333333333,0.19999999999999998,correction_completion,PT_violation_het20,1,200,74,370044724,reference_fold_convolution_rf,,,,
PRE_SUB,X1=1_k=-4,,,-4.0,reference_fold_pretrend,-0.4203813978167246,-0.41272372151185954,0.22681983128432465,-0.8873557970763097,-0.8000591916381476,-0.05953356297873144,-0.00572179296488744,0.024666666666666667,0.04933333333333333,0.04933333333333333,-0.5999999999999999,correction_completion,PT_violation_het20,1,200,74,370044724,reference_fold_convolution_rf,,,,
PRE_SUB,X1=1_k=-3,,,-3.0,reference_fold_pretrend,-0.42293706961278393,-0.4096781563459614,0.2184683224097009,-0.8640649949857355,-0.8001136245996462,-0.08045604107529682,-0.01384339777298009,0.021333333333333333,0.042666666666666665,0.042666666666666665,-0.3999999999999999,correction_completion,PT_violation_het20,1,200,74,370044724,reference_fold_convolution_rf,,,,
PRE_SUB,X1=1_k=-2,,,-2.0,reference_fold_pretrend,-0.43626419108512204,-0.42010642122163555,0.21100290531952448,-0.8585511967614755,-0.8037007410027479,-0.11085870063672605,-0.0200832397302163,0.022,0.044,0.044,-0.19999999999999996,correction_completion,PT_violation_het20,1,200,74,370044724,reference_fold_convolution_rf,,,,
PRE_SUB,X2=low_k=-4,,,-4.0,reference_fold_pretrend,-0.18160179801965168,-0.17790677987480064,0.17658745217235874,-0.5216961894236535,-0.47101234970208994,0.10827745542962196,0.1682727507648673,0.14733333333333334,0.2946666666666667,0.2946666666666667,-0.01818181818181818,correction_completion,PT_violation_het20,1,200,74,370044724,reference_fold_convolution_rf,,,,
PRE_SUB,X2=low_k=-3,,,-3.0,reference_fold_pretrend,-0.1834032823194505,-0.18827645670649612,0.16658582496192126,-0.5090597290288661,-0.4651235848402838,0.09341554029538532,0.15015248004104645,0.138,0.276,0.276,-0.012121212121212121,correction_completion,PT_violation_het20,1,200,74,370044724,reference_fold_convolution_rf,,,,
PRE_SUB,X2=low_k=-2,,,-2.0,reference_fold_pretrend,-0.24108969672426786,-0.236547628182544,0.15336407722006254,-0.5447241818505492,-0.5002342802376266,0.004353150749495465,0.06170069088137334,0.059333333333333335,0.11866666666666667,0.11866666666666667,-0.006060606060606061,correction_completion,PT_violation_het20,1,200,74,370044724,reference_fold_convolution_rf,,,,
PRE_SUB,X2=high_k=-4,,,-4.0,reference_fold_pretrend,-0.014641659572273577,-0.009911978410915148,0.17947197990312583,-0.379496463327287,-0.3106332550093772,0.2798350252490771,0.33598227600774533,0.4786666666666667,0.9573333333333334,0.9573333333333334,0.1272727272727273,correction_completion,PT_violation_het20,1,200,74,370044724,reference_fold_convolution_rf,,,,
PRE_SUB,X2=high_k=-3,,,-3.0,reference_fold_pretrend,-0.018524555306584818,-0.01778816342017136,0.16874855996818042,-0.3480005937196045,-0.3104258336374244,0.25501825925930915,0.31279718764779646,0.452,0.904,0.904,0.08484848484848485,correction_completion,PT_violation_het20,1,200,74,370044724,reference_fold_convolution_rf,,,,
PRE_SUB,X2=high_k=-2,,,-2.0,reference_fold_pretrend,-0.09515374661664067,-0.09139537714011257,0.15375601285354576,-0.40204526616993413,-0.34963331019749744,0.1546488835204975,0.19542612157962885,0.26066666666666666,0.5213333333333333,0.5213333333333333,0.04242424242424243,correction_completion,PT_violation_het20,1,200,74,370044724,reference_fold_convolution_rf,,,,
PRE_SUBC,X1_k=-4,,,-4.0,reference_fold_pretrend,-0.6051248576738405,-0.5852890057471347,0.264361967694658,-1.1507066761716105,-1.0637344645920728,-0.21922779570157927,-0.1430567982421335,0.008,0.016,0.016,-1.1999999999999997,correction_completion,PT_violation_het20,1,200,74,370044724,reference_fold_convolution_rf,,,,
PRE_SUBC,X1_k=-3,,,-3.0,reference_fold_pretrend,-0.601630063761491,-0.580509740345867,0.26108159362389916,-1.133339512910683,-1.038047183477728,-0.21924035948143777,-0.15346283309070435,0.01,0.02,0.02,-0.7999999999999998,correction_completion,PT_violation_het20,1,200,74,370044724,reference_fold_convolution_rf,,,,
PRE_SUBC,X1_k=-2,,,-2.0,reference_fold_pretrend,-0.5048448921763171,-0.4876274086236867,0.2642289122223508,-1.0554352567416465,-0.9636956787630805,-0.079511096699223,0.011661926540938778,0.03666666666666667,0.07333333333333333,0.07333333333333333,-0.3999999999999999,correction_completion,PT_violation_het20,1,200,74,370044724,reference_fold_convolution_rf,,,,
PRE_SUBC,X1_slope,,,,reference_fold_pretrend,0.2516771137657729,0.2449854243411263,0.10850353387551018,0.06747038357051706,0.09438777981967988,0.43658383426990105,0.46940359708159596,0.008666666666666666,0.017333333333333333,0.017333333333333333,0.3999999999999999,correction_completion,PT_violation_het20,1,200,74,370044724,reference_fold_convolution_rf,,,,
PRE_SUBC,X2_k=-4,,,-4.0,reference_fold_pretrend,0.16696013844737811,0.17096236770949952,0.0874189184872671,-0.037640128002837815,0.007021217953358467,0.30698776131964345,0.33365604894556183,0.04,0.08,0.08,0.14545454545454545,correction_completion,PT_violation_het20,1,200,74,370044724,reference_fold_convolution_rf,,,,
PRE_SUBC,X2_k=-3,,,-3.0,reference_fold_pretrend,0.16487872701286566,0.16784541229713382,0.08582241599411455,-0.028133261594646873,0.009713076601069372,0.3001735905559621,0.3292798563188565,0.042,0.084,0.084,0.09696969696969697,correction_completion,PT_violation_het20,1,200,74,370044724,reference_fold_convolution_rf,,,,
PRE_SUBC,X2_k=-2,,,-2.0,reference_fold_pretrend,0.14593595010762717,0.15156000859654412,0.08530979466626029,-0.0400968264792211,-2.220446049250313e-16,0.27425008963663355,0.30408120527513255,0.06733333333333333,0.13466666666666666,0.13466666666666666,0.048484848484848485,correction_completion,PT_violation_het20,1,200,74,370044724,reference_fold_convolution_rf,,,,
PRE_SUBC,X2_slope,,,,reference_fold_pretrend,-0.06975527281967805,-0.0716791356254472,0.03568406514864171,-0.13690303809443993,-0.12417829229161066,-0.004162747114744016,0.014063903689781951,0.03933333333333333,0.07866666666666666,0.07866666666666666,-0.048484848484848485,correction_completion,PT_violation_het20,1,200,74,370044724,reference_fold_convolution_rf,,,,
PRE,k=-4,,,-4.0,pretrend,-0.13130392525781084,-0.13921897361113916,0.19124994039832496,-0.4912794524353916,-0.43749826804051395,0.19227569972797123,0.2585767103979249,0.24333333333333335,0.4866666666666667,0.4866666666666667,0.2060606060606061,correction_completion,PT_violation_het40,1,200,58,3690925809,raw_structured,,,,
PRE,k=-3,,,-3.0,pretrend,-0.05530805352426062,-0.05535660432283625,0.19283220008698151,-0.4218984738049764,-0.3686106743223358,0.25356097290727675,0.31290887545996976,0.38333333333333336,0.7666666666666667,0.7666666666666667,0.1373737373737374,correction_completion,PT_violation_het40,1,200,58,3690925809,raw_structured,,,,
PRE,k=-2,,,-2.0,pretrend,-0.10556237029443646,-0.09637398581437356,0.1764289308784403,-0.438432558485016,-0.39242526938836564,0.18374056076570514,0.26186136851169667,0.31133333333333335,0.6226666666666667,0.6226666666666667,0.0686868686868687,correction_completion,PT_violation_het40,1,200,58,3690925809,raw_structured,,,,
PRE,slope,,,,pretrend,0.04357787522259931,0.04555564604736607,0.067771240889885,-0.09181649490246531,-0.07060517409097158,0.15236878220996705,0.1711591482233786,0.2613333333333333,0.5226666666666666,0.5226666666666666,-0.0686868686868687,correction_completion,PT_violation_het40,1,200,58,3690925809,raw_structured,,,,
PRE_SUB,X1=0_k=-4,,,-4.0,pretrend,0.7377136459583034,0.7323303737766443,0.23423751825678424,0.3076080774294691,0.3610444638752883,1.1256178627932694,1.1875988664896147,0.0006666666666666666,0.0013333333333333333,0.0013333333333333333,1.1999999999999997,correction_completion,PT_violation_het40,1,200,58,3690925809,raw_structured,,,,
PRE_SUB,X1=0_k=-3,,,-3.0,pretrend,0.5597664076960771,0.5594931018992673,0.23445432583279943,0.09470207870584152,0.17955621569647692,0.9467307539745837,0.9984194762184537,0.008666666666666666,0.017333333333333333,0.017333333333333333,0.7999999999999998,correction_completion,PT_violation_het40,1,200,58,3690925809,raw_structured,,,,
PRE_SUB,X1=0_k=-2,,,-2.0,pretrend,0.18406086881917608,0.18118169173301685,0.22079219479499826,-0.22326277474772707,-0.14673675929806237,0.5622415062986605,0.6437165454286515,0.2853333333333333,0.5706666666666667,0.5706666666666667,0.3999999999999999,correction_completion,PT_violation_het40,1,200,58,3690925809,raw_structured,,,,
PRE_SUB,X1=1_k=-4,,,-4.0,pretrend,-1.3606458552708502,-1.3606792669270964,0.29203537875703783,-1.9042639664971603,-1.8295348401402465,-0.8773327634471838,-0.7788468899723376,0.0,0.0,0.0,-1.2,correction_completion,PT_violation_het40,1,200,58,3690925809,raw_structured,,,,
PRE_SUB,X1=1_k=-3,,,-3.0,pretrend,-0.9254133889091287,-0.9355855883589812,0.3070481006415445,-1.5171569407973327,-1.4222340940571814,-0.42038160717295947,-0.3080117722632199,0.0006666666666666666,0.0013333333333333333,0.0013333333333333333,-0.7999999999999999,correction_completion,PT_violation_het40,1,200,58,3690925809,raw_structured,,,,
PRE_SUB,X1=1_k=-2,,,-2.0,pretrend,-0.5152732939185714,-0.5391536203312276,0.2879550917096051,-1.0440860762215391,-0.974637435714226,0.0,0.0,0.09266666666666666,0.18533333333333332,0.18533333333333332,-0.39999999999999997,correction_completion,PT_violation_het40,1,200,58,3690925809,raw_structured,,,,
PRE_SUB,X2=low_k=-4,,,-4.0,pretrend,0.18883418249952647,0.1778255045623087,0.2022016770282898,-0.1831690209455007,-0.13876967504453705,0.5282574785171786,0.5935700468338811,0.16933333333333334,0.33866666666666667,0.33866666666666667,0.5454545454545454,correction_completion,PT_violation_het40,1,200,58,3690925809,raw_structured,,,,
PRE_SUB,X2=low_k=-3,,,-3.0,pretrend,0.16517289323955925,0.1635837983113546,0.19837129494303904,-0.21030343853522002,-0.15261194568164807,0.4923903384181825,0.5553548177555476,0.20533333333333334,0.4106666666666667,0.4106666666666667,0.36363636363636365,correction_completion,PT_violation_het40,1,200,58,3690925809,raw_structured,,,,
PRE_SUB,X2=low_k=-2,,,-2.0,pretrend,-0.0011233213333489112,0.0,0.18167908276720257,-0.32853168720049225,-0.2846342566954907,0.3099582868309243,0.3868188962003554,0.534,1.0,1.0,0.18181818181818182,correction_completion,PT_violation_het40,1,200,58,3690925809,raw_structured,,,,
PRE_SUB,X2=high_k=-4,,,-4.0,pretrend,-0.17357596844362255,-0.17372927142325034,0.20228794138808273,-0.566379236866242,-0.5007745985820046,0.156896073284916,0.23111944519283578,0.198,0.396,0.396,0.18181818181818182,correction_completion,PT_violation_het40,1,200,58,3690925809,raw_structured,,,,
PRE_SUB,X2=high_k=-3,,,-3.0,pretrend,-0.07949199398238861,-0.07838833784680202,0.1978175456162426,-0.4607906635978097,-0.40056414842259674,0.23902853066178759,0.2948983510110147,0.336,0.672,0.672,0.12121212121212122,correction_completion,PT_violation_het40,1,200,58,3690925809,raw_structured,,,,
PRE_SUB,X2=high_k=-2,,,-2.0,pretrend,-0.11690358533099274,-0.1091082240880037,0.17840289568270196,-0.45224239334957345,-0.409711567431301,0.16854832617549237,0.2511889694978591,0.2966666666666667,0.5933333333333334,0.5933333333333334,0.06060606060606061,correction_completion,PT_violation_het40,1,200,58,3690925809,raw_structured,,,,
PRE_SUBC,X1_k=-4,,,-4.0,pretrend,-2.0983595012291536,-2.1115354635682753,0.3567982844496674,-2.7674927766118445,-2.6540630626614155,-1.484038337811416,-1.3929544577785753,0.0,0.0,0.0,-2.3999999999999995,correction_completion,PT_violation_het40,1,200,58,3690925809,raw_structured,,,,
PRE_SUBC,X1_k=-3,,,-3.0,pretrend,-1.485179796605206,-1.501417040762072,0.37469623155847925,-2.1781385663057096,-2.0719883802753856,-0.8260895838665869,-0.7398438269733333,0.0,0.0,0.0,-1.5999999999999996,correction_completion,PT_violation_het40,1,200,58,3690925809,raw_structured,,,,
PRE_SUBC,X1_k=-2,,,-2.0,pretrend,-0.6993341627377475,-0.7505494424919225,0.36187369084466225,-1.3266501111564868,-1.2154734659064763,0.0,9.384854005034432e-17,0.10333333333333333,0.20666666666666667,0.20666666666666667,-0.7999999999999998,correction_completion,PT_violation_het40,1,200,58,3690925809,raw_structured,,,,
PRE_SUBC,X1_slope,,,,pretrend,0.71176944711683,0.7221867573861128,0.13260646417947522,0.42560551526560786,0.47370301147151644,0.9186032255646497,0.9543976066733532,0.0,0.0,0.0,0.7999999999999998,correction_completion,PT_violation_het40,1,200,58,3690925809,raw_structured,,,,
PRE_SUBC,X2_k=-4,,,-4.0,pretrend,-0.36241015094314905,-0.33387946714828926,0.1303451909951182,-0.7534648191009526,-0.6513562681058657,-0.22927648098549142,-0.21259974067693738,0.0,0.0,0.0,-0.36363636363636365,correction_completion,PT_violation_het40,1,200,58,3690925809,raw_structured,,,,
PRE_SUBC,X2_k=-3,,,-3.0,pretrend,-0.24466488722194785,-0.23197569405706245,0.09921339570850858,-0.5527476421889617,-0.38619398959323925,-0.12516508846463528,-0.1119739961461809,0.0,0.0,0.0,-0.24242424242424243,correction_completion,PT_violation_het40,1,200,58,3690925809,raw_structured,,,,
PRE_SUBC,X2_k=-2,,,-2.0,pretrend,-0.11578026399764382,-0.1154098780979973,0.07770801785033749,-0.29664365089067657,-0.20699905272091285,0.0,5.915407053080818e-17,0.10466666666666667,0.20933333333333334,0.20933333333333334,-0.12121212121212122,correction_completion,PT_violation_het40,1,200,58,3690925809,raw_structured,,,,
PRE_SUBC,X2_slope,,,,pretrend,0.12088146366221333,0.11417198255557937,0.04097994344289603,0.06472357506213713,0.07303708945109494,0.202084211121858,0.24345932264234568,0.0,0.0,0.0,0.12121212121212122,correction_completion,PT_violation_het40,1,200,58,3690925809,raw_structured,,,,
PRE,k=-4,,,-4.0,reference_fold_pretrend,-0.17980962315617527,-0.1804889520701255,0.18910331054698384,-0.5559271646409757,-0.4944632173279158,0.12725073933093037,0.19740589208080836,0.17133333333333334,0.3426666666666667,0.3426666666666667,0.2060606060606061,correction_completion,PT_violation_het40,1,200,58,3690925809,reference_fold_convolution_rf,,,,
PRE,k=-3,,,-3.0,reference_fold_pretrend,-0.13700647204862065,-0.13851951625820408,0.17914102503557958,-0.4712554156153006,-0.420797556310081,0.15910797826898618,0.2173268586857523,0.22666666666666666,0.4533333333333333,0.4533333333333333,0.1373737373737374,correction_completion,PT_violation_het40,1,200,58,3690925809,reference_fold_convolution_rf,,,,
PRE,k=-2,,,-2.0,reference_fold_pretrend,-0.17244173486226175,-0.17373987779964284,0.16309650992696922,-0.494528640004198,-0.44142889057520424,0.10417183853779319,0.15613568739875172,0.14733333333333334,0.2946666666666667,0.2946666666666667,0.0686868686868687,correction_completion,PT_violation_het40,1,200,58,3690925809,reference_fold_convolution_rf,,,,
PRE,slope,,,,reference_fold_pretrend,0.07042025345914492,0.07138103218255828,0.06770266936542915,-0.060689826741148215,-0.04041307672276653,0.18370006603862,0.19796216407325534,0.15866666666666668,0.31733333333333336,0.31733333333333336,-0.0686868686868687,correction_completion,PT_violation_het40,1,200,58,3690925809,reference_fold_convolution_rf,,,,
PRE_SUB,X1=0_k=-4,,,-4.0,reference_fold_pretrend,0.4563937377840643,0.4677305411580038,0.23670941659333852,-0.029040054706545845,0.06432964967415021,0.8400554065153664,0.9141087768910819,0.029333333333333333,0.058666666666666666,0.058666666666666666,1.1999999999999997,correction_completion,PT_violation_het40,1,200,58,3690925809,reference_fold_convolution_rf,,,,
PRE_SUB,X1=0_k=-3,,,-3.0,reference_fold_pretrend,0.33109771417664335,0.33845877348652226,0.22945052085949555,-0.12132747124917859,-0.046816799176671565,0.7083249616767656,0.779956624287399,0.078,0.156,0.156,0.7999999999999998,correction_completion,PT_violation_het40,1,200,58,3690925809,reference_fold_convolution_rf,,,,
PRE_SUB,X1=0_k=-2,,,-2.0,reference_fold_pretrend,0.09950734829720959,0.11100770865844198,0.19744081110456385,-0.31444295532685845,-0.24171233562201294,0.4127942292443231,0.4708521607138773,0.30933333333333335,0.6186666666666667,0.6186666666666667,0.3999999999999999,correction_completion,PT_violation_het40,1,200,58,3690925809,reference_fold_convolution_rf,,,,
PRE_SUB,X1=1_k=-4,,,-4.0,reference_fold_pretrend,-1.0798046215594408,-1.084384115384948,0.2704024209125407,-1.622945779036813,-1.5352525762124136,-0.6372829168558711,-0.5605300046596459,0.0,0.0,0.0,-1.2,correction_completion,PT_violation_het40,1,200,58,3690925809,reference_fold_convolution_rf,,,,
PRE_SUB,X1=1_k=-3,,,-3.0,reference_fold_pretrend,-0.7992026379282624,-0.7987736749913898,0.2516708792510678,-1.2927758778988687,-1.2121446707737782,-0.3989508286200449,-0.29738650828681895,0.0,0.0,0.0,-0.7999999999999999,correction_completion,PT_violation_het40,1,200,58,3690925809,reference_fold_convolution_rf,,,,
PRE_SUB,X1=1_k=-2,,,-2.0,reference_fold_pretrend,-0.5571501939659042,-0.5624364980303749,0.23868775113584367,-1.0290048314126712,-0.9361042930496892,-0.15500328396920107,-0.07107420008901526,0.012,0.024,0.024,-0.39999999999999997,correction_completion,PT_violation_het40,1,200,58,3690925809,reference_fold_convolution_rf,,,,
PRE_SUB,X2=low_k=-4,,,-4.0,reference_fold_pretrend,0.06364886639507873,0.06551006341207809,0.1999428920233215,-0.3271360515538239,-0.27000082637038436,0.39872302446416663,0.4595805486644788,0.36733333333333335,0.7346666666666667,0.7346666666666667,0.5454545454545454,correction_completion,PT_violation_het40,1,200,58,3690925809,reference_fold_convolution_rf,,,,
PRE_SUB,X2=low_k=-3,,,-3.0,reference_fold_pretrend,0.005225593403665833,0.0001698879570476834,0.19080482783998917,-0.342411970388221,-0.2982711540930601,0.3137834047630816,0.3755180283182448,0.5,1.0,1.0,0.36363636363636365,correction_completion,PT_violation_het40,1,200,58,3690925809,reference_fold_convolution_rf,,,,
PRE_SUB,X2=low_k=-2,,,-2.0,reference_fold_pretrend,-0.08893475554571832,-0.09249381349109284,0.17317037169950691,-0.41903737174659333,-0.3799610994065009,0.20184273071158454,0.26219725855818626,0.29333333333333333,0.5866666666666667,0.5866666666666667,0.18181818181818182,correction_completion,PT_violation_het40,1,200,58,3690925809,reference_fold_convolution_rf,,,,
PRE_SUB,X2=high_k=-4,,,-4.0,reference_fold_pretrend,-0.1956238104791211,-0.19258195672708678,0.20269159469058282,-0.6000246780663955,-0.5271919679189762,0.14017244403678736,0.19310951593407286,0.17133333333333334,0.3426666666666667,0.3426666666666667,0.18181818181818182,correction_completion,PT_violation_het40,1,200,58,3690925809,reference_fold_convolution_rf,,,,
PRE_SUB,X2=high_k=-3,,,-3.0,reference_fold_pretrend,-0.10379100246920264,-0.10222735789495643,0.19135463349491377,-0.479545653953446,-0.4165370333159079,0.2061858542769297,0.2577034297054469,0.2966666666666667,0.5933333333333334,0.5933333333333334,0.12121212121212122,correction_completion,PT_violation_het40,1,200,58,3690925809,reference_fold_convolution_rf,,,,
PRE_SUB,X2=high_k=-2,,,-2.0,reference_fold_pretrend,-0.13158676837037048,-0.1285360336569866,0.168732575964629,-0.4702115687190247,-0.42037572531309686,0.14720935636247237,0.1910397903161542,0.20933333333333334,0.4186666666666667,0.4186666666666667,0.06060606060606061,correction_completion,PT_violation_het40,1,200,58,3690925809,reference_fold_convolution_rf,,,,
PRE_SUBC,X1_k=-4,,,-4.0,reference_fold_pretrend,-1.5361983593435051,-1.5348826633850408,0.3357275211816229,-2.179213366334655,-2.0636422724323293,-0.9848177674540489,-0.8527603120372612,0.0,0.0,0.0,-2.3999999999999995,correction_completion,PT_violation_het40,1,200,58,3690925809,reference_fold_convolution_rf,,,,
PRE_SUBC,X1_k=-3,,,-3.0,reference_fold_pretrend,-1.1303003521049058,-1.1209213468778787,0.320889746993245,-1.76018917684098,-1.6522259109820592,-0.5963613961535498,-0.4990656370260271,0.0,0.0,0.0,-1.5999999999999996,correction_completion,PT_violation_het40,1,200,58,3690925809,reference_fold_convolution_rf,,,,
PRE_SUBC,X1_k=-2,,,-2.0,reference_fold_pretrend,-0.6566575422631137,-0.6892592030130569,0.28590166127428707,-1.169249864283948,-1.0952342890922537,-0.186040879115573,-0.07869300772662301,0.019333333333333334,0.03866666666666667,0.03866666666666667,-0.7999999999999998,correction_completion,PT_violation_het40,1,200,58,3690925809,reference_fold_convolution_rf,,,,
PRE_SUBC,X1_slope,,,,reference_fold_pretrend,0.5375609517502458,0.5370220295663624,0.12365768611971732,0.2841390170406703,0.3335875501294108,0.7317524689684713,0.7816346148516928,0.0,0.0,0.0,0.7999999999999998,correction_completion,PT_violation_het40,1,200,58,3690925809,reference_fold_convolution_rf,,,,
PRE_SUBC,X2_k=-4,,,-4.0,reference_fold_pretrend,-0.25927267687419986,-0.25159925667248867,0.12774718935734497,-0.5394190653628752,-0.4906863108821633,-0.06627003444879265,-0.0344311886712593,0.01,0.02,0.02,-0.36363636363636365,correction_completion,PT_violation_het40,1,200,58,3690925809,reference_fold_convolution_rf,,,,
PRE_SUBC,X2_k=-3,,,-3.0,reference_fold_pretrend,-0.10901659587286845,-0.10223099626517097,0.11956142132640708,-0.3787425769764068,-0.32418675954948556,0.07484759928081781,0.09796600649023661,0.16666666666666666,0.3333333333333333,0.3333333333333333,-0.24242424242424243,correction_completion,PT_violation_het40,1,200,58,3690925809,reference_fold_convolution_rf,,,,
PRE_SUBC,X2_k=-2,,,-2.0,reference_fold_pretrend,-0.04265201282465216,-0.045938991569086145,0.1064691626633469,-0.2720735104336065,-0.21691437924021348,0.12383145966975807,0.1506479292402696,0.324,0.648,0.648,-0.12121212121212122,correction_completion,PT_violation_het40,1,200,58,3690925809,reference_fold_convolution_rf,,,,
PRE_SUBC,X2_slope,,,,reference_fold_pretrend,0.0741788025137849,0.07158627293941339,0.04678057354353143,-0.008186421280146218,0.003590096091121038,0.1563649165866617,0.1791528673683783,0.042,0.084,0.084,0.12121212121212122,correction_completion,PT_violation_het40,1,200,58,3690925809,reference_fold_convolution_rf,,,,
GATT,g=4_t=4,4.0,4.0,0.0,raw_structured,3.751365326498912,3.7501131551285862,0.15601303250777185,3.4672222078738724,3.5111203484363016,4.01419952363376,4.07220951285859,0.0,0.0,0.0,3.673869454328772,correction_completion,baseline,3,200,42,13502868,raw_structured,,,,
GATT,g=4_t=5,4.0,5.0,1.0,raw_structured,3.6881239572954696,3.6847116354549527,0.14683422340510205,3.4001807388302265,3.458830093163535,3.9351556458472787,3.9820364636867813,0.0,0.0,0.0,3.673869454328772,correction_completion,baseline,3,200,42,13502868,raw_structured,,,,
GATT,g=4_t=6,4.0,6.0,2.0,raw_structured,3.5619095750361844,3.5668990083549197,0.15901860551168273,3.2325367661049613,3.291346032580419,3.8113912989135907,3.8587790051127997,0.0,0.0,0.0,3.673869454328772,correction_completion,baseline,3,200,42,13502868,raw_structured,,,,
GATT,g=4_t=7,4.0,7.0,3.0,raw_structured,3.6746052587830795,3.6631427882547696,0.16614441230637148,3.3763511678463654,3.4208683798274806,3.9579773383417094,4.01584959976861,0.0,0.0,0.0,3.673869454328772,correction_completion,baseline,3,200,42,13502868,raw_structured,,,,
ES,k=0,,,0.0,raw_structured,3.751365326498912,3.7501131551285862,0.15601303250777185,3.4672222078738724,3.5111203484363016,4.01419952363376,4.07220951285859,0.0,0.0,0.0,3.673869454328772,correction_completion,baseline,3,200,42,13502868,raw_structured,,,,
ES,k=1,,,1.0,raw_structured,3.6881239572954696,3.6847116354549527,0.14683422340510205,3.4001807388302265,3.458830093163535,3.9351556458472787,3.9820364636867813,0.0,0.0,0.0,3.673869454328772,correction_completion,baseline,3,200,42,13502868,raw_structured,,,,
ES,k=2,,,2.0,raw_structured,3.5619095750361844,3.5668990083549197,0.15901860551168273,3.2325367661049613,3.291346032580419,3.8113912989135907,3.8587790051127997,0.0,0.0,0.0,3.673869454328772,correction_completion,baseline,3,200,42,13502868,raw_structured,,,,
ES,k=3,,,3.0,raw_structured,3.6746052587830795,3.6631427882547696,0.16614441230637148,3.3763511678463654,3.4208683798274806,3.9579773383417094,4.01584959976861,0.0,0.0,0.0,3.673869454328772,correction_completion,baseline,3,200,42,13502868,raw_structured,,,,
ATT,ATT,,,,raw_structured,3.6690010294034123,3.6690972184571775,0.11829701156357952,3.4416052183450527,3.477318061084127,3.863436352328117,3.906855868894478,0.0,0.0,0.0,3.673869454328772,correction_completion,baseline,3,200,42,13502868,raw_structured,,,,
GATT,g=4_t=4,4.0,4.0,0.0,reference_fold_convolution,3.765580002641178,3.757606455946702,0.2169247046257937,3.35887726996746,3.412937170138226,4.141862652297369,4.211855882763035,0.0,0.0,0.0,3.673869454328772,correction_completion,baseline,3,200,42,13502868,reference_fold_convolution_rf,2.831792457670699,40.773937453813645,,"{""0"": {""bar_pi"": 0.52, ""control_ess"": 40.773937453813645, ""fold_sizes"": [{""evaluation"": 100, ""fold"": 0, ""train"": 100}], ""global_fold_bb"": true, ""max_control_odds"": 2.831792457670699, ""n_clipped"": 0, ""n_complement_units"": 100, ""n_eval_units"": 100, ""posterior_cache_key"": ""g=4_fold=0"", ""posterior_draws"": 1500, ""raw_max_control_odds"": 2.831792457670699}, ""1"": {""bar_pi"": 0.54, ""control_ess"": 42.321322347460864, ""fold_sizes"": [{""evaluation"": 100, ""fold"": 0, ""train"": 100}], ""global_fold_bb"": true, ""max_control_odds"": 1.7568960076072433, ""n_clipped"": 0, ""n_complement_units"": 100, ""n_eval_units"": 100, ""posterior_cache_key"": ""g=4_fold=1"", ""posterior_draws"": 1500, ""raw_max_control_odds"": 1.7568960076072433}}"
GATT,g=4_t=5,4.0,5.0,1.0,reference_fold_convolution,3.63526422136086,3.635714117728164,0.2298025479845276,3.183260146632354,3.2637702414938716,4.023101843273796,4.111291683763938,0.0,0.0,0.0,3.673869454328772,correction_completion,baseline,3,200,42,13502868,reference_fold_convolution_rf,2.831792457670699,40.773937453813645,,"{""0"": {""bar_pi"": 0.52, ""control_ess"": 40.773937453813645, ""fold_sizes"": [{""evaluation"": 100, ""fold"": 0, ""train"": 100}], ""global_fold_bb"": true, ""max_control_odds"": 2.831792457670699, ""n_clipped"": 0, ""n_complement_units"": 100, ""n_eval_units"": 100, ""posterior_cache_key"": ""g=4_fold=0"", ""posterior_draws"": 1500, ""raw_max_control_odds"": 2.831792457670699}, ""1"": {""bar_pi"": 0.54, ""control_ess"": 42.321322347460864, ""fold_sizes"": [{""evaluation"": 100, ""fold"": 0, ""train"": 100}], ""global_fold_bb"": true, ""max_control_odds"": 1.7568960076072433, ""n_clipped"": 0, ""n_complement_units"": 100, ""n_eval_units"": 100, ""posterior_cache_key"": ""g=4_fold=1"", ""posterior_draws"": 1500, ""raw_max_control_odds"": 1.7568960076072433}}"
GATT,g=4_t=6,4.0,6.0,2.0,reference_fold_convolution,3.3445282855778946,3.343786686723894,0.24507000107179527,2.849831328076164,2.937852663809554,3.7449309538783018,3.813338610504353,0.0,0.0,0.0,3.673869454328772,correction_completion,baseline,3,200,42,13502868,reference_fold_convolution_rf,2.831792457670699,40.773937453813645,,"{""0"": {""bar_pi"": 0.52, ""control_ess"": 40.773937453813645, ""fold_sizes"": [{""evaluation"": 100, ""fold"": 0, ""train"": 100}], ""global_fold_bb"": true, ""max_control_odds"": 2.831792457670699, ""n_clipped"": 0, ""n_complement_units"": 100, ""n_eval_units"": 100, ""posterior_cache_key"": ""g=4_fold=0"", ""posterior_draws"": 1500, ""raw_max_control_odds"": 2.831792457670699}, ""1"": {""bar_pi"": 0.54, ""control_ess"": 42.321322347460864, ""fold_sizes"": [{""evaluation"": 100, ""fold"": 0, ""train"": 100}], ""global_fold_bb"": true, ""max_control_odds"": 1.7568960076072433, ""n_clipped"": 0, ""n_complement_units"": 100, ""n_eval_units"": 100, ""posterior_cache_key"": ""g=4_fold=1"", ""posterior_draws"": 1500, ""raw_max_control_odds"": 1.7568960076072433}}"
GATT,g=4_t=7,4.0,7.0,3.0,reference_fold_convolution,3.7124230440668544,3.716426797326152,0.23654607674712877,3.249237431803985,3.322294184630111,4.0948110750762865,4.168693416000095,0.0,0.0,0.0,3.673869454328772,correction_completion,baseline,3,200,42,13502868,reference_fold_convolution_rf,2.831792457670699,40.773937453813645,,"{""0"": {""bar_pi"": 0.52, ""control_ess"": 40.773937453813645, ""fold_sizes"": [{""evaluation"": 100, ""fold"": 0, ""train"": 100}], ""global_fold_bb"": true, ""max_control_odds"": 2.831792457670699, ""n_clipped"": 0, ""n_complement_units"": 100, ""n_eval_units"": 100, ""posterior_cache_key"": ""g=4_fold=0"", ""posterior_draws"": 1500, ""raw_max_control_odds"": 2.831792457670699}, ""1"": {""bar_pi"": 0.54, ""control_ess"": 42.321322347460864, ""fold_sizes"": [{""evaluation"": 100, ""fold"": 0, ""train"": 100}], ""global_fold_bb"": true, ""max_control_odds"": 1.7568960076072433, ""n_clipped"": 0, ""n_complement_units"": 100, ""n_eval_units"": 100, ""posterior_cache_key"": ""g=4_fold=1"", ""posterior_draws"": 1500, ""raw_max_control_odds"": 1.7568960076072433}}"
ES,k=0,,,0.0,reference_fold_convolution,3.765580002641178,3.757606455946702,0.2169247046257937,3.35887726996746,3.412937170138226,4.141862652297369,4.211855882763035,0.0,0.0,0.0,3.673869454328772,correction_completion,baseline,3,200,42,13502868,reference_fold_convolution_rf,,,,{}
ES,k=1,,,1.0,reference_fold_convolution,3.63526422136086,3.635714117728164,0.2298025479845276,3.183260146632354,3.2637702414938716,4.023101843273796,4.111291683763938,0.0,0.0,0.0,3.673869454328772,correction_completion,baseline,3,200,42,13502868,reference_fold_convolution_rf,,,,{}
ES,k=2,,,2.0,reference_fold_convolution,3.3445282855778946,3.343786686723894,0.24507000107179527,2.849831328076164,2.937852663809554,3.7449309538783018,3.813338610504353,0.0,0.0,0.0,3.673869454328772,correction_completion,baseline,3,200,42,13502868,reference_fold_convolution_rf,,,,{}
ES,k=3,,,3.0,reference_fold_convolution,3.7124230440668544,3.716426797326152,0.23654607674712877,3.249237431803985,3.322294184630111,4.0948110750762865,4.168693416000095,0.0,0.0,0.0,3.673869454328772,correction_completion,baseline,3,200,42,13502868,reference_fold_convolution_rf,,,,{}
ATT,ATT,,,,reference_fold_convolution,3.614448888411697,3.6119552164275524,0.19238759583470363,3.2415889589385527,3.307079966618947,3.9248319043619655,3.981159683426692,0.0,0.0,0.0,3.673869454328772,correction_completion,baseline,3,200,42,13502868,reference_fold_convolution_rf,,,,{}
GATT,g=4_t=4,4.0,4.0,0.0,raw_structured,3.743683135549283,3.7615418746986533,0.33935294074057704,3.0598368210218014,3.175901526183744,4.260873206051273,4.373269386779036,0.0,0.0,0.0,4.101464264462617,correction_completion,baseline_sweep,2,50,26,1101275053,raw_structured,,,,
GATT,g=4_t=5,4.0,5.0,1.0,raw_structured,3.874906401615507,3.879620635658033,0.3113835801833564,3.2511554118166264,3.3768102874144366,4.375738458236156,4.481473379925307,0.0,0.0,0.0,4.101464264462617,correction_completion,baseline_sweep,2,50,26,1101275053,raw_structured,,,,
GATT,g=4_t=6,4.0,6.0,2.0,raw_structured,3.9027429554807678,3.9133018889473536,0.319327465620435,3.2400599611036527,3.376694865404687,4.405209424566379,4.493209292899087,0.0,0.0,0.0,4.101464264462617,correction_completion,baseline_sweep,2,50,26,1101275053,raw_structured,,,,
GATT,g=4_t=7,4.0,7.0,3.0,raw_structured,4.158028577114598,4.153662198128603,0.34830408514959316,3.49294510439169,3.5910112781735255,4.740023360264746,4.847247349863179,0.0,0.0,0.0,4.101464264462617,correction_completion,baseline_sweep,2,50,26,1101275053,raw_structured,,,,
ES,k=0,,,0.0,raw_structured,3.743683135549283,3.7615418746986533,0.33935294074057704,3.0598368210218014,3.175901526183744,4.260873206051273,4.373269386779036,0.0,0.0,0.0,4.101464264462617,correction_completion,baseline_sweep,2,50,26,1101275053,raw_structured,,,,
ES,k=1,,,1.0,raw_structured,3.874906401615507,3.879620635658033,0.3113835801833564,3.2511554118166264,3.3768102874144366,4.375738458236156,4.481473379925307,0.0,0.0,0.0,4.101464264462617,correction_completion,baseline_sweep,2,50,26,1101275053,raw_structured,,,,
ES,k=2,,,2.0,raw_structured,3.9027429554807678,3.9133018889473536,0.319327465620435,3.2400599611036527,3.376694865404687,4.405209424566379,4.493209292899087,0.0,0.0,0.0,4.101464264462617,correction_completion,baseline_sweep,2,50,26,1101275053,raw_structured,,,,
ES,k=3,,,3.0,raw_structured,4.158028577114598,4.153662198128603,0.34830408514959316,3.49294510439169,3.5910112781735255,4.740023360264746,4.847247349863179,0.0,0.0,0.0,4.101464264462617,correction_completion,baseline_sweep,2,50,26,1101275053,raw_structured,,,,
ATT,ATT,,,,raw_structured,3.9198402674400388,3.921397174320834,0.280984500443597,3.362986595998938,3.453966187849833,4.362313326386274,4.4653363751516775,0.0,0.0,0.0,4.101464264462618,correction_completion,baseline_sweep,2,50,26,1101275053,raw_structured,,,,
GATT,g=4_t=4,4.0,4.0,0.0,reference_fold_convolution,3.9436060508545974,3.9669778255168557,0.4636098430608368,2.9509677872043945,3.1882500493044765,4.650916650762521,4.760772520708977,0.0,0.0,0.0,4.101464264462617,correction_completion,baseline_sweep,2,50,26,1101275053,reference_fold_convolution_rf,1.8047464940668856,8.999964299406331,,"{""0"": {""bar_pi"": 0.64, ""control_ess"": 8.999964299406331, ""fold_sizes"": [{""evaluation"": 25, ""fold"": 0, ""train"": 25}], ""global_fold_bb"": true, ""max_control_odds"": 1.0902215634857284, ""n_clipped"": 0, ""n_complement_units"": 25, ""n_eval_units"": 25, ""posterior_cache_key"": ""g=4_fold=0"", ""posterior_draws"": 1500, ""raw_max_control_odds"": 1.0902215634857284}, ""1"": {""bar_pi"": 0.52, ""control_ess"": 11.99981678999293, ""fold_sizes"": [{""evaluation"": 25, ""fold"": 0, ""train"": 25}], ""global_fold_bb"": true, ""max_control_odds"": 1.8047464940668856, ""n_clipped"": 0, ""n_complement_units"": 25, ""n_eval_units"": 25, ""posterior_cache_key"": ""g=4_fold=1"", ""posterior_draws"": 1500, ""raw_max_control_odds"": 1.8047464940668856}}"
GATT,g=4_t=5,4.0,5.0,1.0,reference_fold_convolution,4.12893373182771,4.126602575910027,0.49073558365237485,3.141854038032707,3.321677210527669,4.922294401938908,5.048276239735915,0.0,0.0,0.0,4.101464264462617,correction_completion,baseline_sweep,2,50,26,1101275053,reference_fold_convolution_rf,1.8047464940668856,8.999964299406331,,"{""0"": {""bar_pi"": 0.64, ""control_ess"": 8.999964299406331, ""fold_sizes"": [{""evaluation"": 25, ""fold"": 0, ""train"": 25}], ""global_fold_bb"": true, ""max_control_odds"": 1.0902215634857284, ""n_clipped"": 0, ""n_complement_units"": 25, ""n_eval_units"": 25, ""posterior_cache_key"": ""g=4_fold=0"", ""posterior_draws"": 1500, ""raw_max_control_odds"": 1.0902215634857284}, ""1"": {""bar_pi"": 0.52, ""control_ess"": 11.99981678999293, ""fold_sizes"": [{""evaluation"": 25, ""fold"": 0, ""train"": 25}], ""global_fold_bb"": true, ""max_control_odds"": 1.8047464940668856, ""n_clipped"": 0, ""n_complement_units"": 25, ""n_eval_units"": 25, ""posterior_cache_key"": ""g=4_fold=1"", ""posterior_draws"": 1500, ""raw_max_control_odds"": 1.8047464940668856}}"
GATT,g=4_t=6,4.0,6.0,2.0,reference_fold_convolution,3.5829608139631395,3.599366413168517,0.5007387887570456,2.4800036282566094,2.70033219176253,4.328307433931944,4.506198949879162,0.0,0.0,0.0,4.101464264462617,correction_completion,baseline_sweep,2,50,26,1101275053,reference_fold_convolution_rf,1.8047464940668856,8.999964299406331,,"{""0"": {""bar_pi"": 0.64, ""control_ess"": 8.999964299406331, ""fold_sizes"": [{""evaluation"": 25, ""fold"": 0, ""train"": 25}], ""global_fold_bb"": true, ""max_control_odds"": 1.0902215634857284, ""n_clipped"": 0, ""n_complement_units"": 25, ""n_eval_units"": 25, ""posterior_cache_key"": ""g=4_fold=0"", ""posterior_draws"": 1500, ""raw_max_control_odds"": 1.0902215634857284}, ""1"": {""bar_pi"": 0.52, ""control_ess"": 11.99981678999293, ""fold_sizes"": [{""evaluation"": 25, ""fold"": 0, ""train"": 25}], ""global_fold_bb"": true, ""max_control_odds"": 1.8047464940668856, ""n_clipped"": 0, ""n_complement_units"": 25, ""n_eval_units"": 25, ""posterior_cache_key"": ""g=4_fold=1"", ""posterior_draws"": 1500, ""raw_max_control_odds"": 1.8047464940668856}}"
GATT,g=4_t=7,4.0,7.0,3.0,reference_fold_convolution,4.491147420483689,4.478127663878967,0.502624647612194,3.5060653354208737,3.6611063858117667,5.313283402958446,5.5100175765762085,0.0,0.0,0.0,4.101464264462617,correction_completion,baseline_sweep,2,50,26,1101275053,reference_fold_convolution_rf,1.8047464940668856,8.999964299406331,,"{""0"": {""bar_pi"": 0.64, ""control_ess"": 8.999964299406331, ""fold_sizes"": [{""evaluation"": 25, ""fold"": 0, ""train"": 25}], ""global_fold_bb"": true, ""max_control_odds"": 1.0902215634857284, ""n_clipped"": 0, ""n_complement_units"": 25, ""n_eval_units"": 25, ""posterior_cache_key"": ""g=4_fold=0"", ""posterior_draws"": 1500, ""raw_max_control_odds"": 1.0902215634857284}, ""1"": {""bar_pi"": 0.52, ""control_ess"": 11.99981678999293, ""fold_sizes"": [{""evaluation"": 25, ""fold"": 0, ""train"": 25}], ""global_fold_bb"": true, ""max_control_odds"": 1.8047464940668856, ""n_clipped"": 0, ""n_complement_units"": 25, ""n_eval_units"": 25, ""posterior_cache_key"": ""g=4_fold=1"", ""posterior_draws"": 1500, ""raw_max_control_odds"": 1.8047464940668856}}"
ES,k=0,,,0.0,reference_fold_convolution,3.9436060508545974,3.9669778255168557,0.4636098430608368,2.9509677872043945,3.1882500493044765,4.650916650762521,4.760772520708977,0.0,0.0,0.0,4.101464264462617,correction_completion,baseline_sweep,2,50,26,1101275053,reference_fold_convolution_rf,,,,{}
ES,k=1,,,1.0,reference_fold_convolution,4.12893373182771,4.126602575910027,0.49073558365237485,3.141854038032707,3.321677210527669,4.922294401938908,5.048276239735915,0.0,0.0,0.0,4.101464264462617,correction_completion,baseline_sweep,2,50,26,1101275053,reference_fold_convolution_rf,,,,{}
ES,k=2,,,2.0,reference_fold_convolution,3.5829608139631395,3.599366413168517,0.5007387887570456,2.4800036282566094,2.70033219176253,4.328307433931944,4.506198949879162,0.0,0.0,0.0,4.101464264462617,correction_completion,baseline_sweep,2,50,26,1101275053,reference_fold_convolution_rf,,,,{}
ES,k=3,,,3.0,reference_fold_convolution,4.491147420483689,4.478127663878967,0.502624647612194,3.5060653354208737,3.6611063858117667,5.313283402958446,5.5100175765762085,0.0,0.0,0.0,4.101464264462617,correction_completion,baseline_sweep,2,50,26,1101275053,reference_fold_convolution_rf,,,,{}
ATT,ATT,,,,reference_fold_convolution,4.0366620042822845,4.048742083912646,0.3805371746747638,3.226855674690917,3.3727995740486096,4.629710254052377,4.739623410120987,0.0,0.0,0.0,4.101464264462618,correction_completion,baseline_sweep,2,50,26,1101275053,reference_fold_convolution_rf,,,,{}
GATT,g=4_t=4,4.0,4.0,0.0,raw_structured,3.967079227777465,3.965220859994,0.19830661530314536,3.5759227090134664,3.6508678398049317,4.301386861688143,4.367365531986401,0.0,0.0,0.0,3.875031294826694,correction_completion,baseline_sweep_d3,3,100,10,781358914,raw_structured,,,,
GATT,g=4_t=5,4.0,5.0,1.0,raw_structured,3.9732168966526467,3.9680711189519484,0.1809236704632029,3.6325167267952834,3.6841493858151644,4.281374058040489,4.336638538080589,0.0,0.0,0.0,3.875031294826694,correction_completion,baseline_sweep_d3,3,100,10,781358914,raw_structured,,,,
GATT,g=4_t=6,4.0,6.0,2.0,raw_structured,3.928609297247881,3.933522949105485,0.18663681121935202,3.5629009729266716,3.6262647274801583,4.225795309556257,4.288611723283121,0.0,0.0,0.0,3.875031294826694,correction_completion,baseline_sweep_d3,3,100,10,781358914,raw_structured,,,,
GATT,g=4_t=7,4.0,7.0,3.0,raw_structured,4.109914668924897,4.103698381510815,0.21972404982577098,3.7001022633443603,3.755712534917856,4.499826582000219,4.5569616361092855,0.0,0.0,0.0,3.875031294826694,correction_completion,baseline_sweep_d3,3,100,10,781358914,raw_structured,,,,
ES,k=0,,,0.0,raw_structured,3.967079227777465,3.965220859994,0.19830661530314536,3.5759227090134664,3.6508678398049317,4.301386861688143,4.367365531986401,0.0,0.0,0.0,3.875031294826694,correction_completion,baseline_sweep_d3,3,100,10,781358914,raw_structured,,,,
ES,k=1,,,1.0,raw_structured,3.9732168966526467,3.9680711189519484,0.1809236704632029,3.6325167267952834,3.6841493858151644,4.281374058040489,4.336638538080589,0.0,0.0,0.0,3.875031294826694,correction_completion,baseline_sweep_d3,3,100,10,781358914,raw_structured,,,,
ES,k=2,,,2.0,raw_structured,3.928609297247881,3.933522949105485,0.18663681121935202,3.5629009729266716,3.6262647274801583,4.225795309556257,4.288611723283121,0.0,0.0,0.0,3.875031294826694,correction_completion,baseline_sweep_d3,3,100,10,781358914,raw_structured,,,,
ES,k=3,,,3.0,raw_structured,4.109914668924897,4.103698381510815,0.21972404982577098,3.7001022633443603,3.755712534917856,4.499826582000219,4.5569616361092855,0.0,0.0,0.0,3.875031294826694,correction_completion,baseline_sweep_d3,3,100,10,781358914,raw_structured,,,,
ATT,ATT,,,,raw_structured,3.994705022650722,3.9937380327682757,0.1573819485279961,3.6992474207918624,3.74032835712592,4.258698496238291,4.311948702382478,0.0,0.0,0.0,3.8750312948266936,correction_completion,baseline_sweep_d3,3,100,10,781358914,raw_structured,,,,
GATT,g=4_t=4,4.0,4.0,0.0,reference_fold_convolution,3.956856238759854,3.953584988513639,0.32228820575569905,3.3075650096855957,3.4185606196479106,4.460570815107557,4.567364651621859,0.0,0.0,0.0,3.875031294826694,correction_completion,baseline_sweep_d3,3,100,10,781358914,reference_fold_convolution_rf,1.5106145020940474,24.717785084408316,,"{""0"": {""bar_pi"": 0.46, ""control_ess"": 24.717785084408316, ""fold_sizes"": [{""evaluation"": 50, ""fold"": 0, ""train"": 50}], ""global_fold_bb"": true, ""max_control_odds"": 1.5106145020940474, ""n_clipped"": 0, ""n_complement_units"": 50, ""n_eval_units"": 50, ""posterior_cache_key"": ""g=4_fold=0"", ""posterior_draws"": 1500, ""raw_max_control_odds"": 1.5106145020940474}, ""1"": {""bar_pi"": 0.44, ""control_ess"": 25.494632310057714, ""fold_sizes"": [{""evaluation"": 50, ""fold"": 0, ""train"": 50}], ""global_fold_bb"": true, ""max_control_odds"": 1.3127794452170276, ""n_clipped"": 0, ""n_complement_units"": 50, ""n_eval_units"": 50, ""posterior_cache_key"": ""g=4_fold=1"", ""posterior_draws"": 1500, ""raw_max_control_odds"": 1.3127794452170276}}"
GATT,g=4_t=5,4.0,5.0,1.0,reference_fold_convolution,4.125219057626732,4.1303391012185635,0.2781783679403135,3.567298747465472,3.666915956480335,4.558595901781582,4.638441372883844,0.0,0.0,0.0,3.875031294826694,correction_completion,baseline_sweep_d3,3,100,10,781358914,reference_fold_convolution_rf,1.5106145020940474,24.717785084408316,,"{""0"": {""bar_pi"": 0.46, ""control_ess"": 24.717785084408316, ""fold_sizes"": [{""evaluation"": 50, ""fold"": 0, ""train"": 50}], ""global_fold_bb"": true, ""max_control_odds"": 1.5106145020940474, ""n_clipped"": 0, ""n_complement_units"": 50, ""n_eval_units"": 50, ""posterior_cache_key"": ""g=4_fold=0"", ""posterior_draws"": 1500, ""raw_max_control_odds"": 1.5106145020940474}, ""1"": {""bar_pi"": 0.44, ""control_ess"": 25.494632310057714, ""fold_sizes"": [{""evaluation"": 50, ""fold"": 0, ""train"": 50}], ""global_fold_bb"": true, ""max_control_odds"": 1.3127794452170276, ""n_clipped"": 0, ""n_complement_units"": 50, ""n_eval_units"": 50, ""posterior_cache_key"": ""g=4_fold=1"", ""posterior_draws"": 1500, ""raw_max_control_odds"": 1.3127794452170276}}"
GATT,g=4_t=6,4.0,6.0,2.0,reference_fold_convolution,3.8688479931524626,3.869397184243289,0.3490232419544249,3.201887447865216,3.295842359501145,4.4523612169905435,4.577780831990447,0.0,0.0,0.0,3.875031294826694,correction_completion,baseline_sweep_d3,3,100,10,781358914,reference_fold_convolution_rf,1.5106145020940474,24.717785084408316,,"{""0"": {""bar_pi"": 0.46, ""control_ess"": 24.717785084408316, ""fold_sizes"": [{""evaluation"": 50, ""fold"": 0, ""train"": 50}], ""global_fold_bb"": true, ""max_control_odds"": 1.5106145020940474, ""n_clipped"": 0, ""n_complement_units"": 50, ""n_eval_units"": 50, ""posterior_cache_key"": ""g=4_fold=0"", ""posterior_draws"": 1500, ""raw_max_control_odds"": 1.5106145020940474}, ""1"": {""bar_pi"": 0.44, ""control_ess"": 25.494632310057714, ""fold_sizes"": [{""evaluation"": 50, ""fold"": 0, ""train"": 50}], ""global_fold_bb"": true, ""max_control_odds"": 1.3127794452170276, ""n_clipped"": 0, ""n_complement_units"": 50, ""n_eval_units"": 50, ""posterior_cache_key"": ""g=4_fold=1"", ""posterior_draws"": 1500, ""raw_max_control_odds"": 1.3127794452170276}}"
GATT,g=4_t=7,4.0,7.0,3.0,reference_fold_convolution,4.419514685877946,4.415642426779795,0.32386430884950995,3.757557595452367,3.89033822331432,4.95434300076331,5.0793882988114705,0.0,0.0,0.0,3.875031294826694,correction_completion,baseline_sweep_d3,3,100,10,781358914,reference_fold_convolution_rf,1.5106145020940474,24.717785084408316,,"{""0"": {""bar_pi"": 0.46, ""control_ess"": 24.717785084408316, ""fold_sizes"": [{""evaluation"": 50, ""fold"": 0, ""train"": 50}], ""global_fold_bb"": true, ""max_control_odds"": 1.5106145020940474, ""n_clipped"": 0, ""n_complement_units"": 50, ""n_eval_units"": 50, ""posterior_cache_key"": ""g=4_fold=0"", ""posterior_draws"": 1500, ""raw_max_control_odds"": 1.5106145020940474}, ""1"": {""bar_pi"": 0.44, ""control_ess"": 25.494632310057714, ""fold_sizes"": [{""evaluation"": 50, ""fold"": 0, ""train"": 50}], ""global_fold_bb"": true, ""max_control_odds"": 1.3127794452170276, ""n_clipped"": 0, ""n_complement_units"": 50, ""n_eval_units"": 50, ""posterior_cache_key"": ""g=4_fold=1"", ""posterior_draws"": 1500, ""raw_max_control_odds"": 1.3127794452170276}}"
ES,k=0,,,0.0,reference_fold_convolution,3.956856238759854,3.953584988513639,0.32228820575569905,3.3075650096855957,3.4185606196479106,4.460570815107557,4.567364651621859,0.0,0.0,0.0,3.875031294826694,correction_completion,baseline_sweep_d3,3,100,10,781358914,reference_fold_convolution_rf,,,,{}
ES,k=1,,,1.0,reference_fold_convolution,4.125219057626732,4.1303391012185635,0.2781783679403135,3.567298747465472,3.666915956480335,4.558595901781582,4.638441372883844,0.0,0.0,0.0,3.875031294826694,correction_completion,baseline_sweep_d3,3,100,10,781358914,reference_fold_convolution_rf,,,,{}
ES,k=2,,,2.0,reference_fold_convolution,3.8688479931524626,3.869397184243289,0.3490232419544249,3.201887447865216,3.295842359501145,4.4523612169905435,4.577780831990447,0.0,0.0,0.0,3.875031294826694,correction_completion,baseline_sweep_d3,3,100,10,781358914,reference_fold_convolution_rf,,,,{}
ES,k=3,,,3.0,reference_fold_convolution,4.419514685877946,4.415642426779795,0.32386430884950995,3.757557595452367,3.89033822331432,4.95434300076331,5.0793882988114705,0.0,0.0,0.0,3.875031294826694,correction_completion,baseline_sweep_d3,3,100,10,781358914,reference_fold_convolution_rf,,,,{}
ATT,ATT,,,,reference_fold_convolution,4.0926094938542485,4.0994016722853965,0.26048417023081777,3.5847591803748973,3.6703300490210533,4.524110035682839,4.607245199187514,0.0,0.0,0.0,3.8750312948266936,correction_completion,baseline_sweep_d3,3,100,10,781358914,reference_fold_convolution_rf,,,,{}
GATT,g=4_t=4,4.0,4.0,0.0,raw_structured,0.2530851811655061,0.2559750881257109,0.1302117852722247,-0.009128239076606318,0.03241153075960184,0.45629505717612706,0.502315164996649,0.028666666666666667,0.05733333333333333,0.05733333333333333,0.0,correction_completion,null,3,200,94,331222283,raw_structured,,,,
GATT,g=4_t=5,4.0,5.0,1.0,raw_structured,0.26568836585465305,0.265235950321082,0.12643142230273854,0.024342625435382927,0.0578267665260781,0.46763855212360333,0.5053287463860608,0.018,0.036,0.036,0.0,correction_completion,null,3,200,94,331222283,raw_structured,,,,
GATT,g=4_t=6,4.0,6.0,2.0,raw_structured,0.26880644832357076,0.2680625739662354,0.1318178278951941,0.013328227204116808,0.048761168298834895,0.47761429783811254,0.5292202276867157,0.019333333333333334,0.03866666666666667,0.03866666666666667,0.0,correction_completion,null,3,200,94,331222283,raw_structured,,,,
GATT,g=4_t=7,4.0,7.0,3.0,raw_structured,0.32104761376061725,0.3170631572416911,0.1414398361074645,0.06667407377302446,0.10596446453178553,0.5670275445275321,0.6099656628540878,0.007333333333333333,0.014666666666666666,0.014666666666666666,0.0,correction_completion,null,3,200,94,331222283,raw_structured,,,,
ES,k=0,,,0.0,raw_structured,0.2530851811655061,0.2559750881257109,0.1302117852722247,-0.009128239076606318,0.03241153075960184,0.45629505717612706,0.502315164996649,0.028666666666666667,0.05733333333333333,0.05733333333333333,0.0,correction_completion,null,3,200,94,331222283,raw_structured,,,,
ES,k=1,,,1.0,raw_structured,0.26568836585465305,0.265235950321082,0.12643142230273854,0.024342625435382927,0.0578267665260781,0.46763855212360333,0.5053287463860608,0.018,0.036,0.036,0.0,correction_completion,null,3,200,94,331222283,raw_structured,,,,
ES,k=2,,,2.0,raw_structured,0.26880644832357076,0.2680625739662354,0.1318178278951941,0.013328227204116808,0.048761168298834895,0.47761429783811254,0.5292202276867157,0.019333333333333334,0.03866666666666667,0.03866666666666667,0.0,correction_completion,null,3,200,94,331222283,raw_structured,,,,
ES,k=3,,,3.0,raw_structured,0.32104761376061725,0.3170631572416911,0.1414398361074645,0.06667407377302446,0.10596446453178553,0.5670275445275321,0.6099656628540878,0.007333333333333333,0.014666666666666666,0.014666666666666666,0.0,correction_completion,null,3,200,94,331222283,raw_structured,,,,
ATT,ATT,,,,raw_structured,0.2771569022760868,0.2782904941701225,0.10977048627237176,0.06411595494976091,0.09768206019496373,0.45825310972508765,0.4922876233660346,0.004666666666666667,0.009333333333333334,0.009333333333333334,0.0,correction_completion,null,3,200,94,331222283,raw_structured,,,,
GATT,g=4_t=4,4.0,4.0,0.0,reference_fold_convolution,0.06715587686658106,0.06751353960126458,0.21321861403246156,-0.35261036626410547,-0.28608908911859865,0.414007280640623,0.47589266010425474,0.37333333333333335,0.7466666666666667,0.7466666666666667,0.0,correction_completion,null,3,200,94,331222283,reference_fold_convolution_rf,3.1743235548422026,39.18586109082342,,"{""0"": {""bar_pi"": 0.56, ""control_ess"": 39.18586109082342, ""fold_sizes"": [{""evaluation"": 100, ""fold"": 0, ""train"": 100}], ""global_fold_bb"": true, ""max_control_odds"": 1.8597257158785212, ""n_clipped"": 0, ""n_complement_units"": 100, ""n_eval_units"": 100, ""posterior_cache_key"": ""g=4_fold=0"", ""posterior_draws"": 1500, ""raw_max_control_odds"": 1.8597257158785212}, ""1"": {""bar_pi"": 0.49, ""control_ess"": 43.88926961670079, ""fold_sizes"": [{""evaluation"": 100, ""fold"": 0, ""train"": 100}], ""global_fold_bb"": true, ""max_control_odds"": 3.1743235548422026, ""n_clipped"": 0, ""n_complement_units"": 100, ""n_eval_units"": 100, ""posterior_cache_key"": ""g=4_fold=1"", ""posterior_draws"": 1500, ""raw_max_control_odds"": 3.1743235548422026}}"
GATT,g=4_t=5,4.0,5.0,1.0,reference_fold_convolution,0.1398875817400369,0.1363201580868478,0.24005386600603001,-0.3041626676382907,-0.24444505106714773,0.5255857211498789,0.6361599650022379,0.2866666666666667,0.5733333333333334,0.5733333333333334,0.0,correction_completion,null,3,200,94,331222283,reference_fold_convolution_rf,3.1743235548422026,39.18586109082342,,"{""0"": {""bar_pi"": 0.56, ""control_ess"": 39.18586109082342, ""fold_sizes"": [{""evaluation"": 100, ""fold"": 0, ""train"": 100}], ""global_fold_bb"": true, ""max_control_odds"": 1.8597257158785212, ""n_clipped"": 0, ""n_complement_units"": 100, ""n_eval_units"": 100, ""posterior_cache_key"": ""g=4_fold=0"", ""posterior_draws"": 1500, ""raw_max_control_odds"": 1.8597257158785212}, ""1"": {""bar_pi"": 0.49, ""control_ess"": 43.88926961670079, ""fold_sizes"": [{""evaluation"": 100, ""fold"": 0, ""train"": 100}], ""global_fold_bb"": true, ""max_control_odds"": 3.1743235548422026, ""n_clipped"": 0, ""n_complement_units"": 100, ""n_eval_units"": 100, ""posterior_cache_key"": ""g=4_fold=1"", ""posterior_draws"": 1500, ""raw_max_control_odds"": 3.1743235548422026}}"
GATT,g=4_t=6,4.0,6.0,2.0,reference_fold_convolution,0.14181439766076517,0.1510469172819408,0.23420231108220305,-0.33053171441188084,-0.26461286125112643,0.507218085933846,0.5812026043975824,0.256,0.512,0.512,0.0,correction_completion,null,3,200,94,331222283,reference_fold_convolution_rf,3.1743235548422026,39.18586109082342,,"{""0"": {""bar_pi"": 0.56, ""control_ess"": 39.18586109082342, ""fold_sizes"": [{""evaluation"": 100, ""fold"": 0, ""train"": 100}], ""global_fold_bb"": true, ""max_control_odds"": 1.8597257158785212, ""n_clipped"": 0, ""n_complement_units"": 100, ""n_eval_units"": 100, ""posterior_cache_key"": ""g=4_fold=0"", ""posterior_draws"": 1500, ""raw_max_control_odds"": 1.8597257158785212}, ""1"": {""bar_pi"": 0.49, ""control_ess"": 43.88926961670079, ""fold_sizes"": [{""evaluation"": 100, ""fold"": 0, ""train"": 100}], ""global_fold_bb"": true, ""max_control_odds"": 3.1743235548422026, ""n_clipped"": 0, ""n_complement_units"": 100, ""n_eval_units"": 100, ""posterior_cache_key"": ""g=4_fold=1"", ""posterior_draws"": 1500, ""raw_max_control_odds"": 3.1743235548422026}}"
GATT,g=4_t=7,4.0,7.0,3.0,reference_fold_convolution,0.28126398919917833,0.2888375178305917,0.23942239023355555,-0.19704747112009904,-0.11925913351640516,0.6795999636848657,0.7455079438255701,0.118,0.236,0.236,0.0,correction_completion,null,3,200,94,331222283,reference_fold_convolution_rf,3.1743235548422026,39.18586109082342,,"{""0"": {""bar_pi"": 0.56, ""control_ess"": 39.18586109082342, ""fold_sizes"": [{""evaluation"": 100, ""fold"": 0, ""train"": 100}], ""global_fold_bb"": true, ""max_control_odds"": 1.8597257158785212, ""n_clipped"": 0, ""n_complement_units"": 100, ""n_eval_units"": 100, ""posterior_cache_key"": ""g=4_fold=0"", ""posterior_draws"": 1500, ""raw_max_control_odds"": 1.8597257158785212}, ""1"": {""bar_pi"": 0.49, ""control_ess"": 43.88926961670079, ""fold_sizes"": [{""evaluation"": 100, ""fold"": 0, ""train"": 100}], ""global_fold_bb"": true, ""max_control_odds"": 3.1743235548422026, ""n_clipped"": 0, ""n_complement_units"": 100, ""n_eval_units"": 100, ""posterior_cache_key"": ""g=4_fold=1"", ""posterior_draws"": 1500, ""raw_max_control_odds"": 3.1743235548422026}}"
ES,k=0,,,0.0,reference_fold_convolution,0.06715587686658106,0.06751353960126458,0.21321861403246156,-0.35261036626410547,-0.28608908911859865,0.414007280640623,0.47589266010425474,0.37333333333333335,0.7466666666666667,0.7466666666666667,0.0,correction_completion,null,3,200,94,331222283,reference_fold_convolution_rf,,,,{}
ES,k=1,,,1.0,reference_fold_convolution,0.1398875817400369,0.1363201580868478,0.24005386600603001,-0.3041626676382907,-0.24444505106714773,0.5255857211498789,0.6361599650022379,0.2866666666666667,0.5733333333333334,0.5733333333333334,0.0,correction_completion,null,3,200,94,331222283,reference_fold_convolution_rf,,,,{}
ES,k=2,,,2.0,reference_fold_convolution,0.14181439766076517,0.1510469172819408,0.23420231108220305,-0.33053171441188084,-0.26461286125112643,0.507218085933846,0.5812026043975824,0.256,0.512,0.512,0.0,correction_completion,null,3,200,94,331222283,reference_fold_convolution_rf,,,,{}
ES,k=3,,,3.0,reference_fold_convolution,0.28126398919917833,0.2888375178305917,0.23942239023355555,-0.19704747112009904,-0.11925913351640516,0.6795999636848657,0.7455079438255701,0.118,0.236,0.236,0.0,correction_completion,null,3,200,94,331222283,reference_fold_convolution_rf,,,,{}
ATT,ATT,,,,reference_fold_convolution,0.15753046136664037,0.15264750375544808,0.18267092078722338,-0.18244155246344182,-0.14805422989495975,0.44812937456216423,0.5181056009864636,0.19066666666666668,0.38133333333333336,0.38133333333333336,0.0,correction_completion,null,3,200,94,331222283,reference_fold_convolution_rf,,,,{}
GATT,g=4_t=4,4.0,4.0,0.0,raw_structured,3.74269051814361,3.7432584095506085,0.14957309181255501,3.4372619343131903,3.502456302907261,3.985061103864729,4.031188896527408,0.0,0.0,0.0,3.9057643441696674,correction_completion,selection_both,3,200,78,1527641893,raw_structured,,,,
GATT,g=4_t=5,4.0,5.0,1.0,raw_structured,3.755869986927322,3.757583918947834,0.1432972166708407,3.475684248453721,3.5357267189689536,3.9859210747718214,4.036706533615463,0.0,0.0,0.0,3.9057643441696674,correction_completion,selection_both,3,200,78,1527641893,raw_structured,,,,
GATT,g=4_t=6,4.0,6.0,2.0,raw_structured,3.7675045614031077,3.769369353098287,0.15035222137211202,3.4786729353440324,3.525823526433061,4.003586995044627,4.051828824084729,0.0,0.0,0.0,3.9057643441696674,correction_completion,selection_both,3,200,78,1527641893,raw_structured,,,,
GATT,g=4_t=7,4.0,7.0,3.0,raw_structured,3.8196114099379552,3.8127266604076167,0.163281251587737,3.5215448673214675,3.568667861267582,4.0987431167339885,4.149723824519969,0.0,0.0,0.0,3.9057643441696674,correction_completion,selection_both,3,200,78,1527641893,raw_structured,,,,
ES,k=0,,,0.0,raw_structured,3.74269051814361,3.7432584095506085,0.14957309181255501,3.4372619343131903,3.502456302907261,3.985061103864729,4.031188896527408,0.0,0.0,0.0,3.9057643441696674,correction_completion,selection_both,3,200,78,1527641893,raw_structured,,,,
ES,k=1,,,1.0,raw_structured,3.755869986927322,3.757583918947834,0.1432972166708407,3.475684248453721,3.5357267189689536,3.9859210747718214,4.036706533615463,0.0,0.0,0.0,3.9057643441696674,correction_completion,selection_both,3,200,78,1527641893,raw_structured,,,,
ES,k=2,,,2.0,raw_structured,3.7675045614031077,3.769369353098287,0.15035222137211202,3.4786729353440324,3.525823526433061,4.003586995044627,4.051828824084729,0.0,0.0,0.0,3.9057643441696674,correction_completion,selection_both,3,200,78,1527641893,raw_structured,,,,
ES,k=3,,,3.0,raw_structured,3.8196114099379552,3.8127266604076167,0.163281251587737,3.5215448673214675,3.568667861267582,4.0987431167339885,4.149723824519969,0.0,0.0,0.0,3.9057643441696674,correction_completion,selection_both,3,200,78,1527641893,raw_structured,,,,
ATT,ATT,,,,raw_structured,3.7714191191029984,3.7716388384995367,0.12956282138150843,3.5341021820720413,3.569741519383857,3.9775344317457417,4.019827413394051,0.0,0.0,0.0,3.9057643441696666,correction_completion,selection_both,3,200,78,1527641893,raw_structured,,,,
GATT,g=4_t=4,4.0,4.0,0.0,reference_fold_convolution,3.6659425693301673,3.671631595995709,0.26487500283051596,3.0664593380888485,3.218000181306581,4.075850105287703,4.159937992241224,0.0,0.0,0.0,3.9057643441696674,correction_completion,selection_both,3,200,78,1527641893,reference_fold_convolution_rf,3.890962966207889,30.1703274719448,,"{""0"": {""bar_pi"": 0.6, ""control_ess"": 30.1703274719448, ""fold_sizes"": [{""evaluation"": 100, ""fold"": 0, ""train"": 100}], ""global_fold_bb"": true, ""max_control_odds"": 1.673063136741623, ""n_clipped"": 0, ""n_complement_units"": 100, ""n_eval_units"": 100, ""posterior_cache_key"": ""g=4_fold=0"", ""posterior_draws"": 1500, ""raw_max_control_odds"": 1.673063136741623}, ""1"": {""bar_pi"": 0.48, ""control_ess"": 43.91119865058158, ""fold_sizes"": [{""evaluation"": 100, ""fold"": 0, ""train"": 100}], ""global_fold_bb"": true, ""max_control_odds"": 3.890962966207889, ""n_clipped"": 0, ""n_complement_units"": 100, ""n_eval_units"": 100, ""posterior_cache_key"": ""g=4_fold=1"", ""posterior_draws"": 1500, ""raw_max_control_odds"": 3.890962966207889}}"
GATT,g=4_t=5,4.0,5.0,1.0,reference_fold_convolution,3.6565731244207917,3.6518539955432416,0.25549019679639534,3.1788346244241397,3.25099996629503,4.079205734652248,4.172556734085259,0.0,0.0,0.0,3.9057643441696674,correction_completion,selection_both,3,200,78,1527641893,reference_fold_convolution_rf,3.890962966207889,30.1703274719448,,"{""0"": {""bar_pi"": 0.6, ""control_ess"": 30.1703274719448, ""fold_sizes"": [{""evaluation"": 100, ""fold"": 0, ""train"": 100}], ""global_fold_bb"": true, ""max_control_odds"": 1.673063136741623, ""n_clipped"": 0, ""n_complement_units"": 100, ""n_eval_units"": 100, ""posterior_cache_key"": ""g=4_fold=0"", ""posterior_draws"": 1500, ""raw_max_control_odds"": 1.673063136741623}, ""1"": {""bar_pi"": 0.48, ""control_ess"": 43.91119865058158, ""fold_sizes"": [{""evaluation"": 100, ""fold"": 0, ""train"": 100}], ""global_fold_bb"": true, ""max_control_odds"": 3.890962966207889, ""n_clipped"": 0, ""n_complement_units"": 100, ""n_eval_units"": 100, ""posterior_cache_key"": ""g=4_fold=1"", ""posterior_draws"": 1500, ""raw_max_control_odds"": 3.890962966207889}}"
GATT,g=4_t=6,4.0,6.0,2.0,reference_fold_convolution,3.758490977112532,3.765038260413313,0.2848953117748091,3.193065307820563,3.280180530254273,4.223016553309795,4.308597754505002,0.0,0.0,0.0,3.9057643441696674,correction_completion,selection_both,3,200,78,1527641893,reference_fold_convolution_rf,3.890962966207889,30.1703274719448,,"{""0"": {""bar_pi"": 0.6, ""control_ess"": 30.1703274719448, ""fold_sizes"": [{""evaluation"": 100, ""fold"": 0, ""train"": 100}], ""global_fold_bb"": true, ""max_control_odds"": 1.673063136741623, ""n_clipped"": 0, ""n_complement_units"": 100, ""n_eval_units"": 100, ""posterior_cache_key"": ""g=4_fold=0"", ""posterior_draws"": 1500, ""raw_max_control_odds"": 1.673063136741623}, ""1"": {""bar_pi"": 0.48, ""control_ess"": 43.91119865058158, ""fold_sizes"": [{""evaluation"": 100, ""fold"": 0, ""train"": 100}], ""global_fold_bb"": true, ""max_control_odds"": 3.890962966207889, ""n_clipped"": 0, ""n_complement_units"": 100, ""n_eval_units"": 100, ""posterior_cache_key"": ""g=4_fold=1"", ""posterior_draws"": 1500, ""raw_max_control_odds"": 3.890962966207889}}"
GATT,g=4_t=7,4.0,7.0,3.0,reference_fold_convolution,3.740001601000978,3.7553359498690595,0.26852790758311074,3.1943013521325923,3.295589657549306,4.163452072597094,4.245457160094294,0.0,0.0,0.0,3.9057643441696674,correction_completion,selection_both,3,200,78,1527641893,reference_fold_convolution_rf,3.890962966207889,30.1703274719448,,"{""0"": {""bar_pi"": 0.6, ""control_ess"": 30.1703274719448, ""fold_sizes"": [{""evaluation"": 100, ""fold"": 0, ""train"": 100}], ""global_fold_bb"": true, ""max_control_odds"": 1.673063136741623, ""n_clipped"": 0, ""n_complement_units"": 100, ""n_eval_units"": 100, ""posterior_cache_key"": ""g=4_fold=0"", ""posterior_draws"": 1500, ""raw_max_control_odds"": 1.673063136741623}, ""1"": {""bar_pi"": 0.48, ""control_ess"": 43.91119865058158, ""fold_sizes"": [{""evaluation"": 100, ""fold"": 0, ""train"": 100}], ""global_fold_bb"": true, ""max_control_odds"": 3.890962966207889, ""n_clipped"": 0, ""n_complement_units"": 100, ""n_eval_units"": 100, ""posterior_cache_key"": ""g=4_fold=1"", ""posterior_draws"": 1500, ""raw_max_control_odds"": 3.890962966207889}}"
ES,k=0,,,0.0,reference_fold_convolution,3.6659425693301673,3.671631595995709,0.26487500283051596,3.0664593380888485,3.218000181306581,4.075850105287703,4.159937992241224,0.0,0.0,0.0,3.9057643441696674,correction_completion,selection_both,3,200,78,1527641893,reference_fold_convolution_rf,,,,{}
ES,k=1,,,1.0,reference_fold_convolution,3.6565731244207917,3.6518539955432416,0.25549019679639534,3.1788346244241397,3.25099996629503,4.079205734652248,4.172556734085259,0.0,0.0,0.0,3.9057643441696674,correction_completion,selection_both,3,200,78,1527641893,reference_fold_convolution_rf,,,,{}
ES,k=2,,,2.0,reference_fold_convolution,3.758490977112532,3.765038260413313,0.2848953117748091,3.193065307820563,3.280180530254273,4.223016553309795,4.308597754505002,0.0,0.0,0.0,3.9057643441696674,correction_completion,selection_both,3,200,78,1527641893,reference_fold_convolution_rf,,,,{}
ES,k=3,,,3.0,reference_fold_convolution,3.740001601000978,3.7553359498690595,0.26852790758311074,3.1943013521325923,3.295589657549306,4.163452072597094,4.245457160094294,0.0,0.0,0.0,3.9057643441696674,correction_completion,selection_both,3,200,78,1527641893,reference_fold_convolution_rf,,,,{}
ATT,ATT,,,,reference_fold_convolution,3.7052520679661174,3.702562788516264,0.22333807799755082,3.252015041455144,3.3316299086407284,4.06748150462178,4.129864524140716,0.0,0.0,0.0,3.9057643441696666,correction_completion,selection_both,3,200,78,1527641893,reference_fold_convolution_rf,,,,{}
GATT,g=4_t=4,4.0,4.0,0.0,raw_structured,3.8006775610975874,3.794166032757892,0.11888856157122099,3.5830341689860026,3.616299614705934,4.002425026900501,4.058568292698958,0.0,0.0,0.0,3.736414163015225,correction_completion,serial,3,200,62,195046125,raw_structured,,,,
GATT,g=4_t=5,4.0,5.0,1.0,raw_structured,3.7801036638424,3.778837434129147,0.1121110810145863,3.565956998198604,3.5944737206461794,3.9646894560331285,4.001260867380318,0.0,0.0,0.0,3.736414163015225,correction_completion,serial,3,200,62,195046125,raw_structured,,,,
GATT,g=4_t=6,4.0,6.0,2.0,raw_structured,3.7773923473884805,3.777628988179112,0.11915899819773787,3.5467951550952606,3.5840482963420635,3.9693812922917306,4.014307878979998,0.0,0.0,0.0,3.736414163015225,correction_completion,serial,3,200,62,195046125,raw_structured,,,,
GATT,g=4_t=7,4.0,7.0,3.0,raw_structured,3.7617802660211224,3.7624549270980507,0.12721302665396714,3.5129538788446957,3.5547556937214093,3.963675256090564,3.997027061545458,0.0,0.0,0.0,3.736414163015225,correction_completion,serial,3,200,62,195046125,raw_structured,,,,
ES,k=0,,,0.0,raw_structured,3.8006775610975874,3.794166032757892,0.11888856157122099,3.5830341689860026,3.616299614705934,4.002425026900501,4.058568292698958,0.0,0.0,0.0,3.736414163015225,correction_completion,serial,3,200,62,195046125,raw_structured,,,,
ES,k=1,,,1.0,raw_structured,3.7801036638424,3.778837434129147,0.1121110810145863,3.565956998198604,3.5944737206461794,3.9646894560331285,4.001260867380318,0.0,0.0,0.0,3.736414163015225,correction_completion,serial,3,200,62,195046125,raw_structured,,,,
ES,k=2,,,2.0,raw_structured,3.7773923473884805,3.777628988179112,0.11915899819773787,3.5467951550952606,3.5840482963420635,3.9693812922917306,4.014307878979998,0.0,0.0,0.0,3.736414163015225,correction_completion,serial,3,200,62,195046125,raw_structured,,,,
ES,k=3,,,3.0,raw_structured,3.7617802660211224,3.7624549270980507,0.12721302665396714,3.5129538788446957,3.5547556937214093,3.963675256090564,3.997027061545458,0.0,0.0,0.0,3.736414163015225,correction_completion,serial,3,200,62,195046125,raw_structured,,,,
ATT,ATT,,,,raw_structured,3.7799884595873974,3.7793882990636662,0.10199304661851126,3.583042717209078,3.6164868232220435,3.9514226066715756,3.9824821860746016,0.0,0.0,0.0,3.736414163015225,correction_completion,serial,3,200,62,195046125,raw_structured,,,,
GATT,g=4_t=4,4.0,4.0,0.0,reference_fold_convolution,3.780140274481009,3.7767452150454,0.18481117753815612,3.4173397643064383,3.4841003782987956,4.0816839399116445,4.145727097923626,0.0,0.0,0.0,3.736414163015225,correction_completion,serial,3,200,62,195046125,reference_fold_convolution_rf,2.1513510046592406,43.14849905401701,,"{""0"": {""bar_pi"": 0.45, ""control_ess"": 46.74965017332704, ""fold_sizes"": [{""evaluation"": 100, ""fold"": 0, ""train"": 100}], ""global_fold_bb"": true, ""max_control_odds"": 2.1513510046592406, ""n_clipped"": 0, ""n_complement_units"": 100, ""n_eval_units"": 100, ""posterior_cache_key"": ""g=4_fold=0"", ""posterior_draws"": 1500, ""raw_max_control_odds"": 2.1513510046592406}, ""1"": {""bar_pi"": 0.53, ""control_ess"": 43.14849905401701, ""fold_sizes"": [{""evaluation"": 100, ""fold"": 0, ""train"": 100}], ""global_fold_bb"": true, ""max_control_odds"": 1.2524646427952193, ""n_clipped"": 0, ""n_complement_units"": 100, ""n_eval_units"": 100, ""posterior_cache_key"": ""g=4_fold=1"", ""posterior_draws"": 1500, ""raw_max_control_odds"": 1.2524646427952193}}"
GATT,g=4_t=5,4.0,5.0,1.0,reference_fold_convolution,3.61870137640308,3.614485980905802,0.22024808221858314,3.1842763097743667,3.25682984202681,3.986934149716866,4.06711100133973,0.0,0.0,0.0,3.736414163015225,correction_completion,serial,3,200,62,195046125,reference_fold_convolution_rf,2.1513510046592406,43.14849905401701,,"{""0"": {""bar_pi"": 0.45, ""control_ess"": 46.74965017332704, ""fold_sizes"": [{""evaluation"": 100, ""fold"": 0, ""train"": 100}], ""global_fold_bb"": true, ""max_control_odds"": 2.1513510046592406, ""n_clipped"": 0, ""n_complement_units"": 100, ""n_eval_units"": 100, ""posterior_cache_key"": ""g=4_fold=0"", ""posterior_draws"": 1500, ""raw_max_control_odds"": 2.1513510046592406}, ""1"": {""bar_pi"": 0.53, ""control_ess"": 43.14849905401701, ""fold_sizes"": [{""evaluation"": 100, ""fold"": 0, ""train"": 100}], ""global_fold_bb"": true, ""max_control_odds"": 1.2524646427952193, ""n_clipped"": 0, ""n_complement_units"": 100, ""n_eval_units"": 100, ""posterior_cache_key"": ""g=4_fold=1"", ""posterior_draws"": 1500, ""raw_max_control_odds"": 1.2524646427952193}}"
GATT,g=4_t=6,4.0,6.0,2.0,reference_fold_convolution,3.6775756565230937,3.670220215144157,0.23309948867043215,3.2151724264951738,3.305269231604514,4.052020008989923,4.13460077794201,0.0,0.0,0.0,3.736414163015225,correction_completion,serial,3,200,62,195046125,reference_fold_convolution_rf,2.1513510046592406,43.14849905401701,,"{""0"": {""bar_pi"": 0.45, ""control_ess"": 46.74965017332704, ""fold_sizes"": [{""evaluation"": 100, ""fold"": 0, ""train"": 100}], ""global_fold_bb"": true, ""max_control_odds"": 2.1513510046592406, ""n_clipped"": 0, ""n_complement_units"": 100, ""n_eval_units"": 100, ""posterior_cache_key"": ""g=4_fold=0"", ""posterior_draws"": 1500, ""raw_max_control_odds"": 2.1513510046592406}, ""1"": {""bar_pi"": 0.53, ""control_ess"": 43.14849905401701, ""fold_sizes"": [{""evaluation"": 100, ""fold"": 0, ""train"": 100}], ""global_fold_bb"": true, ""max_control_odds"": 1.2524646427952193, ""n_clipped"": 0, ""n_complement_units"": 100, ""n_eval_units"": 100, ""posterior_cache_key"": ""g=4_fold=1"", ""posterior_draws"": 1500, ""raw_max_control_odds"": 1.2524646427952193}}"
GATT,g=4_t=7,4.0,7.0,3.0,reference_fold_convolution,3.7858281613525855,3.780048104228687,0.22072901787579216,3.357656779295371,3.4168255121483666,4.1568930033490705,4.221360058231414,0.0,0.0,0.0,3.736414163015225,correction_completion,serial,3,200,62,195046125,reference_fold_convolution_rf,2.1513510046592406,43.14849905401701,,"{""0"": {""bar_pi"": 0.45, ""control_ess"": 46.74965017332704, ""fold_sizes"": [{""evaluation"": 100, ""fold"": 0, ""train"": 100}], ""global_fold_bb"": true, ""max_control_odds"": 2.1513510046592406, ""n_clipped"": 0, ""n_complement_units"": 100, ""n_eval_units"": 100, ""posterior_cache_key"": ""g=4_fold=0"", ""posterior_draws"": 1500, ""raw_max_control_odds"": 2.1513510046592406}, ""1"": {""bar_pi"": 0.53, ""control_ess"": 43.14849905401701, ""fold_sizes"": [{""evaluation"": 100, ""fold"": 0, ""train"": 100}], ""global_fold_bb"": true, ""max_control_odds"": 1.2524646427952193, ""n_clipped"": 0, ""n_complement_units"": 100, ""n_eval_units"": 100, ""posterior_cache_key"": ""g=4_fold=1"", ""posterior_draws"": 1500, ""raw_max_control_odds"": 1.2524646427952193}}"
ES,k=0,,,0.0,reference_fold_convolution,3.780140274481009,3.7767452150454,0.18481117753815612,3.4173397643064383,3.4841003782987956,4.0816839399116445,4.145727097923626,0.0,0.0,0.0,3.736414163015225,correction_completion,serial,3,200,62,195046125,reference_fold_convolution_rf,,,,{}
ES,k=1,,,1.0,reference_fold_convolution,3.61870137640308,3.614485980905802,0.22024808221858314,3.1842763097743667,3.25682984202681,3.986934149716866,4.06711100133973,0.0,0.0,0.0,3.736414163015225,correction_completion,serial,3,200,62,195046125,reference_fold_convolution_rf,,,,{}
ES,k=2,,,2.0,reference_fold_convolution,3.6775756565230937,3.670220215144157,0.23309948867043215,3.2151724264951738,3.305269231604514,4.052020008989923,4.13460077794201,0.0,0.0,0.0,3.736414163015225,correction_completion,serial,3,200,62,195046125,reference_fold_convolution_rf,,,,{}
ES,k=3,,,3.0,reference_fold_convolution,3.7858281613525855,3.780048104228687,0.22072901787579216,3.357656779295371,3.4168255121483666,4.1568930033490705,4.221360058231414,0.0,0.0,0.0,3.736414163015225,correction_completion,serial,3,200,62,195046125,reference_fold_convolution_rf,,,,{}
ATT,ATT,,,,reference_fold_convolution,3.715561367189942,3.713138888838187,0.19067248174120496,3.330176091364694,3.4033530210799747,4.035510962980796,4.102609785511347,0.0,0.0,0.0,3.736414163015225,correction_completion,serial,3,200,62,195046125,reference_fold_convolution_rf,,,,{}
GATT,g=4_t=4,4.0,4.0,0.0,raw_structured,3.288328014070883,3.2743619682440466,0.2520451041592593,2.810954571865098,2.90228515826651,3.7475192159189863,3.8210267569051237,0.0,0.0,0.0,3.5554977218374044,correction_completion,serial_sweep,2,50,46,1316969695,raw_structured,,,,
GATT,g=4_t=5,4.0,5.0,1.0,raw_structured,3.2615513212901046,3.247269970178283,0.24871372455195762,2.808241007513814,2.8841260794138126,3.7021539626023716,3.795719187648822,0.0,0.0,0.0,3.5554977218374044,correction_completion,serial_sweep,2,50,46,1316969695,raw_structured,,,,
GATT,g=4_t=6,4.0,6.0,2.0,raw_structured,3.2294098560517304,3.2135967064480786,0.2519103502108012,2.7428298699389324,2.833827276248988,3.6695213041698187,3.7500963323620966,0.0,0.0,0.0,3.5554977218374044,correction_completion,serial_sweep,2,50,46,1316969695,raw_structured,,,,
GATT,g=4_t=7,4.0,7.0,3.0,raw_structured,3.2537631195811603,3.2430713059509,0.2682396161417836,2.7512934906169675,2.8298600241062166,3.7167610420567163,3.8142829069463597,0.0,0.0,0.0,3.5554977218374044,correction_completion,serial_sweep,2,50,46,1316969695,raw_structured,,,,
ES,k=0,,,0.0,raw_structured,3.288328014070883,3.2743619682440466,0.2520451041592593,2.810954571865098,2.90228515826651,3.7475192159189863,3.8210267569051237,0.0,0.0,0.0,3.5554977218374044,correction_completion,serial_sweep,2,50,46,1316969695,raw_structured,,,,
ES,k=1,,,1.0,raw_structured,3.2615513212901046,3.247269970178283,0.24871372455195762,2.808241007513814,2.8841260794138126,3.7021539626023716,3.795719187648822,0.0,0.0,0.0,3.5554977218374044,correction_completion,serial_sweep,2,50,46,1316969695,raw_structured,,,,
ES,k=2,,,2.0,raw_structured,3.2294098560517304,3.2135967064480786,0.2519103502108012,2.7428298699389324,2.833827276248988,3.6695213041698187,3.7500963323620966,0.0,0.0,0.0,3.5554977218374044,correction_completion,serial_sweep,2,50,46,1316969695,raw_structured,,,,
ES,k=3,,,3.0,raw_structured,3.2537631195811603,3.2430713059509,0.2682396161417836,2.7512934906169675,2.8298600241062166,3.7167610420567163,3.8142829069463597,0.0,0.0,0.0,3.5554977218374044,correction_completion,serial_sweep,2,50,46,1316969695,raw_structured,,,,
ATT,ATT,,,,raw_structured,3.2582630777484702,3.24531391957653,0.2282937027411296,2.8408746748436378,2.9069556864646646,3.6833078572172,3.760403432770342,0.0,0.0,0.0,3.5554977218374058,correction_completion,serial_sweep,2,50,46,1316969695,raw_structured,,,,
GATT,g=4_t=4,4.0,4.0,0.0,reference_fold_convolution,3.4160498211967463,3.4159366032672738,0.34728452908167684,2.714318649451226,2.8616036545996693,3.998718558952058,4.1294031068593515,0.0,0.0,0.0,3.5554977218374044,correction_completion,serial_sweep,2,50,46,1316969695,reference_fold_convolution_rf,1.2539633502406862,10.999835128642179,,"{""0"": {""bar_pi"": 0.52, ""control_ess"": 11.999575802564953, ""fold_sizes"": [{""evaluation"": 25, ""fold"": 0, ""train"": 25}], ""global_fold_bb"": true, ""max_control_odds"": 1.2539633502406862, ""n_clipped"": 0, ""n_complement_units"": 25, ""n_eval_units"": 25, ""posterior_cache_key"": ""g=4_fold=0"", ""posterior_draws"": 1500, ""raw_max_control_odds"": 1.2539633502406862}, ""1"": {""bar_pi"": 0.56, ""control_ess"": 10.999835128642179, ""fold_sizes"": [{""evaluation"": 25, ""fold"": 0, ""train"": 25}], ""global_fold_bb"": true, ""max_control_odds"": 1.0905923344947723, ""n_clipped"": 0, ""n_complement_units"": 25, ""n_eval_units"": 25, ""posterior_cache_key"": ""g=4_fold=1"", ""posterior_draws"": 1500, ""raw_max_control_odds"": 1.0905923344947723}}"
GATT,g=4_t=5,4.0,5.0,1.0,reference_fold_convolution,3.440913180371352,3.4363296177519667,0.33682810735476737,2.798634083036027,2.895298080948213,3.9790115419448404,4.115438830417385,0.0,0.0,0.0,3.5554977218374044,correction_completion,serial_sweep,2,50,46,1316969695,reference_fold_convolution_rf,1.2539633502406862,10.999835128642179,,"{""0"": {""bar_pi"": 0.52, ""control_ess"": 11.999575802564953, ""fold_sizes"": [{""evaluation"": 25, ""fold"": 0, ""train"": 25}], ""global_fold_bb"": true, ""max_control_odds"": 1.2539633502406862, ""n_clipped"": 0, ""n_complement_units"": 25, ""n_eval_units"": 25, ""posterior_cache_key"": ""g=4_fold=0"", ""posterior_draws"": 1500, ""raw_max_control_odds"": 1.2539633502406862}, ""1"": {""bar_pi"": 0.56, ""control_ess"": 10.999835128642179, ""fold_sizes"": [{""evaluation"": 25, ""fold"": 0, ""train"": 25}], ""global_fold_bb"": true, ""max_control_odds"": 1.0905923344947723, ""n_clipped"": 0, ""n_complement_units"": 25, ""n_eval_units"": 25, ""posterior_cache_key"": ""g=4_fold=1"", ""posterior_draws"": 1500, ""raw_max_control_odds"": 1.0905923344947723}}"
GATT,g=4_t=6,4.0,6.0,2.0,reference_fold_convolution,3.3770719503233813,3.3681335333535882,0.37543163904051746,2.660333178720553,2.7499050366683653,4.001856466398242,4.11127905093639,0.0,0.0,0.0,3.5554977218374044,correction_completion,serial_sweep,2,50,46,1316969695,reference_fold_convolution_rf,1.2539633502406862,10.999835128642179,,"{""0"": {""bar_pi"": 0.52, ""control_ess"": 11.999575802564953, ""fold_sizes"": [{""evaluation"": 25, ""fold"": 0, ""train"": 25}], ""global_fold_bb"": true, ""max_control_odds"": 1.2539633502406862, ""n_clipped"": 0, ""n_complement_units"": 25, ""n_eval_units"": 25, ""posterior_cache_key"": ""g=4_fold=0"", ""posterior_draws"": 1500, ""raw_max_control_odds"": 1.2539633502406862}, ""1"": {""bar_pi"": 0.56, ""control_ess"": 10.999835128642179, ""fold_sizes"": [{""evaluation"": 25, ""fold"": 0, ""train"": 25}], ""global_fold_bb"": true, ""max_control_odds"": 1.0905923344947723, ""n_clipped"": 0, ""n_complement_units"": 25, ""n_eval_units"": 25, ""posterior_cache_key"": ""g=4_fold=1"", ""posterior_draws"": 1500, ""raw_max_control_odds"": 1.0905923344947723}}"
GATT,g=4_t=7,4.0,7.0,3.0,reference_fold_convolution,3.547061183938632,3.543149756805903,0.4230798643305589,2.7474535054161926,2.87017787772584,4.24757627211198,4.399863169204777,0.0,0.0,0.0,3.5554977218374044,correction_completion,serial_sweep,2,50,46,1316969695,reference_fold_convolution_rf,1.2539633502406862,10.999835128642179,,"{""0"": {""bar_pi"": 0.52, ""control_ess"": 11.999575802564953, ""fold_sizes"": [{""evaluation"": 25, ""fold"": 0, ""train"": 25}], ""global_fold_bb"": true, ""max_control_odds"": 1.2539633502406862, ""n_clipped"": 0, ""n_complement_units"": 25, ""n_eval_units"": 25, ""posterior_cache_key"": ""g=4_fold=0"", ""posterior_draws"": 1500, ""raw_max_control_odds"": 1.2539633502406862}, ""1"": {""bar_pi"": 0.56, ""control_ess"": 10.999835128642179, ""fold_sizes"": [{""evaluation"": 25, ""fold"": 0, ""train"": 25}], ""global_fold_bb"": true, ""max_control_odds"": 1.0905923344947723, ""n_clipped"": 0, ""n_complement_units"": 25, ""n_eval_units"": 25, ""posterior_cache_key"": ""g=4_fold=1"", ""posterior_draws"": 1500, ""raw_max_control_odds"": 1.0905923344947723}}"
ES,k=0,,,0.0,reference_fold_convolution,3.4160498211967463,3.4159366032672738,0.34728452908167684,2.714318649451226,2.8616036545996693,3.998718558952058,4.1294031068593515,0.0,0.0,0.0,3.5554977218374044,correction_completion,serial_sweep,2,50,46,1316969695,reference_fold_convolution_rf,,,,{}
ES,k=1,,,1.0,reference_fold_convolution,3.440913180371352,3.4363296177519667,0.33682810735476737,2.798634083036027,2.895298080948213,3.9790115419448404,4.115438830417385,0.0,0.0,0.0,3.5554977218374044,correction_completion,serial_sweep,2,50,46,1316969695,reference_fold_convolution_rf,,,,{}
ES,k=2,,,2.0,reference_fold_convolution,3.3770719503233813,3.3681335333535882,0.37543163904051746,2.660333178720553,2.7499050366683653,4.001856466398242,4.11127905093639,0.0,0.0,0.0,3.5554977218374044,correction_completion,serial_sweep,2,50,46,1316969695,reference_fold_convolution_rf,,,,{}
ES,k=3,,,3.0,reference_fold_convolution,3.547061183938632,3.543149756805903,0.4230798643305589,2.7474535054161926,2.87017787772584,4.24757627211198,4.399863169204777,0.0,0.0,0.0,3.5554977218374044,correction_completion,serial_sweep,2,50,46,1316969695,reference_fold_convolution_rf,,,,{}
ATT,ATT,,,,reference_fold_convolution,3.4452740339575283,3.4466963356746994,0.3213266371429948,2.796244977672453,2.9122773576100456,3.963720834464027,4.084390398785011,0.0,0.0,0.0,3.5554977218374058,correction_completion,serial_sweep,2,50,46,1316969695,reference_fold_convolution_rf,,,,{}
GATT,g=4_t=4,4.0,4.0,0.0,raw_structured,3.3427124767282015,3.339338912534505,0.18169279993885068,2.9831544437726745,3.0440295164055504,3.6314256498025275,3.6969879712836793,0.0,0.0,0.0,3.6698153585130724,correction_completion,serial_sweep_d3,3,100,30,3777514764,raw_structured,,,,
GATT,g=4_t=5,4.0,5.0,1.0,raw_structured,3.3314094791538045,3.3293767996774433,0.1755057415214796,2.976561591740038,3.0334110459165395,3.6138466828082776,3.677352896891306,0.0,0.0,0.0,3.6698153585130724,correction_completion,serial_sweep_d3,3,100,30,3777514764,raw_structured,,,,
GATT,g=4_t=6,4.0,6.0,2.0,raw_structured,3.341584149465815,3.3407426711470363,0.18209858285746364,2.964550113522442,3.0316666897530062,3.6355058858068214,3.684237113961518,0.0,0.0,0.0,3.6698153585130724,correction_completion,serial_sweep_d3,3,100,30,3777514764,raw_structured,,,,
GATT,g=4_t=7,4.0,7.0,3.0,raw_structured,3.3932050986446143,3.3860007649991157,0.20219140285846468,2.9852745361273003,3.0637784300872792,3.7278106957979684,3.795373188945179,0.0,0.0,0.0,3.6698153585130724,correction_completion,serial_sweep_d3,3,100,30,3777514764,raw_structured,,,,
ES,k=0,,,0.0,raw_structured,3.3427124767282015,3.339338912534505,0.18169279993885068,2.9831544437726745,3.0440295164055504,3.6314256498025275,3.6969879712836793,0.0,0.0,0.0,3.6698153585130724,correction_completion,serial_sweep_d3,3,100,30,3777514764,raw_structured,,,,
ES,k=1,,,1.0,raw_structured,3.3314094791538045,3.3293767996774433,0.1755057415214796,2.976561591740038,3.0334110459165395,3.6138466828082776,3.677352896891306,0.0,0.0,0.0,3.6698153585130724,correction_completion,serial_sweep_d3,3,100,30,3777514764,raw_structured,,,,
ES,k=2,,,2.0,raw_structured,3.341584149465815,3.3407426711470363,0.18209858285746364,2.964550113522442,3.0316666897530062,3.6355058858068214,3.684237113961518,0.0,0.0,0.0,3.6698153585130724,correction_completion,serial_sweep_d3,3,100,30,3777514764,raw_structured,,,,
ES,k=3,,,3.0,raw_structured,3.3932050986446143,3.3860007649991157,0.20219140285846468,2.9852745361273003,3.0637784300872792,3.7278106957979684,3.795373188945179,0.0,0.0,0.0,3.6698153585130724,correction_completion,serial_sweep_d3,3,100,30,3777514764,raw_structured,,,,
ATT,ATT,,,,raw_structured,3.3522278009981084,3.3524867708669057,0.165021524470715,3.025795394385453,3.0725566343365975,3.6163955907989576,3.66805728939542,0.0,0.0,0.0,3.6698153585130724,correction_completion,serial_sweep_d3,3,100,30,3777514764,raw_structured,,,,
GATT,g=4_t=4,4.0,4.0,0.0,reference_fold_convolution,3.2924104183664373,3.298466117148208,0.30908412056569184,2.6905544407286457,2.7701274850626616,3.8148923040750993,3.925699784967246,0.0,0.0,0.0,3.6698153585130724,correction_completion,serial_sweep_d3,3,100,30,3777514764,reference_fold_convolution_rf,2.083103899909741,19.20613499487845,,"{""0"": {""bar_pi"": 0.56, ""control_ess"": 19.20613499487845, ""fold_sizes"": [{""evaluation"": 50, ""fold"": 0, ""train"": 50}], ""global_fold_bb"": true, ""max_control_odds"": 1.7595215594410853, ""n_clipped"": 0, ""n_complement_units"": 50, ""n_eval_units"": 50, ""posterior_cache_key"": ""g=4_fold=0"", ""posterior_draws"": 1500, ""raw_max_control_odds"": 1.7595215594410853}, ""1"": {""bar_pi"": 0.44, ""control_ess"": 26.121517456974455, ""fold_sizes"": [{""evaluation"": 50, ""fold"": 0, ""train"": 50}], ""global_fold_bb"": true, ""max_control_odds"": 2.083103899909741, ""n_clipped"": 0, ""n_complement_units"": 50, ""n_eval_units"": 50, ""posterior_cache_key"": ""g=4_fold=1"", ""posterior_draws"": 1500, ""raw_max_control_odds"": 2.083103899909741}}"
GATT,g=4_t=5,4.0,5.0,1.0,reference_fold_convolution,3.1952147653462597,3.187731742001637,0.304822213856273,2.583597493565939,2.696112650461578,3.7053310174306353,3.80542565748028,0.0,0.0,0.0,3.6698153585130724,correction_completion,serial_sweep_d3,3,100,30,3777514764,reference_fold_convolution_rf,2.083103899909741,19.20613499487845,,"{""0"": {""bar_pi"": 0.56, ""control_ess"": 19.20613499487845, ""fold_sizes"": [{""evaluation"": 50, ""fold"": 0, ""train"": 50}], ""global_fold_bb"": true, ""max_control_odds"": 1.7595215594410853, ""n_clipped"": 0, ""n_complement_units"": 50, ""n_eval_units"": 50, ""posterior_cache_key"": ""g=4_fold=0"", ""posterior_draws"": 1500, ""raw_max_control_odds"": 1.7595215594410853}, ""1"": {""bar_pi"": 0.44, ""control_ess"": 26.121517456974455, ""fold_sizes"": [{""evaluation"": 50, ""fold"": 0, ""train"": 50}], ""global_fold_bb"": true, ""max_control_odds"": 2.083103899909741, ""n_clipped"": 0, ""n_complement_units"": 50, ""n_eval_units"": 50, ""posterior_cache_key"": ""g=4_fold=1"", ""posterior_draws"": 1500, ""raw_max_control_odds"": 2.083103899909741}}"
GATT,g=4_t=6,4.0,6.0,2.0,reference_fold_convolution,3.250436456885976,3.250490756969965,0.328009388582333,2.630714126775666,2.748836507585049,3.781422523109508,3.8888923217107307,0.0,0.0,0.0,3.6698153585130724,correction_completion,serial_sweep_d3,3,100,30,3777514764,reference_fold_convolution_rf,2.083103899909741,19.20613499487845,,"{""0"": {""bar_pi"": 0.56, ""control_ess"": 19.20613499487845, ""fold_sizes"": [{""evaluation"": 50, ""fold"": 0, ""train"": 50}], ""global_fold_bb"": true, ""max_control_odds"": 1.7595215594410853, ""n_clipped"": 0, ""n_complement_units"": 50, ""n_eval_units"": 50, ""posterior_cache_key"": ""g=4_fold=0"", ""posterior_draws"": 1500, ""raw_max_control_odds"": 1.7595215594410853}, ""1"": {""bar_pi"": 0.44, ""control_ess"": 26.121517456974455, ""fold_sizes"": [{""evaluation"": 50, ""fold"": 0, ""train"": 50}], ""global_fold_bb"": true, ""max_control_odds"": 2.083103899909741, ""n_clipped"": 0, ""n_complement_units"": 50, ""n_eval_units"": 50, ""posterior_cache_key"": ""g=4_fold=1"", ""posterior_draws"": 1500, ""raw_max_control_odds"": 2.083103899909741}}"
GATT,g=4_t=7,4.0,7.0,3.0,reference_fold_convolution,3.6055363088644086,3.5985531283999146,0.3520635386253457,2.914205779115922,3.0566181483418884,4.190374565559902,4.278567197073602,0.0,0.0,0.0,3.6698153585130724,correction_completion,serial_sweep_d3,3,100,30,3777514764,reference_fold_convolution_rf,2.083103899909741,19.20613499487845,,"{""0"": {""bar_pi"": 0.56, ""control_ess"": 19.20613499487845, ""fold_sizes"": [{""evaluation"": 50, ""fold"": 0, ""train"": 50}], ""global_fold_bb"": true, ""max_control_odds"": 1.7595215594410853, ""n_clipped"": 0, ""n_complement_units"": 50, ""n_eval_units"": 50, ""posterior_cache_key"": ""g=4_fold=0"", ""posterior_draws"": 1500, ""raw_max_control_odds"": 1.7595215594410853}, ""1"": {""bar_pi"": 0.44, ""control_ess"": 26.121517456974455, ""fold_sizes"": [{""evaluation"": 50, ""fold"": 0, ""train"": 50}], ""global_fold_bb"": true, ""max_control_odds"": 2.083103899909741, ""n_clipped"": 0, ""n_complement_units"": 50, ""n_eval_units"": 50, ""posterior_cache_key"": ""g=4_fold=1"", ""posterior_draws"": 1500, ""raw_max_control_odds"": 2.083103899909741}}"
ES,k=0,,,0.0,reference_fold_convolution,3.2924104183664373,3.298466117148208,0.30908412056569184,2.6905544407286457,2.7701274850626616,3.8148923040750993,3.925699784967246,0.0,0.0,0.0,3.6698153585130724,correction_completion,serial_sweep_d3,3,100,30,3777514764,reference_fold_convolution_rf,,,,{}
ES,k=1,,,1.0,reference_fold_convolution,3.1952147653462597,3.187731742001637,0.304822213856273,2.583597493565939,2.696112650461578,3.7053310174306353,3.80542565748028,0.0,0.0,0.0,3.6698153585130724,correction_completion,serial_sweep_d3,3,100,30,3777514764,reference_fold_convolution_rf,,,,{}
ES,k=2,,,2.0,reference_fold_convolution,3.250436456885976,3.250490756969965,0.328009388582333,2.630714126775666,2.748836507585049,3.781422523109508,3.8888923217107307,0.0,0.0,0.0,3.6698153585130724,correction_completion,serial_sweep_d3,3,100,30,3777514764,reference_fold_convolution_rf,,,,{}
ES,k=3,,,3.0,reference_fold_convolution,3.6055363088644086,3.5985531283999146,0.3520635386253457,2.914205779115922,3.0566181483418884,4.190374565559902,4.278567197073602,0.0,0.0,0.0,3.6698153585130724,correction_completion,serial_sweep_d3,3,100,30,3777514764,reference_fold_convolution_rf,,,,{}
ATT,ATT,,,,reference_fold_convolution,3.335899487365771,3.33087063019339,0.28406595857500544,2.8031034801115307,2.8787978367959717,3.8267842230620506,3.919802558184856,0.0,0.0,0.0,3.6698153585130724,correction_completion,serial_sweep_d3,3,100,30,3777514764,reference_fold_convolution_rf,,,,{}
GATT,g=4_t=4,4.0,4.0,0.0,raw_structured,2.3318963002281654,2.3344265189321316,0.17723795835277265,1.991812421347521,2.041267029833853,2.6180780987820658,2.67380661603484,0.0,0.0,0.0,2.450882073912299,correction_completion,staggered,2,200,14,2929290433,raw_structured,,,,
GATT,g=4_t=5,4.0,5.0,1.0,raw_structured,3.63836771438594,3.643231372907534,0.17235190346212562,3.287203538463401,3.3461210333704674,3.9138488491554386,3.9685062387890473,0.0,0.0,0.0,3.431234903477218,correction_completion,staggered,2,200,14,2929290433,raw_structured,,,,
GATT,g=4_t=6,4.0,6.0,2.0,raw_structured,4.808594829120783,4.8074846299226115,0.18095504162785092,4.463303981772199,4.523204301255587,5.105740353523927,5.168122620846045,0.0,0.0,0.0,4.411587733042138,correction_completion,staggered,2,200,14,2929290433,raw_structured,,,,
GATT,g=4_t=7,4.0,7.0,3.0,raw_structured,5.008824450113762,4.996104607219283,0.2362788434204779,4.566827026904894,4.636312445216247,5.403972746903737,5.492853553422806,0.0,0.0,0.0,5.391940562607057,correction_completion,staggered,2,200,14,2929290433,raw_structured,,,,
GATT,g=5_t=5,5.0,5.0,0.0,raw_structured,4.195750910650473,4.203132731473671,0.15673360700963576,3.871953687544724,3.9359792544808263,4.445555565494172,4.487153694151433,0.0,0.0,0.0,4.00821224025063,correction_completion,staggered,2,200,14,2929290433,raw_structured,,,,
GATT,g=5_t=6,5.0,6.0,1.0,raw_structured,5.612735678968194,5.61195204186248,0.16579433038816965,5.288566860793088,5.341480557847398,5.882548583793993,5.926536968448279,0.0,0.0,0.0,5.611497136350881,correction_completion,staggered,2,200,14,2929290433,raw_structured,,,,
GATT,g=5_t=7,5.0,7.0,2.0,raw_structured,6.787672606546388,6.781914805300506,0.20171112163714913,6.395969648394765,6.454912711056031,7.1227674474344935,7.19012258726571,0.0,0.0,0.0,7.214782032451133,correction_completion,staggered,2,200,14,2929290433,raw_structured,,,,
GATT,g=6_t=6,6.0,6.0,0.0,raw_structured,5.841160109934334,5.833746122426427,0.18974351101212927,5.4657749055774065,5.525627183366084,6.14698633468401,6.208608984344026,0.0,0.0,0.0,5.387950921881804,correction_completion,staggered,2,200,14,2929290433,raw_structured,,,,
GATT,g=6_t=7,6.0,7.0,1.0,raw_structured,7.384056375359493,7.380489894387094,0.22522469962822858,6.940007275902547,7.00202801342151,7.757319019382341,7.808700805987609,0.0,0.0,0.0,7.543131290634525,correction_completion,staggered,2,200,14,2929290433,raw_structured,,,,
ES,k=0,,,0.0,raw_structured,3.899861673846756,3.9034392568651537,0.12064439615250398,3.6500174168352024,3.6991785946752067,4.092436079194627,4.136245058558997,0.0,0.0,0.0,3.762224770219385,correction_completion,staggered,2,200,14,2929290433,raw_structured,,,,
ES,k=1,,,1.0,raw_structured,5.306438126246234,5.310378436519139,0.13710001496113658,5.02621107173724,5.071735136516219,5.531467941590259,5.562130625472403,0.0,0.0,0.0,5.267114678307138,correction_completion,staggered,2,200,14,2929290433,raw_structured,,,,
ES,k=2,,,2.0,raw_structured,5.780142101675171,5.775734114773385,0.1688889920340001,5.454125087941824,5.512454065083118,6.0731584679704875,6.11531568998888,0.0,0.0,0.0,5.787701298206554,correction_completion,staggered,2,200,14,2929290433,raw_structured,,,,
ES,k=3,,,3.0,raw_structured,5.008824450113762,4.996104607219283,0.2362788434204779,4.566827026904894,4.636312445216247,5.403972746903737,5.492853553422806,0.0,0.0,0.0,5.391940562607057,correction_completion,staggered,2,200,14,2929290433,raw_structured,,,,
ATT,ATT,,,,raw_structured,4.9339910239224105,4.935338469484859,0.1148485881440725,4.709234124548305,4.7363328560105264,5.124314226114739,5.16047825696732,0.0,0.0,0.0,4.925888507048075,correction_completion,staggered,2,200,14,2929290433,raw_structured,,,,
GATT,g=5_t=5,5.0,5.0,0.0,reference_fold_convolution,3.599582603259343,3.613083785226446,0.37214646260973067,2.81504593599971,2.979563541770262,4.171252268463109,4.266375643664738,0.0,0.0,0.0,4.00821224025063,correction_completion,staggered,2,200,14,2929290433,reference_fold_convolution_rf,2.5336138031619724,23.41385158526721,,"{""0"": {""bar_pi"": 0.5423728813559322, ""control_ess"": 24.663414861935543, ""fold_sizes"": [{""evaluation"": 59, ""fold"": 0, ""train"": 48}], ""global_fold_bb"": true, ""max_control_odds"": 1.4345200692642113, ""n_clipped"": 0, ""n_complement_units"": 48, ""n_eval_units"": 59, ""posterior_cache_key"": ""g=5_fold=0"", ""posterior_draws"": 1500, ""raw_max_control_odds"": 1.4345200692642113}, ""1"": {""bar_pi"": 0.4583333333333333, ""control_ess"": 23.41385158526721, ""fold_sizes"": [{""evaluation"": 48, ""fold"": 0, ""train"": 59}], ""global_fold_bb"": true, ""max_control_odds"": 2.5336138031619724, ""n_clipped"": 0, ""n_complement_units"": 59, ""n_eval_units"": 48, ""posterior_cache_key"": ""g=5_fold=1"", ""posterior_draws"": 1500, ""raw_max_control_odds"": 2.5336138031619724}}"
GATT,g=5_t=6,5.0,6.0,1.0,reference_fold_convolution,5.487406435179037,5.482359352041968,0.39914237392314517,4.696830376972974,4.843681378669699,6.153817645605675,6.319643364915609,0.0,0.0,0.0,5.611497136350881,correction_completion,staggered,2,200,14,2929290433,reference_fold_convolution_rf,2.5336138031619724,23.41385158526721,,"{""0"": {""bar_pi"": 0.5423728813559322, ""control_ess"": 24.663414861935543, ""fold_sizes"": [{""evaluation"": 59, ""fold"": 0, ""train"": 48}], ""global_fold_bb"": true, ""max_control_odds"": 1.4345200692642113, ""n_clipped"": 0, ""n_complement_units"": 48, ""n_eval_units"": 59, ""posterior_cache_key"": ""g=5_fold=0"", ""posterior_draws"": 1500, ""raw_max_control_odds"": 1.4345200692642113}, ""1"": {""bar_pi"": 0.4583333333333333, ""control_ess"": 23.41385158526721, ""fold_sizes"": [{""evaluation"": 48, ""fold"": 0, ""train"": 59}], ""global_fold_bb"": true, ""max_control_odds"": 2.5336138031619724, ""n_clipped"": 0, ""n_complement_units"": 59, ""n_eval_units"": 48, ""posterior_cache_key"": ""g=5_fold=1"", ""posterior_draws"": 1500, ""raw_max_control_odds"": 2.5336138031619724}}"
GATT,g=5_t=7,5.0,7.0,2.0,reference_fold_convolution,6.8616963695660935,6.858446965356503,0.4588934161927884,5.9568967081282,6.127126165795235,7.623575142646785,7.775142280779551,0.0,0.0,0.0,7.214782032451133,correction_completion,staggered,2,200,14,2929290433,reference_fold_convolution_rf,2.5336138031619724,23.41385158526721,,"{""0"": {""bar_pi"": 0.5423728813559322, ""control_ess"": 24.663414861935543, ""fold_sizes"": [{""evaluation"": 59, ""fold"": 0, ""train"": 48}], ""global_fold_bb"": true, ""max_control_odds"": 1.4345200692642113, ""n_clipped"": 0, ""n_complement_units"": 48, ""n_eval_units"": 59, ""posterior_cache_key"": ""g=5_fold=0"", ""posterior_draws"": 1500, ""raw_max_control_odds"": 1.4345200692642113}, ""1"": {""bar_pi"": 0.4583333333333333, ""control_ess"": 23.41385158526721, ""fold_sizes"": [{""evaluation"": 48, ""fold"": 0, ""train"": 59}], ""global_fold_bb"": true, ""max_control_odds"": 2.5336138031619724, ""n_clipped"": 0, ""n_complement_units"": 59, ""n_eval_units"": 48, ""posterior_cache_key"": ""g=5_fold=1"", ""posterior_draws"": 1500, ""raw_max_control_odds"": 2.5336138031619724}}"
GATT,g=4_t=4,4.0,4.0,0.0,reference_fold_convolution,2.2523480840905736,2.246145582023422,0.3311190313912335,1.6268904556007957,1.7370728861594287,2.7819025791519323,2.9168976333448042,0.0,0.0,0.0,2.450882073912299,correction_completion,staggered,2,200,14,2929290433,reference_fold_convolution_rf,2.8354510599041034,21.956026011907085,,"{""0"": {""bar_pi"": 0.47058823529411764, ""control_ess"": 22.654543513110717, ""fold_sizes"": [{""evaluation"": 51, ""fold"": 0, ""train"": 58}], ""global_fold_bb"": true, ""max_control_odds"": 2.8354510599041034, ""n_clipped"": 0, ""n_complement_units"": 58, ""n_eval_units"": 51, ""posterior_cache_key"": ""g=4_fold=0"", ""posterior_draws"": 1500, ""raw_max_control_odds"": 2.8354510599041034}, ""1"": {""bar_pi"": 0.5517241379310345, ""control_ess"": 21.956026011907085, ""fold_sizes"": [{""evaluation"": 58, ""fold"": 0, ""train"": 51}], ""global_fold_bb"": true, ""max_control_odds"": 1.836018008151376, ""n_clipped"": 0, ""n_complement_units"": 51, ""n_eval_units"": 58, ""posterior_cache_key"": ""g=4_fold=1"", ""posterior_draws"": 1500, ""raw_max_control_odds"": 1.836018008151376}}"
GATT,g=4_t=5,4.0,5.0,1.0,reference_fold_convolution,3.1583114649549153,3.159458550148501,0.4048310536078829,2.3358432828874203,2.5091907362321826,3.799283680705068,3.9736623228432664,0.0,0.0,0.0,3.431234903477218,correction_completion,staggered,2,200,14,2929290433,reference_fold_convolution_rf,2.8354510599041034,21.956026011907085,,"{""0"": {""bar_pi"": 0.47058823529411764, ""control_ess"": 22.654543513110717, ""fold_sizes"": [{""evaluation"": 51, ""fold"": 0, ""train"": 58}], ""global_fold_bb"": true, ""max_control_odds"": 2.8354510599041034, ""n_clipped"": 0, ""n_complement_units"": 58, ""n_eval_units"": 51, ""posterior_cache_key"": ""g=4_fold=0"", ""posterior_draws"": 1500, ""raw_max_control_odds"": 2.8354510599041034}, ""1"": {""bar_pi"": 0.5517241379310345, ""control_ess"": 21.956026011907085, ""fold_sizes"": [{""evaluation"": 58, ""fold"": 0, ""train"": 51}], ""global_fold_bb"": true, ""max_control_odds"": 1.836018008151376, ""n_clipped"": 0, ""n_complement_units"": 51, ""n_eval_units"": 58, ""posterior_cache_key"": ""g=4_fold=1"", ""posterior_draws"": 1500, ""raw_max_control_odds"": 1.836018008151376}}"
GATT,g=4_t=6,4.0,6.0,2.0,reference_fold_convolution,4.219451024594872,4.22284575088165,0.41299431651465324,3.4321700185851007,3.560508138941008,4.896130709436784,5.021492323174826,0.0,0.0,0.0,4.411587733042138,correction_completion,staggered,2,200,14,2929290433,reference_fold_convolution_rf,2.8354510599041034,21.956026011907085,,"{""0"": {""bar_pi"": 0.47058823529411764, ""control_ess"": 22.654543513110717, ""fold_sizes"": [{""evaluation"": 51, ""fold"": 0, ""train"": 58}], ""global_fold_bb"": true, ""max_control_odds"": 2.8354510599041034, ""n_clipped"": 0, ""n_complement_units"": 58, ""n_eval_units"": 51, ""posterior_cache_key"": ""g=4_fold=0"", ""posterior_draws"": 1500, ""raw_max_control_odds"": 2.8354510599041034}, ""1"": {""bar_pi"": 0.5517241379310345, ""control_ess"": 21.956026011907085, ""fold_sizes"": [{""evaluation"": 58, ""fold"": 0, ""train"": 51}], ""global_fold_bb"": true, ""max_control_odds"": 1.836018008151376, ""n_clipped"": 0, ""n_complement_units"": 51, ""n_eval_units"": 58, ""posterior_cache_key"": ""g=4_fold=1"", ""posterior_draws"": 1500, ""raw_max_control_odds"": 1.836018008151376}}"
GATT,g=4_t=7,4.0,7.0,3.0,reference_fold_convolution,5.1005712301765245,5.0978346320828125,0.4260708056549996,4.282424146100967,4.415949691624669,5.773078413361476,5.9215598155903235,0.0,0.0,0.0,5.391940562607057,correction_completion,staggered,2,200,14,2929290433,reference_fold_convolution_rf,2.8354510599041034,21.956026011907085,,"{""0"": {""bar_pi"": 0.47058823529411764, ""control_ess"": 22.654543513110717, ""fold_sizes"": [{""evaluation"": 51, ""fold"": 0, ""train"": 58}], ""global_fold_bb"": true, ""max_control_odds"": 2.8354510599041034, ""n_clipped"": 0, ""n_complement_units"": 58, ""n_eval_units"": 51, ""posterior_cache_key"": ""g=4_fold=0"", ""posterior_draws"": 1500, ""raw_max_control_odds"": 2.8354510599041034}, ""1"": {""bar_pi"": 0.5517241379310345, ""control_ess"": 21.956026011907085, ""fold_sizes"": [{""evaluation"": 58, ""fold"": 0, ""train"": 51}], ""global_fold_bb"": true, ""max_control_odds"": 1.836018008151376, ""n_clipped"": 0, ""n_complement_units"": 51, ""n_eval_units"": 58, ""posterior_cache_key"": ""g=4_fold=1"", ""posterior_draws"": 1500, ""raw_max_control_odds"": 1.836018008151376}}"
GATT,g=6_t=6,6.0,6.0,0.0,reference_fold_convolution,5.515477675832061,5.494823906259457,0.4568297691044473,4.6148910548601,4.781032065673331,6.271727084639032,6.424788873871145,0.0,0.0,0.0,5.387950921881804,correction_completion,staggered,2,200,14,2929290433,reference_fold_convolution_rf,1.284255771958162,21.91400775535572,,"{""0"": {""bar_pi"": 0.38636363636363635, ""control_ess"": 25.486558574693714, ""fold_sizes"": [{""evaluation"": 44, ""fold"": 0, ""train"": 46}], ""global_fold_bb"": true, ""max_control_odds"": 1.1261899457484672, ""n_clipped"": 0, ""n_complement_units"": 46, ""n_eval_units"": 44, ""posterior_cache_key"": ""g=6_fold=0"", ""posterior_draws"": 1500, ""raw_max_control_odds"": 1.1261899457484672}, ""1"": {""bar_pi"": 0.43478260869565216, ""control_ess"": 21.91400775535572, ""fold_sizes"": [{""evaluation"": 46, ""fold"": 0, ""train"": 44}], ""global_fold_bb"": true, ""max_control_odds"": 1.284255771958162, ""n_clipped"": 0, ""n_complement_units"": 44, ""n_eval_units"": 46, ""posterior_cache_key"": ""g=6_fold=1"", ""posterior_draws"": 1500, ""raw_max_control_odds"": 1.284255771958162}}"
GATT,g=6_t=7,6.0,7.0,1.0,reference_fold_convolution,7.732778099752018,7.689972615557162,0.5937076354718462,6.612761657987886,6.786941853516722,8.748140049945599,8.92607160113111,0.0,0.0,0.0,7.543131290634525,correction_completion,staggered,2,200,14,2929290433,reference_fold_convolution_rf,1.284255771958162,21.91400775535572,,"{""0"": {""bar_pi"": 0.38636363636363635, ""control_ess"": 25.486558574693714, ""fold_sizes"": [{""evaluation"": 44, ""fold"": 0, ""train"": 46}], ""global_fold_bb"": true, ""max_control_odds"": 1.1261899457484672, ""n_clipped"": 0, ""n_complement_units"": 46, ""n_eval_units"": 44, ""posterior_cache_key"": ""g=6_fold=0"", ""posterior_draws"": 1500, ""raw_max_control_odds"": 1.1261899457484672}, ""1"": {""bar_pi"": 0.43478260869565216, ""control_ess"": 21.91400775535572, ""fold_sizes"": [{""evaluation"": 46, ""fold"": 0, ""train"": 44}], ""global_fold_bb"": true, ""max_control_odds"": 1.284255771958162, ""n_clipped"": 0, ""n_complement_units"": 44, ""n_eval_units"": 46, ""posterior_cache_key"": ""g=6_fold=1"", ""posterior_draws"": 1500, ""raw_max_control_odds"": 1.284255771958162}}"
ES,k=0,,,0.0,reference_fold_convolution,3.5685824985772987,3.5675967951665974,0.19018589087734075,3.2036338173167596,3.262196902013433,3.882915453348059,3.929658158104041,0.0,0.0,0.0,3.762224770219385,correction_completion,staggered,2,200,14,2929290433,reference_fold_convolution_rf,,,,{}
ES,k=1,,,1.0,reference_fold_convolution,5.16529373624468,5.164223804898562,0.23779512859943014,4.707499569373695,4.786411593064311,5.54529913576598,5.668142966179313,0.0,0.0,0.0,5.267114678307138,correction_completion,staggered,2,200,14,2929290433,reference_fold_convolution_rf,,,,{}
ES,k=2,,,2.0,reference_fold_convolution,5.5165532848534715,5.52147324440409,0.2994927181162857,4.939160916850174,5.02453340206228,6.010752762745789,6.089923747572311,0.0,0.0,0.0,5.787701298206554,correction_completion,staggered,2,200,14,2929290433,reference_fold_convolution_rf,,,,{}
ES,k=3,,,3.0,reference_fold_convolution,5.1005712301765245,5.0978346320828125,0.4260708056549996,4.282424146100967,4.415949691624669,5.773078413361476,5.9215598155903235,0.0,0.0,0.0,5.391940562607057,correction_completion,staggered,2,200,14,2929290433,reference_fold_convolution_rf,,,,{}
ATT,ATT,,,,reference_fold_convolution,4.731157949440431,4.733953912294795,0.21409805402245072,4.318906108629927,4.382698800235465,5.086830020850785,5.151054161002337,0.0,0.0,0.0,4.925888507048075,correction_completion,staggered,2,200,14,2929290433,reference_fold_convolution_rf,,,,{}
GATT,g=4_t=4,4.0,4.0,0.0,raw_structured,3.762500568564929,3.7647133125330106,0.1446503336128354,3.464358694517643,3.5263514517666454,4.002776797995598,4.049364652831707,0.0,0.0,0.0,3.6939256385174315,correction_completion,strong_confounder,2,200,98,2489349497,raw_structured,,,,
GATT,g=4_t=5,4.0,5.0,1.0,raw_structured,3.800552331683457,3.7974240622510718,0.1363619883865135,3.549396090699202,3.588119636702289,4.025351563965199,4.091158847962019,0.0,0.0,0.0,3.6939256385174315,correction_completion,strong_confounder,2,200,98,2489349497,raw_structured,,,,
GATT,g=4_t=6,4.0,6.0,2.0,raw_structured,3.7565878562021973,3.7559898971730443,0.14492300618545553,3.4672407403173677,3.5221638460145366,4.002449804124634,4.04908047739011,0.0,0.0,0.0,3.6939256385174315,correction_completion,strong_confounder,2,200,98,2489349497,raw_structured,,,,
GATT,g=4_t=7,4.0,7.0,3.0,raw_structured,3.5898496846659116,3.5985585514628777,0.17705925194472275,3.226627151754633,3.284910227685917,3.872432509451527,3.918263993618454,0.0,0.0,0.0,3.6939256385174315,correction_completion,strong_confounder,2,200,98,2489349497,raw_structured,,,,
ES,k=0,,,0.0,raw_structured,3.762500568564929,3.7647133125330106,0.1446503336128354,3.464358694517643,3.5263514517666454,4.002776797995598,4.049364652831707,0.0,0.0,0.0,3.6939256385174315,correction_completion,strong_confounder,2,200,98,2489349497,raw_structured,,,,
ES,k=1,,,1.0,raw_structured,3.800552331683457,3.7974240622510718,0.1363619883865135,3.549396090699202,3.588119636702289,4.025351563965199,4.091158847962019,0.0,0.0,0.0,3.6939256385174315,correction_completion,strong_confounder,2,200,98,2489349497,raw_structured,,,,
ES,k=2,,,2.0,raw_structured,3.7565878562021973,3.7559898971730443,0.14492300618545553,3.4672407403173677,3.5221638460145366,4.002449804124634,4.04908047739011,0.0,0.0,0.0,3.6939256385174315,correction_completion,strong_confounder,2,200,98,2489349497,raw_structured,,,,
ES,k=3,,,3.0,raw_structured,3.5898496846659116,3.5985585514628777,0.17705925194472275,3.226627151754633,3.284910227685917,3.872432509451527,3.918263993618454,0.0,0.0,0.0,3.6939256385174315,correction_completion,strong_confounder,2,200,98,2489349497,raw_structured,,,,
ATT,ATT,,,,raw_structured,3.7273726102791236,3.722869483892204,0.11237023811217102,3.519475698685404,3.5493586006896836,3.9171262141790715,3.9508174185885334,0.0,0.0,0.0,3.6939256385174315,correction_completion,strong_confounder,2,200,98,2489349497,raw_structured,,,,
GATT,g=4_t=4,4.0,4.0,0.0,reference_fold_convolution,3.6867205911137,3.685714526438139,0.24372580653740264,3.217768588568526,3.2915779030190078,4.078955563802154,4.156278132496179,0.0,0.0,0.0,3.6939256385174315,correction_completion,strong_confounder,2,200,98,2489349497,reference_fold_convolution_rf,2.366938899453692,39.048494474956534,,"{""0"": {""bar_pi"": 0.49, ""control_ess"": 44.388671682368326, ""fold_sizes"": [{""evaluation"": 100, ""fold"": 0, ""train"": 100}], ""global_fold_bb"": true, ""max_control_odds"": 2.1984994409854126, ""n_clipped"": 0, ""n_complement_units"": 100, ""n_eval_units"": 100, ""posterior_cache_key"": ""g=4_fold=0"", ""posterior_draws"": 1500, ""raw_max_control_odds"": 2.1984994409854126}, ""1"": {""bar_pi"": 0.51, ""control_ess"": 39.048494474956534, ""fold_sizes"": [{""evaluation"": 100, ""fold"": 0, ""train"": 100}], ""global_fold_bb"": true, ""max_control_odds"": 2.366938899453692, ""n_clipped"": 0, ""n_complement_units"": 100, ""n_eval_units"": 100, ""posterior_cache_key"": ""g=4_fold=1"", ""posterior_draws"": 1500, ""raw_max_control_odds"": 2.366938899453692}}"
GATT,g=4_t=5,4.0,5.0,1.0,reference_fold_convolution,3.8196247963819707,3.8203897064746624,0.2523193449736531,3.3198687635531834,3.3995851164209085,4.224121177508348,4.326379162557805,0.0,0.0,0.0,3.6939256385174315,correction_completion,strong_confounder,2,200,98,2489349497,reference_fold_convolution_rf,2.366938899453692,39.048494474956534,,"{""0"": {""bar_pi"": 0.49, ""control_ess"": 44.388671682368326, ""fold_sizes"": [{""evaluation"": 100, ""fold"": 0, ""train"": 100}], ""global_fold_bb"": true, ""max_control_odds"": 2.1984994409854126, ""n_clipped"": 0, ""n_complement_units"": 100, ""n_eval_units"": 100, ""posterior_cache_key"": ""g=4_fold=0"", ""posterior_draws"": 1500, ""raw_max_control_odds"": 2.1984994409854126}, ""1"": {""bar_pi"": 0.51, ""control_ess"": 39.048494474956534, ""fold_sizes"": [{""evaluation"": 100, ""fold"": 0, ""train"": 100}], ""global_fold_bb"": true, ""max_control_odds"": 2.366938899453692, ""n_clipped"": 0, ""n_complement_units"": 100, ""n_eval_units"": 100, ""posterior_cache_key"": ""g=4_fold=1"", ""posterior_draws"": 1500, ""raw_max_control_odds"": 2.366938899453692}}"
GATT,g=4_t=6,4.0,6.0,2.0,reference_fold_convolution,3.9869664211703073,3.981865211603952,0.2625673193494545,3.492834996102114,3.564348735004719,4.420473994400515,4.508189907355391,0.0,0.0,0.0,3.6939256385174315,correction_completion,strong_confounder,2,200,98,2489349497,reference_fold_convolution_rf,2.366938899453692,39.048494474956534,,"{""0"": {""bar_pi"": 0.49, ""control_ess"": 44.388671682368326, ""fold_sizes"": [{""evaluation"": 100, ""fold"": 0, ""train"": 100}], ""global_fold_bb"": true, ""max_control_odds"": 2.1984994409854126, ""n_clipped"": 0, ""n_complement_units"": 100, ""n_eval_units"": 100, ""posterior_cache_key"": ""g=4_fold=0"", ""posterior_draws"": 1500, ""raw_max_control_odds"": 2.1984994409854126}, ""1"": {""bar_pi"": 0.51, ""control_ess"": 39.048494474956534, ""fold_sizes"": [{""evaluation"": 100, ""fold"": 0, ""train"": 100}], ""global_fold_bb"": true, ""max_control_odds"": 2.366938899453692, ""n_clipped"": 0, ""n_complement_units"": 100, ""n_eval_units"": 100, ""posterior_cache_key"": ""g=4_fold=1"", ""posterior_draws"": 1500, ""raw_max_control_odds"": 2.366938899453692}}"
GATT,g=4_t=7,4.0,7.0,3.0,reference_fold_convolution,3.509052562800222,3.510420909484047,0.25329692064833875,3.0317578274676285,3.105022060934052,3.9286719397401795,3.9995428357881533,0.0,0.0,0.0,3.6939256385174315,correction_completion,strong_confounder,2,200,98,2489349497,reference_fold_convolution_rf,2.366938899453692,39.048494474956534,,"{""0"": {""bar_pi"": 0.49, ""control_ess"": 44.388671682368326, ""fold_sizes"": [{""evaluation"": 100, ""fold"": 0, ""train"": 100}], ""global_fold_bb"": true, ""max_control_odds"": 2.1984994409854126, ""n_clipped"": 0, ""n_complement_units"": 100, ""n_eval_units"": 100, ""posterior_cache_key"": ""g=4_fold=0"", ""posterior_draws"": 1500, ""raw_max_control_odds"": 2.1984994409854126}, ""1"": {""bar_pi"": 0.51, ""control_ess"": 39.048494474956534, ""fold_sizes"": [{""evaluation"": 100, ""fold"": 0, ""train"": 100}], ""global_fold_bb"": true, ""max_control_odds"": 2.366938899453692, ""n_clipped"": 0, ""n_complement_units"": 100, ""n_eval_units"": 100, ""posterior_cache_key"": ""g=4_fold=1"", ""posterior_draws"": 1500, ""raw_max_control_odds"": 2.366938899453692}}"
ES,k=0,,,0.0,reference_fold_convolution,3.6867205911137,3.685714526438139,0.24372580653740264,3.217768588568526,3.2915779030190078,4.078955563802154,4.156278132496179,0.0,0.0,0.0,3.6939256385174315,correction_completion,strong_confounder,2,200,98,2489349497,reference_fold_convolution_rf,,,,{}
ES,k=1,,,1.0,reference_fold_convolution,3.8196247963819707,3.8203897064746624,0.2523193449736531,3.3198687635531834,3.3995851164209085,4.224121177508348,4.326379162557805,0.0,0.0,0.0,3.6939256385174315,correction_completion,strong_confounder,2,200,98,2489349497,reference_fold_convolution_rf,,,,{}
ES,k=2,,,2.0,reference_fold_convolution,3.9869664211703073,3.981865211603952,0.2625673193494545,3.492834996102114,3.564348735004719,4.420473994400515,4.508189907355391,0.0,0.0,0.0,3.6939256385174315,correction_completion,strong_confounder,2,200,98,2489349497,reference_fold_convolution_rf,,,,{}
ES,k=3,,,3.0,reference_fold_convolution,3.509052562800222,3.510420909484047,0.25329692064833875,3.0317578274676285,3.105022060934052,3.9286719397401795,3.9995428357881533,0.0,0.0,0.0,3.6939256385174315,correction_completion,strong_confounder,2,200,98,2489349497,reference_fold_convolution_rf,,,,{}
ATT,ATT,,,,reference_fold_convolution,3.75059109286655,3.7527180901989485,0.21589138385226003,3.3235425366750246,3.3912162463880957,4.093866507314361,4.1731312866224535,0.0,0.0,0.0,3.6939256385174315,correction_completion,strong_confounder,2,200,98,2489349497,reference_fold_convolution_rf,,,,{}
PRE,k=-4,,,-4.0,pretrend,-0.19398446304927294,-0.179523267337572,0.21364505242051865,-0.6496040283033649,-0.5722273421862049,0.11752565267889047,0.1821083538538839,0.222,0.444,0.444,-0.0,correction_completion,PT_conditional,3,200,3,2849713490,raw_structured,,,,
PRE,k=-3,,,-3.0,pretrend,-0.08804346886061962,-0.04119879670641947,0.17662799265457993,-0.47055771397623913,-0.3970815903916489,0.16770447142489414,0.24512579027937798,0.43466666666666665,0.8693333333333333,0.8693333333333333,-0.0,correction_completion,PT_conditional,3,200,3,2849713490,raw_structured,,,,
PRE,k=-2,,,-2.0,pretrend,-0.045691854796730685,0.0,0.1516886950900681,-0.4065254045369008,-0.3566970464843864,0.16847208483715925,0.2503512795967141,0.638,1.0,1.0,-0.0,correction_completion,PT_conditional,3,200,3,2849713490,raw_structured,,,,
PRE,slope,,,,pretrend,0.05740944154755634,0.053659664608087874,0.07231894765699307,-0.0797999163753571,-0.046995758095017465,0.18902679654647248,0.21973206501199077,0.244,0.488,0.488,0.0,correction_completion,PT_conditional,3,200,3,2849713490,raw_structured,,,,
PRE_SUB,X1=0_k=-4,,,-4.0,pretrend,-0.18682094018995865,-0.17622766447445481,0.21627240994777816,-0.642574148096941,-0.5605793867007111,0.1329163019078299,0.23321215045378696,0.23333333333333334,0.4666666666666667,0.4666666666666667,-0.0,correction_completion,PT_conditional,3,200,3,2849713490,raw_structured,,,,
PRE_SUB,X1=0_k=-3,,,-3.0,pretrend,-0.08346403420204751,-0.03792513193750076,0.17839521731472982,-0.4699261500585604,-0.392859739375221,0.18566219775369175,0.260072144119238,0.44133333333333336,0.8826666666666667,0.8826666666666667,-0.0,correction_completion,PT_conditional,3,200,3,2849713490,raw_structured,,,,
PRE_SUB,X1=0_k=-2,,,-2.0,pretrend,-0.04215963243717091,0.0,0.15375889179445737,-0.40652540453690117,-0.3557770847374914,0.19019702217484424,0.25925759907268753,0.646,1.0,1.0,-0.0,correction_completion,PT_conditional,3,200,3,2849713490,raw_structured,,,,
PRE_SUB,X1=1_k=-4,,,-4.0,pretrend,-0.1974009124129459,-0.18379444668214306,0.21649334091788253,-0.6534214032322964,-0.5900902111153686,0.11975125302657554,0.184929131379862,0.21933333333333332,0.43866666666666665,0.43866666666666665,-0.0,correction_completion,PT_conditional,3,200,3,2849713490,raw_structured,,,,
PRE_SUB,X1=1_k=-3,,,-3.0,pretrend,-0.090227506928554,-0.0425980675407024,0.17859819584112166,-0.4777759390886888,-0.4074298293820872,0.17061881948143515,0.24674973764212002,0.43066666666666664,0.8613333333333333,0.8613333333333333,-0.0,correction_completion,PT_conditional,3,200,3,2849713490,raw_structured,,,,
PRE_SUB,X1=1_k=-2,,,-2.0,pretrend,-0.047376453152828416,0.0,0.15322250783337976,-0.4097830076351489,-0.35743090173844244,0.16836431353175174,0.25165684530069093,0.6366666666666667,1.0,1.0,-0.0,correction_completion,PT_conditional,3,200,3,2849713490,raw_structured,,,,
PRE_SUB,X2=low_k=-4,,,-4.0,pretrend,-0.19461063683194108,-0.1821339120619847,0.21383886207874084,-0.6496040283033644,-0.5722273421862046,0.11350540601940728,0.19307228762703138,0.22266666666666668,0.44533333333333336,0.44533333333333336,-0.0,correction_completion,PT_conditional,3,200,3,2849713490,raw_structured,,,,
PRE_SUB,X2=low_k=-3,,,-3.0,pretrend,-0.08834754761341308,-0.04259806754070249,0.17620359531464488,-0.47045550503067407,-0.3982992967092628,0.16685117670379174,0.243963777851821,0.43333333333333335,0.8666666666666667,0.8666666666666667,-0.0,correction_completion,PT_conditional,3,200,3,2849713490,raw_structured,,,,
PRE_SUB,X2=low_k=-2,,,-2.0,pretrend,-0.04628794013170387,0.0,0.15209264636460712,-0.4115992463019659,-0.35785244282354634,0.16836431353175177,0.2459418294507196,0.638,1.0,1.0,-0.0,correction_completion,PT_conditional,3,200,3,2849713490,raw_structured,,,,
PRE_SUB,X2=high_k=-4,,,-4.0,pretrend,-0.19291520273865337,-0.17879104963464565,0.21418416668219015,-0.6496040283033642,-0.5775271886310163,0.1168885466990644,0.1958953489134766,0.22533333333333333,0.45066666666666666,0.45066666666666666,-0.0,correction_completion,PT_conditional,3,200,3,2849713490,raw_structured,,,,
PRE_SUB,X2=high_k=-3,,,-3.0,pretrend,-0.08760730481301503,-0.041018540130267976,0.1771677864259438,-0.47055771397623947,-0.3939090082382297,0.16730190523980343,0.24512579027937798,0.436,0.872,0.872,-0.0,correction_completion,PT_conditional,3,200,3,2849713490,raw_structured,,,,
PRE_SUB,X2=high_k=-2,,,-2.0,pretrend,-0.04504276082494939,0.0,0.15162788236898964,-0.4065254045369013,-0.3554052276518278,0.1684720848371594,0.2503512795967139,0.6413333333333333,1.0,1.0,-0.0,correction_completion,PT_conditional,3,200,3,2849713490,raw_structured,,,,
PRE_SUBC,X1_k=-4,,,-4.0,pretrend,-0.010579972222987266,0.0,0.07390732216305697,-0.2348450262288248,-0.014208714024658639,1.27675647831893e-15,0.01335111391898222,0.5466666666666666,1.0,1.0,-0.0,correction_completion,PT_conditional,3,200,3,2849713490,raw_structured,,,,
PRE_SUBC,X1_k=-3,,,-3.0,pretrend,-0.006763472726506489,0.0,0.055623398917063784,-0.07417283042374923,-1.0547118733938987e-15,9.370976217226709e-16,0.0009989298014929275,0.614,1.0,1.0,-0.0,correction_completion,PT_conditional,3,200,3,2849713490,raw_structured,,,,
PRE_SUBC,X1_k=-2,,,-2.0,pretrend,-0.005216820715657511,0.0,0.048807802645216676,-1.6115581091824534e-15,-6.661338147750939e-16,5.644790190828508e-16,9.655470867286851e-16,0.724,1.0,1.0,-0.0,correction_completion,PT_conditional,3,200,3,2849713490,raw_structured,,,,
PRE_SUBC,X1_slope,,,,pretrend,0.0036059773455451626,0.0,0.0252296023490506,-0.004888894713525175,-4.3824071355962653e-16,0.004398959277424222,0.08251260756164946,0.54,1.0,1.0,0.0,correction_completion,PT_conditional,3,200,3,2849713490,raw_structured,,,,
PRE_SUBC,X2_k=-4,,,-4.0,pretrend,0.0016954340932876643,0.0,0.028517726645982552,-0.0013564929662010716,-7.771561172376096e-16,0.0074567582741283155,0.019639365964471397,0.5166666666666667,1.0,1.0,-0.0,correction_completion,PT_conditional,3,200,3,2849713490,raw_structured,,,,
PRE_SUBC,X2_k=-3,,,-3.0,pretrend,0.000740242800398053,0.0,0.020410619375879423,-9.992007221626409e-16,-6.106226635438361e-16,9.992007221626409e-16,0.010287722816716654,0.5933333333333334,1.0,1.0,-0.0,correction_completion,PT_conditional,3,200,3,2849713490,raw_structured,,,,
PRE_SUBC,X2_k=-2,,,-2.0,pretrend,0.0012451793067544837,0.0,0.016278649892686292,-6.59541865566382e-16,-3.8996583739958616e-16,5.828670879282072e-16,0.006521538010777021,0.732,1.0,1.0,-0.0,correction_completion,PT_conditional,3,200,3,2849713490,raw_structured,,,,
PRE_SUBC,X2_slope,,,,pretrend,-0.0005579976562438275,0.0,0.009283827731956174,-0.006830764213800354,-0.0026078917006545116,2.74866934768525e-16,0.0004414929636809025,0.5026666666666667,1.0,1.0,0.0,correction_completion,PT_conditional,3,200,3,2849713490,raw_structured,,,,
PRE,k=-4,,,-4.0,reference_fold_pretrend,-0.3268029296122735,-0.31696147777292427,0.20770428560704243,-0.7555270136683233,-0.6821168564817729,-0.00795896457550019,0.06840296987152154,0.04533333333333334,0.09066666666666667,0.09066666666666667,-0.0,correction_completion,PT_conditional,3,200,3,2849713490,reference_fold_convolution_rf,,,,
PRE,k=-3,,,-3.0,reference_fold_pretrend,-0.20208488929013405,-0.19777973289647544,0.1895521196478097,-0.6005018582881144,-0.5206463420445183,0.08486773216641855,0.1359416716272016,0.15866666666666668,0.31733333333333336,0.31733333333333336,-0.0,correction_completion,PT_conditional,3,200,3,2849713490,reference_fold_convolution_rf,,,,
PRE,k=-2,,,-2.0,reference_fold_pretrend,-0.12945127290296923,-0.11694192597944672,0.15916238762688964,-0.4665209551168115,-0.4169545990990879,0.10540879444271899,0.14077609473651723,0.27666666666666667,0.5533333333333333,0.5533333333333333,-0.0,correction_completion,PT_conditional,3,200,3,2849713490,reference_fold_convolution_rf,,,,
PRE,slope,,,,reference_fold_pretrend,0.10814498859428985,0.10562565839472382,0.07354613053214684,-0.030350188840481983,-0.003476055189176363,0.23562069650982181,0.26327532219243777,0.056666666666666664,0.11333333333333333,0.11333333333333333,0.0,correction_completion,PT_conditional,3,200,3,2849713490,reference_fold_convolution_rf,,,,
PRE_SUB,X1=0_k=-4,,,-4.0,reference_fold_pretrend,-0.308885948548955,-0.30027103703495456,0.20543821614768287,-0.7252992812950324,-0.6632187843194599,0.008004456766061815,0.07840992155058701,0.05533333333333333,0.11066666666666666,0.11066666666666666,-0.0,correction_completion,PT_conditional,3,200,3,2849713490,reference_fold_convolution_rf,,,,
PRE_SUB,X1=0_k=-3,,,-3.0,reference_fold_pretrend,-0.17600375395317788,-0.17261902082746125,0.18615728171501827,-0.5711357575629108,-0.48230155631447963,0.11120828789669135,0.17355253491465034,0.18266666666666667,0.36533333333333334,0.36533333333333334,-0.0,correction_completion,PT_conditional,3,200,3,2849713490,reference_fold_convolution_rf,,,,
PRE_SUB,X1=0_k=-2,,,-2.0,reference_fold_pretrend,-0.11840079941567225,-0.10606901276400271,0.1557601345531449,-0.4437151250697858,-0.3975927827774383,0.11355514698735465,0.1496208616402542,0.2886666666666667,0.5773333333333334,0.5773333333333334,-0.0,correction_completion,PT_conditional,3,200,3,2849713490,reference_fold_convolution_rf,,,,
PRE_SUB,X1=1_k=-4,,,-4.0,reference_fold_pretrend,-0.3353479513501638,-0.3244547184485477,0.21283753144628897,-0.7691660786631722,-0.7017623403695079,-0.008161966764142256,0.06599897239968133,0.046,0.092,0.092,-0.0,correction_completion,PT_conditional,3,200,3,2849713490,reference_fold_convolution_rf,,,,
PRE_SUB,X1=1_k=-3,,,-3.0,reference_fold_pretrend,-0.21452358460468235,-0.2127640325938587,0.19436614995268126,-0.6306244436003677,-0.5405857980959767,0.077854215940913,0.13133136773667536,0.14733333333333334,0.2946666666666667,0.2946666666666667,-0.0,correction_completion,PT_conditional,3,200,3,2849713490,reference_fold_convolution_rf,,,,
PRE_SUB,X1=1_k=-2,,,-2.0,reference_fold_pretrend,-0.13472149871998781,-0.11915645679123592,0.16323561002306045,-0.47314375157879507,-0.4247618479863131,0.1005444948107955,0.139521464955752,0.274,0.548,0.548,-0.0,correction_completion,PT_conditional,3,200,3,2849713490,reference_fold_convolution_rf,,,,
PRE_SUB,X2=low_k=-4,,,-4.0,reference_fold_pretrend,-0.336321564771983,-0.3249332212968929,0.21415380580428983,-0.7682766480429661,-0.7097745762813377,-0.007473639702412538,0.08179584665477654,0.048,0.096,0.096,-0.0,correction_completion,PT_conditional,3,200,3,2849713490,reference_fold_convolution_rf,,,,
PRE_SUB,X2=low_k=-3,,,-3.0,reference_fold_pretrend,-0.22520854129918283,-0.22118658143631859,0.19788025834119874,-0.635914483221274,-0.5583046677371405,0.07970114695556493,0.12532320023272447,0.14466666666666667,0.28933333333333333,0.28933333333333333,-0.0,correction_completion,PT_conditional,3,200,3,2849713490,reference_fold_convolution_rf,,,,
PRE_SUB,X2=low_k=-2,,,-2.0,reference_fold_pretrend,-0.13720022289571626,-0.11822844335787616,0.16691654520321936,-0.4976558671792719,-0.4409871119547147,0.09645375942932836,0.13531137879877828,0.2773333333333333,0.5546666666666666,0.5546666666666666,-0.0,correction_completion,PT_conditional,3,200,3,2849713490,reference_fold_convolution_rf,,,,
PRE_SUB,X2=high_k=-4,,,-4.0,reference_fold_pretrend,-0.33115341114106117,-0.32035667961848313,0.2104846814561319,-0.7584883346885227,-0.6966043246145166,-0.006937402744073666,0.07598722317225347,0.048,0.096,0.096,-0.0,correction_completion,PT_conditional,3,200,3,2849713490,reference_fold_convolution_rf,,,,
PRE_SUB,X2=high_k=-3,,,-3.0,reference_fold_pretrend,-0.21445295618605034,-0.20915968789671185,0.19286434864517493,-0.6124303505057795,-0.5375500743285169,0.07575895701720298,0.12688636150697558,0.146,0.292,0.292,-0.0,correction_completion,PT_conditional,3,200,3,2849713490,reference_fold_convolution_rf,,,,
PRE_SUB,X2=high_k=-2,,,-2.0,reference_fold_pretrend,-0.13386193804439953,-0.11799922597143958,0.16284816310524555,-0.47725556626897914,-0.4249992263562309,0.09882145407311049,0.13815618148653966,0.2753333333333333,0.5506666666666666,0.5506666666666666,-0.0,correction_completion,PT_conditional,3,200,3,2849713490,reference_fold_convolution_rf,,,,
PRE_SUBC,X1_k=-4,,,-4.0,reference_fold_pretrend,-0.026462002801208855,-0.015325371410900204,0.07281781916360243,-0.25558636840896753,-0.18396540381447565,0.04344166575383895,0.05998080877111652,0.32066666666666666,0.6413333333333333,0.6413333333333333,-0.0,correction_completion,PT_conditional,3,200,3,2849713490,reference_fold_convolution_rf,,,,
PRE_SUBC,X1_k=-3,,,-3.0,reference_fold_pretrend,-0.03851983065150448,-0.028416555042830326,0.06196503244004839,-0.23979466151073184,-0.14677516869050306,0.016384746743132273,0.03022105039937702,0.16266666666666665,0.3253333333333333,0.3253333333333333,-0.0,correction_completion,PT_conditional,3,200,3,2849713490,reference_fold_convolution_rf,,,,
PRE_SUBC,X1_k=-2,,,-2.0,reference_fold_pretrend,-0.016320699304315588,-0.007668695949242037,0.04984211556552452,-0.1568459947120662,-0.06251130371040968,0.027187283570087616,0.0360865616261052,0.3933333333333333,0.7866666666666666,0.7866666666666666,-0.0,correction_completion,PT_conditional,3,200,3,2849713490,reference_fold_convolution_rf,,,,
PRE_SUBC,X1_slope,,,,reference_fold_pretrend,0.012339026357925078,0.008250771009902668,0.025892511649932722,-0.01711028784600007,-0.0116825626964893,0.06314738564174817,0.094014309120809,0.23933333333333334,0.4786666666666667,0.4786666666666667,0.0,correction_completion,PT_conditional,3,200,3,2849713490,reference_fold_convolution_rf,,,,
PRE_SUBC,X2_k=-4,,,-4.0,reference_fold_pretrend,0.0051681536309217384,0.005888989952737039,0.035564032354655016,-0.03508713266136973,-0.020347723266194283,0.032812430513083024,0.05861753020520116,0.3373333333333333,0.6746666666666666,0.6746666666666666,-0.0,correction_completion,PT_conditional,3,200,3,2849713490,reference_fold_convolution_rf,,,,
PRE_SUBC,X2_k=-3,,,-3.0,reference_fold_pretrend,0.010755585113132501,0.011784146019378994,0.030889438807132553,-0.022070469234781582,-0.008803962279827503,0.0344493868125126,0.04221039455631504,0.17133333333333334,0.3426666666666667,0.3426666666666667,-0.0,correction_completion,PT_conditional,3,200,3,2849713490,reference_fold_convolution_rf,,,,
PRE_SUBC,X2_k=-2,,,-2.0,reference_fold_pretrend,0.003338284851316724,0.003045965870173511,0.025270924447654518,-0.019417289740044266,-0.013208091620984411,0.023339373397734973,0.028699723029864264,0.4026666666666667,0.8053333333333333,0.8053333333333333,-0.0,correction_completion,PT_conditional,3,200,3,2849713490,reference_fold_convolution_rf,,,,
PRE_SUBC,X2_slope,,,,reference_fold_pretrend,-0.002882422569310496,-0.003268484726076917,0.012894517976489543,-0.01955703982422836,-0.01336411647561001,0.005727650451540437,0.011090686382604536,0.25333333333333335,0.5066666666666667,0.5066666666666667,0.0,correction_completion,PT_conditional,3,200,3,2849713490,reference_fold_convolution_rf,,,,
PRE,k=-4,,,-4.0,pretrend,-0.09116857093927604,-0.0762827518459421,0.15684420403747715,-0.41208281456705675,-0.36713474719461975,0.15872998306245556,0.21631153547138546,0.332,0.664,0.664,-0.0,correction_completion,PT_hold,1,200,187,2517140824,raw_structured,,,,
PRE,k=-3,,,-3.0,pretrend,-0.08745384157900439,-0.06055949984105735,0.14980759512083885,-0.41522509490394166,-0.3654428759683472,0.13513284008342885,0.197460094972413,0.3913333333333333,0.7826666666666666,0.7826666666666666,-0.0,correction_completion,PT_hold,1,200,187,2517140824,raw_structured,,,,
PRE,k=-2,,,-2.0,pretrend,0.0012115455864929634,0.0,0.11561399779449556,-0.27260653620876263,-0.21354231357408163,0.20370150593886518,0.26720464935565613,0.7326666666666667,1.0,1.0,-0.0,correction_completion,PT_hold,1,200,187,2517140824,raw_structured,,,,
PRE,slope,,,,pretrend,0.03194298931352456,0.0266913846751311,0.055759007818092184,-0.07459522199500655,-0.05193845557953012,0.127480082519481,0.14988134511488116,0.33866666666666667,0.6773333333333333,0.6773333333333333,0.0,correction_completion,PT_hold,1,200,187,2517140824,raw_structured,,,,
PRE_SUB,X1=0_k=-4,,,-4.0,pretrend,-0.08025705301850877,-0.0645283908455839,0.1589323038305879,-0.40884569948819205,-0.35637408574068447,0.1783416601897433,0.2285980307542971,0.3626666666666667,0.7253333333333334,0.7253333333333334,-0.0,correction_completion,PT_hold,1,200,187,2517140824,raw_structured,,,,
PRE_SUB,X1=0_k=-3,,,-3.0,pretrend,-0.07839120609270013,-0.04958010384952598,0.15132977419492874,-0.40884569948819205,-0.35484067631743177,0.15145005528825603,0.21279673063382729,0.4166666666666667,0.8333333333333334,0.8333333333333334,-0.0,correction_completion,PT_hold,1,200,187,2517140824,raw_structured,,,,
PRE_SUB,X1=0_k=-2,,,-2.0,pretrend,0.003200194462614359,0.0,0.11814286482805826,-0.2762980693404065,-0.2127547803202523,0.21332452486002643,0.2730976864391149,0.7266666666666667,1.0,1.0,-0.0,correction_completion,PT_hold,1,200,187,2517140824,raw_structured,,,,
PRE_SUB,X1=1_k=-4,,,-4.0,pretrend,-0.0996553070998728,-0.08321725688841208,0.16565920501956677,-0.44337676883586297,-0.39470073194870947,0.15767101223739796,0.21631153547138549,0.32666666666666666,0.6533333333333333,0.6533333333333333,-0.0,correction_completion,PT_hold,1,200,187,2517140824,raw_structured,,,,
PRE_SUB,X1=1_k=-3,,,-3.0,pretrend,-0.09450255806835212,-0.06228888036061663,0.15797134572632937,-0.4349539691493745,-0.38826665532263505,0.1333806127682862,0.19118048601522958,0.388,0.776,0.776,-0.0,correction_completion,PT_hold,1,200,187,2517140824,raw_structured,,,,
PRE_SUB,X1=1_k=-2,,,-2.0,pretrend,-0.00033518131715700713,0.0,0.11649377911689282,-0.2784188901420665,-0.21830455032514323,0.2006818617949099,0.260545653576926,0.736,1.0,1.0,-0.0,correction_completion,PT_hold,1,200,187,2517140824,raw_structured,,,,
PRE_SUB,X2=low_k=-4,,,-4.0,pretrend,-0.08730481328993621,-0.07628275184594213,0.15894696236458308,-0.4098539930085676,-0.3629921964073841,0.1721831439952287,0.22479822699354934,0.34,0.68,0.68,-0.0,correction_completion,PT_hold,1,200,187,2517140824,raw_structured,,,,
PRE_SUB,X2=low_k=-3,,,-3.0,pretrend,-0.08345980981615107,-0.0569619452599656,0.15195066162800946,-0.4098539930085676,-0.36123826609073534,0.15035530088795068,0.20939998491406378,0.3973333333333333,0.7946666666666666,0.7946666666666666,-0.0,correction_completion,PT_hold,1,200,187,2517140824,raw_structured,,,,
PRE_SUB,X2=low_k=-2,,,-2.0,pretrend,0.00581884813530431,0.0,0.11566268813227257,-0.25778651129158503,-0.20434951512258645,0.21913725429268516,0.27934098941182184,0.726,1.0,1.0,-0.0,correction_completion,PT_hold,1,200,187,2517140824,raw_structured,,,,
PRE_SUB,X2=high_k=-4,,,-4.0,pretrend,-0.09519656390676079,-0.08136373544200824,0.1607244236801336,-0.4284755191728309,-0.3724017579677741,0.15767101223739785,0.21756962426401497,0.32866666666666666,0.6573333333333333,0.6573333333333333,-0.0,correction_completion,PT_hold,1,200,187,2517140824,raw_structured,,,,
PRE_SUB,X2=high_k=-3,,,-3.0,pretrend,-0.09105593402479663,-0.06266639373448356,0.15355843611670436,-0.42107520066113535,-0.37384658001234533,0.13252358368908543,0.19852377117113612,0.38866666666666666,0.7773333333333333,0.7773333333333333,-0.0,correction_completion,PT_hold,1,200,187,2517140824,raw_structured,,,,
PRE_SUB,X2=high_k=-2,,,-2.0,pretrend,-0.0017641106566617815,0.0,0.12038703968070112,-0.2835046556245515,-0.2271554998011855,0.19962271729419795,0.2625124459536408,0.7393333333333333,1.0,1.0,-0.0,correction_completion,PT_hold,1,200,187,2517140824,raw_structured,,,,
PRE_SUBC,X1_k=-4,,,-4.0,pretrend,-0.019398254081364034,0.0,0.0875796900907977,-0.3381613297909615,-0.16499594873088338,1.3079815008865094e-15,0.010431936144536927,0.5466666666666666,1.0,1.0,-0.0,correction_completion,PT_hold,1,200,187,2517140824,raw_structured,,,,
PRE_SUBC,X1_k=-3,,,-3.0,pretrend,-0.016111351975651986,0.0,0.08098186298417606,-0.30279107741960326,-0.12998674509589242,1.1671219546371946e-15,0.005675671959598104,0.602,1.0,1.0,-0.0,correction_completion,PT_hold,1,200,187,2517140824,raw_structured,,,,
PRE_SUBC,X1_k=-2,,,-2.0,pretrend,-0.0035353757797713663,0.0,0.03895725601782018,-0.01648084593783977,-1.0574874309554614e-15,7.083309633282292e-16,1.4651474478100056e-15,0.748,1.0,1.0,-0.0,correction_completion,PT_hold,1,200,187,2517140824,raw_structured,,,,
PRE_SUBC,X1_slope,,,,pretrend,0.006710917283940532,0.0,0.031196013083831912,-0.0033087933649398674,-4.805122074045899e-16,0.05876887122950162,0.11518701034155279,0.5413333333333333,1.0,1.0,0.0,correction_completion,PT_hold,1,200,187,2517140824,raw_structured,,,,
PRE_SUBC,X2_k=-4,,,-4.0,pretrend,-0.007891750616824584,0.0,0.0601751964720968,-0.1567668884804834,-0.010548650630083149,0.012249288006266056,0.025072517042393865,0.5513333333333333,1.0,1.0,-0.0,correction_completion,PT_hold,1,200,187,2517140824,raw_structured,,,,
PRE_SUBC,X2_k=-3,,,-3.0,pretrend,-0.007596124208645549,0.0,0.05846394505968525,-0.15025989160473177,-1.5543122344752192e-15,0.008433588930314744,0.02148070780392913,0.5986666666666667,1.0,1.0,-0.0,correction_completion,PT_hold,1,200,187,2517140824,raw_structured,,,,
PRE_SUBC,X2_k=-2,,,-2.0,pretrend,-0.0075829587919660916,0.0,0.05530393296836023,-0.08521845461313401,-7.771561172376096e-16,6.106226635438361e-16,1.7319479184151836e-15,0.7493333333333333,1.0,1.0,-0.0,correction_completion,PT_hold,1,200,187,2517140824,raw_structured,,,,
PRE_SUBC,X2_slope,,,,pretrend,0.003317889932837924,0.0,0.024821800711077254,-0.008625715174084881,-0.004109384282509694,0.004366651400295684,0.058552458521074595,0.54,1.0,1.0,0.0,correction_completion,PT_hold,1,200,187,2517140824,raw_structured,,,,
PRE,k=-4,,,-4.0,reference_fold_pretrend,-0.15494827159392913,-0.15251973224423684,0.16924347474401802,-0.4906812759370819,-0.4361094491743583,0.11575779698525752,0.1735189521833143,0.178,0.356,0.356,-0.0,correction_completion,PT_hold,1,200,187,2517140824,reference_fold_convolution_rf,,,,
PRE,k=-3,,,-3.0,reference_fold_pretrend,-0.14788650252301855,-0.14256827971745328,0.15434331979565324,-0.4631025061872754,-0.41405812844587003,0.09540520885351818,0.14250601573193508,0.17533333333333334,0.3506666666666667,0.3506666666666667,-0.0,correction_completion,PT_hold,1,200,187,2517140824,reference_fold_convolution_rf,,,,
PRE,k=-2,,,-2.0,reference_fold_pretrend,-0.03852227427275779,-0.01499806082693288,0.12183707349924935,-0.298380770577169,-0.2564129239001703,0.1539295187775857,0.20648830242980365,0.464,0.928,0.928,-0.0,correction_completion,PT_hold,1,200,187,2517140824,reference_fold_convolution_rf,,,,
PRE,slope,,,,reference_fold_pretrend,0.05708143529289873,0.05538431596157724,0.0586904975533192,-0.05504975268796038,-0.03491497946794264,0.15793429881848856,0.17933561320294164,0.16066666666666668,0.32133333333333336,0.32133333333333336,0.0,correction_completion,PT_hold,1,200,187,2517140824,reference_fold_convolution_rf,,,,
PRE_SUB,X1=0_k=-4,,,-4.0,reference_fold_pretrend,-0.13338773092644454,-0.13669382477988273,0.17690622116670823,-0.46941764380104734,-0.4227712550113451,0.15902715407270898,0.22371690651746146,0.22466666666666665,0.4493333333333333,0.4493333333333333,-0.0,correction_completion,PT_hold,1,200,187,2517140824,reference_fold_convolution_rf,,,,
PRE_SUB,X1=0_k=-3,,,-3.0,reference_fold_pretrend,-0.13450519798562025,-0.13318057190481852,0.16373556317027196,-0.461063781135733,-0.3996365093723406,0.13138426654319693,0.17922575565636872,0.20866666666666667,0.41733333333333333,0.41733333333333333,-0.0,correction_completion,PT_hold,1,200,187,2517140824,reference_fold_convolution_rf,,,,
PRE_SUB,X1=0_k=-2,,,-2.0,reference_fold_pretrend,-0.032600133299594374,-0.008525936390113707,0.12471520488060892,-0.2946424662259381,-0.2536916210883294,0.17762200948855125,0.22258397935957347,0.48333333333333334,0.9666666666666667,0.9666666666666667,-0.0,correction_completion,PT_hold,1,200,187,2517140824,reference_fold_convolution_rf,,,,
PRE_SUB,X1=1_k=-4,,,-4.0,reference_fold_pretrend,-0.17171758100197265,-0.17290394640724133,0.17631440922349584,-0.5250015188576226,-0.4594872634865547,0.10155365412853445,0.16377843870225178,0.17133333333333334,0.3426666666666667,0.3426666666666667,-0.0,correction_completion,PT_hold,1,200,187,2517140824,reference_fold_convolution_rf,,,,
PRE_SUB,X1=1_k=-3,,,-3.0,reference_fold_pretrend,-0.15829418382988394,-0.1503713765379806,0.16018344423782555,-0.4914079186656259,-0.44050251228844545,0.08638263831524196,0.13971395350022114,0.166,0.332,0.332,-0.0,correction_completion,PT_hold,1,200,187,2517140824,reference_fold_convolution_rf,,,,
PRE_SUB,X1=1_k=-2,,,-2.0,reference_fold_pretrend,-0.04312838391855156,-0.018044820857078533,0.12486715212514092,-0.3078790992562872,-0.2618308168335532,0.1550378608374096,0.20242722197396595,0.45466666666666666,0.9093333333333333,0.9093333333333333,-0.0,correction_completion,PT_hold,1,200,187,2517140824,reference_fold_convolution_rf,,,,
PRE_SUB,X2=low_k=-4,,,-4.0,reference_fold_pretrend,-0.15192934969644617,-0.1487984335781763,0.1712635455269587,-0.4974166927691073,-0.4332736439800467,0.11650303683802497,0.18144067505961473,0.186,0.372,0.372,-0.0,correction_completion,PT_hold,1,200,187,2517140824,reference_fold_convolution_rf,,,,
PRE_SUB,X2=low_k=-3,,,-3.0,reference_fold_pretrend,-0.13905287917585882,-0.13520517605312063,0.15523934474691,-0.4655420583672536,-0.4095143831243048,0.1035945604357687,0.14944554082600311,0.19333333333333333,0.38666666666666666,0.38666666666666666,-0.0,correction_completion,PT_hold,1,200,187,2517140824,reference_fold_convolution_rf,,,,
PRE_SUB,X2=low_k=-2,,,-2.0,reference_fold_pretrend,-0.03328121637385354,-0.007512139149684703,0.12226422701240333,-0.30121013624077797,-0.2398246721967431,0.1681770574252489,0.2227775483934699,0.48333333333333334,0.9666666666666667,0.9666666666666667,-0.0,correction_completion,PT_hold,1,200,187,2517140824,reference_fold_convolution_rf,,,,
PRE_SUB,X2=high_k=-4,,,-4.0,reference_fold_pretrend,-0.16075201512214626,-0.1601909371977194,0.1722512418624376,-0.5126883152789505,-0.4435738738987704,0.10775710232546591,0.16863004880245633,0.17266666666666666,0.3453333333333333,0.3453333333333333,-0.0,correction_completion,PT_hold,1,200,187,2517140824,reference_fold_convolution_rf,,,,
PRE_SUB,X2=high_k=-3,,,-3.0,reference_fold_pretrend,-0.15305356597919492,-0.14754388192666623,0.15799123256265263,-0.4726169940602401,-0.4277579322063891,0.09540520885351825,0.14143534700037563,0.17133333333333334,0.3426666666666667,0.3426666666666667,-0.0,correction_completion,PT_hold,1,200,187,2517140824,reference_fold_convolution_rf,,,,
PRE_SUB,X2=high_k=-2,,,-2.0,reference_fold_pretrend,-0.04410972547074801,-0.02023966825950222,0.12598772327744298,-0.3244881653096952,-0.2645399234360538,0.14926868247807526,0.20588601726622408,0.4533333333333333,0.9066666666666666,0.9066666666666666,-0.0,correction_completion,PT_hold,1,200,187,2517140824,reference_fold_convolution_rf,,,,
PRE_SUBC,X1_k=-4,,,-4.0,reference_fold_pretrend,-0.03832985007552814,-0.00609521652425303,0.10149104996555434,-0.34549804053221,-0.27899754138712823,0.03561965944353921,0.04858091620914042,0.41333333333333333,0.8266666666666667,0.8266666666666667,-0.0,correction_completion,PT_hold,1,200,187,2517140824,reference_fold_convolution_rf,,,,
PRE_SUBC,X1_k=-3,,,-3.0,reference_fold_pretrend,-0.023788985844263717,0.00752489076877373,0.09751737193112772,-0.3216593350167422,-0.26490748253797497,0.0415263514157266,0.04794047308389591,0.38133333333333336,0.7626666666666667,0.7626666666666667,-0.0,correction_completion,PT_hold,1,200,187,2517140824,reference_fold_convolution_rf,,,,
PRE_SUBC,X1_k=-2,,,-2.0,reference_fold_pretrend,-0.010528250618957187,0.0,0.054499320527442864,-0.1953751344700867,-0.07653833589988727,0.026439920716518024,0.035285759986834274,0.574,1.0,1.0,-0.0,correction_completion,PT_hold,1,200,187,2517140824,reference_fold_convolution_rf,,,,
PRE_SUBC,X1_slope,,,,reference_fold_pretrend,0.012363983752433503,0.00022784091410221757,0.03752932111970678,-0.01826442369995884,-0.013867790392672054,0.10283102683916999,0.124054519381903,0.48933333333333334,0.9786666666666667,0.9786666666666667,0.0,correction_completion,PT_hold,1,200,187,2517140824,reference_fold_convolution_rf,,,,
PRE_SUBC,X2_k=-4,,,-4.0,reference_fold_pretrend,-0.008822665425700116,4.832774050233385e-06,0.06122698612897693,-0.21335295909674468,-0.12380145176810219,0.05579652790651217,0.0722389149502144,0.5,1.0,1.0,-0.0,correction_completion,PT_hold,1,200,187,2517140824,reference_fold_convolution_rf,,,,
PRE_SUBC,X2_k=-3,,,-3.0,reference_fold_pretrend,-0.01400068680333609,-0.006182436104470029,0.05677642812359234,-0.2186062453542835,-0.11639601555826562,0.047245354475473185,0.060671936163551606,0.32066666666666666,0.6413333333333333,0.6413333333333333,-0.0,correction_completion,PT_hold,1,200,187,2517140824,reference_fold_convolution_rf,,,,
PRE_SUBC,X2_k=-2,,,-2.0,reference_fold_pretrend,-0.010828509096894465,0.0,0.05230050593932069,-0.21550606900823033,-0.08450468227517001,0.01540349906151752,0.03270887301227843,0.5453333333333333,1.0,1.0,-0.0,correction_completion,PT_hold,1,200,187,2517140824,reference_fold_convolution_rf,,,,
PRE_SUBC,X2_slope,,,,reference_fold_pretrend,0.004664134212904785,0.0009357836563191704,0.02426175186678299,-0.026422030817590175,-0.0194383023238533,0.04736268904088622,0.09182814561784994,0.42933333333333334,0.8586666666666667,0.8586666666666667,0.0,correction_completion,PT_hold,1,200,187,2517140824,reference_fold_convolution_rf,,,,
PRE,k=-4,,,-4.0,pretrend,-0.5126435329953156,-0.5126491054979319,0.191775297782072,-0.881186467328511,-0.8245938291534812,-0.20021603484357564,-0.13690968437677564,0.007333333333333333,0.014666666666666666,0.014666666666666666,-0.5490288666864004,correction_completion,PT_violation_a20,1,200,171,2770187849,raw_structured,,,,
PRE,k=-3,,,-3.0,pretrend,-0.5536902161190911,-0.5495384529478733,0.18565318386296606,-0.9186295275621359,-0.8637918722538446,-0.24987763160384302,-0.19096810735582864,0.002,0.004,0.004,-0.36601924445760026,correction_completion,PT_violation_a20,1,200,171,2770187849,raw_structured,,,,
PRE,k=-2,,,-2.0,pretrend,-0.5139036868648748,-0.5177295739296377,0.18608009543832763,-0.873973010383734,-0.8112313731095288,-0.21047817914190875,-0.14253882722509678,0.013333333333333334,0.02666666666666667,0.02666666666666667,-0.18300962222880013,correction_completion,PT_violation_a20,1,200,171,2770187849,raw_structured,,,,
PRE,slope,,,,pretrend,0.22565819414921454,0.22392657445016229,0.07365551305069548,0.07758454008309194,0.1043515211312783,0.3447332074155923,0.3728043824391034,0.0006666666666666666,0.0013333333333333333,0.0013333333333333333,0.18300962222880013,correction_completion,PT_violation_a20,1,200,171,2770187849,raw_structured,,,,
PRE_SUB,X1=0_k=-4,,,-4.0,pretrend,-0.45701896421227434,-0.47454595439797176,0.22483218335084687,-0.8506015396866813,-0.8055786182078586,-0.06392951874254599,0.008184648507226226,0.03133333333333333,0.06266666666666666,0.06266666666666666,-0.485821725462659,correction_completion,PT_violation_a20,1,200,171,2770187849,raw_structured,,,,
PRE_SUB,X1=0_k=-3,,,-3.0,pretrend,-0.49824423264128126,-0.5097149282911302,0.21950556901957272,-0.8875944349254081,-0.8296008260830805,-0.10945635040857797,-0.024281450278430337,0.022,0.044,0.044,-0.32388115030843934,correction_completion,PT_violation_a20,1,200,171,2770187849,raw_structured,,,,
PRE_SUB,X1=0_k=-2,,,-2.0,pretrend,-0.4615646509369611,-0.4832275790958289,0.21774528459180917,-0.8489808096018222,-0.787369049013727,0.0,0.0,0.051333333333333335,0.10266666666666667,0.10266666666666667,-0.16194057515421967,correction_completion,PT_violation_a20,1,200,171,2770187849,raw_structured,,,,
PRE_SUB,X1=1_k=-4,,,-4.0,pretrend,-0.5763800180592169,-0.5626115965725011,0.22698163911808864,-1.0568076030977605,-0.9715103694891293,-0.2295835984303633,-0.16506543949768349,0.005333333333333333,0.010666666666666666,0.010666666666666666,-0.6263795995887806,correction_completion,PT_violation_a20,1,200,171,2770187849,raw_structured,,,,
PRE_SUB,X1=1_k=-3,,,-3.0,pretrend,-0.617222072187415,-0.6050604777266988,0.22150180553546336,-1.0914905633739862,-1.0065364903419471,-0.2765576720583211,-0.22200649085299778,0.002,0.004,0.004,-0.41758639972585376,correction_completion,PT_violation_a20,1,200,171,2770187849,raw_structured,,,,
PRE_SUB,X1=1_k=-2,,,-2.0,pretrend,-0.5738754988656092,-0.5651888624883289,0.22264067768709647,-1.0522823404206674,-0.9605057294062039,-0.2345273547887099,-0.16565723460044132,0.013333333333333334,0.02666666666666667,0.02666666666666667,-0.20879319986292688,correction_completion,PT_violation_a20,1,200,171,2770187849,raw_structured,,,,
PRE_SUB,X2=low_k=-4,,,-4.0,pretrend,-0.5116237311460563,-0.511031387143439,0.19357448534572036,-0.8769200144895424,-0.828505613298311,-0.20021603484357564,-0.12851935810197113,0.008666666666666666,0.017333333333333333,0.017333333333333333,-0.6918316417855334,correction_completion,PT_violation_a20,1,200,171,2770187849,raw_structured,,,,
PRE_SUB,X2=low_k=-3,,,-3.0,pretrend,-0.5530923903063317,-0.5476423063082113,0.18724081628461214,-0.9174143506206045,-0.8600538867296658,-0.24948174152453068,-0.19071584921747808,0.0026666666666666666,0.005333333333333333,0.005333333333333333,-0.4612210945236889,correction_completion,PT_violation_a20,1,200,171,2770187849,raw_structured,,,,
PRE_SUB,X2=low_k=-2,,,-2.0,pretrend,-0.5142404446105755,-0.5196803720529319,0.186469242674375,-0.870940688568337,-0.8137654223935427,-0.21273146775141882,-0.1417532356676223,0.014,0.028,0.028,-0.23061054726184446,correction_completion,PT_violation_a20,1,200,171,2770187849,raw_structured,,,,
PRE_SUB,X2=high_k=-4,,,-4.0,pretrend,-0.5289055794884395,-0.5253586934206986,0.1941243756588254,-0.8955435121895393,-0.8375222753940699,-0.21677026667075944,-0.15179245721605952,0.006,0.012,0.012,-0.6105001941870001,correction_completion,PT_violation_a20,1,200,171,2770187849,raw_structured,,,,
PRE_SUB,X2=high_k=-3,,,-3.0,pretrend,-0.5695429493122345,-0.5655177114067973,0.1875920589233569,-0.9517191833962477,-0.8752849505607316,-0.26748691569886257,-0.215998928249808,0.002,0.004,0.004,-0.40700012945800007,correction_completion,PT_violation_a20,1,200,171,2770187849,raw_structured,,,,
PRE_SUB,X2=high_k=-2,,,-2.0,pretrend,-0.5280495771427345,-0.5317341153285772,0.18878241639831453,-0.895183707547624,-0.8304237779621694,-0.2187493974849502,-0.16263181486601214,0.013333333333333334,0.02666666666666667,0.02666666666666667,-0.20350006472900004,correction_completion,PT_violation_a20,1,200,171,2770187849,raw_structured,,,,
PRE_SUBC,X1_k=-4,,,-4.0,pretrend,-0.11936105384694251,-2.220446049250313e-16,0.23908429795685096,-0.7605260203753841,-0.6683290713068815,1.887379141862766e-15,0.0021761605150508356,0.42333333333333334,0.8466666666666667,0.8466666666666667,-0.14055787412612164,correction_completion,PT_violation_a20,1,200,171,2770187849,raw_structured,,,,
PRE_SUBC,X1_k=-3,,,-3.0,pretrend,-0.1189778395461338,-1.6653345369377348e-16,0.2382553150279093,-0.7605260203753837,-0.6683290713068815,1.5543122344752192e-15,2.6645352591003757e-15,0.42133333333333334,0.8426666666666667,0.8426666666666667,-0.09370524941741443,correction_completion,PT_violation_a20,1,200,171,2770187849,raw_structured,,,,
PRE_SUBC,X1_k=-2,,,-2.0,pretrend,-0.11231084792864814,-1.1102230246251565e-16,0.23542198027782624,-0.7569798791098336,-0.6629130133372311,1.4432899320127035e-15,2.0566881531180873e-15,0.43266666666666664,0.8653333333333333,0.8653333333333333,-0.04685262470870721,correction_completion,PT_violation_a20,1,200,171,2770187849,raw_structured,,,,
PRE_SUBC,X1_slope,,,,pretrend,0.050596406325838804,8.326672684688674e-17,0.10163403096256952,-0.0007391209208605156,-7.139130556562837e-16,0.28559429080613136,0.32593972301802165,0.41133333333333333,0.8226666666666667,0.8226666666666667,0.04685262470870721,correction_completion,PT_violation_a20,1,200,171,2770187849,raw_structured,,,,
PRE_SUBC,X2_k=-4,,,-4.0,pretrend,-0.017281848342383246,-2.220446049250313e-16,0.05050579092374073,-0.1498781067932533,-0.06683278870065014,1.1671219546371946e-15,2.249589403646716e-15,0.4126666666666667,0.8253333333333334,0.8253333333333334,0.08133144759853328,correction_completion,PT_violation_a20,1,200,171,2770187849,raw_structured,,,,
PRE_SUBC,X2_k=-3,,,-3.0,pretrend,-0.016450559005902705,-1.6653345369377348e-16,0.04791172318803866,-0.1010670805874358,-0.06519035024161739,9.992007221626409e-16,1.6653345369377348e-15,0.41933333333333334,0.8386666666666667,0.8386666666666667,0.05422096506568885,correction_completion,PT_violation_a20,1,200,171,2770187849,raw_structured,,,,
PRE_SUBC,X2_k=-2,,,-2.0,pretrend,-0.013809132532159056,-1.1102230246251565e-16,0.041222835955262827,-0.07985104320169681,-0.06133685257256894,7.771561172376096e-16,1.1657341758564144e-15,0.43666666666666665,0.8733333333333333,0.8733333333333333,0.027110482532844427,correction_completion,PT_violation_a20,1,200,171,2770187849,raw_structured,,,,
PRE_SUBC,X2_slope,,,,pretrend,0.007039699683651015,7.137148015447435e-17,0.019960127020547253,-8.489241056151643e-16,-4.44485718073143e-16,0.028624084022770096,0.04844551158739626,0.38533333333333336,0.7706666666666667,0.7706666666666667,-0.027110482532844427,correction_completion,PT_violation_a20,1,200,171,2770187849,raw_structured,,,,
PRE,k=-4,,,-4.0,reference_fold_pretrend,-0.5064357609223662,-0.5072742419692935,0.19371054115172334,-0.8959980738196768,-0.8296177647269878,-0.18537893380408849,-0.12509769242401467,0.0026666666666666666,0.005333333333333333,0.005333333333333333,-0.5490288666864004,correction_completion,PT_violation_a20,1,200,171,2770187849,reference_fold_convolution_rf,,,,
PRE,k=-3,,,-3.0,reference_fold_pretrend,-0.5244625092772162,-0.5233969470046993,0.18317777548547665,-0.8931336139974728,-0.8337439093011033,-0.2258452625493359,-0.16025740499464777,0.0006666666666666666,0.0013333333333333333,0.0013333333333333333,-0.36601924445760026,correction_completion,PT_violation_a20,1,200,171,2770187849,reference_fold_convolution_rf,,,,
PRE,k=-2,,,-2.0,reference_fold_pretrend,-0.4592923475641537,-0.4576240691519099,0.18453606721234436,-0.8361888993932679,-0.7529546882678403,-0.1620697766447458,-0.12342885514323272,0.0026666666666666666,0.005333333333333333,0.005333333333333333,-0.18300962222880013,correction_completion,PT_violation_a20,1,200,171,2770187849,reference_fold_convolution_rf,,,,
PRE,slope,,,,reference_fold_pretrend,0.2162517606346918,0.21473644375004536,0.07361936911672422,0.07166025360852973,0.09113762223714626,0.3405819493956339,0.3657273673520721,0.0013333333333333333,0.0026666666666666666,0.0026666666666666666,0.18300962222880013,correction_completion,PT_violation_a20,1,200,171,2770187849,reference_fold_convolution_rf,,,,
PRE_SUB,X1=0_k=-4,,,-4.0,reference_fold_pretrend,-0.4749471681321273,-0.47634368000279775,0.20288178973590043,-0.8767704089507458,-0.7983203943376438,-0.1315967258926508,-0.0702219721466054,0.008,0.016,0.016,-0.485821725462659,correction_completion,PT_violation_a20,1,200,171,2770187849,reference_fold_convolution_rf,,,,
PRE_SUB,X1=0_k=-3,,,-3.0,reference_fold_pretrend,-0.4906484416470229,-0.49760841172279,0.19316997723439144,-0.8678020669118022,-0.8038534360787323,-0.1689347325256774,-0.10343139661421977,0.005333333333333333,0.010666666666666666,0.010666666666666666,-0.32388115030843934,correction_completion,PT_violation_a20,1,200,171,2770187849,reference_fold_convolution_rf,,,,
PRE_SUB,X1=0_k=-2,,,-2.0,reference_fold_pretrend,-0.4283455909744977,-0.42521134258042936,0.1914113212519195,-0.8033077859632116,-0.7413404049072225,-0.12155919454048435,-0.07980160376702855,0.009333333333333334,0.018666666666666668,0.018666666666666668,-0.16194057515421967,correction_completion,PT_violation_a20,1,200,171,2770187849,reference_fold_convolution_rf,,,,
PRE_SUB,X1=1_k=-4,,,-4.0,reference_fold_pretrend,-0.5425164401611816,-0.5392465445966956,0.2164504224778681,-0.9795961264274221,-0.8921957682555064,-0.19080118386606884,-0.12156471867719677,0.004666666666666667,0.009333333333333334,0.009333333333333334,-0.6263795995887806,correction_completion,PT_violation_a20,1,200,171,2770187849,reference_fold_convolution_rf,,,,
PRE_SUB,X1=1_k=-3,,,-3.0,reference_fold_pretrend,-0.5632077951034793,-0.5555330440452182,0.20556761055364411,-0.9851069163032783,-0.9171853289750377,-0.238086334395267,-0.1741513018766009,0.002,0.004,0.004,-0.41758639972585376,correction_completion,PT_violation_a20,1,200,171,2770187849,reference_fold_convolution_rf,,,,
PRE_SUB,X1=1_k=-2,,,-2.0,reference_fold_pretrend,-0.49475217282313466,-0.49654345610783973,0.20535671900591232,-0.9294446827905473,-0.8593876497441653,-0.17067268436954192,-0.13174562048136293,0.0026666666666666666,0.005333333333333333,0.005333333333333333,-0.20879319986292688,correction_completion,PT_violation_a20,1,200,171,2770187849,reference_fold_convolution_rf,,,,
PRE_SUB,X2=low_k=-4,,,-4.0,reference_fold_pretrend,-0.492430658621781,-0.4972177633575129,0.20186746902138528,-0.8913699895117331,-0.8275967026281407,-0.1656422067961719,-0.08874223696529827,0.006666666666666667,0.013333333333333334,0.013333333333333334,-0.6918316417855334,correction_completion,PT_violation_a20,1,200,171,2770187849,reference_fold_convolution_rf,,,,
PRE_SUB,X2=low_k=-3,,,-3.0,reference_fold_pretrend,-0.5159833820529147,-0.5162578223394327,0.1905060109754704,-0.9033863250188702,-0.8257287758389633,-0.20355195381724925,-0.14529679316639296,0.002,0.004,0.004,-0.4612210945236889,correction_completion,PT_violation_a20,1,200,171,2770187849,reference_fold_convolution_rf,,,,
PRE_SUB,X2=low_k=-2,,,-2.0,reference_fold_pretrend,-0.459209721552152,-0.4608625645116002,0.19123839423756794,-0.8550223394365883,-0.7663671707894578,-0.1499058102833548,-0.1033500385236707,0.005333333333333333,0.010666666666666666,0.010666666666666666,-0.23061054726184446,correction_completion,PT_violation_a20,1,200,171,2770187849,reference_fold_convolution_rf,,,,
PRE_SUB,X2=high_k=-4,,,-4.0,reference_fold_pretrend,-0.5231816082269737,-0.5255591810256216,0.19753724831230382,-0.9214866980408852,-0.8555728476088036,-0.19807325718567498,-0.1400304540579311,0.0026666666666666666,0.005333333333333333,0.005333333333333333,-0.6105001941870001,correction_completion,PT_violation_a20,1,200,171,2770187849,reference_fold_convolution_rf,,,,
PRE_SUB,X2=high_k=-3,,,-3.0,reference_fold_pretrend,-0.5404577598585121,-0.5373257443867923,0.18743448140383648,-0.9310502534940315,-0.85732202015446,-0.23182152180202986,-0.17845006873971825,0.0006666666666666666,0.0013333333333333333,0.0013333333333333333,-0.40700012945800007,correction_completion,PT_violation_a20,1,200,171,2770187849,reference_fold_convolution_rf,,,,
PRE_SUB,X2=high_k=-2,,,-2.0,reference_fold_pretrend,-0.4719402277652178,-0.47035237727635715,0.18798316513456373,-0.8645688419141467,-0.7772123710906047,-0.16723011092023016,-0.12477224273391481,0.0026666666666666666,0.005333333333333333,0.005333333333333333,-0.20350006472900004,correction_completion,PT_violation_a20,1,200,171,2770187849,reference_fold_convolution_rf,,,,
PRE_SUBC,X1_k=-4,,,-4.0,reference_fold_pretrend,-0.06756927202905438,-0.0023366714855027337,0.1589713012016327,-0.5244982972554634,-0.4205042187605575,0.05248307236844682,0.06487674819110051,0.47,0.94,0.94,-0.14055787412612164,correction_completion,PT_violation_a20,1,200,171,2770187849,reference_fold_convolution_rf,,,,
PRE_SUBC,X1_k=-3,,,-3.0,reference_fold_pretrend,-0.07255935345645644,-0.0072879958697773806,0.15610769726337018,-0.5237834626324557,-0.41440475665529175,0.043743367848334755,0.05498671087745096,0.4046666666666667,0.8093333333333333,0.8093333333333333,-0.09370524941741443,correction_completion,PT_violation_a20,1,200,171,2770187849,reference_fold_convolution_rf,,,,
PRE_SUBC,X1_k=-2,,,-2.0,reference_fold_pretrend,-0.06640658184863694,-0.012454318321431151,0.14404469614714,-0.5159100940286668,-0.41118273017239565,0.03277267839438618,0.039336518702397974,0.3433333333333333,0.6866666666666666,0.6866666666666666,-0.04685262470870721,correction_completion,PT_violation_a20,1,200,171,2770187849,reference_fold_convolution_rf,,,,
PRE_SUBC,X1_slope,,,,reference_fold_pretrend,0.029588078917765208,0.0024834946465185598,0.06550924016417596,-0.022709525702066868,-0.018221067716825787,0.17678401871515806,0.2230760625685247,0.43266666666666664,0.8653333333333333,0.8653333333333333,0.04685262470870721,correction_completion,PT_violation_a20,1,200,171,2770187849,reference_fold_convolution_rf,,,,
PRE_SUBC,X2_k=-4,,,-4.0,reference_fold_pretrend,-0.03075094960519267,-0.017807009756157594,0.0665832017649697,-0.21570844060069155,-0.1465365591269327,0.027787927426401033,0.03887529825842586,0.2733333333333333,0.5466666666666666,0.5466666666666666,0.08133144759853328,correction_completion,PT_violation_a20,1,200,171,2770187849,reference_fold_convolution_rf,,,,
PRE_SUBC,X2_k=-3,,,-3.0,reference_fold_pretrend,-0.02447437780559735,-0.01041732860187608,0.06521861185680497,-0.2106581327599902,-0.14305659494530923,0.030631823831671387,0.03761541194250385,0.35,0.7,0.7,0.05422096506568885,correction_completion,PT_violation_a20,1,200,171,2770187849,reference_fold_convolution_rf,,,,
PRE_SUBC,X2_k=-2,,,-2.0,reference_fold_pretrend,-0.012730506213065863,-0.0007421773842028259,0.061676648899776115,-0.18746185921133734,-0.11126455446205197,0.0369130830526528,0.042769700312927914,0.488,0.976,0.976,0.027110482532844427,correction_completion,PT_violation_a20,1,200,171,2770187849,reference_fold_convolution_rf,,,,
PRE_SUBC,X2_slope,,,,reference_fold_pretrend,0.010995150759988467,0.00532675693975262,0.02726869129682866,-0.015220296518740573,-0.011753531968546263,0.058964231428545344,0.08675249638508138,0.31333333333333335,0.6266666666666667,0.6266666666666667,-0.027110482532844427,correction_completion,PT_violation_a20,1,200,171,2770187849,reference_fold_convolution_rf,,,,
PRE,k=-4,,,-4.0,pretrend,-0.26751696964884847,-0.2685834280833789,0.18543555101961554,-0.6412197474094928,-0.5898046417035856,0.020521855045102226,0.05946653473848867,0.09,0.18,0.18,-0.14999999999999997,correction_completion,PT_violation_g05,1,200,155,1861864982,raw_structured,,,,
PRE,k=-3,,,-3.0,pretrend,-0.23641861249428728,-0.23866034031937505,0.17417254057316067,-0.5753609460348237,-0.5255591188891333,0.01447575542470239,0.059768510001378894,0.13666666666666666,0.2733333333333333,0.2733333333333333,-0.09999999999999998,correction_completion,PT_violation_g05,1,200,155,1861864982,raw_structured,,,,
PRE,k=-2,,,-2.0,pretrend,-0.11973839923845446,-0.0698606928586708,0.16095968751615475,-0.4723084313653212,-0.40871992228774384,0.07305857986466037,0.1382922142571487,0.422,0.844,0.844,-0.04999999999999999,correction_completion,PT_violation_g05,1,200,155,1861864982,raw_structured,,,,
PRE,slope,,,,pretrend,0.09965189522668388,0.09812276089579938,0.06816532426695655,-0.018247637595756157,-0.0017852925390589574,0.21506469596359,0.2376529501908927,0.08466666666666667,0.16933333333333334,0.16933333333333334,0.04999999999999999,correction_completion,PT_violation_g05,1,200,155,1861864982,raw_structured,,,,
PRE_SUB,X1=0_k=-4,,,-4.0,pretrend,-0.2600137747420424,-0.2635494996212875,0.1861100503610201,-0.6316490452559723,-0.577116178038525,0.024267266619363743,0.06558637085219761,0.09466666666666666,0.18933333333333333,0.18933333333333333,-0.14999999999999994,correction_completion,PT_violation_g05,1,200,155,1861864982,raw_structured,,,,
PRE_SUB,X1=0_k=-3,,,-3.0,pretrend,-0.22915986934407243,-0.23223515168728065,0.1761392119533648,-0.5725007970723629,-0.5250060954548729,0.025390316931607725,0.0771676694366958,0.14666666666666667,0.29333333333333333,0.29333333333333333,-0.09999999999999996,correction_completion,PT_violation_g05,1,200,155,1861864982,raw_structured,,,,
PRE_SUB,X1=0_k=-2,,,-2.0,pretrend,-0.11319321831267842,-0.05197056384006245,0.16197887113701934,-0.4695206799248243,-0.405880895300179,0.08214451280040698,0.15016847862680166,0.436,0.872,0.872,-0.04999999999999998,correction_completion,PT_violation_g05,1,200,155,1861864982,raw_structured,,,,
PRE_SUB,X1=1_k=-4,,,-4.0,pretrend,-0.27925273604154516,-0.27262782154090237,0.19891084852271337,-0.6953601116135492,-0.6253732065815203,0.01866422404339127,0.05652131863427915,0.08866666666666667,0.17733333333333334,0.17733333333333334,-0.15000000000000002,correction_completion,PT_violation_g05,1,200,155,1861864982,raw_structured,,,,
PRE_SUB,X1=1_k=-3,,,-3.0,pretrend,-0.2477720312677002,-0.24474769417604342,0.18588403808753962,-0.6502447154228542,-0.5660403351623995,0.011169144419227764,0.059513363854737995,0.13466666666666666,0.2693333333333333,0.2693333333333333,-0.10000000000000002,correction_completion,PT_violation_g05,1,200,155,1861864982,raw_structured,,,,
PRE_SUB,X1=1_k=-2,,,-2.0,pretrend,-0.12997573350697597,-0.07465960659589924,0.17311671941124454,-0.522821950825961,-0.45782713185134266,0.0703809916017013,0.12887176857863442,0.418,0.836,0.836,-0.05000000000000001,correction_completion,PT_violation_g05,1,200,155,1861864982,raw_structured,,,,
PRE_SUB,X2=low_k=-4,,,-4.0,pretrend,-0.26036635909948874,-0.2654807623448631,0.19285124445704246,-0.6403230263137225,-0.5910572202817387,0.034754003977289644,0.10982502571432978,0.10533333333333333,0.21066666666666667,0.21066666666666667,-0.15000000000000002,correction_completion,PT_violation_g05,1,200,155,1861864982,raw_structured,,,,
PRE_SUB,X2=low_k=-3,,,-3.0,pretrend,-0.2300227319555786,-0.23340498772615098,0.17971855615694973,-0.5834643519605963,-0.5289951485614482,0.03193778332652475,0.0906040872111943,0.14866666666666667,0.29733333333333334,0.29733333333333334,-0.1,correction_completion,PT_violation_g05,1,200,155,1861864982,raw_structured,,,,
PRE_SUB,X2=low_k=-2,,,-2.0,pretrend,-0.12011769398684054,-0.06885428854436358,0.16166369772316336,-0.4709417233390364,-0.4083262825354891,0.07376268063501874,0.14010583098604928,0.42133333333333334,0.8426666666666667,0.8426666666666667,-0.05,correction_completion,PT_violation_g05,1,200,155,1861864982,raw_structured,,,,
PRE_SUB,X2=high_k=-4,,,-4.0,pretrend,-0.27162438773411224,-0.2701894883888369,0.18717102664177984,-0.6506427766633511,-0.5983517434487464,0.018294981034763635,0.05824276974457685,0.08866666666666667,0.17733333333333334,0.17733333333333334,-0.15000000000000002,correction_completion,PT_violation_g05,1,200,155,1861864982,raw_structured,,,,
PRE_SUB,X2=high_k=-3,,,-3.0,pretrend,-0.240147389608175,-0.243011377291376,0.17660178126800327,-0.5911353865814684,-0.5336462123889757,0.00984819683464207,0.05776532263677674,0.134,0.268,0.268,-0.1,correction_completion,PT_violation_g05,1,200,155,1861864982,raw_structured,,,,
PRE_SUB,X2=high_k=-2,,,-2.0,pretrend,-0.11987184647486449,-0.06549071787940781,0.1625988577279312,-0.4786189148610313,-0.4092728793079249,0.07376268063501877,0.14010583098604917,0.42333333333333334,0.8466666666666667,0.8466666666666667,-0.05,correction_completion,PT_violation_g05,1,200,155,1861864982,raw_structured,,,,
PRE_SUBC,X1_k=-4,,,-4.0,pretrend,-0.019238961299502803,0.0,0.09556696683388564,-0.3725387108123582,-0.15603479957535332,0.00934508526641327,0.030673815408827236,0.5186666666666667,1.0,1.0,-8.326672684688674e-17,correction_completion,PT_violation_g05,1,200,155,1861864982,raw_structured,,,,
PRE_SUBC,X1_k=-3,,,-3.0,pretrend,-0.018612161923627774,0.0,0.09316288584517336,-0.3379941278491333,-0.13531440503012965,0.0008280335312591098,0.024607323437574304,0.5406666666666666,1.0,1.0,-5.551115123125783e-17,correction_completion,PT_violation_g05,1,200,155,1861864982,raw_structured,,,,
PRE_SUBC,X1_k=-2,,,-2.0,pretrend,-0.016782515194297572,0.0,0.08661367383559115,-0.3130448319537783,-0.05178728528226398,8.326672684688674e-16,1.3877787807814457e-15,0.66,1.0,1.0,-2.7755575615628914e-17,correction_completion,PT_violation_g05,1,200,155,1861864982,raw_structured,,,,
PRE_SUBC,X1_slope,,,,pretrend,0.007980265924290108,0.0,0.039407363378173285,-0.010854600009786983,-0.003540572184389257,0.060145829585001524,0.13670610150224283,0.5146666666666667,1.0,1.0,2.7755575615628914e-17,correction_completion,PT_violation_g05,1,200,155,1861864982,raw_structured,,,,
PRE_SUBC,X2_k=-4,,,-4.0,pretrend,-0.011258028634623517,0.0,0.0744881769413817,-0.27882652737839353,-0.04407342137779005,0.020281573565397993,0.046107744270303085,0.5366666666666666,1.0,1.0,-0.0,correction_completion,PT_violation_g05,1,200,155,1861864982,raw_structured,,,,
PRE_SUBC,X2_k=-3,,,-3.0,pretrend,-0.010124657652596332,0.0,0.07198012919092311,-0.2593240965109672,-0.023180147708984754,0.018357035244159128,0.04431520199405288,0.566,1.0,1.0,-0.0,correction_completion,PT_violation_g05,1,200,155,1861864982,raw_structured,,,,
PRE_SUBC,X2_k=-2,,,-2.0,pretrend,0.0002458475119760408,0.0,0.03459041533759576,-1.416922135177856e-15,-6.675215935558753e-16,0.010871287012162513,0.04382808362498335,0.6653333333333333,1.0,1.0,-0.0,correction_completion,PT_violation_g05,1,200,155,1861864982,raw_structured,,,,
PRE_SUBC,X2_slope,,,,pretrend,0.0038412538355062273,0.0,0.02726497999993299,-0.01899222942602274,-0.007867300818925258,0.015019267604106488,0.09958090263514058,0.52,1.0,1.0,0.0,correction_completion,PT_violation_g05,1,200,155,1861864982,raw_structured,,,,
PRE,k=-4,,,-4.0,reference_fold_pretrend,-0.36340189004575274,-0.3631748980668016,0.18014576188382267,-0.7316659879212868,-0.6646602096674743,-0.060861958710883124,-0.019343236071233783,0.02,0.04,0.04,-0.14999999999999997,correction_completion,PT_violation_g05,1,200,155,1861864982,reference_fold_convolution_rf,,,,
PRE,k=-3,,,-3.0,reference_fold_pretrend,-0.30435621475639124,-0.30133965256691014,0.15934479547075017,-0.6140463111420277,-0.5630407206928901,-0.04015817974502773,0.00026874604492446106,0.03,0.06,0.06,-0.09999999999999998,correction_completion,PT_violation_g05,1,200,155,1861864982,reference_fold_convolution_rf,,,,
PRE,k=-2,,,-2.0,reference_fold_pretrend,-0.17622626578537287,-0.1753884808815585,0.14529104128051612,-0.47013904212828433,-0.4157991562413502,0.04252691735493137,0.09988853062439094,0.14466666666666667,0.28933333333333333,0.28933333333333333,-0.04999999999999999,correction_completion,PT_violation_g05,1,200,155,1861864982,reference_fold_convolution_rf,,,,
PRE,slope,,,,reference_fold_pretrend,0.1339388832453867,0.13318206987233383,0.062384882989893066,0.017902337593131482,0.03164670583657584,0.24057242197420434,0.26374871515282966,0.010666666666666666,0.021333333333333333,0.021333333333333333,0.04999999999999999,correction_completion,PT_violation_g05,1,200,155,1861864982,reference_fold_convolution_rf,,,,
PRE_SUB,X1=0_k=-4,,,-4.0,reference_fold_pretrend,-0.30621273519794956,-0.3109812732972814,0.19183073010274815,-0.6717923231246692,-0.6163514480753393,0.00625098211981766,0.07057750703373847,0.056666666666666664,0.11333333333333333,0.11333333333333333,-0.14999999999999994,correction_completion,PT_violation_g05,1,200,155,1861864982,reference_fold_convolution_rf,,,,
PRE_SUB,X1=0_k=-3,,,-3.0,reference_fold_pretrend,-0.25451645353314756,-0.25344554711078093,0.17077352279445182,-0.5821758358799788,-0.5346092184979347,0.019553700238158223,0.07400570667997243,0.07133333333333333,0.14266666666666666,0.14266666666666666,-0.09999999999999996,correction_completion,PT_violation_g05,1,200,155,1861864982,reference_fold_convolution_rf,,,,
PRE_SUB,X1=0_k=-2,,,-2.0,reference_fold_pretrend,-0.14397149569686393,-0.14029638526649077,0.15067918761093363,-0.44290666383642296,-0.3972666000944416,0.08939097617948147,0.13898942929678676,0.20933333333333334,0.4186666666666667,0.4186666666666667,-0.04999999999999998,correction_completion,PT_violation_g05,1,200,155,1861864982,reference_fold_convolution_rf,,,,
PRE_SUB,X1=1_k=-4,,,-4.0,reference_fold_pretrend,-0.45285159378206036,-0.4375756526651263,0.20927058988151379,-0.885775066357785,-0.8074002333902657,-0.11539665405579616,-0.054879050256825025,0.01,0.02,0.02,-0.15000000000000002,correction_completion,PT_violation_g05,1,200,155,1861864982,reference_fold_convolution_rf,,,,
PRE_SUB,X1=1_k=-3,,,-3.0,reference_fold_pretrend,-0.38231071307992615,-0.3745295405946397,0.19380863163786388,-0.7728715498262608,-0.7144948624955212,-0.07095420686681653,-0.01952357943796168,0.022,0.044,0.044,-0.10000000000000002,correction_completion,PT_violation_g05,1,200,155,1861864982,reference_fold_convolution_rf,,,,
PRE_SUB,X1=1_k=-2,,,-2.0,reference_fold_pretrend,-0.22667603438534836,-0.21583472950005322,0.17725409376617282,-0.609043180186634,-0.5430067072349997,0.022701040929695358,0.07748818502645102,0.13,0.26,0.26,-0.05000000000000001,correction_completion,PT_violation_g05,1,200,155,1861864982,reference_fold_convolution_rf,,,,
PRE_SUB,X2=low_k=-4,,,-4.0,reference_fold_pretrend,-0.3685062585788878,-0.3680779332103198,0.18188832840848765,-0.7449002916491316,-0.6826732407784943,-0.06431713644987037,-0.020913104675955828,0.016666666666666666,0.03333333333333333,0.03333333333333333,-0.15000000000000002,correction_completion,PT_violation_g05,1,200,155,1861864982,reference_fold_convolution_rf,,,,
PRE_SUB,X2=low_k=-3,,,-3.0,reference_fold_pretrend,-0.30612740053994153,-0.30471103467408506,0.16147076668574425,-0.6226184294033968,-0.5715130221319187,-0.04038716317472419,0.00015329568911550488,0.03,0.06,0.06,-0.1,correction_completion,PT_violation_g05,1,200,155,1861864982,reference_fold_convolution_rf,,,,
PRE_SUB,X2=low_k=-2,,,-2.0,reference_fold_pretrend,-0.18035997700687745,-0.17768417124369412,0.14785889094419963,-0.47323710327327784,-0.4233398848422103,0.04415655673031534,0.09481941184111485,0.14466666666666667,0.28933333333333333,0.28933333333333333,-0.05,correction_completion,PT_violation_g05,1,200,155,1861864982,reference_fold_convolution_rf,,,,
PRE_SUB,X2=high_k=-4,,,-4.0,reference_fold_pretrend,-0.3330626412887086,-0.33541200870600135,0.1832404697964145,-0.7043381578890171,-0.6383722503299085,-0.02599871075293493,0.02088659244077888,0.03666666666666667,0.07333333333333333,0.07333333333333333,-0.15000000000000002,correction_completion,PT_violation_g05,1,200,155,1861864982,reference_fold_convolution_rf,,,,
PRE_SUB,X2=high_k=-3,,,-3.0,reference_fold_pretrend,-0.2967433812955057,-0.2966862655500333,0.15985487827277417,-0.6153664044809041,-0.5576867587291148,-0.032091094393393534,0.011367326807695049,0.034666666666666665,0.06933333333333333,0.06933333333333333,-0.1,correction_completion,PT_violation_g05,1,200,155,1861864982,reference_fold_convolution_rf,,,,
PRE_SUB,X2=high_k=-2,,,-2.0,reference_fold_pretrend,-0.16676902771471055,-0.16282768661880578,0.1417309062919928,-0.45339247255317167,-0.40511886151527693,0.04877478396688498,0.09819685026973846,0.14933333333333335,0.2986666666666667,0.2986666666666667,-0.05,correction_completion,PT_violation_g05,1,200,155,1861864982,reference_fold_convolution_rf,,,,
PRE_SUBC,X1_k=-4,,,-4.0,reference_fold_pretrend,-0.14663885858411085,-0.04498634394082658,0.17244675318232705,-0.5278636355944177,-0.4700932582179467,0.004647744250352307,0.026651397505692846,0.06533333333333333,0.13066666666666665,0.13066666666666665,-8.326672684688674e-17,correction_completion,PT_violation_g05,1,200,155,1861864982,reference_fold_convolution_rf,,,,
PRE_SUBC,X1_k=-3,,,-3.0,reference_fold_pretrend,-0.1277942595467786,-0.026141944951638338,0.17212328045030298,-0.5079897610895532,-0.45952474507103663,0.01860024002203801,0.041012025410641126,0.16866666666666666,0.3373333333333333,0.3373333333333333,-5.551115123125783e-17,correction_completion,PT_violation_g05,1,200,155,1861864982,reference_fold_convolution_rf,,,,
PRE_SUBC,X1_k=-2,,,-2.0,reference_fold_pretrend,-0.08270453868848442,-0.015170741453992179,0.14487897591811325,-0.47022952464600215,-0.41526342666257066,0.013419668589111837,0.020250008283064978,0.23533333333333334,0.4706666666666667,0.4706666666666667,-2.7755575615628914e-17,correction_completion,PT_violation_g05,1,200,155,1861864982,reference_fold_convolution_rf,,,,
PRE_SUBC,X1_slope,,,,reference_fold_pretrend,0.05558640239531244,0.01429740881314771,0.0694447151366147,-0.01158751095939589,-0.002827846225110429,0.18935012671512189,0.2128706928780915,0.08533333333333333,0.17066666666666666,0.17066666666666666,2.7755575615628914e-17,correction_completion,PT_violation_g05,1,200,155,1861864982,reference_fold_convolution_rf,,,,
PRE_SUBC,X2_k=-4,,,-4.0,reference_fold_pretrend,0.03544361729017925,0.04771056910140799,0.0701417140652415,-0.18011023506627674,-0.10262179949208457,0.10944879907522838,0.1203310817064808,0.152,0.304,0.304,-0.0,correction_completion,PT_violation_g05,1,200,155,1861864982,reference_fold_convolution_rf,,,,
PRE_SUBC,X2_k=-3,,,-3.0,reference_fold_pretrend,0.009384019244435849,0.01827128434636549,0.05668728512414434,-0.1698796407202146,-0.10105649092952315,0.07306201131516572,0.08582957597993364,0.302,0.604,0.604,-0.0,correction_completion,PT_violation_g05,1,200,155,1861864982,reference_fold_convolution_rf,,,,
PRE_SUBC,X2_k=-2,,,-2.0,reference_fold_pretrend,0.013590949292166851,0.016441731354883936,0.03746580089413129,-0.06870213906488737,-0.038383772550143774,0.06155519973866063,0.07190423001491957,0.308,0.616,0.616,-0.0,correction_completion,PT_violation_g05,1,200,155,1861864982,reference_fold_convolution_rf,,,,
PRE_SUBC,X2_slope,,,,reference_fold_pretrend,-0.009906417117969735,-0.013917820629995026,0.023207362911583766,-0.041049839258047276,-0.035438148853133906,0.04060857213692968,0.05835087815783222,0.18666666666666668,0.37333333333333335,0.37333333333333335,0.0,correction_completion,PT_violation_g05,1,200,155,1861864982,reference_fold_convolution_rf,,,,
PRE,k=-4,,,-4.0,pretrend,-0.07953375004208597,-0.05773968584111551,0.17329283290793246,-0.4366387920758687,-0.385644298099248,0.19374158363750105,0.23470082847999382,0.38866666666666666,0.7773333333333333,0.7773333333333333,-0.3,correction_completion,PT_violation_g10,1,200,139,852780563,raw_structured,,,,
PRE,k=-3,,,-3.0,pretrend,0.017105242510758647,0.0,0.16099799576293855,-0.31166975786288087,-0.2593891786692422,0.29927744092016856,0.35887818890733214,0.5513333333333333,1.0,1.0,-0.19999999999999998,correction_completion,PT_violation_g10,1,200,139,852780563,raw_structured,,,,
PRE,k=-2,,,-2.0,pretrend,-0.07179772199182421,0.0,0.14705692778049706,-0.4266398794639022,-0.37703263919663804,0.11221309689538325,0.17497343807228583,0.554,1.0,1.0,-0.09999999999999999,correction_completion,PT_violation_g10,1,200,139,852780563,raw_structured,,,,
PRE,slope,,,,pretrend,0.01972774907832606,0.011361408344677304,0.0609083461952022,-0.09341216125968212,-0.07733495698616957,0.1295943216171322,0.15085347771107657,0.432,0.864,0.864,0.09999999999999999,correction_completion,PT_violation_g10,1,200,139,852780563,raw_structured,,,,
PRE_SUB,X1=0_k=-4,,,-4.0,pretrend,-0.0683572486939148,-0.04641115436398255,0.17697224080665236,-0.4346841956900874,-0.3775429000725612,0.20830765148690747,0.2746941565952122,0.41,0.82,0.82,-0.2999999999999998,correction_completion,PT_violation_g10,1,200,139,852780563,raw_structured,,,,
PRE_SUB,X1=0_k=-3,,,-3.0,pretrend,0.028115803674129528,0.0,0.16486175429428734,-0.30423893408944924,-0.2526554178159836,0.3168306003348849,0.3788679809271311,0.536,1.0,1.0,-0.1999999999999999,correction_completion,PT_violation_g10,1,200,139,852780563,raw_structured,,,,
PRE_SUB,X1=0_k=-2,,,-2.0,pretrend,-0.061549165778684016,0.0,0.14895307083593937,-0.41876497522561834,-0.3744318790637598,0.13244034048395703,0.20557030486704636,0.5766666666666667,1.0,1.0,-0.09999999999999995,correction_completion,PT_violation_g10,1,200,139,852780563,raw_structured,,,,
PRE_SUB,X1=1_k=-4,,,-4.0,pretrend,-0.08983366304922413,-0.06845801695207968,0.1806091135150315,-0.4738097144698114,-0.4134106384464614,0.18964652841102472,0.23201330624545025,0.38,0.76,0.76,-0.29999999999999993,correction_completion,PT_violation_g10,1,200,139,852780563,raw_structured,,,,
PRE_SUB,X1=1_k=-3,,,-3.0,pretrend,0.006958254771965876,0.0,0.16854447977393386,-0.3476105076394085,-0.28955707304364786,0.29645284599691696,0.3520827164760639,0.5713333333333334,1.0,1.0,-0.19999999999999996,correction_completion,PT_violation_g10,1,200,139,852780563,raw_structured,,,,
PRE_SUB,X1=1_k=-2,,,-2.0,pretrend,-0.08124246987452204,0.0,0.1568574393221459,-0.46137209476299906,-0.39731566740328694,0.10782266627501963,0.16275426036119234,0.546,1.0,1.0,-0.09999999999999998,correction_completion,PT_violation_g10,1,200,139,852780563,raw_structured,,,,
PRE_SUB,X2=low_k=-4,,,-4.0,pretrend,-0.0694791436525698,-0.051675407555414485,0.18113987602857506,-0.43741781340456604,-0.381429222202934,0.20409490353641138,0.2813098658179879,0.402,0.804,0.804,-0.30000000000000004,correction_completion,PT_violation_g10,1,200,139,852780563,raw_structured,,,,
PRE_SUB,X2=low_k=-3,,,-3.0,pretrend,0.02642497765358461,0.0,0.1687151133254979,-0.30741927681487224,-0.2553759618321925,0.32455609416241604,0.3906640348582913,0.54,1.0,1.0,-0.2,correction_completion,PT_violation_g10,1,200,139,852780563,raw_structured,,,,
PRE_SUB,X2=low_k=-2,,,-2.0,pretrend,-0.06723641536142579,0.0,0.14924746346932624,-0.4197769089633557,-0.3763531893728846,0.1314004939112611,0.1900975771726772,0.5686666666666667,1.0,1.0,-0.1,correction_completion,PT_violation_g10,1,200,139,852780563,raw_structured,,,,
PRE_SUB,X2=high_k=-4,,,-4.0,pretrend,-0.09452181365422657,-0.07370545973987185,0.18046852484079354,-0.4744599887994422,-0.4179371853618591,0.18040270482099932,0.22312039387849406,0.36466666666666664,0.7293333333333333,0.7293333333333333,-0.30000000000000004,correction_completion,PT_violation_g10,1,200,139,852780563,raw_structured,,,,
PRE_SUB,X2=high_k=-3,,,-3.0,pretrend,0.002913550079021339,0.0,0.16807254577473474,-0.3601883757281362,-0.29309437719325465,0.2947558794590196,0.341549385172551,0.5873333333333334,1.0,1.0,-0.2,correction_completion,PT_violation_g10,1,200,139,852780563,raw_structured,,,,
PRE_SUB,X2=high_k=-2,,,-2.0,pretrend,-0.08105642594465051,0.0,0.15560259013093894,-0.448918599537561,-0.4057691010580971,0.10820052451762441,0.1618964371740242,0.548,1.0,1.0,-0.1,correction_completion,PT_violation_g10,1,200,139,852780563,raw_structured,,,,
PRE_SUBC,X1_k=-4,,,-4.0,pretrend,-0.021476414355309337,0.0,0.08874294090520644,-0.34704032742740776,-0.19006085671934356,0.0008314099871010603,0.012210303705281523,0.5273333333333333,1.0,1.0,-8.326672684688674e-17,correction_completion,PT_violation_g10,1,200,139,852780563,raw_structured,,,,
PRE_SUBC,X1_k=-3,,,-3.0,pretrend,-0.02115754890216365,0.0,0.0872052881540211,-0.3470403274274074,-0.17271633331061534,1.2226331058684524e-15,0.008447478622687181,0.5773333333333334,1.0,1.0,-5.551115123125783e-17,correction_completion,PT_violation_g10,1,200,139,852780563,raw_structured,,,,
PRE_SUBC,X1_k=-2,,,-2.0,pretrend,-0.01969330409583802,0.0,0.08537596926436763,-0.3370440772184643,-0.13872481978339485,6.334342772529309e-16,1.2424089534945873e-15,0.6806666666666666,1.0,1.0,-2.7755575615628914e-17,correction_completion,PT_violation_g10,1,200,139,852780563,raw_structured,,,,
PRE_SUBC,X1_slope,,,,pretrend,0.009031260354720952,0.0,0.03719209340615636,-0.00436082275188627,-0.00019889011018887597,0.06787887739976535,0.14613564596245565,0.522,1.0,1.0,2.7755575615628914e-17,correction_completion,PT_violation_g10,1,200,139,852780563,raw_structured,,,,
PRE_SUBC,X2_k=-4,,,-4.0,pretrend,-0.025042670001656775,0.0,0.09592778816171732,-0.36712953261077264,-0.22546684925352442,6.529499163576696e-16,1.501576640805509e-15,0.5026666666666667,1.0,1.0,-0.0,correction_completion,PT_violation_g10,1,200,139,852780563,raw_structured,,,,
PRE_SUBC,X2_k=-3,,,-3.0,pretrend,-0.02351142757456327,0.0,0.09282880812200867,-0.3594532680769462,-0.20137270249899636,5.280498260873394e-16,7.771561172376096e-16,0.5566666666666666,1.0,1.0,-0.0,correction_completion,PT_violation_g10,1,200,139,852780563,raw_structured,,,,
PRE_SUBC,X2_k=-2,,,-2.0,pretrend,-0.01382001058322474,0.0,0.07091742872392337,-0.23849608120487134,-0.03792069030364247,4.3090531143263825e-16,6.179085021429368e-16,0.6846666666666666,1.0,1.0,-0.0,correction_completion,PT_violation_g10,1,200,139,852780563,raw_structured,,,,
PRE_SUBC,X2_slope,,,,pretrend,0.009712205409808685,1.4869058365515489e-18,0.03742067234074126,-4.0879997799590583e-16,-2.0836507122875706e-16,0.08055835837437042,0.14127637813899357,0.49866666666666665,0.9973333333333333,0.9973333333333333,0.0,correction_completion,PT_violation_g10,1,200,139,852780563,raw_structured,,,,
PRE,k=-4,,,-4.0,reference_fold_pretrend,-0.12216275138394152,-0.1165116661108196,0.16561494101958754,-0.44665866982588054,-0.3979491615247486,0.14798611081332141,0.1882637560247468,0.234,0.468,0.468,-0.3,correction_completion,PT_violation_g10,1,200,139,852780563,reference_fold_convolution_rf,,,,
PRE,k=-3,,,-3.0,reference_fold_pretrend,-0.015363403504361614,-0.004693969276603702,0.1547919641054107,-0.3263249046576064,-0.2883424021210469,0.2269868479949114,0.26656695025547505,0.486,0.972,0.972,-0.19999999999999998,correction_completion,PT_violation_g10,1,200,139,852780563,reference_fold_convolution_rf,,,,
PRE,k=-2,,,-2.0,reference_fold_pretrend,-0.09230124349825705,-0.07033412125987618,0.13309712409456437,-0.39202149264453506,-0.3293858286697834,0.0977471412412713,0.13389429578278386,0.3253333333333333,0.6506666666666666,0.6506666666666666,-0.09999999999999999,correction_completion,PT_violation_g10,1,200,139,852780563,reference_fold_convolution_rf,,,,
PRE,slope,,,,reference_fold_pretrend,0.03496545033277177,0.029373925921084024,0.05911169524695548,-0.07115477614418829,-0.057021626192941245,0.13708009675119337,0.1577603560755921,0.2833333333333333,0.5666666666666667,0.5666666666666667,0.09999999999999999,correction_completion,PT_violation_g10,1,200,139,852780563,reference_fold_convolution_rf,,,,
PRE_SUB,X1=0_k=-4,,,-4.0,reference_fold_pretrend,-0.10672274094557915,-0.10275456839978489,0.17114077509578032,-0.4419869511551397,-0.38603095060683107,0.17550517175257502,0.22922589852084338,0.264,0.528,0.528,-0.2999999999999998,correction_completion,PT_violation_g10,1,200,139,852780563,reference_fold_convolution_rf,,,,
PRE_SUB,X1=0_k=-3,,,-3.0,reference_fold_pretrend,0.004234805319177705,0.004310894558242686,0.15877868157213507,-0.3143132627874204,-0.276345754090738,0.2556150136472565,0.29152035393890796,0.48733333333333334,0.9746666666666667,0.9746666666666667,-0.1999999999999999,correction_completion,PT_violation_g10,1,200,139,852780563,reference_fold_convolution_rf,,,,
PRE_SUB,X1=0_k=-2,,,-2.0,reference_fold_pretrend,-0.07868652263409133,-0.053486296429161084,0.136097667194546,-0.38984821514998147,-0.3204048436673769,0.12317821590308194,0.16544076064405336,0.36933333333333335,0.7386666666666667,0.7386666666666667,-0.09999999999999995,correction_completion,PT_violation_g10,1,200,139,852780563,reference_fold_convolution_rf,,,,
PRE_SUB,X1=1_k=-4,,,-4.0,reference_fold_pretrend,-0.1363917806114519,-0.12532467975604528,0.1709020007751858,-0.4691671869143638,-0.4207984975513348,0.13725291537385956,0.17910444119597557,0.216,0.432,0.432,-0.29999999999999993,correction_completion,PT_violation_g10,1,200,139,852780563,reference_fold_convolution_rf,,,,
PRE_SUB,X1=1_k=-3,,,-3.0,reference_fold_pretrend,-0.03342449791036844,-0.02086104546437936,0.1612510282416552,-0.3603105975958705,-0.3110148191939365,0.21959717176258353,0.2558552665442613,0.44066666666666665,0.8813333333333333,0.8813333333333333,-0.19999999999999996,correction_completion,PT_violation_g10,1,200,139,852780563,reference_fold_convolution_rf,,,,
PRE_SUB,X1=1_k=-2,,,-2.0,reference_fold_pretrend,-0.10484814311817443,-0.0849637641149884,0.1400199196368996,-0.41044169337368547,-0.3635672655954061,0.08987745855430383,0.1275513143771259,0.31133333333333335,0.6226666666666667,0.6226666666666667,-0.09999999999999998,correction_completion,PT_violation_g10,1,200,139,852780563,reference_fold_convolution_rf,,,,
PRE_SUB,X2=low_k=-4,,,-4.0,reference_fold_pretrend,-0.11482979591477344,-0.1096381156644978,0.17352398178254835,-0.46035514830293717,-0.39436025737063934,0.16063887535512839,0.22346801246677062,0.24266666666666667,0.48533333333333334,0.48533333333333334,-0.30000000000000004,correction_completion,PT_violation_g10,1,200,139,852780563,reference_fold_convolution_rf,,,,
PRE_SUB,X2=low_k=-3,,,-3.0,reference_fold_pretrend,-0.03615710285397251,-0.02305219106766939,0.1611590437275644,-0.3651639418728374,-0.31794456859129117,0.19721459338676153,0.24648548432136583,0.44533333333333336,0.8906666666666667,0.8906666666666667,-0.2,correction_completion,PT_violation_g10,1,200,139,852780563,reference_fold_convolution_rf,,,,
PRE_SUB,X2=low_k=-2,,,-2.0,reference_fold_pretrend,-0.09544201858749526,-0.06832981253011092,0.14212727305271022,-0.4157571532085585,-0.35261887042649925,0.09013049619353175,0.13370129260943261,0.326,0.652,0.652,-0.1,correction_completion,PT_violation_g10,1,200,139,852780563,reference_fold_convolution_rf,,,,
PRE_SUB,X2=high_k=-4,,,-4.0,reference_fold_pretrend,-0.13713565614909748,-0.1270208620939714,0.17182547249540314,-0.48384459179621575,-0.42641726673969155,0.1407181035529751,0.1797156069730948,0.20733333333333334,0.4146666666666667,0.4146666666666667,-0.30000000000000004,correction_completion,PT_violation_g10,1,200,139,852780563,reference_fold_convolution_rf,,,,
PRE_SUB,X2=high_k=-3,,,-3.0,reference_fold_pretrend,-0.013752075993849982,-0.0075139034528114235,0.16216893702878057,-0.3555131058544296,-0.2865878525146418,0.2551195393273125,0.29383375499723574,0.4846666666666667,0.9693333333333334,0.9693333333333334,-0.2,correction_completion,PT_violation_g10,1,200,139,852780563,reference_fold_convolution_rf,,,,
PRE_SUB,X2=high_k=-2,,,-2.0,reference_fold_pretrend,-0.0969992023202393,-0.07598883293764991,0.1371544378877615,-0.413707535845834,-0.34974916972287334,0.09568864341883886,0.13957496235675226,0.31866666666666665,0.6373333333333333,0.6373333333333333,-0.1,correction_completion,PT_violation_g10,1,200,139,852780563,reference_fold_convolution_rf,,,,
PRE_SUBC,X1_k=-4,,,-4.0,reference_fold_pretrend,-0.02966903966587274,-0.003276869209397862,0.08535545261755374,-0.2983363111206458,-0.23091939292545094,0.030327140661416913,0.04717976847710785,0.4266666666666667,0.8533333333333334,0.8533333333333334,-8.326672684688674e-17,correction_completion,PT_violation_g10,1,200,139,852780563,reference_fold_convolution_rf,,,,
PRE_SUBC,X1_k=-3,,,-3.0,reference_fold_pretrend,-0.03765930322954614,-0.010861986487029476,0.08160025642514193,-0.30734267594294495,-0.235817861919341,0.014211402246634171,0.02773562658354018,0.238,0.476,0.476,-5.551115123125783e-17,correction_completion,PT_violation_g10,1,200,139,852780563,reference_fold_convolution_rf,,,,
PRE_SUBC,X1_k=-2,,,-2.0,reference_fold_pretrend,-0.02616162048408311,-0.00277423523828213,0.07412482796394783,-0.27359297270743915,-0.21582007264139572,0.015256130809697833,0.019202673463372705,0.432,0.864,0.864,-2.7755575615628914e-17,correction_completion,PT_violation_g10,1,200,139,852780563,reference_fold_convolution_rf,,,,
PRE_SUBC,X1_slope,,,,reference_fold_pretrend,0.013606238995770976,0.0023093802055415722,0.034286794783584304,-0.015291970913131225,-0.00889968252921187,0.0976252838577003,0.12170281789663913,0.346,0.692,0.692,2.7755575615628914e-17,correction_completion,PT_violation_g10,1,200,139,852780563,reference_fold_convolution_rf,,,,
PRE_SUBC,X2_k=-4,,,-4.0,reference_fold_pretrend,-0.02230586023432404,-0.009978694324498008,0.09653442149437731,-0.29142050069861786,-0.190084433929171,0.10302416611261263,0.12491603263669969,0.45266666666666666,0.9053333333333333,0.9053333333333333,-0.0,correction_completion,PT_violation_g10,1,200,139,852780563,reference_fold_convolution_rf,,,,
PRE_SUBC,X2_k=-3,,,-3.0,reference_fold_pretrend,0.022405026860122523,0.03202527950086905,0.09065148825040113,-0.23360585705784137,-0.13361913388939184,0.14039748647824074,0.16127285555350682,0.32,0.64,0.64,-0.0,correction_completion,PT_violation_g10,1,200,139,852780563,reference_fold_convolution_rf,,,,
PRE_SUBC,X2_k=-2,,,-2.0,reference_fold_pretrend,-0.0015571837327440345,0.0,0.07428925695198312,-0.1856895749917422,-0.11692108963241825,0.09253360712128673,0.1081959998627919,0.526,1.0,1.0,-0.0,correction_completion,PT_violation_g10,1,200,139,852780563,reference_fold_convolution_rf,,,,
PRE_SUBC,X2_slope,,,,reference_fold_pretrend,0.001690336479676508,-0.003645084321782511,0.03626981298898805,-0.050097021510365165,-0.04280833174435057,0.06767384220523255,0.09972025808065108,0.454,0.908,0.908,0.0,correction_completion,PT_violation_g10,1,200,139,852780563,reference_fold_convolution_rf,,,,
PRE,k=-4,,,-4.0,pretrend,-0.7652700572931241,-0.7623097995953569,0.19426135816283227,-1.1603164334640645,-1.0947393283700577,-0.45833920914305165,-0.39733641305816403,0.0,0.0,0.0,-0.6000000000000001,correction_completion,PT_violation_g20,1,200,123,194246084,raw_structured,,,,
PRE,k=-3,,,-3.0,pretrend,-0.6688568795209032,-0.6673969889588933,0.18554135284813741,-1.032901728857361,-0.9850391733574949,-0.3705760780580617,-0.31637951355828103,0.0,0.0,0.0,-0.4,correction_completion,PT_violation_g20,1,200,123,194246084,raw_structured,,,,
PRE,k=-2,,,-2.0,pretrend,-0.5848956423953839,-0.5834459301644641,0.18225211880582268,-0.9521414006645059,-0.8983753623867182,-0.2916073189530732,-0.23444836334868988,0.0013333333333333333,0.0026666666666666666,0.0026666666666666666,-0.2,correction_completion,PT_violation_g20,1,200,123,194246084,raw_structured,,,,
PRE,slope,,,,pretrend,0.3013156838083259,0.30135614564300167,0.07238287572053437,0.1663416756288998,0.1862782543517807,0.4185834492253335,0.44645625224309277,0.0,0.0,0.0,0.2,correction_completion,PT_violation_g20,1,200,123,194246084,raw_structured,,,,
PRE_SUB,X1=0_k=-4,,,-4.0,pretrend,-0.774539026487489,-0.7691088500116545,0.19935480973650185,-1.1888876312557446,-1.111368784000169,-0.4595183548777832,-0.3976979958793435,0.0,0.0,0.0,-0.5999999999999996,correction_completion,PT_violation_g20,1,200,123,194246084,raw_structured,,,,
PRE_SUB,X1=0_k=-3,,,-3.0,pretrend,-0.6758275836712588,-0.6704104259161421,0.1897146009406662,-1.0538226445137653,-1.0041346842691596,-0.3731621312240368,-0.31843185391199114,0.0,0.0,0.0,-0.3999999999999998,correction_completion,PT_violation_g20,1,200,123,194246084,raw_structured,,,,
PRE_SUB,X1=0_k=-2,,,-2.0,pretrend,-0.5906788898544502,-0.5865213239012855,0.1861031968376082,-0.9715657832935061,-0.9121588967047767,-0.29452949995549443,-0.23767352779743214,0.002,0.004,0.004,-0.1999999999999999,correction_completion,PT_violation_g20,1,200,123,194246084,raw_structured,,,,
PRE_SUB,X1=1_k=-4,,,-4.0,pretrend,-0.7579188058631104,-0.7579360395812054,0.1973928459679853,-1.161969044879904,-1.0885997577825737,-0.4437068148115967,-0.3808846099604461,0.0,0.0,0.0,-0.5999999999999999,correction_completion,PT_violation_g20,1,200,123,194246084,raw_structured,,,,
PRE_SUB,X1=1_k=-3,,,-3.0,pretrend,-0.6633283900223452,-0.662094425537943,0.18788003099157932,-1.0314860024459762,-0.9830461881285748,-0.3588748790184255,-0.3100887555277615,0.0,0.0,0.0,-0.3999999999999999,correction_completion,PT_violation_g20,1,200,123,194246084,raw_structured,,,,
PRE_SUB,X1=1_k=-2,,,-2.0,pretrend,-0.5803089288933659,-0.5791140470297069,0.1834650876223045,-0.9488308806178559,-0.8932214738566304,-0.28426151080442913,-0.2299141442964566,0.002,0.004,0.004,-0.19999999999999996,correction_completion,PT_violation_g20,1,200,123,194246084,raw_structured,,,,
PRE_SUB,X2=low_k=-4,,,-4.0,pretrend,-0.7169438709879453,-0.7201354372493085,0.21356457240339344,-1.1298048312414248,-1.05807373494,-0.3553966148619364,-0.2757231190129383,0.0,0.0,0.0,-0.6000000000000001,correction_completion,PT_violation_g20,1,200,123,194246084,raw_structured,,,,
PRE_SUB,X2=low_k=-3,,,-3.0,pretrend,-0.6213990811694707,-0.6262565385503878,0.20709014459692526,-1.0110024451793156,-0.9443643450520154,-0.2544936883107393,-0.17537334412995464,0.002,0.004,0.004,-0.4000000000000001,correction_completion,PT_violation_g20,1,200,123,194246084,raw_structured,,,,
PRE_SUB,X2=low_k=-2,,,-2.0,pretrend,-0.5404255833772198,-0.5502584825545276,0.20211516781705832,-0.9323623492456896,-0.8644352415166077,-0.18867991236180962,-0.11567932789591083,0.007333333333333333,0.014666666666666666,0.014666666666666666,-0.20000000000000004,correction_completion,PT_violation_g20,1,200,123,194246084,raw_structured,,,,
PRE_SUB,X2=high_k=-4,,,-4.0,pretrend,-0.7922724433106262,-0.7834943269976073,0.20581194966004698,-1.2179627568578608,-1.1427971865526902,-0.4711326891909188,-0.40787923592280223,0.0,0.0,0.0,-0.6000000000000001,correction_completion,PT_violation_g20,1,200,123,194246084,raw_structured,,,,
PRE_SUB,X2=high_k=-3,,,-3.0,pretrend,-0.6954550336196662,-0.692531481177971,0.1963479388156137,-1.107188101384002,-1.0309270240145305,-0.379607068773041,-0.32066927128730643,0.0,0.0,0.0,-0.4000000000000001,correction_completion,PT_violation_g20,1,200,123,194246084,raw_structured,,,,
PRE_SUB,X2=high_k=-2,,,-2.0,pretrend,-0.6098088696288512,-0.6028035868904724,0.19324908339522287,-1.0174053492817006,-0.9457014592049628,-0.3003776146816693,-0.24079914787844767,0.0013333333333333333,0.0026666666666666666,0.0026666666666666666,-0.20000000000000004,correction_completion,PT_violation_g20,1,200,123,194246084,raw_structured,,,,
PRE_SUBC,X1_k=-4,,,-4.0,pretrend,0.01662022062437863,2.220446049250313e-16,0.07979847778823959,-0.006244047056155149,-0.0005838056682022141,0.11326386204054971,0.2538821037611261,0.43866666666666665,0.8773333333333333,0.8773333333333333,-1.6653345369377348e-16,correction_completion,PT_violation_g20,1,200,123,194246084,raw_structured,,,,
PRE_SUBC,X1_k=-3,,,-3.0,pretrend,0.012499193648913642,1.6653345369377348e-16,0.06915569672388039,-0.00289105922661583,-0.0005116347982250802,0.07093904029350821,0.1653255957060055,0.45266666666666666,0.9053333333333333,0.9053333333333333,-1.1102230246251565e-16,correction_completion,PT_violation_g20,1,200,123,194246084,raw_structured,,,,
PRE_SUBC,X1_k=-2,,,-2.0,pretrend,0.010369960961084258,1.1102230246251565e-16,0.05955303276544275,-0.0010821521122468729,-0.0003786341101691737,0.04734569065120565,0.13246276460230325,0.4646666666666667,0.9293333333333333,0.9293333333333333,-5.551115123125783e-17,correction_completion,PT_violation_g20,1,200,123,194246084,raw_structured,,,,
PRE_SUBC,X1_slope,,,,pretrend,-0.006087786438003387,-9.516197353929913e-17,0.029803802856842206,-0.08277596382713638,-0.0440760941774246,0.0002502024292294549,0.0018293211693223691,0.42333333333333334,0.8466666666666667,0.8466666666666667,5.551115123125783e-17,correction_completion,PT_violation_g20,1,200,123,194246084,raw_structured,,,,
PRE_SUBC,X2_k=-4,,,-4.0,pretrend,-0.0753285723226809,-2.220446049250313e-16,0.15768909635514744,-0.5636920788971983,-0.47944694145288297,1.1102230246251565e-15,1.7236212457305404e-15,0.3933333333333333,0.7866666666666666,0.7866666666666666,-0.0,correction_completion,PT_violation_g20,1,200,123,194246084,raw_structured,,,,
PRE_SUBC,X2_k=-3,,,-3.0,pretrend,-0.07405595245019561,-2.220446049250313e-16,0.15666900512400114,-0.5615840863010516,-0.47084333394551076,9.992007221626409e-16,1.6125989432680247e-15,0.4046666666666667,0.8093333333333333,0.8093333333333333,-0.0,correction_completion,PT_violation_g20,1,200,123,194246084,raw_structured,,,,
PRE_SUBC,X2_k=-2,,,-2.0,pretrend,-0.06938328625163145,-2.220446049250313e-16,0.15301477918876893,-0.5555898619201824,-0.46687950859299693,8.909539772616856e-16,1.2212453270876722e-15,0.41933333333333334,0.8386666666666667,0.8386666666666667,-0.0,correction_completion,PT_violation_g20,1,200,123,194246084,raw_structured,,,,
PRE_SUBC,X2_slope,,,,pretrend,0.03167720772286182,1.1102230246251565e-16,0.06672500814010768,-7.141113097678239e-16,-4.202987164652378e-16,0.20086995784575018,0.2406788941290219,0.36933333333333335,0.7386666666666667,0.7386666666666667,0.0,correction_completion,PT_violation_g20,1,200,123,194246084,raw_structured,,,,
PRE,k=-4,,,-4.0,reference_fold_pretrend,-0.8036438450577422,-0.8030851769037226,0.18839679381166913,-1.1706171007506356,-1.1142562944688343,-0.4923782144345375,-0.44876180365024426,0.0,0.0,0.0,-0.6000000000000001,correction_completion,PT_violation_g20,1,200,123,194246084,reference_fold_convolution_rf,,,,
PRE,k=-3,,,-3.0,reference_fold_pretrend,-0.6786357227241231,-0.6804662871617237,0.17619431901318305,-1.0147780644961333,-0.9665139938479838,-0.38481339514943286,-0.3338275515160595,0.0,0.0,0.0,-0.4,correction_completion,PT_violation_g20,1,200,123,194246084,reference_fold_convolution_rf,,,,
PRE,k=-2,,,-2.0,reference_fold_pretrend,-0.5616868767231161,-0.5631202974310107,0.1819674544237032,-0.9176349967994459,-0.857834205184775,-0.25429992445313515,-0.20578445098685438,0.0013333333333333333,0.0026666666666666666,0.0026666666666666666,-0.2,correction_completion,PT_violation_g20,1,200,123,194246084,reference_fold_convolution_rf,,,,
PRE,slope,,,,reference_fold_pretrend,0.30927784695318494,0.3088778234094187,0.06976581040500171,0.17697356465659994,0.1909578918086262,0.424422073764449,0.44343230815734447,0.0,0.0,0.0,0.2,correction_completion,PT_violation_g20,1,200,123,194246084,reference_fold_convolution_rf,,,,
PRE_SUB,X1=0_k=-4,,,-4.0,reference_fold_pretrend,-0.8111716786346075,-0.8104451499403031,0.1889762141459697,-1.1806755772969328,-1.125310658670951,-0.5003460418492867,-0.45306081777608037,0.0,0.0,0.0,-0.5999999999999996,correction_completion,PT_violation_g20,1,200,123,194246084,reference_fold_convolution_rf,,,,
PRE_SUB,X1=0_k=-3,,,-3.0,reference_fold_pretrend,-0.6893277075380233,-0.6892483432864431,0.1773004987031269,-1.0292241974244485,-0.977425069758633,-0.3940093498431676,-0.3362467226340848,0.0,0.0,0.0,-0.3999999999999998,correction_completion,PT_violation_g20,1,200,123,194246084,reference_fold_convolution_rf,,,,
PRE_SUB,X1=0_k=-2,,,-2.0,reference_fold_pretrend,-0.5675500732823399,-0.5662240695866043,0.18258347651824094,-0.9174939806824155,-0.8646251041890594,-0.2576163298919768,-0.2104319464130073,0.0006666666666666666,0.0013333333333333333,0.0013333333333333333,-0.1999999999999999,correction_completion,PT_violation_g20,1,200,123,194246084,reference_fold_convolution_rf,,,,
PRE_SUB,X1=1_k=-4,,,-4.0,reference_fold_pretrend,-0.7976734942898835,-0.7967893524060219,0.19130468223194932,-1.1670377516004293,-1.1167928673411016,-0.48346563933152514,-0.4319945194461448,0.0,0.0,0.0,-0.5999999999999999,correction_completion,PT_violation_g20,1,200,123,194246084,reference_fold_convolution_rf,,,,
PRE_SUB,X1=1_k=-3,,,-3.0,reference_fold_pretrend,-0.6701558726993058,-0.6721448888640644,0.17851519233297494,-1.0174173285745838,-0.9640281722926766,-0.3745580767481145,-0.32666356559761556,0.0,0.0,0.0,-0.3999999999999999,correction_completion,PT_violation_g20,1,200,123,194246084,reference_fold_convolution_rf,,,,
PRE_SUB,X1=1_k=-2,,,-2.0,reference_fold_pretrend,-0.5570367553140765,-0.5604169545298194,0.1838503918637164,-0.9162187375877118,-0.8568594943043745,-0.250640216047913,-0.19582078896180127,0.0013333333333333333,0.0026666666666666666,0.0026666666666666666,-0.19999999999999996,correction_completion,PT_violation_g20,1,200,123,194246084,reference_fold_convolution_rf,,,,
PRE_SUB,X2=low_k=-4,,,-4.0,reference_fold_pretrend,-0.7850550878086027,-0.7881208551019654,0.20034867563201433,-1.153924513031018,-1.1144636697346924,-0.4552399896292076,-0.3864881909367702,0.0,0.0,0.0,-0.6000000000000001,correction_completion,PT_violation_g20,1,200,123,194246084,reference_fold_convolution_rf,,,,
PRE_SUB,X2=low_k=-3,,,-3.0,reference_fold_pretrend,-0.6709561377927671,-0.6714764190179081,0.18947259258148166,-1.0302770796416172,-0.9771623460174811,-0.34770489843140945,-0.29872872550277974,0.0,0.0,0.0,-0.4000000000000001,correction_completion,PT_violation_g20,1,200,123,194246084,reference_fold_convolution_rf,,,,
PRE_SUB,X2=low_k=-2,,,-2.0,reference_fold_pretrend,-0.5423338490512696,-0.5430703391546339,0.19423952691065635,-0.9221325498308378,-0.8683398773565725,-0.23260078228537356,-0.15978516418983285,0.0026666666666666666,0.005333333333333333,0.005333333333333333,-0.20000000000000004,correction_completion,PT_violation_g20,1,200,123,194246084,reference_fold_convolution_rf,,,,
PRE_SUB,X2=high_k=-4,,,-4.0,reference_fold_pretrend,-0.8122979702192861,-0.8130061433370767,0.1943609243703782,-1.1846324296578195,-1.130057852013736,-0.49260663755843764,-0.43667562785560704,0.0,0.0,0.0,-0.6000000000000001,correction_completion,PT_violation_g20,1,200,123,194246084,reference_fold_convolution_rf,,,,
PRE_SUB,X2=high_k=-3,,,-3.0,reference_fold_pretrend,-0.6790996824745597,-0.6832461557823806,0.18122204223776278,-1.0150880543678473,-0.9686438020482796,-0.3749440844574462,-0.32340718157265924,0.0,0.0,0.0,-0.4000000000000001,correction_completion,PT_violation_g20,1,200,123,194246084,reference_fold_convolution_rf,,,,
PRE_SUB,X2=high_k=-2,,,-2.0,reference_fold_pretrend,-0.5711959840502673,-0.5773438684068399,0.1864195053261409,-0.9282012957300626,-0.8752535885506101,-0.2550985801138421,-0.2070090789894004,0.0006666666666666666,0.0013333333333333333,0.0013333333333333333,-0.20000000000000004,correction_completion,PT_violation_g20,1,200,123,194246084,reference_fold_convolution_rf,,,,
PRE_SUBC,X1_k=-4,,,-4.0,reference_fold_pretrend,0.01349818434472399,0.014392185048747008,0.05374354404466964,-0.10697762861461776,-0.038914279061390375,0.07848009783638135,0.11860025258392705,0.2926666666666667,0.5853333333333334,0.5853333333333334,-1.6653345369377348e-16,correction_completion,PT_violation_g20,1,200,123,194246084,reference_fold_convolution_rf,,,,
PRE_SUBC,X1_k=-3,,,-3.0,reference_fold_pretrend,0.019171834838717632,0.01979865541766379,0.05061999531961416,-0.09361140894704814,-0.028757794402356283,0.07631009314952832,0.10653868067282475,0.19533333333333333,0.39066666666666666,0.39066666666666666,-1.1102230246251565e-16,correction_completion,PT_violation_g20,1,200,123,194246084,reference_fold_convolution_rf,,,,
PRE_SUBC,X1_k=-2,,,-2.0,reference_fold_pretrend,0.01051331796826342,0.011128638535335328,0.0442718212637554,-0.05670209377724656,-0.03171492073426786,0.06496052320237752,0.0887800128641345,0.32133333333333336,0.6426666666666667,0.6426666666666667,-5.551115123125783e-17,correction_completion,PT_violation_g20,1,200,123,194246084,reference_fold_convolution_rf,,,,
PRE_SUBC,X1_slope,,,,reference_fold_pretrend,-0.006382252905705047,-0.006706175906576402,0.020864055624709398,-0.04488744444700199,-0.03257745173506203,0.01305121310343976,0.041369907170681786,0.25,0.5,0.5,5.551115123125783e-17,correction_completion,PT_violation_g20,1,200,123,194246084,reference_fold_convolution_rf,,,,
PRE_SUBC,X2_k=-4,,,-4.0,reference_fold_pretrend,-0.027242882410683268,-0.0013072500328179526,0.11362337219290802,-0.338158621015027,-0.27281781420897017,0.10633690278962907,0.12506039273978892,0.49266666666666664,0.9853333333333333,0.9853333333333333,-0.0,correction_completion,PT_violation_g20,1,200,123,194246084,reference_fold_convolution_rf,,,,
PRE_SUBC,X2_k=-3,,,-3.0,reference_fold_pretrend,-0.008143544681792627,0.01814911822804266,0.1108054968903816,-0.3117301125377644,-0.24651064271425704,0.11483227553603523,0.13585968126521933,0.4093333333333333,0.8186666666666667,0.8186666666666667,-0.0,correction_completion,PT_violation_g20,1,200,123,194246084,reference_fold_convolution_rf,,,,
PRE_SUBC,X2_k=-2,,,-2.0,reference_fold_pretrend,-0.028862134998997695,-0.0039045743479988737,0.10785806889464335,-0.34192520084707767,-0.2607469540363419,0.08960818420408714,0.10805820515529777,0.478,0.956,0.956,-0.0,correction_completion,PT_violation_g20,1,200,123,194246084,reference_fold_convolution_rf,,,,
PRE_SUBC,X2_slope,,,,reference_fold_pretrend,0.00906270511390234,-0.002910120205616381,0.046581451709546556,-0.04827206003576141,-0.04172801867393252,0.1104716020400475,0.13699183777523036,0.4653333333333333,0.9306666666666666,0.9306666666666666,0.0,correction_completion,PT_violation_g20,1,200,123,194246084,reference_fold_convolution_rf,,,,
PRE,k=-4,,,-4.0,pretrend,-1.1163219028666023,-1.1201011116582875,0.20021601514802875,-1.4868093944152,-1.4407247223905022,-0.7796179532931728,-0.717885715124274,0.0,0.0,0.0,-1.2,correction_completion,PT_violation_g40,1,200,107,795536958,raw_structured,,,,
PRE,k=-3,,,-3.0,pretrend,-0.5744616148898259,-0.5665466168945432,0.20509038852933775,-0.9678284256259273,-0.9087100863558295,-0.246741474991768,-0.1746065051757929,0.0033333333333333335,0.006666666666666667,0.006666666666666667,-0.7999999999999999,correction_completion,PT_violation_g40,1,200,107,795536958,raw_structured,,,,
PRE,k=-2,,,-2.0,pretrend,-0.42501553997294256,-0.4397689392817744,0.21036325829195557,-0.8279332740754591,-0.7598300480943456,0.0,0.0,0.062,0.124,0.124,-0.39999999999999997,correction_completion,PT_violation_g40,1,200,107,795536958,raw_structured,,,,
PRE,slope,,,,pretrend,0.35163603416802863,0.35327268019366737,0.07486922286634083,0.20626345522951284,0.22682706634024005,0.47295429979944514,0.49600362695053185,0.0,0.0,0.0,0.39999999999999997,correction_completion,PT_violation_g40,1,200,107,795536958,raw_structured,,,,
PRE_SUB,X1=0_k=-4,,,-4.0,pretrend,-1.1187667384052336,-1.12200091732943,0.20098993926716988,-1.4896374257467844,-1.4436203392504587,-0.7817354171344315,-0.7185085351626558,0.0,0.0,0.0,-1.2,correction_completion,PT_violation_g40,1,200,107,795536958,raw_structured,,,,
PRE_SUB,X1=0_k=-3,,,-3.0,pretrend,-0.5755887120005154,-0.5687835038732889,0.2068600137638026,-0.9747377530673689,-0.9120682924178481,-0.24279670074412493,-0.1724105445048102,0.0033333333333333335,0.006666666666666667,0.006666666666666667,-0.7999999999999999,correction_completion,PT_violation_g40,1,200,107,795536958,raw_structured,,,,
PRE_SUB,X1=0_k=-2,,,-2.0,pretrend,-0.4240045380736831,-0.4387191606245504,0.2109441662824409,-0.8272654331431434,-0.7598300480943458,0.0,0.0,0.06266666666666666,0.12533333333333332,0.12533333333333332,-0.39999999999999997,correction_completion,PT_violation_g40,1,200,107,795536958,raw_structured,,,,
PRE_SUB,X1=1_k=-4,,,-4.0,pretrend,-1.112899133112518,-1.1188221013932127,0.2051863886575521,-1.4868093944151985,-1.4407247223905026,-0.7607025263043545,-0.6969825586404598,0.0,0.0,0.0,-1.2000000000000002,correction_completion,PT_violation_g40,1,200,107,795536958,raw_structured,,,,
PRE_SUB,X1=1_k=-3,,,-3.0,pretrend,-0.5728836789348606,-0.5663434660389091,0.20686389393400448,-0.9670186621313515,-0.9092245526580544,-0.24367630147617997,-0.1746065051757927,0.004666666666666667,0.009333333333333334,0.009333333333333334,-0.8,correction_completion,PT_violation_g40,1,200,107,795536958,raw_structured,,,,
PRE_SUB,X1=1_k=-2,,,-2.0,pretrend,-0.42643094263190606,-0.43976893928177485,0.21096115776035965,-0.828627926970689,-0.760182665715353,0.0,0.0,0.062,0.124,0.124,-0.4,correction_completion,PT_violation_g40,1,200,107,795536958,raw_structured,,,,
PRE_SUB,X2=low_k=-4,,,-4.0,pretrend,-1.1088441098796717,-1.1122788499735552,0.20393109513075378,-1.4868093944151985,-1.442786722534907,-0.7607025263043542,-0.6889101411892334,0.0,0.0,0.0,-1.2000000000000002,correction_completion,PT_violation_g40,1,200,107,795536958,raw_structured,,,,
PRE_SUB,X2=low_k=-3,,,-3.0,pretrend,-0.5670777053765884,-0.5622526172561406,0.20870581879125655,-0.9670186621313512,-0.9087100863558312,-0.22982094241474507,-0.15283095069700423,0.004,0.008,0.008,-0.8,correction_completion,PT_violation_g40,1,200,107,795536958,raw_structured,,,,
PRE_SUB,X2=low_k=-2,,,-2.0,pretrend,-0.41878067830780463,-0.43250284514491943,0.2128172385175198,-0.8183703122021894,-0.7573553732696379,0.0,0.0,0.066,0.132,0.132,-0.4,correction_completion,PT_violation_g40,1,200,107,795536958,raw_structured,,,,
PRE_SUB,X2=high_k=-4,,,-4.0,pretrend,-1.124458895792809,-1.1262129433644623,0.20560508062711236,-1.501052737548484,-1.45343361923612,-0.7795464649723042,-0.7167316654485484,0.0,0.0,0.0,-1.2000000000000002,correction_completion,PT_violation_g40,1,200,107,795536958,raw_structured,,,,
PRE_SUB,X2=high_k=-3,,,-3.0,pretrend,-0.581910431428219,-0.572313057837881,0.20954115523287545,-1.007222603983363,-0.9275383287067783,-0.2509738365675253,-0.174606505175793,0.0033333333333333335,0.006666666666666667,0.006666666666666667,-0.8,correction_completion,PT_violation_g40,1,200,107,795536958,raw_structured,,,,
PRE_SUB,X2=high_k=-2,,,-2.0,pretrend,-0.43108895402404407,-0.44199098805897097,0.21434859179014915,-0.844302173845554,-0.7745426900980642,0.0,0.0,0.062,0.124,0.124,-0.4,correction_completion,PT_violation_g40,1,200,107,795536958,raw_structured,,,,
PRE_SUBC,X1_k=-4,,,-4.0,pretrend,0.005867605292715293,0.0,0.06480351206598033,-0.047538741734509365,-0.02213211091721419,0.013366269586297115,0.15029287801852492,0.5606666666666666,1.0,1.0,-1.6653345369377348e-16,correction_completion,PT_violation_g40,1,200,107,795536958,raw_structured,,,,
PRE_SUBC,X1_k=-3,,,-3.0,pretrend,0.0027050330656549527,0.0,0.05479103322732316,-0.0452711642022223,-0.014080949255944301,1.5543122344752192e-15,0.03207693223370646,0.5206666666666667,1.0,1.0,-1.1102230246251565e-16,correction_completion,PT_violation_g40,1,200,107,795536958,raw_structured,,,,
PRE_SUBC,X1_k=-2,,,-2.0,pretrend,-0.002426404558223011,0.0,0.03192527436348259,-0.04113360872466052,-1.887379141862766e-15,9.305056725139587e-16,1.250388681484075e-15,0.5393333333333333,1.0,1.0,-5.551115123125783e-17,correction_completion,PT_violation_g40,1,200,107,795536958,raw_structured,,,,
PRE_SUBC,X1_slope,,,,pretrend,-0.0014704626750880552,1.982541115402065e-18,0.022078760783152473,-0.0418222642886637,-0.004496286182014976,0.008251950685514209,0.019430179335504467,0.498,0.996,0.996,5.551115123125783e-17,correction_completion,PT_violation_g40,1,200,107,795536958,raw_structured,,,,
PRE_SUBC,X2_k=-4,,,-4.0,pretrend,-0.015614785913137304,0.0,0.0842595246232937,-0.2919085361131552,-0.0960463640344409,0.003690952401445658,0.023970124046217005,0.5593333333333333,1.0,1.0,-0.0,correction_completion,PT_violation_g40,1,200,107,795536958,raw_structured,,,,
PRE_SUBC,X2_k=-3,,,-3.0,pretrend,-0.014832726051630624,0.0,0.07965961766305771,-0.2607652101737322,-0.041423381156066356,1.1102230246251565e-15,0.006396382600544229,0.514,1.0,1.0,-0.0,correction_completion,PT_violation_g40,1,200,107,795536958,raw_structured,,,,
PRE_SUBC,X2_k=-2,,,-2.0,pretrend,-0.012308275716239424,0.0,0.07252326403744312,-0.2353301626609174,-1.811313809907297e-05,7.216449660063518e-16,9.992007221626409e-16,0.516,1.0,1.0,-0.0,correction_completion,PT_violation_g40,1,200,107,795536958,raw_structured,,,,
PRE_SUBC,X2_slope,,,,pretrend,0.0063441489684937565,1.1895246692412391e-17,0.03372372874326054,-0.007494255018244532,-0.0012796860617868176,0.03311798230094678,0.10993444799726043,0.48533333333333334,0.9706666666666667,0.9706666666666667,0.0,correction_completion,PT_violation_g40,1,200,107,795536958,raw_structured,,,,
PRE,k=-4,,,-4.0,reference_fold_pretrend,-1.1158439923411754,-1.1044324544814104,0.1933314522941976,-1.5054144079950005,-1.4396327562570115,-0.8049448244483001,-0.7497441433204814,0.0,0.0,0.0,-1.2,correction_completion,PT_violation_g40,1,200,107,795536958,reference_fold_convolution_rf,,,,
PRE,k=-3,,,-3.0,reference_fold_pretrend,-0.6416302398262373,-0.6464502307035109,0.1721460459539228,-0.9788496077313945,-0.9219845532356853,-0.3569653384606949,-0.3015299413690776,0.0,0.0,0.0,-0.7999999999999999,correction_completion,PT_violation_g40,1,200,107,795536958,reference_fold_convolution_rf,,,,
PRE,k=-2,,,-2.0,reference_fold_pretrend,-0.4564933164743113,-0.45700913863810966,0.17330031226535877,-0.7952763215906814,-0.7370043350384416,-0.17459793473164734,-0.11053809467903612,0.006666666666666667,0.013333333333333334,0.013333333333333334,-0.39999999999999997,correction_completion,PT_violation_g40,1,200,107,795536958,reference_fold_convolution_rf,,,,
PRE,slope,,,,reference_fold_pretrend,0.36337755522502235,0.36235571878257017,0.06698631326392172,0.2379431489673864,0.25212520042289926,0.47675501390447983,0.4979778908676618,0.0,0.0,0.0,0.39999999999999997,correction_completion,PT_violation_g40,1,200,107,795536958,reference_fold_convolution_rf,,,,
PRE_SUB,X1=0_k=-4,,,-4.0,reference_fold_pretrend,-1.1107018421755404,-1.0992810457291171,0.1945969190275679,-1.5059110968274043,-1.4438898207561999,-0.7990496784300697,-0.7445696654725146,0.0,0.0,0.0,-1.2,correction_completion,PT_violation_g40,1,200,107,795536958,reference_fold_convolution_rf,,,,
PRE_SUB,X1=0_k=-3,,,-3.0,reference_fold_pretrend,-0.6320571477237399,-0.634383240101942,0.17340927326429847,-0.9734350093345144,-0.9114188518769928,-0.34155902108891034,-0.28760688085124364,0.0,0.0,0.0,-0.7999999999999999,correction_completion,PT_violation_g40,1,200,107,795536958,reference_fold_convolution_rf,,,,
PRE_SUB,X1=0_k=-2,,,-2.0,reference_fold_pretrend,-0.4474440548937976,-0.44738409720469785,0.17380526753293898,-0.7832578331897645,-0.7319505563235055,-0.15866211618118659,-0.09837122026648538,0.006666666666666667,0.013333333333333334,0.013333333333333334,-0.39999999999999997,correction_completion,PT_violation_g40,1,200,107,795536958,reference_fold_convolution_rf,,,,
PRE_SUB,X1=1_k=-4,,,-4.0,reference_fold_pretrend,-1.1230430025730642,-1.1119774377723046,0.19948574242759845,-1.5451200869520942,-1.4591295447694714,-0.8052501685206823,-0.7442690399417805,0.0,0.0,0.0,-1.2000000000000002,correction_completion,PT_violation_g40,1,200,107,795536958,reference_fold_convolution_rf,,,,
PRE_SUB,X1=1_k=-3,,,-3.0,reference_fold_pretrend,-0.6550325687697339,-0.6587459054252429,0.178086284301516,-1.0126084831327122,-0.949801685887558,-0.36427532221498077,-0.3059395727190893,0.0,0.0,0.0,-0.8,correction_completion,PT_violation_g40,1,200,107,795536958,reference_fold_convolution_rf,,,,
PRE_SUB,X1=1_k=-2,,,-2.0,reference_fold_pretrend,-0.4691622826870304,-0.46797179672293093,0.1780377659493676,-0.8185477667651773,-0.761892110447149,-0.1873613029002418,-0.11205855681267692,0.006666666666666667,0.013333333333333334,0.013333333333333334,-0.4,correction_completion,PT_violation_g40,1,200,107,795536958,reference_fold_convolution_rf,,,,
PRE_SUB,X2=low_k=-4,,,-4.0,reference_fold_pretrend,-1.1030119646247767,-1.101385497954929,0.20750863666779507,-1.5093565317162243,-1.4473718736035661,-0.7603217793453291,-0.6955206341564141,0.0,0.0,0.0,-1.2000000000000002,correction_completion,PT_violation_g40,1,200,107,795536958,reference_fold_convolution_rf,,,,
PRE_SUB,X2=low_k=-3,,,-3.0,reference_fold_pretrend,-0.5996038178741546,-0.6001638878356974,0.18677306494951104,-0.9519206451428448,-0.9033130098992042,-0.2919137033594548,-0.2531742488676996,0.0006666666666666666,0.0013333333333333333,0.0013333333333333333,-0.8,correction_completion,PT_violation_g40,1,200,107,795536958,reference_fold_convolution_rf,,,,
PRE_SUB,X2=low_k=-2,,,-2.0,reference_fold_pretrend,-0.41806999944935636,-0.4134432772549391,0.18011834539155072,-0.7710552491586463,-0.7173293178735513,-0.1250586671210314,-0.07429373380806664,0.014,0.028,0.028,-0.4,correction_completion,PT_violation_g40,1,200,107,795536958,reference_fold_convolution_rf,,,,
PRE_SUB,X2=high_k=-4,,,-4.0,reference_fold_pretrend,-1.126257761033857,-1.1148826767921163,0.20476059552746062,-1.550754104908591,-1.480637695593072,-0.8060456085339216,-0.7346959225504045,0.0,0.0,0.0,-1.2000000000000002,correction_completion,PT_violation_g40,1,200,107,795536958,reference_fold_convolution_rf,,,,
PRE_SUB,X2=high_k=-3,,,-3.0,reference_fold_pretrend,-0.672540066356645,-0.6732398020560357,0.1853325854977711,-1.058741505221357,-0.9890120184420161,-0.37812412397723943,-0.31686230799829407,0.0,0.0,0.0,-0.8,correction_completion,PT_violation_g40,1,200,107,795536958,reference_fold_convolution_rf,,,,
PRE_SUB,X2=high_k=-2,,,-2.0,reference_fold_pretrend,-0.48276318178492034,-0.48726644693178833,0.1806890548562929,-0.8481909076774304,-0.7789267417920989,-0.195879691270372,-0.11508520438151616,0.006666666666666667,0.013333333333333334,0.013333333333333334,-0.4,correction_completion,PT_violation_g40,1,200,107,795536958,reference_fold_convolution_rf,,,,
PRE_SUBC,X1_k=-4,,,-4.0,reference_fold_pretrend,-0.012341160397523884,0.004565968825495592,0.07295539475691447,-0.2009655540527572,-0.129473551928391,0.035537551232529364,0.10558162366337406,0.40066666666666667,0.8013333333333333,0.8013333333333333,-1.6653345369377348e-16,correction_completion,PT_violation_g40,1,200,107,795536958,reference_fold_convolution_rf,,,,
PRE_SUBC,X1_k=-3,,,-3.0,reference_fold_pretrend,-0.022975421045994152,-0.005516385964896564,0.06792749582343723,-0.21428795757445662,-0.12357220652783825,0.015870448187336697,0.040524592666986,0.33466666666666667,0.6693333333333333,0.6693333333333333,-1.1102230246251565e-16,correction_completion,PT_violation_g40,1,200,107,795536958,reference_fold_convolution_rf,,,,
PRE_SUBC,X1_k=-2,,,-2.0,reference_fold_pretrend,-0.021718227793232736,-0.008589111708769775,0.05721882477846635,-0.20791877193694155,-0.11078581666694365,0.009376257988569793,0.013243361320901917,0.21,0.42,0.42,-5.551115123125783e-17,correction_completion,PT_violation_g40,1,200,107,795536958,reference_fold_convolution_rf,,,,
PRE_SUBC,X1_slope,,,,reference_fold_pretrend,0.007478039362699479,0.00039024113473022453,0.02823774991011792,-0.032469952436535755,-0.009760933641605175,0.04819803346645753,0.08546197205393097,0.4673333333333333,0.9346666666666666,0.9346666666666666,5.551115123125783e-17,correction_completion,PT_violation_g40,1,200,107,795536958,reference_fold_convolution_rf,,,,
PRE_SUBC,X2_k=-4,,,-4.0,reference_fold_pretrend,-0.0232457964090805,0.021294156390011088,0.14268087157189452,-0.39586719070094645,-0.34407726540864053,0.11798484786491377,0.13675994025936178,0.39,0.78,0.78,-0.0,correction_completion,PT_violation_g40,1,200,107,795536958,reference_fold_convolution_rf,,,,
PRE_SUBC,X2_k=-3,,,-3.0,reference_fold_pretrend,-0.07293624848249047,-0.027678370348750925,0.14057992227157723,-0.4472047121570855,-0.40195284055519126,0.06522076040096116,0.07876898669035545,0.32133333333333336,0.6426666666666667,0.6426666666666667,-0.0,correction_completion,PT_violation_g40,1,200,107,795536958,reference_fold_convolution_rf,,,,
PRE_SUBC,X2_k=-2,,,-2.0,reference_fold_pretrend,-0.06469318233556397,-0.04298629939818818,0.10340718996076044,-0.4094001469167959,-0.31358862629893564,0.04201455939652457,0.05739386631856696,0.20133333333333334,0.4026666666666667,0.4026666666666667,-0.0,correction_completion,PT_violation_g40,1,200,107,795536958,reference_fold_convolution_rf,,,,
PRE_SUBC,X2_slope,,,,reference_fold_pretrend,0.020021647751984745,0.0020707923730365263,0.055011762173593,-0.03948466503894695,-0.03437796983351957,0.14597554190268486,0.1656485758274482,0.462,0.924,0.924,0.0,correction_completion,PT_violation_g40,1,200,107,795536958,reference_fold_convolution_rf,,,,
PRE,k=-4,,,-4.0,pretrend,-0.31513299393372896,-0.31175321062655037,0.20157405657699826,-0.7319804092573364,-0.6536302448402354,0.0,0.057399538980812376,0.06866666666666667,0.13733333333333334,0.13733333333333334,-0.032727272727272716,correction_completion,PT_violation_het10,1,200,91,1545397471,raw_structured,,,,
PRE,k=-3,,,-3.0,pretrend,-0.1907664766956225,-0.19070474972761775,0.18357656189181573,-0.5332406934456019,-0.49008281999053965,0.09436492236302574,0.15426131034242183,0.19666666666666666,0.3933333333333333,0.3933333333333333,-0.021818181818181813,correction_completion,PT_violation_het10,1,200,91,1545397471,raw_structured,,,,
PRE,k=-2,,,-2.0,pretrend,-0.17929362100769314,-0.1703146618684344,0.18378367440830087,-0.5420294577850715,-0.48671411995053004,0.06615927066866807,0.12806597857147958,0.27466666666666667,0.5493333333333333,0.5493333333333333,-0.010909090909090906,correction_completion,PT_violation_het10,1,200,91,1545397471,raw_structured,,,,
PRE,slope,,,,pretrend,0.10758753972858036,0.10615081871840362,0.07305493087176924,-0.026130058307533226,-0.003201480953118736,0.22667639083069072,0.2481886440196279,0.07466666666666667,0.14933333333333335,0.14933333333333335,0.010909090909090906,correction_completion,PT_violation_het10,1,200,91,1545397471,raw_structured,,,,
PRE_SUB,X1=0_k=-4,,,-4.0,pretrend,-0.17849697589163754,-0.18253016800706245,0.22865132921472228,-0.6242474899371212,-0.5524465148616232,0.20014139965908284,0.27004664032543124,0.24133333333333334,0.4826666666666667,0.4826666666666667,0.3,correction_completion,PT_violation_het10,1,200,91,1545397471,raw_structured,,,,
PRE_SUB,X1=0_k=-3,,,-3.0,pretrend,-0.0707519633616081,-0.048997551134929845,0.20393625689171918,-0.47609040927156693,-0.4187712392657523,0.2616341551227731,0.324595641530464,0.426,0.852,0.852,0.19999999999999998,correction_completion,PT_violation_het10,1,200,91,1545397471,raw_structured,,,,
PRE_SUB,X1=0_k=-2,,,-2.0,pretrend,-0.06429451740708458,0.0,0.2014659441855972,-0.47366559190893714,-0.4149855367335814,0.26803565531714396,0.35707169136727307,0.5053333333333333,1.0,1.0,0.09999999999999999,correction_completion,PT_violation_het10,1,200,91,1545397471,raw_structured,,,,
PRE_SUB,X1=1_k=-4,,,-4.0,pretrend,-0.42488979531180243,-0.4053495282631845,0.2751012502647505,-0.9985520565248784,-0.9058615425450498,0.0,0.044056549975680745,0.06,0.12,0.12,-0.2999999999999999,correction_completion,PT_violation_het10,1,200,91,1545397471,raw_structured,,,,
PRE_SUB,X1=1_k=-3,,,-3.0,pretrend,-0.2871715775704865,-0.2574705925779959,0.26039793098794534,-0.8493101851155787,-0.7379224665507766,0.06913324699954133,0.13771951042088051,0.174,0.348,0.348,-0.19999999999999993,correction_completion,PT_violation_het10,1,200,91,1545397471,raw_structured,,,,
PRE_SUB,X1=1_k=-2,,,-2.0,pretrend,-0.27166995012949346,-0.23615951536056484,0.26170477654980795,-0.8027067444063737,-0.7338816645325478,0.03823956325432425,0.08994363962835225,0.254,0.508,0.508,-0.09999999999999996,correction_completion,PT_violation_het10,1,200,91,1545397471,raw_structured,,,,
PRE_SUB,X2=low_k=-4,,,-4.0,pretrend,-0.29540105920278303,-0.2953499943165042,0.2097023985558462,-0.7252600996847428,-0.6423430188461609,0.03583755108817805,0.10427284206235224,0.09266666666666666,0.18533333333333332,0.18533333333333332,-0.04054054054054055,correction_completion,PT_violation_het10,1,200,91,1545397471,raw_structured,,,,
PRE_SUB,X2=low_k=-3,,,-3.0,pretrend,-0.18246581969545003,-0.1816906846169663,0.18957668447820078,-0.5382224663219402,-0.4917814929629869,0.10993807605359684,0.17287717043441767,0.21866666666666668,0.43733333333333335,0.43733333333333335,-0.027027027027027032,correction_completion,PT_violation_het10,1,200,91,1545397471,raw_structured,,,,
PRE_SUB,X2=low_k=-2,,,-2.0,pretrend,-0.17160369271063466,-0.16057165049395694,0.1889708188534378,-0.5414418668597736,-0.4861813595180838,0.07979640919817202,0.14858826023787658,0.298,0.596,0.596,-0.013513513513513516,correction_completion,PT_violation_het10,1,200,91,1545397471,raw_structured,,,,
PRE_SUB,X2=high_k=-4,,,-4.0,pretrend,-0.3525195863140475,-0.342592321702147,0.22881663982425993,-0.843467397619038,-0.7530249344673048,0.0,0.045827692875130145,0.06333333333333334,0.12666666666666668,0.12666666666666668,-0.04054054054054054,correction_completion,PT_violation_het10,1,200,91,1545397471,raw_structured,,,,
PRE_SUB,X2=high_k=-3,,,-3.0,pretrend,-0.21024334411556075,-0.2063126286068957,0.19939641839009598,-0.6287243626450332,-0.5387220271386711,0.08918392052607739,0.14502893764674651,0.18933333333333333,0.37866666666666665,0.37866666666666665,-0.02702702702702703,correction_completion,PT_violation_het10,1,200,91,1545397471,raw_structured,,,,
PRE_SUB,X2=high_k=-2,,,-2.0,pretrend,-0.198017580991912,-0.1856803678418559,0.20074889314683672,-0.6382076196514871,-0.5411556971023025,0.05776647551868295,0.11759900698037169,0.26866666666666666,0.5373333333333333,0.5373333333333333,-0.013513513513513514,correction_completion,PT_violation_het10,1,200,91,1545397471,raw_structured,,,,
PRE_SUBC,X1_k=-4,,,-4.0,pretrend,-0.2463928194201648,-0.007609100444529782,0.31573329551555823,-0.9360103511401947,-0.8311125161553877,8.909539772616856e-16,0.004686424777042726,0.28933333333333333,0.5786666666666667,0.5786666666666667,-0.5999999999999999,correction_completion,PT_violation_het10,1,200,91,1545397471,raw_structured,,,,
PRE_SUBC,X1_k=-3,,,-3.0,pretrend,-0.2164196142088784,-3.885780586188048e-16,0.3013193483157089,-0.9004032577942501,-0.7911254647262701,6.661338147750939e-16,1.0283440765590437e-15,0.342,0.684,0.684,-0.3999999999999999,correction_completion,PT_violation_het10,1,200,91,1545397471,raw_structured,,,,
PRE_SUBC,X1_k=-2,,,-2.0,pretrend,-0.20737543272240888,-2.220446049250313e-16,0.30035166989794304,-0.8966194704894801,-0.789933654470632,5.009881398621006e-16,8.326672684688674e-16,0.414,0.828,0.828,-0.19999999999999996,correction_completion,PT_violation_het10,1,200,91,1545397471,raw_structured,,,,
PRE_SUBC,X1_slope,,,,pretrend,0.09852807995719001,0.0015862107408367804,0.12938673267853526,-0.0015078805676402975,-3.4496215407995936e-16,0.34681639789106433,0.39374767981552294,0.2846666666666667,0.5693333333333334,0.5693333333333334,0.19999999999999996,correction_completion,PT_violation_het10,1,200,91,1545397471,raw_structured,,,,
PRE_SUBC,X2_k=-4,,,-4.0,pretrend,-0.05711852711126443,-5.551115123125783e-17,0.15885528118720457,-0.5949784773460047,-0.4830117308831567,7.230327447871319e-16,9.91784779302838e-16,0.47333333333333333,0.9466666666666667,0.9466666666666667,5.204170427930421e-18,correction_completion,PT_violation_het10,1,200,91,1545397471,raw_structured,,,,
PRE_SUBC,X2_k=-3,,,-3.0,pretrend,-0.027777524420110732,0.0,0.11739288336821185,-0.5105194590714454,-0.22770694696027044,7.221653830491443e-16,9.91784779302838e-16,0.5126666666666667,1.0,1.0,3.469446951953614e-18,correction_completion,PT_violation_het10,1,200,91,1545397471,raw_structured,,,,
PRE_SUBC,X2_k=-2,,,-2.0,pretrend,-0.02641388828127735,0.0,0.11706695143506844,-0.5105194590714452,-0.211560680715635,6.661338147750939e-16,9.43689570931383e-16,0.58,1.0,1.0,1.734723475976807e-18,correction_completion,PT_violation_het10,1,200,91,1545397471,raw_structured,,,,
PRE_SUBC,X2_slope,,,,pretrend,0.01809460846109229,1.8338505317469106e-17,0.054714788442374596,-3.6577883579168105e-16,-2.616954272330726e-16,0.1289332568369209,0.21994773506027632,0.45466666666666666,0.9093333333333333,0.9093333333333333,-1.734723475976807e-18,correction_completion,PT_violation_het10,1,200,91,1545397471,raw_structured,,,,
PRE,k=-4,,,-4.0,reference_fold_pretrend,-0.2976430071716304,-0.2979377525014481,0.1780988608833809,-0.6511180427696623,-0.6018818347535146,0.0058582850248771814,0.05967412370623891,0.05266666666666667,0.10533333333333333,0.10533333333333333,-0.032727272727272716,correction_completion,PT_violation_het10,1,200,91,1545397471,reference_fold_convolution_rf,,,,
PRE,k=-3,,,-3.0,reference_fold_pretrend,-0.20612279484747315,-0.2065879496173078,0.16348586887693936,-0.536565403729415,-0.4814331270131279,0.05919088983238627,0.10455722166823245,0.10333333333333333,0.20666666666666667,0.20666666666666667,-0.021818181818181813,correction_completion,PT_violation_het10,1,200,91,1545397471,reference_fold_convolution_rf,,,,
PRE,k=-2,,,-2.0,reference_fold_pretrend,-0.17003695652948952,-0.16248667645413228,0.15055272045958648,-0.4845207773868114,-0.4286706102421821,0.0460776960959328,0.0881470207492241,0.15533333333333332,0.31066666666666665,0.31066666666666665,-0.010909090909090906,correction_completion,PT_violation_het10,1,200,91,1545397471,reference_fold_convolution_rf,,,,
PRE,slope,,,,reference_fold_pretrend,0.10537225483852336,0.104773048920486,0.06434583344733094,-0.020412409342504326,-6.583693979860122e-05,0.2153696791598621,0.23406738142588587,0.050666666666666665,0.10133333333333333,0.10133333333333333,0.010909090909090906,correction_completion,PT_violation_het10,1,200,91,1545397471,reference_fold_convolution_rf,,,,
PRE_SUB,X1=0_k=-4,,,-4.0,reference_fold_pretrend,-0.20831439371660898,-0.21111256946138499,0.19243449860127904,-0.592478897053693,-0.5231009976156218,0.10745050539120693,0.16115992928154108,0.138,0.276,0.276,0.3,correction_completion,PT_violation_het10,1,200,91,1545397471,reference_fold_convolution_rf,,,,
PRE_SUB,X1=0_k=-3,,,-3.0,reference_fold_pretrend,-0.1248306805651572,-0.12430495979518624,0.17942562576049761,-0.4681903594764284,-0.4095336506006688,0.17304254954360834,0.24398952130492507,0.22866666666666666,0.4573333333333333,0.4573333333333333,0.19999999999999998,correction_completion,PT_violation_het10,1,200,91,1545397471,reference_fold_convolution_rf,,,,
PRE_SUB,X1=0_k=-2,,,-2.0,reference_fold_pretrend,-0.11032763677063832,-0.10251562944233325,0.15780609082005972,-0.4371967419454803,-0.3863676543757405,0.13211561025556956,0.18599292740398407,0.27666666666666667,0.5533333333333333,0.5533333333333333,0.09999999999999999,correction_completion,PT_violation_het10,1,200,91,1545397471,reference_fold_convolution_rf,,,,
PRE_SUB,X1=1_k=-4,,,-4.0,reference_fold_pretrend,-0.3693987786355001,-0.3562772942913658,0.20918996429524306,-0.7896829900072493,-0.7234350938380381,-0.030570268021534522,0.03135260218729233,0.03666666666666667,0.07333333333333333,0.07333333333333333,-0.2999999999999999,correction_completion,PT_violation_het10,1,200,91,1545397471,reference_fold_convolution_rf,,,,
PRE_SUB,X1=1_k=-3,,,-3.0,reference_fold_pretrend,-0.27142301779556305,-0.26153556004499756,0.19553403976951653,-0.6784302608967239,-0.6108546837028279,0.0241025193163778,0.08456515204281227,0.074,0.148,0.148,-0.19999999999999993,correction_completion,PT_violation_het10,1,200,91,1545397471,reference_fold_convolution_rf,,,,
PRE_SUB,X1=1_k=-2,,,-2.0,reference_fold_pretrend,-0.2180001805980749,-0.1992245926227002,0.18458494881638607,-0.6215132552089736,-0.5455847627355963,0.03694422695675761,0.07178786265792154,0.13533333333333333,0.27066666666666667,0.27066666666666667,-0.09999999999999996,correction_completion,PT_violation_het10,1,200,91,1545397471,reference_fold_convolution_rf,,,,
PRE_SUB,X2=low_k=-4,,,-4.0,reference_fold_pretrend,-0.2624831206948703,-0.26168051010052584,0.17767307318029466,-0.612971366897099,-0.5603920026508894,0.04093968456973008,0.09033140135683294,0.074,0.148,0.148,-0.04054054054054055,correction_completion,PT_violation_het10,1,200,91,1545397471,reference_fold_convolution_rf,,,,
PRE_SUB,X2=low_k=-3,,,-3.0,reference_fold_pretrend,-0.18145855688094942,-0.18518241526282894,0.1637373042953636,-0.5052169226810729,-0.45073380152432124,0.0810600702001506,0.1389568397342877,0.13666666666666666,0.2733333333333333,0.2733333333333333,-0.027027027027027032,correction_completion,PT_violation_het10,1,200,91,1545397471,reference_fold_convolution_rf,,,,
PRE_SUB,X2=low_k=-2,,,-2.0,reference_fold_pretrend,-0.15992914383346377,-0.15285661696866715,0.15122101493632337,-0.4732832042011715,-0.41775502138349596,0.05684934135817506,0.09833500448393992,0.168,0.336,0.336,-0.013513513513513516,correction_completion,PT_violation_het10,1,200,91,1545397471,reference_fold_convolution_rf,,,,
PRE_SUB,X2=high_k=-4,,,-4.0,reference_fold_pretrend,-0.304557316292691,-0.3002115064982718,0.1855683144555449,-0.66977905696251,-0.6205445619588128,0.010605258046743584,0.060305803224615,0.05466666666666667,0.10933333333333334,0.10933333333333334,-0.04054054054054054,correction_completion,PT_violation_het10,1,200,91,1545397471,reference_fold_convolution_rf,,,,
PRE_SUB,X2=high_k=-3,,,-3.0,reference_fold_pretrend,-0.20959290217436394,-0.20922030142441866,0.16778068871473456,-0.5536959283682501,-0.49556780759479646,0.06250611724090085,0.10257703638995884,0.10133333333333333,0.20266666666666666,0.20266666666666666,-0.02702702702702703,correction_completion,PT_violation_het10,1,200,91,1545397471,reference_fold_convolution_rf,,,,
PRE_SUB,X2=high_k=-2,,,-2.0,reference_fold_pretrend,-0.17574990265981555,-0.16618180161856294,0.15437825690874607,-0.4940996313787088,-0.44242436668662005,0.038193757319164356,0.08298747838018793,0.146,0.292,0.292,-0.013513513513513514,correction_completion,PT_violation_het10,1,200,91,1545397471,reference_fold_convolution_rf,,,,
PRE_SUBC,X1_k=-4,,,-4.0,reference_fold_pretrend,-0.16108438491889107,-0.06952284101953804,0.1913375593651453,-0.6255817947203384,-0.5274981846599226,0.0005652823353926631,0.0021404941067788693,0.07333333333333333,0.14666666666666667,0.14666666666666667,-0.5999999999999999,correction_completion,PT_violation_het10,1,200,91,1545397471,reference_fold_convolution_rf,,,,
PRE_SUBC,X1_k=-3,,,-3.0,reference_fold_pretrend,-0.14659233723040585,-0.00594743094449969,0.18890799215070778,-0.6184004796607993,-0.5200224762115202,0.0010681439404256854,0.002258899761038424,0.104,0.208,0.208,-0.3999999999999999,correction_completion,PT_violation_het10,1,200,91,1545397471,reference_fold_convolution_rf,,,,
PRE_SUBC,X1_k=-2,,,-2.0,reference_fold_pretrend,-0.10767254382743659,-0.002079649760619688,0.17215524683625352,-0.5457116515708151,-0.4571685474444848,0.0023229567205853285,0.003068384154577907,0.2693333333333333,0.5386666666666666,0.5386666666666666,-0.19999999999999996,correction_completion,PT_violation_het10,1,200,91,1545397471,reference_fold_convolution_rf,,,,
PRE_SUBC,X1_slope,,,,reference_fold_pretrend,0.06315074093178011,0.021764085660336913,0.07803153507718706,-0.0008180620827017243,-0.00030186416403452196,0.21864165326408969,0.2634245557595705,0.07866666666666666,0.15733333333333333,0.15733333333333333,0.19999999999999996,correction_completion,PT_violation_het10,1,200,91,1545397471,reference_fold_convolution_rf,,,,
PRE_SUBC,X2_k=-4,,,-4.0,reference_fold_pretrend,-0.042074195597820684,-0.024630015901860647,0.0757398204056559,-0.2720858492291025,-0.20842578779292625,0.015922154659398523,0.023903797927379542,0.15266666666666667,0.30533333333333335,0.30533333333333335,5.204170427930421e-18,correction_completion,PT_violation_het10,1,200,91,1545397471,reference_fold_convolution_rf,,,,
PRE_SUBC,X2_k=-3,,,-3.0,reference_fold_pretrend,-0.02813434529341453,-0.016298520831291047,0.05797998619509015,-0.2291596824222709,-0.125526844035556,0.018157989485144157,0.02537553668008704,0.21466666666666667,0.42933333333333334,0.42933333333333334,3.469446951953614e-18,correction_completion,PT_violation_het10,1,200,91,1545397471,reference_fold_convolution_rf,,,,
PRE_SUBC,X2_k=-2,,,-2.0,reference_fold_pretrend,-0.015820758826351786,-0.005445347131194968,0.05234935234840323,-0.19466439712523423,-0.08122861816907251,0.02389519609079241,0.028788608151597322,0.392,0.784,0.784,1.734723475976807e-18,correction_completion,PT_violation_het10,1,200,91,1545397471,reference_fold_convolution_rf,,,,
PRE_SUBC,X2_slope,,,,reference_fold_pretrend,0.01416514544333164,0.008338815206720578,0.02624421368151712,-0.008898795594202114,-0.005995847499574482,0.0652020637018241,0.1025235091964738,0.17666666666666667,0.35333333333333333,0.35333333333333333,-1.734723475976807e-18,correction_completion,PT_violation_het10,1,200,91,1545397471,reference_fold_convolution_rf,,,,
PRE,k=-4,,,-4.0,pretrend,-0.08882602180450988,-0.08595308428332768,0.1684475284391235,-0.43212839137683773,-0.3780020035115059,0.19220782910801162,0.23967917800654942,0.32,0.64,0.64,0.03673469387755103,correction_completion,PT_violation_het20,1,200,75,1763625693,raw_structured,,,,
PRE,k=-3,,,-3.0,pretrend,-0.11058778529665178,-0.09956123026956046,0.1632327169822985,-0.4448049996351224,-0.40019797504581517,0.14324699766105495,0.2030025754062656,0.31133333333333335,0.6226666666666667,0.6226666666666667,0.024489795918367356,correction_completion,PT_violation_het20,1,200,75,1763625693,raw_structured,,,,
PRE,k=-2,,,-2.0,pretrend,0.004701637245342015,0.0,0.13892452574828199,-0.30668241079439834,-0.2504897239883424,0.25790566664948433,0.30820845982600514,0.6726666666666666,1.0,1.0,0.012244897959183678,correction_completion,PT_violation_het20,1,200,75,1763625693,raw_structured,,,,
PRE,slope,,,,pretrend,0.034496571340106516,0.03378757045182183,0.061201736627671706,-0.08612384894316813,-0.06390997465034073,0.14154933160592903,0.1610256726966822,0.30866666666666664,0.6173333333333333,0.6173333333333333,-0.012244897959183678,correction_completion,PT_violation_het20,1,200,75,1763625693,raw_structured,,,,
PRE_SUB,X1=0_k=-4,,,-4.0,pretrend,0.04774394708658335,0.012096766129191736,0.2182547849953098,-0.34864174837438716,-0.28883437546554885,0.43685813960538855,0.5092138979404799,0.4713333333333333,0.9426666666666667,0.9426666666666667,0.5999999999999998,correction_completion,PT_violation_het20,1,200,75,1763625693,raw_structured,,,,
PRE_SUB,X1=0_k=-3,,,-3.0,pretrend,0.0019072559140427441,0.0,0.20682693940151883,-0.40112135049986736,-0.34372456491025666,0.36241003538253647,0.4407987985076466,0.5513333333333333,1.0,1.0,0.39999999999999986,correction_completion,PT_violation_het20,1,200,75,1763625693,raw_structured,,,,
PRE_SUB,X1=0_k=-2,,,-2.0,pretrend,0.0725773302496581,0.0,0.18827235254478558,-0.26360514303607707,-0.18449956986443855,0.4669435397994531,0.5397186838697473,0.5806666666666667,1.0,1.0,0.19999999999999993,correction_completion,PT_violation_het20,1,200,75,1763625693,raw_structured,,,,
PRE_SUB,X1=1_k=-4,,,-4.0,pretrend,-0.24320946489878922,-0.21653640870149932,0.24022522350330958,-0.7390687951341035,-0.6663762935508809,0.0943288115938743,0.15737456359234506,0.18466666666666667,0.36933333333333335,0.36933333333333335,-0.5999999999999996,correction_completion,PT_violation_het20,1,200,75,1763625693,raw_structured,,,,
PRE_SUB,X1=1_k=-3,,,-3.0,pretrend,-0.2377560927522195,-0.21147635393874903,0.23410772564668328,-0.7316706286148795,-0.6528625149526909,0.07840178340154805,0.13539541870467478,0.21733333333333332,0.43466666666666665,0.43466666666666665,-0.3999999999999998,correction_completion,PT_violation_het20,1,200,75,1763625693,raw_structured,,,,
PRE_SUB,X1=1_k=-2,,,-2.0,pretrend,-0.07202740702040658,0.0,0.19594542740945167,-0.5576059649517829,-0.4648635621352898,0.20758972065504408,0.2694295643599718,0.584,1.0,1.0,-0.1999999999999999,correction_completion,PT_violation_het20,1,200,75,1763625693,raw_structured,,,,
PRE_SUB,X2=low_k=-4,,,-4.0,pretrend,-0.06262512721424779,-0.05784109842983734,0.17043942580856886,-0.4004043872983799,-0.3447227078095068,0.2239782002971254,0.2843640443934132,0.37533333333333335,0.7506666666666667,0.7506666666666667,0.1272727272727273,correction_completion,PT_violation_het20,1,200,75,1763625693,raw_structured,,,,
PRE_SUB,X2=low_k=-3,,,-3.0,pretrend,-0.08833297568168423,-0.07187258454365249,0.16548756387308292,-0.43079777500597716,-0.3788289869284487,0.18200817864863358,0.23310104937113887,0.354,0.708,0.708,0.08484848484848485,correction_completion,PT_violation_het20,1,200,75,1763625693,raw_structured,,,,
PRE_SUB,X2=low_k=-2,,,-2.0,pretrend,0.018588660852668207,0.0,0.14199607277971737,-0.2776778387484024,-0.22254071630609856,0.2838364257230875,0.34238847741818434,0.644,1.0,1.0,0.04242424242424243,correction_completion,PT_violation_het20,1,200,75,1763625693,raw_structured,,,,
PRE_SUB,X2=high_k=-4,,,-4.0,pretrend,-0.11780641083526393,-0.11117710175018802,0.17387194385752883,-0.48181968877361897,-0.4105370429561462,0.1573702200649903,0.20510572678810787,0.2773333333333333,0.5546666666666666,0.5546666666666666,-0.05454545454545455,correction_completion,PT_violation_het20,1,200,75,1763625693,raw_structured,,,,
PRE_SUB,X2=high_k=-3,,,-3.0,pretrend,-0.13557317940971397,-0.12411297138801504,0.1681164415555278,-0.4746171303028725,-0.4175892022433554,0.1093386043009481,0.17355996932468,0.2753333333333333,0.5506666666666666,0.5506666666666666,-0.03636363636363637,correction_completion,PT_violation_het20,1,200,75,1763625693,raw_structured,,,,
PRE_SUB,X2=high_k=-2,,,-2.0,pretrend,-0.011115239286279902,0.0,0.14233137563843282,-0.3391823213439245,-0.26983284508301075,0.2355327050847123,0.29196013070224397,0.6486666666666666,1.0,1.0,-0.018181818181818184,correction_completion,PT_violation_het20,1,200,75,1763625693,raw_structured,,,,
PRE_SUBC,X1_k=-4,,,-4.0,pretrend,-0.2909534119853726,-0.21600758341507778,0.3103481012714266,-0.9345837932820835,-0.8449854969176722,4.725386748560816e-16,7.216449660063518e-16,0.248,0.496,0.496,-1.1999999999999993,correction_completion,PT_violation_het20,1,200,75,1763625693,raw_structured,,,,
PRE_SUBC,X1_k=-3,,,-3.0,pretrend,-0.23966334866626224,-0.002058309267093439,0.2957072372733302,-0.890127460367897,-0.7864367142585126,5.273559366969494e-16,8.326672684688674e-16,0.3233333333333333,0.6466666666666666,0.6466666666666666,-0.7999999999999996,correction_completion,PT_violation_het20,1,200,75,1763625693,raw_structured,,,,
PRE_SUBC,X1_k=-2,,,-2.0,pretrend,-0.14460473727006468,0.0,0.26530156593320925,-0.8491912585478151,-0.7343509841776049,3.575265083988198e-16,6.251943407420375e-16,0.548,1.0,1.0,-0.3999999999999998,correction_completion,PT_violation_het20,1,200,75,1763625693,raw_structured,,,,
PRE_SUBC,X1_slope,,,,pretrend,0.10691369075419334,0.07005115777365747,0.11959456522963581,-2.7311982041057703e-16,-1.7842870038618588e-16,0.331143614429838,0.37895247776295027,0.246,0.492,0.492,0.3999999999999998,correction_completion,PT_violation_het20,1,200,75,1763625693,raw_structured,,,,
PRE_SUBC,X2_k=-4,,,-4.0,pretrend,-0.055181283621016146,-0.04507802523980017,0.07182812858253636,-0.25676853148174456,-0.1609009868603627,3.608224830031759e-16,6.293143089974836e-16,0.25,0.5,0.5,-0.18181818181818182,correction_completion,PT_violation_het20,1,200,75,1763625693,raw_structured,,,,
PRE_SUBC,X2_k=-3,,,-3.0,pretrend,-0.04724020372802974,-1.4432899320127035e-15,0.06947948912875944,-0.23678285354124817,-0.1500127733233109,3.3705677138229315e-16,5.551115123125783e-16,0.306,0.612,0.612,-0.12121212121212122,correction_completion,PT_violation_het20,1,200,75,1763625693,raw_structured,,,,
PRE_SUBC,X2_k=-2,,,-2.0,pretrend,-0.02970390013894811,0.0,0.06083143896365826,-0.18024851957523172,-0.13164469470242274,2.9542340795884977e-16,4.6854881086133465e-16,0.5333333333333333,1.0,1.0,-0.06060606060606061,correction_completion,PT_violation_het20,1,200,75,1763625693,raw_structured,,,,
PRE_SUBC,X2_slope,,,,pretrend,0.020694868461289716,0.013848034293295303,0.028334944193016826,-2.1363119606654378e-16,-1.257054975984622e-16,0.06277703346979077,0.09214582922157609,0.24666666666666667,0.49333333333333335,0.49333333333333335,0.06060606060606061,correction_completion,PT_violation_het20,1,200,75,1763625693,raw_structured,,,,
PRE,k=-4,,,-4.0,reference_fold_pretrend,-0.08572675484639122,-0.08660076752295588,0.16206109941776284,-0.3986603247103303,-0.3500646857108611,0.18145353023463634,0.23273541653131066,0.29333333333333333,0.5866666666666667,0.5866666666666667,0.03673469387755103,correction_completion,PT_violation_het20,1,200,75,1763625693,reference_fold_convolution_rf,,,,
PRE,k=-3,,,-3.0,reference_fold_pretrend,-0.12435649858427236,-0.11604473247035302,0.15103188694872913,-0.44707581113234074,-0.38055569616521895,0.11717071024494127,0.16820472691907523,0.206,0.412,0.412,0.024489795918367356,correction_completion,PT_violation_het20,1,200,75,1763625693,reference_fold_convolution_rf,,,,
PRE,k=-2,,,-2.0,reference_fold_pretrend,-0.04875036949807891,-0.04239005132817532,0.12688681874803365,-0.3170385650354265,-0.2621528511919279,0.15542342057003886,0.20755474579807018,0.384,0.768,0.768,0.012244897959183678,correction_completion,PT_violation_het20,1,200,75,1763625693,reference_fold_convolution_rf,,,,
PRE,slope,,,,reference_fold_pretrend,0.03961740222898552,0.03972527222873945,0.057870307886367024,-0.06944534690600992,-0.05574858377954097,0.13511158466042855,0.15725457688869282,0.244,0.488,0.488,-0.012244897959183678,correction_completion,PT_violation_het20,1,200,75,1763625693,reference_fold_convolution_rf,,,,
PRE_SUB,X1=0_k=-4,,,-4.0,reference_fold_pretrend,-0.006061978317809332,-0.00564327832243404,0.18665665148440252,-0.3661493176599167,-0.3141417069663833,0.3060891331282442,0.3635948227191574,0.49333333333333335,0.9866666666666667,0.9866666666666667,0.5999999999999998,correction_completion,PT_violation_het20,1,200,75,1763625693,reference_fold_convolution_rf,,,,
PRE_SUB,X1=0_k=-3,,,-3.0,reference_fold_pretrend,-0.04644663588661702,-0.03922444736162137,0.17222914958855015,-0.3952187382972021,-0.32028372749575934,0.23153770827341227,0.30143163178292903,0.39866666666666667,0.7973333333333333,0.7973333333333333,0.39999999999999986,correction_completion,PT_violation_het20,1,200,75,1763625693,reference_fold_convolution_rf,,,,
PRE_SUB,X1=0_k=-2,,,-2.0,reference_fold_pretrend,0.01766635168260109,0.0,0.1469974656150327,-0.2725120974234904,-0.21896070439389428,0.2702751370903952,0.35020037426694417,0.5133333333333333,1.0,1.0,0.19999999999999993,correction_completion,PT_violation_het20,1,200,75,1763625693,reference_fold_convolution_rf,,,,
PRE_SUB,X1=1_k=-4,,,-4.0,reference_fold_pretrend,-0.17578258918304898,-0.1716731590284929,0.19675271978821007,-0.5623808839109411,-0.5007915545376308,0.135701679697322,0.19710219532838064,0.18666666666666668,0.37333333333333335,0.37333333333333335,-0.5999999999999996,correction_completion,PT_violation_het20,1,200,75,1763625693,reference_fold_convolution_rf,,,,
PRE_SUB,X1=1_k=-3,,,-3.0,reference_fold_pretrend,-0.21242851728596976,-0.19828894700538477,0.1865289049287225,-0.6200651625692261,-0.5499625712130859,0.059319877060022286,0.1274904255735696,0.12066666666666667,0.24133333333333334,0.24133333333333334,-0.3999999999999998,correction_completion,PT_violation_het20,1,200,75,1763625693,reference_fold_convolution_rf,,,,
PRE_SUB,X1=1_k=-2,,,-2.0,reference_fold_pretrend,-0.12383014126754326,-0.1098225830869348,0.16365085709835028,-0.4722853363108386,-0.4087284370333519,0.1079052979631718,0.16299613451997788,0.2833333333333333,0.5666666666666667,0.5666666666666667,-0.1999999999999999,correction_completion,PT_violation_het20,1,200,75,1763625693,reference_fold_convolution_rf,,,,
PRE_SUB,X2=low_k=-4,,,-4.0,reference_fold_pretrend,-0.08077340648925747,-0.08259309364200335,0.16288339084154088,-0.39821234065071626,-0.3530251974570465,0.19285106418194914,0.22862978996381988,0.30866666666666664,0.6173333333333333,0.6173333333333333,0.1272727272727273,correction_completion,PT_violation_het20,1,200,75,1763625693,reference_fold_convolution_rf,,,,
PRE_SUB,X2=low_k=-3,,,-3.0,reference_fold_pretrend,-0.11417562336128644,-0.10756087896610535,0.15182478342607797,-0.4254049748233322,-0.36846269802218024,0.13930590149332198,0.1816131353838603,0.22733333333333333,0.45466666666666666,0.45466666666666666,0.08484848484848485,correction_completion,PT_violation_het20,1,200,75,1763625693,reference_fold_convolution_rf,,,,
PRE_SUB,X2=low_k=-2,,,-2.0,reference_fold_pretrend,-0.03827189751869569,-0.028028653219710133,0.1292497410758049,-0.2987404025675785,-0.25331169209268783,0.1731182617882262,0.22090272196152688,0.42733333333333334,0.8546666666666667,0.8546666666666667,0.04242424242424243,correction_completion,PT_violation_het20,1,200,75,1763625693,reference_fold_convolution_rf,,,,
PRE_SUB,X2=high_k=-4,,,-4.0,reference_fold_pretrend,-0.08763208819214209,-0.08731506115813875,0.1661327692489044,-0.43392729963662535,-0.356002035351921,0.18591560792309061,0.24120270764626514,0.28933333333333333,0.5786666666666667,0.5786666666666667,-0.05454545454545455,correction_completion,PT_violation_het20,1,200,75,1763625693,reference_fold_convolution_rf,,,,
PRE_SUB,X2=high_k=-3,,,-3.0,reference_fold_pretrend,-0.12940833232175242,-0.11934873831843487,0.15494282752284114,-0.4716188896803447,-0.3964817358005723,0.10857006897051946,0.1692234289892276,0.19933333333333333,0.39866666666666667,0.39866666666666667,-0.03636363636363637,correction_completion,PT_violation_het20,1,200,75,1763625693,reference_fold_convolution_rf,,,,
PRE_SUB,X2=high_k=-2,,,-2.0,reference_fold_pretrend,-0.05242384339260165,-0.04595162355041583,0.1291002381556649,-0.32846551900203463,-0.2670550616739949,0.1542140202003208,0.20580040857624035,0.37266666666666665,0.7453333333333333,0.7453333333333333,-0.018181818181818184,correction_completion,PT_violation_het20,1,200,75,1763625693,reference_fold_convolution_rf,,,,
PRE_SUBC,X1_k=-4,,,-4.0,reference_fold_pretrend,-0.16972061086523965,-0.15490676254044652,0.20428390835837798,-0.6334829085514542,-0.5536910557898297,0.05349650382749953,0.06995872835958643,0.30333333333333334,0.6066666666666667,0.6066666666666667,-1.1999999999999993,correction_completion,PT_violation_het20,1,200,75,1763625693,reference_fold_convolution_rf,,,,
PRE_SUBC,X1_k=-3,,,-3.0,reference_fold_pretrend,-0.1659818813993527,-0.14384395076597994,0.19282242612081682,-0.5988626427708273,-0.5192027973020432,0.04228319639626834,0.05411608532676348,0.2773333333333333,0.5546666666666666,0.5546666666666666,-0.7999999999999996,correction_completion,PT_violation_het20,1,200,75,1763625693,reference_fold_convolution_rf,,,,
PRE_SUBC,X1_k=-2,,,-2.0,reference_fold_pretrend,-0.14149649295014435,-0.03672019928450515,0.17850666136748664,-0.5391878559874261,-0.45281420044274673,0.031319054258074866,0.04069654426706661,0.354,0.708,0.708,-0.3999999999999998,correction_completion,PT_violation_het20,1,200,75,1763625693,reference_fold_convolution_rf,,,,
PRE_SUBC,X1_slope,,,,reference_fold_pretrend,0.07018729202461206,0.05927612943367677,0.08197342254849181,-0.02365303496953028,-0.018255888120085967,0.21938890361045343,0.2535851349944435,0.2906666666666667,0.5813333333333334,0.5813333333333334,0.3999999999999998,correction_completion,PT_violation_het20,1,200,75,1763625693,reference_fold_convolution_rf,,,,
PRE_SUBC,X2_k=-4,,,-4.0,reference_fold_pretrend,-0.006858681702884643,0.0007935168951771357,0.058606482644508004,-0.14855590806389712,-0.10575074798345108,0.06277844487250993,0.0783284485397087,0.488,0.976,0.976,-0.18181818181818182,correction_completion,PT_violation_het20,1,200,75,1763625693,reference_fold_convolution_rf,,,,
PRE_SUBC,X2_k=-3,,,-3.0,reference_fold_pretrend,-0.015232708960465987,-0.0058894189797626395,0.05363499131979872,-0.15522791993962698,-0.10261323706543049,0.04785430597172641,0.0575488297401949,0.42533333333333334,0.8506666666666667,0.8506666666666667,-0.12121212121212122,correction_completion,PT_violation_het20,1,200,75,1763625693,reference_fold_convolution_rf,,,,
PRE_SUBC,X2_k=-2,,,-2.0,reference_fold_pretrend,-0.014151945873905964,-0.002528406237779335,0.047387412022989114,-0.1354896163572932,-0.08829907123633059,0.03441232030342673,0.044474097464149834,0.46,0.92,0.92,-0.06060606060606061,correction_completion,PT_violation_het20,1,200,75,1763625693,reference_fold_convolution_rf,,,,
PRE_SUBC,X2_slope,,,,reference_fold_pretrend,0.004656672064535133,0.0009231475288434045,0.022377943698272458,-0.02535955354597447,-0.020921793973758672,0.04128399177054417,0.0631619412860114,0.4726666666666667,0.9453333333333334,0.9453333333333334,0.06060606060606061,correction_completion,PT_violation_het20,1,200,75,1763625693,reference_fold_convolution_rf,,,,
PRE,k=-4,,,-4.0,pretrend,-0.049512946014294415,-0.05395990851266365,0.20129031599379482,-0.4436053804537177,-0.3721994632815989,0.27250177452284713,0.33339023879490515,0.398,0.796,0.796,-0.20540540540540542,correction_completion,PT_violation_het40,1,200,59,2948851565,raw_structured,,,,
PRE,k=-3,,,-3.0,pretrend,-0.29874634970182723,-0.3020040189389649,0.19261875401542775,-0.6728302499784982,-0.6096562228414583,0.005622181623389808,0.057177290376911445,0.05333333333333334,0.10666666666666667,0.10666666666666667,-0.13693693693693695,correction_completion,PT_violation_het40,1,200,59,2948851565,raw_structured,,,,
PRE,k=-2,,,-2.0,pretrend,-0.4484666468617476,-0.44418746236950724,0.18214675119962842,-0.8064303235724583,-0.7532274368177354,-0.14575300280511375,-0.10741324588645493,0.006,0.012,0.012,-0.06846846846846848,correction_completion,PT_violation_het40,1,200,59,2948851565,raw_structured,,,,
PRE,slope,,,,pretrend,0.08532129887916323,0.08405027774677504,0.07148721554562752,-0.04823339748233027,-0.028573175107087588,0.20403454173127383,0.21820971520094712,0.12333333333333334,0.24666666666666667,0.24666666666666667,0.06846846846846848,correction_completion,PT_violation_het40,1,200,59,2948851565,raw_structured,,,,
PRE_SUB,X1=0_k=-4,,,-4.0,pretrend,1.1453960510381371,1.140450509672138,0.3084741419274701,0.5640341496267722,0.6459711872431494,1.6588687665282111,1.7809547676283854,0.0,0.0,0.0,1.1999999999999993,correction_completion,PT_violation_het40,1,200,59,2948851565,raw_structured,,,,
PRE_SUB,X1=0_k=-3,,,-3.0,pretrend,0.7036869414680833,0.7057518557638384,0.2747832638950894,0.15806117609834336,0.2518508119942732,1.140218479113281,1.2296352493208422,0.008666666666666666,0.017333333333333333,0.017333333333333333,0.7999999999999996,correction_completion,PT_violation_het40,1,200,59,2948851565,raw_structured,,,,
PRE_SUB,X1=0_k=-2,,,-2.0,pretrend,0.159319269956988,0.15600179039589618,0.22601668358170762,-0.26232575917844503,-0.21265069388372207,0.5342682396319735,0.626444591083884,0.2613333333333333,0.5226666666666666,0.5226666666666666,0.3999999999999998,correction_completion,PT_violation_het40,1,200,59,2948851565,raw_structured,,,,
PRE_SUB,X1=1_k=-4,,,-4.0,pretrend,-0.8951408516206306,-0.8906545008489211,0.24730890130711503,-1.3625155971281118,-1.3077880760814935,-0.4901495358331127,-0.42014080250105107,0.0,0.0,0.0,-1.2,correction_completion,PT_violation_het40,1,200,59,2948851565,raw_structured,,,,
PRE_SUB,X1=1_k=-3,,,-3.0,pretrend,-1.0081606788374562,-1.0044186749161617,0.229409311093069,-1.4641789922226964,-1.4008078732250715,-0.6485121375233486,-0.5922698943767339,0.0,0.0,0.0,-0.7999999999999999,correction_completion,PT_violation_het40,1,200,59,2948851565,raw_structured,,,,
PRE_SUB,X1=1_k=-2,,,-2.0,pretrend,-0.8785920649180835,-0.868342966840622,0.21806980589028338,-1.3196144649771084,-1.2526478008485449,-0.5247076760715313,-0.45552383041263395,0.0,0.0,0.0,-0.39999999999999997,correction_completion,PT_violation_het40,1,200,59,2948851565,raw_structured,,,,
PRE_SUB,X2=low_k=-4,,,-4.0,pretrend,-0.06460976645777179,-0.07075005015553266,0.20308815361127663,-0.4575210348431699,-0.39169534733757444,0.2616999820903342,0.32786313622025925,0.36533333333333334,0.7306666666666667,0.7306666666666667,-0.22702702702702704,correction_completion,PT_violation_het40,1,200,59,2948851565,raw_structured,,,,
PRE_SUB,X2=low_k=-3,,,-3.0,pretrend,-0.31154140394752783,-0.3157155401773286,0.19289986719710486,-0.6858408802443451,-0.6234305661456245,-0.006931091003903872,0.04328145222470044,0.04533333333333334,0.09066666666666667,0.09066666666666667,-0.15135135135135136,correction_completion,PT_violation_het40,1,200,59,2948851565,raw_structured,,,,
PRE_SUB,X2=low_k=-2,,,-2.0,pretrend,-0.45592401185969333,-0.4531482706669776,0.1824847260629216,-0.8153022781920014,-0.7618791333311209,-0.15265390842280027,-0.11390784707609573,0.006666666666666667,0.013333333333333334,0.013333333333333334,-0.07567567567567568,correction_completion,PT_violation_het40,1,200,59,2948851565,raw_structured,,,,
PRE_SUB,X2=high_k=-4,,,-4.0,pretrend,0.03936945108722588,0.036634873078101746,0.20355747686627582,-0.3678373686001912,-0.28370787442820966,0.37308374051693016,0.43602026572389435,0.42933333333333334,0.8586666666666667,0.8586666666666667,-0.09729729729729727,correction_completion,PT_violation_het40,1,200,59,2948851565,raw_structured,,,,
PRE_SUB,X2=high_k=-3,,,-3.0,pretrend,-0.22427237189525948,-0.22822121841008047,0.19542622663443093,-0.6006895496995803,-0.5428522909679536,0.08554906367221275,0.1400267260275132,0.13133333333333333,0.26266666666666666,0.26266666666666666,-0.06486486486486485,correction_completion,PT_violation_het40,1,200,59,2948851565,raw_structured,,,,
PRE_SUB,X2=high_k=-2,,,-2.0,pretrend,-0.4035447867820023,-0.40233584974356473,0.18230405994943386,-0.7681217854897135,-0.7085968573483694,-0.10261773405420152,-0.05772059033443955,0.009333333333333334,0.018666666666666668,0.018666666666666668,-0.03243243243243243,correction_completion,PT_violation_het40,1,200,59,2948851565,raw_structured,,,,
PRE_SUBC,X1_k=-4,,,-4.0,pretrend,-2.0405369026587676,-2.012282422969796,0.37831255079576714,-2.8131223540032275,-2.709372279888838,-1.4730892636970254,-1.391215634395703,0.0,0.0,0.0,-2.3999999999999995,correction_completion,PT_violation_het40,1,200,59,2948851565,raw_structured,,,,
PRE_SUBC,X1_k=-3,,,-3.0,pretrend,-1.7118476203055397,-1.719187031921828,0.3210116013240572,-2.307340429003272,-2.210540128524737,-1.1489672751459705,-1.0537544076578702,0.0,0.0,0.0,-1.5999999999999996,correction_completion,PT_violation_het40,1,200,59,2948851565,raw_structured,,,,
PRE_SUBC,X1_k=-2,,,-2.0,pretrend,-1.0379113348750715,-1.022019629015247,0.25548080608941537,-1.5962635528656863,-1.48138424295021,-0.6474585686625282,-0.5899560003431583,0.0,0.0,0.0,-0.7999999999999998,correction_completion,PT_violation_het40,1,200,59,2948851565,raw_structured,,,,
PRE_SUBC,X1_slope,,,,pretrend,0.7559440916758895,0.7516205119035493,0.11569498532127986,0.5393838502146713,0.5692890172603764,0.9577101153435722,0.9954618889884842,0.0,0.0,0.0,0.7999999999999998,correction_completion,PT_violation_het40,1,200,59,2948851565,raw_structured,,,,
PRE_SUBC,X2_k=-4,,,-4.0,pretrend,0.10397921754499766,0.10770132735062327,0.04976704464549085,0.017502697282827603,0.07250280708146589,0.1474405397258291,0.15470437083143168,0.023333333333333334,0.04666666666666667,0.04666666666666667,0.12972972972972976,correction_completion,PT_violation_het40,1,200,59,2948851565,raw_structured,,,,
PRE_SUBC,X2_k=-3,,,-3.0,pretrend,0.0872690320522683,0.09251763545721417,0.04458726799360252,0.03305505918169755,0.056799174185225884,0.1195691017870628,0.12639393270044602,0.018666666666666668,0.037333333333333336,0.037333333333333336,0.0864864864864865,correction_completion,PT_violation_het40,1,200,59,2948851565,raw_structured,,,,
PRE_SUBC,X2_k=-2,,,-2.0,pretrend,0.05237922507769108,0.0550283538728058,0.034457457182877675,0.024049640776191115,0.03231562912694353,0.080074823943254,0.08593121857290385,0.02,0.04,0.04,0.04324324324324325,correction_completion,PT_violation_het40,1,200,59,2948851565,raw_structured,,,,
PRE_SUBC,X2_slope,,,,pretrend,-0.038489638701230046,-0.04033168587378765,0.018120901299251937,-0.05444116841391535,-0.0520576513848147,-0.028247563387264155,-0.00799680829736245,0.022,0.044,0.044,-0.04324324324324325,correction_completion,PT_violation_het40,1,200,59,2948851565,raw_structured,,,,
PRE,k=-4,,,-4.0,reference_fold_pretrend,-0.1972772054681124,-0.2029999423291257,0.18648508871514274,-0.5502331801748029,-0.5002467230662869,0.10536797624725476,0.18464541209997312,0.134,0.268,0.268,-0.20540540540540542,correction_completion,PT_violation_het40,1,200,59,2948851565,reference_fold_convolution_rf,,,,
PRE,k=-3,,,-3.0,reference_fold_pretrend,-0.3889920216093497,-0.38757787881842504,0.17231396473564234,-0.7106343546999048,-0.6715307090904991,-0.09971047050994514,-0.055337727010556136,0.01,0.02,0.02,-0.13693693693693695,correction_completion,PT_violation_het40,1,200,59,2948851565,reference_fold_convolution_rf,,,,
PRE,k=-2,,,-2.0,reference_fold_pretrend,-0.484995810663623,-0.48811374217564063,0.16186386740771538,-0.7896034004375478,-0.7305510105302966,-0.21177110636116692,-0.14963322617302033,0.002,0.004,0.004,-0.06846846846846848,correction_completion,PT_violation_het40,1,200,59,2948851565,reference_fold_convolution_rf,,,,
PRE,slope,,,,reference_fold_pretrend,0.13248653359190427,0.1320464848973154,0.06617066945788144,-0.002532371580143257,0.022244633494453703,0.23959617043012818,0.2627993724363426,0.027333333333333334,0.05466666666666667,0.05466666666666667,0.06846846846846848,correction_completion,PT_violation_het40,1,200,59,2948851565,reference_fold_convolution_rf,,,,
PRE_SUB,X1=0_k=-4,,,-4.0,reference_fold_pretrend,0.716581376972574,0.7112368967430354,0.2609334212824713,0.22706616845166372,0.2937589580142452,1.1614956354539874,1.2257205969814053,0.0013333333333333333,0.0026666666666666666,0.0026666666666666666,1.1999999999999993,correction_completion,PT_violation_het40,1,200,59,2948851565,reference_fold_convolution_rf,,,,
PRE_SUB,X1=0_k=-3,,,-3.0,reference_fold_pretrend,0.38161152227547956,0.3794075682089345,0.24315911255719283,-0.09163524082174636,-0.019444770236044094,0.7764708400002582,0.8516081812905674,0.06333333333333334,0.12666666666666668,0.12666666666666668,0.7999999999999996,correction_completion,PT_violation_het40,1,200,59,2948851565,reference_fold_convolution_rf,,,,
PRE_SUB,X1=0_k=-2,,,-2.0,reference_fold_pretrend,0.056916311302511874,0.04861595168471983,0.19404451660681943,-0.3227009075922418,-0.26736116994114145,0.3778272511493617,0.4314997668520238,0.40066666666666667,0.8013333333333333,0.8013333333333333,0.3999999999999998,correction_completion,PT_violation_het40,1,200,59,2948851565,reference_fold_convolution_rf,,,,
PRE_SUB,X1=1_k=-4,,,-4.0,reference_fold_pretrend,-0.8440078945799828,-0.8468872595753932,0.24677496206616756,-1.3258712786382032,-1.2541012520460906,-0.42316259459004024,-0.3389785331197125,0.0006666666666666666,0.0013333333333333333,0.0013333333333333333,-1.2,correction_completion,PT_violation_het40,1,200,59,2948851565,reference_fold_convolution_rf,,,,
PRE_SUB,X1=1_k=-3,,,-3.0,reference_fold_pretrend,-0.9343422218970752,-0.9314366654394359,0.2312405275951419,-1.3715896429605667,-1.30835523809271,-0.5462829296873202,-0.46083331191307625,0.0,0.0,0.0,-0.7999999999999999,correction_completion,PT_violation_het40,1,200,59,2948851565,reference_fold_convolution_rf,,,,
PRE_SUB,X1=1_k=-2,,,-2.0,reference_fold_pretrend,-0.8685028508242724,-0.8721164984391481,0.2256532572022837,-1.2814329728769334,-1.216064233651364,-0.48913038251747876,-0.3859041893333694,0.0,0.0,0.0,-0.39999999999999997,correction_completion,PT_violation_het40,1,200,59,2948851565,reference_fold_convolution_rf,,,,
PRE_SUB,X2=low_k=-4,,,-4.0,reference_fold_pretrend,-0.20387499304736245,-0.20862045215999692,0.1882483887927966,-0.559145365474439,-0.5090595301014778,0.10415508716977626,0.1809142622786392,0.136,0.272,0.272,-0.22702702702702704,correction_completion,PT_violation_het40,1,200,59,2948851565,reference_fold_convolution_rf,,,,
PRE_SUB,X2=low_k=-3,,,-3.0,reference_fold_pretrend,-0.39867557423843164,-0.3996725697503407,0.17329598811011673,-0.7223039646233852,-0.6851838109800619,-0.1072049711757181,-0.06497927461838525,0.009333333333333334,0.018666666666666668,0.018666666666666668,-0.15135135135135136,correction_completion,PT_violation_het40,1,200,59,2948851565,reference_fold_convolution_rf,,,,
PRE_SUB,X2=low_k=-2,,,-2.0,reference_fold_pretrend,-0.49078569788025045,-0.49359164048083815,0.1641877151276836,-0.80026000584012,-0.7448826066037711,-0.22066904313383215,-0.1463671304311704,0.002,0.004,0.004,-0.07567567567567568,correction_completion,PT_violation_het40,1,200,59,2948851565,reference_fold_convolution_rf,,,,
PRE_SUB,X2=high_k=-4,,,-4.0,reference_fold_pretrend,-0.14678453357802837,-0.1525591455160195,0.18983187680995417,-0.5039862959998764,-0.4500779198551851,0.1655387437320678,0.2447657479698764,0.21666666666666667,0.43333333333333335,0.43333333333333335,-0.09729729729729727,correction_completion,PT_violation_het40,1,200,59,2948851565,reference_fold_convolution_rf,,,,
PRE_SUB,X2=high_k=-3,,,-3.0,reference_fold_pretrend,-0.34087677431413493,-0.3409354921157113,0.17526218695001988,-0.6746647814733038,-0.6210105223068002,-0.04772022700685526,0.0012949226265334807,0.026,0.052,0.052,-0.06486486486486485,correction_completion,PT_violation_het40,1,200,59,2948851565,reference_fold_convolution_rf,,,,
PRE_SUB,X2=high_k=-2,,,-2.0,reference_fold_pretrend,-0.46734000647985674,-0.4675652788692982,0.1582626135753127,-0.7748565102151563,-0.7238723534610602,-0.20733188634013522,-0.14595372133676726,0.004,0.008,0.008,-0.03243243243243243,correction_completion,PT_violation_het40,1,200,59,2948851565,reference_fold_convolution_rf,,,,
PRE_SUBC,X1_k=-4,,,-4.0,reference_fold_pretrend,-1.560589271552557,-1.5610978263755642,0.3462860936936238,-2.2443608950185725,-2.1359340611683155,-0.9847253047667961,-0.8656062217291944,0.0,0.0,0.0,-2.3999999999999995,correction_completion,PT_violation_het40,1,200,59,2948851565,reference_fold_convolution_rf,,,,
PRE_SUBC,X1_k=-3,,,-3.0,reference_fold_pretrend,-1.3159537441725544,-1.3072071266497476,0.32809603766077,-1.9655563376046363,-1.8610297714307142,-0.803578253983216,-0.6679851832683059,0.0,0.0,0.0,-1.5999999999999996,correction_completion,PT_violation_het40,1,200,59,2948851565,reference_fold_convolution_rf,,,,
PRE_SUBC,X1_k=-2,,,-2.0,reference_fold_pretrend,-0.9254191621267843,-0.9463501035283005,0.2814391618917742,-1.4719324290500795,-1.3787075136871516,-0.42560675072212534,-0.35317069134465906,0.0,0.0,0.0,-0.7999999999999998,correction_completion,PT_violation_het40,1,200,59,2948851565,reference_fold_convolution_rf,,,,
PRE_SUBC,X1_slope,,,,reference_fold_pretrend,0.5885067475092547,0.5868492095738774,0.12455577191251374,0.3394610324861176,0.3812340593369019,0.7904263094689271,0.8491323490536881,0.0,0.0,0.0,0.7999999999999998,correction_completion,PT_violation_het40,1,200,59,2948851565,reference_fold_convolution_rf,,,,
PRE_SUBC,X2_k=-4,,,-4.0,reference_fold_pretrend,0.05709045946933408,0.06467858649116255,0.06688226182682695,-0.14130721441013935,-0.058379824864656385,0.1337106871141923,0.14877956061496472,0.09066666666666667,0.18133333333333335,0.18133333333333335,0.12972972972972976,correction_completion,PT_violation_het40,1,200,59,2948851565,reference_fold_convolution_rf,,,,
PRE_SUBC,X2_k=-3,,,-3.0,reference_fold_pretrend,0.05779879992429679,0.062074279492077805,0.05975678106704018,-0.12776681253649078,-0.02982898614385238,0.13059147769414992,0.1425631087920616,0.074,0.148,0.148,0.0864864864864865,correction_completion,PT_violation_het40,1,200,59,2948851565,reference_fold_convolution_rf,,,,
PRE_SUBC,X2_k=-2,,,-2.0,reference_fold_pretrend,0.023445691400393685,0.03409803434332859,0.056080737398407826,-0.12836204501976445,-0.04423895753823331,0.08422136154960146,0.09858543232550278,0.22866666666666666,0.4573333333333333,0.4573333333333333,0.04324324324324325,correction_completion,PT_violation_het40,1,200,59,2948851565,reference_fold_convolution_rf,,,,
PRE_SUBC,X2_slope,,,,reference_fold_pretrend,-0.022165333546927825,-0.025036424539356256,0.024744331605540654,-0.055726417377441315,-0.05020179126216611,0.01494615609523629,0.05626821818721331,0.07733333333333334,0.15466666666666667,0.15466666666666667,-0.04324324324324325,correction_completion,PT_violation_het40,1,200,59,2948851565,reference_fold_convolution_rf,,,,
GATT,g=4_t=4,4.0,4.0,0.0,raw_structured,3.699624925604757,3.7060353487321978,0.14728924883463645,3.4045995922936845,3.4450215357250986,3.9273112222420097,3.96983240468333,0.0,0.0,0.0,3.6937578094540178,correction_completion,baseline,3,200,43,2864625167,raw_structured,,,,
GATT,g=4_t=5,4.0,5.0,1.0,raw_structured,3.720703110481678,3.7261688761207092,0.14145527598827856,3.4418816501996488,3.484966647815614,3.944675529521149,3.9840284612280765,0.0,0.0,0.0,3.6937578094540178,correction_completion,baseline,3,200,43,2864625167,raw_structured,,,,
GATT,g=4_t=6,4.0,6.0,2.0,raw_structured,3.776943010726141,3.773699279934591,0.14010760042451886,3.5059170237847863,3.5516402550434814,4.007790896566827,4.055560472755411,0.0,0.0,0.0,3.6937578094540178,correction_completion,baseline,3,200,43,2864625167,raw_structured,,,,
GATT,g=4_t=7,4.0,7.0,3.0,raw_structured,3.7518369717219913,3.755462982560206,0.149868688246002,3.4518153374308005,3.500948952146958,3.9914894457381127,4.031721636074315,0.0,0.0,0.0,3.6937578094540178,correction_completion,baseline,3,200,43,2864625167,raw_structured,,,,
ES,k=0,,,0.0,raw_structured,3.699624925604757,3.7060353487321978,0.14728924883463645,3.4045995922936845,3.4450215357250986,3.9273112222420097,3.96983240468333,0.0,0.0,0.0,3.6937578094540178,correction_completion,baseline,3,200,43,2864625167,raw_structured,,,,
ES,k=1,,,1.0,raw_structured,3.720703110481678,3.7261688761207092,0.14145527598827856,3.4418816501996488,3.484966647815614,3.944675529521149,3.9840284612280765,0.0,0.0,0.0,3.6937578094540178,correction_completion,baseline,3,200,43,2864625167,raw_structured,,,,
ES,k=2,,,2.0,raw_structured,3.776943010726141,3.773699279934591,0.14010760042451886,3.5059170237847863,3.5516402550434814,4.007790896566827,4.055560472755411,0.0,0.0,0.0,3.6937578094540178,correction_completion,baseline,3,200,43,2864625167,raw_structured,,,,
ES,k=3,,,3.0,raw_structured,3.7518369717219913,3.755462982560206,0.149868688246002,3.4518153374308005,3.500948952146958,3.9914894457381127,4.031721636074315,0.0,0.0,0.0,3.6937578094540178,correction_completion,baseline,3,200,43,2864625167,raw_structured,,,,
ATT,ATT,,,,raw_structured,3.7372770046336417,3.7424218663451136,0.12082655521063312,3.496833781754346,3.5334539637893325,3.929250691096211,3.967061578854312,0.0,0.0,0.0,3.693757809454017,correction_completion,baseline,3,200,43,2864625167,raw_structured,,,,
GATT,g=4_t=4,4.0,4.0,0.0,reference_fold_convolution,3.5406944791362602,3.5486211011571074,0.23096736544755428,3.0554972853381934,3.1480689709253347,3.9113789268550283,3.999693539893598,0.0,0.0,0.0,3.6937578094540178,correction_completion,baseline,3,200,43,2864625167,reference_fold_convolution_rf,2.3485167035203554,39.14175230178887,,"{""0"": {""bar_pi"": 0.5, ""control_ess"": 45.745905365902196, ""fold_sizes"": [{""evaluation"": 100, ""fold"": 0, ""train"": 100}], ""global_fold_bb"": true, ""max_control_odds"": 2.237482789074035, ""n_clipped"": 0, ""n_complement_units"": 100, ""n_eval_units"": 100, ""posterior_cache_key"": ""g=4_fold=0"", ""posterior_draws"": 1500, ""raw_max_control_odds"": 2.237482789074035}, ""1"": {""bar_pi"": 0.53, ""control_ess"": 39.14175230178887, ""fold_sizes"": [{""evaluation"": 100, ""fold"": 0, ""train"": 100}], ""global_fold_bb"": true, ""max_control_odds"": 2.3485167035203554, ""n_clipped"": 0, ""n_complement_units"": 100, ""n_eval_units"": 100, ""posterior_cache_key"": ""g=4_fold=1"", ""posterior_draws"": 1500, ""raw_max_control_odds"": 2.3485167035203554}}"
GATT,g=4_t=5,4.0,5.0,1.0,reference_fold_convolution,3.591066425128521,3.5873486430738053,0.23874394803754506,3.108835160459545,3.1872373324871,3.9904371860911367,4.053652464487529,0.0,0.0,0.0,3.6937578094540178,correction_completion,baseline,3,200,43,2864625167,reference_fold_convolution_rf,2.3485167035203554,39.14175230178887,,"{""0"": {""bar_pi"": 0.5, ""control_ess"": 45.745905365902196, ""fold_sizes"": [{""evaluation"": 100, ""fold"": 0, ""train"": 100}], ""global_fold_bb"": true, ""max_control_odds"": 2.237482789074035, ""n_clipped"": 0, ""n_complement_units"": 100, ""n_eval_units"": 100, ""posterior_cache_key"": ""g=4_fold=0"", ""posterior_draws"": 1500, ""raw_max_control_odds"": 2.237482789074035}, ""1"": {""bar_pi"": 0.53, ""control_ess"": 39.14175230178887, ""fold_sizes"": [{""evaluation"": 100, ""fold"": 0, ""train"": 100}], ""global_fold_bb"": true, ""max_control_odds"": 2.3485167035203554, ""n_clipped"": 0, ""n_complement_units"": 100, ""n_eval_units"": 100, ""posterior_cache_key"": ""g=4_fold=1"", ""posterior_draws"": 1500, ""raw_max_control_odds"": 2.3485167035203554}}"
GATT,g=4_t=6,4.0,6.0,2.0,reference_fold_convolution,3.679489414154721,3.679666523340319,0.220575956532018,3.240291406968607,3.309653737569442,4.039141890761838,4.103962525356156,0.0,0.0,0.0,3.6937578094540178,correction_completion,baseline,3,200,43,2864625167,reference_fold_convolution_rf,2.3485167035203554,39.14175230178887,,"{""0"": {""bar_pi"": 0.5, ""control_ess"": 45.745905365902196, ""fold_sizes"": [{""evaluation"": 100, ""fold"": 0, ""train"": 100}], ""global_fold_bb"": true, ""max_control_odds"": 2.237482789074035, ""n_clipped"": 0, ""n_complement_units"": 100, ""n_eval_units"": 100, ""posterior_cache_key"": ""g=4_fold=0"", ""posterior_draws"": 1500, ""raw_max_control_odds"": 2.237482789074035}, ""1"": {""bar_pi"": 0.53, ""control_ess"": 39.14175230178887, ""fold_sizes"": [{""evaluation"": 100, ""fold"": 0, ""train"": 100}], ""global_fold_bb"": true, ""max_control_odds"": 2.3485167035203554, ""n_clipped"": 0, ""n_complement_units"": 100, ""n_eval_units"": 100, ""posterior_cache_key"": ""g=4_fold=1"", ""posterior_draws"": 1500, ""raw_max_control_odds"": 2.3485167035203554}}"
GATT,g=4_t=7,4.0,7.0,3.0,reference_fold_convolution,3.514536252500457,3.511761416356852,0.23705096388813604,3.04349239303168,3.1169580794670813,3.896746460472451,3.9491376902204838,0.0,0.0,0.0,3.6937578094540178,correction_completion,baseline,3,200,43,2864625167,reference_fold_convolution_rf,2.3485167035203554,39.14175230178887,,"{""0"": {""bar_pi"": 0.5, ""control_ess"": 45.745905365902196, ""fold_sizes"": [{""evaluation"": 100, ""fold"": 0, ""train"": 100}], ""global_fold_bb"": true, ""max_control_odds"": 2.237482789074035, ""n_clipped"": 0, ""n_complement_units"": 100, ""n_eval_units"": 100, ""posterior_cache_key"": ""g=4_fold=0"", ""posterior_draws"": 1500, ""raw_max_control_odds"": 2.237482789074035}, ""1"": {""bar_pi"": 0.53, ""control_ess"": 39.14175230178887, ""fold_sizes"": [{""evaluation"": 100, ""fold"": 0, ""train"": 100}], ""global_fold_bb"": true, ""max_control_odds"": 2.3485167035203554, ""n_clipped"": 0, ""n_complement_units"": 100, ""n_eval_units"": 100, ""posterior_cache_key"": ""g=4_fold=1"", ""posterior_draws"": 1500, ""raw_max_control_odds"": 2.3485167035203554}}"
ES,k=0,,,0.0,reference_fold_convolution,3.5406944791362602,3.5486211011571074,0.23096736544755428,3.0554972853381934,3.1480689709253347,3.9113789268550283,3.999693539893598,0.0,0.0,0.0,3.6937578094540178,correction_completion,baseline,3,200,43,2864625167,reference_fold_convolution_rf,,,,{}
ES,k=1,,,1.0,reference_fold_convolution,3.591066425128521,3.5873486430738053,0.23874394803754506,3.108835160459545,3.1872373324871,3.9904371860911367,4.053652464487529,0.0,0.0,0.0,3.6937578094540178,correction_completion,baseline,3,200,43,2864625167,reference_fold_convolution_rf,,,,{}
ES,k=2,,,2.0,reference_fold_convolution,3.679489414154721,3.679666523340319,0.220575956532018,3.240291406968607,3.309653737569442,4.039141890761838,4.103962525356156,0.0,0.0,0.0,3.6937578094540178,correction_completion,baseline,3,200,43,2864625167,reference_fold_convolution_rf,,,,{}
ES,k=3,,,3.0,reference_fold_convolution,3.514536252500457,3.511761416356852,0.23705096388813604,3.04349239303168,3.1169580794670813,3.896746460472451,3.9491376902204838,0.0,0.0,0.0,3.6937578094540178,correction_completion,baseline,3,200,43,2864625167,reference_fold_convolution_rf,,,,{}
ATT,ATT,,,,reference_fold_convolution,3.58144664272999,3.5822050981054607,0.18588808963154252,3.211848686987846,3.275112845976896,3.8850134185347236,3.9382927484518997,0.0,0.0,0.0,3.693757809454017,correction_completion,baseline,3,200,43,2864625167,reference_fold_convolution_rf,,,,{}
GATT,g=4_t=4,4.0,4.0,0.0,raw_structured,3.4810888743414035,3.477855180312652,0.2700937722627942,2.974123402185163,3.0514626121944697,3.9122641083645497,4.020400354407115,0.0,0.0,0.0,3.768798874369753,correction_completion,baseline_sweep,2,50,27,3511013405,raw_structured,,,,
GATT,g=4_t=5,4.0,5.0,1.0,raw_structured,3.4781235228956455,3.4655336446100415,0.2554663404077067,2.9967572531002036,3.0720410815686217,3.9019471908238943,4.001171011755421,0.0,0.0,0.0,3.768798874369753,correction_completion,baseline_sweep,2,50,27,3511013405,raw_structured,,,,
GATT,g=4_t=6,4.0,6.0,2.0,raw_structured,3.452665158277852,3.449054440749953,0.2536999844948593,2.956116285082906,3.0463505095357584,3.8654570166784676,3.9521567770980615,0.0,0.0,0.0,3.768798874369753,correction_completion,baseline_sweep,2,50,27,3511013405,raw_structured,,,,
GATT,g=4_t=7,4.0,7.0,3.0,raw_structured,3.4612042123246254,3.461614979228157,0.2689884162226889,2.9011729924321648,3.018912379094443,3.8995320708651695,3.9937228860817435,0.0,0.0,0.0,3.768798874369753,correction_completion,baseline_sweep,2,50,27,3511013405,raw_structured,,,,
ES,k=0,,,0.0,raw_structured,3.4810888743414035,3.477855180312652,0.2700937722627942,2.974123402185163,3.0514626121944697,3.9122641083645497,4.020400354407115,0.0,0.0,0.0,3.768798874369753,correction_completion,baseline_sweep,2,50,27,3511013405,raw_structured,,,,
ES,k=1,,,1.0,raw_structured,3.4781235228956455,3.4655336446100415,0.2554663404077067,2.9967572531002036,3.0720410815686217,3.9019471908238943,4.001171011755421,0.0,0.0,0.0,3.768798874369753,correction_completion,baseline_sweep,2,50,27,3511013405,raw_structured,,,,
ES,k=2,,,2.0,raw_structured,3.452665158277852,3.449054440749953,0.2536999844948593,2.956116285082906,3.0463505095357584,3.8654570166784676,3.9521567770980615,0.0,0.0,0.0,3.768798874369753,correction_completion,baseline_sweep,2,50,27,3511013405,raw_structured,,,,
ES,k=3,,,3.0,raw_structured,3.4612042123246254,3.461614979228157,0.2689884162226889,2.9011729924321648,3.018912379094443,3.8995320708651695,3.9937228860817435,0.0,0.0,0.0,3.768798874369753,correction_completion,baseline_sweep,2,50,27,3511013405,raw_structured,,,,
ATT,ATT,,,,raw_structured,3.468270441959881,3.4611851695288998,0.23181868461746494,2.9966666533283477,3.1009863371692745,3.8465582021138207,3.9050812291069463,0.0,0.0,0.0,3.768798874369753,correction_completion,baseline_sweep,2,50,27,3511013405,raw_structured,,,,
GATT,g=4_t=4,4.0,4.0,0.0,reference_fold_convolution,3.5308735866403222,3.5338075513763254,0.612880461974586,2.3091695103698338,2.543889667171385,4.460215804046474,4.615162270097337,0.0,0.0,0.0,3.768798874369753,correction_completion,baseline_sweep,2,50,27,3511013405,reference_fold_convolution_rf,0.8914318138831082,12.999835738577708,,"{""0"": {""bar_pi"": 0.36, ""control_ess"": 15.999997617356986, ""fold_sizes"": [{""evaluation"": 25, ""fold"": 0, ""train"": 25}], ""global_fold_bb"": true, ""max_control_odds"": 0.8914318138831082, ""n_clipped"": 0, ""n_complement_units"": 25, ""n_eval_units"": 25, ""posterior_cache_key"": ""g=4_fold=0"", ""posterior_draws"": 1500, ""raw_max_control_odds"": 0.8914318138831082}, ""1"": {""bar_pi"": 0.48, ""control_ess"": 12.999835738577708, ""fold_sizes"": [{""evaluation"": 25, ""fold"": 0, ""train"": 25}], ""global_fold_bb"": true, ""max_control_odds"": 0.581595974119338, ""n_clipped"": 0, ""n_complement_units"": 25, ""n_eval_units"": 25, ""posterior_cache_key"": ""g=4_fold=1"", ""posterior_draws"": 1500, ""raw_max_control_odds"": 0.581595974119338}}"
GATT,g=4_t=5,4.0,5.0,1.0,reference_fold_convolution,3.4908356894810493,3.497317638587397,0.5391742630061717,2.3969131239478485,2.5982944570782465,4.369272856939471,4.543760187471047,0.0,0.0,0.0,3.768798874369753,correction_completion,baseline_sweep,2,50,27,3511013405,reference_fold_convolution_rf,0.8914318138831082,12.999835738577708,,"{""0"": {""bar_pi"": 0.36, ""control_ess"": 15.999997617356986, ""fold_sizes"": [{""evaluation"": 25, ""fold"": 0, ""train"": 25}], ""global_fold_bb"": true, ""max_control_odds"": 0.8914318138831082, ""n_clipped"": 0, ""n_complement_units"": 25, ""n_eval_units"": 25, ""posterior_cache_key"": ""g=4_fold=0"", ""posterior_draws"": 1500, ""raw_max_control_odds"": 0.8914318138831082}, ""1"": {""bar_pi"": 0.48, ""control_ess"": 12.999835738577708, ""fold_sizes"": [{""evaluation"": 25, ""fold"": 0, ""train"": 25}], ""global_fold_bb"": true, ""max_control_odds"": 0.581595974119338, ""n_clipped"": 0, ""n_complement_units"": 25, ""n_eval_units"": 25, ""posterior_cache_key"": ""g=4_fold=1"", ""posterior_draws"": 1500, ""raw_max_control_odds"": 0.581595974119338}}"
GATT,g=4_t=6,4.0,6.0,2.0,reference_fold_convolution,3.286731620355918,3.294594858849195,0.535042259123152,2.2434467237698117,2.4485484186450006,4.0924695219986225,4.320881139555412,0.0006666666666666666,0.0013333333333333333,0.0013333333333333333,3.768798874369753,correction_completion,baseline_sweep,2,50,27,3511013405,reference_fold_convolution_rf,0.8914318138831082,12.999835738577708,,"{""0"": {""bar_pi"": 0.36, ""control_ess"": 15.999997617356986, ""fold_sizes"": [{""evaluation"": 25, ""fold"": 0, ""train"": 25}], ""global_fold_bb"": true, ""max_control_odds"": 0.8914318138831082, ""n_clipped"": 0, ""n_complement_units"": 25, ""n_eval_units"": 25, ""posterior_cache_key"": ""g=4_fold=0"", ""posterior_draws"": 1500, ""raw_max_control_odds"": 0.8914318138831082}, ""1"": {""bar_pi"": 0.48, ""control_ess"": 12.999835738577708, ""fold_sizes"": [{""evaluation"": 25, ""fold"": 0, ""train"": 25}], ""global_fold_bb"": true, ""max_control_odds"": 0.581595974119338, ""n_clipped"": 0, ""n_complement_units"": 25, ""n_eval_units"": 25, ""posterior_cache_key"": ""g=4_fold=1"", ""posterior_draws"": 1500, ""raw_max_control_odds"": 0.581595974119338}}"
GATT,g=4_t=7,4.0,7.0,3.0,reference_fold_convolution,3.6606250161776317,3.643527142190908,0.6255154067682308,2.5442496282091316,2.731797861606593,4.653125047416782,4.858786298922684,0.0006666666666666666,0.0013333333333333333,0.0013333333333333333,3.768798874369753,correction_completion,baseline_sweep,2,50,27,3511013405,reference_fold_convolution_rf,0.8914318138831082,12.999835738577708,,"{""0"": {""bar_pi"": 0.36, ""control_ess"": 15.999997617356986, ""fold_sizes"": [{""evaluation"": 25, ""fold"": 0, ""train"": 25}], ""global_fold_bb"": true, ""max_control_odds"": 0.8914318138831082, ""n_clipped"": 0, ""n_complement_units"": 25, ""n_eval_units"": 25, ""posterior_cache_key"": ""g=4_fold=0"", ""posterior_draws"": 1500, ""raw_max_control_odds"": 0.8914318138831082}, ""1"": {""bar_pi"": 0.48, ""control_ess"": 12.999835738577708, ""fold_sizes"": [{""evaluation"": 25, ""fold"": 0, ""train"": 25}], ""global_fold_bb"": true, ""max_control_odds"": 0.581595974119338, ""n_clipped"": 0, ""n_complement_units"": 25, ""n_eval_units"": 25, ""posterior_cache_key"": ""g=4_fold=1"", ""posterior_draws"": 1500, ""raw_max_control_odds"": 0.581595974119338}}"
ES,k=0,,,0.0,reference_fold_convolution,3.5308735866403222,3.5338075513763254,0.612880461974586,2.3091695103698338,2.543889667171385,4.460215804046474,4.615162270097337,0.0,0.0,0.0,3.768798874369753,correction_completion,baseline_sweep,2,50,27,3511013405,reference_fold_convolution_rf,,,,{}
ES,k=1,,,1.0,reference_fold_convolution,3.4908356894810493,3.497317638587397,0.5391742630061717,2.3969131239478485,2.5982944570782465,4.369272856939471,4.543760187471047,0.0,0.0,0.0,3.768798874369753,correction_completion,baseline_sweep,2,50,27,3511013405,reference_fold_convolution_rf,,,,{}
ES,k=2,,,2.0,reference_fold_convolution,3.286731620355918,3.294594858849195,0.535042259123152,2.2434467237698117,2.4485484186450006,4.0924695219986225,4.320881139555412,0.0006666666666666666,0.0013333333333333333,0.0013333333333333333,3.768798874369753,correction_completion,baseline_sweep,2,50,27,3511013405,reference_fold_convolution_rf,,,,{}
ES,k=3,,,3.0,reference_fold_convolution,3.6606250161776317,3.643527142190908,0.6255154067682308,2.5442496282091316,2.731797861606593,4.653125047416782,4.858786298922684,0.0006666666666666666,0.0013333333333333333,0.0013333333333333333,3.768798874369753,correction_completion,baseline_sweep,2,50,27,3511013405,reference_fold_convolution_rf,,,,{}
ATT,ATT,,,,reference_fold_convolution,3.492266478163731,3.4867600576114213,0.5049554409290683,2.514885806954137,2.7039753337095735,4.294551378186941,4.440762234041828,0.0006666666666666666,0.0013333333333333333,0.0013333333333333333,3.768798874369753,correction_completion,baseline_sweep,2,50,27,3511013405,reference_fold_convolution_rf,,,,{}
GATT,g=4_t=4,4.0,4.0,0.0,raw_structured,4.0747748807123205,4.07973530013005,0.19336938232976417,3.6806113338435327,3.75999758891619,4.380469555400978,4.427080454364016,0.0,0.0,0.0,3.7116359569163095,correction_completion,baseline_sweep_d3,3,100,11,1869268680,raw_structured,,,,
GATT,g=4_t=5,4.0,5.0,1.0,raw_structured,4.128879970433398,4.125391947589231,0.1811216197932262,3.7900553097595675,3.8293416774240114,4.425203636749918,4.47571708848471,0.0,0.0,0.0,3.7116359569163095,correction_completion,baseline_sweep_d3,3,100,11,1869268680,raw_structured,,,,
GATT,g=4_t=6,4.0,6.0,2.0,raw_structured,4.125623997156392,4.121577331017588,0.1816655076852808,3.763578391250554,3.8312788694523228,4.417920054353843,4.477179598834783,0.0,0.0,0.0,3.7116359569163095,correction_completion,baseline_sweep_d3,3,100,11,1869268680,raw_structured,,,,
GATT,g=4_t=7,4.0,7.0,3.0,raw_structured,4.057222565188448,4.0699618354304175,0.20758560843640853,3.5921699553709723,3.683382804022208,4.368374781960193,4.426140240739619,0.0,0.0,0.0,3.7116359569163095,correction_completion,baseline_sweep_d3,3,100,11,1869268680,raw_structured,,,,
ES,k=0,,,0.0,raw_structured,4.0747748807123205,4.07973530013005,0.19336938232976417,3.6806113338435327,3.75999758891619,4.380469555400978,4.427080454364016,0.0,0.0,0.0,3.7116359569163095,correction_completion,baseline_sweep_d3,3,100,11,1869268680,raw_structured,,,,
ES,k=1,,,1.0,raw_structured,4.128879970433398,4.125391947589231,0.1811216197932262,3.7900553097595675,3.8293416774240114,4.425203636749918,4.47571708848471,0.0,0.0,0.0,3.7116359569163095,correction_completion,baseline_sweep_d3,3,100,11,1869268680,raw_structured,,,,
ES,k=2,,,2.0,raw_structured,4.125623997156392,4.121577331017588,0.1816655076852808,3.763578391250554,3.8312788694523228,4.417920054353843,4.477179598834783,0.0,0.0,0.0,3.7116359569163095,correction_completion,baseline_sweep_d3,3,100,11,1869268680,raw_structured,,,,
ES,k=3,,,3.0,raw_structured,4.057222565188448,4.0699618354304175,0.20758560843640853,3.5921699553709723,3.683382804022208,4.368374781960193,4.426140240739619,0.0,0.0,0.0,3.7116359569163095,correction_completion,baseline_sweep_d3,3,100,11,1869268680,raw_structured,,,,
ATT,ATT,,,,raw_structured,4.09662535337264,4.099484354912653,0.16055473865319234,3.782403284688278,3.827498471131675,4.343762462203913,4.393470007350656,0.0,0.0,0.0,3.71163595691631,correction_completion,baseline_sweep_d3,3,100,11,1869268680,raw_structured,,,,
GATT,g=4_t=4,4.0,4.0,0.0,reference_fold_convolution,3.6501067420924125,3.648229014340467,0.34791871701509686,2.9809636589115316,3.085736078559804,4.198222890913377,4.355117843133304,0.0,0.0,0.0,3.7116359569163095,correction_completion,baseline_sweep_d3,3,100,11,1869268680,reference_fold_convolution_rf,1.9230979665802685,21.62246459844771,,"{""0"": {""bar_pi"": 0.52, ""control_ess"": 23.121242124174966, ""fold_sizes"": [{""evaluation"": 50, ""fold"": 0, ""train"": 50}], ""global_fold_bb"": true, ""max_control_odds"": 1.8545012279347517, ""n_clipped"": 0, ""n_complement_units"": 50, ""n_eval_units"": 50, ""posterior_cache_key"": ""g=4_fold=0"", ""posterior_draws"": 1500, ""raw_max_control_odds"": 1.8545012279347517}, ""1"": {""bar_pi"": 0.54, ""control_ess"": 21.62246459844771, ""fold_sizes"": [{""evaluation"": 50, ""fold"": 0, ""train"": 50}], ""global_fold_bb"": true, ""max_control_odds"": 1.9230979665802685, ""n_clipped"": 0, ""n_complement_units"": 50, ""n_eval_units"": 50, ""posterior_cache_key"": ""g=4_fold=1"", ""posterior_draws"": 1500, ""raw_max_control_odds"": 1.9230979665802685}}"
GATT,g=4_t=5,4.0,5.0,1.0,reference_fold_convolution,3.918058814522393,3.9078179825966606,0.364879702833357,3.2088906925527803,3.3372472015222994,4.526481075618433,4.638429456626876,0.0,0.0,0.0,3.7116359569163095,correction_completion,baseline_sweep_d3,3,100,11,1869268680,reference_fold_convolution_rf,1.9230979665802685,21.62246459844771,,"{""0"": {""bar_pi"": 0.52, ""control_ess"": 23.121242124174966, ""fold_sizes"": [{""evaluation"": 50, ""fold"": 0, ""train"": 50}], ""global_fold_bb"": true, ""max_control_odds"": 1.8545012279347517, ""n_clipped"": 0, ""n_complement_units"": 50, ""n_eval_units"": 50, ""posterior_cache_key"": ""g=4_fold=0"", ""posterior_draws"": 1500, ""raw_max_control_odds"": 1.8545012279347517}, ""1"": {""bar_pi"": 0.54, ""control_ess"": 21.62246459844771, ""fold_sizes"": [{""evaluation"": 50, ""fold"": 0, ""train"": 50}], ""global_fold_bb"": true, ""max_control_odds"": 1.9230979665802685, ""n_clipped"": 0, ""n_complement_units"": 50, ""n_eval_units"": 50, ""posterior_cache_key"": ""g=4_fold=1"", ""posterior_draws"": 1500, ""raw_max_control_odds"": 1.9230979665802685}}"
GATT,g=4_t=6,4.0,6.0,2.0,reference_fold_convolution,3.769337742806976,3.7657272606388723,0.31149984144936693,3.165125142553023,3.2699558428553694,4.270287728771835,4.376408137137204,0.0,0.0,0.0,3.7116359569163095,correction_completion,baseline_sweep_d3,3,100,11,1869268680,reference_fold_convolution_rf,1.9230979665802685,21.62246459844771,,"{""0"": {""bar_pi"": 0.52, ""control_ess"": 23.121242124174966, ""fold_sizes"": [{""evaluation"": 50, ""fold"": 0, ""train"": 50}], ""global_fold_bb"": true, ""max_control_odds"": 1.8545012279347517, ""n_clipped"": 0, ""n_complement_units"": 50, ""n_eval_units"": 50, ""posterior_cache_key"": ""g=4_fold=0"", ""posterior_draws"": 1500, ""raw_max_control_odds"": 1.8545012279347517}, ""1"": {""bar_pi"": 0.54, ""control_ess"": 21.62246459844771, ""fold_sizes"": [{""evaluation"": 50, ""fold"": 0, ""train"": 50}], ""global_fold_bb"": true, ""max_control_odds"": 1.9230979665802685, ""n_clipped"": 0, ""n_complement_units"": 50, ""n_eval_units"": 50, ""posterior_cache_key"": ""g=4_fold=1"", ""posterior_draws"": 1500, ""raw_max_control_odds"": 1.9230979665802685}}"
GATT,g=4_t=7,4.0,7.0,3.0,reference_fold_convolution,3.514282233721259,3.5140635546281693,0.35464963405495875,2.7997656528452564,2.9519962830364364,4.086271750826748,4.199981249988958,0.0,0.0,0.0,3.7116359569163095,correction_completion,baseline_sweep_d3,3,100,11,1869268680,reference_fold_convolution_rf,1.9230979665802685,21.62246459844771,,"{""0"": {""bar_pi"": 0.52, ""control_ess"": 23.121242124174966, ""fold_sizes"": [{""evaluation"": 50, ""fold"": 0, ""train"": 50}], ""global_fold_bb"": true, ""max_control_odds"": 1.8545012279347517, ""n_clipped"": 0, ""n_complement_units"": 50, ""n_eval_units"": 50, ""posterior_cache_key"": ""g=4_fold=0"", ""posterior_draws"": 1500, ""raw_max_control_odds"": 1.8545012279347517}, ""1"": {""bar_pi"": 0.54, ""control_ess"": 21.62246459844771, ""fold_sizes"": [{""evaluation"": 50, ""fold"": 0, ""train"": 50}], ""global_fold_bb"": true, ""max_control_odds"": 1.9230979665802685, ""n_clipped"": 0, ""n_complement_units"": 50, ""n_eval_units"": 50, ""posterior_cache_key"": ""g=4_fold=1"", ""posterior_draws"": 1500, ""raw_max_control_odds"": 1.9230979665802685}}"
ES,k=0,,,0.0,reference_fold_convolution,3.6501067420924125,3.648229014340467,0.34791871701509686,2.9809636589115316,3.085736078559804,4.198222890913377,4.355117843133304,0.0,0.0,0.0,3.7116359569163095,correction_completion,baseline_sweep_d3,3,100,11,1869268680,reference_fold_convolution_rf,,,,{}
ES,k=1,,,1.0,reference_fold_convolution,3.918058814522393,3.9078179825966606,0.364879702833357,3.2088906925527803,3.3372472015222994,4.526481075618433,4.638429456626876,0.0,0.0,0.0,3.7116359569163095,correction_completion,baseline_sweep_d3,3,100,11,1869268680,reference_fold_convolution_rf,,,,{}
ES,k=2,,,2.0,reference_fold_convolution,3.769337742806976,3.7657272606388723,0.31149984144936693,3.165125142553023,3.2699558428553694,4.270287728771835,4.376408137137204,0.0,0.0,0.0,3.7116359569163095,correction_completion,baseline_sweep_d3,3,100,11,1869268680,reference_fold_convolution_rf,,,,{}
ES,k=3,,,3.0,reference_fold_convolution,3.514282233721259,3.5140635546281693,0.35464963405495875,2.7997656528452564,2.9519962830364364,4.086271750826748,4.199981249988958,0.0,0.0,0.0,3.7116359569163095,correction_completion,baseline_sweep_d3,3,100,11,1869268680,reference_fold_convolution_rf,,,,{}
ATT,ATT,,,,reference_fold_convolution,3.7129463832857605,3.701432521929278,0.28797790991350586,3.1323027429452743,3.239063013721419,4.179446417181285,4.294554351438065,0.0,0.0,0.0,3.71163595691631,correction_completion,baseline_sweep_d3,3,100,11,1869268680,reference_fold_convolution_rf,,,,{}
GATT,g=4_t=4,4.0,4.0,0.0,raw_structured,0.06157211726172165,0.06130047674348276,0.14453291935024387,-0.2268615023957907,-0.18660412124223597,0.28619389568141956,0.3312587487145566,0.32866666666666666,0.6573333333333333,0.6573333333333333,0.0,correction_completion,null,3,200,95,2704026980,raw_structured,,,,
GATT,g=4_t=5,4.0,5.0,1.0,raw_structured,0.09372818844718793,0.0904411406797771,0.13297579322319725,-0.15981255666227018,-0.11707304339364917,0.3115100441082849,0.357728596368178,0.24666666666666667,0.49333333333333335,0.49333333333333335,0.0,correction_completion,null,3,200,95,2704026980,raw_structured,,,,
GATT,g=4_t=6,4.0,6.0,2.0,raw_structured,0.07891226263003324,0.07641854206994143,0.1341129587409193,-0.1861975365009239,-0.1394930341847966,0.2990590115128153,0.33677550630986003,0.2793333333333333,0.5586666666666666,0.5586666666666666,0.0,correction_completion,null,3,200,95,2704026980,raw_structured,,,,
GATT,g=4_t=7,4.0,7.0,3.0,raw_structured,0.06330189794454219,0.06177109193004472,0.14981424446702069,-0.2393461145505272,-0.17724232603406687,0.30692377572350227,0.3522688538677974,0.33866666666666667,0.6773333333333333,0.6773333333333333,0.0,correction_completion,null,3,200,95,2704026980,raw_structured,,,,
ES,k=0,,,0.0,raw_structured,0.06157211726172165,0.06130047674348276,0.14453291935024387,-0.2268615023957907,-0.18660412124223597,0.28619389568141956,0.3312587487145566,0.32866666666666666,0.6573333333333333,0.6573333333333333,0.0,correction_completion,null,3,200,95,2704026980,raw_structured,,,,
ES,k=1,,,1.0,raw_structured,0.09372818844718793,0.0904411406797771,0.13297579322319725,-0.15981255666227018,-0.11707304339364917,0.3115100441082849,0.357728596368178,0.24666666666666667,0.49333333333333335,0.49333333333333335,0.0,correction_completion,null,3,200,95,2704026980,raw_structured,,,,
ES,k=2,,,2.0,raw_structured,0.07891226263003324,0.07641854206994143,0.1341129587409193,-0.1861975365009239,-0.1394930341847966,0.2990590115128153,0.33677550630986003,0.2793333333333333,0.5586666666666666,0.5586666666666666,0.0,correction_completion,null,3,200,95,2704026980,raw_structured,,,,
ES,k=3,,,3.0,raw_structured,0.06330189794454219,0.06177109193004472,0.14981424446702069,-0.2393461145505272,-0.17724232603406687,0.30692377572350227,0.3522688538677974,0.33866666666666667,0.6773333333333333,0.6773333333333333,0.0,correction_completion,null,3,200,95,2704026980,raw_structured,,,,
ATT,ATT,,,,raw_structured,0.07437861657087125,0.07132997481981906,0.11921662842994833,-0.14452802278277205,-0.11702480882458806,0.27450741399811246,0.3159258551309492,0.26666666666666666,0.5333333333333333,0.5333333333333333,0.0,correction_completion,null,3,200,95,2704026980,raw_structured,,,,
GATT,g=4_t=4,4.0,4.0,0.0,reference_fold_convolution,-0.21156690036447087,-0.2140693048318057,0.2019886041577007,-0.6022196225432169,-0.5372248453979541,0.12260468152940825,0.1746646391715561,0.15333333333333332,0.30666666666666664,0.30666666666666664,0.0,correction_completion,null,3,200,95,2704026980,reference_fold_convolution_rf,2.5810792428393294,42.828279914714045,,"{""0"": {""bar_pi"": 0.48, ""control_ess"": 45.65475536201066, ""fold_sizes"": [{""evaluation"": 100, ""fold"": 0, ""train"": 100}], ""global_fold_bb"": true, ""max_control_odds"": 1.645109202737109, ""n_clipped"": 0, ""n_complement_units"": 100, ""n_eval_units"": 100, ""posterior_cache_key"": ""g=4_fold=0"", ""posterior_draws"": 1500, ""raw_max_control_odds"": 1.645109202737109}, ""1"": {""bar_pi"": 0.46, ""control_ess"": 42.828279914714045, ""fold_sizes"": [{""evaluation"": 100, ""fold"": 0, ""train"": 100}], ""global_fold_bb"": true, ""max_control_odds"": 2.5810792428393294, ""n_clipped"": 0, ""n_complement_units"": 100, ""n_eval_units"": 100, ""posterior_cache_key"": ""g=4_fold=1"", ""posterior_draws"": 1500, ""raw_max_control_odds"": 2.5810792428393294}}"
GATT,g=4_t=5,4.0,5.0,1.0,reference_fold_convolution,-0.15769238682979794,-0.1548115284383353,0.21524074202762739,-0.5970816685525042,-0.5138450836533967,0.19432271788391875,0.26075474850063896,0.238,0.476,0.476,0.0,correction_completion,null,3,200,95,2704026980,reference_fold_convolution_rf,2.5810792428393294,42.828279914714045,,"{""0"": {""bar_pi"": 0.48, ""control_ess"": 45.65475536201066, ""fold_sizes"": [{""evaluation"": 100, ""fold"": 0, ""train"": 100}], ""global_fold_bb"": true, ""max_control_odds"": 1.645109202737109, ""n_clipped"": 0, ""n_complement_units"": 100, ""n_eval_units"": 100, ""posterior_cache_key"": ""g=4_fold=0"", ""posterior_draws"": 1500, ""raw_max_control_odds"": 1.645109202737109}, ""1"": {""bar_pi"": 0.46, ""control_ess"": 42.828279914714045, ""fold_sizes"": [{""evaluation"": 100, ""fold"": 0, ""train"": 100}], ""global_fold_bb"": true, ""max_control_odds"": 2.5810792428393294, ""n_clipped"": 0, ""n_complement_units"": 100, ""n_eval_units"": 100, ""posterior_cache_key"": ""g=4_fold=1"", ""posterior_draws"": 1500, ""raw_max_control_odds"": 2.5810792428393294}}"
GATT,g=4_t=6,4.0,6.0,2.0,reference_fold_convolution,-0.026466424976931135,-0.029217499475451193,0.2163416592244673,-0.4476054160579536,-0.384785806490456,0.32570145025628744,0.39664043346227457,0.45066666666666666,0.9013333333333333,0.9013333333333333,0.0,correction_completion,null,3,200,95,2704026980,reference_fold_convolution_rf,2.5810792428393294,42.828279914714045,,"{""0"": {""bar_pi"": 0.48, ""control_ess"": 45.65475536201066, ""fold_sizes"": [{""evaluation"": 100, ""fold"": 0, ""train"": 100}], ""global_fold_bb"": true, ""max_control_odds"": 1.645109202737109, ""n_clipped"": 0, ""n_complement_units"": 100, ""n_eval_units"": 100, ""posterior_cache_key"": ""g=4_fold=0"", ""posterior_draws"": 1500, ""raw_max_control_odds"": 1.645109202737109}, ""1"": {""bar_pi"": 0.46, ""control_ess"": 42.828279914714045, ""fold_sizes"": [{""evaluation"": 100, ""fold"": 0, ""train"": 100}], ""global_fold_bb"": true, ""max_control_odds"": 2.5810792428393294, ""n_clipped"": 0, ""n_complement_units"": 100, ""n_eval_units"": 100, ""posterior_cache_key"": ""g=4_fold=1"", ""posterior_draws"": 1500, ""raw_max_control_odds"": 2.5810792428393294}}"
GATT,g=4_t=7,4.0,7.0,3.0,reference_fold_convolution,-0.11480126588913894,-0.11170232873677713,0.23636018267743159,-0.5835987064261462,-0.5038903070709616,0.27689462802281134,0.34518967250287325,0.308,0.616,0.616,0.0,correction_completion,null,3,200,95,2704026980,reference_fold_convolution_rf,2.5810792428393294,42.828279914714045,,"{""0"": {""bar_pi"": 0.48, ""control_ess"": 45.65475536201066, ""fold_sizes"": [{""evaluation"": 100, ""fold"": 0, ""train"": 100}], ""global_fold_bb"": true, ""max_control_odds"": 1.645109202737109, ""n_clipped"": 0, ""n_complement_units"": 100, ""n_eval_units"": 100, ""posterior_cache_key"": ""g=4_fold=0"", ""posterior_draws"": 1500, ""raw_max_control_odds"": 1.645109202737109}, ""1"": {""bar_pi"": 0.46, ""control_ess"": 42.828279914714045, ""fold_sizes"": [{""evaluation"": 100, ""fold"": 0, ""train"": 100}], ""global_fold_bb"": true, ""max_control_odds"": 2.5810792428393294, ""n_clipped"": 0, ""n_complement_units"": 100, ""n_eval_units"": 100, ""posterior_cache_key"": ""g=4_fold=1"", ""posterior_draws"": 1500, ""raw_max_control_odds"": 2.5810792428393294}}"
ES,k=0,,,0.0,reference_fold_convolution,-0.21156690036447087,-0.2140693048318057,0.2019886041577007,-0.6022196225432169,-0.5372248453979541,0.12260468152940825,0.1746646391715561,0.15333333333333332,0.30666666666666664,0.30666666666666664,0.0,correction_completion,null,3,200,95,2704026980,reference_fold_convolution_rf,,,,{}
ES,k=1,,,1.0,reference_fold_convolution,-0.15769238682979794,-0.1548115284383353,0.21524074202762739,-0.5970816685525042,-0.5138450836533967,0.19432271788391875,0.26075474850063896,0.238,0.476,0.476,0.0,correction_completion,null,3,200,95,2704026980,reference_fold_convolution_rf,,,,{}
ES,k=2,,,2.0,reference_fold_convolution,-0.026466424976931135,-0.029217499475451193,0.2163416592244673,-0.4476054160579536,-0.384785806490456,0.32570145025628744,0.39664043346227457,0.45066666666666666,0.9013333333333333,0.9013333333333333,0.0,correction_completion,null,3,200,95,2704026980,reference_fold_convolution_rf,,,,{}
ES,k=3,,,3.0,reference_fold_convolution,-0.11480126588913894,-0.11170232873677713,0.23636018267743159,-0.5835987064261462,-0.5038903070709616,0.27689462802281134,0.34518967250287325,0.308,0.616,0.616,0.0,correction_completion,null,3,200,95,2704026980,reference_fold_convolution_rf,,,,{}
ATT,ATT,,,,reference_fold_convolution,-0.12763174451508472,-0.12867177846205352,0.17302009006646005,-0.4693087140935251,-0.4143778193196531,0.1562259695075063,0.20266968954371314,0.23,0.46,0.46,0.0,correction_completion,null,3,200,95,2704026980,reference_fold_convolution_rf,,,,{}
GATT,g=4_t=4,4.0,4.0,0.0,raw_structured,3.8042439695425605,3.809090514358868,0.16512232062205676,3.4673331620287744,3.527305620703034,4.065368660018214,4.118557175322166,0.0,0.0,0.0,3.8571671240693233,correction_completion,selection_both,3,200,79,1854653189,raw_structured,,,,
GATT,g=4_t=5,4.0,5.0,1.0,raw_structured,3.894220503241248,3.893711385715646,0.15441023553709723,3.606282803781743,3.649405052895743,4.140939004379996,4.206817909779679,0.0,0.0,0.0,3.8571671240693233,correction_completion,selection_both,3,200,79,1854653189,raw_structured,,,,
GATT,g=4_t=6,4.0,6.0,2.0,raw_structured,4.002400146596852,3.995992845835323,0.1588390408047735,3.711243526155811,3.7485718364290594,4.265543902180138,4.337742479339249,0.0,0.0,0.0,3.8571671240693233,correction_completion,selection_both,3,200,79,1854653189,raw_structured,,,,
GATT,g=4_t=7,4.0,7.0,3.0,raw_structured,4.028209145050173,4.022537268776279,0.16333011012272197,3.7146206872595604,3.7647253029428707,4.307855326284947,4.3571543536880135,0.0,0.0,0.0,3.8571671240693233,correction_completion,selection_both,3,200,79,1854653189,raw_structured,,,,
ES,k=0,,,0.0,raw_structured,3.8042439695425605,3.809090514358868,0.16512232062205676,3.4673331620287744,3.527305620703034,4.065368660018214,4.118557175322166,0.0,0.0,0.0,3.8571671240693233,correction_completion,selection_both,3,200,79,1854653189,raw_structured,,,,
ES,k=1,,,1.0,raw_structured,3.894220503241248,3.893711385715646,0.15441023553709723,3.606282803781743,3.649405052895743,4.140939004379996,4.206817909779679,0.0,0.0,0.0,3.8571671240693233,correction_completion,selection_both,3,200,79,1854653189,raw_structured,,,,
ES,k=2,,,2.0,raw_structured,4.002400146596852,3.995992845835323,0.1588390408047735,3.711243526155811,3.7485718364290594,4.265543902180138,4.337742479339249,0.0,0.0,0.0,3.8571671240693233,correction_completion,selection_both,3,200,79,1854653189,raw_structured,,,,
ES,k=3,,,3.0,raw_structured,4.028209145050173,4.022537268776279,0.16333011012272197,3.7146206872595604,3.7647253029428707,4.307855326284947,4.3571543536880135,0.0,0.0,0.0,3.8571671240693233,correction_completion,selection_both,3,200,79,1854653189,raw_structured,,,,
ATT,ATT,,,,raw_structured,3.9322684411077087,3.931328942778513,0.12547692889144713,3.6950603824772634,3.729346569697355,4.1417783195224205,4.190867101694278,0.0,0.0,0.0,3.8571671240693237,correction_completion,selection_both,3,200,79,1854653189,raw_structured,,,,
GATT,g=4_t=4,4.0,4.0,0.0,reference_fold_convolution,3.977229558417154,3.9722592809935025,0.24884537150354172,3.4977863347842497,3.571701771682216,4.400263900987626,4.478686155134571,0.0,0.0,0.0,3.8571671240693233,correction_completion,selection_both,3,200,79,1854653189,reference_fold_convolution_rf,5.54175929587144,24.687354014981373,,"{""0"": {""bar_pi"": 0.56, ""control_ess"": 24.687354014981373, ""fold_sizes"": [{""evaluation"": 100, ""fold"": 0, ""train"": 100}], ""global_fold_bb"": true, ""max_control_odds"": 5.54175929587144, ""n_clipped"": 0, ""n_complement_units"": 100, ""n_eval_units"": 100, ""posterior_cache_key"": ""g=4_fold=0"", ""posterior_draws"": 1500, ""raw_max_control_odds"": 5.54175929587144}, ""1"": {""bar_pi"": 0.55, ""control_ess"": 38.05126477875207, ""fold_sizes"": [{""evaluation"": 100, ""fold"": 0, ""train"": 100}], ""global_fold_bb"": true, ""max_control_odds"": 2.3663019349800862, ""n_clipped"": 0, ""n_complement_units"": 100, ""n_eval_units"": 100, ""posterior_cache_key"": ""g=4_fold=1"", ""posterior_draws"": 1500, ""raw_max_control_odds"": 2.3663019349800862}}"
GATT,g=4_t=5,4.0,5.0,1.0,reference_fold_convolution,3.8563138034593303,3.859960011591645,0.2744313680870821,3.3113934873598714,3.3979837360644183,4.304011484128352,4.364503038425128,0.0,0.0,0.0,3.8571671240693233,correction_completion,selection_both,3,200,79,1854653189,reference_fold_convolution_rf,5.54175929587144,24.687354014981373,,"{""0"": {""bar_pi"": 0.56, ""control_ess"": 24.687354014981373, ""fold_sizes"": [{""evaluation"": 100, ""fold"": 0, ""train"": 100}], ""global_fold_bb"": true, ""max_control_odds"": 5.54175929587144, ""n_clipped"": 0, ""n_complement_units"": 100, ""n_eval_units"": 100, ""posterior_cache_key"": ""g=4_fold=0"", ""posterior_draws"": 1500, ""raw_max_control_odds"": 5.54175929587144}, ""1"": {""bar_pi"": 0.55, ""control_ess"": 38.05126477875207, ""fold_sizes"": [{""evaluation"": 100, ""fold"": 0, ""train"": 100}], ""global_fold_bb"": true, ""max_control_odds"": 2.3663019349800862, ""n_clipped"": 0, ""n_complement_units"": 100, ""n_eval_units"": 100, ""posterior_cache_key"": ""g=4_fold=1"", ""posterior_draws"": 1500, ""raw_max_control_odds"": 2.3663019349800862}}"
GATT,g=4_t=6,4.0,6.0,2.0,reference_fold_convolution,4.333219030976343,4.322430599782582,0.2413047377332336,3.8538631304926936,3.943620071788651,4.733238345442926,4.825355278046872,0.0,0.0,0.0,3.8571671240693233,correction_completion,selection_both,3,200,79,1854653189,reference_fold_convolution_rf,5.54175929587144,24.687354014981373,,"{""0"": {""bar_pi"": 0.56, ""control_ess"": 24.687354014981373, ""fold_sizes"": [{""evaluation"": 100, ""fold"": 0, ""train"": 100}], ""global_fold_bb"": true, ""max_control_odds"": 5.54175929587144, ""n_clipped"": 0, ""n_complement_units"": 100, ""n_eval_units"": 100, ""posterior_cache_key"": ""g=4_fold=0"", ""posterior_draws"": 1500, ""raw_max_control_odds"": 5.54175929587144}, ""1"": {""bar_pi"": 0.55, ""control_ess"": 38.05126477875207, ""fold_sizes"": [{""evaluation"": 100, ""fold"": 0, ""train"": 100}], ""global_fold_bb"": true, ""max_control_odds"": 2.3663019349800862, ""n_clipped"": 0, ""n_complement_units"": 100, ""n_eval_units"": 100, ""posterior_cache_key"": ""g=4_fold=1"", ""posterior_draws"": 1500, ""raw_max_control_odds"": 2.3663019349800862}}"
GATT,g=4_t=7,4.0,7.0,3.0,reference_fold_convolution,4.148907334532913,4.148816398022447,0.2641990651689286,3.6152619251397806,3.7118646555153694,4.575678547613308,4.675425934456573,0.0,0.0,0.0,3.8571671240693233,correction_completion,selection_both,3,200,79,1854653189,reference_fold_convolution_rf,5.54175929587144,24.687354014981373,,"{""0"": {""bar_pi"": 0.56, ""control_ess"": 24.687354014981373, ""fold_sizes"": [{""evaluation"": 100, ""fold"": 0, ""train"": 100}], ""global_fold_bb"": true, ""max_control_odds"": 5.54175929587144, ""n_clipped"": 0, ""n_complement_units"": 100, ""n_eval_units"": 100, ""posterior_cache_key"": ""g=4_fold=0"", ""posterior_draws"": 1500, ""raw_max_control_odds"": 5.54175929587144}, ""1"": {""bar_pi"": 0.55, ""control_ess"": 38.05126477875207, ""fold_sizes"": [{""evaluation"": 100, ""fold"": 0, ""train"": 100}], ""global_fold_bb"": true, ""max_control_odds"": 2.3663019349800862, ""n_clipped"": 0, ""n_complement_units"": 100, ""n_eval_units"": 100, ""posterior_cache_key"": ""g=4_fold=1"", ""posterior_draws"": 1500, ""raw_max_control_odds"": 2.3663019349800862}}"
ES,k=0,,,0.0,reference_fold_convolution,3.977229558417154,3.9722592809935025,0.24884537150354172,3.4977863347842497,3.571701771682216,4.400263900987626,4.478686155134571,0.0,0.0,0.0,3.8571671240693233,correction_completion,selection_both,3,200,79,1854653189,reference_fold_convolution_rf,,,,{}
ES,k=1,,,1.0,reference_fold_convolution,3.8563138034593303,3.859960011591645,0.2744313680870821,3.3113934873598714,3.3979837360644183,4.304011484128352,4.364503038425128,0.0,0.0,0.0,3.8571671240693233,correction_completion,selection_both,3,200,79,1854653189,reference_fold_convolution_rf,,,,{}
ES,k=2,,,2.0,reference_fold_convolution,4.333219030976343,4.322430599782582,0.2413047377332336,3.8538631304926936,3.943620071788651,4.733238345442926,4.825355278046872,0.0,0.0,0.0,3.8571671240693233,correction_completion,selection_both,3,200,79,1854653189,reference_fold_convolution_rf,,,,{}
ES,k=3,,,3.0,reference_fold_convolution,4.148907334532913,4.148816398022447,0.2641990651689286,3.6152619251397806,3.7118646555153694,4.575678547613308,4.675425934456573,0.0,0.0,0.0,3.8571671240693233,correction_completion,selection_both,3,200,79,1854653189,reference_fold_convolution_rf,,,,{}
ATT,ATT,,,,reference_fold_convolution,4.078917431846435,4.076492877704974,0.20559172050418234,3.686516745183303,3.729490287318717,4.4145949415373975,4.48564418854549,0.0,0.0,0.0,3.8571671240693237,correction_completion,selection_both,3,200,79,1854653189,reference_fold_convolution_rf,,,,{}
GATT,g=4_t=4,4.0,4.0,0.0,raw_structured,3.8387152279171497,3.832747576078292,0.12289652377731748,3.6014623574146465,3.6412978112841765,4.049928562822773,4.084287771637228,0.0,0.0,0.0,3.7699307648492537,correction_completion,serial,3,200,63,1009065910,raw_structured,,,,
GATT,g=4_t=5,4.0,5.0,1.0,raw_structured,3.8088286078144225,3.8082027279658077,0.11006757580612507,3.588233757180271,3.6291794647288866,3.9862568755583103,4.020568812371476,0.0,0.0,0.0,3.7699307648492537,correction_completion,serial,3,200,63,1009065910,raw_structured,,,,
GATT,g=4_t=6,4.0,6.0,2.0,raw_structured,3.7844558844372416,3.7877992676920655,0.11308628115813653,3.54940240560553,3.591652473161992,3.9583057607631567,4.00508113158484,0.0,0.0,0.0,3.7699307648492537,correction_completion,serial,3,200,63,1009065910,raw_structured,,,,
GATT,g=4_t=7,4.0,7.0,3.0,raw_structured,3.753204319351006,3.758761908196791,0.12592789660775644,3.4947851892887174,3.5352928108513364,3.9450182802027824,3.9854548734660873,0.0,0.0,0.0,3.7699307648492537,correction_completion,serial,3,200,63,1009065910,raw_structured,,,,
ES,k=0,,,0.0,raw_structured,3.8387152279171497,3.832747576078292,0.12289652377731748,3.6014623574146465,3.6412978112841765,4.049928562822773,4.084287771637228,0.0,0.0,0.0,3.7699307648492537,correction_completion,serial,3,200,63,1009065910,raw_structured,,,,
ES,k=1,,,1.0,raw_structured,3.8088286078144225,3.8082027279658077,0.11006757580612507,3.588233757180271,3.6291794647288866,3.9862568755583103,4.020568812371476,0.0,0.0,0.0,3.7699307648492537,correction_completion,serial,3,200,63,1009065910,raw_structured,,,,
ES,k=2,,,2.0,raw_structured,3.7844558844372416,3.7877992676920655,0.11308628115813653,3.54940240560553,3.591652473161992,3.9583057607631567,4.00508113158484,0.0,0.0,0.0,3.7699307648492537,correction_completion,serial,3,200,63,1009065910,raw_structured,,,,
ES,k=3,,,3.0,raw_structured,3.753204319351006,3.758761908196791,0.12592789660775644,3.4947851892887174,3.5352928108513364,3.9450182802027824,3.9854548734660873,0.0,0.0,0.0,3.7699307648492537,correction_completion,serial,3,200,63,1009065910,raw_structured,,,,
ATT,ATT,,,,raw_structured,3.7963010098799552,3.797584866496658,0.0956461783193937,3.6071981184169424,3.6392995117653757,3.9447490037581185,3.9815265350213402,0.0,0.0,0.0,3.769930764849254,correction_completion,serial,3,200,63,1009065910,raw_structured,,,,
GATT,g=4_t=4,4.0,4.0,0.0,reference_fold_convolution,3.7185034270006607,3.719698640523539,0.17678742305556577,3.3638368920733472,3.4362116961526317,4.0135239998075765,4.0598764865470205,0.0,0.0,0.0,3.7699307648492537,correction_completion,serial,3,200,63,1009065910,reference_fold_convolution_rf,3.092908583361624,41.70406620775169,,"{""0"": {""bar_pi"": 0.43, ""control_ess"": 41.70406620775169, ""fold_sizes"": [{""evaluation"": 100, ""fold"": 0, ""train"": 100}], ""global_fold_bb"": true, ""max_control_odds"": 3.092908583361624, ""n_clipped"": 0, ""n_complement_units"": 100, ""n_eval_units"": 100, ""posterior_cache_key"": ""g=4_fold=0"", ""posterior_draws"": 1500, ""raw_max_control_odds"": 3.092908583361624}, ""1"": {""bar_pi"": 0.49, ""control_ess"": 46.095587447100534, ""fold_sizes"": [{""evaluation"": 100, ""fold"": 0, ""train"": 100}], ""global_fold_bb"": true, ""max_control_odds"": 1.50616769378461, ""n_clipped"": 0, ""n_complement_units"": 100, ""n_eval_units"": 100, ""posterior_cache_key"": ""g=4_fold=1"", ""posterior_draws"": 1500, ""raw_max_control_odds"": 1.50616769378461}}"
GATT,g=4_t=5,4.0,5.0,1.0,reference_fold_convolution,3.6140184590961284,3.6128758143649917,0.19981210190221238,3.230233475475739,3.303664666188482,3.9367613240192414,3.9966074061850967,0.0,0.0,0.0,3.7699307648492537,correction_completion,serial,3,200,63,1009065910,reference_fold_convolution_rf,3.092908583361624,41.70406620775169,,"{""0"": {""bar_pi"": 0.43, ""control_ess"": 41.70406620775169, ""fold_sizes"": [{""evaluation"": 100, ""fold"": 0, ""train"": 100}], ""global_fold_bb"": true, ""max_control_odds"": 3.092908583361624, ""n_clipped"": 0, ""n_complement_units"": 100, ""n_eval_units"": 100, ""posterior_cache_key"": ""g=4_fold=0"", ""posterior_draws"": 1500, ""raw_max_control_odds"": 3.092908583361624}, ""1"": {""bar_pi"": 0.49, ""control_ess"": 46.095587447100534, ""fold_sizes"": [{""evaluation"": 100, ""fold"": 0, ""train"": 100}], ""global_fold_bb"": true, ""max_control_odds"": 1.50616769378461, ""n_clipped"": 0, ""n_complement_units"": 100, ""n_eval_units"": 100, ""posterior_cache_key"": ""g=4_fold=1"", ""posterior_draws"": 1500, ""raw_max_control_odds"": 1.50616769378461}}"
GATT,g=4_t=6,4.0,6.0,2.0,reference_fold_convolution,3.6156766483396643,3.6150509686943435,0.2140733259442429,3.19951654499965,3.255090342837698,3.9580796994977128,4.023369279951627,0.0,0.0,0.0,3.7699307648492537,correction_completion,serial,3,200,63,1009065910,reference_fold_convolution_rf,3.092908583361624,41.70406620775169,,"{""0"": {""bar_pi"": 0.43, ""control_ess"": 41.70406620775169, ""fold_sizes"": [{""evaluation"": 100, ""fold"": 0, ""train"": 100}], ""global_fold_bb"": true, ""max_control_odds"": 3.092908583361624, ""n_clipped"": 0, ""n_complement_units"": 100, ""n_eval_units"": 100, ""posterior_cache_key"": ""g=4_fold=0"", ""posterior_draws"": 1500, ""raw_max_control_odds"": 3.092908583361624}, ""1"": {""bar_pi"": 0.49, ""control_ess"": 46.095587447100534, ""fold_sizes"": [{""evaluation"": 100, ""fold"": 0, ""train"": 100}], ""global_fold_bb"": true, ""max_control_odds"": 1.50616769378461, ""n_clipped"": 0, ""n_complement_units"": 100, ""n_eval_units"": 100, ""posterior_cache_key"": ""g=4_fold=1"", ""posterior_draws"": 1500, ""raw_max_control_odds"": 1.50616769378461}}"
GATT,g=4_t=7,4.0,7.0,3.0,reference_fold_convolution,3.5183336245526577,3.5266924769384813,0.23912046782313945,3.0171954797552303,3.125345241637741,3.9008134224819537,3.9704482623264092,0.0,0.0,0.0,3.7699307648492537,correction_completion,serial,3,200,63,1009065910,reference_fold_convolution_rf,3.092908583361624,41.70406620775169,,"{""0"": {""bar_pi"": 0.43, ""control_ess"": 41.70406620775169, ""fold_sizes"": [{""evaluation"": 100, ""fold"": 0, ""train"": 100}], ""global_fold_bb"": true, ""max_control_odds"": 3.092908583361624, ""n_clipped"": 0, ""n_complement_units"": 100, ""n_eval_units"": 100, ""posterior_cache_key"": ""g=4_fold=0"", ""posterior_draws"": 1500, ""raw_max_control_odds"": 3.092908583361624}, ""1"": {""bar_pi"": 0.49, ""control_ess"": 46.095587447100534, ""fold_sizes"": [{""evaluation"": 100, ""fold"": 0, ""train"": 100}], ""global_fold_bb"": true, ""max_control_odds"": 1.50616769378461, ""n_clipped"": 0, ""n_complement_units"": 100, ""n_eval_units"": 100, ""posterior_cache_key"": ""g=4_fold=1"", ""posterior_draws"": 1500, ""raw_max_control_odds"": 1.50616769378461}}"
ES,k=0,,,0.0,reference_fold_convolution,3.7185034270006607,3.719698640523539,0.17678742305556577,3.3638368920733472,3.4362116961526317,4.0135239998075765,4.0598764865470205,0.0,0.0,0.0,3.7699307648492537,correction_completion,serial,3,200,63,1009065910,reference_fold_convolution_rf,,,,{}
ES,k=1,,,1.0,reference_fold_convolution,3.6140184590961284,3.6128758143649917,0.19981210190221238,3.230233475475739,3.303664666188482,3.9367613240192414,3.9966074061850967,0.0,0.0,0.0,3.7699307648492537,correction_completion,serial,3,200,63,1009065910,reference_fold_convolution_rf,,,,{}
ES,k=2,,,2.0,reference_fold_convolution,3.6156766483396643,3.6150509686943435,0.2140733259442429,3.19951654499965,3.255090342837698,3.9580796994977128,4.023369279951627,0.0,0.0,0.0,3.7699307648492537,correction_completion,serial,3,200,63,1009065910,reference_fold_convolution_rf,,,,{}
ES,k=3,,,3.0,reference_fold_convolution,3.5183336245526577,3.5266924769384813,0.23912046782313945,3.0171954797552303,3.125345241637741,3.9008134224819537,3.9704482623264092,0.0,0.0,0.0,3.7699307648492537,correction_completion,serial,3,200,63,1009065910,reference_fold_convolution_rf,,,,{}
ATT,ATT,,,,reference_fold_convolution,3.616633039747278,3.6102272127980815,0.17837896221367408,3.2773641441831183,3.32816650936722,3.9086794128416735,3.950299554163556,0.0,0.0,0.0,3.769930764849254,correction_completion,serial,3,200,63,1009065910,reference_fold_convolution_rf,,,,{}
GATT,g=4_t=4,4.0,4.0,0.0,raw_structured,4.039058159081816,4.041564721295594,0.22395316431274023,3.621951477300075,3.6774580200787255,4.421706780290566,4.496367675894479,0.0,0.0,0.0,3.587439884813591,correction_completion,serial_sweep,2,50,47,1218666383,raw_structured,,,,
GATT,g=4_t=5,4.0,5.0,1.0,raw_structured,4.016791988809004,4.00759778077075,0.219104651155758,3.6159889622721866,3.6698287581303872,4.395312483125394,4.472820992434518,0.0,0.0,0.0,3.587439884813591,correction_completion,serial_sweep,2,50,47,1218666383,raw_structured,,,,
GATT,g=4_t=6,4.0,6.0,2.0,raw_structured,3.9483721033580097,3.942253986040507,0.22790070590614062,3.504115420696841,3.575878151448162,4.329305577413251,4.420516557966816,0.0,0.0,0.0,3.587439884813591,correction_completion,serial_sweep,2,50,47,1218666383,raw_structured,,,,
GATT,g=4_t=7,4.0,7.0,3.0,raw_structured,3.7690256745837045,3.765120788833694,0.26428177961793975,3.2640653080682025,3.3479708464032276,4.211970351684671,4.3026450822324716,0.0,0.0,0.0,3.587439884813591,correction_completion,serial_sweep,2,50,47,1218666383,raw_structured,,,,
ES,k=0,,,0.0,raw_structured,4.039058159081816,4.041564721295594,0.22395316431274023,3.621951477300075,3.6774580200787255,4.421706780290566,4.496367675894479,0.0,0.0,0.0,3.587439884813591,correction_completion,serial_sweep,2,50,47,1218666383,raw_structured,,,,
ES,k=1,,,1.0,raw_structured,4.016791988809004,4.00759778077075,0.219104651155758,3.6159889622721866,3.6698287581303872,4.395312483125394,4.472820992434518,0.0,0.0,0.0,3.587439884813591,correction_completion,serial_sweep,2,50,47,1218666383,raw_structured,,,,
ES,k=2,,,2.0,raw_structured,3.9483721033580097,3.942253986040507,0.22790070590614062,3.504115420696841,3.575878151448162,4.329305577413251,4.420516557966816,0.0,0.0,0.0,3.587439884813591,correction_completion,serial_sweep,2,50,47,1218666383,raw_structured,,,,
ES,k=3,,,3.0,raw_structured,3.7690256745837045,3.765120788833694,0.26428177961793975,3.2640653080682025,3.3479708464032276,4.211970351684671,4.3026450822324716,0.0,0.0,0.0,3.587439884813591,correction_completion,serial_sweep,2,50,47,1218666383,raw_structured,,,,
ATT,ATT,,,,raw_structured,3.943311981458134,3.932110120018491,0.19712098852857868,3.5683639139423926,3.628079677963037,4.281239007792536,4.361532507633222,0.0,0.0,0.0,3.5874398848135907,correction_completion,serial_sweep,2,50,47,1218666383,raw_structured,,,,
GATT,g=4_t=4,4.0,4.0,0.0,reference_fold_convolution,4.257071474542983,4.221030770971356,0.44716292187063184,3.441839534424551,3.6026625672270236,5.0286954533423955,5.232658264349033,0.0,0.0,0.0,3.587439884813591,correction_completion,serial_sweep,2,50,47,1218666383,reference_fold_convolution_rf,1.468831008517467,10.000000000000002,,"{""0"": {""bar_pi"": 0.6, ""control_ess"": 10.000000000000002, ""fold_sizes"": [{""evaluation"": 25, ""fold"": 0, ""train"": 25}], ""global_fold_bb"": true, ""max_control_odds"": 0.567889620570711, ""n_clipped"": 0, ""n_complement_units"": 25, ""n_eval_units"": 25, ""posterior_cache_key"": ""g=4_fold=0"", ""posterior_draws"": 1500, ""raw_max_control_odds"": 0.567889620570711}, ""1"": {""bar_pi"": 0.36, ""control_ess"": 15.999927742263347, ""fold_sizes"": [{""evaluation"": 25, ""fold"": 0, ""train"": 25}], ""global_fold_bb"": true, ""max_control_odds"": 1.468831008517467, ""n_clipped"": 0, ""n_complement_units"": 25, ""n_eval_units"": 25, ""posterior_cache_key"": ""g=4_fold=1"", ""posterior_draws"": 1500, ""raw_max_control_odds"": 1.468831008517467}}"
GATT,g=4_t=5,4.0,5.0,1.0,reference_fold_convolution,4.126544594492147,4.145096309764102,0.48529242212101437,3.1276075819122657,3.323948996236782,4.8557996953152065,5.081616827160681,0.0,0.0,0.0,3.587439884813591,correction_completion,serial_sweep,2,50,47,1218666383,reference_fold_convolution_rf,1.468831008517467,10.000000000000002,,"{""0"": {""bar_pi"": 0.6, ""control_ess"": 10.000000000000002, ""fold_sizes"": [{""evaluation"": 25, ""fold"": 0, ""train"": 25}], ""global_fold_bb"": true, ""max_control_odds"": 0.567889620570711, ""n_clipped"": 0, ""n_complement_units"": 25, ""n_eval_units"": 25, ""posterior_cache_key"": ""g=4_fold=0"", ""posterior_draws"": 1500, ""raw_max_control_odds"": 0.567889620570711}, ""1"": {""bar_pi"": 0.36, ""control_ess"": 15.999927742263347, ""fold_sizes"": [{""evaluation"": 25, ""fold"": 0, ""train"": 25}], ""global_fold_bb"": true, ""max_control_odds"": 1.468831008517467, ""n_clipped"": 0, ""n_complement_units"": 25, ""n_eval_units"": 25, ""posterior_cache_key"": ""g=4_fold=1"", ""posterior_draws"": 1500, ""raw_max_control_odds"": 1.468831008517467}}"
GATT,g=4_t=6,4.0,6.0,2.0,reference_fold_convolution,3.946653731522057,3.9657620879911417,0.517428859999274,2.825205840940894,3.0842318334118444,4.720400830820623,4.949608747878367,0.0,0.0,0.0,3.587439884813591,correction_completion,serial_sweep,2,50,47,1218666383,reference_fold_convolution_rf,1.468831008517467,10.000000000000002,,"{""0"": {""bar_pi"": 0.6, ""control_ess"": 10.000000000000002, ""fold_sizes"": [{""evaluation"": 25, ""fold"": 0, ""train"": 25}], ""global_fold_bb"": true, ""max_control_odds"": 0.567889620570711, ""n_clipped"": 0, ""n_complement_units"": 25, ""n_eval_units"": 25, ""posterior_cache_key"": ""g=4_fold=0"", ""posterior_draws"": 1500, ""raw_max_control_odds"": 0.567889620570711}, ""1"": {""bar_pi"": 0.36, ""control_ess"": 15.999927742263347, ""fold_sizes"": [{""evaluation"": 25, ""fold"": 0, ""train"": 25}], ""global_fold_bb"": true, ""max_control_odds"": 1.468831008517467, ""n_clipped"": 0, ""n_complement_units"": 25, ""n_eval_units"": 25, ""posterior_cache_key"": ""g=4_fold=1"", ""posterior_draws"": 1500, ""raw_max_control_odds"": 1.468831008517467}}"
GATT,g=4_t=7,4.0,7.0,3.0,reference_fold_convolution,3.5287339114780827,3.5471860688797916,0.6146562249532107,2.416903308746145,2.6332909379092158,4.365151437038502,4.564841356763518,0.0013333333333333333,0.0026666666666666666,0.0026666666666666666,3.587439884813591,correction_completion,serial_sweep,2,50,47,1218666383,reference_fold_convolution_rf,1.468831008517467,10.000000000000002,,"{""0"": {""bar_pi"": 0.6, ""control_ess"": 10.000000000000002, ""fold_sizes"": [{""evaluation"": 25, ""fold"": 0, ""train"": 25}], ""global_fold_bb"": true, ""max_control_odds"": 0.567889620570711, ""n_clipped"": 0, ""n_complement_units"": 25, ""n_eval_units"": 25, ""posterior_cache_key"": ""g=4_fold=0"", ""posterior_draws"": 1500, ""raw_max_control_odds"": 0.567889620570711}, ""1"": {""bar_pi"": 0.36, ""control_ess"": 15.999927742263347, ""fold_sizes"": [{""evaluation"": 25, ""fold"": 0, ""train"": 25}], ""global_fold_bb"": true, ""max_control_odds"": 1.468831008517467, ""n_clipped"": 0, ""n_complement_units"": 25, ""n_eval_units"": 25, ""posterior_cache_key"": ""g=4_fold=1"", ""posterior_draws"": 1500, ""raw_max_control_odds"": 1.468831008517467}}"
ES,k=0,,,0.0,reference_fold_convolution,4.257071474542983,4.221030770971356,0.44716292187063184,3.441839534424551,3.6026625672270236,5.0286954533423955,5.232658264349033,0.0,0.0,0.0,3.587439884813591,correction_completion,serial_sweep,2,50,47,1218666383,reference_fold_convolution_rf,,,,{}
ES,k=1,,,1.0,reference_fold_convolution,4.126544594492147,4.145096309764102,0.48529242212101437,3.1276075819122657,3.323948996236782,4.8557996953152065,5.081616827160681,0.0,0.0,0.0,3.587439884813591,correction_completion,serial_sweep,2,50,47,1218666383,reference_fold_convolution_rf,,,,{}
ES,k=2,,,2.0,reference_fold_convolution,3.946653731522057,3.9657620879911417,0.517428859999274,2.825205840940894,3.0842318334118444,4.720400830820623,4.949608747878367,0.0,0.0,0.0,3.587439884813591,correction_completion,serial_sweep,2,50,47,1218666383,reference_fold_convolution_rf,,,,{}
ES,k=3,,,3.0,reference_fold_convolution,3.5287339114780827,3.5471860688797916,0.6146562249532107,2.416903308746145,2.6332909379092158,4.365151437038502,4.564841356763518,0.0013333333333333333,0.0026666666666666666,0.0026666666666666666,3.587439884813591,correction_completion,serial_sweep,2,50,47,1218666383,reference_fold_convolution_rf,,,,{}
ATT,ATT,,,,reference_fold_convolution,3.9647509280088173,3.9700707578967114,0.42182400313338225,3.0783152229768547,3.27197247114619,4.627460829092902,4.762625700523769,0.0,0.0,0.0,3.5874398848135907,correction_completion,serial_sweep,2,50,47,1218666383,reference_fold_convolution_rf,,,,{}
GATT,g=4_t=4,4.0,4.0,0.0,raw_structured,4.394336781890584,4.396404167030832,0.15116594463890992,4.1002714268771125,4.150903829620725,4.6445137054364185,4.7036973604043935,0.0,0.0,0.0,4.178886670218611,correction_completion,serial_sweep_d3,3,100,31,3043933307,raw_structured,,,,
GATT,g=4_t=5,4.0,5.0,1.0,raw_structured,4.383057652787267,4.38752520588916,0.14173588688353123,4.112429908673086,4.152778587742357,4.615303979513394,4.66930688208465,0.0,0.0,0.0,4.178886670218611,correction_completion,serial_sweep_d3,3,100,31,3043933307,raw_structured,,,,
GATT,g=4_t=6,4.0,6.0,2.0,raw_structured,4.375712926323991,4.385161177125775,0.14796278430392193,4.0678711635867195,4.134952311784455,4.61524462289245,4.671023269115387,0.0,0.0,0.0,4.178886670218611,correction_completion,serial_sweep_d3,3,100,31,3043933307,raw_structured,,,,
GATT,g=4_t=7,4.0,7.0,3.0,raw_structured,4.402895886165974,4.400879750596137,0.15931038081980436,4.098760726919923,4.1473100219011005,4.671121105348697,4.735833821309706,0.0,0.0,0.0,4.178886670218611,correction_completion,serial_sweep_d3,3,100,31,3043933307,raw_structured,,,,
ES,k=0,,,0.0,raw_structured,4.394336781890584,4.396404167030832,0.15116594463890992,4.1002714268771125,4.150903829620725,4.6445137054364185,4.7036973604043935,0.0,0.0,0.0,4.178886670218611,correction_completion,serial_sweep_d3,3,100,31,3043933307,raw_structured,,,,
ES,k=1,,,1.0,raw_structured,4.383057652787267,4.38752520588916,0.14173588688353123,4.112429908673086,4.152778587742357,4.615303979513394,4.66930688208465,0.0,0.0,0.0,4.178886670218611,correction_completion,serial_sweep_d3,3,100,31,3043933307,raw_structured,,,,
ES,k=2,,,2.0,raw_structured,4.375712926323991,4.385161177125775,0.14796278430392193,4.0678711635867195,4.134952311784455,4.61524462289245,4.671023269115387,0.0,0.0,0.0,4.178886670218611,correction_completion,serial_sweep_d3,3,100,31,3043933307,raw_structured,,,,
ES,k=3,,,3.0,raw_structured,4.402895886165974,4.400879750596137,0.15931038081980436,4.098760726919923,4.1473100219011005,4.671121105348697,4.735833821309706,0.0,0.0,0.0,4.178886670218611,correction_completion,serial_sweep_d3,3,100,31,3043933307,raw_structured,,,,
ATT,ATT,,,,raw_structured,4.389000811791955,4.393182659054217,0.128671452589293,4.1426755087600045,4.182644219887094,4.599635678505423,4.6463205155198235,0.0,0.0,0.0,4.178886670218611,correction_completion,serial_sweep_d3,3,100,31,3043933307,raw_structured,,,,
GATT,g=4_t=4,4.0,4.0,0.0,reference_fold_convolution,4.608351350907353,4.596561649222792,0.2680236720647599,4.0963018440309185,4.19312848433335,5.05591007543806,5.149017056241492,0.0,0.0,0.0,4.178886670218611,correction_completion,serial_sweep_d3,3,100,31,3043933307,reference_fold_convolution_rf,1.8322356147184276,21.909753718706888,,"{""0"": {""bar_pi"": 0.48, ""control_ess"": 24.150455942501036, ""fold_sizes"": [{""evaluation"": 50, ""fold"": 0, ""train"": 50}], ""global_fold_bb"": true, ""max_control_odds"": 1.8322356147184276, ""n_clipped"": 0, ""n_complement_units"": 50, ""n_eval_units"": 50, ""posterior_cache_key"": ""g=4_fold=0"", ""posterior_draws"": 1500, ""raw_max_control_odds"": 1.8322356147184276}, ""1"": {""bar_pi"": 0.54, ""control_ess"": 21.909753718706888, ""fold_sizes"": [{""evaluation"": 50, ""fold"": 0, ""train"": 50}], ""global_fold_bb"": true, ""max_control_odds"": 1.5160626829581405, ""n_clipped"": 0, ""n_complement_units"": 50, ""n_eval_units"": 50, ""posterior_cache_key"": ""g=4_fold=1"", ""posterior_draws"": 1500, ""raw_max_control_odds"": 1.5160626829581405}}"
GATT,g=4_t=5,4.0,5.0,1.0,reference_fold_convolution,4.525787905344077,4.519251353265135,0.294937039332416,3.9546265340603837,4.06073673052318,5.028238941625926,5.131390106791494,0.0,0.0,0.0,4.178886670218611,correction_completion,serial_sweep_d3,3,100,31,3043933307,reference_fold_convolution_rf,1.8322356147184276,21.909753718706888,,"{""0"": {""bar_pi"": 0.48, ""control_ess"": 24.150455942501036, ""fold_sizes"": [{""evaluation"": 50, ""fold"": 0, ""train"": 50}], ""global_fold_bb"": true, ""max_control_odds"": 1.8322356147184276, ""n_clipped"": 0, ""n_complement_units"": 50, ""n_eval_units"": 50, ""posterior_cache_key"": ""g=4_fold=0"", ""posterior_draws"": 1500, ""raw_max_control_odds"": 1.8322356147184276}, ""1"": {""bar_pi"": 0.54, ""control_ess"": 21.909753718706888, ""fold_sizes"": [{""evaluation"": 50, ""fold"": 0, ""train"": 50}], ""global_fold_bb"": true, ""max_control_odds"": 1.5160626829581405, ""n_clipped"": 0, ""n_complement_units"": 50, ""n_eval_units"": 50, ""posterior_cache_key"": ""g=4_fold=1"", ""posterior_draws"": 1500, ""raw_max_control_odds"": 1.5160626829581405}}"
GATT,g=4_t=6,4.0,6.0,2.0,reference_fold_convolution,4.457059605440452,4.4523426585377415,0.28991132624255234,3.895909600542844,4.000652614429864,4.956658582515075,5.054897990487504,0.0,0.0,0.0,4.178886670218611,correction_completion,serial_sweep_d3,3,100,31,3043933307,reference_fold_convolution_rf,1.8322356147184276,21.909753718706888,,"{""0"": {""bar_pi"": 0.48, ""control_ess"": 24.150455942501036, ""fold_sizes"": [{""evaluation"": 50, ""fold"": 0, ""train"": 50}], ""global_fold_bb"": true, ""max_control_odds"": 1.8322356147184276, ""n_clipped"": 0, ""n_complement_units"": 50, ""n_eval_units"": 50, ""posterior_cache_key"": ""g=4_fold=0"", ""posterior_draws"": 1500, ""raw_max_control_odds"": 1.8322356147184276}, ""1"": {""bar_pi"": 0.54, ""control_ess"": 21.909753718706888, ""fold_sizes"": [{""evaluation"": 50, ""fold"": 0, ""train"": 50}], ""global_fold_bb"": true, ""max_control_odds"": 1.5160626829581405, ""n_clipped"": 0, ""n_complement_units"": 50, ""n_eval_units"": 50, ""posterior_cache_key"": ""g=4_fold=1"", ""posterior_draws"": 1500, ""raw_max_control_odds"": 1.5160626829581405}}"
GATT,g=4_t=7,4.0,7.0,3.0,reference_fold_convolution,4.60562462394733,4.599770547118319,0.3027289621251993,4.0222550440653615,4.096234431192911,5.1047739292135095,5.221672173835021,0.0,0.0,0.0,4.178886670218611,correction_completion,serial_sweep_d3,3,100,31,3043933307,reference_fold_convolution_rf,1.8322356147184276,21.909753718706888,,"{""0"": {""bar_pi"": 0.48, ""control_ess"": 24.150455942501036, ""fold_sizes"": [{""evaluation"": 50, ""fold"": 0, ""train"": 50}], ""global_fold_bb"": true, ""max_control_odds"": 1.8322356147184276, ""n_clipped"": 0, ""n_complement_units"": 50, ""n_eval_units"": 50, ""posterior_cache_key"": ""g=4_fold=0"", ""posterior_draws"": 1500, ""raw_max_control_odds"": 1.8322356147184276}, ""1"": {""bar_pi"": 0.54, ""control_ess"": 21.909753718706888, ""fold_sizes"": [{""evaluation"": 50, ""fold"": 0, ""train"": 50}], ""global_fold_bb"": true, ""max_control_odds"": 1.5160626829581405, ""n_clipped"": 0, ""n_complement_units"": 50, ""n_eval_units"": 50, ""posterior_cache_key"": ""g=4_fold=1"", ""posterior_draws"": 1500, ""raw_max_control_odds"": 1.5160626829581405}}"
ES,k=0,,,0.0,reference_fold_convolution,4.608351350907353,4.596561649222792,0.2680236720647599,4.0963018440309185,4.19312848433335,5.05591007543806,5.149017056241492,0.0,0.0,0.0,4.178886670218611,correction_completion,serial_sweep_d3,3,100,31,3043933307,reference_fold_convolution_rf,,,,{}
ES,k=1,,,1.0,reference_fold_convolution,4.525787905344077,4.519251353265135,0.294937039332416,3.9546265340603837,4.06073673052318,5.028238941625926,5.131390106791494,0.0,0.0,0.0,4.178886670218611,correction_completion,serial_sweep_d3,3,100,31,3043933307,reference_fold_convolution_rf,,,,{}
ES,k=2,,,2.0,reference_fold_convolution,4.457059605440452,4.4523426585377415,0.28991132624255234,3.895909600542844,4.000652614429864,4.956658582515075,5.054897990487504,0.0,0.0,0.0,4.178886670218611,correction_completion,serial_sweep_d3,3,100,31,3043933307,reference_fold_convolution_rf,,,,{}
ES,k=3,,,3.0,reference_fold_convolution,4.60562462394733,4.599770547118319,0.3027289621251993,4.0222550440653615,4.096234431192911,5.1047739292135095,5.221672173835021,0.0,0.0,0.0,4.178886670218611,correction_completion,serial_sweep_d3,3,100,31,3043933307,reference_fold_convolution_rf,,,,{}
ATT,ATT,,,,reference_fold_convolution,4.549205871409803,4.534753086697407,0.2562667601661205,4.07070235897089,4.134125919676837,4.987614739984832,5.075345609319845,0.0,0.0,0.0,4.178886670218611,correction_completion,serial_sweep_d3,3,100,31,3043933307,reference_fold_convolution_rf,,,,{}
GATT,g=4_t=4,4.0,4.0,0.0,raw_structured,2.9792266670833603,2.9755502807172856,0.18127318649625335,2.627261580871974,2.697239369993617,3.277231106911347,3.3463155703525356,0.0,0.0,0.0,2.9686808753668683,correction_completion,staggered,2,200,15,3772720571,raw_structured,,,,
GATT,g=4_t=5,4.0,5.0,1.0,raw_structured,4.389375034658161,4.391693893547078,0.17343930213394693,4.0505864637274325,4.0996758262449005,4.6667567221070945,4.73411463421684,0.0,0.0,0.0,4.1561532255136155,correction_completion,staggered,2,200,15,3772720571,raw_structured,,,,
GATT,g=4_t=6,4.0,6.0,2.0,raw_structured,5.588043150094232,5.5924934616596875,0.18386765441461475,5.206784353396587,5.279602107592187,5.8833038872794,5.935822468376619,0.0,0.0,0.0,5.3436255756603614,correction_completion,staggered,2,200,15,3772720571,raw_structured,,,,
GATT,g=4_t=7,4.0,7.0,3.0,raw_structured,6.389138700365203,6.385655478600718,0.23042602284142552,5.958670429110457,6.001204431152906,6.762662236706944,6.819221997756155,0.0,0.0,0.0,6.53109792580711,correction_completion,staggered,2,200,15,3772720571,raw_structured,,,,
GATT,g=5_t=5,5.0,5.0,0.0,raw_structured,4.902301276522019,4.910318238174352,0.1764989701411022,4.519282886330775,4.609147605301598,5.1750134266272765,5.2280354488989245,0.0,0.0,0.0,4.384410258500162,correction_completion,staggered,2,200,15,3772720571,raw_structured,,,,
GATT,g=5_t=6,5.0,6.0,1.0,raw_structured,6.370702577787475,6.370726271962477,0.17852713304758247,6.018361113629641,6.0750219520637,6.670140037818428,6.718589518683109,0.0,0.0,0.0,6.138174361900225,correction_completion,staggered,2,200,15,3772720571,raw_structured,,,,
GATT,g=5_t=7,5.0,7.0,2.0,raw_structured,7.579392926458831,7.581178644508982,0.22068617199546642,7.16345251643527,7.217151711678096,7.938963218029346,8.010314525357707,0.0,0.0,0.0,7.891938465300291,correction_completion,staggered,2,200,15,3772720571,raw_structured,,,,
GATT,g=6_t=6,6.0,6.0,0.0,raw_structured,5.599416102145605,5.605542495216156,0.17106901611832825,5.259879171959429,5.313052891042439,5.869620032189229,5.92546616876834,0.0,0.0,0.0,5.392880552506226,correction_completion,staggered,2,200,15,3772720571,raw_structured,,,,
GATT,g=6_t=7,6.0,7.0,1.0,raw_structured,7.026152518805,7.014028028805447,0.2008678560319515,6.629952143582407,6.714359691427847,7.365186942876858,7.437640543668164,0.0,0.0,0.0,7.550032773508716,correction_completion,staggered,2,200,15,3772720571,raw_structured,,,,
ES,k=0,,,0.0,raw_structured,4.427626961353471,4.430475885601059,0.12322861781509464,4.185113117269586,4.21878706551744,4.630320390708559,4.670805090925802,0.0,0.0,0.0,4.188427824672477,correction_completion,staggered,2,200,15,3772720571,raw_structured,,,,
ES,k=1,,,1.0,raw_structured,5.862196188387307,5.862808322560019,0.13553813124946454,5.605968906800627,5.644446918975334,6.078524408131931,6.13102133341485,0.0,0.0,0.0,5.863798954541466,correction_completion,staggered,2,200,15,3772720571,raw_structured,,,,
ES,k=2,,,2.0,raw_structured,6.5430782469221525,6.545830312872027,0.17548824299127888,6.19773517576237,6.251043335782884,6.8283183977192685,6.872192325531038,0.0,0.0,0.0,6.565775634977471,correction_completion,staggered,2,200,15,3772720571,raw_structured,,,,
ES,k=3,,,3.0,raw_structured,6.389138700365203,6.385655478600718,0.23042602284142552,5.958670429110457,6.001204431152906,6.762662236706944,6.819221997756155,0.0,0.0,0.0,6.53109792580711,correction_completion,staggered,2,200,15,3772720571,raw_structured,,,,
ATT,ATT,,,,raw_structured,5.607904455381494,5.615017355378573,0.11876425803821282,5.372638626307543,5.4156902696544025,5.800655187048513,5.838075063383585,0.0,0.0,0.0,5.551843439012321,correction_completion,staggered,2,200,15,3772720571,raw_structured,,,,
GATT,g=4_t=4,4.0,4.0,0.0,reference_fold_convolution,3.436115111800005,3.429127581740975,0.3675488695329441,2.7342462717404166,2.8538135468894645,4.02196105454785,4.200895554581939,0.0,0.0,0.0,2.9686808753668683,correction_completion,staggered,2,200,15,3772720571,reference_fold_convolution_rf,2.258427350171015,24.088711360619502,,"{""0"": {""bar_pi"": 0.37735849056603776, ""control_ess"": 29.63993609423467, ""fold_sizes"": [{""evaluation"": 53, ""fold"": 0, ""train"": 56}], ""global_fold_bb"": true, ""max_control_odds"": 2.258427350171015, ""n_clipped"": 0, ""n_complement_units"": 56, ""n_eval_units"": 53, ""posterior_cache_key"": ""g=4_fold=0"", ""posterior_draws"": 1500, ""raw_max_control_odds"": 2.258427350171015}, ""1"": {""bar_pi"": 0.5535714285714286, ""control_ess"": 24.088711360619502, ""fold_sizes"": [{""evaluation"": 56, ""fold"": 0, ""train"": 53}], ""global_fold_bb"": true, ""max_control_odds"": 1.0045891857847473, ""n_clipped"": 0, ""n_complement_units"": 53, ""n_eval_units"": 56, ""posterior_cache_key"": ""g=4_fold=1"", ""posterior_draws"": 1500, ""raw_max_control_odds"": 1.0045891857847473}}"
GATT,g=4_t=5,4.0,5.0,1.0,reference_fold_convolution,4.355326739684817,4.340163855059988,0.38474126973230705,3.5909996083877695,3.727289856154165,4.990790595076491,5.090682568463388,0.0,0.0,0.0,4.1561532255136155,correction_completion,staggered,2,200,15,3772720571,reference_fold_convolution_rf,2.258427350171015,24.088711360619502,,"{""0"": {""bar_pi"": 0.37735849056603776, ""control_ess"": 29.63993609423467, ""fold_sizes"": [{""evaluation"": 53, ""fold"": 0, ""train"": 56}], ""global_fold_bb"": true, ""max_control_odds"": 2.258427350171015, ""n_clipped"": 0, ""n_complement_units"": 56, ""n_eval_units"": 53, ""posterior_cache_key"": ""g=4_fold=0"", ""posterior_draws"": 1500, ""raw_max_control_odds"": 2.258427350171015}, ""1"": {""bar_pi"": 0.5535714285714286, ""control_ess"": 24.088711360619502, ""fold_sizes"": [{""evaluation"": 56, ""fold"": 0, ""train"": 53}], ""global_fold_bb"": true, ""max_control_odds"": 1.0045891857847473, ""n_clipped"": 0, ""n_complement_units"": 53, ""n_eval_units"": 56, ""posterior_cache_key"": ""g=4_fold=1"", ""posterior_draws"": 1500, ""raw_max_control_odds"": 1.0045891857847473}}"
GATT,g=4_t=6,4.0,6.0,2.0,reference_fold_convolution,5.419529169282322,5.40916617640597,0.3940762169615374,4.609663868758857,4.777733301380152,6.099389414703662,6.214894644983327,0.0,0.0,0.0,5.3436255756603614,correction_completion,staggered,2,200,15,3772720571,reference_fold_convolution_rf,2.258427350171015,24.088711360619502,,"{""0"": {""bar_pi"": 0.37735849056603776, ""control_ess"": 29.63993609423467, ""fold_sizes"": [{""evaluation"": 53, ""fold"": 0, ""train"": 56}], ""global_fold_bb"": true, ""max_control_odds"": 2.258427350171015, ""n_clipped"": 0, ""n_complement_units"": 56, ""n_eval_units"": 53, ""posterior_cache_key"": ""g=4_fold=0"", ""posterior_draws"": 1500, ""raw_max_control_odds"": 2.258427350171015}, ""1"": {""bar_pi"": 0.5535714285714286, ""control_ess"": 24.088711360619502, ""fold_sizes"": [{""evaluation"": 56, ""fold"": 0, ""train"": 53}], ""global_fold_bb"": true, ""max_control_odds"": 1.0045891857847473, ""n_clipped"": 0, ""n_complement_units"": 53, ""n_eval_units"": 56, ""posterior_cache_key"": ""g=4_fold=1"", ""posterior_draws"": 1500, ""raw_max_control_odds"": 1.0045891857847473}}"
GATT,g=4_t=7,4.0,7.0,3.0,reference_fold_convolution,7.006319136279798,6.999549862998494,0.4824579978437797,6.078979135235314,6.202547162398761,7.794016962571436,7.948993479722586,0.0,0.0,0.0,6.53109792580711,correction_completion,staggered,2,200,15,3772720571,reference_fold_convolution_rf,2.258427350171015,24.088711360619502,,"{""0"": {""bar_pi"": 0.37735849056603776, ""control_ess"": 29.63993609423467, ""fold_sizes"": [{""evaluation"": 53, ""fold"": 0, ""train"": 56}], ""global_fold_bb"": true, ""max_control_odds"": 2.258427350171015, ""n_clipped"": 0, ""n_complement_units"": 56, ""n_eval_units"": 53, ""posterior_cache_key"": ""g=4_fold=0"", ""posterior_draws"": 1500, ""raw_max_control_odds"": 2.258427350171015}, ""1"": {""bar_pi"": 0.5535714285714286, ""control_ess"": 24.088711360619502, ""fold_sizes"": [{""evaluation"": 56, ""fold"": 0, ""train"": 53}], ""global_fold_bb"": true, ""max_control_odds"": 1.0045891857847473, ""n_clipped"": 0, ""n_complement_units"": 53, ""n_eval_units"": 56, ""posterior_cache_key"": ""g=4_fold=1"", ""posterior_draws"": 1500, ""raw_max_control_odds"": 1.0045891857847473}}"
GATT,g=6_t=6,6.0,6.0,0.0,reference_fold_convolution,5.574193005164632,5.584725050062893,0.389872715682127,4.8250004519520795,4.919552780451419,6.203242621071806,6.35293997879746,0.0,0.0,0.0,5.392880552506226,correction_completion,staggered,2,200,15,3772720571,reference_fold_convolution_rf,1.3539261560816536,24.41898262633311,,"{""0"": {""bar_pi"": 0.42105263157894735, ""control_ess"": 31.570069194123796, ""fold_sizes"": [{""evaluation"": 57, ""fold"": 0, ""train"": 45}], ""global_fold_bb"": true, ""max_control_odds"": 1.3539261560816536, ""n_clipped"": 0, ""n_complement_units"": 45, ""n_eval_units"": 57, ""posterior_cache_key"": ""g=6_fold=0"", ""posterior_draws"": 1500, ""raw_max_control_odds"": 1.3539261560816536}, ""1"": {""bar_pi"": 0.4444444444444444, ""control_ess"": 24.41898262633311, ""fold_sizes"": [{""evaluation"": 45, ""fold"": 0, ""train"": 57}], ""global_fold_bb"": true, ""max_control_odds"": 1.0412703715963554, ""n_clipped"": 0, ""n_complement_units"": 57, ""n_eval_units"": 45, ""posterior_cache_key"": ""g=6_fold=1"", ""posterior_draws"": 1500, ""raw_max_control_odds"": 1.0412703715963554}}"
GATT,g=6_t=7,6.0,7.0,1.0,reference_fold_convolution,7.547241851446175,7.539648024440259,0.46419903594634504,6.6790270601580835,6.8056370449277015,8.297749865681887,8.490716104753195,0.0,0.0,0.0,7.550032773508716,correction_completion,staggered,2,200,15,3772720571,reference_fold_convolution_rf,1.3539261560816536,24.41898262633311,,"{""0"": {""bar_pi"": 0.42105263157894735, ""control_ess"": 31.570069194123796, ""fold_sizes"": [{""evaluation"": 57, ""fold"": 0, ""train"": 45}], ""global_fold_bb"": true, ""max_control_odds"": 1.3539261560816536, ""n_clipped"": 0, ""n_complement_units"": 45, ""n_eval_units"": 57, ""posterior_cache_key"": ""g=6_fold=0"", ""posterior_draws"": 1500, ""raw_max_control_odds"": 1.3539261560816536}, ""1"": {""bar_pi"": 0.4444444444444444, ""control_ess"": 24.41898262633311, ""fold_sizes"": [{""evaluation"": 45, ""fold"": 0, ""train"": 57}], ""global_fold_bb"": true, ""max_control_odds"": 1.0412703715963554, ""n_clipped"": 0, ""n_complement_units"": 57, ""n_eval_units"": 45, ""posterior_cache_key"": ""g=6_fold=1"", ""posterior_draws"": 1500, ""raw_max_control_odds"": 1.0412703715963554}}"
GATT,g=5_t=5,5.0,5.0,0.0,reference_fold_convolution,4.48439705096761,4.476379181667861,0.3226239035232201,3.8440301645280854,3.9600569431462618,5.0582832978349765,5.141055135792035,0.0,0.0,0.0,4.384410258500162,correction_completion,staggered,2,200,15,3772720571,reference_fold_convolution_rf,1.4866188290173432,21.524708171768772,,"{""0"": {""bar_pi"": 0.4107142857142857, ""control_ess"": 30.855937108601175, ""fold_sizes"": [{""evaluation"": 56, ""fold"": 0, ""train"": 49}], ""global_fold_bb"": true, ""max_control_odds"": 1.4866188290173432, ""n_clipped"": 0, ""n_complement_units"": 49, ""n_eval_units"": 56, ""posterior_cache_key"": ""g=5_fold=0"", ""posterior_draws"": 1500, ""raw_max_control_odds"": 1.4866188290173432}, ""1"": {""bar_pi"": 0.4897959183673469, ""control_ess"": 21.524708171768772, ""fold_sizes"": [{""evaluation"": 49, ""fold"": 0, ""train"": 56}], ""global_fold_bb"": true, ""max_control_odds"": 1.3826152245796774, ""n_clipped"": 0, ""n_complement_units"": 56, ""n_eval_units"": 49, ""posterior_cache_key"": ""g=5_fold=1"", ""posterior_draws"": 1500, ""raw_max_control_odds"": 1.3826152245796774}}"
GATT,g=5_t=6,5.0,6.0,1.0,reference_fold_convolution,6.174114225479451,6.166024892245616,0.4100940223808964,5.410528305162419,5.518101441227613,6.8517133971885595,7.018614127250613,0.0,0.0,0.0,6.138174361900225,correction_completion,staggered,2,200,15,3772720571,reference_fold_convolution_rf,1.4866188290173432,21.524708171768772,,"{""0"": {""bar_pi"": 0.4107142857142857, ""control_ess"": 30.855937108601175, ""fold_sizes"": [{""evaluation"": 56, ""fold"": 0, ""train"": 49}], ""global_fold_bb"": true, ""max_control_odds"": 1.4866188290173432, ""n_clipped"": 0, ""n_complement_units"": 49, ""n_eval_units"": 56, ""posterior_cache_key"": ""g=5_fold=0"", ""posterior_draws"": 1500, ""raw_max_control_odds"": 1.4866188290173432}, ""1"": {""bar_pi"": 0.4897959183673469, ""control_ess"": 21.524708171768772, ""fold_sizes"": [{""evaluation"": 49, ""fold"": 0, ""train"": 56}], ""global_fold_bb"": true, ""max_control_odds"": 1.3826152245796774, ""n_clipped"": 0, ""n_complement_units"": 56, ""n_eval_units"": 49, ""posterior_cache_key"": ""g=5_fold=1"", ""posterior_draws"": 1500, ""raw_max_control_odds"": 1.3826152245796774}}"
GATT,g=5_t=7,5.0,7.0,2.0,reference_fold_convolution,8.02954137747687,8.01345440316504,0.4991130020916364,7.089959875514852,7.252902957949482,8.861706047147765,9.060423097073697,0.0,0.0,0.0,7.891938465300291,correction_completion,staggered,2,200,15,3772720571,reference_fold_convolution_rf,1.4866188290173432,21.524708171768772,,"{""0"": {""bar_pi"": 0.4107142857142857, ""control_ess"": 30.855937108601175, ""fold_sizes"": [{""evaluation"": 56, ""fold"": 0, ""train"": 49}], ""global_fold_bb"": true, ""max_control_odds"": 1.4866188290173432, ""n_clipped"": 0, ""n_complement_units"": 49, ""n_eval_units"": 56, ""posterior_cache_key"": ""g=5_fold=0"", ""posterior_draws"": 1500, ""raw_max_control_odds"": 1.4866188290173432}, ""1"": {""bar_pi"": 0.4897959183673469, ""control_ess"": 21.524708171768772, ""fold_sizes"": [{""evaluation"": 49, ""fold"": 0, ""train"": 56}], ""global_fold_bb"": true, ""max_control_odds"": 1.3826152245796774, ""n_clipped"": 0, ""n_complement_units"": 56, ""n_eval_units"": 49, ""posterior_cache_key"": ""g=5_fold=1"", ""posterior_draws"": 1500, ""raw_max_control_odds"": 1.3826152245796774}}"
ES,k=0,,,0.0,reference_fold_convolution,4.445584678341702,4.442612679568197,0.19224548834636832,4.079178707396786,4.1352446722066905,4.7582180711289785,4.830253546376182,0.0,0.0,0.0,4.188427824672477,correction_completion,staggered,2,200,15,3772720571,reference_fold_convolution_rf,,,,{}
ES,k=1,,,1.0,reference_fold_convolution,5.946363899895012,5.938378857458593,0.23454110870928743,5.481665257093788,5.562707135962753,6.335894437341966,6.416277245284362,0.0,0.0,0.0,5.863798954541466,correction_completion,staggered,2,200,15,3772720571,reference_fold_convolution_rf,,,,{}
ES,k=2,,,2.0,reference_fold_convolution,6.67126971811032,6.660535088087493,0.3302677397075118,6.060891256466632,6.156791696804179,7.217165580789704,7.334555480234753,0.0,0.0,0.0,6.565775634977471,correction_completion,staggered,2,200,15,3772720571,reference_fold_convolution_rf,,,,{}
ES,k=3,,,3.0,reference_fold_convolution,7.006319136279798,6.999549862998494,0.4824579978437797,6.078979135235314,6.202547162398761,7.794016962571436,7.948993479722586,0.0,0.0,0.0,6.53109792580711,correction_completion,staggered,2,200,15,3772720571,reference_fold_convolution_rf,,,,{}
ATT,ATT,,,,reference_fold_convolution,5.7431025552764305,5.745996774548361,0.22161378516846636,5.311345126456988,5.386834280445575,6.102951286326528,6.194704116024631,0.0,0.0,0.0,5.551843439012321,correction_completion,staggered,2,200,15,3772720571,reference_fold_convolution_rf,,,,{}
GATT,g=4_t=4,4.0,4.0,0.0,raw_structured,3.9290413369061272,3.9312857975573974,0.13542352142520384,3.661163016100447,3.698842077209477,4.152756361231011,4.196654478931095,0.0,0.0,0.0,3.898333554897113,correction_completion,strong_confounder,2,200,99,2452406663,raw_structured,,,,
GATT,g=4_t=5,4.0,5.0,1.0,raw_structured,3.9172487730264764,3.922371024781472,0.12840913655665465,3.6566363012702614,3.7018986279567203,4.117857899818557,4.162781466052193,0.0,0.0,0.0,3.898333554897113,correction_completion,strong_confounder,2,200,99,2452406663,raw_structured,,,,
GATT,g=4_t=6,4.0,6.0,2.0,raw_structured,3.989331135212017,3.9844145333842778,0.147914152012818,3.717246277232139,3.754467245335213,4.237770143109786,4.283469810012553,0.0,0.0,0.0,3.898333554897113,correction_completion,strong_confounder,2,200,99,2452406663,raw_structured,,,,
GATT,g=4_t=7,4.0,7.0,3.0,raw_structured,3.68979008818383,3.6918673392453902,0.1690469651987541,3.3578279729419327,3.407304508279751,3.96570692382792,4.006935970107263,0.0,0.0,0.0,3.898333554897113,correction_completion,strong_confounder,2,200,99,2452406663,raw_structured,,,,
ES,k=0,,,0.0,raw_structured,3.9290413369061272,3.9312857975573974,0.13542352142520384,3.661163016100447,3.698842077209477,4.152756361231011,4.196654478931095,0.0,0.0,0.0,3.898333554897113,correction_completion,strong_confounder,2,200,99,2452406663,raw_structured,,,,
ES,k=1,,,1.0,raw_structured,3.9172487730264764,3.922371024781472,0.12840913655665465,3.6566363012702614,3.7018986279567203,4.117857899818557,4.162781466052193,0.0,0.0,0.0,3.898333554897113,correction_completion,strong_confounder,2,200,99,2452406663,raw_structured,,,,
ES,k=2,,,2.0,raw_structured,3.989331135212017,3.9844145333842778,0.147914152012818,3.717246277232139,3.754467245335213,4.237770143109786,4.283469810012553,0.0,0.0,0.0,3.898333554897113,correction_completion,strong_confounder,2,200,99,2452406663,raw_structured,,,,
ES,k=3,,,3.0,raw_structured,3.68979008818383,3.6918673392453902,0.1690469651987541,3.3578279729419327,3.407304508279751,3.96570692382792,4.006935970107263,0.0,0.0,0.0,3.898333554897113,correction_completion,strong_confounder,2,200,99,2452406663,raw_structured,,,,
ATT,ATT,,,,raw_structured,3.8813528333321123,3.883954461521463,0.10695028176492044,3.666707896520901,3.6974594011683277,4.050932146081676,4.083399823890444,0.0,0.0,0.0,3.8983335548971136,correction_completion,strong_confounder,2,200,99,2452406663,raw_structured,,,,
GATT,g=4_t=4,4.0,4.0,0.0,reference_fold_convolution,3.7329370608556047,3.7369297487139725,0.2085292913037187,3.3103278916143895,3.379842243304296,4.06972498060353,4.139469756425148,0.0,0.0,0.0,3.898333554897113,correction_completion,strong_confounder,2,200,99,2452406663,reference_fold_convolution_rf,1.6619169755385281,48.60886476302265,,"{""0"": {""bar_pi"": 0.45, ""control_ess"": 48.60886476302265, ""fold_sizes"": [{""evaluation"": 100, ""fold"": 0, ""train"": 100}], ""global_fold_bb"": true, ""max_control_odds"": 1.6619169755385281, ""n_clipped"": 0, ""n_complement_units"": 100, ""n_eval_units"": 100, ""posterior_cache_key"": ""g=4_fold=0"", ""posterior_draws"": 1500, ""raw_max_control_odds"": 1.6619169755385281}, ""1"": {""bar_pi"": 0.44, ""control_ess"": 51.94720583593572, ""fold_sizes"": [{""evaluation"": 100, ""fold"": 0, ""train"": 100}], ""global_fold_bb"": true, ""max_control_odds"": 1.6165525005761752, ""n_clipped"": 0, ""n_complement_units"": 100, ""n_eval_units"": 100, ""posterior_cache_key"": ""g=4_fold=1"", ""posterior_draws"": 1500, ""raw_max_control_odds"": 1.6165525005761752}}"
GATT,g=4_t=5,4.0,5.0,1.0,reference_fold_convolution,3.684720400914149,3.681837949886382,0.2426055734730914,3.189692627744907,3.286214850650493,4.072669259011208,4.146779031825812,0.0,0.0,0.0,3.898333554897113,correction_completion,strong_confounder,2,200,99,2452406663,reference_fold_convolution_rf,1.6619169755385281,48.60886476302265,,"{""0"": {""bar_pi"": 0.45, ""control_ess"": 48.60886476302265, ""fold_sizes"": [{""evaluation"": 100, ""fold"": 0, ""train"": 100}], ""global_fold_bb"": true, ""max_control_odds"": 1.6619169755385281, ""n_clipped"": 0, ""n_complement_units"": 100, ""n_eval_units"": 100, ""posterior_cache_key"": ""g=4_fold=0"", ""posterior_draws"": 1500, ""raw_max_control_odds"": 1.6619169755385281}, ""1"": {""bar_pi"": 0.44, ""control_ess"": 51.94720583593572, ""fold_sizes"": [{""evaluation"": 100, ""fold"": 0, ""train"": 100}], ""global_fold_bb"": true, ""max_control_odds"": 1.6165525005761752, ""n_clipped"": 0, ""n_complement_units"": 100, ""n_eval_units"": 100, ""posterior_cache_key"": ""g=4_fold=1"", ""posterior_draws"": 1500, ""raw_max_control_odds"": 1.6165525005761752}}"
GATT,g=4_t=6,4.0,6.0,2.0,reference_fold_convolution,3.931572257714981,3.9251913432403525,0.22575920292527488,3.4800354809486356,3.568947474938713,4.2991513216292265,4.379389369499788,0.0,0.0,0.0,3.898333554897113,correction_completion,strong_confounder,2,200,99,2452406663,reference_fold_convolution_rf,1.6619169755385281,48.60886476302265,,"{""0"": {""bar_pi"": 0.45, ""control_ess"": 48.60886476302265, ""fold_sizes"": [{""evaluation"": 100, ""fold"": 0, ""train"": 100}], ""global_fold_bb"": true, ""max_control_odds"": 1.6619169755385281, ""n_clipped"": 0, ""n_complement_units"": 100, ""n_eval_units"": 100, ""posterior_cache_key"": ""g=4_fold=0"", ""posterior_draws"": 1500, ""raw_max_control_odds"": 1.6619169755385281}, ""1"": {""bar_pi"": 0.44, ""control_ess"": 51.94720583593572, ""fold_sizes"": [{""evaluation"": 100, ""fold"": 0, ""train"": 100}], ""global_fold_bb"": true, ""max_control_odds"": 1.6165525005761752, ""n_clipped"": 0, ""n_complement_units"": 100, ""n_eval_units"": 100, ""posterior_cache_key"": ""g=4_fold=1"", ""posterior_draws"": 1500, ""raw_max_control_odds"": 1.6165525005761752}}"
GATT,g=4_t=7,4.0,7.0,3.0,reference_fold_convolution,3.3575520934879877,3.359182491645918,0.25511497401652994,2.842129670681676,2.927643067345073,3.760853917989315,3.8330077942311673,0.0,0.0,0.0,3.898333554897113,correction_completion,strong_confounder,2,200,99,2452406663,reference_fold_convolution_rf,1.6619169755385281,48.60886476302265,,"{""0"": {""bar_pi"": 0.45, ""control_ess"": 48.60886476302265, ""fold_sizes"": [{""evaluation"": 100, ""fold"": 0, ""train"": 100}], ""global_fold_bb"": true, ""max_control_odds"": 1.6619169755385281, ""n_clipped"": 0, ""n_complement_units"": 100, ""n_eval_units"": 100, ""posterior_cache_key"": ""g=4_fold=0"", ""posterior_draws"": 1500, ""raw_max_control_odds"": 1.6619169755385281}, ""1"": {""bar_pi"": 0.44, ""control_ess"": 51.94720583593572, ""fold_sizes"": [{""evaluation"": 100, ""fold"": 0, ""train"": 100}], ""global_fold_bb"": true, ""max_control_odds"": 1.6165525005761752, ""n_clipped"": 0, ""n_complement_units"": 100, ""n_eval_units"": 100, ""posterior_cache_key"": ""g=4_fold=1"", ""posterior_draws"": 1500, ""raw_max_control_odds"": 1.6165525005761752}}"
ES,k=0,,,0.0,reference_fold_convolution,3.7329370608556047,3.7369297487139725,0.2085292913037187,3.3103278916143895,3.379842243304296,4.06972498060353,4.139469756425148,0.0,0.0,0.0,3.898333554897113,correction_completion,strong_confounder,2,200,99,2452406663,reference_fold_convolution_rf,,,,{}
ES,k=1,,,1.0,reference_fold_convolution,3.684720400914149,3.681837949886382,0.2426055734730914,3.189692627744907,3.286214850650493,4.072669259011208,4.146779031825812,0.0,0.0,0.0,3.898333554897113,correction_completion,strong_confounder,2,200,99,2452406663,reference_fold_convolution_rf,,,,{}
ES,k=2,,,2.0,reference_fold_convolution,3.931572257714981,3.9251913432403525,0.22575920292527488,3.4800354809486356,3.568947474938713,4.2991513216292265,4.379389369499788,0.0,0.0,0.0,3.898333554897113,correction_completion,strong_confounder,2,200,99,2452406663,reference_fold_convolution_rf,,,,{}
ES,k=3,,,3.0,reference_fold_convolution,3.3575520934879877,3.359182491645918,0.25511497401652994,2.842129670681676,2.927643067345073,3.760853917989315,3.8330077942311673,0.0,0.0,0.0,3.898333554897113,correction_completion,strong_confounder,2,200,99,2452406663,reference_fold_convolution_rf,,,,{}
ATT,ATT,,,,reference_fold_convolution,3.676695453243181,3.6756949573865523,0.19057388402014763,3.2941492419652016,3.3557414002751043,3.988679352208243,4.042622485897814,0.0,0.0,0.0,3.8983335548971136,correction_completion,strong_confounder,2,200,99,2452406663,reference_fold_convolution_rf,,,,{}
