estimand_type,estimand_id,g,t,k,method,post_mean,post_median,sd,q025,q05,q95,q975,p_bayes_tail_min,p_bayes_two_sided,p_bayes,true,family,design,degree,N,rep,seed,task_estimator,max_control_odds,effective_sample_size,max_normalized_weight,fold_sizes
PRE,k=-4,,,-4.0,pretrend,-0.221224377235364,-0.2142193906153268,0.22020636599133456,-0.6825912106109951,-0.603258549998985,0.1075682891733493,0.15925579056478184,0.18733333333333332,0.37466666666666665,0.37466666666666665,-0.0,correction_completion,PT_conditional,3,200,40,2043742710,raw_structured,,,,
PRE,k=-3,,,-3.0,pretrend,-0.0982099075024899,-0.06559296401465009,0.20115840856396863,-0.5175077113028215,-0.4472139854689205,0.21296570216555966,0.2874297462540109,0.394,0.788,0.788,-0.0,correction_completion,PT_conditional,3,200,40,2043742710,raw_structured,,,,
PRE,k=-2,,,-2.0,pretrend,-0.1541609004250989,-0.10824096829920918,0.1960392253006687,-0.5761114592566959,-0.5080004159436216,0.07113004654933658,0.1401875196508906,0.3913333333333333,0.7826666666666666,0.7826666666666666,-0.0,correction_completion,PT_conditional,3,200,40,2043742710,raw_structured,,,,
PRE,slope,,,,pretrend,0.07244670336686933,0.06644767774838828,0.07954523107297078,-0.06624355846411706,-0.041036790643389526,0.21428235976935922,0.2406622160318077,0.208,0.416,0.416,0.0,correction_completion,PT_conditional,3,200,40,2043742710,raw_structured,,,,
PRE_SUB,X1=0_k=-4,,,-4.0,pretrend,-0.17893213379750778,-0.17292844690228099,0.23098157269735103,-0.6624252613904831,-0.5788685980245789,0.17958394454438623,0.2537507818088066,0.25133333333333335,0.5026666666666667,0.5026666666666667,-0.0,correction_completion,PT_conditional,3,200,40,2043742710,raw_structured,,,,
PRE_SUB,X1=0_k=-3,,,-3.0,pretrend,-0.07292028548882433,-0.03866554279213254,0.20819383082903148,-0.5041705354192401,-0.4204487909905833,0.27573525612111943,0.3529479431779383,0.43733333333333335,0.8746666666666667,0.8746666666666667,-0.0,correction_completion,PT_conditional,3,200,40,2043742710,raw_structured,,,,
PRE_SUB,X1=0_k=-2,,,-2.0,pretrend,-0.1342519582855012,-0.07522795295122356,0.20291834481301102,-0.5724103698918187,-0.5056722953396053,0.10625267920163893,0.21991453772793976,0.43133333333333335,0.8626666666666667,0.8626666666666667,-0.0,correction_completion,PT_conditional,3,200,40,2043742710,raw_structured,,,,
PRE_SUB,X1=1_k=-4,,,-4.0,pretrend,-0.2557486575927977,-0.23926277594525835,0.24564836074852758,-0.7741930949112409,-0.687150970314334,0.09666338431958857,0.15448295509501522,0.17466666666666666,0.34933333333333333,0.34933333333333333,-0.0,correction_completion,PT_conditional,3,200,40,2043742710,raw_structured,,,,
PRE_SUB,X1=1_k=-3,,,-3.0,pretrend,-0.11885449690140056,-0.07965915223005526,0.21829924709194298,-0.59612783802884,-0.5096465236297649,0.19464965932686298,0.27636800699289893,0.38,0.76,0.76,-0.0,correction_completion,PT_conditional,3,200,40,2043742710,raw_structured,,,,
PRE_SUB,X1=1_k=-2,,,-2.0,pretrend,-0.1704130980900766,-0.11911413732389062,0.21007144521431043,-0.6178481620373694,-0.5631257784397937,0.05170405940901558,0.10801421550047706,0.38266666666666665,0.7653333333333333,0.7653333333333333,-0.0,correction_completion,PT_conditional,3,200,40,2043742710,raw_structured,,,,
PRE_SUB,X2=low_k=-4,,,-4.0,pretrend,-0.2180651272887569,-0.20869853864139604,0.22141039155938802,-0.677778514230184,-0.6031978056494932,0.11237794646258759,0.1636315760027564,0.18933333333333333,0.37866666666666665,0.37866666666666665,-0.0,correction_completion,PT_conditional,3,200,40,2043742710,raw_structured,,,,
PRE_SUB,X2=low_k=-3,,,-3.0,pretrend,-0.09798090787482619,-0.06559296401465001,0.20325503313097779,-0.5253959607054718,-0.450900646983799,0.213543564222555,0.29861700749170367,0.39466666666666667,0.7893333333333333,0.7893333333333333,-0.0,correction_completion,PT_conditional,3,200,40,2043742710,raw_structured,,,,
PRE_SUB,X2=low_k=-2,,,-2.0,pretrend,-0.15460506805759355,-0.10712133064767901,0.19766483569335755,-0.5794836789897935,-0.5163929433771288,0.0714677980320336,0.14123786487499085,0.3893333333333333,0.7786666666666666,0.7786666666666666,-0.0,correction_completion,PT_conditional,3,200,40,2043742710,raw_structured,,,,
PRE_SUB,X2=high_k=-4,,,-4.0,pretrend,-0.22997982527929525,-0.2219546907704108,0.2255267390107421,-0.6942172507202989,-0.6099443523335736,0.10291437038360188,0.15925579056478184,0.18466666666666667,0.36933333333333335,0.36933333333333335,-0.0,correction_completion,PT_conditional,3,200,40,2043742710,raw_structured,,,,
PRE_SUB,X2=high_k=-3,,,-3.0,pretrend,-0.10231220323879127,-0.06643886386867248,0.20379012112612893,-0.5273403156454309,-0.45627147864839884,0.21063379502579854,0.2832223997580215,0.392,0.784,0.784,-0.0,correction_completion,PT_conditional,3,200,40,2043742710,raw_structured,,,,
PRE_SUB,X2=high_k=-2,,,-2.0,pretrend,-0.15696010230406962,-0.10792520815172235,0.19843171087556222,-0.5776084357731698,-0.515491886033491,0.06416352318199162,0.13490990572138184,0.3913333333333333,0.7826666666666666,0.7826666666666666,-0.0,correction_completion,PT_conditional,3,200,40,2043742710,raw_structured,,,,
PRE_SUBC,X1_k=-4,,,-4.0,pretrend,-0.0768165237952899,-8.326672684688674e-17,0.18762100171503007,-0.6464015893856548,-0.551545253226271,1.2240208846492326e-15,2.6229018956768566e-15,0.4593333333333333,0.9186666666666666,0.9186666666666666,-0.0,correction_completion,PT_conditional,3,200,40,2043742710,raw_structured,,,,
PRE_SUBC,X1_k=-3,,,-3.0,pretrend,-0.045934211412576226,0.0,0.145699649536003,-0.5719997808407362,-0.43248775484235324,9.43689570931383e-16,1.658742587729021e-15,0.536,1.0,1.0,-0.0,correction_completion,PT_conditional,3,200,40,2043742710,raw_structured,,,,
PRE_SUBC,X1_k=-2,,,-2.0,pretrend,-0.0361611398045754,0.0,0.13290721279635248,-0.5474823537550687,-0.40381740398206506,8.326672684688674e-16,1.4432899320127035e-15,0.632,1.0,1.0,-0.0,correction_completion,PT_conditional,3,200,40,2043742710,raw_structured,,,,
PRE_SUBC,X1_slope,,,,pretrend,0.02560565242968554,2.973811673103098e-17,0.06528501279906428,-9.412609580650156e-16,-4.048348957651017e-16,0.18796645190823166,0.24514276321745831,0.44866666666666666,0.8973333333333333,0.8973333333333333,0.0,correction_completion,PT_conditional,3,200,40,2043742710,raw_structured,,,,
PRE_SUBC,X2_k=-4,,,-4.0,pretrend,-0.011914697990538339,-5.551115123125783e-17,0.06367507863454502,-0.12098535165410339,-0.09848100256608416,8.333611578592575e-16,0.00803758145063758,0.45666666666666667,0.9133333333333333,0.9133333333333333,-0.0,correction_completion,PT_conditional,3,200,40,2043742710,raw_structured,,,,
PRE_SUBC,X2_k=-3,,,-3.0,pretrend,-0.00433129536396508,0.0,0.051896047949264876,-0.09777832787289467,-0.0733668418139425,7.230327447871319e-16,0.0031890913008048305,0.5486666666666666,1.0,1.0,-0.0,correction_completion,PT_conditional,3,200,40,2043742710,raw_structured,,,,
PRE_SUBC,X2_k=-2,,,-2.0,pretrend,-0.002355034246476094,0.0,0.04749805984725615,-0.09124705895917797,-0.06717688073749463,6.526029716624745e-16,9.992007221626409e-16,0.6246666666666667,1.0,1.0,-0.0,correction_completion,PT_conditional,3,200,40,2043742710,raw_structured,,,,
PRE_SUBC,X2_slope,,,,pretrend,0.0033401227818586625,2.3790493384824782e-17,0.02304820565759131,-0.0024433594252676874,-2.7755575615628914e-16,0.036811831335893865,0.046122359161358636,0.44533333333333336,0.8906666666666667,0.8906666666666667,0.0,correction_completion,PT_conditional,3,200,40,2043742710,raw_structured,,,,
PRE,k=-4,,,-4.0,reference_fold_pretrend,-0.358536736308341,-0.3535069152528485,0.20626421472633932,-0.768529343441055,-0.7039054188505864,-0.024296486586890695,0.03513254353990565,0.042,0.084,0.084,-0.0,correction_completion,PT_conditional,3,200,40,2043742710,reference_fold_convolution_rf,,,,
PRE,k=-3,,,-3.0,reference_fold_pretrend,-0.23384940028731566,-0.23313165767050748,0.18257287133757874,-0.5909402689819135,-0.5376803334882988,0.06396170626602021,0.11828351849253585,0.10133333333333333,0.20266666666666666,0.20266666666666666,-0.0,correction_completion,PT_conditional,3,200,40,2043742710,reference_fold_convolution_rf,,,,
PRE,k=-2,,,-2.0,reference_fold_pretrend,-0.21818998026287864,-0.20601188984297905,0.16959333097153642,-0.5614997880196909,-0.5120194190246089,0.018833896619696536,0.07809440790304854,0.11466666666666667,0.22933333333333333,0.22933333333333333,-0.0,correction_completion,PT_conditional,3,200,40,2043742710,reference_fold_convolution_rf,,,,
PRE,slope,,,,reference_fold_pretrend,0.1258213564116095,0.12493205724756976,0.07356463109608669,-0.010239333037276678,0.0028597275593084583,0.2504344846650884,0.272448646475736,0.042,0.084,0.084,0.0,correction_completion,PT_conditional,3,200,40,2043742710,reference_fold_convolution_rf,,,,
PRE_SUB,X1=0_k=-4,,,-4.0,reference_fold_pretrend,-0.36400885575106645,-0.3628560211425136,0.2257957396017572,-0.7877148904717894,-0.7314030942863388,-0.001477790876651954,0.043851951416486436,0.05,0.1,0.1,-0.0,correction_completion,PT_conditional,3,200,40,2043742710,reference_fold_convolution_rf,,,,
PRE_SUB,X1=0_k=-3,,,-3.0,reference_fold_pretrend,-0.22299675432634136,-0.22795758231339272,0.19859229468042988,-0.5980957621601953,-0.5408917044828416,0.10212579268829845,0.16186397618784243,0.132,0.264,0.264,-0.0,correction_completion,PT_conditional,3,200,40,2043742710,reference_fold_convolution_rf,,,,
PRE_SUB,X1=0_k=-2,,,-2.0,reference_fold_pretrend,-0.2120381546056908,-0.20987765799554997,0.18621370595645906,-0.5703956319580649,-0.5175228017264166,0.0661788496704263,0.1407601961296121,0.15333333333333332,0.30666666666666664,0.30666666666666664,-0.0,correction_completion,PT_conditional,3,200,40,2043742710,reference_fold_convolution_rf,,,,
PRE_SUB,X1=1_k=-4,,,-4.0,reference_fold_pretrend,-0.35406970002856514,-0.3476551968159475,0.2150576646489588,-0.7826590436906627,-0.7167943204405878,-0.012421211491580958,0.04610112974705192,0.043333333333333335,0.08666666666666667,0.08666666666666667,-0.0,correction_completion,PT_conditional,3,200,40,2043742710,reference_fold_convolution_rf,,,,
PRE_SUB,X1=1_k=-3,,,-3.0,reference_fold_pretrend,-0.24270870311260073,-0.23324816901720763,0.19420003301408476,-0.6289505886551848,-0.579400458146672,0.05706870043429953,0.12565496004880794,0.102,0.204,0.204,-0.0,correction_completion,PT_conditional,3,200,40,2043742710,reference_fold_convolution_rf,,,,
PRE_SUB,X1=1_k=-2,,,-2.0,reference_fold_pretrend,-0.22321187875854215,-0.2079941270651906,0.17863732362518234,-0.6165085699081255,-0.5587872548546082,0.0046588985473080755,0.06832331218753153,0.11,0.22,0.22,-0.0,correction_completion,PT_conditional,3,200,40,2043742710,reference_fold_convolution_rf,,,,
PRE_SUB,X2=low_k=-4,,,-4.0,reference_fold_pretrend,-0.32154479694898874,-0.3178253684709942,0.20814250950853366,-0.7447794263675126,-0.6710823204826858,0.015889071490646573,0.08431693268055981,0.056,0.112,0.112,-0.0,correction_completion,PT_conditional,3,200,40,2043742710,reference_fold_convolution_rf,,,,
PRE_SUB,X2=low_k=-3,,,-3.0,reference_fold_pretrend,-0.2154264537632066,-0.20880451715651363,0.18418722522475833,-0.580308873827989,-0.5241179671167691,0.07606641436557754,0.14430579698362375,0.11933333333333333,0.23866666666666667,0.23866666666666667,-0.0,correction_completion,PT_conditional,3,200,40,2043742710,reference_fold_convolution_rf,,,,
PRE_SUB,X2=low_k=-2,,,-2.0,reference_fold_pretrend,-0.20010295498855635,-0.18646192379760435,0.16965292789663985,-0.5640932450335733,-0.4943349884253992,0.032619413234700065,0.09466046444719865,0.12933333333333333,0.25866666666666666,0.25866666666666666,-0.0,correction_completion,PT_conditional,3,200,40,2043742710,reference_fold_convolution_rf,,,,
PRE_SUB,X2=high_k=-4,,,-4.0,reference_fold_pretrend,-0.3788732311834329,-0.3698653195508348,0.207908075670614,-0.7812269730222474,-0.7248190956876064,-0.03048732048124155,0.020042092451304238,0.03333333333333333,0.06666666666666667,0.06666666666666667,-0.0,correction_completion,PT_conditional,3,200,40,2043742710,reference_fold_convolution_rf,,,,
PRE_SUB,X2=high_k=-3,,,-3.0,reference_fold_pretrend,-0.24579125731268595,-0.24651550653719578,0.18484126196843823,-0.5968609131501676,-0.5572780961569641,0.06354248062824912,0.108895991123636,0.09,0.18,0.18,-0.0,correction_completion,PT_conditional,3,200,40,2043742710,reference_fold_convolution_rf,,,,
PRE_SUB,X2=high_k=-2,,,-2.0,reference_fold_pretrend,-0.22902508117121442,-0.21576633818582308,0.17199859863201833,-0.569690137025748,-0.5316367312963223,0.013247792718750396,0.06321867893969547,0.11,0.22,0.22,-0.0,correction_completion,PT_conditional,3,200,40,2043742710,reference_fold_convolution_rf,,,,
PRE_SUBC,X1_k=-4,,,-4.0,reference_fold_pretrend,0.009939155722501408,0.04850927935610386,0.15352830288626734,-0.4181320586807047,-0.3293042464932552,0.18199772356033914,0.20542822357948307,0.3233333333333333,0.6466666666666666,0.6466666666666666,-0.0,correction_completion,PT_conditional,3,200,40,2043742710,reference_fold_convolution_rf,,,,
PRE_SUBC,X1_k=-3,,,-3.0,reference_fold_pretrend,-0.019711948786259374,0.015542757155120504,0.14435322117655933,-0.4390253243284266,-0.348337389300858,0.127318661126,0.15424659122423617,0.422,0.844,0.844,-0.0,correction_completion,PT_conditional,3,200,40,2043742710,reference_fold_convolution_rf,,,,
PRE_SUBC,X1_k=-2,,,-2.0,reference_fold_pretrend,-0.011173724152851354,0.0194807662473521,0.1332235630538069,-0.4233339930985744,-0.32314370738138687,0.11703728605025832,0.13382770045131792,0.40066666666666667,0.8013333333333333,0.8013333333333333,-0.0,correction_completion,PT_conditional,3,200,40,2043742710,reference_fold_convolution_rf,,,,
PRE_SUBC,X1_slope,,,,reference_fold_pretrend,0.0014842967541332768,-0.014278935913887885,0.06041411722495669,-0.07178426443297545,-0.061089167978154627,0.14002040626038215,0.18317718153627527,0.34933333333333333,0.6986666666666667,0.6986666666666667,0.0,correction_completion,PT_conditional,3,200,40,2043742710,reference_fold_convolution_rf,,,,
PRE_SUBC,X2_k=-4,,,-4.0,reference_fold_pretrend,-0.05732843423444417,-0.05548745147156428,0.05879481999883333,-0.1860833336604347,-0.154548782311344,0.02862796806840712,0.05287288597552968,0.13066666666666665,0.2613333333333333,0.2613333333333333,-0.0,correction_completion,PT_conditional,3,200,40,2043742710,reference_fold_convolution_rf,,,,
PRE_SUBC,X2_k=-3,,,-3.0,reference_fold_pretrend,-0.030364803549479367,-0.028131061514242543,0.052864261558791724,-0.13817163099133575,-0.11755636987919965,0.04704680577638245,0.06444330516960368,0.26866666666666666,0.5373333333333333,0.5373333333333333,-0.0,correction_completion,PT_conditional,3,200,40,2043742710,reference_fold_convolution_rf,,,,
PRE_SUBC,X2_k=-2,,,-2.0,reference_fold_pretrend,-0.028922126182658037,-0.027949769308635547,0.04672500932731954,-0.13274935535484736,-0.10562046701239243,0.03607960796588264,0.04842004985789188,0.2693333333333333,0.5386666666666666,0.5386666666666666,-0.0,correction_completion,PT_conditional,3,200,40,2043742710,reference_fold_convolution_rf,,,,
PRE_SUBC,X2_slope,,,,reference_fold_pretrend,0.018688359713210662,0.017328402497473534,0.021821422197977076,-0.02018728831435082,-0.013104160008168001,0.05525490375281131,0.06677823882956385,0.16,0.32,0.32,0.0,correction_completion,PT_conditional,3,200,40,2043742710,reference_fold_convolution_rf,,,,
PRE,k=-4,,,-4.0,pretrend,-0.240410624138479,-0.236118224259584,0.19386125260116993,-0.6301652274514181,-0.5630605915689018,0.06110740315328006,0.11200038090400154,0.124,0.248,0.248,-0.0,correction_completion,PT_hold,3,200,24,799963961,raw_structured,,,,
PRE,k=-3,,,-3.0,pretrend,-0.07600846378135975,-0.04326797764189799,0.16170361917499976,-0.43587525853663006,-0.3637494258399589,0.17165060268021687,0.2265743787237262,0.42133333333333334,0.8426666666666667,0.8426666666666667,-0.0,correction_completion,PT_hold,3,200,24,799963961,raw_structured,,,,
PRE,k=-2,,,-2.0,pretrend,-0.034971911610815504,0.0,0.1387706126626386,-0.3713985797642782,-0.30208129023738,0.1788850541752523,0.24328288693090264,0.6293333333333333,1.0,1.0,-0.0,correction_completion,PT_hold,3,200,24,799963961,raw_structured,,,,
PRE,slope,,,,pretrend,0.06487290797064087,0.06319454126142982,0.06312001109496976,-0.055023122920416674,-0.030882981454327288,0.17397192345879353,0.20285763983452715,0.15733333333333333,0.31466666666666665,0.31466666666666665,0.0,correction_completion,PT_hold,3,200,24,799963961,raw_structured,,,,
PRE_SUB,X1=0_k=-4,,,-4.0,pretrend,-0.20547064015846997,-0.20395165783864905,0.20100218668864533,-0.5922014279037089,-0.5191004857193184,0.11135135541797915,0.17034442092846028,0.176,0.352,0.352,-0.0,correction_completion,PT_hold,3,200,24,799963961,raw_structured,,,,
PRE_SUB,X1=0_k=-3,,,-3.0,pretrend,-0.04437318451971148,-0.00729099277034106,0.17119428690013846,-0.40823443545461585,-0.3379994920984394,0.2425828863957109,0.30719603202321105,0.484,0.968,0.968,-0.0,correction_completion,PT_hold,3,200,24,799963961,raw_structured,,,,
PRE_SUB,X1=0_k=-2,,,-2.0,pretrend,-0.016676958799014843,0.0,0.14803149086388967,-0.3472100928213441,-0.2747366906773672,0.23657596106772844,0.3114468736035152,0.6593333333333333,1.0,1.0,-0.0,correction_completion,PT_hold,3,200,24,799963961,raw_structured,,,,
PRE_SUB,X1=1_k=-4,,,-4.0,pretrend,-0.2680714447893195,-0.25825747806171817,0.21738709711514972,-0.7467903661366252,-0.6684365089781664,0.04440092790121835,0.10484564382078644,0.11666666666666667,0.23333333333333334,0.23333333333333334,-0.0,correction_completion,PT_hold,3,200,24,799963961,raw_structured,,,,
PRE_SUB,X1=1_k=-3,,,-3.0,pretrend,-0.10105305986349797,-0.05624409325433444,0.18646482151795007,-0.5248703358209843,-0.44867966526421643,0.157585477879768,0.21619801542955971,0.40066666666666667,0.8013333333333333,0.8013333333333333,-0.0,correction_completion,PT_hold,3,200,24,799963961,raw_structured,,,,
PRE_SUB,X1=1_k=-2,,,-2.0,pretrend,-0.0494554159201577,0.0,0.15355411635396612,-0.43816665130430993,-0.36069999413057885,0.16547736045999786,0.22408566920399967,0.612,1.0,1.0,-0.0,correction_completion,PT_hold,3,200,24,799963961,raw_structured,,,,
PRE_SUB,X2=low_k=-4,,,-4.0,pretrend,-0.23249725714578381,-0.23015926898960903,0.1936278255436961,-0.6146018603880754,-0.5543394744619627,0.07759509526441123,0.12978989343364583,0.13266666666666665,0.2653333333333333,0.2653333333333333,-0.0,correction_completion,PT_hold,3,200,24,799963961,raw_structured,,,,
PRE_SUB,X2=low_k=-3,,,-3.0,pretrend,-0.06882512922308473,-0.03835594703700186,0.16145203440691436,-0.43230615912795795,-0.35499583097133447,0.18413832274697284,0.2344168708935534,0.43266666666666664,0.8653333333333333,0.8653333333333333,-0.0,correction_completion,PT_hold,3,200,24,799963961,raw_structured,,,,
PRE_SUB,X2=low_k=-2,,,-2.0,pretrend,-0.030187767615784983,0.0,0.13915829528655474,-0.3654446881177612,-0.30024021528334444,0.18964428570366748,0.25185514626675215,0.642,1.0,1.0,-0.0,correction_completion,PT_hold,3,200,24,799963961,raw_structured,,,,
PRE_SUB,X2=high_k=-4,,,-4.0,pretrend,-0.2522794349306664,-0.24746988330935657,0.200238912403573,-0.6588884083415152,-0.5927068622109587,0.05147310176763942,0.11347923571907319,0.118,0.236,0.236,-0.0,correction_completion,PT_hold,3,200,24,799963961,raw_structured,,,,
PRE_SUB,X2=high_k=-3,,,-3.0,pretrend,-0.08675284203301033,-0.05005628024675104,0.16838837341891996,-0.4478386311209528,-0.39894376801599174,0.1663190988847773,0.22408566920399983,0.408,0.816,0.816,-0.0,correction_completion,PT_hold,3,200,24,799963961,raw_structured,,,,
PRE_SUB,X2=high_k=-2,,,-2.0,pretrend,-0.04301094975505172,0.0,0.1439694192728255,-0.39628662130357106,-0.31897448363677516,0.16794348948178314,0.23690973168609536,0.6126666666666667,1.0,1.0,-0.0,correction_completion,PT_hold,3,200,24,799963961,raw_structured,,,,
PRE_SUBC,X1_k=-4,,,-4.0,pretrend,-0.06260080463084954,-1.1102230246251565e-16,0.16415822914102154,-0.5926552259241481,-0.4913143173646349,1.27675647831893e-15,2.5528190672473974e-15,0.4493333333333333,0.8986666666666666,0.8986666666666666,-0.0,correction_completion,PT_hold,3,200,24,799963961,raw_structured,,,,
PRE_SUBC,X1_k=-3,,,-3.0,pretrend,-0.05667987534378649,0.0,0.15865520620913762,-0.5687162388273772,-0.472377388810406,8.888723090905153e-16,1.5893536486899488e-15,0.5173333333333333,1.0,1.0,-0.0,correction_completion,PT_hold,3,200,24,799963961,raw_structured,,,,
PRE_SUBC,X1_k=-2,,,-2.0,pretrend,-0.03277845712114286,0.0,0.12057845354136483,-0.48908677510452686,-0.3019675552820801,6.675215935558741e-16,1.0619977119929994e-15,0.6706666666666666,1.0,1.0,-0.0,correction_completion,PT_hold,3,200,24,799963961,raw_structured,,,,
PRE_SUBC,X1_slope,,,,pretrend,0.023852901550090316,3.122502256758253e-17,0.06388387852539504,-8.644870533710704e-16,-4.1737446832001983e-16,0.1868294015498569,0.23199547255286912,0.43933333333333335,0.8786666666666667,0.8786666666666667,0.0,correction_completion,PT_hold,3,200,24,799963961,raw_structured,,,,
PRE_SUBC,X2_k=-4,,,-4.0,pretrend,-0.01978217778488265,-8.326672684688674e-17,0.06522549648369255,-0.23647708682326357,-0.1429170427595217,8.14279199623511e-16,0.003859989036732757,0.448,0.896,0.896,-0.0,correction_completion,PT_hold,3,200,24,799963961,raw_structured,,,,
PRE_SUBC,X2_k=-3,,,-3.0,pretrend,-0.017927712809925576,0.0,0.06122538344470564,-0.23035164485273174,-0.1345732605015106,6.106226635438361e-16,1.1657341758564144e-15,0.508,1.0,1.0,-0.0,correction_completion,PT_hold,3,200,24,799963961,raw_structured,,,,
PRE_SUBC,X2_k=-2,,,-2.0,pretrend,-0.012823182139266734,0.0,0.05445937847788414,-0.2024140465247077,-0.08783984881288737,4.580537338316758e-16,9.33454702423119e-16,0.6533333333333333,1.0,1.0,-0.0,correction_completion,PT_hold,3,200,24,799963961,raw_structured,,,,
PRE_SUBC,X2_slope,,,,pretrend,0.007716081508126132,2.3790493384824782e-17,0.025663030957207577,-0.000815180947776785,-2.8402379654528837e-16,0.056769180728717304,0.09154101154535856,0.42333333333333334,0.8466666666666667,0.8466666666666667,0.0,correction_completion,PT_hold,3,200,24,799963961,raw_structured,,,,
PRE,k=-4,,,-4.0,reference_fold_pretrend,-0.3272030623535982,-0.32124060078975747,0.1863025075194129,-0.6978591280008054,-0.632864250414292,-0.028635804277835426,0.03435669798236253,0.034,0.068,0.068,-0.0,correction_completion,PT_hold,3,200,24,799963961,reference_fold_convolution_rf,,,,
PRE,k=-3,,,-3.0,reference_fold_pretrend,-0.1807041317084739,-0.17133450847578469,0.16157784676156584,-0.5035829231676229,-0.4497417657945934,0.07596212813115048,0.12476195352077957,0.12733333333333333,0.25466666666666665,0.25466666666666665,-0.0,correction_completion,PT_hold,3,200,24,799963961,reference_fold_convolution_rf,,,,
PRE,k=-2,,,-2.0,reference_fold_pretrend,-0.10049545402701135,-0.0876443831994252,0.13716472774423333,-0.3943103097936934,-0.34867686520888985,0.10379629913418377,0.14885474866350165,0.2833333333333333,0.5666666666666667,0.5666666666666667,-0.0,correction_completion,PT_hold,3,200,24,799963961,reference_fold_convolution_rf,,,,
PRE,slope,,,,reference_fold_pretrend,0.10310806460748241,0.10000318292718632,0.06351909973920529,-0.015678119133069886,-0.00046026455686104886,0.21324666761949898,0.23734356808121967,0.05333333333333334,0.10666666666666667,0.10666666666666667,0.0,correction_completion,PT_hold,3,200,24,799963961,reference_fold_convolution_rf,,,,
PRE_SUB,X1=0_k=-4,,,-4.0,reference_fold_pretrend,-0.28647157149772756,-0.28127849689090645,0.19283540294866636,-0.6658511190442093,-0.6043359062881796,0.04002506381601668,0.07601779102221305,0.072,0.144,0.144,-0.0,correction_completion,PT_hold,3,200,24,799963961,reference_fold_convolution_rf,,,,
PRE_SUB,X1=0_k=-3,,,-3.0,reference_fold_pretrend,-0.14128171186163063,-0.134032563635557,0.1665658967455882,-0.47681313271663994,-0.4222691683545528,0.12378713475835457,0.17804563816787666,0.19466666666666665,0.3893333333333333,0.3893333333333333,-0.0,correction_completion,PT_hold,3,200,24,799963961,reference_fold_convolution_rf,,,,
PRE_SUB,X1=0_k=-2,,,-2.0,reference_fold_pretrend,-0.08596799114556196,-0.07342165174258757,0.137034812566753,-0.38056494590201967,-0.331131867941961,0.1194428188697726,0.17911859462594665,0.32,0.64,0.64,-0.0,correction_completion,PT_hold,3,200,24,799963961,reference_fold_convolution_rf,,,,
PRE_SUB,X1=1_k=-4,,,-4.0,reference_fold_pretrend,-0.35944882594782906,-0.347822187453775,0.20163003942354638,-0.7888311454506819,-0.6962402615760533,-0.043975578336961155,0.011829633929344982,0.030666666666666665,0.06133333333333333,0.06133333333333333,-0.0,correction_completion,PT_hold,3,200,24,799963961,reference_fold_convolution_rf,,,,
PRE_SUB,X1=1_k=-3,,,-3.0,reference_fold_pretrend,-0.21191354742055815,-0.19861044988916132,0.17920392009127512,-0.5984678014344816,-0.528730907540801,0.06435077290855175,0.11569446318343735,0.116,0.232,0.232,-0.0,correction_completion,PT_hold,3,200,24,799963961,reference_fold_convolution_rf,,,,
PRE_SUB,X1=1_k=-2,,,-2.0,reference_fold_pretrend,-0.11199636214149211,-0.09534267920252464,0.14969938499378022,-0.4412486133140867,-0.3751816627404641,0.10042946396703833,0.14902854427924642,0.2733333333333333,0.5466666666666666,0.5466666666666666,-0.0,correction_completion,PT_hold,3,200,24,799963961,reference_fold_convolution_rf,,,,
PRE_SUB,X2=low_k=-4,,,-4.0,reference_fold_pretrend,-0.32369740365173355,-0.3158933229573792,0.18934798362913313,-0.7099384414084831,-0.6426669399055741,-0.01931790151072044,0.03620299096245584,0.038,0.076,0.076,-0.0,correction_completion,PT_hold,3,200,24,799963961,reference_fold_convolution_rf,,,,
PRE_SUB,X2=low_k=-3,,,-3.0,reference_fold_pretrend,-0.17235711906868129,-0.16190717900516127,0.16144872133523355,-0.5000075462799214,-0.4448994162033149,0.0783693941445367,0.13765938056529825,0.12866666666666668,0.25733333333333336,0.25733333333333336,-0.0,correction_completion,PT_hold,3,200,24,799963961,reference_fold_convolution_rf,,,,
PRE_SUB,X2=low_k=-2,,,-2.0,reference_fold_pretrend,-0.09985767648500897,-0.08174677394350284,0.13927148720985233,-0.4095166540034543,-0.34845332886515173,0.09604014907762153,0.15407480825043962,0.2866666666666667,0.5733333333333334,0.5733333333333334,-0.0,correction_completion,PT_hold,3,200,24,799963961,reference_fold_convolution_rf,,,,
PRE_SUB,X2=high_k=-4,,,-4.0,reference_fold_pretrend,-0.3358635228186572,-0.3238701698687763,0.19618093439886575,-0.7259674807296865,-0.6617383511891441,-0.018939803679013822,0.02366866037260318,0.037333333333333336,0.07466666666666667,0.07466666666666667,-0.0,correction_completion,PT_hold,3,200,24,799963961,reference_fold_convolution_rf,,,,
PRE_SUB,X2=high_k=-3,,,-3.0,reference_fold_pretrend,-0.1975745370860364,-0.19392942477396696,0.17557088428057924,-0.5551808032699362,-0.49887631390424003,0.07287388787937095,0.12002476378827161,0.13066666666666665,0.2613333333333333,0.2613333333333333,-0.0,correction_completion,PT_hold,3,200,24,799963961,reference_fold_convolution_rf,,,,
PRE_SUB,X2=high_k=-2,,,-2.0,reference_fold_pretrend,-0.0999418529324286,-0.0815203130076431,0.14302028516434295,-0.4114488617720383,-0.364049912862071,0.11256243426270687,0.15165289502124663,0.2846666666666667,0.5693333333333334,0.5693333333333334,-0.0,correction_completion,PT_hold,3,200,24,799963961,reference_fold_convolution_rf,,,,
PRE_SUBC,X1_k=-4,,,-4.0,reference_fold_pretrend,-0.07297725445010154,-0.02099216013331983,0.13377058343796663,-0.420603778599913,-0.35260878905185034,0.05399825929965279,0.06493016094442733,0.35333333333333333,0.7066666666666667,0.7066666666666667,-0.0,correction_completion,PT_hold,3,200,24,799963961,reference_fold_convolution_rf,,,,
PRE_SUBC,X1_k=-3,,,-3.0,reference_fold_pretrend,-0.07063183555892749,-0.019272411163763215,0.1285557468717629,-0.4164586404947854,-0.34324627782167716,0.041324506798996546,0.05316684893322323,0.32133333333333336,0.6426666666666667,0.6426666666666667,-0.0,correction_completion,PT_hold,3,200,24,799963961,reference_fold_convolution_rf,,,,
PRE_SUBC,X1_k=-2,,,-2.0,reference_fold_pretrend,-0.026028370995930195,0.0,0.08985494384700687,-0.3049861990932351,-0.24316540821217134,0.042133086889320916,0.05008255263278718,0.5086666666666667,1.0,1.0,-0.0,correction_completion,PT_hold,3,200,24,799963961,reference_fold_convolution_rf,,,,
PRE_SUBC,X1_slope,,,,reference_fold_pretrend,0.02758741467600641,0.007309466349880353,0.05041203218225959,-0.02166649698330388,-0.017134398500293805,0.13305909605461175,0.15951009992443982,0.3406666666666667,0.6813333333333333,0.6813333333333333,0.0,correction_completion,PT_hold,3,200,24,799963961,reference_fold_convolution_rf,,,,
PRE_SUBC,X2_k=-4,,,-4.0,reference_fold_pretrend,-0.012166119166923603,-0.010274834695690545,0.09234207757780427,-0.1938136010565985,-0.1631093307347738,0.14061826790684678,0.16374374878586706,0.45666666666666667,0.9133333333333333,0.9133333333333333,-0.0,correction_completion,PT_hold,3,200,24,799963961,reference_fold_convolution_rf,,,,
PRE_SUBC,X2_k=-3,,,-3.0,reference_fold_pretrend,-0.025217418017355064,-0.02303267309682707,0.0807582146694926,-0.18893272207381162,-0.1537287004203949,0.10618101443015217,0.13396880240778838,0.38866666666666666,0.7773333333333333,0.7773333333333333,-0.0,correction_completion,PT_hold,3,200,24,799963961,reference_fold_convolution_rf,,,,
PRE_SUBC,X2_k=-2,,,-2.0,reference_fold_pretrend,-8.417644741962545e-05,0.0,0.06773889864271687,-0.14260707606976797,-0.11700842297006937,0.10938682843917578,0.12896350455405053,0.546,1.0,1.0,-0.0,correction_completion,PT_hold,3,200,24,799963961,reference_fold_convolution_rf,,,,
PRE_SUBC,X2_slope,,,,reference_fold_pretrend,0.00621552642735004,0.005540617643081949,0.03177208169708146,-0.054246836258327026,-0.043866187648011,0.05940398250868833,0.07059125195283264,0.43,0.86,0.86,0.0,correction_completion,PT_hold,3,200,24,799963961,reference_fold_convolution_rf,,,,
PRE,k=-4,,,-4.0,pretrend,-0.7130816045612938,-0.7091285376326784,0.22245590595123624,-1.171484696119553,-1.1028254679028746,-0.3666960322801503,-0.29259164258232717,0.0,0.0,0.0,-0.5853502184710194,correction_completion,PT_violation_a20,3,200,8,916655921,raw_structured,,,,
PRE,k=-3,,,-3.0,pretrend,-0.6119247167447772,-0.6088535200813867,0.21336003132243556,-1.0400633281321823,-0.9643763723981237,-0.2631146624162168,-0.21146344658079486,0.0006666666666666666,0.0013333333333333333,0.0013333333333333333,-0.3902334789806796,correction_completion,PT_violation_a20,3,200,8,916655921,raw_structured,,,,
PRE,k=-2,,,-2.0,pretrend,-0.4233940597956455,-0.42893979759456957,0.22923197163069597,-0.8680192440959857,-0.806802197488966,0.0,0.0,0.07333333333333333,0.14666666666666667,0.14666666666666667,-0.1951167394903398,correction_completion,PT_violation_a20,3,200,8,916655921,raw_structured,,,,
PRE,slope,,,,pretrend,0.2704634504977915,0.27015133497135835,0.08330277942853823,0.11384810881304237,0.13938513763785945,0.41463824009016936,0.44112142959563866,0.0,0.0,0.0,0.1951167394903398,correction_completion,PT_violation_a20,3,200,8,916655921,raw_structured,,,,
PRE_SUB,X1=0_k=-4,,,-4.0,pretrend,-0.7044878626591909,-0.6988014064819896,0.22581219679217182,-1.1696656850084493,-1.0991119398150349,-0.348010101643061,-0.27316076986568494,0.0013333333333333333,0.0026666666666666666,0.0026666666666666666,-0.5632797954115388,correction_completion,PT_violation_a20,3,200,8,916655921,raw_structured,,,,
PRE_SUB,X1=0_k=-3,,,-3.0,pretrend,-0.6040844876149839,-0.6005474046978883,0.21669932671808464,-1.0373297451901746,-0.9481172772705824,-0.24707321941719335,-0.18108594657770316,0.002,0.004,0.004,-0.37551986360769257,correction_completion,PT_violation_a20,3,200,8,916655921,raw_structured,,,,
PRE_SUB,X1=0_k=-2,,,-2.0,pretrend,-0.41672785332240875,-0.4189586055160587,0.23077507173893202,-0.8665870561024105,-0.7939082847292217,0.0,0.0,0.078,0.156,0.156,-0.18775993180384629,correction_completion,PT_violation_a20,3,200,8,916655921,raw_structured,,,,
PRE_SUB,X1=1_k=-4,,,-4.0,pretrend,-0.7268315916046583,-0.7218927306575296,0.23236127523176092,-1.2012812071272125,-1.126343358379492,-0.3666960322801504,-0.29654831619894506,0.0,0.0,0.0,-0.6164612844044225,correction_completion,PT_violation_a20,3,200,8,916655921,raw_structured,,,,
PRE_SUB,X1=1_k=-3,,,-3.0,pretrend,-0.6244690833524467,-0.6197072623062057,0.22273091622021524,-1.098650531794491,-1.0013703598771808,-0.26424118091740695,-0.21272516021422846,0.0006666666666666666,0.0013333333333333333,0.0013333333333333333,-0.41097418960294835,correction_completion,PT_violation_a20,3,200,8,916655921,raw_structured,,,,
PRE_SUB,X1=1_k=-2,,,-2.0,pretrend,-0.43405999015282426,-0.43577902032440674,0.23862182797257403,-0.9067128811133616,-0.8400422256810345,0.0,0.0,0.07266666666666667,0.14533333333333334,0.14533333333333334,-0.20548709480147417,correction_completion,PT_violation_a20,3,200,8,916655921,raw_structured,,,,
PRE_SUB,X2=low_k=-4,,,-4.0,pretrend,-0.7170084864289059,-0.7123081982415291,0.22833178118100508,-1.1908390147916612,-1.109755874167965,-0.3666960322801504,-0.2949944083887065,0.0,0.0,0.0,-0.5480092497349606,correction_completion,PT_violation_a20,3,200,8,916655921,raw_structured,,,,
PRE_SUB,X2=low_k=-3,,,-3.0,pretrend,-0.616205498082673,-0.6102655359969302,0.21950387895822268,-1.065545563976725,-0.9915404827043046,-0.2571138026167006,-0.20130208593775067,0.0006666666666666666,0.0013333333333333333,0.0013333333333333333,-0.36533949982330705,correction_completion,PT_violation_a20,3,200,8,916655921,raw_structured,,,,
PRE_SUB,X2=low_k=-2,,,-2.0,pretrend,-0.4286123469732717,-0.43375942414060803,0.23539841645676468,-0.8916625990443722,-0.8279915294827368,0.0,0.0,0.07333333333333333,0.14666666666666667,0.14666666666666667,-0.18266974991165352,correction_completion,PT_violation_a20,3,200,8,916655921,raw_structured,,,,
PRE_SUB,X2=high_k=-4,,,-4.0,pretrend,-0.7163159414822388,-0.7128467904703981,0.22480130914420393,-1.1834323401206388,-1.1065138641760934,-0.3591401638313247,-0.29048086176104326,0.0,0.0,0.0,-0.7750749340788688,correction_completion,PT_violation_a20,3,200,8,916655921,raw_structured,,,,
PRE_SUB,X2=high_k=-3,,,-3.0,pretrend,-0.6144388610497381,-0.6104469196047135,0.21574511719114942,-1.054542757954995,-0.9701594139440242,-0.26311466241621656,-0.20066355284550877,0.0006666666666666666,0.0013333333333333333,0.0013333333333333333,-0.5167166227192459,correction_completion,PT_violation_a20,3,200,8,916655921,raw_structured,,,,
PRE_SUB,X2=high_k=-2,,,-2.0,pretrend,-0.4234706637782316,-0.4293469566892735,0.2303107952145944,-0.8687482716756616,-0.8068021974889661,0.0,0.0,0.07333333333333333,0.14666666666666667,0.14666666666666667,-0.25835831135962295,correction_completion,PT_violation_a20,3,200,8,916655921,raw_structured,,,,
PRE_SUBC,X1_k=-4,,,-4.0,pretrend,-0.022343728945467253,0.0,0.1059838990154432,-0.413208589094371,-0.17468513022963694,2.1094237467877974e-15,0.004747551582328604,0.516,1.0,1.0,-0.05318148899288366,correction_completion,PT_violation_a20,3,200,8,916655921,raw_structured,,,,
PRE_SUBC,X1_k=-3,,,-3.0,pretrend,-0.020384595737462787,0.0,0.1018553114947585,-0.3971104799956796,-0.1031398486806253,1.7763568394002505e-15,2.6645352591003757e-15,0.512,1.0,1.0,-0.035454325995255775,correction_completion,PT_violation_a20,3,200,8,916655921,raw_structured,,,,
PRE_SUBC,X1_k=-2,,,-2.0,pretrend,-0.017332136830415477,0.0,0.09478571060396243,-0.3047671134531207,-0.0564475288925594,1.2212453270876722e-15,1.5543122344752192e-15,0.55,1.0,1.0,-0.017727162997627888,correction_completion,PT_violation_a20,3,200,8,916655921,raw_structured,,,,
PRE_SUBC,X1_slope,,,,pretrend,0.008938036795838772,1.982541115402065e-18,0.04315727908618413,-0.0011561158396117838,-7.53563877964325e-16,0.05155212885059378,0.1487680211763458,0.5,1.0,1.0,0.017727162997627888,correction_completion,PT_violation_a20,3,200,8,916655921,raw_structured,,,,
PRE_SUBC,X2_k=-4,,,-4.0,pretrend,0.0006925449466671143,0.0,0.07898937911288258,-0.17155220723750844,-0.05464769146778443,0.02115055529397241,0.10198413156225386,0.5446666666666666,1.0,1.0,-0.22706568434390828,correction_completion,PT_violation_a20,3,200,8,916655921,raw_structured,,,,
PRE_SUBC,X2_k=-3,,,-3.0,pretrend,0.0017666370329348802,0.0,0.0769172992385662,-0.16440898643923868,-0.0292136194393716,0.01770813653309152,0.1019841315622541,0.544,1.0,1.0,-0.15137712289593885,correction_completion,PT_violation_a20,3,200,8,916655921,raw_structured,,,,
PRE_SUBC,X2_k=-2,,,-2.0,pretrend,0.005141683195039991,0.0,0.06756805892071029,-0.03428477360456058,-1.1102230246251565e-15,0.004832132470682553,0.054233305604824464,0.582,1.0,1.0,-0.07568856144796943,correction_completion,PT_violation_a20,3,200,8,916655921,raw_structured,,,,
PRE_SUBC,X2_slope,,,,pretrend,-0.0007680422929222209,0.0,0.0320365301891559,-0.040705144032096914,-0.007554476803249301,0.019001286889830937,0.0674297646890063,0.5033333333333333,1.0,1.0,0.07568856144796943,correction_completion,PT_violation_a20,3,200,8,916655921,raw_structured,,,,
PRE,k=-4,,,-4.0,reference_fold_pretrend,-0.7542608538838209,-0.7525191245457836,0.21331773188154693,-1.1833975268448864,-1.124189184927766,-0.4081037705807118,-0.35424208879182395,0.0006666666666666666,0.0013333333333333333,0.0013333333333333333,-0.5853502184710194,correction_completion,PT_violation_a20,3,200,8,916655921,reference_fold_convolution_rf,,,,
PRE,k=-3,,,-3.0,reference_fold_pretrend,-0.6486300112151031,-0.6457772542451006,0.20724945482945706,-1.054245437490893,-0.9915589655075984,-0.3210273130961274,-0.2601651765229802,0.0013333333333333333,0.0026666666666666666,0.0026666666666666666,-0.3902334789806796,correction_completion,PT_violation_a20,3,200,8,916655921,reference_fold_convolution_rf,,,,
PRE,k=-2,,,-2.0,reference_fold_pretrend,-0.4312337509829868,-0.4290377903920445,0.2015288229483026,-0.8295969864014768,-0.7596390243090555,-0.08922887754626888,-0.031032605957379656,0.018,0.036,0.036,-0.1951167394903398,correction_completion,PT_violation_a20,3,200,8,916655921,reference_fold_convolution_rf,,,,
PRE,slope,,,,reference_fold_pretrend,0.2850911667903326,0.28350047349711377,0.08097435315243609,0.1325378492050145,0.15533704789127414,0.4211655175878456,0.44640013775618265,0.0006666666666666666,0.0013333333333333333,0.0013333333333333333,0.1951167394903398,correction_completion,PT_violation_a20,3,200,8,916655921,reference_fold_convolution_rf,,,,
PRE_SUB,X1=0_k=-4,,,-4.0,reference_fold_pretrend,-0.7338956306964473,-0.7306588978481517,0.21626583705317612,-1.1711878703630494,-1.1093562448383862,-0.38897443876135407,-0.328847055886705,0.0006666666666666666,0.0013333333333333333,0.0013333333333333333,-0.5632797954115388,correction_completion,PT_violation_a20,3,200,8,916655921,reference_fold_convolution_rf,,,,
PRE_SUB,X1=0_k=-3,,,-3.0,reference_fold_pretrend,-0.6326221227204419,-0.6283292178629195,0.20945891319009027,-1.049337577741218,-0.9759886531510776,-0.2977441139529292,-0.2459011249614062,0.0013333333333333333,0.0026666666666666666,0.0026666666666666666,-0.37551986360769257,correction_completion,PT_violation_a20,3,200,8,916655921,reference_fold_convolution_rf,,,,
PRE_SUB,X1=0_k=-2,,,-2.0,reference_fold_pretrend,-0.4198830419978009,-0.41531141924998793,0.20297550086388083,-0.8201271358683212,-0.7567187165283836,-0.07328767408592053,-0.024705836520346285,0.020666666666666667,0.04133333333333333,0.04133333333333333,-0.18775993180384629,correction_completion,PT_violation_a20,3,200,8,916655921,reference_fold_convolution_rf,,,,
PRE_SUB,X1=1_k=-4,,,-4.0,reference_fold_pretrend,-0.7868452109836193,-0.7868448821067039,0.22170938389970857,-1.2182554984311214,-1.1620497458885282,-0.4223423667112208,-0.3509306062225603,0.0006666666666666666,0.0013333333333333333,0.0013333333333333333,-0.6164612844044225,correction_completion,PT_violation_a20,3,200,8,916655921,reference_fold_convolution_rf,,,,
PRE_SUB,X1=1_k=-3,,,-3.0,reference_fold_pretrend,-0.674242632806561,-0.6689077743314006,0.21569877771864154,-1.130469088346332,-1.0318658424511935,-0.34203510012001354,-0.26789447482263357,0.0013333333333333333,0.0026666666666666666,0.0026666666666666666,-0.41097418960294835,correction_completion,PT_violation_a20,3,200,8,916655921,reference_fold_convolution_rf,,,,
PRE_SUB,X1=1_k=-2,,,-2.0,reference_fold_pretrend,-0.44939488535928424,-0.446733106253987,0.20927435132419714,-0.8653948319800427,-0.779596561093171,-0.09133615633396926,-0.03858680905511749,0.016666666666666666,0.03333333333333333,0.03333333333333333,-0.20548709480147417,correction_completion,PT_violation_a20,3,200,8,916655921,reference_fold_convolution_rf,,,,
PRE_SUB,X2=low_k=-4,,,-4.0,reference_fold_pretrend,-0.7889526072482166,-0.7823603654904075,0.2416452836163934,-1.28040834024317,-1.192407773399424,-0.3948097330277108,-0.34288754558260204,0.0006666666666666666,0.0013333333333333333,0.0013333333333333333,-0.5480092497349606,correction_completion,PT_violation_a20,3,200,8,916655921,reference_fold_convolution_rf,,,,
PRE_SUB,X2=low_k=-3,,,-3.0,reference_fold_pretrend,-0.687834244115302,-0.6792822098691742,0.2361542253540703,-1.1949918530235577,-1.089940627985407,-0.31850371920562115,-0.2519095737359277,0.0013333333333333333,0.0026666666666666666,0.0026666666666666666,-0.36533949982330705,correction_completion,PT_violation_a20,3,200,8,916655921,reference_fold_convolution_rf,,,,
PRE_SUB,X2=low_k=-2,,,-2.0,reference_fold_pretrend,-0.47149533775381836,-0.4585355782499816,0.23141136091659684,-0.9337633967062617,-0.8506342916272281,-0.09070339346621041,-0.02499007385562302,0.018,0.036,0.036,-0.18266974991165352,correction_completion,PT_violation_a20,3,200,8,916655921,reference_fold_convolution_rf,,,,
PRE_SUB,X2=high_k=-4,,,-4.0,reference_fold_pretrend,-0.727698337863224,-0.7290088562038471,0.22310239976589533,-1.1772555315895026,-1.1142343270989525,-0.36900030618845236,-0.2923560976906479,0.0006666666666666666,0.0013333333333333333,0.0013333333333333333,-0.7750749340788688,correction_completion,PT_violation_a20,3,200,8,916655921,reference_fold_convolution_rf,,,,
PRE_SUB,X2=high_k=-3,,,-3.0,reference_fold_pretrend,-0.6194203252635304,-0.6172798442633888,0.21613600574308636,-1.0346799610293165,-0.9734682062313855,-0.2731975377231686,-0.22555748383488416,0.002,0.004,0.004,-0.5167166227192459,correction_completion,PT_violation_a20,3,200,8,916655921,reference_fold_convolution_rf,,,,
PRE_SUB,X2=high_k=-2,,,-2.0,reference_fold_pretrend,-0.40098894525909845,-0.39852353862059486,0.20655735084270052,-0.8194245693561553,-0.7447203224255688,-0.04753812401703765,-0.00034470296737897413,0.025333333333333333,0.050666666666666665,0.050666666666666665,-0.25835831135962295,correction_completion,PT_violation_a20,3,200,8,916655921,reference_fold_convolution_rf,,,,
PRE_SUBC,X1_k=-4,,,-4.0,reference_fold_pretrend,-0.05294958028717199,-0.03496165260524742,0.09604690723857054,-0.32196070607624827,-0.24856699463493998,0.05322481606808569,0.07642559601772823,0.25866666666666666,0.5173333333333333,0.5173333333333333,-0.05318148899288366,correction_completion,PT_violation_a20,3,200,8,916655921,reference_fold_convolution_rf,,,,
PRE_SUBC,X1_k=-3,,,-3.0,reference_fold_pretrend,-0.04162051008611919,-0.023902713459589386,0.09055916294899397,-0.31195979138479196,-0.22311275813259349,0.055110341414578254,0.07745067848514471,0.322,0.644,0.644,-0.035454325995255775,correction_completion,PT_violation_a20,3,200,8,916655921,reference_fold_convolution_rf,,,,
PRE_SUBC,X1_k=-2,,,-2.0,reference_fold_pretrend,-0.029511843361483246,-0.016246392804842844,0.08180498057878972,-0.27717479396708455,-0.18738580935962462,0.061726575347559744,0.0790298116773243,0.36466666666666664,0.7293333333333333,0.7293333333333333,-0.017727162997627888,correction_completion,PT_violation_a20,3,200,8,916655921,reference_fold_convolution_rf,,,,
PRE_SUBC,X1_slope,,,,reference_fold_pretrend,0.01940011459965983,0.01117753997770644,0.03743082569128736,-0.0294285272513664,-0.019999098260738975,0.09277426773310458,0.1262942244819752,0.2793333333333333,0.5586666666666666,0.5586666666666666,0.017727162997627888,correction_completion,PT_violation_a20,3,200,8,916655921,reference_fold_convolution_rf,,,,
PRE_SUBC,X2_k=-4,,,-4.0,reference_fold_pretrend,0.06125426938499259,-0.001668849076679746,0.17292804643757875,-0.12133873859552037,-0.09662094017760704,0.43605189188957244,0.5340533783859055,0.49133333333333334,0.9826666666666667,0.9826666666666667,-0.22706568434390828,correction_completion,PT_violation_a20,3,200,8,916655921,reference_fold_convolution_rf,,,,
PRE_SUBC,X2_k=-3,,,-3.0,reference_fold_pretrend,0.06841391885177166,0.004679746019789127,0.1716105595729779,-0.11041715950223455,-0.08634644087871304,0.4470313755513744,0.5285924159193817,0.45866666666666667,0.9173333333333333,0.9173333333333333,-0.15137712289593885,correction_completion,PT_violation_a20,3,200,8,916655921,reference_fold_convolution_rf,,,,
PRE_SUBC,X2_k=-2,,,-2.0,reference_fold_pretrend,0.07050639249471995,0.00899354323537242,0.16527478207872343,-0.08615374900637897,-0.07074651219438863,0.4494254603965272,0.5197406161183595,0.45,0.9,0.9,-0.07568856144796943,correction_completion,PT_violation_a20,3,200,8,916655921,reference_fold_convolution_rf,,,,
PRE_SUBC,X2_slope,,,,reference_fold_pretrend,-0.02793550273951722,-0.0005493114107563701,0.07225345643129336,-0.22829174722669537,-0.18690490433108586,0.03472839699836206,0.04474425159743686,0.49466666666666664,0.9893333333333333,0.9893333333333333,0.07568856144796943,correction_completion,PT_violation_a20,3,200,8,916655921,reference_fold_convolution_rf,,,,
PRE,k=-4,,,-4.0,pretrend,-0.4827055767488541,-0.4730712937437194,0.1949168749398285,-0.8643631298458764,-0.8161570253848144,-0.16950942065006927,-0.11640252678226806,0.006666666666666667,0.013333333333333334,0.013333333333333334,-0.15,correction_completion,PT_violation_g05,1,200,192,2302363889,raw_structured,,,,
PRE,k=-3,,,-3.0,pretrend,-0.4096915063832662,-0.4099435012285031,0.18582642176133685,-0.7833005054068048,-0.7168970817393516,-0.09968110308250419,-0.02659767255165582,0.018666666666666668,0.037333333333333336,0.037333333333333336,-0.09999999999999999,correction_completion,PT_violation_g05,1,200,192,2302363889,raw_structured,,,,
PRE,k=-2,,,-2.0,pretrend,-0.326385570443495,-0.333615434057963,0.19582614127049663,-0.7067744795883016,-0.6444311697831911,0.0,0.0,0.10666666666666667,0.21333333333333335,0.21333333333333335,-0.049999999999999996,correction_completion,PT_violation_g05,1,200,192,2302363889,raw_structured,,,,
PRE,slope,,,,pretrend,0.18527752238975642,0.18429281384200297,0.07412121760462127,0.0454345829611564,0.06431417605514311,0.30625821773247974,0.3308109813794179,0.005333333333333333,0.010666666666666666,0.010666666666666666,0.049999999999999996,correction_completion,PT_violation_g05,1,200,192,2302363889,raw_structured,,,,
PRE_SUB,X1=0_k=-4,,,-4.0,pretrend,-0.47582920404666296,-0.4651898105343526,0.1959899612623753,-0.8614524110680101,-0.8092619086146513,-0.159952306288664,-0.10033828057800037,0.007333333333333333,0.014666666666666666,0.014666666666666666,-0.14999999999999994,correction_completion,PT_violation_g05,1,200,192,2302363889,raw_structured,,,,
PRE_SUB,X1=0_k=-3,,,-3.0,pretrend,-0.40375448121488794,-0.40589983812210984,0.18705710778694523,-0.7818588828134755,-0.7104260977079512,-0.09301703665351575,-0.017512065100965438,0.02266666666666667,0.04533333333333334,0.04533333333333334,-0.09999999999999996,correction_completion,PT_violation_g05,1,200,192,2302363889,raw_structured,,,,
PRE_SUB,X1=0_k=-2,,,-2.0,pretrend,-0.32321612348559364,-0.3322996841119039,0.1959463837934549,-0.7016657634427899,-0.6392730809617042,0.0,0.0,0.10933333333333334,0.21866666666666668,0.21866666666666668,-0.04999999999999998,correction_completion,PT_violation_g05,1,200,192,2302363889,raw_structured,,,,
PRE_SUB,X1=1_k=-4,,,-4.0,pretrend,-0.4937439645076347,-0.4820119895707543,0.20369387005143716,-0.9006856584271955,-0.8399462840563383,-0.17070685987389048,-0.11197269861306416,0.006666666666666667,0.013333333333333334,0.013333333333333334,-0.15000000000000002,correction_completion,PT_violation_g05,1,200,192,2302363889,raw_structured,,,,
PRE_SUB,X1=1_k=-3,,,-3.0,pretrend,-0.4192219941535577,-0.41521058118437615,0.1933664327915325,-0.8348061675714828,-0.7583093346622714,-0.09968110308250411,-0.026597672551655783,0.018666666666666668,0.037333333333333336,0.037333333333333336,-0.10000000000000002,correction_completion,PT_violation_g05,1,200,192,2302363889,raw_structured,,,,
PRE_SUB,X1=1_k=-2,,,-2.0,pretrend,-0.33147336687591566,-0.3379474140282355,0.20063636832631424,-0.715921057716677,-0.6584969408674614,0.0,0.0,0.10666666666666667,0.21333333333333335,0.21333333333333335,-0.05000000000000001,correction_completion,PT_violation_g05,1,200,192,2302363889,raw_structured,,,,
PRE_SUB,X2=low_k=-4,,,-4.0,pretrend,-0.481132823131284,-0.4718040505042473,0.197005091025217,-0.8617380700778916,-0.8164227281054899,-0.16069784012085184,-0.1003382805780007,0.006666666666666667,0.013333333333333334,0.013333333333333334,-0.15000000000000002,correction_completion,PT_violation_g05,1,200,192,2302363889,raw_structured,,,,
PRE_SUB,X2=low_k=-3,,,-3.0,pretrend,-0.40914225554577965,-0.40924798010346036,0.18651157961542544,-0.7833005054068048,-0.7168094234222042,-0.09905164376673012,-0.02681629748722447,0.019333333333333334,0.03866666666666667,0.03866666666666667,-0.1,correction_completion,PT_violation_g05,1,200,192,2302363889,raw_structured,,,,
PRE_SUB,X2=low_k=-2,,,-2.0,pretrend,-0.32614503687270885,-0.33361543405796285,0.1960973782947583,-0.7063583394956671,-0.6470576563637037,0.0,0.0,0.10733333333333334,0.21466666666666667,0.21466666666666667,-0.05,correction_completion,PT_violation_g05,1,200,192,2302363889,raw_structured,,,,
PRE_SUB,X2=high_k=-4,,,-4.0,pretrend,-0.48419623896820924,-0.4733933184798395,0.1960135744413241,-0.8673478032682546,-0.8219414329251894,-0.16927106187105107,-0.11725918676691469,0.006,0.012,0.012,-0.15000000000000002,correction_completion,PT_violation_g05,1,200,192,2302363889,raw_structured,,,,
PRE_SUB,X2=high_k=-3,,,-3.0,pretrend,-0.41051030662579985,-0.41020763202394583,0.18657850464213124,-0.7857027262541945,-0.7192857502319981,-0.09944097771108149,-0.026597672551656085,0.019333333333333334,0.03866666666666667,0.03866666666666667,-0.1,correction_completion,PT_violation_g05,1,200,192,2302363889,raw_structured,,,,
PRE_SUB,X2=high_k=-2,,,-2.0,pretrend,-0.3267954871306247,-0.33457854952291566,0.19688134786129935,-0.7053976407647234,-0.6493005072996513,0.0,0.0,0.108,0.216,0.216,-0.05,correction_completion,PT_violation_g05,1,200,192,2302363889,raw_structured,,,,
PRE_SUBC,X1_k=-4,,,-4.0,pretrend,-0.0179147604609717,0.0,0.0822855427002446,-0.3261600897750754,-0.16290456239326032,3.0031532816110434e-15,0.00919390114333136,0.506,1.0,1.0,-8.326672684688674e-17,correction_completion,PT_violation_g05,1,200,192,2302363889,raw_structured,,,,
PRE_SUBC,X1_k=-3,,,-3.0,pretrend,-0.015467512938669723,0.0,0.0763922136219366,-0.3202984372672789,-0.0922277245831135,1.5570877920367795e-15,0.002223496526812152,0.506,1.0,1.0,-5.551115123125783e-17,correction_completion,PT_violation_g05,1,200,192,2302363889,raw_structured,,,,
PRE_SUBC,X1_k=-2,,,-2.0,pretrend,-0.008257243390322048,0.0,0.05672580039893663,-0.14233601230878834,-1.9984014443252818e-15,1.2212453270876722e-15,0.0010995773249355477,0.5606666666666666,1.0,1.0,-2.7755575615628914e-17,correction_completion,PT_violation_g05,1,200,192,2302363889,raw_structured,,,,
PRE_SUBC,X1_slope,,,,pretrend,0.006638325046469757,1.1399611413561875e-17,0.031178397245240144,-0.003186761516469167,-1.0707704564286549e-15,0.053915734139039655,0.12524365830812254,0.486,0.972,0.972,2.7755575615628914e-17,correction_completion,PT_violation_g05,1,200,192,2302363889,raw_structured,,,,
PRE_SUBC,X2_k=-4,,,-4.0,pretrend,-0.0030634158369251666,0.0,0.045158827341133446,-0.02722566542352818,-0.011029574567615958,1.3877787807814457e-15,0.005635388145471501,0.5006666666666667,1.0,1.0,-0.0,correction_completion,PT_violation_g05,1,200,192,2302363889,raw_structured,,,,
PRE_SUBC,X2_k=-3,,,-3.0,pretrend,-0.0013680510800201653,0.0,0.03053403189925788,-0.0163230401396265,-0.009060774177990538,1.02834407655905e-15,0.0028508596272480797,0.5113333333333333,1.0,1.0,-0.0,correction_completion,PT_violation_g05,1,200,192,2302363889,raw_structured,,,,
PRE_SUBC,X2_k=-2,,,-2.0,pretrend,-0.0006504502579158553,0.0,0.02749679178049246,-0.011552209757617409,-0.0016182455482009405,7.771561172376096e-16,1.2212453270876722e-15,0.5613333333333334,1.0,1.0,-0.0,correction_completion,PT_violation_g05,1,200,192,2302363889,raw_structured,,,,
PRE_SUBC,X2_slope,,,,pretrend,0.0008983428520522629,1.9577593514595393e-17,0.014432742038191906,-0.00229337370835274,-5.352861011585576e-16,0.00433898277717907,0.011668142324369097,0.472,0.944,0.944,0.0,correction_completion,PT_violation_g05,1,200,192,2302363889,raw_structured,,,,
PRE,k=-4,,,-4.0,reference_fold_pretrend,-0.5645415118919811,-0.5650339450917836,0.18659134516950732,-0.9396530816659401,-0.8638357801896644,-0.26028513868325986,-0.20013384736422965,0.0,0.0,0.0,-0.15,correction_completion,PT_violation_g05,1,200,192,2302363889,reference_fold_convolution_rf,,,,
PRE,k=-3,,,-3.0,reference_fold_pretrend,-0.47137168559906306,-0.475217416029582,0.17598759229184904,-0.8069848276121837,-0.748478848458271,-0.1846493022489974,-0.12963254882502703,0.004,0.008,0.008,-0.09999999999999999,correction_completion,PT_violation_g05,1,200,192,2302363889,reference_fold_convolution_rf,,,,
PRE,k=-2,,,-2.0,reference_fold_pretrend,-0.3714444339733468,-0.3720727863645066,0.17643237743924217,-0.6980545776036674,-0.6576807892801091,-0.0769860303943943,-0.001106022037454464,0.025333333333333333,0.050666666666666665,0.050666666666666665,-0.049999999999999996,correction_completion,PT_violation_g05,1,200,192,2302363889,reference_fold_convolution_rf,,,,
PRE,slope,,,,reference_fold_pretrend,0.2148437386319583,0.21579737326550918,0.06974110345187534,0.07562839288590169,0.0971783268106694,0.3229636721219608,0.34662506558179007,0.0,0.0,0.0,0.049999999999999996,correction_completion,PT_violation_g05,1,200,192,2302363889,reference_fold_convolution_rf,,,,
PRE_SUB,X1=0_k=-4,,,-4.0,reference_fold_pretrend,-0.5582289523455118,-0.5606587440312634,0.19011086570815625,-0.9398233586631707,-0.8638156253811756,-0.25076494798023785,-0.19696519821358127,0.0006666666666666666,0.0013333333333333333,0.0013333333333333333,-0.14999999999999994,correction_completion,PT_violation_g05,1,200,192,2302363889,reference_fold_convolution_rf,,,,
PRE_SUB,X1=0_k=-3,,,-3.0,reference_fold_pretrend,-0.46386177540836593,-0.4684027807323158,0.17848913783753217,-0.8075634268383485,-0.7440135775218718,-0.17851573534031187,-0.10198224605110773,0.004666666666666667,0.009333333333333334,0.009333333333333334,-0.09999999999999996,correction_completion,PT_violation_g05,1,200,192,2302363889,reference_fold_convolution_rf,,,,
PRE_SUB,X1=0_k=-2,,,-2.0,reference_fold_pretrend,-0.3678068344179134,-0.3703561155939439,0.17830720293667476,-0.6943030764403478,-0.6529874144648677,-0.05765017397094626,0.0,0.027333333333333334,0.05466666666666667,0.05466666666666667,-0.04999999999999998,correction_completion,PT_violation_g05,1,200,192,2302363889,reference_fold_convolution_rf,,,,
PRE_SUB,X1=1_k=-4,,,-4.0,reference_fold_pretrend,-0.5746748311639449,-0.5750533227588009,0.19581676449689547,-0.9709218936541971,-0.9068739343638902,-0.2568394129153868,-0.2004197763177284,0.0,0.0,0.0,-0.15000000000000002,correction_completion,PT_violation_g05,1,200,192,2302363889,reference_fold_convolution_rf,,,,
PRE_SUB,X1=1_k=-3,,,-3.0,reference_fold_pretrend,-0.4834270677472874,-0.48817388812103285,0.18574498499358277,-0.8598942669894878,-0.8012474903293936,-0.19025189191687658,-0.13507118733946932,0.0033333333333333335,0.006666666666666667,0.006666666666666667,-0.10000000000000002,correction_completion,PT_violation_g05,1,200,192,2302363889,reference_fold_convolution_rf,,,,
PRE_SUB,X1=1_k=-2,,,-2.0,reference_fold_pretrend,-0.3772837385228583,-0.37179094688840364,0.18164333792992365,-0.7166811381309539,-0.6695975973455518,-0.07800096725510017,-0.0030279608874065793,0.024666666666666667,0.04933333333333333,0.04933333333333333,-0.05000000000000001,correction_completion,PT_violation_g05,1,200,192,2302363889,reference_fold_convolution_rf,,,,
PRE_SUB,X2=low_k=-4,,,-4.0,reference_fold_pretrend,-0.5434261284570062,-0.5465775112552371,0.18455609304443793,-0.9115339056313797,-0.8406823358674073,-0.23756278001072134,-0.18039721474689124,0.0,0.0,0.0,-0.15000000000000002,correction_completion,PT_violation_g05,1,200,192,2302363889,reference_fold_convolution_rf,,,,
PRE_SUB,X2=low_k=-3,,,-3.0,reference_fold_pretrend,-0.4571424948001757,-0.46281948405379975,0.17533273879670558,-0.7849621371387574,-0.7315596091119935,-0.17490428778590225,-0.11458104678303513,0.005333333333333333,0.010666666666666666,0.010666666666666666,-0.1,correction_completion,PT_violation_g05,1,200,192,2302363889,reference_fold_convolution_rf,,,,
PRE_SUB,X2=low_k=-2,,,-2.0,reference_fold_pretrend,-0.36139451934822864,-0.35822859785846406,0.17541851537803108,-0.687145369411839,-0.6454269891030348,-0.07016251440533033,0.0,0.027333333333333334,0.05466666666666667,0.05466666666666667,-0.05,correction_completion,PT_violation_g05,1,200,192,2302363889,reference_fold_convolution_rf,,,,
PRE_SUB,X2=high_k=-4,,,-4.0,reference_fold_pretrend,-0.5666024338194829,-0.568259032836242,0.18791640389431713,-0.9364595274255786,-0.8669435277424267,-0.2586841246149305,-0.2029324032293201,0.0,0.0,0.0,-0.15000000000000002,correction_completion,PT_violation_g05,1,200,192,2302363889,reference_fold_convolution_rf,,,,
PRE_SUB,X2=high_k=-3,,,-3.0,reference_fold_pretrend,-0.47409880097232915,-0.48055221681710436,0.17675602046085417,-0.8058176555110624,-0.7512184362137699,-0.1869273960388835,-0.13052985293651426,0.0033333333333333335,0.006666666666666667,0.006666666666666667,-0.1,correction_completion,PT_violation_g05,1,200,192,2302363889,reference_fold_convolution_rf,,,,
PRE_SUB,X2=high_k=-2,,,-2.0,reference_fold_pretrend,-0.37316267440965445,-0.3729240157248479,0.17689785842747213,-0.7031519400327125,-0.6607076185654319,-0.07960783293663996,-0.0010869526919811373,0.025333333333333333,0.050666666666666665,0.050666666666666665,-0.05,correction_completion,PT_violation_g05,1,200,192,2302363889,reference_fold_convolution_rf,,,,
PRE_SUBC,X1_k=-4,,,-4.0,reference_fold_pretrend,-0.016445878818433058,0.014607389801528703,0.09581051551275667,-0.3136336038498956,-0.25039721150469013,0.05623504908066307,0.06364533643636691,0.326,0.652,0.652,-8.326672684688674e-17,correction_completion,PT_violation_g05,1,200,192,2302363889,reference_fold_convolution_rf,,,,
PRE_SUBC,X1_k=-3,,,-3.0,reference_fold_pretrend,-0.01956529233892144,0.008599702225031161,0.08965770228745863,-0.3015230021730225,-0.23438435223484894,0.0456358104814356,0.052845692255115484,0.366,0.732,0.732,-5.551115123125783e-17,correction_completion,PT_violation_g05,1,200,192,2302363889,reference_fold_convolution_rf,,,,
PRE_SUBC,X1_k=-2,,,-2.0,reference_fold_pretrend,-0.009476904104944783,0.007312507972778229,0.06899991815893503,-0.23814090512350297,-0.15614246765758802,0.03833453330250893,0.04569552552110449,0.38066666666666665,0.7613333333333333,0.7613333333333333,-2.7755575615628914e-17,correction_completion,PT_violation_g05,1,200,192,2302363889,reference_fold_convolution_rf,,,,
PRE_SUBC,X1_slope,,,,reference_fold_pretrend,0.006996080374149059,-0.004742806876794056,0.0364032769023328,-0.02239727496514236,-0.01979603646983633,0.09164305382886341,0.120473343798683,0.338,0.676,0.676,2.7755575615628914e-17,correction_completion,PT_violation_g05,1,200,192,2302363889,reference_fold_convolution_rf,,,,
PRE_SUBC,X2_k=-4,,,-4.0,reference_fold_pretrend,-0.023176305362476786,-0.01365486562767576,0.04793594792347293,-0.1731120695903194,-0.1006198241679422,0.008452890755163815,0.013697835100765625,0.16533333333333333,0.33066666666666666,0.33066666666666666,-0.0,correction_completion,PT_violation_g05,1,200,192,2302363889,reference_fold_convolution_rf,,,,
PRE_SUBC,X2_k=-3,,,-3.0,reference_fold_pretrend,-0.016956306172153445,-0.008873923407183237,0.04305200920886108,-0.14219669857721648,-0.06963949278023066,0.012077203407177871,0.016550887117108358,0.23466666666666666,0.4693333333333333,0.4693333333333333,-0.0,correction_completion,PT_violation_g05,1,200,192,2302363889,reference_fold_convolution_rf,,,,
PRE_SUBC,X2_k=-2,,,-2.0,reference_fold_pretrend,-0.011768155061425747,-0.006810801676342071,0.03682562036183865,-0.09140451087302476,-0.03859122605607802,0.013379357241221867,0.016756804066588086,0.298,0.596,0.596,-0.0,correction_completion,PT_violation_g05,1,200,192,2302363889,reference_fold_convolution_rf,,,,
PRE_SUBC,X2_slope,,,,reference_fold_pretrend,0.0082292631066545,0.004623234369068646,0.01816449208448693,-0.00609192122783864,-0.004095980118288399,0.03443310677318141,0.06253245848902526,0.186,0.372,0.372,0.0,correction_completion,PT_violation_g05,1,200,192,2302363889,reference_fold_convolution_rf,,,,
PRE,k=-4,,,-4.0,pretrend,-0.13542650816382326,-0.12512195172656926,0.16198041476602004,-0.4609322829958529,-0.4094931075009139,0.10715230602361624,0.1656883217848707,0.242,0.484,0.484,-0.30000000000000004,correction_completion,PT_violation_g10,1,200,176,1977206602,raw_structured,,,,
PRE,k=-3,,,-3.0,pretrend,-0.14729090415253107,-0.13897693695330368,0.16215822201243815,-0.47725211316307575,-0.43142907415601206,0.08137775942460262,0.1251498070157928,0.26466666666666666,0.5293333333333333,0.5293333333333333,-0.2,correction_completion,PT_violation_g10,1,200,176,1977206602,raw_structured,,,,
PRE,k=-2,,,-2.0,pretrend,-0.015174575953236371,0.0,0.13426235424063107,-0.32489493183119844,-0.2793224338892784,0.20379985343710855,0.266034494690667,0.69,1.0,1.0,-0.1,correction_completion,PT_violation_g10,1,200,176,1977206602,raw_structured,,,,
PRE,slope,,,,pretrend,0.05114542205355488,0.0457777927298614,0.05893117992833192,-0.05366070729329277,-0.036521959623182935,0.15121239339006715,0.16665622836961216,0.23866666666666667,0.47733333333333333,0.47733333333333333,0.1,correction_completion,PT_violation_g10,1,200,176,1977206602,raw_structured,,,,
PRE_SUB,X1=0_k=-4,,,-4.0,pretrend,-0.12018997118226173,-0.11126621875672779,0.1676684007475238,-0.4593220025126435,-0.4015959862459011,0.142863144378752,0.21399828949970828,0.2786666666666667,0.5573333333333333,0.5573333333333333,-0.29999999999999993,correction_completion,PT_violation_g10,1,200,176,1977206602,raw_structured,,,,
PRE_SUB,X1=0_k=-3,,,-3.0,pretrend,-0.13295848216466283,-0.12111431914864096,0.16750371615109155,-0.46021362618764033,-0.414795397760569,0.11210024594663169,0.1815639719081187,0.3,0.6,0.6,-0.19999999999999996,correction_completion,PT_violation_g10,1,200,176,1977206602,raw_structured,,,,
PRE_SUB,X1=0_k=-2,,,-2.0,pretrend,-0.0018622859354161174,0.0,0.14073733712360498,-0.31921597829412723,-0.26470562499185785,0.24132580979595675,0.32522843719202316,0.722,1.0,1.0,-0.09999999999999998,correction_completion,PT_violation_g10,1,200,176,1977206602,raw_structured,,,,
PRE_SUB,X1=1_k=-4,,,-4.0,pretrend,-0.14981657086863137,-0.13522133687114035,0.17444412259683656,-0.5138635613836162,-0.4474496168425417,0.10595024185773216,0.1597684291801785,0.23533333333333334,0.4706666666666667,0.4706666666666667,-0.2999999999999999,correction_completion,PT_violation_g10,1,200,176,1977206602,raw_structured,,,,
PRE_SUB,X1=1_k=-3,,,-3.0,pretrend,-0.16082708047440666,-0.146655416553271,0.17414507800499832,-0.5191471463547911,-0.4539150260619873,0.07653088921611441,0.12190420812603203,0.258,0.516,0.516,-0.19999999999999993,correction_completion,PT_violation_g10,1,200,176,1977206602,raw_structured,,,,
PRE_SUB,X1=1_k=-2,,,-2.0,pretrend,-0.027747294303399946,0.0,0.14743588286355727,-0.37986656438127125,-0.3132252642993315,0.19843397632175563,0.26434515381822854,0.6766666666666666,1.0,1.0,-0.09999999999999996,correction_completion,PT_violation_g10,1,200,176,1977206602,raw_structured,,,,
PRE_SUB,X2=low_k=-4,,,-4.0,pretrend,-0.13518760021078072,-0.1253910067882669,0.16282868080689017,-0.4599372251043272,-0.40830450813972685,0.11196851523404845,0.16179005269165,0.246,0.492,0.492,-0.30000000000000004,correction_completion,PT_violation_g10,1,200,176,1977206602,raw_structured,,,,
PRE_SUB,X2=low_k=-3,,,-3.0,pretrend,-0.14659857088142897,-0.13897693695330354,0.16335991044463183,-0.47582544047911823,-0.43239978082060043,0.08515760265241845,0.1406152457991966,0.2673333333333333,0.5346666666666666,0.5346666666666666,-0.20000000000000004,correction_completion,PT_violation_g10,1,200,176,1977206602,raw_structured,,,,
PRE_SUB,X2=low_k=-2,,,-2.0,pretrend,-0.015752170062784808,0.0,0.13560421738763567,-0.32604780167070374,-0.2833148054378844,0.2012246839834108,0.27447201909188174,0.6906666666666667,1.0,1.0,-0.10000000000000002,correction_completion,PT_violation_g10,1,200,176,1977206602,raw_structured,,,,
PRE_SUB,X2=high_k=-4,,,-4.0,pretrend,-0.13464505620252096,-0.12483572332075887,0.1637405277830982,-0.46093228299585287,-0.41881135666856123,0.10849390182237387,0.17619401578899171,0.24733333333333332,0.49466666666666664,0.49466666666666664,-0.30000000000000004,correction_completion,PT_violation_g10,1,200,176,1977206602,raw_structured,,,,
PRE_SUB,X2=high_k=-3,,,-3.0,pretrend,-0.14694675005187402,-0.13811376687676463,0.16370677438008766,-0.4687197174834628,-0.42898845858601553,0.08274027016938143,0.13670114417364457,0.2693333333333333,0.5386666666666666,0.5386666666666666,-0.20000000000000004,correction_completion,PT_violation_g10,1,200,176,1977206602,raw_structured,,,,
PRE_SUB,X2=high_k=-2,,,-2.0,pretrend,-0.013713296649049023,0.0,0.13452202779087385,-0.32338394423025596,-0.28260357087751636,0.20854595410652274,0.2805510133874493,0.694,1.0,1.0,-0.10000000000000002,correction_completion,PT_violation_g10,1,200,176,1977206602,raw_structured,,,,
PRE_SUBC,X1_k=-4,,,-4.0,pretrend,-0.029626599686369635,0.0,0.11080953915866604,-0.4348282992927886,-0.2966390135112488,1.2781442570997102e-15,0.0038958156104382056,0.5173333333333333,1.0,1.0,4.163336342344337e-17,correction_completion,PT_violation_g10,1,200,176,1977206602,raw_structured,,,,
PRE_SUBC,X1_k=-3,,,-3.0,pretrend,-0.027868598309743826,0.0,0.10828702868952468,-0.43337353691168146,-0.284126899167607,9.582612481295876e-16,0.0025711666290415235,0.5453333333333333,1.0,1.0,2.7755575615628914e-17,correction_completion,PT_violation_g10,1,200,176,1977206602,raw_structured,,,,
PRE_SUBC,X1_k=-2,,,-2.0,pretrend,-0.025885008367983825,0.0,0.10536851845593818,-0.4333735369116808,-0.2575244074887531,6.05678701637302e-16,1.0253083104760914e-15,0.7013333333333334,1.0,1.0,1.3877787807814457e-17,correction_completion,PT_violation_g10,1,200,176,1977206602,raw_structured,,,,
PRE_SUBC,X1_slope,,,,pretrend,0.01217871457475574,0.0,0.04609064135852681,-0.0013778376972704226,-4.044507784239926e-16,0.11997421731473808,0.18256707185076654,0.512,1.0,1.0,-1.3877787807814457e-17,correction_completion,PT_violation_g10,1,200,176,1977206602,raw_structured,,,,
PRE_SUBC,X2_k=-4,,,-4.0,pretrend,0.0005425440082597738,0.0,0.04531447286164703,-0.03522618484433833,-1.1671219546371957e-15,0.04166324205902441,0.062361811845835606,0.5166666666666667,1.0,1.0,-0.0,correction_completion,PT_violation_g10,1,200,176,1977206602,raw_structured,,,,
PRE_SUBC,X2_k=-3,,,-3.0,pretrend,-0.0003481791704450331,0.0,0.04364067517814301,-0.026281371016332003,-1.1109169140155472e-15,0.039329697777464326,0.057679971644657824,0.552,1.0,1.0,-0.0,correction_completion,PT_violation_g10,1,200,176,1977206602,raw_structured,,,,
PRE_SUBC,X2_k=-2,,,-2.0,pretrend,0.0020388734137357866,0.0,0.03225134428533666,-1.1459583282302786e-15,-6.251943407420412e-16,0.03600111784200189,0.059085845084966164,0.7166666666666667,1.0,1.0,-0.0,correction_completion,PT_violation_g10,1,200,176,1977206602,raw_structured,,,,
PRE_SUBC,X2_slope,,,,pretrend,-0.0002121533641160743,0.0,0.017470449276115824,-0.025464449379675857,-0.017139173902105755,4.804192757898039e-16,0.011778051432378587,0.5113333333333333,1.0,1.0,0.0,correction_completion,PT_violation_g10,1,200,176,1977206602,raw_structured,,,,
PRE,k=-4,,,-4.0,reference_fold_pretrend,-0.22923318757330796,-0.2220624445104497,0.17007206085384463,-0.57416367885497,-0.520741118569229,0.03989423398268288,0.09558756645605078,0.08266666666666667,0.16533333333333333,0.16533333333333333,-0.30000000000000004,correction_completion,PT_violation_g10,1,200,176,1977206602,reference_fold_convolution_rf,,,,
PRE,k=-3,,,-3.0,reference_fold_pretrend,-0.22805300462241035,-0.2202864527877998,0.1572286957831859,-0.5637683203114758,-0.49858453694750793,0.012283138423344546,0.061828667124834265,0.07533333333333334,0.15066666666666667,0.15066666666666667,-0.2,correction_completion,PT_violation_g10,1,200,176,1977206602,reference_fold_convolution_rf,,,,
PRE,k=-2,,,-2.0,reference_fold_pretrend,-0.10062890125639656,-0.08442255796582947,0.14323008279225435,-0.40720350268763866,-0.35077084428222244,0.10843394749904935,0.1446347653316745,0.31333333333333335,0.6266666666666667,0.6266666666666667,-0.1,correction_completion,PT_violation_g10,1,200,176,1977206602,reference_fold_convolution_rf,,,,
PRE,slope,,,,reference_fold_pretrend,0.08888817665865292,0.08514886430610719,0.06166937557262457,-0.024468420822194147,-0.009657830704342936,0.1930949637794633,0.21750811761153924,0.07066666666666667,0.14133333333333334,0.14133333333333334,0.1,correction_completion,PT_violation_g10,1,200,176,1977206602,reference_fold_convolution_rf,,,,
PRE_SUB,X1=0_k=-4,,,-4.0,reference_fold_pretrend,-0.22092967292027227,-0.21299377577774267,0.18135012701385075,-0.5819494869895112,-0.528938771401205,0.05939692938014775,0.12988338236701183,0.11266666666666666,0.22533333333333333,0.22533333333333333,-0.29999999999999993,correction_completion,PT_violation_g10,1,200,176,1977206602,reference_fold_convolution_rf,,,,
PRE_SUB,X1=0_k=-3,,,-3.0,reference_fold_pretrend,-0.22723469024739454,-0.22127576139229077,0.16774569370048226,-0.5712982520236803,-0.5164844890903905,0.03917981364332908,0.09312978899294741,0.092,0.184,0.184,-0.19999999999999996,correction_completion,PT_violation_g10,1,200,176,1977206602,reference_fold_convolution_rf,,,,
PRE_SUB,X1=0_k=-2,,,-2.0,reference_fold_pretrend,-0.09921388860983985,-0.08312807994357335,0.15295555445327577,-0.4184715841429205,-0.36646486206961276,0.12250185856726288,0.16853963354028417,0.3373333333333333,0.6746666666666666,0.6746666666666666,-0.09999999999999998,correction_completion,PT_violation_g10,1,200,176,1977206602,reference_fold_convolution_rf,,,,
PRE_SUB,X1=1_k=-4,,,-4.0,reference_fold_pretrend,-0.23707539585673051,-0.22715304935582464,0.17459023179407823,-0.5969213514185926,-0.5317847942406498,0.03756060345354059,0.08830732053801647,0.08333333333333333,0.16666666666666666,0.16666666666666666,-0.2999999999999999,correction_completion,PT_violation_g10,1,200,176,1977206602,reference_fold_convolution_rf,,,,
PRE_SUB,X1=1_k=-3,,,-3.0,reference_fold_pretrend,-0.22882585708770306,-0.22054426118704074,0.1616564802386023,-0.5682803791898807,-0.5135813770983216,0.016183319437255695,0.07200369531062184,0.08066666666666666,0.16133333333333333,0.16133333333333333,-0.19999999999999993,correction_completion,PT_violation_g10,1,200,176,1977206602,reference_fold_convolution_rf,,,,
PRE_SUB,X1=1_k=-2,,,-2.0,reference_fold_pretrend,-0.10196530208925572,-0.08606872690580217,0.1479202454199621,-0.4198593546746349,-0.3720720759147607,0.11532389655456585,0.15931559305906381,0.31733333333333336,0.6346666666666667,0.6346666666666667,-0.09999999999999996,correction_completion,PT_violation_g10,1,200,176,1977206602,reference_fold_convolution_rf,,,,
PRE_SUB,X2=low_k=-4,,,-4.0,reference_fold_pretrend,-0.2363146622758912,-0.23029839167990476,0.17672969828551177,-0.5944448559069619,-0.536621207724281,0.04864750077727525,0.08557147944929934,0.09133333333333334,0.18266666666666667,0.18266666666666667,-0.30000000000000004,correction_completion,PT_violation_g10,1,200,176,1977206602,reference_fold_convolution_rf,,,,
PRE_SUB,X2=low_k=-3,,,-3.0,reference_fold_pretrend,-0.23914256209415938,-0.23243032439495762,0.16455721716480684,-0.5708463489676607,-0.5176375094774102,0.011317128355040534,0.05724008668454322,0.07466666666666667,0.14933333333333335,0.14933333333333335,-0.20000000000000004,correction_completion,PT_violation_g10,1,200,176,1977206602,reference_fold_convolution_rf,,,,
PRE_SUB,X2=low_k=-2,,,-2.0,reference_fold_pretrend,-0.11182305345703418,-0.09424923624525491,0.14994031259906535,-0.42900709003171367,-0.3811222149327789,0.10422334076031081,0.13511609440277303,0.30733333333333335,0.6146666666666667,0.6146666666666667,-0.10000000000000002,correction_completion,PT_violation_g10,1,200,176,1977206602,reference_fold_convolution_rf,,,,
PRE_SUB,X2=high_k=-4,,,-4.0,reference_fold_pretrend,-0.24160697031607023,-0.23516360193864536,0.17723384390871022,-0.5987153304151498,-0.5451843740396983,0.03978799831943069,0.08026473691341239,0.086,0.172,0.172,-0.30000000000000004,correction_completion,PT_violation_g10,1,200,176,1977206602,reference_fold_convolution_rf,,,,
PRE_SUB,X2=high_k=-3,,,-3.0,reference_fold_pretrend,-0.24638015722583811,-0.24253266509123644,0.1649508179824976,-0.5864625355678167,-0.528717033718859,0.009306022838073903,0.05335166416812515,0.07266666666666667,0.14533333333333334,0.14533333333333334,-0.20000000000000004,correction_completion,PT_violation_g10,1,200,176,1977206602,reference_fold_convolution_rf,,,,
PRE_SUB,X2=high_k=-2,,,-2.0,reference_fold_pretrend,-0.11399522391849579,-0.09684706473562789,0.1499074855005104,-0.42902407806679665,-0.38038708967950996,0.10407016338578175,0.13335882410875693,0.302,0.604,0.604,-0.10000000000000002,correction_completion,PT_violation_g10,1,200,176,1977206602,reference_fold_convolution_rf,,,,
PRE_SUBC,X1_k=-4,,,-4.0,reference_fold_pretrend,-0.016145722936458252,0.010956438558303486,0.10446352187293945,-0.33585291427399977,-0.24349962349282034,0.09056345162127638,0.1082381220117564,0.43266666666666664,0.8653333333333333,0.8653333333333333,4.163336342344337e-17,correction_completion,PT_violation_g10,1,200,176,1977206602,reference_fold_convolution_rf,,,,
PRE_SUBC,X1_k=-3,,,-3.0,reference_fold_pretrend,-0.0015911668403085079,0.021233147021670215,0.0977374058144324,-0.3169862170148077,-0.21317661596287202,0.09307159587551739,0.10892316773237407,0.34,0.68,0.68,2.7755575615628914e-17,correction_completion,PT_violation_g10,1,200,176,1977206602,reference_fold_convolution_rf,,,,
PRE_SUBC,X1_k=-2,,,-2.0,reference_fold_pretrend,-0.0027514134794158723,0.014686771112380603,0.09171952116969201,-0.3082526154691676,-0.20521494174865373,0.08196767998094245,0.09657620691787926,0.392,0.784,0.784,1.3877787807814457e-17,correction_completion,PT_violation_g10,1,200,176,1977206602,reference_fold_convolution_rf,,,,
PRE_SUBC,X1_slope,,,,reference_fold_pretrend,0.0038836368549576886,-0.007171875565460107,0.04142626887009569,-0.04103328833510326,-0.03598987084641238,0.09454655812280616,0.14011794927626742,0.39,0.78,0.78,-1.3877787807814457e-17,correction_completion,PT_violation_g10,1,200,176,1977206602,reference_fold_convolution_rf,,,,
PRE_SUBC,X2_k=-4,,,-4.0,reference_fold_pretrend,-0.005292308040179037,5.551115123125783e-17,0.05782063941758255,-0.18053965499335872,-0.11030494051955451,0.04405290430506089,0.05727427953511391,0.4646666666666667,0.9293333333333333,0.9293333333333333,-0.0,correction_completion,PT_violation_g10,1,200,176,1977206602,reference_fold_convolution_rf,,,,
PRE_SUBC,X2_k=-3,,,-3.0,reference_fold_pretrend,-0.007237595131678747,1.9949319973733282e-17,0.05323786070072014,-0.18053965499335872,-0.1103049405195545,0.037767863480398595,0.05180229737717287,0.49333333333333335,0.9866666666666667,0.9866666666666667,-0.0,correction_completion,PT_violation_g10,1,200,176,1977206602,reference_fold_convolution_rf,,,,
PRE_SUBC,X2_k=-2,,,-2.0,reference_fold_pretrend,-0.0021721704614616226,0.0,0.0382270558098251,-0.11761196956169905,-0.015954041220792636,0.03430810303932973,0.04680674467311242,0.5293333333333333,1.0,1.0,-0.0,correction_completion,PT_violation_g10,1,200,176,1977206602,reference_fold_convolution_rf,,,,
PRE_SUBC,X2_slope,,,,reference_fold_pretrend,0.0023231632032397307,-1.9825411154020653e-17,0.02145903547134661,-0.023518235060432782,-0.01738803688618123,0.041675499083011526,0.07054515835709171,0.44666666666666666,0.8933333333333333,0.8933333333333333,0.0,correction_completion,PT_violation_g10,1,200,176,1977206602,reference_fold_convolution_rf,,,,
PRE,k=-4,,,-4.0,pretrend,-0.3882640777735957,-0.38161096472959816,0.18635057414165304,-0.7781678966421913,-0.7017281015090312,-0.09653629055088289,-0.02246618441050977,0.022,0.044,0.044,-0.5999999999999999,correction_completion,PT_violation_g20,1,200,160,2109517336,raw_structured,,,,
PRE,k=-3,,,-3.0,pretrend,-0.32334667040719767,-0.32023251314454804,0.1852053360505511,-0.6804434344938426,-0.6207898383003556,0.0,0.0,0.06933333333333333,0.13866666666666666,0.13866666666666666,-0.3999999999999999,correction_completion,PT_violation_g20,1,200,160,2109517336,raw_structured,,,,
PRE,k=-2,,,-2.0,pretrend,-0.1876947264434419,-0.17552112837442102,0.18742714369482788,-0.5792853468596003,-0.5119941639380245,0.009769221267552074,0.0740996045053309,0.30533333333333335,0.6106666666666667,0.6106666666666667,-0.19999999999999996,correction_completion,PT_violation_g20,1,200,160,2109517336,raw_structured,,,,
PRE,slope,,,,pretrend,0.1427985928984732,0.14005739278746493,0.07147520048661864,0.007768211250601579,0.0324375758353529,0.2636868947625113,0.29210834661731894,0.021333333333333333,0.042666666666666665,0.042666666666666665,0.19999999999999996,correction_completion,PT_violation_g20,1,200,160,2109517336,raw_structured,,,,
PRE_SUB,X1=0_k=-4,,,-4.0,pretrend,-0.3802995679738486,-0.37503481455871224,0.18817176468555835,-0.7744136159619851,-0.6949973529519775,-0.0820100685717207,0.0,0.02666666666666667,0.05333333333333334,0.05333333333333334,-0.5999999999999999,correction_completion,PT_violation_g20,1,200,160,2109517336,raw_structured,,,,
PRE_SUB,X1=0_k=-3,,,-3.0,pretrend,-0.3191418063859747,-0.3172912634411237,0.18644115111062576,-0.6800558522450546,-0.6196373917794671,0.0,0.0,0.072,0.144,0.144,-0.3999999999999999,correction_completion,PT_violation_g20,1,200,160,2109517336,raw_structured,,,,
PRE_SUB,X1=0_k=-2,,,-2.0,pretrend,-0.1836390398181871,-0.16750395088569944,0.18817158711799267,-0.5792853468595993,-0.5091116982995688,0.01824909023492001,0.08280029259746666,0.31266666666666665,0.6253333333333333,0.6253333333333333,-0.19999999999999996,correction_completion,PT_violation_g20,1,200,160,2109517336,raw_structured,,,,
PRE_SUB,X1=1_k=-4,,,-4.0,pretrend,-0.3997252016317684,-0.3891404783965976,0.19608794838782512,-0.8168168549520083,-0.736430841242478,-0.09818093678886483,-0.02246618441050996,0.022,0.044,0.044,-0.6,correction_completion,PT_violation_g20,1,200,160,2109517336,raw_structured,,,,
PRE_SUB,X1=1_k=-3,,,-3.0,pretrend,-0.3293975722913966,-0.32418441832892164,0.18976814067442313,-0.7025162888787702,-0.6437085290204271,0.0,0.0,0.06866666666666667,0.13733333333333334,0.13733333333333334,-0.39999999999999997,correction_completion,PT_violation_g20,1,200,160,2109517336,raw_structured,,,,
PRE_SUB,X1=1_k=-2,,,-2.0,pretrend,-0.1935309584163696,-0.18666707331782073,0.19220327273052185,-0.5923435925524141,-0.5370259243959473,0.007330082908266529,0.07312330116960601,0.30333333333333334,0.6066666666666667,0.6066666666666667,-0.19999999999999998,correction_completion,PT_violation_g20,1,200,160,2109517336,raw_structured,,,,
PRE_SUB,X2=low_k=-4,,,-4.0,pretrend,-0.3797128587066572,-0.374245308926814,0.1893758715992859,-0.774846765792269,-0.7004858713130454,-0.07304433038971464,-0.007273084967318714,0.023333333333333334,0.04666666666666667,0.04666666666666667,-0.6000000000000001,correction_completion,PT_violation_g20,1,200,160,2109517336,raw_structured,,,,
PRE_SUB,X2=low_k=-3,,,-3.0,pretrend,-0.314850530581073,-0.31433660359502,0.18755460862883774,-0.6804434344938438,-0.611120406402995,0.0,0.0008511257949990575,0.074,0.148,0.148,-0.4,correction_completion,PT_violation_g20,1,200,160,2109517336,raw_structured,,,,
PRE_SUB,X2=low_k=-2,,,-2.0,pretrend,-0.17871240604222938,-0.16146570228338306,0.18889960028566527,-0.574632441529835,-0.506970451582167,0.020479862779700396,0.09607883453397215,0.316,0.632,0.632,-0.2,correction_completion,PT_violation_g20,1,200,160,2109517336,raw_structured,,,,
PRE_SUB,X2=high_k=-4,,,-4.0,pretrend,-0.3946068054094122,-0.38610386646540196,0.19435375506454972,-0.8098433435572456,-0.7317143927630725,-0.09504720693244548,-0.019783377865374995,0.02266666666666667,0.04533333333333334,0.04533333333333334,-0.6000000000000001,correction_completion,PT_violation_g20,1,200,160,2109517336,raw_structured,,,,
PRE_SUB,X2=high_k=-3,,,-3.0,pretrend,-0.32968961757688275,-0.3244791725465489,0.1926123373711533,-0.7117111761577444,-0.639764253613506,0.0,0.0,0.06933333333333333,0.13866666666666666,0.13866666666666666,-0.4,correction_completion,PT_violation_g20,1,200,160,2109517336,raw_structured,,,,
PRE_SUB,X2=high_k=-2,,,-2.0,pretrend,-0.19462687224361264,-0.1847857012783381,0.19569965913696305,-0.5979237223951435,-0.5402990385022249,0.008557903193840734,0.07312330116960584,0.30466666666666664,0.6093333333333333,0.6093333333333333,-0.2,correction_completion,PT_violation_g20,1,200,160,2109517336,raw_structured,,,,
PRE_SUBC,X1_k=-4,,,-4.0,pretrend,-0.019425633657919803,-2.7755575615628914e-17,0.08930496028802354,-0.3478572409763074,-0.1492698122172628,1.609823385706477e-15,0.015843706219933536,0.49733333333333335,0.9946666666666667,0.9946666666666667,-8.326672684688674e-17,correction_completion,PT_violation_g20,1,200,160,2109517336,raw_structured,,,,
PRE_SUBC,X1_k=-3,,,-3.0,pretrend,-0.010255765905421821,0.0,0.06340420424552279,-0.1456850524047886,-0.07084863503754982,1.1657341758564144e-15,0.0054949091249924965,0.53,1.0,1.0,-5.551115123125783e-17,correction_completion,PT_violation_g20,1,200,160,2109517336,raw_structured,,,,
PRE_SUBC,X1_k=-2,,,-2.0,pretrend,-0.009891918598182507,0.0,0.061279193659528636,-0.1248718540869033,-0.06140813106416661,8.604228440844963e-16,1.3058998327153328e-15,0.6073333333333333,1.0,1.0,-2.7755575615628914e-17,correction_completion,PT_violation_g20,1,200,160,2109517336,raw_structured,,,,
PRE_SUBC,X1_slope,,,,pretrend,0.006334310813056111,1.1895246692412391e-17,0.029974773909683394,-0.004859220224398037,-5.517411924163947e-16,0.046554676751442654,0.10774091199461881,0.4886666666666667,0.9773333333333334,0.9773333333333334,2.7755575615628914e-17,correction_completion,PT_violation_g20,1,200,160,2109517336,raw_structured,,,,
PRE_SUBC,X2_k=-4,,,-4.0,pretrend,-0.014893946702754941,-3.3393426912553537e-17,0.09041675161532307,-0.34383275363884197,-0.07935952021228389,1.057487430955459e-15,0.015525107321585095,0.496,0.992,0.992,-0.0,correction_completion,PT_violation_g20,1,200,160,2109517336,raw_structured,,,,
PRE_SUBC,X2_k=-3,,,-3.0,pretrend,-0.01483908699580976,0.0,0.08672464911730227,-0.3367202784802304,-0.06291949243989589,7.771561172376096e-16,0.0020131799988514854,0.5253333333333333,1.0,1.0,-0.0,correction_completion,PT_violation_g20,1,200,160,2109517336,raw_structured,,,,
PRE_SUBC,X2_k=-2,,,-2.0,pretrend,-0.015914466201383277,0.0,0.08446311837061125,-0.3438327536388425,-0.0547586920276853,6.106226635438361e-16,8.326672684688674e-16,0.618,1.0,1.0,-0.0,correction_completion,PT_violation_g20,1,200,160,2109517336,raw_structured,,,,
PRE_SUBC,X2_slope,,,,pretrend,0.006448177164376258,1.1895246692412391e-17,0.037259223462261216,-0.00568210987276892,-3.747993978667604e-16,0.027694207874993694,0.14430869077724123,0.4806666666666667,0.9613333333333334,0.9613333333333334,0.0,correction_completion,PT_violation_g20,1,200,160,2109517336,raw_structured,,,,
PRE,k=-4,,,-4.0,reference_fold_pretrend,-0.48584005451714346,-0.4841810398510298,0.17225508163292333,-0.8323437021466182,-0.7763232976104246,-0.20947135579444293,-0.16370821364898502,0.004666666666666667,0.009333333333333334,0.009333333333333334,-0.5999999999999999,correction_completion,PT_violation_g20,1,200,160,2109517336,reference_fold_convolution_rf,,,,
PRE,k=-3,,,-3.0,reference_fold_pretrend,-0.4143777914596713,-0.41114520340034494,0.1641620112649269,-0.7381277532593493,-0.6873957700258564,-0.14711237597186197,-0.09565764254473713,0.004666666666666667,0.009333333333333334,0.009333333333333334,-0.3999999999999999,correction_completion,PT_violation_g20,1,200,160,2109517336,reference_fold_convolution_rf,,,,
PRE,k=-2,,,-2.0,reference_fold_pretrend,-0.28555755421288564,-0.28448652992432133,0.1540224276285108,-0.5953588042094414,-0.535052342508337,-0.02182827648547664,0.0,0.03933333333333333,0.07866666666666666,0.07866666666666666,-0.19999999999999996,correction_completion,PT_violation_g20,1,200,160,2109517336,reference_fold_convolution_rf,,,,
PRE,slope,,,,reference_fold_pretrend,0.18370237862026137,0.1823528042631788,0.06462794328270906,0.06081492751472113,0.08099968198143072,0.2876038900411416,0.31237118268539177,0.004666666666666667,0.009333333333333334,0.009333333333333334,0.19999999999999996,correction_completion,PT_violation_g20,1,200,160,2109517336,reference_fold_convolution_rf,,,,
PRE_SUB,X1=0_k=-4,,,-4.0,reference_fold_pretrend,-0.46328082986252017,-0.46110001770328646,0.17447462752552564,-0.8079940615336585,-0.749812223011233,-0.17947972457094685,-0.13266422128510091,0.007333333333333333,0.014666666666666666,0.014666666666666666,-0.5999999999999999,correction_completion,PT_violation_g20,1,200,160,2109517336,reference_fold_convolution_rf,,,,
PRE_SUB,X1=0_k=-3,,,-3.0,reference_fold_pretrend,-0.39353238421068126,-0.38806787945248755,0.1666069346608218,-0.7278440940479824,-0.6693281464395611,-0.130782557394902,-0.08144701539767692,0.01,0.02,0.02,-0.3999999999999999,correction_completion,PT_violation_g20,1,200,160,2109517336,reference_fold_convolution_rf,,,,
PRE_SUB,X1=0_k=-2,,,-2.0,reference_fold_pretrend,-0.2606372968886541,-0.25663612926904666,0.15168459679404808,-0.5704854807573415,-0.5081391939772625,-0.003180571756078227,0.012486923496236896,0.048666666666666664,0.09733333333333333,0.09733333333333333,-0.19999999999999996,correction_completion,PT_violation_g20,1,200,160,2109517336,reference_fold_convolution_rf,,,,
PRE_SUB,X1=1_k=-4,,,-4.0,reference_fold_pretrend,-0.518303329020138,-0.517136872263065,0.1798427626097521,-0.8778800506956189,-0.82164929626786,-0.22982968379753632,-0.18264705312418658,0.0033333333333333335,0.006666666666666667,0.006666666666666667,-0.6,correction_completion,PT_violation_g20,1,200,160,2109517336,reference_fold_convolution_rf,,,,
PRE_SUB,X1=1_k=-3,,,-3.0,reference_fold_pretrend,-0.4443748409155352,-0.4432634284638981,0.16947818150837093,-0.7780916801906419,-0.7293455753953928,-0.1698069966783522,-0.10147129567452016,0.004666666666666667,0.009333333333333334,0.009333333333333334,-0.39999999999999997,correction_completion,PT_violation_g20,1,200,160,2109517336,reference_fold_convolution_rf,,,,
PRE_SUB,X1=1_k=-2,,,-2.0,reference_fold_pretrend,-0.321418412313609,-0.32250151715048037,0.16355236269096976,-0.649358669893175,-0.590676751421711,-0.03975482123622982,0.0,0.035333333333333335,0.07066666666666667,0.07066666666666667,-0.19999999999999998,correction_completion,PT_violation_g20,1,200,160,2109517336,reference_fold_convolution_rf,,,,
PRE_SUB,X2=low_k=-4,,,-4.0,reference_fold_pretrend,-0.4642242140296122,-0.464107051359682,0.17288743762357028,-0.8050787280009203,-0.7532391657458151,-0.18730119879804913,-0.14694058906986265,0.006,0.012,0.012,-0.6000000000000001,correction_completion,PT_violation_g20,1,200,160,2109517336,reference_fold_convolution_rf,,,,
PRE_SUB,X2=low_k=-3,,,-3.0,reference_fold_pretrend,-0.39238559344481866,-0.384570640348141,0.1644314715272045,-0.7229028537160955,-0.6689520558664499,-0.13170755595167144,-0.08448150031270107,0.006666666666666667,0.013333333333333334,0.013333333333333334,-0.4,correction_completion,PT_violation_g20,1,200,160,2109517336,reference_fold_convolution_rf,,,,
PRE_SUB,X2=low_k=-2,,,-2.0,reference_fold_pretrend,-0.2588060911671241,-0.25316431974747666,0.1500941886449768,-0.5647709226823202,-0.5048328200642522,-0.008937706465484778,0.010635010066479034,0.046,0.092,0.092,-0.2,correction_completion,PT_violation_g20,1,200,160,2109517336,reference_fold_convolution_rf,,,,
PRE_SUB,X2=high_k=-4,,,-4.0,reference_fold_pretrend,-0.4735468474497293,-0.4716014647444188,0.1732508088562278,-0.8162619208108767,-0.7614941116166787,-0.1945326023005002,-0.15330723537637583,0.004666666666666667,0.009333333333333334,0.009333333333333334,-0.6000000000000001,correction_completion,PT_violation_g20,1,200,160,2109517336,reference_fold_convolution_rf,,,,
PRE_SUB,X2=high_k=-3,,,-3.0,reference_fold_pretrend,-0.40176894285807885,-0.39459780155407936,0.16506518280878132,-0.7330737884143591,-0.6789049905062986,-0.13725083036072636,-0.09260937187665394,0.006666666666666667,0.013333333333333334,0.013333333333333334,-0.4,correction_completion,PT_violation_g20,1,200,160,2109517336,reference_fold_convolution_rf,,,,
PRE_SUB,X2=high_k=-2,,,-2.0,reference_fold_pretrend,-0.26715643748514506,-0.26342095441120716,0.1510307294648839,-0.5797051494185815,-0.510094656999015,-0.013466099896021646,0.007035971471455253,0.044,0.088,0.088,-0.2,correction_completion,PT_violation_g20,1,200,160,2109517336,reference_fold_convolution_rf,,,,
PRE_SUBC,X1_k=-4,,,-4.0,reference_fold_pretrend,-0.05502249915761788,-0.044038741449218724,0.08003234626949372,-0.277528316419559,-0.21860815724550975,0.032435181467075656,0.04875062630876743,0.16866666666666666,0.3373333333333333,0.3373333333333333,-8.326672684688674e-17,correction_completion,PT_violation_g20,1,200,160,2109517336,reference_fold_convolution_rf,,,,
PRE_SUBC,X1_k=-3,,,-3.0,reference_fold_pretrend,-0.05084245670485393,-0.04263842750266564,0.0705599144654806,-0.26908269405684904,-0.1765755394498499,0.02767874467787893,0.042114264545073,0.14666666666666667,0.29333333333333333,0.29333333333333333,-5.551115123125783e-17,correction_completion,PT_violation_g20,1,200,160,2109517336,reference_fold_convolution_rf,,,,
PRE_SUBC,X1_k=-2,,,-2.0,reference_fold_pretrend,-0.06078111542495492,-0.05317012210703822,0.05819326225634975,-0.23646733678461607,-0.1361819078451026,0.00040271768631268884,0.017791300953676557,0.066,0.132,0.132,-2.7755575615628914e-17,correction_completion,PT_violation_g20,1,200,160,2109517336,reference_fold_convolution_rf,,,,
PRE_SUBC,X1_slope,,,,reference_fold_pretrend,0.023395251879108316,0.019227558019018064,0.029447510810969094,-0.014519771650491089,-0.00776716293908179,0.07841970711804959,0.10793481575396045,0.12133333333333333,0.24266666666666667,0.24266666666666667,2.7755575615628914e-17,correction_completion,PT_violation_g20,1,200,160,2109517336,reference_fold_convolution_rf,,,,
PRE_SUBC,X2_k=-4,,,-4.0,reference_fold_pretrend,-0.009322633420117108,-5.551115123125783e-17,0.04944813419247239,-0.1748506532006896,-0.08563863498134092,0.008013030037743235,0.038845529626939,0.482,0.964,0.964,-0.0,correction_completion,PT_violation_g20,1,200,160,2109517336,reference_fold_convolution_rf,,,,
PRE_SUBC,X2_k=-3,,,-3.0,reference_fold_pretrend,-0.00938334941326006,-2.7755575615628914e-17,0.04538223959287048,-0.16707105000048691,-0.07335969815195853,1.1712852909795351e-15,0.02153920131406944,0.496,0.992,0.992,-0.0,correction_completion,PT_violation_g20,1,200,160,2109517336,reference_fold_convolution_rf,,,,
PRE_SUBC,X2_k=-2,,,-2.0,reference_fold_pretrend,-0.00835034631802095,-2.7755575615628914e-17,0.03837340386055907,-0.1330926747243759,-0.049730450409047756,4.996003610813204e-16,7.771561172376096e-16,0.494,0.988,0.988,-0.0,correction_completion,PT_violation_g20,1,200,160,2109517336,reference_fold_convolution_rf,,,,
PRE_SUBC,X2_slope,,,,reference_fold_pretrend,0.003934638957492314,2.13123169905722e-17,0.019119794281564306,-0.012702667695496784,-0.0021334089514046944,0.032963887944813156,0.06479790513100928,0.4573333333333333,0.9146666666666666,0.9146666666666666,0.0,correction_completion,PT_violation_g20,1,200,160,2109517336,reference_fold_convolution_rf,,,,
PRE,k=-4,,,-4.0,pretrend,-1.2370249113970002,-1.2339715226322259,0.2077194548880089,-1.6340513141217314,-1.5735644552419115,-0.9057839261088994,-0.8342473552159997,0.0,0.0,0.0,-1.1999999999999997,correction_completion,PT_violation_g40,1,200,144,1736369589,raw_structured,,,,
PRE,k=-3,,,-3.0,pretrend,-0.891428001476626,-0.8966163380513801,0.20399938736814416,-1.2790233798511716,-1.2250774756093754,-0.5459553952372678,-0.4966322197319045,0.0,0.0,0.0,-0.7999999999999998,correction_completion,PT_violation_g40,1,200,144,1736369589,raw_structured,,,,
PRE,k=-2,,,-2.0,pretrend,-0.4301591858105723,-0.44214974726105394,0.2081161296638656,-0.8175174318087624,-0.758373540167114,-0.018276942991018442,0.0,0.048666666666666664,0.09733333333333333,0.09733333333333333,-0.3999999999999999,correction_completion,PT_violation_g40,1,200,144,1736369589,raw_structured,,,,
PRE,slope,,,,pretrend,0.42314928021105896,0.42332020338256215,0.07411586819258228,0.27414372658856695,0.29905370675548765,0.5439658085591006,0.5630932795403688,0.0,0.0,0.0,0.3999999999999999,correction_completion,PT_violation_g40,1,200,144,1736369589,raw_structured,,,,
PRE_SUB,X1=0_k=-4,,,-4.0,pretrend,-1.2095236267654945,-1.2047441604739424,0.22231503501340646,-1.6268513891558063,-1.562929511472734,-0.8443818818874113,-0.7743350412837009,0.0,0.0,0.0,-1.2,correction_completion,PT_violation_g40,1,200,144,1736369589,raw_structured,,,,
PRE_SUB,X1=0_k=-3,,,-3.0,pretrend,-0.8659013179067179,-0.8736939379087287,0.2163818057683747,-1.2703316910840328,-1.2053917688942968,-0.5040020774858369,-0.4272056736978712,0.0,0.0,0.0,-0.7999999999999999,correction_completion,PT_violation_g40,1,200,144,1736369589,raw_structured,,,,
PRE_SUB,X1=0_k=-2,,,-2.0,pretrend,-0.41746510865783976,-0.42981031990071605,0.21511573649801358,-0.8122503792277326,-0.7503810649687814,0.0,0.0,0.058666666666666666,0.11733333333333333,0.11733333333333333,-0.39999999999999997,correction_completion,PT_violation_g40,1,200,144,1736369589,raw_structured,,,,
PRE_SUB,X1=1_k=-4,,,-4.0,pretrend,-1.2610260325299505,-1.2606006747990426,0.21994000886712853,-1.7110928032422836,-1.6180935096393085,-0.9094714116065813,-0.8445255901719465,0.0,0.0,0.0,-1.1999999999999993,correction_completion,PT_violation_g40,1,200,144,1736369589,raw_structured,,,,
PRE_SUB,X1=1_k=-3,,,-3.0,pretrend,-0.9137058344103643,-0.9118471700326358,0.2164987480623948,-1.354938133313602,-1.271892858651325,-0.5586664208943382,-0.49663221973190375,0.0,0.0,0.0,-0.7999999999999996,correction_completion,PT_violation_g40,1,200,144,1736369589,raw_structured,,,,
PRE_SUB,X1=1_k=-2,,,-2.0,pretrend,-0.4412376531438662,-0.44981630605385425,0.21422978095460263,-0.8548730930002398,-0.780934316802512,-0.018276942991018456,0.0,0.048666666666666664,0.09733333333333333,0.09733333333333333,-0.3999999999999998,correction_completion,PT_violation_g40,1,200,144,1736369589,raw_structured,,,,
PRE_SUB,X2=low_k=-4,,,-4.0,pretrend,-1.2299946679468763,-1.2217297133029277,0.20697294961723953,-1.6286501248786427,-1.5667894115511953,-0.8939136221129057,-0.8245281028380959,0.0,0.0,0.0,-1.2000000000000002,correction_completion,PT_violation_g40,1,200,144,1736369589,raw_structured,,,,
PRE_SUB,X2=low_k=-3,,,-3.0,pretrend,-0.8845102667812919,-0.8893996989939834,0.20433345512058376,-1.2777048752464888,-1.2104419644580673,-0.541809169584642,-0.47882733452969245,0.0,0.0,0.0,-0.8,correction_completion,PT_violation_g40,1,200,144,1736369589,raw_structured,,,,
PRE_SUB,X2=low_k=-2,,,-2.0,pretrend,-0.4251796401309398,-0.4391523731634257,0.20719174019590572,-0.802029994524642,-0.7486078540178158,-0.016511676292022385,0.0,0.04933333333333333,0.09866666666666667,0.09866666666666667,-0.4,correction_completion,PT_violation_g40,1,200,144,1736369589,raw_structured,,,,
PRE_SUB,X2=high_k=-4,,,-4.0,pretrend,-1.2379617551123672,-1.2335608001390987,0.21086329385800964,-1.6380223802925638,-1.5787268962682826,-0.90462876484295,-0.8320868373914175,0.0,0.0,0.0,-1.2000000000000002,correction_completion,PT_violation_g40,1,200,144,1736369589,raw_structured,,,,
PRE_SUB,X2=high_k=-3,,,-3.0,pretrend,-0.8928335047077348,-0.8962301125816359,0.20603573396625902,-1.2837288886058411,-1.234511267038051,-0.5459553952372678,-0.49200226700500405,0.0,0.0,0.0,-0.8000000000000002,correction_completion,PT_violation_g40,1,200,144,1736369589,raw_structured,,,,
PRE_SUB,X2=high_k=-2,,,-2.0,pretrend,-0.4315881064753113,-0.44351446678845197,0.21008816924421064,-0.8258795154175107,-0.7659136780979955,-0.017251658835942863,0.0,0.048666666666666664,0.09733333333333333,0.09733333333333333,-0.4000000000000001,correction_completion,PT_violation_g40,1,200,144,1736369589,raw_structured,,,,
PRE_SUBC,X1_k=-4,,,-4.0,pretrend,-0.0515024057644559,-2.220446049250313e-16,0.1515552566576316,-0.5528221584163912,-0.45775988494410963,2.5590640717609808e-15,0.0063444719110332445,0.4806666666666667,0.9613333333333334,0.9613333333333334,4.996003610813204e-16,correction_completion,PT_violation_g40,1,200,144,1736369589,raw_structured,,,,
PRE_SUBC,X1_k=-3,,,-3.0,pretrend,-0.04780451650364644,-5.551115123125783e-17,0.14500546177013793,-0.544546006910769,-0.437131391420632,1.7763568394002505e-15,2.55351295663786e-15,0.5,1.0,1.0,3.3306690738754696e-16,correction_completion,PT_violation_g40,1,200,144,1736369589,raw_structured,,,,
PRE_SUBC,X1_k=-2,,,-2.0,pretrend,-0.023772544486026424,0.0,0.10530231395711762,-0.4462355670788663,-0.169616714532801,1.27675647831893e-15,1.8200718709948546e-15,0.5133333333333333,1.0,1.0,1.6653345369377348e-16,correction_completion,PT_violation_g40,1,200,144,1736369589,raw_structured,,,,
PRE_SUBC,X1_slope,,,,pretrend,0.019563485341906217,5.15460690004537e-17,0.0580033614073983,-0.001377780829367584,-7.692259527760013e-16,0.1682710206955935,0.219330757021477,0.44,0.88,0.88,-1.6653345369377348e-16,correction_completion,PT_violation_g40,1,200,144,1736369589,raw_structured,,,,
PRE_SUBC,X2_k=-4,,,-4.0,pretrend,-0.007967087165491084,0.0,0.05332962064464995,-0.07984168318730989,-0.03448103218928165,1.7763568394002505e-15,0.004839714666403732,0.5046666666666667,1.0,1.0,-1.6653345369377348e-16,correction_completion,PT_violation_g40,1,200,144,1736369589,raw_structured,,,,
PRE_SUBC,X2_k=-3,,,-3.0,pretrend,-0.008323237926442973,-1.1102230246251565e-16,0.049342069816328445,-0.058606247383611476,-0.03192240103878523,1.3322676295501878e-15,1.834643548193056e-15,0.4846666666666667,0.9693333333333334,0.9693333333333334,-1.1102230246251565e-16,correction_completion,PT_violation_g40,1,200,144,1736369589,raw_structured,,,,
PRE_SUBC,X2_k=-2,,,-2.0,pretrend,-0.006408466344371494,0.0,0.04303624511862275,-0.040479510825374015,-0.02293722143404519,9.992007221626409e-16,1.2212453270876722e-15,0.546,1.0,1.0,-5.551115123125783e-17,correction_completion,PT_violation_g40,1,200,144,1736369589,raw_structured,,,,
PRE_SUBC,X2_slope,,,,pretrend,0.003354014549552192,4.7580986769649563e-17,0.020773716085698384,-0.001473201471407395,-5.396476916124421e-16,0.013277197344319184,0.029782730105731306,0.43666666666666665,0.8733333333333333,0.8733333333333333,5.551115123125783e-17,correction_completion,PT_violation_g40,1,200,144,1736369589,raw_structured,,,,
PRE,k=-4,,,-4.0,reference_fold_pretrend,-1.20870542211313,-1.208438673344753,0.1885419706399837,-1.5603764062127394,-1.5080118432013097,-0.8992050348425722,-0.8280757615013896,0.0,0.0,0.0,-1.1999999999999997,correction_completion,PT_violation_g40,1,200,144,1736369589,reference_fold_convolution_rf,,,,
PRE,k=-3,,,-3.0,reference_fold_pretrend,-0.8742063098523698,-0.874624683588288,0.18554045636650562,-1.2473957317213868,-1.1839039952037524,-0.5770971943204806,-0.5019231439662412,0.0,0.0,0.0,-0.7999999999999998,correction_completion,PT_violation_g40,1,200,144,1736369589,reference_fold_convolution_rf,,,,
PRE,k=-2,,,-2.0,reference_fold_pretrend,-0.4222675203090686,-0.42091024827381546,0.18560200007552669,-0.7753838059410681,-0.7245543759269207,-0.11503008409531791,-0.04468692466763717,0.019333333333333334,0.03866666666666667,0.03866666666666667,-0.3999999999999999,correction_completion,PT_violation_g40,1,200,144,1736369589,reference_fold_convolution_rf,,,,
PRE,slope,,,,reference_fold_pretrend,0.41405688616808556,0.4131491235574464,0.06999270290676046,0.2815116595083902,0.30073124960540043,0.5251307555668319,0.5496363144786137,0.0,0.0,0.0,0.3999999999999999,correction_completion,PT_violation_g40,1,200,144,1736369589,reference_fold_convolution_rf,,,,
PRE_SUB,X1=0_k=-4,,,-4.0,reference_fold_pretrend,-1.1833745220581091,-1.1871989966824497,0.19811544034917783,-1.5421321232563263,-1.4920239091285143,-0.8487338789719366,-0.7906169197333792,0.0,0.0,0.0,-1.2,correction_completion,PT_violation_g40,1,200,144,1736369589,reference_fold_convolution_rf,,,,
PRE_SUB,X1=0_k=-3,,,-3.0,reference_fold_pretrend,-0.8548542149951863,-0.8596175929492402,0.1900112938656464,-1.2356507406613713,-1.170423606218797,-0.5368413151806957,-0.47609287908011977,0.0,0.0,0.0,-0.7999999999999999,correction_completion,PT_violation_g40,1,200,144,1736369589,reference_fold_convolution_rf,,,,
PRE_SUB,X1=0_k=-2,,,-2.0,reference_fold_pretrend,-0.4020442543989979,-0.40358021190935545,0.18866265317139813,-0.7635966573948042,-0.7093285922049053,-0.08858132733323593,-0.008864694430995993,0.024666666666666667,0.04933333333333333,0.04933333333333333,-0.39999999999999997,correction_completion,PT_violation_g40,1,200,144,1736369589,reference_fold_convolution_rf,,,,
PRE_SUB,X1=1_k=-4,,,-4.0,reference_fold_pretrend,-1.2308123894338754,-1.2262142166209355,0.1961895491620584,-1.615268944032647,-1.5382096586286735,-0.9072523535472384,-0.8387865735361318,0.0,0.0,0.0,-1.1999999999999993,correction_completion,PT_violation_g40,1,200,144,1736369589,reference_fold_convolution_rf,,,,
PRE_SUB,X1=1_k=-3,,,-3.0,reference_fold_pretrend,-0.891095410818639,-0.8842862049091667,0.1965599432987365,-1.281709320916853,-1.2202148476307022,-0.5739760475697826,-0.5089569060581141,0.0,0.0,0.0,-0.7999999999999996,correction_completion,PT_violation_g40,1,200,144,1736369589,reference_fold_convolution_rf,,,,
PRE_SUB,X1=1_k=-2,,,-2.0,reference_fold_pretrend,-0.43991691601240307,-0.43249566352095825,0.19592428900440526,-0.8468710300699005,-0.769221271225029,-0.11834042326623041,-0.04640770066176248,0.019333333333333334,0.03866666666666667,0.03866666666666667,-0.3999999999999998,correction_completion,PT_violation_g40,1,200,144,1736369589,reference_fold_convolution_rf,,,,
PRE_SUB,X2=low_k=-4,,,-4.0,reference_fold_pretrend,-1.1594344180520777,-1.159956171985702,0.19398246572776318,-1.5260724861638961,-1.4694559345969105,-0.8357534366515661,-0.7888181987238738,0.0,0.0,0.0,-1.2000000000000002,correction_completion,PT_violation_g40,1,200,144,1736369589,reference_fold_convolution_rf,,,,
PRE_SUB,X2=low_k=-3,,,-3.0,reference_fold_pretrend,-0.7698763026177058,-0.7709787186204728,0.18747737939782766,-1.1444336385476213,-1.0821942339204107,-0.45538571659081717,-0.4072411934855331,0.0,0.0,0.0,-0.8,correction_completion,PT_violation_g40,1,200,144,1736369589,reference_fold_convolution_rf,,,,
PRE_SUB,X2=low_k=-2,,,-2.0,reference_fold_pretrend,-0.40072776202764504,-0.3967433937850501,0.18556998137990696,-0.7560902721303903,-0.7041325777213235,-0.09401656665676672,-0.014854790854950319,0.023333333333333334,0.04666666666666667,0.04666666666666667,-0.4,correction_completion,PT_violation_g40,1,200,144,1736369589,reference_fold_convolution_rf,,,,
PRE_SUB,X2=high_k=-4,,,-4.0,reference_fold_pretrend,-1.2292494049281029,-1.2268694468681,0.1962199535883393,-1.6041012516727975,-1.5456532640262155,-0.9094335747196832,-0.836816584870273,0.0,0.0,0.0,-1.2000000000000002,correction_completion,PT_violation_g40,1,200,144,1736369589,reference_fold_convolution_rf,,,,
PRE_SUB,X2=high_k=-3,,,-3.0,reference_fold_pretrend,-0.9077693141289198,-0.90316436533848,0.19342913040937326,-1.2955095133077017,-1.2363251271389983,-0.6028010590067463,-0.5270243549633234,0.0,0.0,0.0,-0.8000000000000002,correction_completion,PT_violation_g40,1,200,144,1736369589,reference_fold_convolution_rf,,,,
PRE_SUB,X2=high_k=-2,,,-2.0,reference_fold_pretrend,-0.4301027961790728,-0.42937681351144485,0.19019606529427885,-0.7988140309501709,-0.7400041563831636,-0.11623027332006422,-0.0456593475190404,0.019333333333333334,0.03866666666666667,0.03866666666666667,-0.4000000000000001,correction_completion,PT_violation_g40,1,200,144,1736369589,reference_fold_convolution_rf,,,,
PRE_SUBC,X1_k=-4,,,-4.0,reference_fold_pretrend,-0.047437867375766295,0.0018956625305396324,0.11509038102957171,-0.3844966843966619,-0.3129889656067277,0.015006079862584438,0.03378155911892138,0.4033333333333333,0.8066666666666666,0.8066666666666666,4.996003610813204e-16,correction_completion,PT_violation_g40,1,200,144,1736369589,reference_fold_convolution_rf,,,,
PRE_SUBC,X1_k=-3,,,-3.0,reference_fold_pretrend,-0.03624119582345256,0.008165316181021676,0.11036079999963123,-0.3768781292703208,-0.3030490146251343,0.019767282951469796,0.0313929045900029,0.22266666666666668,0.44533333333333336,0.44533333333333336,3.3306690738754696e-16,correction_completion,PT_violation_g40,1,200,144,1736369589,reference_fold_convolution_rf,,,,
PRE_SUBC,X1_k=-2,,,-2.0,reference_fold_pretrend,-0.03787266161340519,0.0003912660881551233,0.10293673765251854,-0.3685325676169948,-0.30032721434616455,0.009047390482324103,0.010529406263484174,0.4726666666666667,0.9453333333333334,0.9453333333333334,1.6653345369377348e-16,correction_completion,PT_violation_g40,1,200,144,1736369589,reference_fold_convolution_rf,,,,
PRE_SUBC,X1_slope,,,,reference_fold_pretrend,0.01804776109911494,-0.0015875963328075638,0.046614568324380455,-0.011820148556844238,-0.006446640003946901,0.13011861462182328,0.15945104225593312,0.31133333333333335,0.6226666666666667,0.6226666666666667,-1.6653345369377348e-16,correction_completion,PT_violation_g40,1,200,144,1736369589,reference_fold_convolution_rf,,,,
PRE_SUBC,X2_k=-4,,,-4.0,reference_fold_pretrend,-0.06981498687602525,-0.0588268541264555,0.09475525423968154,-0.3281366636093855,-0.26490030908173007,0.04670672897233088,0.06870513513257559,0.18,0.36,0.36,-1.6653345369377348e-16,correction_completion,PT_violation_g40,1,200,144,1736369589,reference_fold_convolution_rf,,,,
PRE_SUBC,X2_k=-3,,,-3.0,reference_fold_pretrend,-0.13789301151121391,-0.12442697207324949,0.09007067294301146,-0.4063954518101773,-0.31625884127661313,-0.031656581285119036,-0.010103848192214417,0.014,0.028,0.028,-1.1102230246251565e-16,correction_completion,PT_violation_g40,1,200,144,1736369589,reference_fold_convolution_rf,,,,
PRE_SUBC,X2_k=-2,,,-2.0,reference_fold_pretrend,-0.029375034151427826,-0.024768140347066148,0.07192346213479428,-0.1723780304308687,-0.12479920887610246,0.07053984712456664,0.0881903117848551,0.3273333333333333,0.6546666666666666,0.6546666666666666,-5.551115123125783e-17,correction_completion,PT_violation_g40,1,200,144,1736369589,reference_fold_convolution_rf,,,,
PRE_SUBC,X2_slope,,,,reference_fold_pretrend,0.03675757270013796,0.03224894294204171,0.035252155694385875,-0.014455826215121127,-0.005575044477185849,0.10644498294917006,0.13951197134343432,0.08066666666666666,0.16133333333333333,0.16133333333333333,5.551115123125783e-17,correction_completion,PT_violation_g40,1,200,144,1736369589,reference_fold_convolution_rf,,,,
PRE,k=-4,,,-4.0,pretrend,0.12324002435513956,0.12352037449549005,0.18739706661960226,-0.23976774398500783,-0.19300528942451287,0.41856803204295656,0.47779269280926456,0.2653333333333333,0.5306666666666666,0.5306666666666666,0.015463917525773196,correction_completion,PT_violation_het10,1,200,128,1019830299,raw_structured,,,,
PRE,k=-3,,,-3.0,pretrend,-0.012521095492477707,0.0,0.17219132016551486,-0.35384521441717515,-0.29673424471075316,0.2672570477221641,0.32290243709131927,0.532,1.0,1.0,0.010309278350515464,correction_completion,PT_violation_het10,1,200,128,1019830299,raw_structured,,,,
PRE,k=-2,,,-2.0,pretrend,-0.0925758224276539,-0.032649350233713174,0.15622084422735433,-0.4480080146742025,-0.3886963622329566,0.10628796846820049,0.17682577766418173,0.462,0.924,0.924,0.005154639175257732,correction_completion,PT_violation_het10,1,200,128,1019830299,raw_structured,,,,
PRE,slope,,,,pretrend,-0.01800728997520067,-0.019979623781445174,0.06531415111834192,-0.13900624804032416,-0.11722287068088433,0.09162655992909681,0.11539890697018727,0.38266666666666665,0.7653333333333333,0.7653333333333333,-0.005154639175257732,correction_completion,PT_violation_het10,1,200,128,1019830299,raw_structured,,,,
PRE_SUB,X1=0_k=-4,,,-4.0,pretrend,0.23774679529431136,0.23098167476667897,0.23260672073564118,-0.1986902915911369,-0.12082774580934053,0.6395446183507468,0.7129440658926682,0.164,0.328,0.328,0.29999999999999993,correction_completion,PT_violation_het10,1,200,128,1019830299,raw_structured,,,,
PRE_SUB,X1=0_k=-3,,,-3.0,pretrend,0.07188656976577132,0.03390238872224624,0.2136810871639415,-0.3232959922441777,-0.2659142434865375,0.4515535265227774,0.522670116370588,0.44666666666666666,0.8933333333333333,0.8933333333333333,0.19999999999999996,correction_completion,PT_violation_het10,1,200,128,1019830299,raw_structured,,,,
PRE_SUB,X1=0_k=-2,,,-2.0,pretrend,-0.0615140721430769,0.0,0.1696021718333257,-0.4441246769158826,-0.37271633172829005,0.21427302084817154,0.2776372233570258,0.5353333333333333,1.0,1.0,0.09999999999999998,correction_completion,PT_violation_het10,1,200,128,1019830299,raw_structured,,,,
PRE_SUB,X1=1_k=-4,,,-4.0,pretrend,-0.0037131347295944095,0.00018088637988550316,0.2363977683846322,-0.48627256295918464,-0.4197901973574066,0.3717870551714677,0.41363837242853074,0.5,1.0,1.0,-0.2999999999999998,correction_completion,PT_violation_het10,1,200,128,1019830299,raw_structured,,,,
PRE_SUB,X1=1_k=-3,,,-3.0,pretrend,-0.10610350697444945,-0.0666438339167934,0.21752056412061463,-0.5716285070547447,-0.5013400732728536,0.22069170031583818,0.270627605554791,0.3953333333333333,0.7906666666666666,0.7906666666666666,-0.1999999999999999,correction_completion,PT_violation_het10,1,200,128,1019830299,raw_structured,,,,
PRE_SUB,X1=1_k=-2,,,-2.0,pretrend,-0.12701384991707626,-0.06729501450343128,0.1872172219864357,-0.5713906130323494,-0.49164805884676127,0.08353668930752906,0.14361688881867554,0.43933333333333335,0.8786666666666667,0.8786666666666667,-0.09999999999999995,correction_completion,PT_violation_het10,1,200,128,1019830299,raw_structured,,,,
PRE_SUB,X2=low_k=-4,,,-4.0,pretrend,0.1664556686349823,0.16163008992145633,0.19724124870346424,-0.21129901185132927,-0.15675844158664018,0.4858786296444645,0.5546125492063405,0.20866666666666667,0.41733333333333333,0.41733333333333333,0.07500000000000001,correction_completion,PT_violation_het10,1,200,128,1019830299,raw_structured,,,,
PRE_SUB,X2=low_k=-3,,,-3.0,pretrend,0.022125273129027668,0.0,0.182848683080273,-0.3301313302494319,-0.27638989728585506,0.3310761353815534,0.4025762489033718,0.51,1.0,1.0,0.05,correction_completion,PT_violation_het10,1,200,128,1019830299,raw_structured,,,,
PRE_SUB,X2=low_k=-2,,,-2.0,pretrend,-0.0784195609692411,0.0,0.15728995637993592,-0.4465946627497462,-0.37271633172829044,0.12800038588559187,0.21003634894014026,0.5006666666666667,1.0,1.0,0.025,correction_completion,PT_violation_het10,1,200,128,1019830299,raw_structured,,,,
PRE_SUB,X2=high_k=-4,,,-4.0,pretrend,0.08072063836057174,0.09288074744792149,0.2055486911719955,-0.3416623124224441,-0.2620915286119913,0.3950555687987664,0.44068191473640705,0.344,0.688,0.688,-0.02727272727272729,correction_completion,PT_violation_het10,1,200,128,1019830299,raw_structured,,,,
PRE_SUB,X2=high_k=-3,,,-3.0,pretrend,-0.04858701564049799,-0.013234539553344107,0.1896233990587884,-0.4788331715446657,-0.3662345065327606,0.23738204027132265,0.2996545039750586,0.4666666666666667,0.9333333333333333,0.9333333333333333,-0.01818181818181819,correction_completion,PT_violation_het10,1,200,128,1019830299,raw_structured,,,,
PRE_SUB,X2=high_k=-2,,,-2.0,pretrend,-0.1089097220893195,-0.047096870343597164,0.1724460864072726,-0.5130226500580438,-0.4290227411901737,0.10343216311787952,0.15808054023479243,0.4493333333333333,0.8986666666666666,0.8986666666666666,-0.009090909090909096,correction_completion,PT_violation_het10,1,200,128,1019830299,raw_structured,,,,
PRE_SUBC,X1_k=-4,,,-4.0,pretrend,-0.24145993002390578,-0.07163289515926854,0.2820229987865259,-0.8486745032942646,-0.7569168297482965,5.14172038279525e-16,7.639722188201821e-16,0.242,0.484,0.484,-0.5999999999999998,correction_completion,PT_violation_het10,1,200,128,1019830299,raw_structured,,,,
PRE_SUBC,X1_k=-3,,,-3.0,pretrend,-0.17799007674022074,-5.551115123125783e-16,0.2595351556447065,-0.796267012403576,-0.7098056906602473,5.273559366969494e-16,8.618106228652702e-16,0.33266666666666667,0.6653333333333333,0.6653333333333333,-0.39999999999999986,correction_completion,PT_violation_het10,1,200,128,1019830299,raw_structured,,,,
PRE_SUBC,X1_k=-2,,,-2.0,pretrend,-0.06549977777399935,0.0,0.17158323848951734,-0.6120477466241143,-0.4925006224814039,5.551115123125783e-16,9.43689570931383e-16,0.568,1.0,1.0,-0.19999999999999993,correction_completion,PT_violation_het10,1,200,128,1019830299,raw_structured,,,,
PRE_SUBC,X1_slope,,,,pretrend,0.08184712295186844,0.026656166709940476,0.10001850799502446,-2.8167882213222687e-16,-1.6856555833706058e-16,0.2730742725829524,0.32200912807290816,0.23333333333333334,0.4666666666666667,0.4666666666666667,0.19999999999999993,correction_completion,PT_violation_het10,1,200,128,1019830299,raw_structured,,,,
PRE_SUBC,X2_k=-4,,,-4.0,pretrend,-0.08573503027441055,-0.046255687416743796,0.14091292005976147,-0.556158354445683,-0.40877647640820103,4.440892098500626e-16,7.051650929845674e-16,0.244,0.488,0.488,-0.10227272727272729,correction_completion,PT_violation_het10,1,200,128,1019830299,raw_structured,,,,
PRE_SUBC,X2_k=-3,,,-3.0,pretrend,-0.07071228876952566,-4.145989107584569e-16,0.13545535379797602,-0.5372506524059109,-0.37933895074526214,4.440892098500626e-16,7.15053016797638e-16,0.33466666666666667,0.6693333333333333,0.6693333333333333,-0.06818181818181819,correction_completion,PT_violation_het10,1,200,128,1019830299,raw_structured,,,,
PRE_SUBC,X2_k=-2,,,-2.0,pretrend,-0.030490161120078386,0.0,0.09696727805840546,-0.3384160875649135,-0.15684405087403486,4.718447854656915e-16,7.216449660063518e-16,0.5786666666666667,1.0,1.0,-0.034090909090909095,correction_completion,PT_violation_het10,1,200,128,1019830299,raw_structured,,,,
PRE_SUBC,X2_slope,,,,pretrend,0.03065141639159724,0.013365837707119823,0.05364912691992685,-2.4193506820940106e-16,-1.4502288259166106e-16,0.1500029823750563,0.2082642949107796,0.234,0.468,0.468,0.034090909090909095,correction_completion,PT_violation_het10,1,200,128,1019830299,raw_structured,,,,
PRE,k=-4,,,-4.0,reference_fold_pretrend,0.029802174187904852,0.03146401010469714,0.16925252030570007,-0.3044824691833058,-0.24322256610889723,0.3025647378980272,0.3668278192319183,0.41733333333333333,0.8346666666666667,0.8346666666666667,0.015463917525773196,correction_completion,PT_violation_het10,1,200,128,1019830299,reference_fold_convolution_rf,,,,
PRE,k=-3,,,-3.0,reference_fold_pretrend,-0.0763192442623676,-0.07168822545454352,0.15329387482963905,-0.38163988877226757,-0.3390357815399653,0.1634893033393883,0.20721170176757048,0.326,0.652,0.652,0.010309278350515464,correction_completion,PT_violation_het10,1,200,128,1019830299,reference_fold_convolution_rf,,,,
PRE,k=-2,,,-2.0,reference_fold_pretrend,-0.13414627234363086,-0.13135312365090993,0.14035052113581298,-0.4199058347857242,-0.3785186222841943,0.07867964410470754,0.11899061962732321,0.21133333333333335,0.4226666666666667,0.4226666666666667,0.005154639175257732,correction_completion,PT_violation_het10,1,200,128,1019830299,reference_fold_convolution_rf,,,,
PRE,slope,,,,reference_fold_pretrend,0.014098445593189391,0.010414019531597627,0.05945242269847457,-0.0987206838314574,-0.0822149626404782,0.11405793690038649,0.13315493471191447,0.4166666666666667,0.8333333333333334,0.8333333333333334,-0.005154639175257732,correction_completion,PT_violation_het10,1,200,128,1019830299,reference_fold_convolution_rf,,,,
PRE_SUB,X1=0_k=-4,,,-4.0,reference_fold_pretrend,0.11030180136499598,0.10448153750290443,0.18799587229494885,-0.235779427915528,-0.19199908877880492,0.42741958856185114,0.5170615137148524,0.27466666666666667,0.5493333333333333,0.5493333333333333,0.29999999999999993,correction_completion,PT_violation_het10,1,200,128,1019830299,reference_fold_convolution_rf,,,,
PRE_SUB,X1=0_k=-3,,,-3.0,reference_fold_pretrend,-0.0006310536840419702,-0.002949069328677804,0.1700620298492264,-0.318878341409128,-0.270120046406668,0.28559711702343904,0.34826074115081773,0.492,0.984,0.984,0.19999999999999996,correction_completion,PT_violation_het10,1,200,128,1019830299,reference_fold_convolution_rf,,,,
PRE_SUB,X1=0_k=-2,,,-2.0,reference_fold_pretrend,-0.08429305846365291,-0.0771438178172966,0.14306215223796867,-0.3799937655148113,-0.3340827259267421,0.13975918200619813,0.19215611227428936,0.3253333333333333,0.6506666666666666,0.6506666666666666,0.09999999999999998,correction_completion,PT_violation_het10,1,200,128,1019830299,reference_fold_convolution_rf,,,,
PRE_SUB,X1=1_k=-4,,,-4.0,reference_fold_pretrend,-0.05944741246495704,-0.04998613879916951,0.20497098634242497,-0.48710309788381295,-0.4070147280348188,0.2611393992208792,0.3118284943647257,0.3933333333333333,0.7866666666666666,0.7866666666666666,-0.2999999999999998,correction_completion,PT_violation_het10,1,200,128,1019830299,reference_fold_convolution_rf,,,,
PRE_SUB,X1=1_k=-3,,,-3.0,reference_fold_pretrend,-0.16023441207746775,-0.14844857295723007,0.1910371178192937,-0.5701265034395269,-0.4945597588748005,0.12061586442561911,0.172933139839458,0.20866666666666667,0.41733333333333333,0.41733333333333333,-0.1999999999999999,correction_completion,PT_violation_het10,1,200,128,1019830299,reference_fold_convolution_rf,,,,
PRE_SUB,X1=1_k=-2,,,-2.0,reference_fold_pretrend,-0.18941831381925858,-0.18014679643023618,0.17424516254220979,-0.5640556859477021,-0.48795460973888216,0.06365234351777556,0.10496385254800752,0.17666666666666667,0.35333333333333333,0.35333333333333333,-0.09999999999999995,correction_completion,PT_violation_het10,1,200,128,1019830299,reference_fold_convolution_rf,,,,
PRE_SUB,X2=low_k=-4,,,-4.0,reference_fold_pretrend,0.07894326013761224,0.07826967161524909,0.1794997688412695,-0.2558288443242865,-0.21559709552145948,0.37816601092393287,0.4450158961974056,0.3273333333333333,0.6546666666666666,0.6546666666666666,0.07500000000000001,correction_completion,PT_violation_het10,1,200,128,1019830299,reference_fold_convolution_rf,,,,
PRE_SUB,X2=low_k=-3,,,-3.0,reference_fold_pretrend,-0.039567705257533184,-0.03724748146906993,0.16307276308097843,-0.35397836265055244,-0.3088558731602409,0.22882040522686065,0.27740321407009877,0.4046666666666667,0.8093333333333333,0.8093333333333333,0.05,correction_completion,PT_violation_het10,1,200,128,1019830299,reference_fold_convolution_rf,,,,
PRE_SUB,X2=low_k=-2,,,-2.0,reference_fold_pretrend,-0.117793667328227,-0.10958745321554793,0.14790857751138767,-0.4198400597485177,-0.37575681291531055,0.10450686858554752,0.1630914261829912,0.26066666666666666,0.5213333333333333,0.5213333333333333,0.025,correction_completion,PT_violation_het10,1,200,128,1019830299,reference_fold_convolution_rf,,,,
PRE_SUB,X2=high_k=-4,,,-4.0,reference_fold_pretrend,0.00615683110607574,0.014187969321088657,0.19076828724797235,-0.37335469981425373,-0.3110636430141273,0.3064496148185202,0.3554416712085394,0.4726666666666667,0.9453333333333334,0.9453333333333334,-0.02727272727272729,correction_completion,PT_violation_het10,1,200,128,1019830299,reference_fold_convolution_rf,,,,
PRE_SUB,X2=high_k=-3,,,-3.0,reference_fold_pretrend,-0.11282279047893103,-0.10051867191497305,0.17531700128439834,-0.46426342809185833,-0.40731750188410387,0.15591922568243832,0.20805853257686444,0.276,0.552,0.552,-0.01818181818181819,correction_completion,PT_violation_het10,1,200,128,1019830299,reference_fold_convolution_rf,,,,
PRE_SUB,X2=high_k=-2,,,-2.0,reference_fold_pretrend,-0.17740661283500878,-0.17094565405333656,0.16479663114452858,-0.5217481344069819,-0.4584084959881117,0.05695214213091344,0.09935555271981523,0.18466666666666667,0.36933333333333335,0.36933333333333335,-0.009090909090909096,correction_completion,PT_violation_het10,1,200,128,1019830299,reference_fold_convolution_rf,,,,
PRE_SUBC,X1_k=-4,,,-4.0,reference_fold_pretrend,-0.16974921382995303,-0.12249371644663311,0.19885374978725992,-0.6610037581515009,-0.5464730929659453,0.04133926954416681,0.054088072529782254,0.27466666666666667,0.5493333333333333,0.5493333333333333,-0.5999999999999998,correction_completion,PT_violation_het10,1,200,128,1019830299,reference_fold_convolution_rf,,,,
PRE_SUBC,X1_k=-3,,,-3.0,reference_fold_pretrend,-0.15960335839342576,-0.07806429622818666,0.19013606471125236,-0.6231931106034627,-0.5203904943225365,0.025189777153055433,0.03518340550951913,0.21066666666666667,0.42133333333333334,0.42133333333333334,-0.39999999999999986,correction_completion,PT_violation_het10,1,200,128,1019830299,reference_fold_convolution_rf,,,,
PRE_SUBC,X1_k=-2,,,-2.0,reference_fold_pretrend,-0.10512525535560568,-0.029822003933176813,0.14799110798066775,-0.47277643009848114,-0.4148736927355798,0.016441728553003514,0.02534727589636694,0.19733333333333333,0.39466666666666667,0.39466666666666667,-0.19999999999999993,correction_completion,PT_violation_het10,1,200,128,1019830299,reference_fold_convolution_rf,,,,
PRE_SUBC,X1_slope,,,,reference_fold_pretrend,0.06668425811659402,0.04538948992713461,0.07631083789385192,-0.015949036779131686,-0.01152529533775038,0.21260956729491226,0.25171783814854565,0.224,0.448,0.448,0.19999999999999993,correction_completion,PT_violation_het10,1,200,128,1019830299,reference_fold_convolution_rf,,,,
PRE_SUBC,X2_k=-4,,,-4.0,reference_fold_pretrend,-0.0727864290315365,-0.03261188084127284,0.11765683399553728,-0.41005265267946317,-0.35489980860426446,0.017852287469842507,0.024053425861770707,0.268,0.536,0.536,-0.10227272727272729,correction_completion,PT_violation_het10,1,200,128,1019830299,reference_fold_convolution_rf,,,,
PRE_SUBC,X2_k=-3,,,-3.0,reference_fold_pretrend,-0.07325508522139784,-0.03049751943292259,0.11611254656648802,-0.41116272013355154,-0.3565914054362185,0.01074768298782748,0.015959608561229282,0.20666666666666667,0.41333333333333333,0.41333333333333333,-0.06818181818181819,correction_completion,PT_violation_het10,1,200,128,1019830299,reference_fold_convolution_rf,,,,
PRE_SUBC,X2_k=-2,,,-2.0,reference_fold_pretrend,-0.059612945506781784,-0.013171417791742428,0.1074895766842175,-0.38494414988487735,-0.3465658317005193,0.006896151803521647,0.011033490416725033,0.19733333333333333,0.39466666666666667,0.39466666666666667,-0.034090909090909095,correction_completion,PT_violation_het10,1,200,128,1019830299,reference_fold_convolution_rf,,,,
PRE_SUBC,X2_slope,,,,reference_fold_pretrend,0.030320171646013354,0.012330857710541411,0.04856383910792903,-0.006798502648758799,-0.005086204371818316,0.14988031655536674,0.17187222065756824,0.218,0.436,0.436,0.034090909090909095,correction_completion,PT_violation_het10,1,200,128,1019830299,reference_fold_convolution_rf,,,,
PRE,k=-4,,,-4.0,pretrend,-0.5556164879843691,-0.5499292625105696,0.1935884239275185,-0.9353331140931342,-0.8870016495447893,-0.242881566156337,-0.1923476955146666,0.0026666666666666666,0.005333333333333333,0.005333333333333333,-0.03396226415094339,correction_completion,PT_violation_het20,1,200,112,3796057460,raw_structured,,,,
PRE,k=-3,,,-3.0,pretrend,-0.2862635124013228,-0.28300030520863073,0.1797738454860632,-0.6596683646592478,-0.5821313761399899,0.007501921234407557,0.06507166128816504,0.06066666666666667,0.12133333333333333,0.12133333333333333,-0.02264150943396226,correction_completion,PT_violation_het20,1,200,112,3796057460,raw_structured,,,,
PRE,k=-2,,,-2.0,pretrend,-0.09679681212625432,-0.037358094401919936,0.1601335857935628,-0.4362580961568266,-0.3932509743033833,0.12987453881059421,0.18455304119943952,0.438,0.876,0.876,-0.01132075471698113,correction_completion,PT_violation_het20,1,200,112,3796057460,raw_structured,,,,
PRE,slope,,,,pretrend,0.16686952149157191,0.16451845339071597,0.06413763452368704,0.04545221677585571,0.06386360694645637,0.2762700172315233,0.3017486146267603,0.002,0.004,0.004,0.01132075471698113,correction_completion,PT_violation_het20,1,200,112,3796057460,raw_structured,,,,
PRE_SUB,X1=0_k=-4,,,-4.0,pretrend,-0.18252043318724948,-0.18496545049458435,0.23566671285920027,-0.6411059977250982,-0.573163601554147,0.21816446117621455,0.2787509238088952,0.22933333333333333,0.45866666666666667,0.45866666666666667,0.5999999999999999,correction_completion,PT_violation_het20,1,200,112,3796057460,raw_structured,,,,
PRE_SUB,X1=0_k=-3,,,-3.0,pretrend,0.08880700218308933,0.08396873585092653,0.21551478203283372,-0.3292012216159229,-0.2552464633625812,0.4508906601440444,0.5092423795115653,0.38666666666666666,0.7733333333333333,0.7733333333333333,0.3999999999999999,correction_completion,PT_violation_het20,1,200,112,3796057460,raw_structured,,,,
PRE_SUB,X1=0_k=-2,,,-2.0,pretrend,0.021399362704795047,0.0,0.19066094745903886,-0.36642175471710864,-0.28662746284625124,0.36209112063441534,0.44874599723341,0.6406666666666667,1.0,1.0,0.19999999999999996,correction_completion,PT_violation_het20,1,200,112,3796057460,raw_structured,,,,
PRE_SUB,X1=1_k=-4,,,-4.0,pretrend,-0.8887379654817972,-0.881633262402054,0.23282642778005874,-1.3534129174959868,-1.2779406883055398,-0.5157275178219524,-0.4493786666558562,0.0006666666666666666,0.0013333333333333333,0.0013333333333333333,-0.6,correction_completion,PT_violation_het20,1,200,112,3796057460,raw_structured,,,,
PRE_SUB,X1=1_k=-3,,,-3.0,pretrend,-0.6211479004231194,-0.6205172465114717,0.22953894682831505,-1.0677855042438449,-0.9949363858647241,-0.23750613932837142,-0.15584151792147574,0.005333333333333333,0.010666666666666666,0.010666666666666666,-0.39999999999999997,correction_completion,PT_violation_het20,1,200,112,3796057460,raw_structured,,,,
PRE_SUB,X1=1_k=-2,,,-2.0,pretrend,-0.2023291110825484,-0.13142122374244392,0.24945815946956712,-0.7670107291133921,-0.6684973084018347,0.06289331585465728,0.14953020233308267,0.376,0.752,0.752,-0.19999999999999998,correction_completion,PT_violation_het20,1,200,112,3796057460,raw_structured,,,,
PRE_SUB,X2=low_k=-4,,,-4.0,pretrend,-0.49239742686360205,-0.4880817309872756,0.20142958537561223,-0.8886872767168935,-0.8263028853586528,-0.16421384317420576,-0.11104031467940187,0.004666666666666667,0.009333333333333334,0.009333333333333334,0.03333333333333334,correction_completion,PT_violation_het20,1,200,112,3796057460,raw_structured,,,,
PRE_SUB,X2=low_k=-3,,,-3.0,pretrend,-0.22321821669766223,-0.22308277964413892,0.18512942900997942,-0.6090569028255436,-0.5334400080458919,0.07148876812026136,0.14144721458501283,0.12066666666666667,0.24133333333333334,0.24133333333333334,0.022222222222222227,correction_completion,PT_violation_het20,1,200,112,3796057460,raw_structured,,,,
PRE_SUB,X2=low_k=-2,,,-2.0,pretrend,-0.06213124523230962,0.0,0.16071015048921186,-0.3976932227350184,-0.3540108186394175,0.18628716482271632,0.2374037989351535,0.5166666666666667,1.0,1.0,0.011111111111111113,correction_completion,PT_violation_het20,1,200,112,3796057460,raw_structured,,,,
PRE_SUB,X2=high_k=-4,,,-4.0,pretrend,-0.5875055042746897,-0.5873799473176156,0.19977282778228006,-0.975402716478932,-0.9220218024726365,-0.26658986521923617,-0.21097904443721624,0.002,0.004,0.004,-0.06666666666666667,correction_completion,PT_violation_het20,1,200,112,3796057460,raw_structured,,,,
PRE_SUB,X2=high_k=-3,,,-3.0,pretrend,-0.3179547501130131,-0.31195460530957575,0.18773303468595778,-0.6973488154980239,-0.6379210180704898,-0.011451764724454472,0.04015307639312602,0.04133333333333333,0.08266666666666667,0.08266666666666667,-0.044444444444444446,correction_completion,PT_violation_het20,1,200,112,3796057460,raw_structured,,,,
PRE_SUB,X2=high_k=-2,,,-2.0,pretrend,-0.11466922216507466,-0.055867699906687565,0.1719453365862842,-0.49813621067881286,-0.42912087987613523,0.10691432292472414,0.17372551591329125,0.418,0.836,0.836,-0.022222222222222223,correction_completion,PT_violation_het20,1,200,112,3796057460,raw_structured,,,,
PRE_SUBC,X1_k=-4,,,-4.0,pretrend,-0.7062175322945479,-0.6924213387129707,0.2639328132143056,-1.266059376756625,-1.163849646298838,-0.322238314861485,-0.002339447695142395,0.015333333333333332,0.030666666666666665,0.030666666666666665,-1.1999999999999997,correction_completion,PT_violation_het20,1,200,112,3796057460,raw_structured,,,,
PRE_SUBC,X1_k=-3,,,-3.0,pretrend,-0.7099549026062086,-0.6960699178767176,0.2644344588731272,-1.2660593767566253,-1.171051862851133,-0.3285743668415682,-0.00108796105297352,0.016666666666666666,0.03333333333333333,0.03333333333333333,-0.7999999999999998,correction_completion,PT_violation_het20,1,200,112,3796057460,raw_structured,,,,
PRE_SUBC,X1_k=-2,,,-2.0,pretrend,-0.2237284737873434,-2.220446049250313e-16,0.3127841066578811,-0.9091960616747022,-0.8004333072689148,2.498001805406602e-16,4.989823658430035e-16,0.424,0.848,0.848,-0.3999999999999999,correction_completion,PT_violation_het20,1,200,112,3796057460,raw_structured,,,,
PRE_SUBC,X1_slope,,,,pretrend,0.2687350625631003,0.25795860397993153,0.10432856851067202,0.0010026204407753078,0.12610223573308388,0.45958392167748263,0.49569779614306964,0.013333333333333334,0.02666666666666667,0.02666666666666667,0.3999999999999999,correction_completion,PT_violation_het20,1,200,112,3796057460,raw_structured,,,,
PRE_SUBC,X2_k=-4,,,-4.0,pretrend,-0.09510807741108776,-0.0613033166194758,0.10834381072417272,-0.4614915320369078,-0.35422539601910097,-0.027381197236797997,-6.661338147750939e-16,0.016,0.032,0.032,-0.10000000000000002,correction_completion,PT_violation_het20,1,200,112,3796057460,raw_structured,,,,
PRE_SUBC,X2_k=-3,,,-3.0,pretrend,-0.09473653341535085,-0.0613033166194758,0.10763712547927513,-0.46236426234643657,-0.3542253960191008,-0.027965830870944734,-4.0037417825545844e-16,0.017333333333333333,0.034666666666666665,0.034666666666666665,-0.06666666666666668,correction_completion,PT_violation_het20,1,200,112,3796057460,raw_structured,,,,
PRE_SUBC,X2_k=-2,,,-2.0,pretrend,-0.052537976932765046,-1.3877787807814457e-16,0.10920883729119794,-0.4231116891470954,-0.3266664544416721,2.220446049250313e-16,3.57526508398819e-16,0.43666666666666665,0.8733333333333333,0.8733333333333333,-0.03333333333333334,correction_completion,PT_violation_het20,1,200,112,3796057460,raw_structured,,,,
PRE_SUBC,X2_slope,,,,pretrend,0.03766680542833786,0.023027864934062916,0.045930480599294526,2.590189967272801e-16,0.010629189954167239,0.14667624236095567,0.19498197526048316,0.014,0.028,0.028,0.03333333333333334,correction_completion,PT_violation_het20,1,200,112,3796057460,raw_structured,,,,
PRE,k=-4,,,-4.0,reference_fold_pretrend,-0.6415942681731592,-0.6380056038516898,0.17011897573419107,-0.9871503821381065,-0.9281156938684256,-0.3702797436730608,-0.32188522812702963,0.0,0.0,0.0,-0.03396226415094339,correction_completion,PT_violation_het20,1,200,112,3796057460,reference_fold_convolution_rf,,,,
PRE,k=-3,,,-3.0,reference_fold_pretrend,-0.363945447691602,-0.35991076237447894,0.16548725639240622,-0.6807582838124134,-0.6393961991880547,-0.09135899435233467,-0.04244945784218645,0.014,0.028,0.028,-0.02264150943396226,correction_completion,PT_violation_het20,1,200,112,3796057460,reference_fold_convolution_rf,,,,
PRE,k=-2,,,-2.0,reference_fold_pretrend,-0.2231320497786526,-0.21873881900514341,0.15470535195555576,-0.5356865998669346,-0.47924064497171537,0.01881906306980329,0.0548410868402808,0.07733333333333334,0.15466666666666667,0.15466666666666667,-0.01132075471698113,correction_completion,PT_violation_het20,1,200,112,3796057460,reference_fold_convolution_rf,,,,
PRE,slope,,,,reference_fold_pretrend,0.2054146964058096,0.20424409619712353,0.060231170960915605,0.09071219860680069,0.10806176505980868,0.3053406000445218,0.3262163437989866,0.0006666666666666666,0.0013333333333333333,0.0013333333333333333,0.01132075471698113,correction_completion,PT_violation_het20,1,200,112,3796057460,reference_fold_convolution_rf,,,,
PRE_SUB,X1=0_k=-4,,,-4.0,reference_fold_pretrend,-0.3954786982592122,-0.3913935073002474,0.20404763552119565,-0.8039671210067575,-0.7310984149700903,-0.056523629925811614,-0.0005777451328412542,0.025333333333333333,0.050666666666666665,0.050666666666666665,0.5999999999999999,correction_completion,PT_violation_het20,1,200,112,3796057460,reference_fold_convolution_rf,,,,
PRE_SUB,X1=0_k=-3,,,-3.0,reference_fold_pretrend,-0.1232083134709566,-0.13129539808916485,0.19493525078397209,-0.5058667749016128,-0.4480743747170182,0.20548906606258557,0.2700811308579438,0.25266666666666665,0.5053333333333333,0.5053333333333333,0.3999999999999999,correction_completion,PT_violation_het20,1,200,112,3796057460,reference_fold_convolution_rf,,,,
PRE_SUB,X1=0_k=-2,,,-2.0,reference_fold_pretrend,-0.06682110699311297,-0.06531074539457854,0.17829369434088357,-0.44188803709051694,-0.34967182279771636,0.23584364579837144,0.29410101855621734,0.35933333333333334,0.7186666666666667,0.7186666666666667,0.19999999999999996,correction_completion,PT_violation_het20,1,200,112,3796057460,reference_fold_convolution_rf,,,,
PRE_SUB,X1=1_k=-4,,,-4.0,reference_fold_pretrend,-0.8613403127391833,-0.8524753588295833,0.20557551108971606,-1.2931807780024824,-1.201324424038454,-0.5368722295210047,-0.4840003675988214,0.0,0.0,0.0,-0.6,correction_completion,PT_violation_het20,1,200,112,3796057460,reference_fold_convolution_rf,,,,
PRE_SUB,X1=1_k=-3,,,-3.0,reference_fold_pretrend,-0.578889317531464,-0.5782061981351583,0.20515137217038912,-0.9935526644724134,-0.9194102170313434,-0.23643392613942224,-0.17954063369787338,0.004,0.008,0.008,-0.39999999999999997,correction_completion,PT_violation_het20,1,200,112,3796057460,reference_fold_convolution_rf,,,,
PRE_SUB,X1=1_k=-2,,,-2.0,reference_fold_pretrend,-0.3626953915514558,-0.36151940348551614,0.2057794261225149,-0.7724704356036042,-0.7072458095818435,-0.02200381776438424,0.0,0.04,0.08,0.08,-0.19999999999999998,correction_completion,PT_violation_het20,1,200,112,3796057460,reference_fold_convolution_rf,,,,
PRE_SUB,X2=low_k=-4,,,-4.0,reference_fold_pretrend,-0.592304019959913,-0.5887094736249514,0.17211027078935323,-0.9395154019740141,-0.8808845856749561,-0.3122763902097298,-0.26599835749074324,0.0,0.0,0.0,0.03333333333333334,correction_completion,PT_violation_het20,1,200,112,3796057460,reference_fold_convolution_rf,,,,
PRE_SUB,X2=low_k=-3,,,-3.0,reference_fold_pretrend,-0.3230147819309876,-0.32272529424521484,0.1657208700739163,-0.6493227286120596,-0.6041184732338315,-0.05563410899601576,0.0027398701091382927,0.02666666666666667,0.05333333333333334,0.05333333333333334,0.022222222222222227,correction_completion,PT_violation_het20,1,200,112,3796057460,reference_fold_convolution_rf,,,,
PRE_SUB,X2=low_k=-2,,,-2.0,reference_fold_pretrend,-0.19608354393155225,-0.1933255199185136,0.1532509966496775,-0.5006873070766455,-0.4483651803327024,0.04427158432296253,0.08202174295685578,0.104,0.208,0.208,0.011111111111111113,correction_completion,PT_violation_het20,1,200,112,3796057460,reference_fold_convolution_rf,,,,
PRE_SUB,X2=high_k=-4,,,-4.0,reference_fold_pretrend,-0.6447754710807477,-0.6397497315561187,0.17218446839274984,-0.9924372879132025,-0.9388981714562455,-0.374634783290409,-0.32794811907555804,0.0,0.0,0.0,-0.06666666666666667,correction_completion,PT_violation_het20,1,200,112,3796057460,reference_fold_convolution_rf,,,,
PRE_SUB,X2=high_k=-3,,,-3.0,reference_fold_pretrend,-0.36979740612991857,-0.3681086121733753,0.16765919849814676,-0.6888046308891718,-0.6480087016285309,-0.09192733732409787,-0.049852435298608624,0.013333333333333334,0.02666666666666667,0.02666666666666667,-0.044444444444444446,correction_completion,PT_violation_het20,1,200,112,3796057460,reference_fold_convolution_rf,,,,
PRE_SUB,X2=high_k=-2,,,-2.0,reference_fold_pretrend,-0.22741016689136426,-0.22288729209540944,0.1574047238190166,-0.5441149191334176,-0.48995643779275566,0.01995105403337986,0.05218391451670854,0.07666666666666666,0.15333333333333332,0.15333333333333332,-0.022222222222222223,correction_completion,PT_violation_het20,1,200,112,3796057460,reference_fold_convolution_rf,,,,
PRE_SUBC,X1_k=-4,,,-4.0,reference_fold_pretrend,-0.46586161447997104,-0.45127979020035713,0.22862615001722295,-0.9390197055540638,-0.8600934672475284,-0.018566867098813552,0.0014192501521744475,0.027333333333333334,0.05466666666666667,0.05466666666666667,-1.1999999999999997,correction_completion,PT_violation_het20,1,200,112,3796057460,reference_fold_convolution_rf,,,,
PRE_SUBC,X1_k=-3,,,-3.0,reference_fold_pretrend,-0.4556810040605073,-0.4420035237383573,0.22639895985755826,-0.9204363840762732,-0.8436007243490519,-0.01025535954816009,0.007202026990902179,0.034666666666666665,0.06933333333333333,0.06933333333333333,-0.7999999999999998,correction_completion,PT_violation_het20,1,200,112,3796057460,reference_fold_convolution_rf,,,,
PRE_SUBC,X1_k=-2,,,-2.0,reference_fold_pretrend,-0.29587428455834286,-0.3216979575803714,0.23216463732861767,-0.7769239492367326,-0.6879158266247307,0.010882203788950993,0.018379584361127292,0.13466666666666666,0.2693333333333333,0.2693333333333333,-0.3999999999999999,correction_completion,PT_violation_het20,1,200,112,3796057460,reference_fold_convolution_rf,,,,
PRE_SUBC,X1_slope,,,,reference_fold_pretrend,0.18605865257994794,0.18438225883058423,0.09236136332524422,-0.0015525512403620036,0.006112541652684026,0.3419977938131232,0.37989109240362734,0.03133333333333333,0.06266666666666666,0.06266666666666666,0.3999999999999999,correction_completion,PT_violation_het20,1,200,112,3796057460,reference_fold_convolution_rf,,,,
PRE_SUBC,X2_k=-4,,,-4.0,reference_fold_pretrend,-0.05247145112083475,-0.04242725392227584,0.053485043108851375,-0.20303300478615996,-0.15618585310869013,-0.0012569966884731728,0.009685956546086238,0.04666666666666667,0.09333333333333334,0.09333333333333334,-0.10000000000000002,correction_completion,PT_violation_het20,1,200,112,3796057460,reference_fold_convolution_rf,,,,
PRE_SUBC,X2_k=-3,,,-3.0,reference_fold_pretrend,-0.04678262419893099,-0.036765885921409974,0.04993595019877824,-0.19840861672622356,-0.15080747836704125,-9.330340270190092e-05,0.008892406454387944,0.05,0.1,0.1,-0.06666666666666668,correction_completion,PT_violation_het20,1,200,112,3796057460,reference_fold_convolution_rf,,,,
PRE_SUBC,X2_k=-2,,,-2.0,reference_fold_pretrend,-0.03132662295981201,-0.023333052304079623,0.04382399291250881,-0.17111420445551342,-0.11508561257396066,0.007775641636911409,0.012939392874558062,0.146,0.292,0.292,-0.03333333333333334,correction_completion,PT_violation_het20,1,200,112,3796057460,reference_fold_convolution_rf,,,,
PRE_SUBC,X2_slope,,,,reference_fold_pretrend,0.02016473033715559,0.016101010310663008,0.02080637260885692,-0.003590713451349166,0.000422385055498112,0.061998210332439366,0.08399313092027433,0.048,0.096,0.096,0.03333333333333334,correction_completion,PT_violation_het20,1,200,112,3796057460,reference_fold_convolution_rf,,,,
PRE,k=-4,,,-4.0,pretrend,-0.11754273924476075,-0.10991582143355096,0.18162730266411362,-0.4770712081665053,-0.4217604177441551,0.17331281903182108,0.23463910906400412,0.25866666666666666,0.5173333333333333,0.5173333333333333,0.1457943925233645,correction_completion,PT_violation_het40,1,200,96,3927560117,raw_structured,,,,
PRE,k=-3,,,-3.0,pretrend,-0.1031766390065086,-0.10220320158738183,0.18365071383291082,-0.47772173241729543,-0.4131642620916215,0.1898279871722994,0.24971372724406338,0.2886666666666667,0.5773333333333334,0.5773333333333334,0.097196261682243,correction_completion,PT_violation_het40,1,200,96,3927560117,raw_structured,,,,
PRE,k=-2,,,-2.0,pretrend,0.1327532838861499,0.12850892805809774,0.17490980131663797,-0.2111182058782155,-0.15052126826871295,0.41436763403992577,0.482561649907199,0.2713333333333333,0.5426666666666666,0.5426666666666666,0.0485981308411215,correction_completion,PT_violation_het40,1,200,96,3927560117,raw_structured,,,,
PRE,slope,,,,pretrend,0.030444872275796394,0.028599693438445525,0.06547166115371933,-0.09502970729125491,-0.07244512947461117,0.1387687767824074,0.16108774489037375,0.3313333333333333,0.6626666666666666,0.6626666666666666,-0.0485981308411215,correction_completion,PT_violation_het40,1,200,96,3927560117,raw_structured,,,,
PRE_SUB,X1=0_k=-4,,,-4.0,pretrend,0.8933560577406354,0.8986842793246106,0.2419790777657269,0.4412172816251383,0.5080049846089995,1.2808209567868163,1.3623247882418938,0.0006666666666666666,0.0013333333333333333,0.0013333333333333333,1.1999999999999995,correction_completion,PT_violation_het40,1,200,96,3927560117,raw_structured,,,,
PRE_SUB,X1=0_k=-3,,,-3.0,pretrend,0.6277994775231942,0.6263966324277579,0.24587799344909794,0.10436599869029714,0.21104117698359326,1.0326964457071044,1.094643496176298,0.012,0.024,0.024,0.7999999999999997,correction_completion,PT_violation_het40,1,200,96,3927560117,raw_structured,,,,
PRE_SUB,X1=0_k=-2,,,-2.0,pretrend,0.37384305134982104,0.38978545285751753,0.245304166828078,-0.04420656260483295,0.0,0.7623033854500653,0.8281246966573186,0.11733333333333333,0.23466666666666666,0.23466666666666666,0.39999999999999986,correction_completion,PT_violation_het40,1,200,96,3927560117,raw_structured,,,,
PRE_SUB,X1=1_k=-4,,,-4.0,pretrend,-1.4080518417793089,-1.4115222131429561,0.26512168999775765,-1.9470959763444782,-1.82838452154492,-0.9634936384148742,-0.8662523447613156,0.0,0.0,0.0,-1.1999999999999993,correction_completion,PT_violation_het40,1,200,96,3927560117,raw_structured,,,,
PRE_SUB,X1=1_k=-3,,,-3.0,pretrend,-1.036337638831661,-1.0291157431070097,0.26319710333997604,-1.5631070313943323,-1.4847492449163304,-0.6206214944276336,-0.5550849188493607,0.0,0.0,0.0,-0.7999999999999996,correction_completion,PT_violation_het40,1,200,96,3927560117,raw_structured,,,,
PRE_SUB,X1=1_k=-2,,,-2.0,pretrend,-0.17502088734406857,-0.15869081511320654,0.2636243512657666,-0.7116054005211816,-0.6141030922905024,0.25566542489571265,0.3304075021839863,0.3273333333333333,0.6546666666666666,0.6546666666666666,-0.3999999999999998,correction_completion,PT_violation_het40,1,200,96,3927560117,raw_structured,,,,
PRE_SUB,X2=low_k=-4,,,-4.0,pretrend,-0.2666713509270517,-0.2673055743874608,0.20587298622944183,-0.6687112370096294,-0.6055342720010181,0.07965953317850612,0.15638451603633036,0.09066666666666667,0.18133333333333335,0.18133333333333335,-0.06666666666666668,correction_completion,PT_violation_het40,1,200,96,3927560117,raw_structured,,,,
PRE_SUB,X2=low_k=-3,,,-3.0,pretrend,-0.19692184955763795,-0.1941231383443736,0.20763939433648296,-0.5954119394692502,-0.5230207661258894,0.15272902070540503,0.22255273463046396,0.17066666666666666,0.3413333333333333,0.3413333333333333,-0.04444444444444445,correction_completion,PT_violation_het40,1,200,96,3927560117,raw_structured,,,,
PRE_SUB,X2=low_k=-2,,,-2.0,pretrend,0.13722605286849018,0.1280148136766346,0.1967527700113394,-0.23735411697276282,-0.1728403073670564,0.45356494672157965,0.5366670305899839,0.2886666666666667,0.5773333333333334,0.5773333333333334,-0.022222222222222227,correction_completion,PT_violation_het40,1,200,96,3927560117,raw_structured,,,,
PRE_SUB,X2=high_k=-4,,,-4.0,pretrend,-0.14446112290009763,-0.12969285900003819,0.22075573575949975,-0.6230648751219318,-0.535054825989011,0.18191772853136956,0.25307656107527343,0.2753333333333333,0.5506666666666666,0.5506666666666666,0.20000000000000004,correction_completion,PT_violation_het40,1,200,96,3927560117,raw_structured,,,,
PRE_SUB,X2=high_k=-3,,,-3.0,pretrend,-0.14284036873662476,-0.12842956311713705,0.2212613109700954,-0.6115382978159563,-0.5274214075572022,0.20489555269868365,0.25469173431415737,0.2713333333333333,0.5426666666666666,0.5426666666666666,0.13333333333333336,correction_completion,PT_violation_het40,1,200,96,3927560117,raw_structured,,,,
PRE_SUB,X2=high_k=-2,,,-2.0,pretrend,0.06880315648945323,0.07117367271239503,0.21765172900352273,-0.4154391859667888,-0.31452703183004743,0.4010927734169393,0.4562096007481369,0.3953333333333333,0.7906666666666666,0.7906666666666666,0.06666666666666668,correction_completion,PT_violation_het40,1,200,96,3927560117,raw_structured,,,,
PRE_SUBC,X1_k=-4,,,-4.0,pretrend,-2.3014078995199445,-2.310786579899024,0.35316037478721773,-2.940085410394692,-2.8626739101621643,-1.7045349770146585,-1.6036899976292538,0.0,0.0,0.0,-2.3999999999999986,correction_completion,PT_violation_het40,1,200,96,3927560117,raw_structured,,,,
PRE_SUBC,X1_k=-3,,,-3.0,pretrend,-1.6641371163548553,-1.6673030401411177,0.3524749417360852,-2.352600670576956,-2.225588624963526,-1.0895243387473037,-0.9595076804014154,0.0,0.0,0.0,-1.5999999999999992,correction_completion,PT_violation_het40,1,200,96,3927560117,raw_structured,,,,
PRE_SUBC,X1_k=-2,,,-2.0,pretrend,-0.5488639386938897,-0.621221973884471,0.36976036543975505,-1.1599376247617814,-1.0705726416082677,9.71445146547012e-17,5.762751387194934e-16,0.134,0.268,0.268,-0.7999999999999996,correction_completion,PT_violation_het40,1,200,96,3927560117,raw_structured,,,,
PRE_SUBC,X1_slope,,,,pretrend,0.7700972764259595,0.7811793061251269,0.12745643644172602,0.508737489513317,0.5520897366331693,0.9665547704577914,0.9972323606404307,0.0,0.0,0.0,0.7999999999999996,correction_completion,PT_violation_het40,1,200,96,3927560117,raw_structured,,,,
PRE_SUBC,X2_k=-4,,,-4.0,pretrend,0.12221022802695404,0.2284411691926438,0.22374167597562591,-0.4643455451094759,-0.3679764926125677,0.3097854209895964,0.32143139191658454,0.23333333333333334,0.4666666666666667,0.4666666666666667,0.2666666666666667,correction_completion,PT_violation_het40,1,200,96,3927560117,raw_structured,,,,
PRE_SUBC,X2_k=-3,,,-3.0,pretrend,0.05408148082101322,0.16024051980096612,0.22244448636499625,-0.5303493645004709,-0.42797132053839865,0.24012722087295832,0.254546573291147,0.2813333333333333,0.5626666666666666,0.5626666666666666,0.1777777777777778,correction_completion,PT_violation_het40,1,200,96,3927560117,raw_structured,,,,
PRE_SUBC,X2_k=-2,,,-2.0,pretrend,-0.06842289637903692,1.429412144204889e-15,0.22008937698989195,-0.6538464386036276,-0.542210232966685,0.11466476419086336,0.12627740455333947,0.452,0.904,0.904,0.0888888888888889,correction_completion,PT_violation_het40,1,200,96,3927560117,raw_structured,,,,
PRE_SUBC,X2_slope,,,,pretrend,-0.029026482095989403,-0.0745923108553122,0.0946976785393514,-0.10906177540525112,-0.10489810287829784,0.17529711557853125,0.22254014059709995,0.272,0.544,0.544,-0.0888888888888889,correction_completion,PT_violation_het40,1,200,96,3927560117,raw_structured,,,,
PRE,k=-4,,,-4.0,reference_fold_pretrend,-0.20776779345515445,-0.20401300211566598,0.18025922080579096,-0.5614472915130498,-0.507125368908405,0.08873936726292776,0.1437730587274139,0.118,0.236,0.236,0.1457943925233645,correction_completion,PT_violation_het40,1,200,96,3927560117,reference_fold_convolution_rf,,,,
PRE,k=-3,,,-3.0,reference_fold_pretrend,-0.175976601388402,-0.17954149692923632,0.17329823785610435,-0.5164814070934022,-0.45745893981686153,0.10547473234248052,0.1860327597291807,0.15933333333333333,0.31866666666666665,0.31866666666666665,0.097196261682243,correction_completion,PT_violation_het40,1,200,96,3927560117,reference_fold_convolution_rf,,,,
PRE,k=-2,,,-2.0,reference_fold_pretrend,0.010856557019001815,0.005680205729932658,0.1545250411799093,-0.27626741697495616,-0.2369068486654831,0.26968952668198454,0.31957204014572865,0.488,0.976,0.976,0.0485981308411215,correction_completion,PT_violation_het40,1,200,96,3927560117,reference_fold_convolution_rf,,,,
PRE,slope,,,,reference_fold_pretrend,0.06888571615166182,0.0688533281820071,0.0648671042354589,-0.05895376732784228,-0.0405843620770691,0.17288207058992486,0.1911510623928597,0.14,0.28,0.28,-0.0485981308411215,correction_completion,PT_violation_het40,1,200,96,3927560117,reference_fold_convolution_rf,,,,
PRE_SUB,X1=0_k=-4,,,-4.0,reference_fold_pretrend,0.6083114170612001,0.613340140799831,0.22789638576509635,0.16194725265276716,0.23944353744335153,0.9887154412169553,1.06139708307591,0.004666666666666667,0.009333333333333334,0.009333333333333334,1.1999999999999995,correction_completion,PT_violation_het40,1,200,96,3927560117,reference_fold_convolution_rf,,,,
PRE_SUB,X1=0_k=-3,,,-3.0,reference_fold_pretrend,0.47616545369944113,0.4704371307092546,0.2209940762465542,0.06722816309234314,0.1328713927126375,0.855392755225033,0.9276638908792872,0.01,0.02,0.02,0.7999999999999997,correction_completion,PT_violation_het40,1,200,96,3927560117,reference_fold_convolution_rf,,,,
PRE_SUB,X1=0_k=-2,,,-2.0,reference_fold_pretrend,0.1984228504284572,0.19208706261198194,0.19138391564653062,-0.1558607998338919,-0.10407842837699868,0.5128047963473361,0.592168723158327,0.16733333333333333,0.33466666666666667,0.33466666666666667,0.39999999999999986,correction_completion,PT_violation_het40,1,200,96,3927560117,reference_fold_convolution_rf,,,,
PRE_SUB,X1=1_k=-4,,,-4.0,reference_fold_pretrend,-1.249571040922841,-1.2547372652220083,0.24124040889786638,-1.6998060552614043,-1.6252905227201913,-0.8493307892706671,-0.7851526718810269,0.0,0.0,0.0,-1.1999999999999993,correction_completion,PT_violation_het40,1,200,96,3927560117,reference_fold_convolution_rf,,,,
PRE_SUB,X1=1_k=-3,,,-3.0,reference_fold_pretrend,-1.0084983738409676,-1.0079337716589896,0.23809407808512736,-1.4776013988346681,-1.3982136517204036,-0.6066125691924892,-0.5468548148898122,0.0,0.0,0.0,-0.7999999999999996,correction_completion,PT_violation_het40,1,200,96,3927560117,reference_fold_convolution_rf,,,,
PRE_SUB,X1=1_k=-2,,,-2.0,reference_fold_pretrend,-0.22858977499306896,-0.23762313842515365,0.20955842724651777,-0.6396829961490613,-0.5580159565745251,0.12673690828516618,0.19571900281449894,0.15333333333333332,0.30666666666666664,0.30666666666666664,-0.3999999999999998,correction_completion,PT_violation_het40,1,200,96,3927560117,reference_fold_convolution_rf,,,,
PRE_SUB,X2=low_k=-4,,,-4.0,reference_fold_pretrend,-0.3549451401971737,-0.3521980996789298,0.1883814153109435,-0.7180726245665895,-0.6725601925967506,-0.04531605781055747,0.004190433671508574,0.02666666666666667,0.05333333333333334,0.05333333333333334,-0.06666666666666668,correction_completion,PT_violation_het40,1,200,96,3927560117,reference_fold_convolution_rf,,,,
PRE_SUB,X2=low_k=-3,,,-3.0,reference_fold_pretrend,-0.2929849490556511,-0.2954255914856057,0.18536383225041592,-0.6540769407287897,-0.5940031390601914,0.007608323211368575,0.08971588015560376,0.054,0.108,0.108,-0.04444444444444445,correction_completion,PT_violation_het40,1,200,96,3927560117,reference_fold_convolution_rf,,,,
PRE_SUB,X2=low_k=-2,,,-2.0,reference_fold_pretrend,-0.0327644245844192,-0.036129814078065606,0.17063028783051012,-0.32864692814795593,-0.30014845344714647,0.26538259423675087,0.32224416047188,0.42,0.84,0.84,-0.022222222222222227,correction_completion,PT_violation_het40,1,200,96,3927560117,reference_fold_convolution_rf,,,,
PRE_SUB,X2=high_k=-4,,,-4.0,reference_fold_pretrend,-0.1864844956712719,-0.1789795921360886,0.19063763807684367,-0.5533006276577538,-0.5034723263061222,0.12410296351393617,0.17264236264931196,0.158,0.316,0.316,0.20000000000000004,correction_completion,PT_violation_het40,1,200,96,3927560117,reference_fold_convolution_rf,,,,
PRE_SUB,X2=high_k=-3,,,-3.0,reference_fold_pretrend,-0.1590687834971203,-0.1610141358975377,0.18052586080288902,-0.5040235489426701,-0.45281853731080957,0.13766838694907088,0.20520849603839245,0.184,0.368,0.368,0.13333333333333336,correction_completion,PT_violation_het40,1,200,96,3927560117,reference_fold_convolution_rf,,,,
PRE_SUB,X2=high_k=-2,,,-2.0,reference_fold_pretrend,0.020348681229205405,0.018899852974135295,0.157650344796,-0.28780077835285595,-0.22747813208723935,0.2819481763171092,0.33263620578373654,0.4553333333333333,0.9106666666666666,0.9106666666666666,0.06666666666666668,correction_completion,PT_violation_het40,1,200,96,3927560117,reference_fold_convolution_rf,,,,
PRE_SUBC,X1_k=-4,,,-4.0,reference_fold_pretrend,-1.8578824579840412,-1.860285366369588,0.30017111996425627,-2.4722392438192817,-2.3601834395580736,-1.3657575363355607,-1.2868145729070202,0.0,0.0,0.0,-2.3999999999999986,correction_completion,PT_violation_het40,1,200,96,3927560117,reference_fold_convolution_rf,,,,
PRE_SUBC,X1_k=-3,,,-3.0,reference_fold_pretrend,-1.4846638275404087,-1.4758499073569749,0.3005849915134376,-2.0910010468114333,-1.98676164426016,-0.9881765972299594,-0.8799915332806063,0.0,0.0,0.0,-1.5999999999999992,correction_completion,PT_violation_het40,1,200,96,3927560117,reference_fold_convolution_rf,,,,
PRE_SUBC,X1_k=-2,,,-2.0,reference_fold_pretrend,-0.42701262542152607,-0.418679668069289,0.2544766616606133,-0.9551000186129878,-0.8565558599388026,0.03757304659384863,0.0681896915504478,0.08066666666666666,0.16133333333333333,0.16133333333333333,-0.7999999999999996,correction_completion,PT_violation_het40,1,200,96,3927560117,reference_fold_convolution_rf,,,,
PRE_SUBC,X1_slope,,,,reference_fold_pretrend,0.6407134038896048,0.6379951761281462,0.10922223164736913,0.4303570446516633,0.4651789333190254,0.826970977570067,0.8646959615274877,0.0,0.0,0.0,0.7999999999999996,correction_completion,PT_violation_het40,1,200,96,3927560117,reference_fold_convolution_rf,,,,
PRE_SUBC,X2_k=-4,,,-4.0,reference_fold_pretrend,0.16846064452590193,0.18974251524745628,0.1176159920949778,-0.15885305708237313,-0.0878423503897423,0.3048318878931843,0.3273587953374709,0.09933333333333333,0.19866666666666666,0.19866666666666666,0.2666666666666667,correction_completion,PT_violation_het40,1,200,96,3927560117,reference_fold_convolution_rf,,,,
PRE_SUBC,X2_k=-3,,,-3.0,reference_fold_pretrend,0.13391616555853075,0.160709568006088,0.1170504027916987,-0.19641522549561435,-0.1273779355770239,0.26245099200083727,0.28155069735656896,0.12,0.24,0.24,0.1777777777777778,correction_completion,PT_violation_het40,1,200,96,3927560117,reference_fold_convolution_rf,,,,
PRE_SUBC,X2_k=-2,,,-2.0,reference_fold_pretrend,0.053113105813624606,0.07841793267854874,0.10944739487296333,-0.2707452020336581,-0.19724933910680983,0.1747400956208564,0.19285579419875917,0.17066666666666666,0.3413333333333333,0.3413333333333333,0.0888888888888889,correction_completion,PT_violation_het40,1,200,96,3927560117,reference_fold_convolution_rf,,,,
PRE_SUBC,X2_slope,,,,reference_fold_pretrend,-0.05902338360774227,-0.0700998133854239,0.04813184183715546,-0.1184738865402185,-0.1120226244650178,0.048604243137697636,0.08157496103752791,0.11,0.22,0.22,-0.0888888888888889,correction_completion,PT_violation_het40,1,200,96,3927560117,reference_fold_convolution_rf,,,,
GATT,g=4_t=4,4.0,4.0,0.0,raw_structured,3.692381615103584,3.693320942311204,0.13130089013322904,3.4288199261173373,3.4781993919210343,3.9091756890992633,3.949963901845939,0.0,0.0,0.0,3.6908080659841422,correction_completion,baseline,3,200,80,3162435310,raw_structured,,,,
GATT,g=4_t=5,4.0,5.0,1.0,raw_structured,3.718353918584526,3.7163058359656653,0.12500416650053664,3.48133995021422,3.5164162269062023,3.9272018004823215,3.9677353492623197,0.0,0.0,0.0,3.6908080659841422,correction_completion,baseline,3,200,80,3162435310,raw_structured,,,,
GATT,g=4_t=6,4.0,6.0,2.0,raw_structured,3.7077858452583774,3.7101810411699434,0.12465006025786045,3.4619297423322117,3.5074676364414095,3.9126556153811096,3.953793551755585,0.0,0.0,0.0,3.6908080659841422,correction_completion,baseline,3,200,80,3162435310,raw_structured,,,,
GATT,g=4_t=7,4.0,7.0,3.0,raw_structured,3.709755123052501,3.712194023707763,0.13558370625744937,3.4346850552440804,3.488031903332039,3.9325305330347304,3.979148759412339,0.0,0.0,0.0,3.6908080659841422,correction_completion,baseline,3,200,80,3162435310,raw_structured,,,,
ES,k=0,,,0.0,raw_structured,3.692381615103584,3.693320942311204,0.13130089013322904,3.4288199261173373,3.4781993919210343,3.9091756890992633,3.949963901845939,0.0,0.0,0.0,3.6908080659841422,correction_completion,baseline,3,200,80,3162435310,raw_structured,,,,
ES,k=1,,,1.0,raw_structured,3.718353918584526,3.7163058359656653,0.12500416650053664,3.48133995021422,3.5164162269062023,3.9272018004823215,3.9677353492623197,0.0,0.0,0.0,3.6908080659841422,correction_completion,baseline,3,200,80,3162435310,raw_structured,,,,
ES,k=2,,,2.0,raw_structured,3.7077858452583774,3.7101810411699434,0.12465006025786045,3.4619297423322117,3.5074676364414095,3.9126556153811096,3.953793551755585,0.0,0.0,0.0,3.6908080659841422,correction_completion,baseline,3,200,80,3162435310,raw_structured,,,,
ES,k=3,,,3.0,raw_structured,3.709755123052501,3.712194023707763,0.13558370625744937,3.4346850552440804,3.488031903332039,3.9325305330347304,3.979148759412339,0.0,0.0,0.0,3.6908080659841422,correction_completion,baseline,3,200,80,3162435310,raw_structured,,,,
ATT,ATT,,,,raw_structured,3.7070691254997468,3.7059369277604217,0.10819817871014531,3.497484258956045,3.525643537854257,3.888140506532275,3.926261563308878,0.0,0.0,0.0,3.690808065984142,correction_completion,baseline,3,200,80,3162435310,raw_structured,,,,
GATT,g=4_t=4,4.0,4.0,0.0,reference_fold_convolution,3.567725237841699,3.5704919425248294,0.23331903681669686,3.1027266542124847,3.180338462038767,3.9439423021234274,4.005877869780276,0.0,0.0,0.0,3.6908080659841422,correction_completion,baseline,3,200,80,3162435310,reference_fold_convolution_rf,2.575151257394141,39.76940500447539,,"{""0"": {""bar_pi"": 0.55, ""control_ess"": 39.76940500447539, ""fold_sizes"": [{""evaluation"": 100, ""fold"": 0, ""train"": 100}], ""global_fold_bb"": true, ""max_control_odds"": 2.1074293346379678, ""n_clipped"": 0, ""n_complement_units"": 100, ""n_eval_units"": 100, ""posterior_cache_key"": ""g=4_fold=0"", ""posterior_draws"": 1500, ""raw_max_control_odds"": 2.1074293346379678}, ""1"": {""bar_pi"": 0.5, ""control_ess"": 44.47620684321908, ""fold_sizes"": [{""evaluation"": 100, ""fold"": 0, ""train"": 100}], ""global_fold_bb"": true, ""max_control_odds"": 2.575151257394141, ""n_clipped"": 0, ""n_complement_units"": 100, ""n_eval_units"": 100, ""posterior_cache_key"": ""g=4_fold=1"", ""posterior_draws"": 1500, ""raw_max_control_odds"": 2.575151257394141}}"
GATT,g=4_t=5,4.0,5.0,1.0,reference_fold_convolution,3.7285600877963443,3.7288739326318012,0.2376666102176927,3.2559813273155025,3.3468416391014153,4.116401759775995,4.186235781824657,0.0,0.0,0.0,3.6908080659841422,correction_completion,baseline,3,200,80,3162435310,reference_fold_convolution_rf,2.575151257394141,39.76940500447539,,"{""0"": {""bar_pi"": 0.55, ""control_ess"": 39.76940500447539, ""fold_sizes"": [{""evaluation"": 100, ""fold"": 0, ""train"": 100}], ""global_fold_bb"": true, ""max_control_odds"": 2.1074293346379678, ""n_clipped"": 0, ""n_complement_units"": 100, ""n_eval_units"": 100, ""posterior_cache_key"": ""g=4_fold=0"", ""posterior_draws"": 1500, ""raw_max_control_odds"": 2.1074293346379678}, ""1"": {""bar_pi"": 0.5, ""control_ess"": 44.47620684321908, ""fold_sizes"": [{""evaluation"": 100, ""fold"": 0, ""train"": 100}], ""global_fold_bb"": true, ""max_control_odds"": 2.575151257394141, ""n_clipped"": 0, ""n_complement_units"": 100, ""n_eval_units"": 100, ""posterior_cache_key"": ""g=4_fold=1"", ""posterior_draws"": 1500, ""raw_max_control_odds"": 2.575151257394141}}"
GATT,g=4_t=6,4.0,6.0,2.0,reference_fold_convolution,3.8461242215632865,3.8447542083704165,0.25090540035078,3.360043017574929,3.438819859966221,4.248467390919533,4.34400194522016,0.0,0.0,0.0,3.6908080659841422,correction_completion,baseline,3,200,80,3162435310,reference_fold_convolution_rf,2.575151257394141,39.76940500447539,,"{""0"": {""bar_pi"": 0.55, ""control_ess"": 39.76940500447539, ""fold_sizes"": [{""evaluation"": 100, ""fold"": 0, ""train"": 100}], ""global_fold_bb"": true, ""max_control_odds"": 2.1074293346379678, ""n_clipped"": 0, ""n_complement_units"": 100, ""n_eval_units"": 100, ""posterior_cache_key"": ""g=4_fold=0"", ""posterior_draws"": 1500, ""raw_max_control_odds"": 2.1074293346379678}, ""1"": {""bar_pi"": 0.5, ""control_ess"": 44.47620684321908, ""fold_sizes"": [{""evaluation"": 100, ""fold"": 0, ""train"": 100}], ""global_fold_bb"": true, ""max_control_odds"": 2.575151257394141, ""n_clipped"": 0, ""n_complement_units"": 100, ""n_eval_units"": 100, ""posterior_cache_key"": ""g=4_fold=1"", ""posterior_draws"": 1500, ""raw_max_control_odds"": 2.575151257394141}}"
GATT,g=4_t=7,4.0,7.0,3.0,reference_fold_convolution,3.7214534758049025,3.7232614219032327,0.2397034948778762,3.252093095275963,3.3270233321160854,4.119697631916423,4.2129909674804855,0.0,0.0,0.0,3.6908080659841422,correction_completion,baseline,3,200,80,3162435310,reference_fold_convolution_rf,2.575151257394141,39.76940500447539,,"{""0"": {""bar_pi"": 0.55, ""control_ess"": 39.76940500447539, ""fold_sizes"": [{""evaluation"": 100, ""fold"": 0, ""train"": 100}], ""global_fold_bb"": true, ""max_control_odds"": 2.1074293346379678, ""n_clipped"": 0, ""n_complement_units"": 100, ""n_eval_units"": 100, ""posterior_cache_key"": ""g=4_fold=0"", ""posterior_draws"": 1500, ""raw_max_control_odds"": 2.1074293346379678}, ""1"": {""bar_pi"": 0.5, ""control_ess"": 44.47620684321908, ""fold_sizes"": [{""evaluation"": 100, ""fold"": 0, ""train"": 100}], ""global_fold_bb"": true, ""max_control_odds"": 2.575151257394141, ""n_clipped"": 0, ""n_complement_units"": 100, ""n_eval_units"": 100, ""posterior_cache_key"": ""g=4_fold=1"", ""posterior_draws"": 1500, ""raw_max_control_odds"": 2.575151257394141}}"
ES,k=0,,,0.0,reference_fold_convolution,3.567725237841699,3.5704919425248294,0.23331903681669686,3.1027266542124847,3.180338462038767,3.9439423021234274,4.005877869780276,0.0,0.0,0.0,3.6908080659841422,correction_completion,baseline,3,200,80,3162435310,reference_fold_convolution_rf,,,,{}
ES,k=1,,,1.0,reference_fold_convolution,3.7285600877963443,3.7288739326318012,0.2376666102176927,3.2559813273155025,3.3468416391014153,4.116401759775995,4.186235781824657,0.0,0.0,0.0,3.6908080659841422,correction_completion,baseline,3,200,80,3162435310,reference_fold_convolution_rf,,,,{}
ES,k=2,,,2.0,reference_fold_convolution,3.8461242215632865,3.8447542083704165,0.25090540035078,3.360043017574929,3.438819859966221,4.248467390919533,4.34400194522016,0.0,0.0,0.0,3.6908080659841422,correction_completion,baseline,3,200,80,3162435310,reference_fold_convolution_rf,,,,{}
ES,k=3,,,3.0,reference_fold_convolution,3.7214534758049025,3.7232614219032327,0.2397034948778762,3.252093095275963,3.3270233321160854,4.119697631916423,4.2129909674804855,0.0,0.0,0.0,3.6908080659841422,correction_completion,baseline,3,200,80,3162435310,reference_fold_convolution_rf,,,,{}
ATT,ATT,,,,reference_fold_convolution,3.7159657557515584,3.71201806294824,0.19880159905499006,3.3153082720578584,3.3943267641007115,4.039880929133071,4.088406021197756,0.0,0.0,0.0,3.690808065984142,correction_completion,baseline,3,200,80,3162435310,reference_fold_convolution_rf,,,,{}
GATT,g=4_t=4,4.0,4.0,0.0,raw_structured,3.8673101869212316,3.8628802213903253,0.28980709296383417,3.320793346514744,3.3959799431433795,4.354619728516556,4.428494061539198,0.0,0.0,0.0,3.9944615343474577,correction_completion,baseline_sweep,2,50,64,3901611004,raw_structured,,,,
GATT,g=4_t=5,4.0,5.0,1.0,raw_structured,3.782790774823742,3.7812470528025433,0.27327402060559386,3.2397626523201106,3.3492316246296356,4.233482832931748,4.327025821198871,0.0,0.0,0.0,3.9944615343474577,correction_completion,baseline_sweep,2,50,64,3901611004,raw_structured,,,,
GATT,g=4_t=6,4.0,6.0,2.0,raw_structured,3.6756928974653826,3.682349991272197,0.280958972902434,3.1071132508903068,3.1883664416602637,4.112156491240641,4.191324849492517,0.0,0.0,0.0,3.9944615343474577,correction_completion,baseline_sweep,2,50,64,3901611004,raw_structured,,,,
GATT,g=4_t=7,4.0,7.0,3.0,raw_structured,3.7154829177187945,3.724236089312342,0.29999197074346823,3.1112355086014953,3.218615383092846,4.194161632818633,4.321602746060597,0.0,0.0,0.0,3.9944615343474577,correction_completion,baseline_sweep,2,50,64,3901611004,raw_structured,,,,
ES,k=0,,,0.0,raw_structured,3.8673101869212316,3.8628802213903253,0.28980709296383417,3.320793346514744,3.3959799431433795,4.354619728516556,4.428494061539198,0.0,0.0,0.0,3.9944615343474577,correction_completion,baseline_sweep,2,50,64,3901611004,raw_structured,,,,
ES,k=1,,,1.0,raw_structured,3.782790774823742,3.7812470528025433,0.27327402060559386,3.2397626523201106,3.3492316246296356,4.233482832931748,4.327025821198871,0.0,0.0,0.0,3.9944615343474577,correction_completion,baseline_sweep,2,50,64,3901611004,raw_structured,,,,
ES,k=2,,,2.0,raw_structured,3.6756928974653826,3.682349991272197,0.280958972902434,3.1071132508903068,3.1883664416602637,4.112156491240641,4.191324849492517,0.0,0.0,0.0,3.9944615343474577,correction_completion,baseline_sweep,2,50,64,3901611004,raw_structured,,,,
ES,k=3,,,3.0,raw_structured,3.7154829177187945,3.724236089312342,0.29999197074346823,3.1112355086014953,3.218615383092846,4.194161632818633,4.321602746060597,0.0,0.0,0.0,3.9944615343474577,correction_completion,baseline_sweep,2,50,64,3901611004,raw_structured,,,,
ATT,ATT,,,,raw_structured,3.760319194232287,3.7642763243572315,0.2482079288812842,3.2647332878550706,3.3589421458410227,4.163257386218061,4.248010348591069,0.0,0.0,0.0,3.994461534347457,correction_completion,baseline_sweep,2,50,64,3901611004,raw_structured,,,,
GATT,g=4_t=4,4.0,4.0,0.0,reference_fold_convolution,4.293054149627762,4.298383716506526,0.5021620954440537,3.304706016114607,3.4609869733762775,5.06756937428368,5.312399989323554,0.0,0.0,0.0,3.9944615343474577,correction_completion,baseline_sweep,2,50,64,3901611004,reference_fold_convolution_rf,1.701222161355526,8.999581337204637,,"{""0"": {""bar_pi"": 0.48, ""control_ess"": 12.99970352501126, ""fold_sizes"": [{""evaluation"": 25, ""fold"": 0, ""train"": 25}], ""global_fold_bb"": true, ""max_control_odds"": 1.701222161355526, ""n_clipped"": 0, ""n_complement_units"": 25, ""n_eval_units"": 25, ""posterior_cache_key"": ""g=4_fold=0"", ""posterior_draws"": 1500, ""raw_max_control_odds"": 1.701222161355526}, ""1"": {""bar_pi"": 0.64, ""control_ess"": 8.999581337204637, ""fold_sizes"": [{""evaluation"": 25, ""fold"": 0, ""train"": 25}], ""global_fold_bb"": true, ""max_control_odds"": 0.9208391668508817, ""n_clipped"": 0, ""n_complement_units"": 25, ""n_eval_units"": 25, ""posterior_cache_key"": ""g=4_fold=1"", ""posterior_draws"": 1500, ""raw_max_control_odds"": 0.9208391668508817}}"
GATT,g=4_t=5,4.0,5.0,1.0,reference_fold_convolution,3.906033049468584,3.9067506580616542,0.6073749941086483,2.679208433520882,2.917255832978639,4.853425614281193,5.1615102934414985,0.0,0.0,0.0,3.9944615343474577,correction_completion,baseline_sweep,2,50,64,3901611004,reference_fold_convolution_rf,1.701222161355526,8.999581337204637,,"{""0"": {""bar_pi"": 0.48, ""control_ess"": 12.99970352501126, ""fold_sizes"": [{""evaluation"": 25, ""fold"": 0, ""train"": 25}], ""global_fold_bb"": true, ""max_control_odds"": 1.701222161355526, ""n_clipped"": 0, ""n_complement_units"": 25, ""n_eval_units"": 25, ""posterior_cache_key"": ""g=4_fold=0"", ""posterior_draws"": 1500, ""raw_max_control_odds"": 1.701222161355526}, ""1"": {""bar_pi"": 0.64, ""control_ess"": 8.999581337204637, ""fold_sizes"": [{""evaluation"": 25, ""fold"": 0, ""train"": 25}], ""global_fold_bb"": true, ""max_control_odds"": 0.9208391668508817, ""n_clipped"": 0, ""n_complement_units"": 25, ""n_eval_units"": 25, ""posterior_cache_key"": ""g=4_fold=1"", ""posterior_draws"": 1500, ""raw_max_control_odds"": 0.9208391668508817}}"
GATT,g=4_t=6,4.0,6.0,2.0,reference_fold_convolution,3.0482900366969514,3.055778204871973,0.5388821247055586,1.976575501814449,2.1874217193393086,3.884784622654592,4.076557145408844,0.0,0.0,0.0,3.9944615343474577,correction_completion,baseline_sweep,2,50,64,3901611004,reference_fold_convolution_rf,1.701222161355526,8.999581337204637,,"{""0"": {""bar_pi"": 0.48, ""control_ess"": 12.99970352501126, ""fold_sizes"": [{""evaluation"": 25, ""fold"": 0, ""train"": 25}], ""global_fold_bb"": true, ""max_control_odds"": 1.701222161355526, ""n_clipped"": 0, ""n_complement_units"": 25, ""n_eval_units"": 25, ""posterior_cache_key"": ""g=4_fold=0"", ""posterior_draws"": 1500, ""raw_max_control_odds"": 1.701222161355526}, ""1"": {""bar_pi"": 0.64, ""control_ess"": 8.999581337204637, ""fold_sizes"": [{""evaluation"": 25, ""fold"": 0, ""train"": 25}], ""global_fold_bb"": true, ""max_control_odds"": 0.9208391668508817, ""n_clipped"": 0, ""n_complement_units"": 25, ""n_eval_units"": 25, ""posterior_cache_key"": ""g=4_fold=1"", ""posterior_draws"": 1500, ""raw_max_control_odds"": 0.9208391668508817}}"
GATT,g=4_t=7,4.0,7.0,3.0,reference_fold_convolution,3.2719600907139172,3.2817705497869403,0.522726579093317,2.262788594961872,2.4029529743100193,4.102219427358709,4.258761457580496,0.0,0.0,0.0,3.9944615343474577,correction_completion,baseline_sweep,2,50,64,3901611004,reference_fold_convolution_rf,1.701222161355526,8.999581337204637,,"{""0"": {""bar_pi"": 0.48, ""control_ess"": 12.99970352501126, ""fold_sizes"": [{""evaluation"": 25, ""fold"": 0, ""train"": 25}], ""global_fold_bb"": true, ""max_control_odds"": 1.701222161355526, ""n_clipped"": 0, ""n_complement_units"": 25, ""n_eval_units"": 25, ""posterior_cache_key"": ""g=4_fold=0"", ""posterior_draws"": 1500, ""raw_max_control_odds"": 1.701222161355526}, ""1"": {""bar_pi"": 0.64, ""control_ess"": 8.999581337204637, ""fold_sizes"": [{""evaluation"": 25, ""fold"": 0, ""train"": 25}], ""global_fold_bb"": true, ""max_control_odds"": 0.9208391668508817, ""n_clipped"": 0, ""n_complement_units"": 25, ""n_eval_units"": 25, ""posterior_cache_key"": ""g=4_fold=1"", ""posterior_draws"": 1500, ""raw_max_control_odds"": 0.9208391668508817}}"
ES,k=0,,,0.0,reference_fold_convolution,4.293054149627762,4.298383716506526,0.5021620954440537,3.304706016114607,3.4609869733762775,5.06756937428368,5.312399989323554,0.0,0.0,0.0,3.9944615343474577,correction_completion,baseline_sweep,2,50,64,3901611004,reference_fold_convolution_rf,,,,{}
ES,k=1,,,1.0,reference_fold_convolution,3.906033049468584,3.9067506580616542,0.6073749941086483,2.679208433520882,2.917255832978639,4.853425614281193,5.1615102934414985,0.0,0.0,0.0,3.9944615343474577,correction_completion,baseline_sweep,2,50,64,3901611004,reference_fold_convolution_rf,,,,{}
ES,k=2,,,2.0,reference_fold_convolution,3.0482900366969514,3.055778204871973,0.5388821247055586,1.976575501814449,2.1874217193393086,3.884784622654592,4.076557145408844,0.0,0.0,0.0,3.9944615343474577,correction_completion,baseline_sweep,2,50,64,3901611004,reference_fold_convolution_rf,,,,{}
ES,k=3,,,3.0,reference_fold_convolution,3.2719600907139172,3.2817705497869403,0.522726579093317,2.262788594961872,2.4029529743100193,4.102219427358709,4.258761457580496,0.0,0.0,0.0,3.9944615343474577,correction_completion,baseline_sweep,2,50,64,3901611004,reference_fold_convolution_rf,,,,{}
ATT,ATT,,,,reference_fold_convolution,3.6298343316268036,3.6360867578133336,0.4043270101638604,2.7996014775380647,2.946481574024006,4.280125640216683,4.426452999352449,0.0,0.0,0.0,3.994461534347457,correction_completion,baseline_sweep,2,50,64,3901611004,reference_fold_convolution_rf,,,,{}
GATT,g=4_t=4,4.0,4.0,0.0,raw_structured,3.9463612410574447,3.9513251476616107,0.2084376056193925,3.526919639817147,3.606916237285169,4.275011917003244,4.355503830381846,0.0,0.0,0.0,3.8341491615586016,correction_completion,baseline_sweep_d3,3,100,48,2935979841,raw_structured,,,,
GATT,g=4_t=5,4.0,5.0,1.0,raw_structured,3.873358317784452,3.875928038751467,0.19809260528536732,3.485461452406617,3.5448041767739897,4.190564985730038,4.233797225656059,0.0,0.0,0.0,3.8341491615586016,correction_completion,baseline_sweep_d3,3,100,48,2935979841,raw_structured,,,,
GATT,g=4_t=6,4.0,6.0,2.0,raw_structured,3.92951669574435,3.9264495475854586,0.2011441994678554,3.543627012150243,3.599028733926585,4.246661841234288,4.3268544260323285,0.0,0.0,0.0,3.8341491615586016,correction_completion,baseline_sweep_d3,3,100,48,2935979841,raw_structured,,,,
GATT,g=4_t=7,4.0,7.0,3.0,raw_structured,3.981795135024199,3.9803699288937056,0.21732057017744053,3.5724883360039397,3.6240014481704272,4.350759386215011,4.411622788767354,0.0,0.0,0.0,3.8341491615586016,correction_completion,baseline_sweep_d3,3,100,48,2935979841,raw_structured,,,,
ES,k=0,,,0.0,raw_structured,3.9463612410574447,3.9513251476616107,0.2084376056193925,3.526919639817147,3.606916237285169,4.275011917003244,4.355503830381846,0.0,0.0,0.0,3.8341491615586016,correction_completion,baseline_sweep_d3,3,100,48,2935979841,raw_structured,,,,
ES,k=1,,,1.0,raw_structured,3.873358317784452,3.875928038751467,0.19809260528536732,3.485461452406617,3.5448041767739897,4.190564985730038,4.233797225656059,0.0,0.0,0.0,3.8341491615586016,correction_completion,baseline_sweep_d3,3,100,48,2935979841,raw_structured,,,,
ES,k=2,,,2.0,raw_structured,3.92951669574435,3.9264495475854586,0.2011441994678554,3.543627012150243,3.599028733926585,4.246661841234288,4.3268544260323285,0.0,0.0,0.0,3.8341491615586016,correction_completion,baseline_sweep_d3,3,100,48,2935979841,raw_structured,,,,
ES,k=3,,,3.0,raw_structured,3.981795135024199,3.9803699288937056,0.21732057017744053,3.5724883360039397,3.6240014481704272,4.350759386215011,4.411622788767354,0.0,0.0,0.0,3.8341491615586016,correction_completion,baseline_sweep_d3,3,100,48,2935979841,raw_structured,,,,
ATT,ATT,,,,raw_structured,3.9327578474026117,3.9372918056087385,0.17579010284714852,3.582730800542466,3.625415488606465,4.220571370048495,4.262274181707966,0.0,0.0,0.0,3.8341491615586016,correction_completion,baseline_sweep_d3,3,100,48,2935979841,raw_structured,,,,
GATT,g=4_t=4,4.0,4.0,0.0,reference_fold_convolution,4.064989568192097,4.062062275539091,0.3271217601746743,3.437824785090156,3.5479553283283067,4.578286777595815,4.767829890113128,0.0,0.0,0.0,3.8341491615586016,correction_completion,baseline_sweep_d3,3,100,48,2935979841,reference_fold_convolution_rf,1.868564389759055,23.237940066219814,,"{""0"": {""bar_pi"": 0.5, ""control_ess"": 23.237940066219814, ""fold_sizes"": [{""evaluation"": 50, ""fold"": 0, ""train"": 50}], ""global_fold_bb"": true, ""max_control_odds"": 1.783625839749191, ""n_clipped"": 0, ""n_complement_units"": 50, ""n_eval_units"": 50, ""posterior_cache_key"": ""g=4_fold=0"", ""posterior_draws"": 1500, ""raw_max_control_odds"": 1.783625839749191}, ""1"": {""bar_pi"": 0.46, ""control_ess"": 24.155145647293132, ""fold_sizes"": [{""evaluation"": 50, ""fold"": 0, ""train"": 50}], ""global_fold_bb"": true, ""max_control_odds"": 1.868564389759055, ""n_clipped"": 0, ""n_complement_units"": 50, ""n_eval_units"": 50, ""posterior_cache_key"": ""g=4_fold=1"", ""posterior_draws"": 1500, ""raw_max_control_odds"": 1.868564389759055}}"
GATT,g=4_t=5,4.0,5.0,1.0,reference_fold_convolution,3.9130436245255806,3.92139715309683,0.3454900865277477,3.2067421197472097,3.3273685808040505,4.447863095790038,4.602204682821148,0.0,0.0,0.0,3.8341491615586016,correction_completion,baseline_sweep_d3,3,100,48,2935979841,reference_fold_convolution_rf,1.868564389759055,23.237940066219814,,"{""0"": {""bar_pi"": 0.5, ""control_ess"": 23.237940066219814, ""fold_sizes"": [{""evaluation"": 50, ""fold"": 0, ""train"": 50}], ""global_fold_bb"": true, ""max_control_odds"": 1.783625839749191, ""n_clipped"": 0, ""n_complement_units"": 50, ""n_eval_units"": 50, ""posterior_cache_key"": ""g=4_fold=0"", ""posterior_draws"": 1500, ""raw_max_control_odds"": 1.783625839749191}, ""1"": {""bar_pi"": 0.46, ""control_ess"": 24.155145647293132, ""fold_sizes"": [{""evaluation"": 50, ""fold"": 0, ""train"": 50}], ""global_fold_bb"": true, ""max_control_odds"": 1.868564389759055, ""n_clipped"": 0, ""n_complement_units"": 50, ""n_eval_units"": 50, ""posterior_cache_key"": ""g=4_fold=1"", ""posterior_draws"": 1500, ""raw_max_control_odds"": 1.868564389759055}}"
GATT,g=4_t=6,4.0,6.0,2.0,reference_fold_convolution,4.295033870682648,4.2892769929572765,0.3475386437551939,3.6277396691272124,3.7397734144293158,4.856386723820064,4.979692272279064,0.0,0.0,0.0,3.8341491615586016,correction_completion,baseline_sweep_d3,3,100,48,2935979841,reference_fold_convolution_rf,1.868564389759055,23.237940066219814,,"{""0"": {""bar_pi"": 0.5, ""control_ess"": 23.237940066219814, ""fold_sizes"": [{""evaluation"": 50, ""fold"": 0, ""train"": 50}], ""global_fold_bb"": true, ""max_control_odds"": 1.783625839749191, ""n_clipped"": 0, ""n_complement_units"": 50, ""n_eval_units"": 50, ""posterior_cache_key"": ""g=4_fold=0"", ""posterior_draws"": 1500, ""raw_max_control_odds"": 1.783625839749191}, ""1"": {""bar_pi"": 0.46, ""control_ess"": 24.155145647293132, ""fold_sizes"": [{""evaluation"": 50, ""fold"": 0, ""train"": 50}], ""global_fold_bb"": true, ""max_control_odds"": 1.868564389759055, ""n_clipped"": 0, ""n_complement_units"": 50, ""n_eval_units"": 50, ""posterior_cache_key"": ""g=4_fold=1"", ""posterior_draws"": 1500, ""raw_max_control_odds"": 1.868564389759055}}"
GATT,g=4_t=7,4.0,7.0,3.0,reference_fold_convolution,4.337090209499915,4.331053465466893,0.34965352160417085,3.6755758766409707,3.788454941530627,4.9172877505408366,5.057672139962435,0.0,0.0,0.0,3.8341491615586016,correction_completion,baseline_sweep_d3,3,100,48,2935979841,reference_fold_convolution_rf,1.868564389759055,23.237940066219814,,"{""0"": {""bar_pi"": 0.5, ""control_ess"": 23.237940066219814, ""fold_sizes"": [{""evaluation"": 50, ""fold"": 0, ""train"": 50}], ""global_fold_bb"": true, ""max_control_odds"": 1.783625839749191, ""n_clipped"": 0, ""n_complement_units"": 50, ""n_eval_units"": 50, ""posterior_cache_key"": ""g=4_fold=0"", ""posterior_draws"": 1500, ""raw_max_control_odds"": 1.783625839749191}, ""1"": {""bar_pi"": 0.46, ""control_ess"": 24.155145647293132, ""fold_sizes"": [{""evaluation"": 50, ""fold"": 0, ""train"": 50}], ""global_fold_bb"": true, ""max_control_odds"": 1.868564389759055, ""n_clipped"": 0, ""n_complement_units"": 50, ""n_eval_units"": 50, ""posterior_cache_key"": ""g=4_fold=1"", ""posterior_draws"": 1500, ""raw_max_control_odds"": 1.868564389759055}}"
ES,k=0,,,0.0,reference_fold_convolution,4.064989568192097,4.062062275539091,0.3271217601746743,3.437824785090156,3.5479553283283067,4.578286777595815,4.767829890113128,0.0,0.0,0.0,3.8341491615586016,correction_completion,baseline_sweep_d3,3,100,48,2935979841,reference_fold_convolution_rf,,,,{}
ES,k=1,,,1.0,reference_fold_convolution,3.9130436245255806,3.92139715309683,0.3454900865277477,3.2067421197472097,3.3273685808040505,4.447863095790038,4.602204682821148,0.0,0.0,0.0,3.8341491615586016,correction_completion,baseline_sweep_d3,3,100,48,2935979841,reference_fold_convolution_rf,,,,{}
ES,k=2,,,2.0,reference_fold_convolution,4.295033870682648,4.2892769929572765,0.3475386437551939,3.6277396691272124,3.7397734144293158,4.856386723820064,4.979692272279064,0.0,0.0,0.0,3.8341491615586016,correction_completion,baseline_sweep_d3,3,100,48,2935979841,reference_fold_convolution_rf,,,,{}
ES,k=3,,,3.0,reference_fold_convolution,4.337090209499915,4.331053465466893,0.34965352160417085,3.6755758766409707,3.788454941530627,4.9172877505408366,5.057672139962435,0.0,0.0,0.0,3.8341491615586016,correction_completion,baseline_sweep_d3,3,100,48,2935979841,reference_fold_convolution_rf,,,,{}
ATT,ATT,,,,reference_fold_convolution,4.15253931822506,4.149163855625353,0.27569535743145396,3.6350063204467293,3.7079114489261538,4.596018646466101,4.687675829350232,0.0,0.0,0.0,3.8341491615586016,correction_completion,baseline_sweep_d3,3,100,48,2935979841,reference_fold_convolution_rf,,,,{}
GATT,g=4_t=4,4.0,4.0,0.0,raw_structured,0.187443702062452,0.1774381408546453,0.14908408989165664,-0.08582212319982387,-0.036212078903936004,0.4525493531362044,0.49535657249204146,0.08866666666666667,0.17733333333333334,0.17733333333333334,0.0,correction_completion,null,3,200,132,2095130511,raw_structured,,,,
GATT,g=4_t=5,4.0,5.0,1.0,raw_structured,0.09952437962771706,0.10130573071154086,0.1379772398331646,-0.17806482238619245,-0.12874356966358455,0.3188183802095908,0.36673188027546055,0.22733333333333333,0.45466666666666666,0.45466666666666666,0.0,correction_completion,null,3,200,132,2095130511,raw_structured,,,,
GATT,g=4_t=6,4.0,6.0,2.0,raw_structured,0.07275647232656933,0.07879182386424238,0.13604513337213736,-0.19491671024508542,-0.15888034836091583,0.2906335647160598,0.3435568269678291,0.30133333333333334,0.6026666666666667,0.6026666666666667,0.0,correction_completion,null,3,200,132,2095130511,raw_structured,,,,
GATT,g=4_t=7,4.0,7.0,3.0,raw_structured,0.1430644022592984,0.14043912254857546,0.14772041652315124,-0.13754413639630783,-0.09092456335424991,0.39127574716250707,0.4451900197997624,0.17266666666666666,0.3453333333333333,0.3453333333333333,0.0,correction_completion,null,3,200,132,2095130511,raw_structured,,,,
ES,k=0,,,0.0,raw_structured,0.187443702062452,0.1774381408546453,0.14908408989165664,-0.08582212319982387,-0.036212078903936004,0.4525493531362044,0.49535657249204146,0.08866666666666667,0.17733333333333334,0.17733333333333334,0.0,correction_completion,null,3,200,132,2095130511,raw_structured,,,,
ES,k=1,,,1.0,raw_structured,0.09952437962771706,0.10130573071154086,0.1379772398331646,-0.17806482238619245,-0.12874356966358455,0.3188183802095908,0.36673188027546055,0.22733333333333333,0.45466666666666666,0.45466666666666666,0.0,correction_completion,null,3,200,132,2095130511,raw_structured,,,,
ES,k=2,,,2.0,raw_structured,0.07275647232656933,0.07879182386424238,0.13604513337213736,-0.19491671024508542,-0.15888034836091583,0.2906335647160598,0.3435568269678291,0.30133333333333334,0.6026666666666667,0.6026666666666667,0.0,correction_completion,null,3,200,132,2095130511,raw_structured,,,,
ES,k=3,,,3.0,raw_structured,0.1430644022592984,0.14043912254857546,0.14772041652315124,-0.13754413639630783,-0.09092456335424991,0.39127574716250707,0.4451900197997624,0.17266666666666666,0.3453333333333333,0.3453333333333333,0.0,correction_completion,null,3,200,132,2095130511,raw_structured,,,,
ATT,ATT,,,,raw_structured,0.1256972390690092,0.12631919712067446,0.11314673937075534,-0.09229934028803252,-0.05327375398162538,0.3122019709473672,0.3448471058485635,0.134,0.268,0.268,0.0,correction_completion,null,3,200,132,2095130511,raw_structured,,,,
GATT,g=4_t=4,4.0,4.0,0.0,reference_fold_convolution,0.07574341261451328,0.07736797268175662,0.2378671857209366,-0.3956920616471698,-0.31845442338115443,0.47103694706772287,0.553144196489084,0.378,0.756,0.756,0.0,correction_completion,null,3,200,132,2095130511,reference_fold_convolution_rf,2.4240147988538454,34.05083624820186,,"{""0"": {""bar_pi"": 0.43, ""control_ess"": 52.71326603768071, ""fold_sizes"": [{""evaluation"": 100, ""fold"": 0, ""train"": 100}], ""global_fold_bb"": true, ""max_control_odds"": 2.4240147988538454, ""n_clipped"": 0, ""n_complement_units"": 100, ""n_eval_units"": 100, ""posterior_cache_key"": ""g=4_fold=0"", ""posterior_draws"": 1500, ""raw_max_control_odds"": 2.4240147988538454}, ""1"": {""bar_pi"": 0.58, ""control_ess"": 34.05083624820186, ""fold_sizes"": [{""evaluation"": 100, ""fold"": 0, ""train"": 100}], ""global_fold_bb"": true, ""max_control_odds"": 1.9852423013758513, ""n_clipped"": 0, ""n_complement_units"": 100, ""n_eval_units"": 100, ""posterior_cache_key"": ""g=4_fold=1"", ""posterior_draws"": 1500, ""raw_max_control_odds"": 1.9852423013758513}}"
GATT,g=4_t=5,4.0,5.0,1.0,reference_fold_convolution,-0.10687181598786379,-0.11038098340941288,0.2879640121219793,-0.6773339686872205,-0.5896761502599203,0.3535457311406054,0.44904130030189177,0.35133333333333333,0.7026666666666667,0.7026666666666667,0.0,correction_completion,null,3,200,132,2095130511,reference_fold_convolution_rf,2.4240147988538454,34.05083624820186,,"{""0"": {""bar_pi"": 0.43, ""control_ess"": 52.71326603768071, ""fold_sizes"": [{""evaluation"": 100, ""fold"": 0, ""train"": 100}], ""global_fold_bb"": true, ""max_control_odds"": 2.4240147988538454, ""n_clipped"": 0, ""n_complement_units"": 100, ""n_eval_units"": 100, ""posterior_cache_key"": ""g=4_fold=0"", ""posterior_draws"": 1500, ""raw_max_control_odds"": 2.4240147988538454}, ""1"": {""bar_pi"": 0.58, ""control_ess"": 34.05083624820186, ""fold_sizes"": [{""evaluation"": 100, ""fold"": 0, ""train"": 100}], ""global_fold_bb"": true, ""max_control_odds"": 1.9852423013758513, ""n_clipped"": 0, ""n_complement_units"": 100, ""n_eval_units"": 100, ""posterior_cache_key"": ""g=4_fold=1"", ""posterior_draws"": 1500, ""raw_max_control_odds"": 1.9852423013758513}}"
GATT,g=4_t=6,4.0,6.0,2.0,reference_fold_convolution,-0.5130192240428373,-0.514714999334631,0.2429257875599518,-1.02004193167267,-0.9097932968490324,-0.13330479817408555,-0.03461213694708929,0.02,0.04,0.04,0.0,correction_completion,null,3,200,132,2095130511,reference_fold_convolution_rf,2.4240147988538454,34.05083624820186,,"{""0"": {""bar_pi"": 0.43, ""control_ess"": 52.71326603768071, ""fold_sizes"": [{""evaluation"": 100, ""fold"": 0, ""train"": 100}], ""global_fold_bb"": true, ""max_control_odds"": 2.4240147988538454, ""n_clipped"": 0, ""n_complement_units"": 100, ""n_eval_units"": 100, ""posterior_cache_key"": ""g=4_fold=0"", ""posterior_draws"": 1500, ""raw_max_control_odds"": 2.4240147988538454}, ""1"": {""bar_pi"": 0.58, ""control_ess"": 34.05083624820186, ""fold_sizes"": [{""evaluation"": 100, ""fold"": 0, ""train"": 100}], ""global_fold_bb"": true, ""max_control_odds"": 1.9852423013758513, ""n_clipped"": 0, ""n_complement_units"": 100, ""n_eval_units"": 100, ""posterior_cache_key"": ""g=4_fold=1"", ""posterior_draws"": 1500, ""raw_max_control_odds"": 1.9852423013758513}}"
GATT,g=4_t=7,4.0,7.0,3.0,reference_fold_convolution,-0.09738878189542238,-0.09730627554302487,0.2531559322064435,-0.6154869435484163,-0.522396812481581,0.3095456411161241,0.39272762314620113,0.348,0.696,0.696,0.0,correction_completion,null,3,200,132,2095130511,reference_fold_convolution_rf,2.4240147988538454,34.05083624820186,,"{""0"": {""bar_pi"": 0.43, ""control_ess"": 52.71326603768071, ""fold_sizes"": [{""evaluation"": 100, ""fold"": 0, ""train"": 100}], ""global_fold_bb"": true, ""max_control_odds"": 2.4240147988538454, ""n_clipped"": 0, ""n_complement_units"": 100, ""n_eval_units"": 100, ""posterior_cache_key"": ""g=4_fold=0"", ""posterior_draws"": 1500, ""raw_max_control_odds"": 2.4240147988538454}, ""1"": {""bar_pi"": 0.58, ""control_ess"": 34.05083624820186, ""fold_sizes"": [{""evaluation"": 100, ""fold"": 0, ""train"": 100}], ""global_fold_bb"": true, ""max_control_odds"": 1.9852423013758513, ""n_clipped"": 0, ""n_complement_units"": 100, ""n_eval_units"": 100, ""posterior_cache_key"": ""g=4_fold=1"", ""posterior_draws"": 1500, ""raw_max_control_odds"": 1.9852423013758513}}"
ES,k=0,,,0.0,reference_fold_convolution,0.07574341261451328,0.07736797268175662,0.2378671857209366,-0.3956920616471698,-0.31845442338115443,0.47103694706772287,0.553144196489084,0.378,0.756,0.756,0.0,correction_completion,null,3,200,132,2095130511,reference_fold_convolution_rf,,,,{}
ES,k=1,,,1.0,reference_fold_convolution,-0.10687181598786379,-0.11038098340941288,0.2879640121219793,-0.6773339686872205,-0.5896761502599203,0.3535457311406054,0.44904130030189177,0.35133333333333333,0.7026666666666667,0.7026666666666667,0.0,correction_completion,null,3,200,132,2095130511,reference_fold_convolution_rf,,,,{}
ES,k=2,,,2.0,reference_fold_convolution,-0.5130192240428373,-0.514714999334631,0.2429257875599518,-1.02004193167267,-0.9097932968490324,-0.13330479817408555,-0.03461213694708929,0.02,0.04,0.04,0.0,correction_completion,null,3,200,132,2095130511,reference_fold_convolution_rf,,,,{}
ES,k=3,,,3.0,reference_fold_convolution,-0.09738878189542238,-0.09730627554302487,0.2531559322064435,-0.6154869435484163,-0.522396812481581,0.3095456411161241,0.39272762314620113,0.348,0.696,0.696,0.0,correction_completion,null,3,200,132,2095130511,reference_fold_convolution_rf,,,,{}
ATT,ATT,,,,reference_fold_convolution,-0.16038410232790257,-0.1607396889406074,0.2017767992651817,-0.5525324189030122,-0.49816281647438665,0.17394181352623445,0.22999769681083151,0.202,0.404,0.404,0.0,correction_completion,null,3,200,132,2095130511,reference_fold_convolution_rf,,,,{}
GATT,g=4_t=4,4.0,4.0,0.0,raw_structured,3.6437453191556743,3.6469070581830136,0.15337141899308634,3.3460819094280803,3.394580673975328,3.8977348154803755,3.949383325516302,0.0,0.0,0.0,3.781955933041629,correction_completion,selection_obs,1,200,16,2843102186,raw_structured,,,,
GATT,g=4_t=5,4.0,5.0,1.0,raw_structured,3.6414868854437032,3.6447909814089745,0.15280206993451922,3.346271726551681,3.39642965706912,3.887064146644472,3.945783871411599,0.0,0.0,0.0,3.781955933041629,correction_completion,selection_obs,1,200,16,2843102186,raw_structured,,,,
GATT,g=4_t=6,4.0,6.0,2.0,raw_structured,3.7020201167091207,3.6967280507149374,0.16693178894991573,3.3894234775919627,3.439306638609378,3.986546695074045,4.046158588703496,0.0,0.0,0.0,3.781955933041629,correction_completion,selection_obs,1,200,16,2843102186,raw_structured,,,,
GATT,g=4_t=7,4.0,7.0,3.0,raw_structured,3.9792682039174316,3.97902897782724,0.1903802074736076,3.6374555094732464,3.676935916911319,4.29085161158825,4.34496253376152,0.0,0.0,0.0,3.781955933041629,correction_completion,selection_obs,1,200,16,2843102186,raw_structured,,,,
ES,k=0,,,0.0,raw_structured,3.6437453191556743,3.6469070581830136,0.15337141899308634,3.3460819094280803,3.394580673975328,3.8977348154803755,3.949383325516302,0.0,0.0,0.0,3.781955933041629,correction_completion,selection_obs,1,200,16,2843102186,raw_structured,,,,
ES,k=1,,,1.0,raw_structured,3.6414868854437032,3.6447909814089745,0.15280206993451922,3.346271726551681,3.39642965706912,3.887064146644472,3.945783871411599,0.0,0.0,0.0,3.781955933041629,correction_completion,selection_obs,1,200,16,2843102186,raw_structured,,,,
ES,k=2,,,2.0,raw_structured,3.7020201167091207,3.6967280507149374,0.16693178894991573,3.3894234775919627,3.439306638609378,3.986546695074045,4.046158588703496,0.0,0.0,0.0,3.781955933041629,correction_completion,selection_obs,1,200,16,2843102186,raw_structured,,,,
ES,k=3,,,3.0,raw_structured,3.9792682039174316,3.97902897782724,0.1903802074736076,3.6374555094732464,3.676935916911319,4.29085161158825,4.34496253376152,0.0,0.0,0.0,3.781955933041629,correction_completion,selection_obs,1,200,16,2843102186,raw_structured,,,,
ATT,ATT,,,,raw_structured,3.741630131306483,3.7419740001531716,0.13136680551678365,3.4881570618727156,3.5332157259882337,3.9482054989780013,4.008887501867569,0.0,0.0,0.0,3.781955933041629,correction_completion,selection_obs,1,200,16,2843102186,raw_structured,,,,
GATT,g=4_t=4,4.0,4.0,0.0,reference_fold_convolution,3.5587546596020765,3.564667135891285,0.2449937603926684,3.0538929777474233,3.141449868692732,3.9338792681365193,4.040250047939766,0.0,0.0,0.0,3.781955933041629,correction_completion,selection_obs,1,200,16,2843102186,reference_fold_convolution_rf,4.122819800848695,31.25250416808711,,"{""0"": {""bar_pi"": 0.47, ""control_ess"": 35.89874628695216, ""fold_sizes"": [{""evaluation"": 100, ""fold"": 0, ""train"": 100}], ""global_fold_bb"": true, ""max_control_odds"": 2.589527557831862, ""n_clipped"": 0, ""n_complement_units"": 100, ""n_eval_units"": 100, ""posterior_cache_key"": ""g=4_fold=0"", ""posterior_draws"": 1500, ""raw_max_control_odds"": 2.589527557831862}, ""1"": {""bar_pi"": 0.42, ""control_ess"": 31.25250416808711, ""fold_sizes"": [{""evaluation"": 100, ""fold"": 0, ""train"": 100}], ""global_fold_bb"": true, ""max_control_odds"": 4.122819800848695, ""n_clipped"": 0, ""n_complement_units"": 100, ""n_eval_units"": 100, ""posterior_cache_key"": ""g=4_fold=1"", ""posterior_draws"": 1500, ""raw_max_control_odds"": 4.122819800848695}}"
GATT,g=4_t=5,4.0,5.0,1.0,reference_fold_convolution,3.679746899178374,3.6827579076574324,0.23978022496982207,3.2015477392358087,3.2977364845201977,4.0797296067483915,4.132884098085055,0.0,0.0,0.0,3.781955933041629,correction_completion,selection_obs,1,200,16,2843102186,reference_fold_convolution_rf,4.122819800848695,31.25250416808711,,"{""0"": {""bar_pi"": 0.47, ""control_ess"": 35.89874628695216, ""fold_sizes"": [{""evaluation"": 100, ""fold"": 0, ""train"": 100}], ""global_fold_bb"": true, ""max_control_odds"": 2.589527557831862, ""n_clipped"": 0, ""n_complement_units"": 100, ""n_eval_units"": 100, ""posterior_cache_key"": ""g=4_fold=0"", ""posterior_draws"": 1500, ""raw_max_control_odds"": 2.589527557831862}, ""1"": {""bar_pi"": 0.42, ""control_ess"": 31.25250416808711, ""fold_sizes"": [{""evaluation"": 100, ""fold"": 0, ""train"": 100}], ""global_fold_bb"": true, ""max_control_odds"": 4.122819800848695, ""n_clipped"": 0, ""n_complement_units"": 100, ""n_eval_units"": 100, ""posterior_cache_key"": ""g=4_fold=1"", ""posterior_draws"": 1500, ""raw_max_control_odds"": 4.122819800848695}}"
GATT,g=4_t=6,4.0,6.0,2.0,reference_fold_convolution,3.784012647789214,3.7851549019297974,0.22508808833989696,3.3247334968383537,3.4128207734218012,4.149677402219515,4.20773876434574,0.0,0.0,0.0,3.781955933041629,correction_completion,selection_obs,1,200,16,2843102186,reference_fold_convolution_rf,4.122819800848695,31.25250416808711,,"{""0"": {""bar_pi"": 0.47, ""control_ess"": 35.89874628695216, ""fold_sizes"": [{""evaluation"": 100, ""fold"": 0, ""train"": 100}], ""global_fold_bb"": true, ""max_control_odds"": 2.589527557831862, ""n_clipped"": 0, ""n_complement_units"": 100, ""n_eval_units"": 100, ""posterior_cache_key"": ""g=4_fold=0"", ""posterior_draws"": 1500, ""raw_max_control_odds"": 2.589527557831862}, ""1"": {""bar_pi"": 0.42, ""control_ess"": 31.25250416808711, ""fold_sizes"": [{""evaluation"": 100, ""fold"": 0, ""train"": 100}], ""global_fold_bb"": true, ""max_control_odds"": 4.122819800848695, ""n_clipped"": 0, ""n_complement_units"": 100, ""n_eval_units"": 100, ""posterior_cache_key"": ""g=4_fold=1"", ""posterior_draws"": 1500, ""raw_max_control_odds"": 4.122819800848695}}"
GATT,g=4_t=7,4.0,7.0,3.0,reference_fold_convolution,4.134569309859802,4.143759978264006,0.2571246774165875,3.6161641231503907,3.7116250344198165,4.537118734189892,4.609617032681375,0.0,0.0,0.0,3.781955933041629,correction_completion,selection_obs,1,200,16,2843102186,reference_fold_convolution_rf,4.122819800848695,31.25250416808711,,"{""0"": {""bar_pi"": 0.47, ""control_ess"": 35.89874628695216, ""fold_sizes"": [{""evaluation"": 100, ""fold"": 0, ""train"": 100}], ""global_fold_bb"": true, ""max_control_odds"": 2.589527557831862, ""n_clipped"": 0, ""n_complement_units"": 100, ""n_eval_units"": 100, ""posterior_cache_key"": ""g=4_fold=0"", ""posterior_draws"": 1500, ""raw_max_control_odds"": 2.589527557831862}, ""1"": {""bar_pi"": 0.42, ""control_ess"": 31.25250416808711, ""fold_sizes"": [{""evaluation"": 100, ""fold"": 0, ""train"": 100}], ""global_fold_bb"": true, ""max_control_odds"": 4.122819800848695, ""n_clipped"": 0, ""n_complement_units"": 100, ""n_eval_units"": 100, ""posterior_cache_key"": ""g=4_fold=1"", ""posterior_draws"": 1500, ""raw_max_control_odds"": 4.122819800848695}}"
ES,k=0,,,0.0,reference_fold_convolution,3.5587546596020765,3.564667135891285,0.2449937603926684,3.0538929777474233,3.141449868692732,3.9338792681365193,4.040250047939766,0.0,0.0,0.0,3.781955933041629,correction_completion,selection_obs,1,200,16,2843102186,reference_fold_convolution_rf,,,,{}
ES,k=1,,,1.0,reference_fold_convolution,3.679746899178374,3.6827579076574324,0.23978022496982207,3.2015477392358087,3.2977364845201977,4.0797296067483915,4.132884098085055,0.0,0.0,0.0,3.781955933041629,correction_completion,selection_obs,1,200,16,2843102186,reference_fold_convolution_rf,,,,{}
ES,k=2,,,2.0,reference_fold_convolution,3.784012647789214,3.7851549019297974,0.22508808833989696,3.3247334968383537,3.4128207734218012,4.149677402219515,4.20773876434574,0.0,0.0,0.0,3.781955933041629,correction_completion,selection_obs,1,200,16,2843102186,reference_fold_convolution_rf,,,,{}
ES,k=3,,,3.0,reference_fold_convolution,4.134569309859802,4.143759978264006,0.2571246774165875,3.6161641231503907,3.7116250344198165,4.537118734189892,4.609617032681375,0.0,0.0,0.0,3.781955933041629,correction_completion,selection_obs,1,200,16,2843102186,reference_fold_convolution_rf,,,,{}
ATT,ATT,,,,reference_fold_convolution,3.789270879107366,3.791923463004938,0.19809894471785686,3.400666742568833,3.45768532649468,4.10744585713569,4.176711319453039,0.0,0.0,0.0,3.781955933041629,correction_completion,selection_obs,1,200,16,2843102186,reference_fold_convolution_rf,,,,{}
GATT,g=4_t=4,4.0,4.0,0.0,raw_structured,3.860160540385097,3.8631647357714924,0.21750741538812826,3.4353519692544796,3.493258207674786,4.2127175600149,4.278618120575224,0.0,0.0,0.0,3.793553861790438,correction_completion,serial_sweep,1,50,0,1635269914,raw_structured,,,,
GATT,g=4_t=5,4.0,5.0,1.0,raw_structured,3.83572035756161,3.8482708336114113,0.20991006502551657,3.396870661563255,3.480488641556852,4.16781398613832,4.237092201758162,0.0,0.0,0.0,3.793553861790438,correction_completion,serial_sweep,1,50,0,1635269914,raw_structured,,,,
GATT,g=4_t=6,4.0,6.0,2.0,raw_structured,3.874245260709338,3.878093483758686,0.21848857452716047,3.429902558934484,3.4965858817816553,4.233680912443269,4.312520734118114,0.0,0.0,0.0,3.793553861790438,correction_completion,serial_sweep,1,50,0,1635269914,raw_structured,,,,
GATT,g=4_t=7,4.0,7.0,3.0,raw_structured,3.920750599904059,3.923444099030039,0.2422399292334309,3.443852446690438,3.499948580724765,4.321374604014523,4.404916994884142,0.0,0.0,0.0,3.793553861790438,correction_completion,serial_sweep,1,50,0,1635269914,raw_structured,,,,
ES,k=0,,,0.0,raw_structured,3.860160540385097,3.8631647357714924,0.21750741538812826,3.4353519692544796,3.493258207674786,4.2127175600149,4.278618120575224,0.0,0.0,0.0,3.793553861790438,correction_completion,serial_sweep,1,50,0,1635269914,raw_structured,,,,
ES,k=1,,,1.0,raw_structured,3.83572035756161,3.8482708336114113,0.20991006502551657,3.396870661563255,3.480488641556852,4.16781398613832,4.237092201758162,0.0,0.0,0.0,3.793553861790438,correction_completion,serial_sweep,1,50,0,1635269914,raw_structured,,,,
ES,k=2,,,2.0,raw_structured,3.874245260709338,3.878093483758686,0.21848857452716047,3.429902558934484,3.4965858817816553,4.233680912443269,4.312520734118114,0.0,0.0,0.0,3.793553861790438,correction_completion,serial_sweep,1,50,0,1635269914,raw_structured,,,,
ES,k=3,,,3.0,raw_structured,3.920750599904059,3.923444099030039,0.2422399292334309,3.443852446690438,3.499948580724765,4.321374604014523,4.404916994884142,0.0,0.0,0.0,3.793553861790438,correction_completion,serial_sweep,1,50,0,1635269914,raw_structured,,,,
ATT,ATT,,,,raw_structured,3.872719189640026,3.8794338822642653,0.1933129194537074,3.466001048180113,3.536959388852837,4.188182082701652,4.241046593855177,0.0,0.0,0.0,3.793553861790438,correction_completion,serial_sweep,1,50,0,1635269914,raw_structured,,,,
GATT,g=4_t=4,4.0,4.0,0.0,reference_fold_convolution,3.6366672688930386,3.6077896519293713,0.49788948962827895,2.7595746898401456,2.9103095541447153,4.427246844753704,4.69449208312273,0.0,0.0,0.0,3.793553861790438,correction_completion,serial_sweep,1,50,0,1635269914,reference_fold_convolution_rf,1.8392491448215647,8.999507528098697,,"{""0"": {""bar_pi"": 0.64, ""control_ess"": 8.999507528098697, ""fold_sizes"": [{""evaluation"": 25, ""fold"": 0, ""train"": 25}], ""global_fold_bb"": true, ""max_control_odds"": 0.6885319749506865, ""n_clipped"": 0, ""n_complement_units"": 25, ""n_eval_units"": 25, ""posterior_cache_key"": ""g=4_fold=0"", ""posterior_draws"": 1500, ""raw_max_control_odds"": 0.6885319749506865}, ""1"": {""bar_pi"": 0.4, ""control_ess"": 14.998682634030862, ""fold_sizes"": [{""evaluation"": 25, ""fold"": 0, ""train"": 25}], ""global_fold_bb"": true, ""max_control_odds"": 1.8392491448215647, ""n_clipped"": 0, ""n_complement_units"": 25, ""n_eval_units"": 25, ""posterior_cache_key"": ""g=4_fold=1"", ""posterior_draws"": 1500, ""raw_max_control_odds"": 1.8392491448215647}}"
GATT,g=4_t=5,4.0,5.0,1.0,reference_fold_convolution,3.2756132005791683,3.2554989615137,0.5208181464157359,2.3239600485185377,2.488961948873941,4.080013126397261,4.361212977435963,0.0,0.0,0.0,3.793553861790438,correction_completion,serial_sweep,1,50,0,1635269914,reference_fold_convolution_rf,1.8392491448215647,8.999507528098697,,"{""0"": {""bar_pi"": 0.64, ""control_ess"": 8.999507528098697, ""fold_sizes"": [{""evaluation"": 25, ""fold"": 0, ""train"": 25}], ""global_fold_bb"": true, ""max_control_odds"": 0.6885319749506865, ""n_clipped"": 0, ""n_complement_units"": 25, ""n_eval_units"": 25, ""posterior_cache_key"": ""g=4_fold=0"", ""posterior_draws"": 1500, ""raw_max_control_odds"": 0.6885319749506865}, ""1"": {""bar_pi"": 0.4, ""control_ess"": 14.998682634030862, ""fold_sizes"": [{""evaluation"": 25, ""fold"": 0, ""train"": 25}], ""global_fold_bb"": true, ""max_control_odds"": 1.8392491448215647, ""n_clipped"": 0, ""n_complement_units"": 25, ""n_eval_units"": 25, ""posterior_cache_key"": ""g=4_fold=1"", ""posterior_draws"": 1500, ""raw_max_control_odds"": 1.8392491448215647}}"
GATT,g=4_t=6,4.0,6.0,2.0,reference_fold_convolution,3.50140704462377,3.4693275038194815,0.5624614222803058,2.4690239563950858,2.6462514727900643,4.446728683405514,4.7274181198770915,0.0,0.0,0.0,3.793553861790438,correction_completion,serial_sweep,1,50,0,1635269914,reference_fold_convolution_rf,1.8392491448215647,8.999507528098697,,"{""0"": {""bar_pi"": 0.64, ""control_ess"": 8.999507528098697, ""fold_sizes"": [{""evaluation"": 25, ""fold"": 0, ""train"": 25}], ""global_fold_bb"": true, ""max_control_odds"": 0.6885319749506865, ""n_clipped"": 0, ""n_complement_units"": 25, ""n_eval_units"": 25, ""posterior_cache_key"": ""g=4_fold=0"", ""posterior_draws"": 1500, ""raw_max_control_odds"": 0.6885319749506865}, ""1"": {""bar_pi"": 0.4, ""control_ess"": 14.998682634030862, ""fold_sizes"": [{""evaluation"": 25, ""fold"": 0, ""train"": 25}], ""global_fold_bb"": true, ""max_control_odds"": 1.8392491448215647, ""n_clipped"": 0, ""n_complement_units"": 25, ""n_eval_units"": 25, ""posterior_cache_key"": ""g=4_fold=1"", ""posterior_draws"": 1500, ""raw_max_control_odds"": 1.8392491448215647}}"
GATT,g=4_t=7,4.0,7.0,3.0,reference_fold_convolution,3.339095836563299,3.3254785856132245,0.5562533843192766,2.2925204832327513,2.4394357794135377,4.255031888303009,4.497813459505235,0.0,0.0,0.0,3.793553861790438,correction_completion,serial_sweep,1,50,0,1635269914,reference_fold_convolution_rf,1.8392491448215647,8.999507528098697,,"{""0"": {""bar_pi"": 0.64, ""control_ess"": 8.999507528098697, ""fold_sizes"": [{""evaluation"": 25, ""fold"": 0, ""train"": 25}], ""global_fold_bb"": true, ""max_control_odds"": 0.6885319749506865, ""n_clipped"": 0, ""n_complement_units"": 25, ""n_eval_units"": 25, ""posterior_cache_key"": ""g=4_fold=0"", ""posterior_draws"": 1500, ""raw_max_control_odds"": 0.6885319749506865}, ""1"": {""bar_pi"": 0.4, ""control_ess"": 14.998682634030862, ""fold_sizes"": [{""evaluation"": 25, ""fold"": 0, ""train"": 25}], ""global_fold_bb"": true, ""max_control_odds"": 1.8392491448215647, ""n_clipped"": 0, ""n_complement_units"": 25, ""n_eval_units"": 25, ""posterior_cache_key"": ""g=4_fold=1"", ""posterior_draws"": 1500, ""raw_max_control_odds"": 1.8392491448215647}}"
ES,k=0,,,0.0,reference_fold_convolution,3.6366672688930386,3.6077896519293713,0.49788948962827895,2.7595746898401456,2.9103095541447153,4.427246844753704,4.69449208312273,0.0,0.0,0.0,3.793553861790438,correction_completion,serial_sweep,1,50,0,1635269914,reference_fold_convolution_rf,,,,{}
ES,k=1,,,1.0,reference_fold_convolution,3.2756132005791683,3.2554989615137,0.5208181464157359,2.3239600485185377,2.488961948873941,4.080013126397261,4.361212977435963,0.0,0.0,0.0,3.793553861790438,correction_completion,serial_sweep,1,50,0,1635269914,reference_fold_convolution_rf,,,,{}
ES,k=2,,,2.0,reference_fold_convolution,3.50140704462377,3.4693275038194815,0.5624614222803058,2.4690239563950858,2.6462514727900643,4.446728683405514,4.7274181198770915,0.0,0.0,0.0,3.793553861790438,correction_completion,serial_sweep,1,50,0,1635269914,reference_fold_convolution_rf,,,,{}
ES,k=3,,,3.0,reference_fold_convolution,3.339095836563299,3.3254785856132245,0.5562533843192766,2.2925204832327513,2.4394357794135377,4.255031888303009,4.497813459505235,0.0,0.0,0.0,3.793553861790438,correction_completion,serial_sweep,1,50,0,1635269914,reference_fold_convolution_rf,,,,{}
ATT,ATT,,,,reference_fold_convolution,3.438195837664819,3.4298510361516152,0.45337136910507836,2.6001659295293034,2.7466074909068623,4.149312512467026,4.4252336603567555,0.0,0.0,0.0,3.793553861790438,correction_completion,serial_sweep,1,50,0,1635269914,reference_fold_convolution_rf,,,,{}
GATT,g=4_t=4,4.0,4.0,0.0,raw_structured,3.949460103589348,3.950924276740957,0.2235459815585576,3.5228462442663386,3.580542933472314,4.3143370650577895,4.392168947426241,0.0,0.0,0.0,3.6319133444152882,correction_completion,serial_sweep,2,50,84,3600181366,raw_structured,,,,
GATT,g=4_t=5,4.0,5.0,1.0,raw_structured,3.8182655595401855,3.821253991622419,0.2104961752305555,3.3981070600913075,3.459811644928152,4.150303094411224,4.227313898909184,0.0,0.0,0.0,3.6319133444152882,correction_completion,serial_sweep,2,50,84,3600181366,raw_structured,,,,
GATT,g=4_t=6,4.0,6.0,2.0,raw_structured,3.777369170503321,3.7851833608783982,0.21428101996138668,3.3406442748985374,3.422667902534429,4.115517926201852,4.211548783300777,0.0,0.0,0.0,3.6319133444152882,correction_completion,serial_sweep,2,50,84,3600181366,raw_structured,,,,
GATT,g=4_t=7,4.0,7.0,3.0,raw_structured,3.780927285188889,3.7835885781582563,0.23568581532298838,3.295781976279322,3.3839674723509225,4.161371143386186,4.259850896740201,0.0,0.0,0.0,3.6319133444152882,correction_completion,serial_sweep,2,50,84,3600181366,raw_structured,,,,
ES,k=0,,,0.0,raw_structured,3.949460103589348,3.950924276740957,0.2235459815585576,3.5228462442663386,3.580542933472314,4.3143370650577895,4.392168947426241,0.0,0.0,0.0,3.6319133444152882,correction_completion,serial_sweep,2,50,84,3600181366,raw_structured,,,,
ES,k=1,,,1.0,raw_structured,3.8182655595401855,3.821253991622419,0.2104961752305555,3.3981070600913075,3.459811644928152,4.150303094411224,4.227313898909184,0.0,0.0,0.0,3.6319133444152882,correction_completion,serial_sweep,2,50,84,3600181366,raw_structured,,,,
ES,k=2,,,2.0,raw_structured,3.777369170503321,3.7851833608783982,0.21428101996138668,3.3406442748985374,3.422667902534429,4.115517926201852,4.211548783300777,0.0,0.0,0.0,3.6319133444152882,correction_completion,serial_sweep,2,50,84,3600181366,raw_structured,,,,
ES,k=3,,,3.0,raw_structured,3.780927285188889,3.7835885781582563,0.23568581532298838,3.295781976279322,3.3839674723509225,4.161371143386186,4.259850896740201,0.0,0.0,0.0,3.6319133444152882,correction_completion,serial_sweep,2,50,84,3600181366,raw_structured,,,,
ATT,ATT,,,,raw_structured,3.8315055297054355,3.83430328196374,0.18798328525314822,3.4538354510945357,3.5155822566314474,4.142478733724593,4.216712737533611,0.0,0.0,0.0,3.6319133444152882,correction_completion,serial_sweep,2,50,84,3600181366,raw_structured,,,,
GATT,g=4_t=4,4.0,4.0,0.0,reference_fold_convolution,3.866168932216669,3.844944659873031,0.4360479770937898,3.076112607199724,3.201122952610631,4.623984128641786,4.808489050328117,0.0,0.0,0.0,3.6319133444152882,correction_completion,serial_sweep,2,50,84,3600181366,reference_fold_convolution_rf,0.8118935880868985,13.999858229221072,,"{""0"": {""bar_pi"": 0.36, ""control_ess"": 15.998955710912027, ""fold_sizes"": [{""evaluation"": 25, ""fold"": 0, ""train"": 25}], ""global_fold_bb"": true, ""max_control_odds"": 0.8118935880868985, ""n_clipped"": 0, ""n_complement_units"": 25, ""n_eval_units"": 25, ""posterior_cache_key"": ""g=4_fold=0"", ""posterior_draws"": 1500, ""raw_max_control_odds"": 0.8118935880868985}, ""1"": {""bar_pi"": 0.44, ""control_ess"": 13.999858229221072, ""fold_sizes"": [{""evaluation"": 25, ""fold"": 0, ""train"": 25}], ""global_fold_bb"": true, ""max_control_odds"": 0.5832539707289923, ""n_clipped"": 0, ""n_complement_units"": 25, ""n_eval_units"": 25, ""posterior_cache_key"": ""g=4_fold=1"", ""posterior_draws"": 1500, ""raw_max_control_odds"": 0.5832539707289923}}"
GATT,g=4_t=5,4.0,5.0,1.0,reference_fold_convolution,3.7461786131524706,3.743047868788527,0.5048035589664921,2.770002916708634,2.8973474111751925,4.551622925384682,4.776654164947136,0.0,0.0,0.0,3.6319133444152882,correction_completion,serial_sweep,2,50,84,3600181366,reference_fold_convolution_rf,0.8118935880868985,13.999858229221072,,"{""0"": {""bar_pi"": 0.36, ""control_ess"": 15.998955710912027, ""fold_sizes"": [{""evaluation"": 25, ""fold"": 0, ""train"": 25}], ""global_fold_bb"": true, ""max_control_odds"": 0.8118935880868985, ""n_clipped"": 0, ""n_complement_units"": 25, ""n_eval_units"": 25, ""posterior_cache_key"": ""g=4_fold=0"", ""posterior_draws"": 1500, ""raw_max_control_odds"": 0.8118935880868985}, ""1"": {""bar_pi"": 0.44, ""control_ess"": 13.999858229221072, ""fold_sizes"": [{""evaluation"": 25, ""fold"": 0, ""train"": 25}], ""global_fold_bb"": true, ""max_control_odds"": 0.5832539707289923, ""n_clipped"": 0, ""n_complement_units"": 25, ""n_eval_units"": 25, ""posterior_cache_key"": ""g=4_fold=1"", ""posterior_draws"": 1500, ""raw_max_control_odds"": 0.5832539707289923}}"
GATT,g=4_t=6,4.0,6.0,2.0,reference_fold_convolution,3.524092020230791,3.537131570844699,0.5135274688362776,2.509025958434418,2.6676116189056347,4.349467505943501,4.547950090440945,0.0,0.0,0.0,3.6319133444152882,correction_completion,serial_sweep,2,50,84,3600181366,reference_fold_convolution_rf,0.8118935880868985,13.999858229221072,,"{""0"": {""bar_pi"": 0.36, ""control_ess"": 15.998955710912027, ""fold_sizes"": [{""evaluation"": 25, ""fold"": 0, ""train"": 25}], ""global_fold_bb"": true, ""max_control_odds"": 0.8118935880868985, ""n_clipped"": 0, ""n_complement_units"": 25, ""n_eval_units"": 25, ""posterior_cache_key"": ""g=4_fold=0"", ""posterior_draws"": 1500, ""raw_max_control_odds"": 0.8118935880868985}, ""1"": {""bar_pi"": 0.44, ""control_ess"": 13.999858229221072, ""fold_sizes"": [{""evaluation"": 25, ""fold"": 0, ""train"": 25}], ""global_fold_bb"": true, ""max_control_odds"": 0.5832539707289923, ""n_clipped"": 0, ""n_complement_units"": 25, ""n_eval_units"": 25, ""posterior_cache_key"": ""g=4_fold=1"", ""posterior_draws"": 1500, ""raw_max_control_odds"": 0.5832539707289923}}"
GATT,g=4_t=7,4.0,7.0,3.0,reference_fold_convolution,3.5764031372546876,3.56133282909323,0.5323534547382908,2.5972783268044446,2.7342141163210036,4.513667487971032,4.709987905392846,0.0,0.0,0.0,3.6319133444152882,correction_completion,serial_sweep,2,50,84,3600181366,reference_fold_convolution_rf,0.8118935880868985,13.999858229221072,,"{""0"": {""bar_pi"": 0.36, ""control_ess"": 15.998955710912027, ""fold_sizes"": [{""evaluation"": 25, ""fold"": 0, ""train"": 25}], ""global_fold_bb"": true, ""max_control_odds"": 0.8118935880868985, ""n_clipped"": 0, ""n_complement_units"": 25, ""n_eval_units"": 25, ""posterior_cache_key"": ""g=4_fold=0"", ""posterior_draws"": 1500, ""raw_max_control_odds"": 0.8118935880868985}, ""1"": {""bar_pi"": 0.44, ""control_ess"": 13.999858229221072, ""fold_sizes"": [{""evaluation"": 25, ""fold"": 0, ""train"": 25}], ""global_fold_bb"": true, ""max_control_odds"": 0.5832539707289923, ""n_clipped"": 0, ""n_complement_units"": 25, ""n_eval_units"": 25, ""posterior_cache_key"": ""g=4_fold=1"", ""posterior_draws"": 1500, ""raw_max_control_odds"": 0.5832539707289923}}"
ES,k=0,,,0.0,reference_fold_convolution,3.866168932216669,3.844944659873031,0.4360479770937898,3.076112607199724,3.201122952610631,4.623984128641786,4.808489050328117,0.0,0.0,0.0,3.6319133444152882,correction_completion,serial_sweep,2,50,84,3600181366,reference_fold_convolution_rf,,,,{}
ES,k=1,,,1.0,reference_fold_convolution,3.7461786131524706,3.743047868788527,0.5048035589664921,2.770002916708634,2.8973474111751925,4.551622925384682,4.776654164947136,0.0,0.0,0.0,3.6319133444152882,correction_completion,serial_sweep,2,50,84,3600181366,reference_fold_convolution_rf,,,,{}
ES,k=2,,,2.0,reference_fold_convolution,3.524092020230791,3.537131570844699,0.5135274688362776,2.509025958434418,2.6676116189056347,4.349467505943501,4.547950090440945,0.0,0.0,0.0,3.6319133444152882,correction_completion,serial_sweep,2,50,84,3600181366,reference_fold_convolution_rf,,,,{}
ES,k=3,,,3.0,reference_fold_convolution,3.5764031372546876,3.56133282909323,0.5323534547382908,2.5972783268044446,2.7342141163210036,4.513667487971032,4.709987905392846,0.0,0.0,0.0,3.6319133444152882,correction_completion,serial_sweep,2,50,84,3600181366,reference_fold_convolution_rf,,,,{}
ATT,ATT,,,,reference_fold_convolution,3.678210675713655,3.6766690070458328,0.454550091579515,2.8111514551090906,2.9269614468011755,4.426389933662732,4.632317270026589,0.0,0.0,0.0,3.6319133444152882,correction_completion,serial_sweep,2,50,84,3600181366,reference_fold_convolution_rf,,,,{}
GATT,g=4_t=4,4.0,4.0,0.0,raw_structured,3.8034088576984937,3.8068080987398005,0.20039603485118784,3.4091096032698354,3.474583554141769,4.1313293532433,4.211981298910278,0.0,0.0,0.0,3.917201625954994,correction_completion,serial_sweep_d3,3,100,68,2778861975,raw_structured,,,,
GATT,g=4_t=5,4.0,5.0,1.0,raw_structured,3.733063279917802,3.7406664019970877,0.19140775149347702,3.351530047251585,3.40882527260316,4.036710947317798,4.088591288783243,0.0,0.0,0.0,3.917201625954994,correction_completion,serial_sweep_d3,3,100,68,2778861975,raw_structured,,,,
GATT,g=4_t=6,4.0,6.0,2.0,raw_structured,3.691848648953961,3.6955156197267436,0.1866488887065322,3.2984078981571425,3.376537546365594,3.9888603079869114,4.035323406412661,0.0,0.0,0.0,3.917201625954994,correction_completion,serial_sweep_d3,3,100,68,2778861975,raw_structured,,,,
GATT,g=4_t=7,4.0,7.0,3.0,raw_structured,3.7457436705275837,3.750043873587696,0.2036861808764962,3.321110787279892,3.4079727349994235,4.078058788366129,4.141914667042594,0.0,0.0,0.0,3.917201625954994,correction_completion,serial_sweep_d3,3,100,68,2778861975,raw_structured,,,,
ES,k=0,,,0.0,raw_structured,3.8034088576984937,3.8068080987398005,0.20039603485118784,3.4091096032698354,3.474583554141769,4.1313293532433,4.211981298910278,0.0,0.0,0.0,3.917201625954994,correction_completion,serial_sweep_d3,3,100,68,2778861975,raw_structured,,,,
ES,k=1,,,1.0,raw_structured,3.733063279917802,3.7406664019970877,0.19140775149347702,3.351530047251585,3.40882527260316,4.036710947317798,4.088591288783243,0.0,0.0,0.0,3.917201625954994,correction_completion,serial_sweep_d3,3,100,68,2778861975,raw_structured,,,,
ES,k=2,,,2.0,raw_structured,3.691848648953961,3.6955156197267436,0.1866488887065322,3.2984078981571425,3.376537546365594,3.9888603079869114,4.035323406412661,0.0,0.0,0.0,3.917201625954994,correction_completion,serial_sweep_d3,3,100,68,2778861975,raw_structured,,,,
ES,k=3,,,3.0,raw_structured,3.7457436705275837,3.750043873587696,0.2036861808764962,3.321110787279892,3.4079727349994235,4.078058788366129,4.141914667042594,0.0,0.0,0.0,3.917201625954994,correction_completion,serial_sweep_d3,3,100,68,2778861975,raw_structured,,,,
ATT,ATT,,,,raw_structured,3.7435161142744593,3.747811559102883,0.16784949853552505,3.3894197427104964,3.4514052960901895,4.0106336163836,4.064084722376444,0.0,0.0,0.0,3.917201625954993,correction_completion,serial_sweep_d3,3,100,68,2778861975,raw_structured,,,,
GATT,g=4_t=4,4.0,4.0,0.0,reference_fold_convolution,3.9725216509238224,3.9756488358984674,0.2624535403369601,3.4657268746478893,3.5410502191484627,4.420433773686609,4.519622936210391,0.0,0.0,0.0,3.917201625954994,correction_completion,serial_sweep_d3,3,100,68,2778861975,reference_fold_convolution_rf,2.5341230305312137,19.33226646181435,,"{""0"": {""bar_pi"": 0.58, ""control_ess"": 19.33226646181435, ""fold_sizes"": [{""evaluation"": 50, ""fold"": 0, ""train"": 50}], ""global_fold_bb"": true, ""max_control_odds"": 1.6688716615315224, ""n_clipped"": 0, ""n_complement_units"": 50, ""n_eval_units"": 50, ""posterior_cache_key"": ""g=4_fold=0"", ""posterior_draws"": 1500, ""raw_max_control_odds"": 1.6688716615315224}, ""1"": {""bar_pi"": 0.5, ""control_ess"": 22.387087581216047, ""fold_sizes"": [{""evaluation"": 50, ""fold"": 0, ""train"": 50}], ""global_fold_bb"": true, ""max_control_odds"": 2.5341230305312137, ""n_clipped"": 0, ""n_complement_units"": 50, ""n_eval_units"": 50, ""posterior_cache_key"": ""g=4_fold=1"", ""posterior_draws"": 1500, ""raw_max_control_odds"": 2.5341230305312137}}"
GATT,g=4_t=5,4.0,5.0,1.0,reference_fold_convolution,3.750074937169542,3.7562296084550333,0.3140672364854054,3.1017958603202778,3.223017769024034,4.260723030085085,4.379331224342855,0.0,0.0,0.0,3.917201625954994,correction_completion,serial_sweep_d3,3,100,68,2778861975,reference_fold_convolution_rf,2.5341230305312137,19.33226646181435,,"{""0"": {""bar_pi"": 0.58, ""control_ess"": 19.33226646181435, ""fold_sizes"": [{""evaluation"": 50, ""fold"": 0, ""train"": 50}], ""global_fold_bb"": true, ""max_control_odds"": 1.6688716615315224, ""n_clipped"": 0, ""n_complement_units"": 50, ""n_eval_units"": 50, ""posterior_cache_key"": ""g=4_fold=0"", ""posterior_draws"": 1500, ""raw_max_control_odds"": 1.6688716615315224}, ""1"": {""bar_pi"": 0.5, ""control_ess"": 22.387087581216047, ""fold_sizes"": [{""evaluation"": 50, ""fold"": 0, ""train"": 50}], ""global_fold_bb"": true, ""max_control_odds"": 2.5341230305312137, ""n_clipped"": 0, ""n_complement_units"": 50, ""n_eval_units"": 50, ""posterior_cache_key"": ""g=4_fold=1"", ""posterior_draws"": 1500, ""raw_max_control_odds"": 2.5341230305312137}}"
GATT,g=4_t=6,4.0,6.0,2.0,reference_fold_convolution,3.4954077256099185,3.4953207986187773,0.30229072961483777,2.8656809038473106,2.994247509490388,4.000601049954856,4.087007616100806,0.0,0.0,0.0,3.917201625954994,correction_completion,serial_sweep_d3,3,100,68,2778861975,reference_fold_convolution_rf,2.5341230305312137,19.33226646181435,,"{""0"": {""bar_pi"": 0.58, ""control_ess"": 19.33226646181435, ""fold_sizes"": [{""evaluation"": 50, ""fold"": 0, ""train"": 50}], ""global_fold_bb"": true, ""max_control_odds"": 1.6688716615315224, ""n_clipped"": 0, ""n_complement_units"": 50, ""n_eval_units"": 50, ""posterior_cache_key"": ""g=4_fold=0"", ""posterior_draws"": 1500, ""raw_max_control_odds"": 1.6688716615315224}, ""1"": {""bar_pi"": 0.5, ""control_ess"": 22.387087581216047, ""fold_sizes"": [{""evaluation"": 50, ""fold"": 0, ""train"": 50}], ""global_fold_bb"": true, ""max_control_odds"": 2.5341230305312137, ""n_clipped"": 0, ""n_complement_units"": 50, ""n_eval_units"": 50, ""posterior_cache_key"": ""g=4_fold=1"", ""posterior_draws"": 1500, ""raw_max_control_odds"": 2.5341230305312137}}"
GATT,g=4_t=7,4.0,7.0,3.0,reference_fold_convolution,3.9705612560315307,3.9646682329919187,0.28947421014251623,3.4111999459366933,3.495952240733329,4.463374990081653,4.5632309255638654,0.0,0.0,0.0,3.917201625954994,correction_completion,serial_sweep_d3,3,100,68,2778861975,reference_fold_convolution_rf,2.5341230305312137,19.33226646181435,,"{""0"": {""bar_pi"": 0.58, ""control_ess"": 19.33226646181435, ""fold_sizes"": [{""evaluation"": 50, ""fold"": 0, ""train"": 50}], ""global_fold_bb"": true, ""max_control_odds"": 1.6688716615315224, ""n_clipped"": 0, ""n_complement_units"": 50, ""n_eval_units"": 50, ""posterior_cache_key"": ""g=4_fold=0"", ""posterior_draws"": 1500, ""raw_max_control_odds"": 1.6688716615315224}, ""1"": {""bar_pi"": 0.5, ""control_ess"": 22.387087581216047, ""fold_sizes"": [{""evaluation"": 50, ""fold"": 0, ""train"": 50}], ""global_fold_bb"": true, ""max_control_odds"": 2.5341230305312137, ""n_clipped"": 0, ""n_complement_units"": 50, ""n_eval_units"": 50, ""posterior_cache_key"": ""g=4_fold=1"", ""posterior_draws"": 1500, ""raw_max_control_odds"": 2.5341230305312137}}"
ES,k=0,,,0.0,reference_fold_convolution,3.9725216509238224,3.9756488358984674,0.2624535403369601,3.4657268746478893,3.5410502191484627,4.420433773686609,4.519622936210391,0.0,0.0,0.0,3.917201625954994,correction_completion,serial_sweep_d3,3,100,68,2778861975,reference_fold_convolution_rf,,,,{}
ES,k=1,,,1.0,reference_fold_convolution,3.750074937169542,3.7562296084550333,0.3140672364854054,3.1017958603202778,3.223017769024034,4.260723030085085,4.379331224342855,0.0,0.0,0.0,3.917201625954994,correction_completion,serial_sweep_d3,3,100,68,2778861975,reference_fold_convolution_rf,,,,{}
ES,k=2,,,2.0,reference_fold_convolution,3.4954077256099185,3.4953207986187773,0.30229072961483777,2.8656809038473106,2.994247509490388,4.000601049954856,4.087007616100806,0.0,0.0,0.0,3.917201625954994,correction_completion,serial_sweep_d3,3,100,68,2778861975,reference_fold_convolution_rf,,,,{}
ES,k=3,,,3.0,reference_fold_convolution,3.9705612560315307,3.9646682329919187,0.28947421014251623,3.4111999459366933,3.495952240733329,4.463374990081653,4.5632309255638654,0.0,0.0,0.0,3.917201625954994,correction_completion,serial_sweep_d3,3,100,68,2778861975,reference_fold_convolution_rf,,,,{}
ATT,ATT,,,,reference_fold_convolution,3.797141392433703,3.7908214568098098,0.25516783417246885,3.262914951476166,3.3887045497271666,4.220203594322862,4.319301327258776,0.0,0.0,0.0,3.917201625954993,correction_completion,serial_sweep_d3,3,100,68,2778861975,reference_fold_convolution_rf,,,,{}
GATT,g=4_t=4,4.0,4.0,0.0,raw_structured,2.8399528410476553,2.8333799350578723,0.19545466148958146,2.477238200251671,2.53229606782534,3.1645990108144315,3.2528945742768154,0.0,0.0,0.0,2.7295579565292303,correction_completion,staggered,2,200,52,1750701786,raw_structured,,,,
GATT,g=4_t=5,4.0,5.0,1.0,raw_structured,4.193097263979515,4.187960089275364,0.1862071668873899,3.844107649434864,3.905586101715571,4.509444693465062,4.571760060471387,0.0,0.0,0.0,3.8213811391409225,correction_completion,staggered,2,200,52,1750701786,raw_structured,,,,
GATT,g=4_t=6,4.0,6.0,2.0,raw_structured,5.321883246215359,5.3190443675163515,0.19753983407417128,4.9487999419418065,5.0076089472962115,5.645752855939862,5.707891070886907,0.0,0.0,0.0,4.913204321752614,correction_completion,staggered,2,200,52,1750701786,raw_structured,,,,
GATT,g=4_t=7,4.0,7.0,3.0,raw_structured,5.528892020729531,5.515427009188596,0.2526826658608305,5.084861444779012,5.130038641476401,5.950893442661599,6.056125912440318,0.0,0.0,0.0,6.005027504364307,correction_completion,staggered,2,200,52,1750701786,raw_structured,,,,
GATT,g=5_t=5,5.0,5.0,0.0,raw_structured,4.813708525263983,4.817005331241578,0.16302241017793317,4.497056353657329,4.548573105255614,5.076124653552842,5.117495527466481,0.0,0.0,0.0,4.26422111340268,correction_completion,staggered,2,200,52,1750701786,raw_structured,,,,
GATT,g=5_t=6,5.0,6.0,1.0,raw_structured,6.259547999440197,6.263883403683558,0.18466950346879077,5.906047611036,5.961757249927531,6.556418481737747,6.6087948571562665,0.0,0.0,0.0,5.969909558763751,correction_completion,staggered,2,200,52,1750701786,raw_structured,,,,
GATT,g=5_t=7,5.0,7.0,2.0,raw_structured,7.394370524765615,7.394483573559199,0.2149034832711037,6.973192884235878,7.040574758096368,7.745461722357208,7.806488226491813,0.0,0.0,0.0,7.675598004124823,correction_completion,staggered,2,200,52,1750701786,raw_structured,,,,
GATT,g=6_t=6,6.0,6.0,0.0,raw_structured,5.451707492669228,5.451549032219887,0.17033935596893168,5.112453310508418,5.171981388007773,5.723517640125817,5.770713028515821,0.0,0.0,0.0,5.384464101695215,correction_completion,staggered,2,200,52,1750701786,raw_structured,,,,
GATT,g=6_t=7,6.0,7.0,1.0,raw_structured,6.850019377271715,6.853530749177776,0.19881335617843868,6.441337308805403,6.515785220065473,7.171357560677049,7.237744277321065,0.0,0.0,0.0,7.538249742373302,correction_completion,staggered,2,200,52,1750701786,raw_structured,,,,
ES,k=0,,,0.0,raw_structured,4.43214802671191,4.429864264692213,0.12074990708351069,4.2018116436556205,4.229877502445399,4.626310357795824,4.670741970836452,0.0,0.0,0.0,4.186234331281198,correction_completion,staggered,2,200,52,1750701786,raw_structured,,,,
ES,k=1,,,1.0,raw_structured,5.832918037736286,5.829478907258077,0.14343726061893844,5.558907240958291,5.600265228086017,6.0732102959752226,6.113719175646593,0.0,0.0,0.0,5.860728063793675,correction_completion,staggered,2,200,52,1750701786,raw_structured,,,,
ES,k=2,,,2.0,raw_structured,6.4163428202812245,6.416658393134943,0.18120817262985195,6.072648944393783,6.118634195101541,6.700355614744189,6.765927021178064,0.0,0.0,0.0,6.371996491095243,correction_completion,staggered,2,200,52,1750701786,raw_structured,,,,
ES,k=3,,,3.0,raw_structured,5.528892020729531,5.515427009188596,0.2526826658608305,5.084861444779012,5.130038641476401,5.950893442661599,6.056125912440318,0.0,0.0,0.0,6.005027504364307,correction_completion,staggered,2,200,52,1750701786,raw_structured,,,,
ATT,ATT,,,,raw_structured,5.455758090629807,5.456940310381437,0.11870949759282969,5.227764262133985,5.261639383420054,5.654220645713071,5.684756081087317,0.0,0.0,0.0,5.421611582755642,correction_completion,staggered,2,200,52,1750701786,raw_structured,,,,
GATT,g=6_t=6,6.0,6.0,0.0,reference_fold_convolution,5.4711771033148935,5.473561108542374,0.3481952702262232,4.80238976997539,4.903626597247318,6.014017074447342,6.140028352007491,0.0,0.0,0.0,5.384464101695215,correction_completion,staggered,2,200,52,1750701786,reference_fold_convolution_rf,1.2517960614524086,24.120247090052423,,"{""0"": {""bar_pi"": 0.46938775510204084, ""control_ess"": 24.120247090052423, ""fold_sizes"": [{""evaluation"": 49, ""fold"": 0, ""train"": 62}], ""global_fold_bb"": true, ""max_control_odds"": 1.2517960614524086, ""n_clipped"": 0, ""n_complement_units"": 62, ""n_eval_units"": 49, ""posterior_cache_key"": ""g=6_fold=0"", ""posterior_draws"": 1500, ""raw_max_control_odds"": 1.2517960614524086}, ""1"": {""bar_pi"": 0.4032258064516129, ""control_ess"": 36.13766340353459, ""fold_sizes"": [{""evaluation"": 62, ""fold"": 0, ""train"": 49}], ""global_fold_bb"": true, ""max_control_odds"": 1.1928134056385002, ""n_clipped"": 0, ""n_complement_units"": 49, ""n_eval_units"": 62, ""posterior_cache_key"": ""g=6_fold=1"", ""posterior_draws"": 1500, ""raw_max_control_odds"": 1.1928134056385002}}"
GATT,g=6_t=7,6.0,7.0,1.0,reference_fold_convolution,7.102835053978886,7.100484120531825,0.43398713618185225,6.244006977490115,6.392724332576996,7.8170661170586,7.956504479690307,0.0,0.0,0.0,7.538249742373302,correction_completion,staggered,2,200,52,1750701786,reference_fold_convolution_rf,1.2517960614524086,24.120247090052423,,"{""0"": {""bar_pi"": 0.46938775510204084, ""control_ess"": 24.120247090052423, ""fold_sizes"": [{""evaluation"": 49, ""fold"": 0, ""train"": 62}], ""global_fold_bb"": true, ""max_control_odds"": 1.2517960614524086, ""n_clipped"": 0, ""n_complement_units"": 62, ""n_eval_units"": 49, ""posterior_cache_key"": ""g=6_fold=0"", ""posterior_draws"": 1500, ""raw_max_control_odds"": 1.2517960614524086}, ""1"": {""bar_pi"": 0.4032258064516129, ""control_ess"": 36.13766340353459, ""fold_sizes"": [{""evaluation"": 62, ""fold"": 0, ""train"": 49}], ""global_fold_bb"": true, ""max_control_odds"": 1.1928134056385002, ""n_clipped"": 0, ""n_complement_units"": 49, ""n_eval_units"": 62, ""posterior_cache_key"": ""g=6_fold=1"", ""posterior_draws"": 1500, ""raw_max_control_odds"": 1.1928134056385002}}"
GATT,g=5_t=5,5.0,5.0,0.0,reference_fold_convolution,4.312451019085067,4.327389038225563,0.38332393691529604,3.5120314763487546,3.6844649355354986,4.884895640856764,5.028878461406768,0.0,0.0,0.0,4.26422111340268,correction_completion,staggered,2,200,52,1750701786,reference_fold_convolution_rf,1.4665612751431953,23.097762235002175,,"{""0"": {""bar_pi"": 0.5185185185185185, ""control_ess"": 23.097762235002175, ""fold_sizes"": [{""evaluation"": 54, ""fold"": 0, ""train"": 56}], ""global_fold_bb"": true, ""max_control_odds"": 1.1144314597815876, ""n_clipped"": 0, ""n_complement_units"": 56, ""n_eval_units"": 54, ""posterior_cache_key"": ""g=5_fold=0"", ""posterior_draws"": 1500, ""raw_max_control_odds"": 1.1144314597815876}, ""1"": {""bar_pi"": 0.3392857142857143, ""control_ess"": 35.963550931198924, ""fold_sizes"": [{""evaluation"": 56, ""fold"": 0, ""train"": 54}], ""global_fold_bb"": true, ""max_control_odds"": 1.4665612751431953, ""n_clipped"": 0, ""n_complement_units"": 54, ""n_eval_units"": 56, ""posterior_cache_key"": ""g=5_fold=1"", ""posterior_draws"": 1500, ""raw_max_control_odds"": 1.4665612751431953}}"
GATT,g=5_t=6,5.0,6.0,1.0,reference_fold_convolution,6.206689981870951,6.2258523293295145,0.4481515852718864,5.296318015190225,5.45345236378401,6.897886565605459,7.041317997045187,0.0,0.0,0.0,5.969909558763751,correction_completion,staggered,2,200,52,1750701786,reference_fold_convolution_rf,1.4665612751431953,23.097762235002175,,"{""0"": {""bar_pi"": 0.5185185185185185, ""control_ess"": 23.097762235002175, ""fold_sizes"": [{""evaluation"": 54, ""fold"": 0, ""train"": 56}], ""global_fold_bb"": true, ""max_control_odds"": 1.1144314597815876, ""n_clipped"": 0, ""n_complement_units"": 56, ""n_eval_units"": 54, ""posterior_cache_key"": ""g=5_fold=0"", ""posterior_draws"": 1500, ""raw_max_control_odds"": 1.1144314597815876}, ""1"": {""bar_pi"": 0.3392857142857143, ""control_ess"": 35.963550931198924, ""fold_sizes"": [{""evaluation"": 56, ""fold"": 0, ""train"": 54}], ""global_fold_bb"": true, ""max_control_odds"": 1.4665612751431953, ""n_clipped"": 0, ""n_complement_units"": 54, ""n_eval_units"": 56, ""posterior_cache_key"": ""g=5_fold=1"", ""posterior_draws"": 1500, ""raw_max_control_odds"": 1.4665612751431953}}"
GATT,g=5_t=7,5.0,7.0,2.0,reference_fold_convolution,7.710107161729354,7.696693065518006,0.518759531484765,6.725873228264406,6.905679609952106,8.520559427304768,8.740613225069868,0.0,0.0,0.0,7.675598004124823,correction_completion,staggered,2,200,52,1750701786,reference_fold_convolution_rf,1.4665612751431953,23.097762235002175,,"{""0"": {""bar_pi"": 0.5185185185185185, ""control_ess"": 23.097762235002175, ""fold_sizes"": [{""evaluation"": 54, ""fold"": 0, ""train"": 56}], ""global_fold_bb"": true, ""max_control_odds"": 1.1144314597815876, ""n_clipped"": 0, ""n_complement_units"": 56, ""n_eval_units"": 54, ""posterior_cache_key"": ""g=5_fold=0"", ""posterior_draws"": 1500, ""raw_max_control_odds"": 1.1144314597815876}, ""1"": {""bar_pi"": 0.3392857142857143, ""control_ess"": 35.963550931198924, ""fold_sizes"": [{""evaluation"": 56, ""fold"": 0, ""train"": 54}], ""global_fold_bb"": true, ""max_control_odds"": 1.4665612751431953, ""n_clipped"": 0, ""n_complement_units"": 54, ""n_eval_units"": 56, ""posterior_cache_key"": ""g=5_fold=1"", ""posterior_draws"": 1500, ""raw_max_control_odds"": 1.4665612751431953}}"
GATT,g=4_t=4,4.0,4.0,0.0,reference_fold_convolution,3.2083085660342525,3.208993537763943,0.37122973148187866,2.5001561547066404,2.6284983980990577,3.817542091631225,3.9541074991869123,0.0,0.0,0.0,2.7295579565292303,correction_completion,staggered,2,200,52,1750701786,reference_fold_convolution_rf,1.217882166975903,22.651286586521543,,"{""0"": {""bar_pi"": 0.46938775510204084, ""control_ess"": 22.651286586521543, ""fold_sizes"": [{""evaluation"": 49, ""fold"": 0, ""train"": 56}], ""global_fold_bb"": true, ""max_control_odds"": 1.146489069224074, ""n_clipped"": 0, ""n_complement_units"": 56, ""n_eval_units"": 49, ""posterior_cache_key"": ""g=4_fold=0"", ""posterior_draws"": 1500, ""raw_max_control_odds"": 1.146489069224074}, ""1"": {""bar_pi"": 0.3392857142857143, ""control_ess"": 35.62774293789053, ""fold_sizes"": [{""evaluation"": 56, ""fold"": 0, ""train"": 49}], ""global_fold_bb"": true, ""max_control_odds"": 1.217882166975903, ""n_clipped"": 0, ""n_complement_units"": 49, ""n_eval_units"": 56, ""posterior_cache_key"": ""g=4_fold=1"", ""posterior_draws"": 1500, ""raw_max_control_odds"": 1.217882166975903}}"
GATT,g=4_t=5,4.0,5.0,1.0,reference_fold_convolution,4.088763465878619,4.087094663455696,0.3501953109710861,3.4086939205655535,3.5264204356282254,4.6743058442377645,4.784434905077969,0.0,0.0,0.0,3.8213811391409225,correction_completion,staggered,2,200,52,1750701786,reference_fold_convolution_rf,1.217882166975903,22.651286586521543,,"{""0"": {""bar_pi"": 0.46938775510204084, ""control_ess"": 22.651286586521543, ""fold_sizes"": [{""evaluation"": 49, ""fold"": 0, ""train"": 56}], ""global_fold_bb"": true, ""max_control_odds"": 1.146489069224074, ""n_clipped"": 0, ""n_complement_units"": 56, ""n_eval_units"": 49, ""posterior_cache_key"": ""g=4_fold=0"", ""posterior_draws"": 1500, ""raw_max_control_odds"": 1.146489069224074}, ""1"": {""bar_pi"": 0.3392857142857143, ""control_ess"": 35.62774293789053, ""fold_sizes"": [{""evaluation"": 56, ""fold"": 0, ""train"": 49}], ""global_fold_bb"": true, ""max_control_odds"": 1.217882166975903, ""n_clipped"": 0, ""n_complement_units"": 49, ""n_eval_units"": 56, ""posterior_cache_key"": ""g=4_fold=1"", ""posterior_draws"": 1500, ""raw_max_control_odds"": 1.217882166975903}}"
GATT,g=4_t=6,4.0,6.0,2.0,reference_fold_convolution,5.385998677433447,5.38703024456171,0.42596842018052294,4.551384569390005,4.702158649216179,6.092376766168893,6.230227102713922,0.0,0.0,0.0,4.913204321752614,correction_completion,staggered,2,200,52,1750701786,reference_fold_convolution_rf,1.217882166975903,22.651286586521543,,"{""0"": {""bar_pi"": 0.46938775510204084, ""control_ess"": 22.651286586521543, ""fold_sizes"": [{""evaluation"": 49, ""fold"": 0, ""train"": 56}], ""global_fold_bb"": true, ""max_control_odds"": 1.146489069224074, ""n_clipped"": 0, ""n_complement_units"": 56, ""n_eval_units"": 49, ""posterior_cache_key"": ""g=4_fold=0"", ""posterior_draws"": 1500, ""raw_max_control_odds"": 1.146489069224074}, ""1"": {""bar_pi"": 0.3392857142857143, ""control_ess"": 35.62774293789053, ""fold_sizes"": [{""evaluation"": 56, ""fold"": 0, ""train"": 49}], ""global_fold_bb"": true, ""max_control_odds"": 1.217882166975903, ""n_clipped"": 0, ""n_complement_units"": 49, ""n_eval_units"": 56, ""posterior_cache_key"": ""g=4_fold=1"", ""posterior_draws"": 1500, ""raw_max_control_odds"": 1.217882166975903}}"
GATT,g=4_t=7,4.0,7.0,3.0,reference_fold_convolution,6.05888759233159,6.05183115627158,0.4551415159680612,5.194045229050755,5.31530990769539,6.812756397322673,6.974613405736105,0.0,0.0,0.0,6.005027504364307,correction_completion,staggered,2,200,52,1750701786,reference_fold_convolution_rf,1.217882166975903,22.651286586521543,,"{""0"": {""bar_pi"": 0.46938775510204084, ""control_ess"": 22.651286586521543, ""fold_sizes"": [{""evaluation"": 49, ""fold"": 0, ""train"": 56}], ""global_fold_bb"": true, ""max_control_odds"": 1.146489069224074, ""n_clipped"": 0, ""n_complement_units"": 56, ""n_eval_units"": 49, ""posterior_cache_key"": ""g=4_fold=0"", ""posterior_draws"": 1500, ""raw_max_control_odds"": 1.146489069224074}, ""1"": {""bar_pi"": 0.3392857142857143, ""control_ess"": 35.62774293789053, ""fold_sizes"": [{""evaluation"": 56, ""fold"": 0, ""train"": 49}], ""global_fold_bb"": true, ""max_control_odds"": 1.217882166975903, ""n_clipped"": 0, ""n_complement_units"": 49, ""n_eval_units"": 56, ""posterior_cache_key"": ""g=4_fold=1"", ""posterior_draws"": 1500, ""raw_max_control_odds"": 1.217882166975903}}"
ES,k=0,,,0.0,reference_fold_convolution,4.379931814814246,4.380305988268041,0.18099871636928133,4.020614684287378,4.084222121066418,4.67343178836553,4.725987490544017,0.0,0.0,0.0,4.186234331281198,correction_completion,staggered,2,200,52,1750701786,reference_fold_convolution_rf,,,,{}
ES,k=1,,,1.0,reference_fold_convolution,5.8713764766848415,5.8685042436277115,0.22734023400671527,5.430611722317994,5.495825582866281,6.244815956550508,6.322854053127385,0.0,0.0,0.0,5.860728063793675,correction_completion,staggered,2,200,52,1750701786,reference_fold_convolution_rf,,,,{}
ES,k=2,,,2.0,reference_fold_convolution,6.613336865769487,6.60926361192198,0.3292651969088519,5.9640962884607145,6.068843667588752,7.157286462016484,7.2419903554079506,0.0,0.0,0.0,6.371996491095243,correction_completion,staggered,2,200,52,1750701786,reference_fold_convolution_rf,,,,{}
ES,k=3,,,3.0,reference_fold_convolution,6.05888759233159,6.05183115627158,0.4551415159680612,5.194045229050755,5.31530990769539,6.812756397322673,6.974613405736105,0.0,0.0,0.0,6.005027504364307,correction_completion,staggered,2,200,52,1750701786,reference_fold_convolution_rf,,,,{}
ATT,ATT,,,,reference_fold_convolution,5.54935677991799,5.5494830747563855,0.20974877198143768,5.125552900404376,5.201523628296402,5.897178187108313,5.956661883857189,0.0,0.0,0.0,5.421611582755642,correction_completion,staggered,2,200,52,1750701786,reference_fold_convolution_rf,,,,{}
GATT,g=4_t=4,4.0,4.0,0.0,raw_structured,3.805637705482286,3.8089068465762743,0.14527151840942423,3.5169458464330816,3.565450757808873,4.047654821132332,4.100276504234776,0.0,0.0,0.0,3.8002567619912466,correction_completion,strong_confounder,3,200,36,1279012404,raw_structured,,,,
GATT,g=4_t=5,4.0,5.0,1.0,raw_structured,3.8035809595349988,3.8052851190963946,0.13724683368919496,3.5309094297602783,3.574775934582571,4.027368369203748,4.075831370897641,0.0,0.0,0.0,3.8002567619912466,correction_completion,strong_confounder,3,200,36,1279012404,raw_structured,,,,
GATT,g=4_t=6,4.0,6.0,2.0,raw_structured,3.809785129257282,3.81414228899673,0.14425884632408378,3.516308315717504,3.570004464239766,4.053311199247114,4.100276504234776,0.0,0.0,0.0,3.8002567619912466,correction_completion,strong_confounder,3,200,36,1279012404,raw_structured,,,,
GATT,g=4_t=7,4.0,7.0,3.0,raw_structured,3.8769178487751397,3.864940260378618,0.15733736983871754,3.593765239913947,3.644235742556638,4.158236499402974,4.232372173874206,0.0,0.0,0.0,3.8002567619912466,correction_completion,strong_confounder,3,200,36,1279012404,raw_structured,,,,
ES,k=0,,,0.0,raw_structured,3.805637705482286,3.8089068465762743,0.14527151840942423,3.5169458464330816,3.565450757808873,4.047654821132332,4.100276504234776,0.0,0.0,0.0,3.8002567619912466,correction_completion,strong_confounder,3,200,36,1279012404,raw_structured,,,,
ES,k=1,,,1.0,raw_structured,3.8035809595349988,3.8052851190963946,0.13724683368919496,3.5309094297602783,3.574775934582571,4.027368369203748,4.075831370897641,0.0,0.0,0.0,3.8002567619912466,correction_completion,strong_confounder,3,200,36,1279012404,raw_structured,,,,
ES,k=2,,,2.0,raw_structured,3.809785129257282,3.81414228899673,0.14425884632408378,3.516308315717504,3.570004464239766,4.053311199247114,4.100276504234776,0.0,0.0,0.0,3.8002567619912466,correction_completion,strong_confounder,3,200,36,1279012404,raw_structured,,,,
ES,k=3,,,3.0,raw_structured,3.8769178487751397,3.864940260378618,0.15733736983871754,3.593765239913947,3.644235742556638,4.158236499402974,4.232372173874206,0.0,0.0,0.0,3.8002567619912466,correction_completion,strong_confounder,3,200,36,1279012404,raw_structured,,,,
ATT,ATT,,,,raw_structured,3.823980410762427,3.8236463205426237,0.11985238823258022,3.5984093078122625,3.631151134924959,4.025628838145845,4.072375429001145,0.0,0.0,0.0,3.800256761991246,correction_completion,strong_confounder,3,200,36,1279012404,raw_structured,,,,
GATT,g=4_t=4,4.0,4.0,0.0,reference_fold_convolution,3.5774427437287657,3.574899291947432,0.23918966803645372,3.102411970235118,3.1970801310245314,3.956590096595928,4.036033975532492,0.0,0.0,0.0,3.8002567619912466,correction_completion,strong_confounder,3,200,36,1279012404,reference_fold_convolution_rf,1.7766660659507578,43.92080826285238,,"{""0"": {""bar_pi"": 0.5, ""control_ess"": 43.92080826285238, ""fold_sizes"": [{""evaluation"": 100, ""fold"": 0, ""train"": 100}], ""global_fold_bb"": true, ""max_control_odds"": 1.6416269377116735, ""n_clipped"": 0, ""n_complement_units"": 100, ""n_eval_units"": 100, ""posterior_cache_key"": ""g=4_fold=0"", ""posterior_draws"": 1500, ""raw_max_control_odds"": 1.6416269377116735}, ""1"": {""bar_pi"": 0.43, ""control_ess"": 50.498567294540784, ""fold_sizes"": [{""evaluation"": 100, ""fold"": 0, ""train"": 100}], ""global_fold_bb"": true, ""max_control_odds"": 1.7766660659507578, ""n_clipped"": 0, ""n_complement_units"": 100, ""n_eval_units"": 100, ""posterior_cache_key"": ""g=4_fold=1"", ""posterior_draws"": 1500, ""raw_max_control_odds"": 1.7766660659507578}}"
GATT,g=4_t=5,4.0,5.0,1.0,reference_fold_convolution,3.402559096149299,3.4039267756218408,0.22100748843983875,2.9322866146470283,3.0301295321622996,3.7518095399719766,3.8348263271441487,0.0,0.0,0.0,3.8002567619912466,correction_completion,strong_confounder,3,200,36,1279012404,reference_fold_convolution_rf,1.7766660659507578,43.92080826285238,,"{""0"": {""bar_pi"": 0.5, ""control_ess"": 43.92080826285238, ""fold_sizes"": [{""evaluation"": 100, ""fold"": 0, ""train"": 100}], ""global_fold_bb"": true, ""max_control_odds"": 1.6416269377116735, ""n_clipped"": 0, ""n_complement_units"": 100, ""n_eval_units"": 100, ""posterior_cache_key"": ""g=4_fold=0"", ""posterior_draws"": 1500, ""raw_max_control_odds"": 1.6416269377116735}, ""1"": {""bar_pi"": 0.43, ""control_ess"": 50.498567294540784, ""fold_sizes"": [{""evaluation"": 100, ""fold"": 0, ""train"": 100}], ""global_fold_bb"": true, ""max_control_odds"": 1.7766660659507578, ""n_clipped"": 0, ""n_complement_units"": 100, ""n_eval_units"": 100, ""posterior_cache_key"": ""g=4_fold=1"", ""posterior_draws"": 1500, ""raw_max_control_odds"": 1.7766660659507578}}"
GATT,g=4_t=6,4.0,6.0,2.0,reference_fold_convolution,3.3935497377946193,3.396729421749871,0.2539507333159683,2.8947709453692245,2.965681060200469,3.787237324790184,3.857260119771653,0.0,0.0,0.0,3.8002567619912466,correction_completion,strong_confounder,3,200,36,1279012404,reference_fold_convolution_rf,1.7766660659507578,43.92080826285238,,"{""0"": {""bar_pi"": 0.5, ""control_ess"": 43.92080826285238, ""fold_sizes"": [{""evaluation"": 100, ""fold"": 0, ""train"": 100}], ""global_fold_bb"": true, ""max_control_odds"": 1.6416269377116735, ""n_clipped"": 0, ""n_complement_units"": 100, ""n_eval_units"": 100, ""posterior_cache_key"": ""g=4_fold=0"", ""posterior_draws"": 1500, ""raw_max_control_odds"": 1.6416269377116735}, ""1"": {""bar_pi"": 0.43, ""control_ess"": 50.498567294540784, ""fold_sizes"": [{""evaluation"": 100, ""fold"": 0, ""train"": 100}], ""global_fold_bb"": true, ""max_control_odds"": 1.7766660659507578, ""n_clipped"": 0, ""n_complement_units"": 100, ""n_eval_units"": 100, ""posterior_cache_key"": ""g=4_fold=1"", ""posterior_draws"": 1500, ""raw_max_control_odds"": 1.7766660659507578}}"
GATT,g=4_t=7,4.0,7.0,3.0,reference_fold_convolution,3.7646651561016133,3.76153697227904,0.2600394245578178,3.270968224837234,3.355568131696701,4.20413935920154,4.295359352734304,0.0,0.0,0.0,3.8002567619912466,correction_completion,strong_confounder,3,200,36,1279012404,reference_fold_convolution_rf,1.7766660659507578,43.92080826285238,,"{""0"": {""bar_pi"": 0.5, ""control_ess"": 43.92080826285238, ""fold_sizes"": [{""evaluation"": 100, ""fold"": 0, ""train"": 100}], ""global_fold_bb"": true, ""max_control_odds"": 1.6416269377116735, ""n_clipped"": 0, ""n_complement_units"": 100, ""n_eval_units"": 100, ""posterior_cache_key"": ""g=4_fold=0"", ""posterior_draws"": 1500, ""raw_max_control_odds"": 1.6416269377116735}, ""1"": {""bar_pi"": 0.43, ""control_ess"": 50.498567294540784, ""fold_sizes"": [{""evaluation"": 100, ""fold"": 0, ""train"": 100}], ""global_fold_bb"": true, ""max_control_odds"": 1.7766660659507578, ""n_clipped"": 0, ""n_complement_units"": 100, ""n_eval_units"": 100, ""posterior_cache_key"": ""g=4_fold=1"", ""posterior_draws"": 1500, ""raw_max_control_odds"": 1.7766660659507578}}"
ES,k=0,,,0.0,reference_fold_convolution,3.5774427437287657,3.574899291947432,0.23918966803645372,3.102411970235118,3.1970801310245314,3.956590096595928,4.036033975532492,0.0,0.0,0.0,3.8002567619912466,correction_completion,strong_confounder,3,200,36,1279012404,reference_fold_convolution_rf,,,,{}
ES,k=1,,,1.0,reference_fold_convolution,3.402559096149299,3.4039267756218408,0.22100748843983875,2.9322866146470283,3.0301295321622996,3.7518095399719766,3.8348263271441487,0.0,0.0,0.0,3.8002567619912466,correction_completion,strong_confounder,3,200,36,1279012404,reference_fold_convolution_rf,,,,{}
ES,k=2,,,2.0,reference_fold_convolution,3.3935497377946193,3.396729421749871,0.2539507333159683,2.8947709453692245,2.965681060200469,3.787237324790184,3.857260119771653,0.0,0.0,0.0,3.8002567619912466,correction_completion,strong_confounder,3,200,36,1279012404,reference_fold_convolution_rf,,,,{}
ES,k=3,,,3.0,reference_fold_convolution,3.7646651561016133,3.76153697227904,0.2600394245578178,3.270968224837234,3.355568131696701,4.20413935920154,4.295359352734304,0.0,0.0,0.0,3.8002567619912466,correction_completion,strong_confounder,3,200,36,1279012404,reference_fold_convolution_rf,,,,{}
ATT,ATT,,,,reference_fold_convolution,3.534554183443574,3.5376222194782843,0.1977896274895692,3.144615234706013,3.2114204901686008,3.8515765334265004,3.923691403741267,0.0,0.0,0.0,3.800256761991246,correction_completion,strong_confounder,3,200,36,1279012404,reference_fold_convolution_rf,,,,{}
PRE,k=-4,,,-4.0,pretrend,-0.20143117656971607,-0.19622688849199424,0.21762018841281328,-0.6367176455139258,-0.5602475055443178,0.12741093823140479,0.18777123726218067,0.22133333333333333,0.44266666666666665,0.44266666666666665,-0.0,correction_completion,PT_conditional,3,200,41,4119323607,raw_structured,,,,
PRE,k=-3,,,-3.0,pretrend,-0.16964185975368218,-0.15765376918027602,0.20441168633363024,-0.5931227866116031,-0.5126577149973789,0.12930513187907836,0.20047879241547553,0.284,0.568,0.568,-0.0,correction_completion,PT_conditional,3,200,41,4119323607,raw_structured,,,,
PRE,k=-2,,,-2.0,pretrend,-0.19025622738303696,-0.1778124521281209,0.20229634074105018,-0.6169487842425132,-0.5489430584947309,0.04496412163044653,0.11574224920580148,0.332,0.664,0.664,-0.0,correction_completion,PT_conditional,3,200,41,4119323607,raw_structured,,,,
PRE,slope,,,,pretrend,0.08098810547139638,0.07839048941036897,0.08316845699260705,-0.062172192176529334,-0.040204123387914764,0.2217368005415251,0.2528149619361237,0.20866666666666667,0.41733333333333333,0.41733333333333333,0.0,correction_completion,PT_conditional,3,200,41,4119323607,raw_structured,,,,
PRE_SUB,X1=0_k=-4,,,-4.0,pretrend,-0.1955134821871504,-0.18910475003290245,0.2231968786722626,-0.6418209749708446,-0.5639612675844415,0.143393626489676,0.20964872145950275,0.23,0.46,0.46,-0.0,correction_completion,PT_conditional,3,200,41,4119323607,raw_structured,,,,
PRE_SUB,X1=0_k=-3,,,-3.0,pretrend,-0.16360578173909338,-0.15263986707377347,0.20930212877180127,-0.593122786611603,-0.5167202713587302,0.14724744931929817,0.21389177000880522,0.294,0.588,0.588,-0.0,correction_completion,PT_conditional,3,200,41,4119323607,raw_structured,,,,
PRE_SUB,X1=0_k=-2,,,-2.0,pretrend,-0.1887048013768401,-0.1761817208706169,0.20666802449262506,-0.6182880691476256,-0.5489430584947304,0.054291246630214784,0.12477086839217799,0.33466666666666667,0.6693333333333333,0.6693333333333333,-0.0,correction_completion,PT_conditional,3,200,41,4119323607,raw_structured,,,,
PRE_SUB,X1=1_k=-4,,,-4.0,pretrend,-0.20547023781495924,-0.19837798139627633,0.21913294579389755,-0.6493127879257318,-0.5661045820576789,0.12512731444477398,0.1886767524533931,0.21733333333333332,0.43466666666666665,0.43466666666666665,-0.0,correction_completion,PT_conditional,3,200,41,4119323607,raw_structured,,,,
PRE_SUB,X1=1_k=-3,,,-3.0,pretrend,-0.17376172252554437,-0.1631505078500712,0.2063319521886684,-0.6052413956657987,-0.5334031764580609,0.12803303609773273,0.19394084617441398,0.2793333333333333,0.5586666666666666,0.5586666666666666,-0.0,correction_completion,PT_conditional,3,200,41,4119323607,raw_structured,,,,
PRE_SUB,X1=1_k=-2,,,-2.0,pretrend,-0.1913151371967904,-0.18057423607357936,0.2012710056197413,-0.6169487842425131,-0.5489430584947306,0.03988203288256461,0.10043653154131528,0.3293333333333333,0.6586666666666666,0.6586666666666666,-0.0,correction_completion,PT_conditional,3,200,41,4119323607,raw_structured,,,,
PRE_SUB,X2=low_k=-4,,,-4.0,pretrend,-0.19875730562243976,-0.19307519586636598,0.21944931810921683,-0.6336236754563103,-0.5602475055443181,0.12868941831317182,0.1951577908991062,0.22733333333333333,0.45466666666666666,0.45466666666666666,-0.0,correction_completion,PT_conditional,3,200,41,4119323607,raw_structured,,,,
PRE_SUB,X2=low_k=-3,,,-3.0,pretrend,-0.16678790186923115,-0.15464759967110547,0.20671796233736447,-0.5918936084611793,-0.5126577149973797,0.1293051318790782,0.20408990825589357,0.288,0.576,0.576,-0.0,correction_completion,PT_conditional,3,200,41,4119323607,raw_structured,,,,
PRE_SUB,X2=low_k=-2,,,-2.0,pretrend,-0.18811619207942945,-0.1735534228461681,0.2049150023267691,-0.616545937708551,-0.5458930351591126,0.04504284156801282,0.11657629020801212,0.33466666666666667,0.6693333333333333,0.6693333333333333,-0.0,correction_completion,PT_conditional,3,200,41,4119323607,raw_structured,,,,
PRE_SUB,X2=high_k=-4,,,-4.0,pretrend,-0.2040334514850155,-0.19837798139627677,0.2194857931499105,-0.6493127879257325,-0.5631877288014695,0.12868941831317254,0.1886767524533932,0.22066666666666668,0.44133333333333336,0.44133333333333336,-0.0,correction_completion,PT_conditional,3,200,41,4119323607,raw_structured,,,,
PRE_SUB,X2=high_k=-3,,,-3.0,pretrend,-0.17261590617537995,-0.16086378229715587,0.20633300816044564,-0.6029753636053149,-0.522711618316116,0.12930513187907874,0.1886767524533932,0.2813333333333333,0.5626666666666666,0.5626666666666666,-0.0,correction_completion,PT_conditional,3,200,41,4119323607,raw_structured,,,,
PRE_SUB,X2=high_k=-2,,,-2.0,pretrend,-0.19297303952625575,-0.17822439870422394,0.20422604400288244,-0.6254220918507509,-0.5533396842900979,0.03988203288256471,0.10184873381949457,0.3293333333333333,0.6586666666666666,0.6586666666666666,-0.0,correction_completion,PT_conditional,3,200,41,4119323607,raw_structured,,,,
PRE_SUBC,X1_k=-4,,,-4.0,pretrend,-0.009956755627808877,0.0,0.07592689776020488,-0.19443440865649236,-0.01280951560346652,1.2226331058684524e-15,0.00362253615260393,0.5313333333333333,1.0,1.0,-0.0,correction_completion,PT_conditional,3,200,41,4119323607,raw_structured,,,,
PRE_SUBC,X1_k=-3,,,-3.0,pretrend,-0.010155940786450945,0.0,0.07313354922262277,-0.17896446020583334,-0.006668624411711375,9.992007221626409e-16,1.4469328513122539e-15,0.554,1.0,1.0,-0.0,correction_completion,PT_conditional,3,200,41,4119323607,raw_structured,,,,
PRE_SUBC,X1_k=-2,,,-2.0,pretrend,-0.0026103358199503473,0.0,0.04458817542995951,-0.007003023428541075,-1.2212453270876722e-15,8.881784197001252e-16,1.3322676295501878e-15,0.644,1.0,1.0,-0.0,correction_completion,PT_conditional,3,200,41,4119323607,raw_structured,,,,
PRE_SUBC,X1_slope,,,,pretrend,0.003770891734019919,0.0,0.028549508501977024,-0.0010500586567452716,-4.758098676964956e-16,0.0052826031139375715,0.07161073149183533,0.524,1.0,1.0,0.0,correction_completion,PT_conditional,3,200,41,4119323607,raw_structured,,,,
PRE_SUBC,X2_k=-4,,,-4.0,pretrend,-0.005276145862575737,0.0,0.0491036328406646,-0.055570015946474885,-0.01735279499964942,9.09342046107042e-16,0.01132750440736038,0.5333333333333333,1.0,1.0,-0.0,correction_completion,PT_conditional,3,200,41,4119323607,raw_structured,,,,
PRE_SUBC,X2_k=-3,,,-3.0,pretrend,-0.005828004306148802,0.0,0.04746151863053471,-0.05465614834582105,-0.012166905877974827,6.807054919732985e-16,1.3468393067483892e-15,0.546,1.0,1.0,-0.0,correction_completion,PT_conditional,3,200,41,4119323607,raw_structured,,,,
PRE_SUBC,X2_k=-2,,,-2.0,pretrend,-0.0048568474468262774,0.0,0.04588213512959076,-0.020381798530296747,-9.173217740965355e-16,6.106226635438361e-16,9.027500968983266e-16,0.63,1.0,1.0,-0.0,correction_completion,PT_conditional,3,200,41,4119323607,raw_structured,,,,
PRE_SUBC,X2_slope,,,,pretrend,0.002310092403346507,0.0,0.020335624876040095,-0.002972727042576868,-3.498441615766369e-16,0.006206176557647209,0.02075161589616549,0.5186666666666667,1.0,1.0,0.0,correction_completion,PT_conditional,3,200,41,4119323607,raw_structured,,,,
PRE,k=-4,,,-4.0,reference_fold_pretrend,-0.34048411252208993,-0.34214111197470753,0.21112559284747398,-0.7655350484579374,-0.6864731651072853,0.009529268527253866,0.061237877217536825,0.05333333333333334,0.10666666666666667,0.10666666666666667,-0.0,correction_completion,PT_conditional,3,200,41,4119323607,reference_fold_convolution_rf,,,,
PRE,k=-3,,,-3.0,reference_fold_pretrend,-0.2832270318548162,-0.2739846582963068,0.19451031135150743,-0.6701788404181639,-0.6141581040128142,0.03725415090111273,0.08034503607778687,0.07333333333333333,0.14666666666666667,0.14666666666666667,-0.0,correction_completion,PT_conditional,3,200,41,4119323607,reference_fold_convolution_rf,,,,
PRE,k=-2,,,-2.0,reference_fold_pretrend,-0.25609817515044364,-0.2450367327678069,0.18708177869168177,-0.6521985456523434,-0.584365715967397,0.014614199620891116,0.06289586016790666,0.10933333333333334,0.21866666666666668,0.21866666666666668,-0.0,correction_completion,PT_conditional,3,200,41,4119323607,reference_fold_convolution_rf,,,,
PRE,slope,,,,reference_fold_pretrend,0.13171461260188186,0.1341733160506745,0.07838816172284477,-0.015663485108529482,0.0029616994578455682,0.2647304157184072,0.2868725541414259,0.044,0.088,0.088,0.0,correction_completion,PT_conditional,3,200,41,4119323607,reference_fold_convolution_rf,,,,
PRE_SUB,X1=0_k=-4,,,-4.0,reference_fold_pretrend,-0.3111637903747871,-0.308901815643442,0.2173280952642613,-0.7360455585777781,-0.6569073131100854,0.050086487844988065,0.10918592512014626,0.07866666666666666,0.15733333333333333,0.15733333333333333,-0.0,correction_completion,PT_conditional,3,200,41,4119323607,reference_fold_convolution_rf,,,,
PRE_SUB,X1=0_k=-3,,,-3.0,reference_fold_pretrend,-0.2596578730460354,-0.2591606788582439,0.20022513113278892,-0.6576625260457076,-0.5953089182038379,0.06040105187976544,0.11512763660544974,0.10866666666666666,0.21733333333333332,0.21733333333333332,-0.0,correction_completion,PT_conditional,3,200,41,4119323607,reference_fold_convolution_rf,,,,
PRE_SUB,X1=0_k=-2,,,-2.0,reference_fold_pretrend,-0.23992068375659567,-0.23060396407448452,0.19234177201467278,-0.6393013228867477,-0.5750111067901262,0.03983744388390833,0.0850930624579289,0.13666666666666666,0.2733333333333333,0.2733333333333333,-0.0,correction_completion,PT_conditional,3,200,41,4119323607,reference_fold_convolution_rf,,,,
PRE_SUB,X1=1_k=-4,,,-4.0,reference_fold_pretrend,-0.3604963958924713,-0.36237316245257833,0.21902275183607592,-0.8091522731141007,-0.7221158733646665,8.647583774772864e-05,0.05496582492558915,0.050666666666666665,0.10133333333333333,0.10133333333333333,-0.0,correction_completion,PT_conditional,3,200,41,4119323607,reference_fold_convolution_rf,,,,
PRE_SUB,X1=1_k=-3,,,-3.0,reference_fold_pretrend,-0.2993139180258887,-0.29523992953350814,0.20346398455090975,-0.704525832638399,-0.6487905948294055,0.024180080997376032,0.07357151122639272,0.072,0.144,0.144,-0.0,correction_completion,PT_conditional,3,200,41,4119323607,reference_fold_convolution_rf,,,,
PRE_SUB,X1=1_k=-2,,,-2.0,reference_fold_pretrend,-0.2671399549906891,-0.257867311584807,0.1951311758082431,-0.6768218313819948,-0.6074784986130489,0.012764283459215904,0.060366439143940444,0.108,0.216,0.216,-0.0,correction_completion,PT_conditional,3,200,41,4119323607,reference_fold_convolution_rf,,,,
PRE_SUB,X2=low_k=-4,,,-4.0,reference_fold_pretrend,-0.3375369003068291,-0.33952510206330955,0.2119530732912909,-0.761185195170032,-0.6875391412600933,0.014463681364979919,0.0626229461223003,0.056666666666666664,0.11333333333333333,0.11333333333333333,-0.0,correction_completion,PT_conditional,3,200,41,4119323607,reference_fold_convolution_rf,,,,
PRE_SUB,X2=low_k=-3,,,-3.0,reference_fold_pretrend,-0.27730396706708066,-0.2702603349298337,0.19388473803104675,-0.6704608551357105,-0.6057036577870447,0.04041959891806396,0.08818759791796174,0.076,0.152,0.152,-0.0,correction_completion,PT_conditional,3,200,41,4119323607,reference_fold_convolution_rf,,,,
PRE_SUB,X2=low_k=-2,,,-2.0,reference_fold_pretrend,-0.24952329056469796,-0.23651409177112143,0.18579014342734518,-0.6443458728058216,-0.5777112058667574,0.014286278810369852,0.06560708882769897,0.11333333333333333,0.22666666666666666,0.22666666666666666,-0.0,correction_completion,PT_conditional,3,200,41,4119323607,reference_fold_convolution_rf,,,,
PRE_SUB,X2=high_k=-4,,,-4.0,reference_fold_pretrend,-0.34606614796998375,-0.3453327278438546,0.21147881457370554,-0.7717787256398693,-0.6974972092870847,-0.00033024466200841715,0.056104016048204336,0.04933333333333333,0.09866666666666667,0.09866666666666667,-0.0,correction_completion,PT_conditional,3,200,41,4119323607,reference_fold_convolution_rf,,,,
PRE_SUB,X2=high_k=-3,,,-3.0,reference_fold_pretrend,-0.2864036571747501,-0.28113484504791597,0.19619091690082138,-0.676124562485748,-0.6136490771514721,0.03149080906331057,0.08102670193120358,0.074,0.148,0.148,-0.0,correction_completion,PT_conditional,3,200,41,4119323607,reference_fold_convolution_rf,,,,
PRE_SUB,X2=high_k=-2,,,-2.0,reference_fold_pretrend,-0.25662090824794953,-0.24209204977906001,0.18816449957552267,-0.6501107396344523,-0.5877167884293609,0.013292749035968448,0.06437501445772481,0.11066666666666666,0.22133333333333333,0.22133333333333333,-0.0,correction_completion,PT_conditional,3,200,41,4119323607,reference_fold_convolution_rf,,,,
PRE_SUBC,X1_k=-4,,,-4.0,reference_fold_pretrend,-0.0493326055176842,-0.01565503365865726,0.1133366685776443,-0.3962586574660938,-0.31898825392517616,0.04039861788878047,0.05606715705404494,0.31933333333333336,0.6386666666666667,0.6386666666666667,-0.0,correction_completion,PT_conditional,3,200,41,4119323607,reference_fold_convolution_rf,,,,
PRE_SUBC,X1_k=-3,,,-3.0,reference_fold_pretrend,-0.03965604497985336,-0.0058411954664712995,0.11215868551384765,-0.40184142475245294,-0.3115993165258616,0.04430443881839468,0.05707588121458548,0.42733333333333334,0.8546666666666667,0.8546666666666667,-0.0,correction_completion,PT_conditional,3,200,41,4119323607,reference_fold_convolution_rf,,,,
PRE_SUBC,X1_k=-2,,,-2.0,reference_fold_pretrend,-0.027219271234093484,0.0,0.10460445176580613,-0.3780077830119377,-0.3007856481841122,0.04523858396082132,0.056979220497507664,0.5126666666666667,1.0,1.0,-0.0,correction_completion,PT_conditional,3,200,41,4119323607,reference_fold_convolution_rf,,,,
PRE_SUBC,X1_slope,,,,reference_fold_pretrend,0.01818065555334663,0.004123114125557764,0.04664567058775789,-0.021630555137975536,-0.0163687277064535,0.13407841470824977,0.16733957842188865,0.374,0.748,0.748,0.0,correction_completion,PT_conditional,3,200,41,4119323607,reference_fold_convolution_rf,,,,
PRE_SUBC,X2_k=-4,,,-4.0,reference_fold_pretrend,-0.008529247663154695,0.0,0.050821816731027,-0.16210818373095345,-0.09814091992216849,0.009783013815859293,0.03720811992832353,0.5206666666666667,1.0,1.0,-0.0,correction_completion,PT_conditional,3,200,41,4119323607,reference_fold_convolution_rf,,,,
PRE_SUBC,X2_k=-3,,,-3.0,reference_fold_pretrend,-0.009099690107669403,0.0,0.04740439741944041,-0.1621081837309535,-0.07569859415266195,7.771561172376096e-16,0.022446526644250446,0.5193333333333333,1.0,1.0,-0.0,correction_completion,PT_conditional,3,200,41,4119323607,reference_fold_convolution_rf,,,,
PRE_SUBC,X2_k=-2,,,-2.0,reference_fold_pretrend,-0.007097617683251586,0.0,0.04264232957503846,-0.14496578016187708,-0.033490201412855636,4.996003610813204e-16,1.042915753757245e-15,0.5386666666666666,1.0,1.0,-0.0,correction_completion,PT_conditional,3,200,41,4119323607,reference_fold_convolution_rf,,,,
PRE_SUBC,X2_slope,,,,reference_fold_pretrend,0.0036346243491467488,5.9476233462061954e-18,0.02003007854456362,-0.012137880462515786,-0.0029775247601435367,0.03329673426682614,0.06313649242756589,0.4866666666666667,0.9733333333333334,0.9733333333333334,0.0,correction_completion,PT_conditional,3,200,41,4119323607,reference_fold_convolution_rf,,,,
PRE,k=-4,,,-4.0,pretrend,0.15312583076327949,0.15509395070773768,0.1744223906861844,-0.17549162183834172,-0.12871682387340685,0.4356357277884049,0.47912982447826696,0.21533333333333332,0.43066666666666664,0.43066666666666664,-0.0,correction_completion,PT_hold,3,200,25,225397052,raw_structured,,,,
PRE,k=-3,,,-3.0,pretrend,0.06499464358317766,0.04711689396167227,0.15918726262522273,-0.2658931405290045,-0.21540062206361016,0.33106296038730787,0.3763559714299033,0.41,0.82,0.82,-0.0,correction_completion,PT_hold,3,200,25,225397052,raw_structured,,,,
PRE,k=-2,,,-2.0,pretrend,-0.06436652378439114,0.0,0.1384088826336739,-0.38080089693724956,-0.33447048548391545,0.1222870642731358,0.16801336218075003,0.5733333333333334,1.0,1.0,-0.0,correction_completion,PT_hold,3,200,25,225397052,raw_structured,,,,
PRE,slope,,,,pretrend,-0.03750001826227162,-0.04030082759870056,0.05961020377215777,-0.14454946443534658,-0.13020952872955027,0.06671882459843524,0.09020794729510524,0.2773333333333333,0.5546666666666666,0.5546666666666666,0.0,correction_completion,PT_hold,3,200,25,225397052,raw_structured,,,,
PRE_SUB,X1=0_k=-4,,,-4.0,pretrend,0.15451446214329448,0.15615168553126096,0.17450889477649825,-0.17549162183834172,-0.12468525433733904,0.4395660360558351,0.48533895883749933,0.21466666666666667,0.42933333333333334,0.42933333333333334,-0.0,correction_completion,PT_hold,3,200,25,225397052,raw_structured,,,,
PRE_SUB,X1=0_k=-3,,,-3.0,pretrend,0.06617242366915514,0.0508751619504356,0.15985565206116142,-0.26589314052900465,-0.21387438318257004,0.331313519441259,0.3769868832740418,0.4093333333333333,0.8186666666666667,0.8186666666666667,-0.0,correction_completion,PT_hold,3,200,25,225397052,raw_structured,,,,
PRE_SUB,X1=0_k=-2,,,-2.0,pretrend,-0.06353194233136189,0.0,0.13916135142620611,-0.38080089693724967,-0.3344704854839153,0.12617568206340693,0.17024325793139117,0.578,1.0,1.0,-0.0,correction_completion,PT_hold,3,200,25,225397052,raw_structured,,,,
PRE_SUB,X1=1_k=-4,,,-4.0,pretrend,0.15145380522407778,0.1557743221617628,0.17677301679717375,-0.21165165409300352,-0.1318428721742841,0.4361719637276497,0.48317662798303523,0.22,0.44,0.44,-0.0,correction_completion,PT_hold,3,200,25,225397052,raw_structured,,,,
PRE_SUB,X1=1_k=-3,,,-3.0,pretrend,0.06357650021434763,0.045338081910535157,0.16021953088478913,-0.2695111068907304,-0.2220832624559374,0.33106296038730787,0.3769868832740413,0.418,0.836,0.836,-0.0,correction_completion,PT_hold,3,200,25,225397052,raw_structured,,,,
PRE_SUB,X1=1_k=-2,,,-2.0,pretrend,-0.06537142798293659,0.0,0.13904842856629196,-0.3808008969372486,-0.3323558308145363,0.12416638107788204,0.17024325793139095,0.5706666666666667,1.0,1.0,-0.0,correction_completion,PT_hold,3,200,25,225397052,raw_structured,,,,
PRE_SUB,X2=low_k=-4,,,-4.0,pretrend,0.15049908349361515,0.152717721070171,0.17558845789255462,-0.19246088171872125,-0.1345354947114261,0.43617196372764977,0.4774314361408258,0.21933333333333332,0.43866666666666665,0.43866666666666665,-0.0,correction_completion,PT_hold,3,200,25,225397052,raw_structured,,,,
PRE_SUB,X2=low_k=-3,,,-3.0,pretrend,0.06281201816308839,0.045972093031164896,0.1606796060888338,-0.2695111068907304,-0.22280754437573994,0.3310629603873078,0.37499591239714375,0.4126666666666667,0.8253333333333334,0.8253333333333334,-0.0,correction_completion,PT_hold,3,200,25,225397052,raw_structured,,,,
PRE_SUB,X2=low_k=-2,,,-2.0,pretrend,-0.06625500081503334,0.0,0.13940655859399248,-0.3841646455806166,-0.3388440713353157,0.12086796497143842,0.1644069997535406,0.57,1.0,1.0,-0.0,correction_completion,PT_hold,3,200,25,225397052,raw_structured,,,,
PRE_SUB,X2=high_k=-4,,,-4.0,pretrend,0.15487158332782225,0.1553592987317992,0.17524655852813958,-0.17549162183834166,-0.12620767796853669,0.43889352815326527,0.4810884642713739,0.21,0.42,0.42,-0.0,correction_completion,PT_hold,3,200,25,225397052,raw_structured,,,,
PRE_SUB,X2=high_k=-3,,,-3.0,pretrend,0.06616729477519595,0.0483562651495283,0.15967294726090098,-0.26525225441823774,-0.21430776251726075,0.3310629603873078,0.37499591239714336,0.408,0.816,0.816,-0.0,correction_completion,PT_hold,3,200,25,225397052,raw_structured,,,,
PRE_SUB,X2=high_k=-2,,,-2.0,pretrend,-0.06320286720197062,0.0,0.13929075710741262,-0.3808008969372491,-0.3323558308145362,0.12582803915431973,0.17030503448592796,0.578,1.0,1.0,-0.0,correction_completion,PT_hold,3,200,25,225397052,raw_structured,,,,
PRE_SUBC,X1_k=-4,,,-4.0,pretrend,-0.003060656919216715,0.0,0.03971984350026839,-0.06925107015870943,-0.0026319301000929636,0.0008960955826398249,0.019243867007953053,0.5233333333333333,1.0,1.0,-0.0,correction_completion,PT_hold,3,200,25,225397052,raw_structured,,,,
PRE_SUBC,X1_k=-3,,,-3.0,pretrend,-0.0025959234548075106,0.0,0.032765111692234034,-0.017604796267271745,-1.6001089342410066e-15,1.2226331058684524e-15,0.010912937175130468,0.5693333333333334,1.0,1.0,-0.0,correction_completion,PT_hold,3,200,25,225397052,raw_structured,,,,
PRE_SUBC,X1_k=-2,,,-2.0,pretrend,-0.0018394856515747088,0.0,0.02802086090773117,-1.4856171848265376e-15,-8.326672684688674e-16,8.881784197001252e-16,0.002103432995082365,0.7106666666666667,1.0,1.0,-0.0,correction_completion,PT_hold,3,200,25,225397052,raw_structured,,,,
PRE_SUBC,X1_slope,,,,pretrend,0.001158093094202848,0.0,0.014188484215440321,-0.005544281176809205,-0.00032003413665701575,0.00092500926313354,0.01911155726247342,0.516,1.0,1.0,0.0,correction_completion,PT_hold,3,200,25,225397052,raw_structured,,,,
PRE_SUBC,X2_k=-4,,,-4.0,pretrend,0.004372499834207087,0.0,0.039540840826129006,-0.008427966214406736,-0.0024611416445280802,0.0014804865273008597,0.09110755463374272,0.536,1.0,1.0,-0.0,correction_completion,PT_hold,3,200,25,225397052,raw_structured,,,,
PRE_SUBC,X2_k=-3,,,-3.0,pretrend,0.0033552766121075664,0.0,0.03617042042127573,-0.007027586196161368,-1.2226331058684536e-15,9.874046025259967e-16,0.030066326299780014,0.5693333333333334,1.0,1.0,-0.0,correction_completion,PT_hold,3,200,25,225397052,raw_structured,,,,
PRE_SUBC,X2_k=-2,,,-2.0,pretrend,0.003052133613062737,0.0,0.03142493957584074,-1.3614109839465981e-15,-5.830405602758049e-16,6.671746488606791e-16,0.0010713928715229343,0.7073333333333334,1.0,1.0,-0.0,correction_completion,PT_hold,3,200,25,225397052,raw_structured,,,,
PRE_SUBC,X2_slope,,,,pretrend,-0.001634299024278509,0.0,0.015284300581939025,-0.025533147738499545,-0.0005192763307835287,0.0008532316125858697,0.003387988460216302,0.5186666666666667,1.0,1.0,0.0,correction_completion,PT_hold,3,200,25,225397052,raw_structured,,,,
PRE,k=-4,,,-4.0,reference_fold_pretrend,-0.0014223710846051152,0.0023579380629318385,0.1695193656455074,-0.3322459172116267,-0.281834174003327,0.27114953690395804,0.3236778731993566,0.498,0.996,0.996,-0.0,correction_completion,PT_hold,3,200,25,225397052,reference_fold_convolution_rf,,,,
PRE,k=-3,,,-3.0,reference_fold_pretrend,-0.059017524490990333,-0.05599679361778707,0.15830605005586243,-0.37319680968919156,-0.31307655640555876,0.1997029199980528,0.24940085940757767,0.3626666666666667,0.7253333333333334,0.7253333333333334,-0.0,correction_completion,PT_hold,3,200,25,225397052,reference_fold_convolution_rf,,,,
PRE,k=-2,,,-2.0,reference_fold_pretrend,-0.13483043185488186,-0.12170495431552791,0.1432724667646113,-0.42692535940212983,-0.3818285516393201,0.06565192094522666,0.10769097417455284,0.23266666666666666,0.4653333333333333,0.4653333333333333,-0.0,correction_completion,PT_hold,3,200,25,225397052,reference_fold_convolution_rf,,,,
PRE,slope,,,,reference_fold_pretrend,0.018366613863619846,0.015028566226231405,0.062430143206651106,-0.09773367535408907,-0.07860709423258293,0.12236085165400704,0.14209798976785037,0.39866666666666667,0.7973333333333333,0.7973333333333333,0.0,correction_completion,PT_hold,3,200,25,225397052,reference_fold_convolution_rf,,,,
PRE_SUB,X1=0_k=-4,,,-4.0,reference_fold_pretrend,0.0018778370343525675,0.001980830873608185,0.17297365287429184,-0.3294114634244376,-0.283209289769929,0.2718058678850824,0.33320292936084356,0.496,0.992,0.992,-0.0,correction_completion,PT_hold,3,200,25,225397052,reference_fold_convolution_rf,,,,
PRE_SUB,X1=0_k=-3,,,-3.0,reference_fold_pretrend,-0.05626293578471868,-0.055054870380861716,0.16089503137744138,-0.3698008158815724,-0.3205635372750986,0.2093265650583072,0.26094307191187427,0.36733333333333335,0.7346666666666667,0.7346666666666667,-0.0,correction_completion,PT_hold,3,200,25,225397052,reference_fold_convolution_rf,,,,
PRE_SUB,X1=0_k=-2,,,-2.0,reference_fold_pretrend,-0.13535992001636174,-0.11992096787614062,0.145243011257731,-0.42566404598298013,-0.3880316581675194,0.06885599602907964,0.10580758073750607,0.24133333333333334,0.4826666666666667,0.4826666666666667,-0.0,correction_completion,PT_hold,3,200,25,225397052,reference_fold_convolution_rf,,,,
PRE_SUB,X1=1_k=-4,,,-4.0,reference_fold_pretrend,-0.005396091064574568,-0.0004469801748294756,0.17163749896305852,-0.35365848569396646,-0.28750364362850955,0.26871734942493114,0.3174584938319571,0.49733333333333335,0.9946666666666667,0.9946666666666667,-0.0,correction_completion,PT_hold,3,200,25,225397052,reference_fold_convolution_rf,,,,
PRE_SUB,X1=1_k=-3,,,-3.0,reference_fold_pretrend,-0.062334274157725605,-0.05887317369323479,0.16042265552667095,-0.3790681614258008,-0.325624351871442,0.19693353810166014,0.25411041464665823,0.35733333333333334,0.7146666666666667,0.7146666666666667,-0.0,correction_completion,PT_hold,3,200,25,225397052,reference_fold_convolution_rf,,,,
PRE_SUB,X1=1_k=-2,,,-2.0,reference_fold_pretrend,-0.13419288488493672,-0.12040183222275269,0.1443771622201943,-0.43909286130933717,-0.38497134953533746,0.06954424452613922,0.1114857017808986,0.23533333333333334,0.4706666666666667,0.4706666666666667,-0.0,correction_completion,PT_hold,3,200,25,225397052,reference_fold_convolution_rf,,,,
PRE_SUB,X2=low_k=-4,,,-4.0,reference_fold_pretrend,0.0013021899461234672,0.004882894701658801,0.1686411855722819,-0.3280532290537141,-0.2829770041430852,0.2681964063087867,0.3189693651706065,0.49,0.98,0.98,-0.0,correction_completion,PT_hold,3,200,25,225397052,reference_fold_convolution_rf,,,,
PRE_SUB,X2=low_k=-3,,,-3.0,reference_fold_pretrend,-0.05738532489648045,-0.055947109027471395,0.15744801690468796,-0.37764884285089445,-0.3138395811984094,0.1958223898133314,0.2488327060872236,0.368,0.736,0.736,-0.0,correction_completion,PT_hold,3,200,25,225397052,reference_fold_convolution_rf,,,,
PRE_SUB,X2=low_k=-2,,,-2.0,reference_fold_pretrend,-0.13149097762563824,-0.11798385538039635,0.14148650627450682,-0.4220959810874775,-0.37842067902995635,0.06947012265929672,0.11026465300195178,0.23266666666666666,0.4653333333333333,0.4653333333333333,-0.0,correction_completion,PT_hold,3,200,25,225397052,reference_fold_convolution_rf,,,,
PRE_SUB,X2=high_k=-4,,,-4.0,reference_fold_pretrend,0.0021295632067343615,0.004761554711867326,0.17019778044618658,-0.3273546277713894,-0.2797612867260292,0.2728700825146911,0.33225525999433336,0.49066666666666664,0.9813333333333333,0.9813333333333333,-0.0,correction_completion,PT_hold,3,200,25,225397052,reference_fold_convolution_rf,,,,
PRE_SUB,X2=high_k=-3,,,-3.0,reference_fold_pretrend,-0.05650878368120327,-0.0555700785316756,0.15856565917127405,-0.37285362101094793,-0.311636357716083,0.20057189440898518,0.25792499868307167,0.37,0.74,0.74,-0.0,correction_completion,PT_hold,3,200,25,225397052,reference_fold_convolution_rf,,,,
PRE_SUB,X2=high_k=-2,,,-2.0,reference_fold_pretrend,-0.13186592586293686,-0.12020729570555867,0.1424712635788951,-0.42314933825885237,-0.3802618617828439,0.06881425079559264,0.11190685667564033,0.23733333333333334,0.4746666666666667,0.4746666666666667,-0.0,correction_completion,PT_hold,3,200,25,225397052,reference_fold_convolution_rf,,,,
PRE_SUBC,X1_k=-4,,,-4.0,reference_fold_pretrend,-0.007273928098927139,0.005358688515366758,0.06269238731842136,-0.210734304230305,-0.14365890225018332,0.046656483425853046,0.059143772554749036,0.4093333333333333,0.8186666666666667,0.8186666666666667,-0.0,correction_completion,PT_hold,3,200,25,225397052,reference_fold_convolution_rf,,,,
PRE_SUBC,X1_k=-3,,,-3.0,reference_fold_pretrend,-0.006071338373006931,0.003212029511021036,0.05528443237330338,-0.18606006985501558,-0.1180252062057202,0.041429297864091226,0.052059716597214103,0.434,0.868,0.868,-0.0,correction_completion,PT_hold,3,200,25,225397052,reference_fold_convolution_rf,,,,
PRE_SUBC,X1_k=-2,,,-2.0,reference_fold_pretrend,0.001167035131425026,0.004708365724490474,0.04283414750191756,-0.1336696863116163,-0.03610881204001212,0.04019331358276357,0.04688154470810564,0.428,0.856,0.856,-0.0,correction_completion,PT_hold,3,200,25,225397052,reference_fold_convolution_rf,,,,
PRE_SUBC,X1_slope,,,,reference_fold_pretrend,0.002342673279383589,-0.0021404084761810953,0.02279739741955382,-0.02117564959820268,-0.01744043734988483,0.04716730905296522,0.0729096960210395,0.4126666666666667,0.8253333333333334,0.8253333333333334,0.0,correction_completion,PT_hold,3,200,25,225397052,reference_fold_convolution_rf,,,,
PRE_SUBC,X2_k=-4,,,-4.0,reference_fold_pretrend,0.0008273732606108932,-0.003373949782139802,0.038399856515397054,-0.0329383477936163,-0.02282701549122842,0.027451465216353162,0.10270257267167465,0.36666666666666664,0.7333333333333333,0.7333333333333333,-0.0,correction_completion,PT_hold,3,200,25,225397052,reference_fold_convolution_rf,,,,
PRE_SUBC,X2_k=-3,,,-3.0,reference_fold_pretrend,0.000876541215277185,-0.0024188953317239876,0.03329297839079736,-0.023481559117613918,-0.01809983308515115,0.01636577273330081,0.05782588319915801,0.3893333333333333,0.7786666666666666,0.7786666666666666,-0.0,correction_completion,PT_hold,3,200,25,225397052,reference_fold_convolution_rf,,,,
PRE_SUBC,X2_k=-2,,,-2.0,reference_fold_pretrend,-0.0003749482372986028,-0.0023553234721428156,0.028389919096458445,-0.019836699754722926,-0.01735579014429812,0.011823090052058553,0.021745350339506486,0.4106666666666667,0.8213333333333334,0.8213333333333334,-0.0,correction_completion,PT_hold,3,200,25,225397052,reference_fold_convolution_rf,,,,
PRE_SUBC,X2_slope,,,,reference_fold_pretrend,-0.00027573242679203183,0.0013244894151091054,0.014180921536117682,-0.03140589665505996,-0.008916882664487221,0.008075514163790341,0.011431498306841282,0.362,0.724,0.724,0.0,correction_completion,PT_hold,3,200,25,225397052,reference_fold_convolution_rf,,,,
PRE,k=-4,,,-4.0,pretrend,-0.6564019993544064,-0.652814923971234,0.20556514392304565,-1.0672507558071556,-0.9933397089520999,-0.3235715241671923,-0.24490593622878076,0.0,0.0,0.0,-0.5996614675075732,correction_completion,PT_violation_a20,3,200,9,51965350,raw_structured,,,,
PRE,k=-3,,,-3.0,pretrend,-0.6062514795678741,-0.6107933267319152,0.20622533288357545,-1.0118693460769699,-0.939113509807686,-0.2680857783088021,-0.21049292942669554,0.004,0.008,0.008,-0.39977431167171545,correction_completion,PT_violation_a20,3,200,9,51965350,raw_structured,,,,
PRE,k=-2,,,-2.0,pretrend,-0.3775569710118354,-0.38443533497978594,0.22786139627386764,-0.8201580353495853,-0.7429948107384644,0.0,0.0,0.106,0.212,0.212,-0.19988715583585773,correction_completion,PT_violation_a20,3,200,9,51965350,raw_structured,,,,
PRE,slope,,,,pretrend,0.2542332805864859,0.2533746683745559,0.07940396605488337,0.09828775341258247,0.12524920515593213,0.3829833630388326,0.4096139610409759,0.0,0.0,0.0,0.19988715583585773,correction_completion,PT_violation_a20,3,200,9,51965350,raw_structured,,,,
PRE_SUB,X1=0_k=-4,,,-4.0,pretrend,-0.6610483830391088,-0.6559973349330985,0.21010127438911894,-1.0899202077609789,-1.0064048172825797,-0.32257535046768376,-0.2418487473429515,0.0,0.0,0.0,-0.8292690432202646,correction_completion,PT_violation_a20,3,200,9,51965350,raw_structured,,,,
PRE_SUB,X1=0_k=-3,,,-3.0,pretrend,-0.6104009634309481,-0.6133013216839631,0.21020186124829704,-1.0316023279259372,-0.9613902226015085,-0.2684579983098265,-0.20860580511006926,0.004,0.008,0.008,-0.5528460288135097,correction_completion,PT_violation_a20,3,200,9,51965350,raw_structured,,,,
PRE_SUB,X1=0_k=-2,,,-2.0,pretrend,-0.3788815056333463,-0.38731664520381426,0.2292109727767828,-0.8205930993657996,-0.7431543262329965,0.0,0.0,0.10666666666666667,0.21333333333333335,0.21333333333333335,-0.2764230144067549,correction_completion,PT_violation_a20,3,200,9,51965350,raw_structured,,,,
PRE_SUB,X1=1_k=-4,,,-4.0,pretrend,-0.6523751334943307,-0.6460890633289664,0.2070284852846639,-1.0676656803716436,-0.9933397089521017,-0.3182817617278914,-0.24184874734295175,0.0,0.0,0.0,-0.40002185657355604,correction_completion,PT_violation_a20,3,200,9,51965350,raw_structured,,,,
PRE_SUB,X1=1_k=-3,,,-3.0,pretrend,-0.6026552602198766,-0.6065540095344437,0.20721316608579698,-1.0080372907297077,-0.9391135098076862,-0.26720045442177137,-0.21049292942669567,0.004,0.008,0.008,-0.266681237715704,correction_completion,PT_violation_a20,3,200,9,51965350,raw_structured,,,,
PRE_SUB,X1=1_k=-2,,,-2.0,pretrend,-0.37640904100652595,-0.3838586361524659,0.22838700468432568,-0.8205930993657993,-0.7423136409187127,0.0,0.0,0.10866666666666666,0.21733333333333332,0.21733333333333332,-0.133340618857852,correction_completion,PT_violation_a20,3,200,9,51965350,raw_structured,,,,
PRE_SUB,X2=low_k=-4,,,-4.0,pretrend,-0.6530238128536126,-0.6481672625801386,0.20579859837353687,-1.065754203710899,-0.9933397089521016,-0.3228683604585703,-0.2418487473429517,0.0,0.0,0.0,-0.6063778943003566,correction_completion,PT_violation_a20,3,200,9,51965350,raw_structured,,,,
PRE_SUB,X2=low_k=-3,,,-3.0,pretrend,-0.6032559830748481,-0.6071051326519449,0.2061965884028799,-1.0067565769943785,-0.9391135098076863,-0.26450741911889614,-0.21049292942669545,0.004,0.008,0.008,-0.40425192953357103,correction_completion,PT_violation_a20,3,200,9,51965350,raw_structured,,,,
PRE_SUB,X2=low_k=-2,,,-2.0,pretrend,-0.3754984098153062,-0.38276527572741226,0.2277549600165854,-0.8201580353495859,-0.7400595352613218,0.0,0.0,0.10733333333333334,0.21466666666666667,0.21466666666666667,-0.20212596476678552,correction_completion,PT_violation_a20,3,200,9,51965350,raw_structured,,,,
PRE_SUB,X2=high_k=-4,,,-4.0,pretrend,-0.6591921736265065,-0.6570148462636478,0.20759024472013085,-1.0744903723377177,-0.998909615953283,-0.3235715241671927,-0.24490593622878096,0.0,0.0,0.0,-0.45283965752341526,correction_completion,PT_violation_a20,3,200,9,51965350,raw_structured,,,,
PRE_SUB,X2=high_k=-3,,,-3.0,pretrend,-0.6087720468920474,-0.6118186989562602,0.20807462487564699,-1.0241494756791745,-0.9551889470541174,-0.26806161932122663,-0.2104929294266958,0.004,0.008,0.008,-0.3018931050156102,correction_completion,PT_violation_a20,3,200,9,51965350,raw_structured,,,,
PRE_SUB,X2=high_k=-2,,,-2.0,pretrend,-0.3799187186106486,-0.3891226115637365,0.22920267333621275,-0.8219580536541444,-0.7431543262329969,0.0,0.0,0.106,0.212,0.212,-0.1509465525078051,correction_completion,PT_violation_a20,3,200,9,51965350,raw_structured,,,,
PRE_SUBC,X1_k=-4,,,-4.0,pretrend,0.008673249544778104,0.0,0.06942657665664932,-0.013641563809617348,-3.219646771412954e-15,0.02421370944020084,0.1847480709623212,0.5266666666666666,1.0,1.0,0.4292471866467086,correction_completion,PT_violation_a20,3,200,9,51965350,raw_structured,,,,
PRE_SUBC,X1_k=-3,,,-3.0,pretrend,0.007745703211071499,0.0,0.06301370026118615,-0.006355182767913643,-2.55351295663786e-15,0.015660002194544886,0.09503076643860014,0.5246666666666666,1.0,1.0,0.28616479109780574,correction_completion,PT_violation_a20,3,200,9,51965350,raw_structured,,,,
PRE_SUBC,X1_k=-2,,,-2.0,pretrend,0.0024724646268203215,0.0,0.04084079545165708,-5.234701561107612e-15,-1.7763568394002505e-15,2.4980018054066022e-15,0.01578788700281863,0.57,1.0,1.0,0.14308239554890287,correction_completion,PT_violation_a20,3,200,9,51965350,raw_structured,,,,
PRE_SUBC,X1_slope,,,,pretrend,-0.0031416871202355453,0.0,0.025266808839449394,-0.06559938306482657,-0.008616016154281207,1.2020146782682716e-15,0.0055957952004542805,0.5013333333333333,1.0,1.0,-0.14308239554890287,correction_completion,PT_violation_a20,3,200,9,51965350,raw_structured,,,,
PRE_SUBC,X2_k=-4,,,-4.0,pretrend,-0.006168360772894124,0.0,0.04377941632539039,-0.07170541668702649,-0.027235390058630092,1.4432899320127035e-15,2.2905288776797723e-15,0.5353333333333333,1.0,1.0,0.15353823677694128,correction_completion,PT_violation_a20,3,200,9,51965350,raw_structured,,,,
PRE_SUBC,X2_k=-3,,,-3.0,pretrend,-0.005516063817199343,0.0,0.040447820976239585,-0.05929960206799832,-0.022482307521206595,1.390554338343006e-15,1.9456658506555717e-15,0.534,1.0,1.0,0.10235882451796086,correction_completion,PT_violation_a20,3,200,9,51965350,raw_structured,,,,
PRE_SUBC,X2_k=-2,,,-2.0,pretrend,-0.004420308795342447,0.0,0.03596834435631191,-0.043148529631884924,-2.178812685826869e-15,1.1102230246251565e-15,1.4988010832439613e-15,0.5633333333333334,1.0,1.0,0.05117941225898043,correction_completion,PT_violation_a20,3,200,9,51965350,raw_structured,,,,
PRE_SUBC,X2_slope,,,,pretrend,0.0024255370534588217,1.1895246692412391e-17,0.017121941300002264,-9.789788027855396e-16,-5.632399308857267e-16,0.009829817266986724,0.029865278543346124,0.48533333333333334,0.9706666666666667,0.9706666666666667,-0.05117941225898043,correction_completion,PT_violation_a20,3,200,9,51965350,raw_structured,,,,
PRE,k=-4,,,-4.0,reference_fold_pretrend,-0.6755049466697317,-0.6779662347483646,0.2058318509976846,-1.098756122145013,-1.0077502913271439,-0.3369334747525344,-0.26807780456687696,0.0,0.0,0.0,-0.5996614675075732,correction_completion,PT_violation_a20,3,200,9,51965350,reference_fold_convolution_rf,,,,
PRE,k=-3,,,-3.0,reference_fold_pretrend,-0.622718478187678,-0.619381950752973,0.19808260224647445,-1.0166697137345937,-0.9616889896662194,-0.3034515222563747,-0.24220619518374675,0.0006666666666666666,0.0013333333333333333,0.0013333333333333333,-0.39977431167171545,correction_completion,PT_violation_a20,3,200,9,51965350,reference_fold_convolution_rf,,,,
PRE,k=-2,,,-2.0,reference_fold_pretrend,-0.36503733900043095,-0.3627670280299835,0.18993563160731602,-0.7352825069119915,-0.6730115351510365,-0.04469352837446535,0.0,0.035333333333333335,0.07066666666666667,0.07066666666666667,-0.19988715583585773,correction_completion,PT_violation_a20,3,200,9,51965350,reference_fold_convolution_rf,,,,
PRE,slope,,,,reference_fold_pretrend,0.2597849382417845,0.25884217164912393,0.0779750418579936,0.10520356208994316,0.13328901656864478,0.3945413793867444,0.41354857541618345,0.0,0.0,0.0,0.19988715583585773,correction_completion,PT_violation_a20,3,200,9,51965350,reference_fold_convolution_rf,,,,
PRE_SUB,X1=0_k=-4,,,-4.0,reference_fold_pretrend,-0.700966998908534,-0.6966798490386074,0.2134623086104568,-1.1398689391632315,-1.0600890072522358,-0.3454872682568397,-0.28945915101393316,0.0,0.0,0.0,-0.8292690432202646,correction_completion,PT_violation_a20,3,200,9,51965350,reference_fold_convolution_rf,,,,
PRE_SUB,X1=0_k=-3,,,-3.0,reference_fold_pretrend,-0.6409733079849043,-0.6368204740177575,0.20662423636920305,-1.0559665563252336,-0.9943202964628898,-0.3136578759519445,-0.23514136065675265,0.0006666666666666666,0.0013333333333333333,0.0013333333333333333,-0.5528460288135097,correction_completion,PT_violation_a20,3,200,9,51965350,reference_fold_convolution_rf,,,,
PRE_SUB,X1=0_k=-2,,,-2.0,reference_fold_pretrend,-0.3347343120193199,-0.3261289113128887,0.18958329610425526,-0.7154433923746212,-0.6409305492909443,-0.029465477374252053,0.0,0.04066666666666666,0.08133333333333333,0.08133333333333333,-0.2764230144067549,correction_completion,PT_violation_a20,3,200,9,51965350,reference_fold_convolution_rf,,,,
PRE_SUB,X1=1_k=-4,,,-4.0,reference_fold_pretrend,-0.6534378347294366,-0.6607945010874178,0.21279553223124076,-1.0881450681553542,-0.997721733455743,-0.3120808848476915,-0.23976609124752057,0.0,0.0,0.0,-0.40002185657355604,correction_completion,PT_violation_a20,3,200,9,51965350,reference_fold_convolution_rf,,,,
PRE_SUB,X1=1_k=-3,,,-3.0,reference_fold_pretrend,-0.6068976256967485,-0.6076500062290385,0.20356701270577934,-1.0127059692114566,-0.9507929819546393,-0.2805384033696058,-0.21532120563091967,0.0013333333333333333,0.0026666666666666666,0.0026666666666666666,-0.266681237715704,correction_completion,PT_violation_a20,3,200,9,51965350,reference_fold_convolution_rf,,,,
PRE_SUB,X1=1_k=-2,,,-2.0,reference_fold_pretrend,-0.3912999623840604,-0.3946063022813318,0.1979802645663868,-0.770824965141762,-0.7162743507132547,-0.050460523261542975,0.0,0.034,0.068,0.068,-0.133340618857852,correction_completion,PT_violation_a20,3,200,9,51965350,reference_fold_convolution_rf,,,,
PRE_SUB,X2=low_k=-4,,,-4.0,reference_fold_pretrend,-0.6780195045073311,-0.6781128452616909,0.20661023408330167,-1.1053877325306307,-1.0159388438206653,-0.3385625661889942,-0.27788337613481123,0.0,0.0,0.0,-0.6063778943003566,correction_completion,PT_violation_a20,3,200,9,51965350,reference_fold_convolution_rf,,,,
PRE_SUB,X2=low_k=-3,,,-3.0,reference_fold_pretrend,-0.6243894121782464,-0.6212918684874466,0.19849867282800435,-1.0246918354082721,-0.9677755439477562,-0.30645660227247906,-0.252723100201268,0.0006666666666666666,0.0013333333333333333,0.0013333333333333333,-0.40425192953357103,correction_completion,PT_violation_a20,3,200,9,51965350,reference_fold_convolution_rf,,,,
PRE_SUB,X2=low_k=-2,,,-2.0,reference_fold_pretrend,-0.3621438799423467,-0.3612421472229581,0.18921612580336494,-0.7284927539480608,-0.6666877964755406,-0.046682115316705464,0.0,0.035333333333333335,0.07066666666666667,0.07066666666666667,-0.20212596476678552,correction_completion,PT_violation_a20,3,200,9,51965350,reference_fold_convolution_rf,,,,
PRE_SUB,X2=high_k=-4,,,-4.0,reference_fold_pretrend,-0.662156598717173,-0.6681495249669447,0.20958885477590727,-1.0836848455480286,-0.9989177132884062,-0.3231045642763828,-0.24566891776395502,0.0,0.0,0.0,-0.45283965752341526,correction_completion,PT_violation_a20,3,200,9,51965350,reference_fold_convolution_rf,,,,
PRE_SUB,X2=high_k=-3,,,-3.0,reference_fold_pretrend,-0.6144608102224267,-0.6160543404265744,0.20152336801939796,-1.006479402463767,-0.9499976092375096,-0.28589126829170175,-0.22665390066412627,0.0006666666666666666,0.0013333333333333333,0.0013333333333333333,-0.3018931050156102,correction_completion,PT_violation_a20,3,200,9,51965350,reference_fold_convolution_rf,,,,
PRE_SUB,X2=high_k=-2,,,-2.0,reference_fold_pretrend,-0.386327986325724,-0.3895376039079803,0.19723265199496967,-0.759309102813137,-0.7122158228168484,-0.043071123087266,0.0,0.034666666666666665,0.06933333333333333,0.06933333333333333,-0.1509465525078051,correction_completion,PT_violation_a20,3,200,9,51965350,reference_fold_convolution_rf,,,,
PRE_SUBC,X1_k=-4,,,-4.0,reference_fold_pretrend,0.0475291641790973,0.0412531596325135,0.11068464585936162,-0.16173533741517265,-0.10756972886100186,0.22898201136117,0.2941572208484275,0.31333333333333335,0.6266666666666667,0.6266666666666667,0.4292471866467086,correction_completion,PT_violation_a20,3,200,9,51965350,reference_fold_convolution_rf,,,,
PRE_SUBC,X1_k=-3,,,-3.0,reference_fold_pretrend,0.034075682288155745,0.025319642608973153,0.10581737981708082,-0.15319845010184946,-0.11528744167690011,0.21284275833351615,0.2686389696553199,0.37533333333333335,0.7506666666666667,0.7506666666666667,0.28616479109780574,correction_completion,PT_violation_a20,3,200,9,51965350,reference_fold_convolution_rf,,,,
PRE_SUBC,X1_k=-2,,,-2.0,reference_fold_pretrend,-0.05656565036474044,-0.05628482432185081,0.08044733497374065,-0.20891601703033352,-0.18318459908287046,0.07343644906931318,0.09282005786562497,0.242,0.484,0.484,0.14308239554890287,correction_completion,PT_violation_a20,3,200,9,51965350,reference_fold_convolution_rf,,,,
PRE_SUBC,X1_slope,,,,reference_fold_pretrend,-0.011012371910633069,-0.00861464200514042,0.04071007181725796,-0.09472304323218386,-0.07758061788059012,0.04712825097593319,0.06703151223122257,0.4026666666666667,0.8053333333333333,0.8053333333333333,-0.14308239554890287,correction_completion,PT_violation_a20,3,200,9,51965350,reference_fold_convolution_rf,,,,
PRE_SUBC,X2_k=-4,,,-4.0,reference_fold_pretrend,0.015862905790158043,0.016830617570341044,0.05426621500750418,-0.08549178168295239,-0.05008221502712126,0.08802687213323683,0.1105924480661694,0.31733333333333336,0.6346666666666667,0.6346666666666667,0.15353823677694128,correction_completion,PT_violation_a20,3,200,9,51965350,reference_fold_convolution_rf,,,,
PRE_SUBC,X2_k=-3,,,-3.0,reference_fold_pretrend,0.009928601955819683,0.01052440154798151,0.05071205513972314,-0.07819522402408223,-0.053448646898852814,0.07599161451503027,0.0949754903687708,0.376,0.752,0.752,0.10235882451796086,correction_completion,PT_violation_a20,3,200,9,51965350,reference_fold_convolution_rf,,,,
PRE_SUBC,X2_k=-2,,,-2.0,reference_fold_pretrend,-0.024184106383377316,-0.022764767218102305,0.04439329405168436,-0.09472695124654905,-0.07703061074504568,0.031585578565507914,0.046762289418260036,0.25133333333333335,0.5026666666666667,0.5026666666666667,0.05117941225898043,correction_completion,PT_violation_a20,3,200,9,51965350,reference_fold_convolution_rf,,,,
PRE_SUBC,X2_slope,,,,reference_fold_pretrend,-0.0030901296356240127,-0.003551005080738041,0.020638511208711165,-0.03741807838708621,-0.030502451455982613,0.02126128196866018,0.03248371320762888,0.4026666666666667,0.8053333333333333,0.8053333333333333,-0.05117941225898043,correction_completion,PT_violation_a20,3,200,9,51965350,reference_fold_convolution_rf,,,,
PRE,k=-4,,,-4.0,pretrend,-0.15527849501073593,-0.1467420972109298,0.17411021105043467,-0.5059847954578374,-0.4439150358624172,0.1145216916236062,0.16830859796945166,0.21266666666666667,0.42533333333333334,0.42533333333333334,-0.14999999999999997,correction_completion,PT_violation_g05,1,200,193,3477300902,raw_structured,,,,
PRE,k=-3,,,-3.0,pretrend,-0.12787173417087538,-0.11545771927829526,0.159849999045029,-0.4598347244496237,-0.4077643486777926,0.10658215188708288,0.16513408663243223,0.2813333333333333,0.5626666666666666,0.5626666666666666,-0.09999999999999998,correction_completion,PT_violation_g05,1,200,193,3477300902,raw_structured,,,,
PRE,k=-2,,,-2.0,pretrend,-0.10597315291201513,-0.06349155838027357,0.1546625502599554,-0.45849570885777124,-0.39567855280383774,0.0860878428447019,0.14213897726038976,0.4093333333333333,0.8186666666666667,0.8186666666666667,-0.04999999999999999,correction_completion,PT_violation_g05,1,200,193,3477300902,raw_structured,,,,
PRE,slope,,,,pretrend,0.0591108647347124,0.05335733357966302,0.06459027942392094,-0.05776149414230091,-0.037446376011053266,0.1738962717903038,0.19285701905886243,0.19533333333333333,0.39066666666666666,0.39066666666666666,0.04999999999999999,correction_completion,PT_violation_g05,1,200,193,3477300902,raw_structured,,,,
PRE_SUB,X1=0_k=-4,,,-4.0,pretrend,-0.08064272469590625,-0.08460874874450464,0.2024287946169278,-0.46911347105726947,-0.3896901317868792,0.2647589434831855,0.33960600597608664,0.3626666666666667,0.7253333333333334,0.7253333333333334,-0.1499999999999999,correction_completion,PT_violation_g05,1,200,193,3477300902,raw_structured,,,,
PRE_SUB,X1=0_k=-3,,,-3.0,pretrend,-0.055046729169622166,-0.03363982993867944,0.18958916530507053,-0.41206094935597964,-0.3653231995241046,0.2699644664445735,0.3508451679994769,0.446,0.892,0.892,-0.09999999999999995,correction_completion,PT_violation_g05,1,200,193,3477300902,raw_structured,,,,
PRE_SUB,X1=0_k=-2,,,-2.0,pretrend,-0.07355811108898053,-0.005026609684009285,0.16415232571950444,-0.4305395725130596,-0.3716569115937083,0.17671039206094064,0.2545884062039543,0.49666666666666665,0.9933333333333333,0.9933333333333333,-0.049999999999999975,correction_completion,PT_violation_g05,1,200,193,3477300902,raw_structured,,,,
PRE_SUB,X1=1_k=-4,,,-4.0,pretrend,-0.23330680033987602,-0.22010464368426053,0.21729930057830485,-0.7009564336257945,-0.6179051702748207,0.07393832593108798,0.13894542381962083,0.15933333333333333,0.31866666666666665,0.31866666666666665,-0.14999999999999994,correction_completion,PT_violation_g05,1,200,193,3477300902,raw_structured,,,,
PRE_SUB,X1=1_k=-3,,,-3.0,pretrend,-0.2040069666721856,-0.18321759272746518,0.2063675644920012,-0.6431518942737179,-0.5651587451028336,0.06747799818043812,0.12201020856839562,0.22933333333333333,0.45866666666666667,0.45866666666666667,-0.09999999999999996,correction_completion,PT_violation_g05,1,200,193,3477300902,raw_structured,,,,
PRE_SUB,X1=1_k=-2,,,-2.0,pretrend,-0.13986160572700584,-0.09005084948507827,0.18790779866633278,-0.5741767150410289,-0.4894514716347587,0.07340290169561957,0.1334831284187647,0.39066666666666666,0.7813333333333333,0.7813333333333333,-0.04999999999999998,correction_completion,PT_violation_g05,1,200,193,3477300902,raw_structured,,,,
PRE_SUB,X2=low_k=-4,,,-4.0,pretrend,-0.1553275433506786,-0.14562721362705255,0.17524449101402215,-0.515716561685973,-0.44549212976420943,0.12023597101749846,0.1731233318967874,0.218,0.436,0.436,-0.15000000000000005,correction_completion,PT_violation_g05,1,200,193,3477300902,raw_structured,,,,
PRE_SUB,X2=low_k=-3,,,-3.0,pretrend,-0.1288546159222133,-0.1191330061546621,0.16064217682970186,-0.46860452088709437,-0.4091273635021233,0.11290423923935325,0.1695265153475389,0.28,0.56,0.56,-0.10000000000000003,correction_completion,PT_violation_g05,1,200,193,3477300902,raw_structured,,,,
PRE_SUB,X2=low_k=-2,,,-2.0,pretrend,-0.10413868227859385,-0.059664506918774535,0.15577731511518117,-0.45756465927972423,-0.3966303856756489,0.09048145605370539,0.15157472994594742,0.41933333333333334,0.8386666666666667,0.8386666666666667,-0.05000000000000002,correction_completion,PT_violation_g05,1,200,193,3477300902,raw_structured,,,,
PRE_SUB,X2=high_k=-4,,,-4.0,pretrend,-0.15241419926553781,-0.14133710382615622,0.18336125315718368,-0.558633501787352,-0.46737579641882626,0.13432511277104225,0.18377461309549897,0.226,0.452,0.452,-0.15000000000000005,correction_completion,PT_violation_g05,1,200,193,3477300902,raw_structured,,,,
PRE_SUB,X2=high_k=-3,,,-3.0,pretrend,-0.12399835218455575,-0.10685291349987142,0.16967508262623895,-0.4785342512969779,-0.42513848303602925,0.13009448262238496,0.1868899555366193,0.294,0.588,0.588,-0.10000000000000003,correction_completion,PT_violation_g05,1,200,193,3477300902,raw_structured,,,,
PRE_SUB,X2=high_k=-2,,,-2.0,pretrend,-0.10803460935668094,-0.06246883945366889,0.1624620232442382,-0.47226556190078695,-0.4182970138531686,0.08806296774364235,0.15394664914860387,0.41733333333333333,0.8346666666666667,0.8346666666666667,-0.05000000000000002,correction_completion,PT_violation_g05,1,200,193,3477300902,raw_structured,,,,
PRE_SUBC,X1_k=-4,,,-4.0,pretrend,-0.15266407564396983,-2.220446049250313e-16,0.23427557305059876,-0.6740730537904707,-0.6151529314791653,0.004645638274458643,0.026707815973864915,0.37333333333333335,0.7466666666666667,0.7466666666666667,-2.0816681711721685e-17,correction_completion,PT_violation_g05,1,200,193,3477300902,raw_structured,,,,
PRE_SUBC,X1_k=-3,,,-3.0,pretrend,-0.14896023750256343,-1.6653345369377348e-16,0.23363828171078493,-0.6794881836807217,-0.615152931479166,2.8288747032779254e-06,0.01919017583818993,0.404,0.808,0.808,-1.3877787807814457e-17,correction_completion,PT_violation_g05,1,200,193,3477300902,raw_structured,,,,
PRE_SUBC,X1_k=-2,,,-2.0,pretrend,-0.06630349463802533,0.0,0.1687334909211706,-0.5932575962072808,-0.5134849252075993,0.0014473889051539704,0.02587193820122357,0.5813333333333334,1.0,1.0,-6.938893903907228e-18,correction_completion,PT_violation_g05,1,200,193,3477300902,raw_structured,,,,
PRE_SUBC,X1_slope,,,,pretrend,0.05872972832679012,8.103636809205941e-17,0.09103399172972947,-0.009751564823259017,-0.0019340194243969765,0.24215540594459758,0.2691172143146296,0.364,0.728,0.728,6.938893903907228e-18,correction_completion,PT_violation_g05,1,200,193,3477300902,raw_structured,,,,
PRE_SUBC,X2_k=-4,,,-4.0,pretrend,0.002913344085140795,1.5265566588595902e-16,0.0816839999359565,-0.26212111761242846,-0.0989662757779897,0.0820203908638882,0.0908961930447579,0.4066666666666667,0.8133333333333334,0.8133333333333334,-0.0,correction_completion,PT_violation_g05,1,200,193,3477300902,raw_structured,,,,
PRE_SUBC,X2_k=-3,,,-3.0,pretrend,0.004856263737657548,9.71445146547012e-17,0.07759174841486907,-0.21466274626467932,-0.07153240278031311,0.08202039086388868,0.09098466519456459,0.43733333333333335,0.8746666666666667,0.8746666666666667,-0.0,correction_completion,PT_violation_g05,1,200,193,3477300902,raw_structured,,,,
PRE_SUBC,X2_k=-2,,,-2.0,pretrend,-0.0038959270780870967,0.0,0.0699089271308248,-0.20767703664879972,-0.05584995675282251,0.06839849085139611,0.07919538624534382,0.5846666666666667,1.0,1.0,-0.0,correction_completion,PT_violation_g05,1,200,193,3477300902,raw_structured,,,,
PRE_SUBC,X2_slope,,,,pretrend,-0.0010397594751893134,-5.551115123125783e-17,0.032750000937388724,-0.03684538523746534,-0.031853699413830365,0.035283435174129955,0.10156988295053404,0.4013333333333333,0.8026666666666666,0.8026666666666666,0.0,correction_completion,PT_violation_g05,1,200,193,3477300902,raw_structured,,,,
PRE,k=-4,,,-4.0,reference_fold_pretrend,-0.25313530899434855,-0.2549349254509269,0.16789903973035045,-0.5933736785271557,-0.5346449790562234,0.022839941767533924,0.06453914833659988,0.06466666666666666,0.12933333333333333,0.12933333333333333,-0.14999999999999997,correction_completion,PT_violation_g05,1,200,193,3477300902,reference_fold_convolution_rf,,,,
PRE,k=-3,,,-3.0,reference_fold_pretrend,-0.22107467424744384,-0.22130117805030247,0.15326474730381012,-0.5322344460306571,-0.4766141661972353,0.011343441760205903,0.058178927349239754,0.06666666666666667,0.13333333333333333,0.13333333333333333,-0.09999999999999998,correction_completion,PT_violation_g05,1,200,193,3477300902,reference_fold_convolution_rf,,,,
PRE,k=-2,,,-2.0,reference_fold_pretrend,-0.19729792893703674,-0.19784185790795494,0.14221454053954477,-0.4806676781084401,-0.43008696811482233,0.018351614447140573,0.05593294869423069,0.096,0.192,0.192,-0.04999999999999999,correction_completion,PT_violation_g05,1,200,193,3477300902,reference_fold_convolution_rf,,,,
PRE,slope,,,,reference_fold_pretrend,0.09991808602964071,0.1016125731155007,0.06231046700877927,-0.019156867779906113,-0.0021575046519185376,0.2053030274341362,0.2285947344105899,0.05466666666666667,0.10933333333333334,0.10933333333333334,0.04999999999999999,correction_completion,PT_violation_g05,1,200,193,3477300902,reference_fold_convolution_rf,,,,
PRE_SUB,X1=0_k=-4,,,-4.0,reference_fold_pretrend,-0.17784296129745863,-0.1779270029785923,0.17691222687616157,-0.5354839697977487,-0.4697192709927158,0.10462844401503425,0.16801017649797503,0.15933333333333333,0.31866666666666665,0.31866666666666665,-0.1499999999999999,correction_completion,PT_violation_g05,1,200,193,3477300902,reference_fold_convolution_rf,,,,
PRE_SUB,X1=0_k=-3,,,-3.0,reference_fold_pretrend,-0.14832421774772006,-0.14690082113395292,0.1634874350358867,-0.4712476918854323,-0.41558105179698424,0.12461552464994503,0.17226174461865512,0.17933333333333334,0.3586666666666667,0.3586666666666667,-0.09999999999999995,correction_completion,PT_violation_g05,1,200,193,3477300902,reference_fold_convolution_rf,,,,
PRE_SUB,X1=0_k=-2,,,-2.0,reference_fold_pretrend,-0.14979383070057617,-0.15063999506940545,0.14178123322152816,-0.4273467186127744,-0.37991019057791886,0.07917391250003482,0.13624175602498267,0.15866666666666668,0.31733333333333336,0.31733333333333336,-0.049999999999999975,correction_completion,PT_violation_g05,1,200,193,3477300902,reference_fold_convolution_rf,,,,
PRE_SUB,X1=1_k=-4,,,-4.0,reference_fold_pretrend,-0.33185003613200625,-0.32873537909371486,0.19568164305902713,-0.7282932991181912,-0.6723720897916792,-0.01303879400810102,0.044148664819076755,0.04533333333333334,0.09066666666666667,0.09066666666666667,-0.14999999999999994,correction_completion,PT_violation_g05,1,200,193,3477300902,reference_fold_convolution_rf,,,,
PRE_SUB,X1=1_k=-3,,,-3.0,reference_fold_pretrend,-0.2971319696789732,-0.2907564971136384,0.18135024846395506,-0.6707043627322632,-0.6081465846123985,-0.007116970922891652,0.034776958142361085,0.04666666666666667,0.09333333333333334,0.09333333333333334,-0.09999999999999996,correction_completion,PT_violation_g05,1,200,193,3477300902,reference_fold_convolution_rf,,,,
PRE_SUB,X1=1_k=-2,,,-2.0,reference_fold_pretrend,-0.24696130436606373,-0.24596054098020065,0.1656187299091118,-0.5756011104316573,-0.5241927366155194,0.0001823915603021343,0.039998005720848724,0.084,0.168,0.168,-0.04999999999999998,correction_completion,PT_violation_g05,1,200,193,3477300902,reference_fold_convolution_rf,,,,
PRE_SUB,X2=low_k=-4,,,-4.0,reference_fold_pretrend,-0.26228360942300527,-0.264748464543539,0.17180620259155607,-0.6048912779793312,-0.5485564900269941,0.023176256871730593,0.06918191412340574,0.064,0.128,0.128,-0.15000000000000005,correction_completion,PT_violation_g05,1,200,193,3477300902,reference_fold_convolution_rf,,,,
PRE_SUB,X2=low_k=-3,,,-3.0,reference_fold_pretrend,-0.23100258548034652,-0.23074168428074238,0.15673294544353608,-0.5515875591788737,-0.49478615467311476,0.0103384482092569,0.056713813779823916,0.062,0.124,0.124,-0.10000000000000003,correction_completion,PT_violation_g05,1,200,193,3477300902,reference_fold_convolution_rf,,,,
PRE_SUB,X2=low_k=-2,,,-2.0,reference_fold_pretrend,-0.206744445150481,-0.20895084884900517,0.14758026831332605,-0.5043645642509665,-0.45236891164495363,0.019505854416063503,0.06498143259080622,0.102,0.204,0.204,-0.05000000000000002,correction_completion,PT_violation_g05,1,200,193,3477300902,reference_fold_convolution_rf,,,,
PRE_SUB,X2=high_k=-4,,,-4.0,reference_fold_pretrend,-0.2161882469004895,-0.2107846196825208,0.16608027110328982,-0.5624341536303861,-0.5031602058157483,0.049618435614309404,0.08921437733115563,0.088,0.176,0.176,-0.15000000000000005,correction_completion,PT_violation_g05,1,200,193,3477300902,reference_fold_convolution_rf,,,,
PRE_SUB,X2=high_k=-3,,,-3.0,reference_fold_pretrend,-0.18402344737939566,-0.1814939000146351,0.15126184429395007,-0.5124477857745666,-0.43748396595024486,0.04500674410824016,0.10488991455060584,0.10466666666666667,0.20933333333333334,0.20933333333333334,-0.10000000000000003,correction_completion,PT_violation_g05,1,200,193,3477300902,reference_fold_convolution_rf,,,,
PRE_SUB,X2=high_k=-2,,,-2.0,reference_fold_pretrend,-0.16334349537291057,-0.16319731841331941,0.13460276612507732,-0.43279689110838593,-0.3919675126405653,0.03876448516608566,0.08750483154057859,0.11933333333333333,0.23866666666666667,0.23866666666666667,-0.05000000000000002,correction_completion,PT_violation_g05,1,200,193,3477300902,reference_fold_convolution_rf,,,,
PRE_SUBC,X1_k=-4,,,-4.0,reference_fold_pretrend,-0.1540070748345476,-0.09333914103898566,0.16161749651883003,-0.5516277935506663,-0.4796358837857463,0.015543813165832972,0.037067008138162945,0.1,0.2,0.2,-2.0816681711721685e-17,correction_completion,PT_violation_g05,1,200,193,3477300902,reference_fold_convolution_rf,,,,
PRE_SUBC,X1_k=-3,,,-3.0,reference_fold_pretrend,-0.14880775193125317,-0.08781460282065903,0.15814664140226706,-0.5433184521071824,-0.46441777298131226,0.01363669243735157,0.033789680121414256,0.086,0.172,0.172,-1.3877787807814457e-17,correction_completion,PT_violation_g05,1,200,193,3477300902,reference_fold_convolution_rf,,,,
PRE_SUBC,X1_k=-2,,,-2.0,reference_fold_pretrend,-0.09716747366548759,-0.0640754505509362,0.1176614844965685,-0.43076796432462294,-0.3533028598997596,0.011061051138771281,0.026579172087925713,0.112,0.224,0.224,-6.938893903907228e-18,correction_completion,PT_violation_g05,1,200,193,3477300902,reference_fold_convolution_rf,,,,
PRE_SUBC,X1_slope,,,,reference_fold_pretrend,0.06120030014511691,0.037514463567071,0.06252633078895428,-0.010112110993873175,-0.004448236815463064,0.18527319638673315,0.21252527108466726,0.07466666666666667,0.14933333333333335,0.14933333333333335,6.938893903907228e-18,correction_completion,PT_violation_g05,1,200,193,3477300902,reference_fold_convolution_rf,,,,
PRE_SUBC,X2_k=-4,,,-4.0,reference_fold_pretrend,0.0460953625225158,0.052799166415199605,0.06555382074290651,-0.13152660704686261,-0.06570566150248197,0.13209660192000658,0.1503816212159836,0.16933333333333334,0.33866666666666667,0.33866666666666667,-0.0,correction_completion,PT_violation_g05,1,200,193,3477300902,reference_fold_convolution_rf,,,,
PRE_SUBC,X2_k=-3,,,-3.0,reference_fold_pretrend,0.04697913810095084,0.05171020420593585,0.059401712488509575,-0.11858472225924523,-0.043944446960572175,0.12658385548516152,0.14075398058567706,0.14933333333333335,0.2986666666666667,0.2986666666666667,-0.0,correction_completion,PT_violation_g05,1,200,193,3477300902,reference_fold_convolution_rf,,,,
PRE_SUBC,X2_k=-2,,,-2.0,reference_fold_pretrend,0.0434009497775704,0.0476236929751781,0.054045967780161554,-0.08891575114710269,-0.02892299968504348,0.11498493803705843,0.12769251914298224,0.15066666666666667,0.30133333333333334,0.30133333333333334,-0.0,correction_completion,PT_violation_g05,1,200,193,3477300902,reference_fold_convolution_rf,,,,
PRE_SUBC,X2_slope,,,,reference_fold_pretrend,-0.019688950967644246,-0.021636906313366448,0.02479289866403889,-0.05826082386509879,-0.05253513013660275,0.019782071207903096,0.04714334430159394,0.14266666666666666,0.2853333333333333,0.2853333333333333,0.0,correction_completion,PT_violation_g05,1,200,193,3477300902,reference_fold_convolution_rf,,,,
PRE,k=-4,,,-4.0,pretrend,-0.1705844255379033,-0.15636327526333987,0.17431466832616008,-0.5509431747818088,-0.48591361420948054,0.07526913130636936,0.13196094265331673,0.19866666666666666,0.3973333333333333,0.3973333333333333,-0.3,correction_completion,PT_violation_g10,1,200,177,3430564025,raw_structured,,,,
PRE,k=-3,,,-3.0,pretrend,-0.15373122205002757,-0.13324180419491094,0.16576937457928967,-0.495113885672972,-0.44949837125088216,0.06230344581609361,0.1236165879720506,0.25533333333333336,0.5106666666666667,0.5106666666666667,-0.19999999999999998,correction_completion,PT_violation_g10,1,200,177,3430564025,raw_structured,,,,
PRE,k=-2,,,-2.0,pretrend,-0.12521448399574975,-0.06788245053510637,0.16188694088299885,-0.4762516166440405,-0.42568592652709497,0.03017038765501387,0.09807886910704257,0.42533333333333334,0.8506666666666667,0.8506666666666667,-0.09999999999999999,correction_completion,PT_violation_g10,1,200,177,3430564025,raw_structured,,,,
PRE,slope,,,,pretrend,0.06745930033639391,0.05901693312565037,0.06689137847677477,-0.03881998684249915,-0.019887862322307714,0.1917516632649993,0.21127534178146018,0.18933333333333333,0.37866666666666665,0.37866666666666665,0.09999999999999999,correction_completion,PT_violation_g10,1,200,177,3430564025,raw_structured,,,,
PRE_SUB,X1=0_k=-4,,,-4.0,pretrend,-0.16678473994621848,-0.15085440052330173,0.1762028423263939,-0.5461397350968131,-0.48240477462349085,0.09150771591861448,0.13910529074082817,0.20933333333333334,0.4186666666666667,0.4186666666666667,-0.29999999999999993,correction_completion,PT_violation_g10,1,200,177,3430564025,raw_structured,,,,
PRE_SUB,X1=0_k=-3,,,-3.0,pretrend,-0.15033522912861094,-0.13028644218395208,0.16693616999080654,-0.4926972646029406,-0.44823533580906727,0.0667699400711694,0.1332723226115128,0.26666666666666666,0.5333333333333333,0.5333333333333333,-0.19999999999999996,correction_completion,PT_violation_g10,1,200,177,3430564025,raw_structured,,,,
PRE_SUB,X1=0_k=-2,,,-2.0,pretrend,-0.12355045275515386,-0.06232906862833057,0.16221066507674353,-0.47625161664403975,-0.42386286481099444,0.03973546208766531,0.10273342848746667,0.43133333333333335,0.8626666666666667,0.8626666666666667,-0.09999999999999998,correction_completion,PT_violation_g10,1,200,177,3430564025,raw_structured,,,,
PRE_SUB,X1=1_k=-4,,,-4.0,pretrend,-0.17679366784626624,-0.159834119942111,0.17788971266787656,-0.5616510900250473,-0.49097362850932624,0.0699060618791897,0.13111227739985074,0.192,0.384,0.384,-0.3,correction_completion,PT_violation_g10,1,200,177,3430564025,raw_structured,,,,
PRE_SUB,X1=1_k=-3,,,-3.0,pretrend,-0.1592807714581962,-0.13681066986355972,0.1696058557616541,-0.5159008303505751,-0.4656973827710566,0.05840151366147076,0.11500429680831123,0.254,0.508,0.508,-0.19999999999999998,correction_completion,PT_violation_g10,1,200,177,3430564025,raw_structured,,,,
PRE_SUB,X1=1_k=-2,,,-2.0,pretrend,-0.1279337545596503,-0.0691742175961722,0.16461622754583172,-0.4835515676900681,-0.43940746402505737,0.030170387655013894,0.09608767783394954,0.426,0.852,0.852,-0.09999999999999999,correction_completion,PT_violation_g10,1,200,177,3430564025,raw_structured,,,,
PRE_SUB,X2=low_k=-4,,,-4.0,pretrend,-0.15917176222868704,-0.14510874417321296,0.179393338896657,-0.5402846766469016,-0.47471520117406957,0.10946732652499513,0.17413334518203075,0.22,0.44,0.44,-0.30000000000000004,correction_completion,PT_violation_g10,1,200,177,3430564025,raw_structured,,,,
PRE_SUB,X2=low_k=-3,,,-3.0,pretrend,-0.1426220111768471,-0.12279793950465563,0.16967955115350777,-0.4878716792848459,-0.4396436999731083,0.0999974826606623,0.16836767358218863,0.27266666666666667,0.5453333333333333,0.5453333333333333,-0.20000000000000004,correction_completion,PT_violation_g10,1,200,177,3430564025,raw_structured,,,,
PRE_SUB,X2=low_k=-2,,,-2.0,pretrend,-0.11902754527323534,-0.055619730052866516,0.1624099772286301,-0.47465387446741053,-0.4227507186735453,0.045811503109401394,0.1093529572387305,0.43733333333333335,0.8746666666666667,0.8746666666666667,-0.10000000000000002,correction_completion,PT_violation_g10,1,200,177,3430564025,raw_structured,,,,
PRE_SUB,X2=high_k=-4,,,-4.0,pretrend,-0.17879920281876086,-0.1613123987204264,0.179774889113948,-0.5688478910370108,-0.5015878258745285,0.06966564111445034,0.13111227739985082,0.19466666666666665,0.3893333333333333,0.3893333333333333,-0.30000000000000004,correction_completion,PT_violation_g10,1,200,177,3430564025,raw_structured,,,,
PRE_SUB,X2=high_k=-3,,,-3.0,pretrend,-0.16203116930227374,-0.1396780703010927,0.17143227944864103,-0.528195165498216,-0.467916845782827,0.05840151366147088,0.12098275091293778,0.25,0.5,0.5,-0.20000000000000004,correction_completion,PT_violation_g10,1,200,177,3430564025,raw_structured,,,,
PRE_SUB,X2=high_k=-2,,,-2.0,pretrend,-0.1290379733226237,-0.0692267110355296,0.16573065137847698,-0.48488914931768684,-0.4364888460386321,0.029254027040941852,0.09721173632718717,0.4246666666666667,0.8493333333333334,0.8493333333333334,-0.10000000000000002,correction_completion,PT_violation_g10,1,200,177,3430564025,raw_structured,,,,
PRE_SUBC,X1_k=-4,,,-4.0,pretrend,-0.01000892790004774,0.0,0.06142513254494898,-0.20730078207349176,-0.03094728611857141,1.1671219546371946e-15,0.006353153173111931,0.5506666666666666,1.0,1.0,-4.163336342344337e-17,correction_completion,PT_violation_g10,1,200,177,3430564025,raw_structured,,,,
PRE_SUBC,X1_k=-3,,,-3.0,pretrend,-0.008945542329585254,0.0,0.055647049365929645,-0.16257485766244126,-0.016639563535955713,9.43689570931383e-16,0.0014712185282851034,0.574,1.0,1.0,-2.7755575615628914e-17,correction_completion,PT_violation_g10,1,200,177,3430564025,raw_structured,,,,
PRE_SUBC,X1_k=-2,,,-2.0,pretrend,-0.004383301804496456,0.0,0.041386029338637324,-0.007066247080848333,-1.3322676295501878e-15,6.388986562022576e-16,1.3086753902768806e-15,0.684,1.0,1.0,-1.3877787807814457e-17,correction_completion,PT_violation_g10,1,200,177,3430564025,raw_structured,,,,
PRE_SUBC,X1_slope,,,,pretrend,0.0037357978688435847,0.0,0.02274098520905126,-0.002042034431810468,-4.4042150878656877e-16,0.011580904859595668,0.06496545667991296,0.538,1.0,1.0,1.3877787807814457e-17,correction_completion,PT_violation_g10,1,200,177,3430564025,raw_structured,,,,
PRE_SUBC,X2_k=-4,,,-4.0,pretrend,-0.019627440590073802,0.0,0.08536173971652751,-0.3220766742876368,-0.19368682053297662,0.002202178388521164,0.007878004220187569,0.5506666666666666,1.0,1.0,-0.0,correction_completion,PT_violation_g10,1,200,177,3430564025,raw_structured,,,,
PRE_SUBC,X2_k=-3,,,-3.0,pretrend,-0.01940915812542665,0.0,0.08280942536844886,-0.3161842823143478,-0.19168962550782231,1.0000680839006285e-15,0.006435393542197202,0.5746666666666667,1.0,1.0,-0.0,correction_completion,PT_violation_g10,1,200,177,3430564025,raw_structured,,,,
PRE_SUBC,X2_k=-2,,,-2.0,pretrend,-0.010010428049388374,0.0,0.05688555092762067,-0.2002834867107899,-1.2823075934420555e-15,6.106226635438361e-16,9.43689570931383e-16,0.69,1.0,1.0,-0.0,correction_completion,PT_violation_g10,1,200,177,3430564025,raw_structured,,,,
PRE_SUBC,X2_slope,,,,pretrend,0.007693647576461649,0.0,0.03268653773707394,-0.0028096240574763914,-0.0006236847444825577,0.07651230870762142,0.12152689145170283,0.5386666666666666,1.0,1.0,0.0,correction_completion,PT_violation_g10,1,200,177,3430564025,raw_structured,,,,
PRE,k=-4,,,-4.0,reference_fold_pretrend,-0.25636765639545034,-0.2466987490222054,0.175960491358879,-0.6137804167983965,-0.5481838572301004,0.021152414818366102,0.076772758123118,0.06466666666666666,0.12933333333333333,0.12933333333333333,-0.3,correction_completion,PT_violation_g10,1,200,177,3430564025,reference_fold_convolution_rf,,,,
PRE,k=-3,,,-3.0,reference_fold_pretrend,-0.23011602827547198,-0.2253057879910466,0.16124051502943815,-0.5627696419186113,-0.5132386147151625,0.01848535553783806,0.06809556276162193,0.07733333333333334,0.15466666666666667,0.15466666666666667,-0.19999999999999998,correction_completion,PT_violation_g10,1,200,177,3430564025,reference_fold_convolution_rf,,,,
PRE,k=-2,,,-2.0,reference_fold_pretrend,-0.17304268361799216,-0.16435855309188885,0.15259875819830301,-0.5152380848102048,-0.44716745512137845,0.03806378008786091,0.08880235617702824,0.16466666666666666,0.3293333333333333,0.3293333333333333,-0.09999999999999999,correction_completion,PT_violation_g10,1,200,177,3430564025,reference_fold_convolution_rf,,,,
PRE,slope,,,,reference_fold_pretrend,0.1001698363825205,0.09514235062181133,0.0645455007639976,-0.015282688813244934,-0.001858661463098071,0.21070267885821675,0.23241593376635702,0.05533333333333333,0.11066666666666666,0.11066666666666666,0.09999999999999999,correction_completion,PT_violation_g10,1,200,177,3430564025,reference_fold_convolution_rf,,,,
PRE_SUB,X1=0_k=-4,,,-4.0,reference_fold_pretrend,-0.24838245436960565,-0.24050886236542124,0.1778533642812388,-0.609987265854175,-0.5461522296227007,0.03253272002777275,0.08939808959974298,0.072,0.144,0.144,-0.29999999999999993,correction_completion,PT_violation_g10,1,200,177,3430564025,reference_fold_convolution_rf,,,,
PRE_SUB,X1=0_k=-3,,,-3.0,reference_fold_pretrend,-0.2226792817339849,-0.2193236105492516,0.16247258051948305,-0.5534837784162974,-0.49822650682588276,0.028325617999585058,0.07861535296666634,0.084,0.168,0.168,-0.19999999999999996,correction_completion,PT_violation_g10,1,200,177,3430564025,reference_fold_convolution_rf,,,,
PRE_SUB,X1=0_k=-2,,,-2.0,reference_fold_pretrend,-0.1672146789175545,-0.15842989019668302,0.1525841969748495,-0.5083986109123072,-0.4450954621713333,0.04190053057795475,0.09853820708028917,0.17133333333333334,0.3426666666666667,0.3426666666666667,-0.09999999999999998,correction_completion,PT_violation_g10,1,200,177,3430564025,reference_fold_convolution_rf,,,,
PRE_SUB,X1=1_k=-4,,,-4.0,reference_fold_pretrend,-0.2694166450718306,-0.26093556560525727,0.18101931177991315,-0.6367492722095163,-0.5752680382152555,0.012394332899571299,0.06629335714078703,0.06066666666666667,0.12133333333333333,0.12133333333333333,-0.3,correction_completion,PT_violation_g10,1,200,177,3430564025,reference_fold_convolution_rf,,,,
PRE_SUB,X1=1_k=-3,,,-3.0,reference_fold_pretrend,-0.24226876042863363,-0.23620617766788593,0.16693001527780227,-0.5850540984644349,-0.5277648235610102,0.012336279923754696,0.06355817159181223,0.07133333333333333,0.14266666666666666,0.14266666666666666,-0.19999999999999998,correction_completion,PT_violation_g10,1,200,177,3430564025,reference_fold_convolution_rf,,,,
PRE_SUB,X1=1_k=-2,,,-2.0,reference_fold_pretrend,-0.1825664961772439,-0.17324752326683435,0.15905099125905278,-0.5337333175113286,-0.46865139771530256,0.03490954297260283,0.08638483034984483,0.15933333333333333,0.31866666666666665,0.31866666666666665,-0.09999999999999999,correction_completion,PT_violation_g10,1,200,177,3430564025,reference_fold_convolution_rf,,,,
PRE_SUB,X2=low_k=-4,,,-4.0,reference_fold_pretrend,-0.2248374236620776,-0.21784647201070895,0.18192778696826525,-0.5794389517319297,-0.519352356181603,0.06838359963832576,0.11843221157788454,0.09733333333333333,0.19466666666666665,0.19466666666666665,-0.30000000000000004,correction_completion,PT_violation_g10,1,200,177,3430564025,reference_fold_convolution_rf,,,,
PRE_SUB,X2=low_k=-3,,,-3.0,reference_fold_pretrend,-0.20531948130215294,-0.19567568047089404,0.16648624112095495,-0.538335619979568,-0.4881752120472459,0.05827249242586797,0.09443681617713826,0.11066666666666666,0.22133333333333333,0.22133333333333333,-0.20000000000000004,correction_completion,PT_violation_g10,1,200,177,3430564025,reference_fold_convolution_rf,,,,
PRE_SUB,X2=low_k=-2,,,-2.0,reference_fold_pretrend,-0.15860336355593982,-0.14825997459620072,0.15616641933863512,-0.4926988753313381,-0.4348680962335954,0.06592728379405065,0.10772991802595427,0.196,0.392,0.392,-0.10000000000000002,correction_completion,PT_violation_g10,1,200,177,3430564025,reference_fold_convolution_rf,,,,
PRE_SUB,X2=high_k=-4,,,-4.0,reference_fold_pretrend,-0.25791893738716604,-0.24985798220793148,0.18535612318177785,-0.6432454149003476,-0.5711895464531793,0.028308880991925304,0.07933693097064862,0.06666666666666667,0.13333333333333333,0.13333333333333333,-0.30000000000000004,correction_completion,PT_violation_g10,1,200,177,3430564025,reference_fold_convolution_rf,,,,
PRE_SUB,X2=high_k=-3,,,-3.0,reference_fold_pretrend,-0.24177634260833694,-0.2296612206892314,0.1719035802811827,-0.6048323376134052,-0.5450743660633054,0.018619035194457376,0.0613563239463285,0.07333333333333333,0.14666666666666667,0.14666666666666667,-0.20000000000000004,correction_completion,PT_violation_g10,1,200,177,3430564025,reference_fold_convolution_rf,,,,
PRE_SUB,X2=high_k=-2,,,-2.0,reference_fold_pretrend,-0.19009318547113416,-0.18150438521536838,0.16554898385915973,-0.5544277826170357,-0.49969803591594875,0.03418716221685307,0.08061583446846546,0.156,0.312,0.312,-0.10000000000000002,correction_completion,PT_violation_g10,1,200,177,3430564025,reference_fold_convolution_rf,,,,
PRE_SUBC,X1_k=-4,,,-4.0,reference_fold_pretrend,-0.021034190702224967,0.0004960028204246542,0.06837507203510243,-0.24790990323327594,-0.18404991546509586,0.007682401840096317,0.026146464651831795,0.424,0.848,0.848,-4.163336342344337e-17,correction_completion,PT_violation_g10,1,200,177,3430564025,reference_fold_convolution_rf,,,,
PRE_SUBC,X1_k=-3,,,-3.0,reference_fold_pretrend,-0.01958947869464872,2.658726717341686e-06,0.06372038791637427,-0.2446314671381073,-0.16278112041415566,0.005401606878876453,0.012907126481599291,0.5,1.0,1.0,-2.7755575615628914e-17,correction_completion,PT_violation_g10,1,200,177,3430564025,reference_fold_convolution_rf,,,,
PRE_SUBC,X1_k=-2,,,-2.0,reference_fold_pretrend,-0.015351817259689402,-0.0004054255385046203,0.05682994968540322,-0.22711194904991536,-0.09528642614100738,0.002719041692614887,0.0059487565362856334,0.43133333333333335,0.8626666666666667,0.8626666666666667,-1.3877787807814457e-17,correction_completion,PT_violation_g10,1,200,177,3430564025,reference_fold_convolution_rf,,,,
PRE_SUBC,X1_slope,,,,reference_fold_pretrend,0.008402381911118695,-7.715537618978407e-05,0.026822960783277446,-0.007674204474994048,-0.0026985017953435695,0.06419239978808206,0.10149635447875123,0.476,0.952,0.952,1.3877787807814457e-17,correction_completion,PT_violation_g10,1,200,177,3430564025,reference_fold_convolution_rf,,,,
PRE_SUBC,X2_k=-4,,,-4.0,reference_fold_pretrend,-0.033081513725088406,0.0036697212877759844,0.09626689111172312,-0.315338881638079,-0.2602879279926034,0.023870170773010572,0.028412718810607286,0.3913333333333333,0.7826666666666666,0.7826666666666666,-0.0,correction_completion,PT_violation_g10,1,200,177,3430564025,reference_fold_convolution_rf,,,,
PRE_SUBC,X2_k=-3,,,-3.0,reference_fold_pretrend,-0.036456861306184,0.0003336747187116518,0.09506518943274948,-0.31978666405253087,-0.26787961361451157,0.018223316091593257,0.02163985594637965,0.4886666666666667,0.9773333333333334,0.9773333333333334,-0.0,correction_completion,PT_violation_g10,1,200,177,3430564025,reference_fold_convolution_rf,,,,
PRE_SUBC,X2_k=-2,,,-2.0,reference_fold_pretrend,-0.03148982191519434,-0.0018937648669396581,0.08617822339029724,-0.3044626412225308,-0.24994469449706708,0.013868138064146013,0.016324907165906864,0.44466666666666665,0.8893333333333333,0.8893333333333333,-0.0,correction_completion,PT_violation_g10,1,200,177,3430564025,reference_fold_convolution_rf,,,,
PRE_SUBC,X2_slope,,,,reference_fold_pretrend,0.014546291835916254,-0.0007461893511226432,0.039624130641786826,-0.009596499622572533,-0.008146454991800459,0.10926415169061231,0.13421231778838796,0.44533333333333336,0.8906666666666667,0.8906666666666667,0.0,correction_completion,PT_violation_g10,1,200,177,3430564025,reference_fold_convolution_rf,,,,
PRE,k=-4,,,-4.0,pretrend,-0.5237269370850686,-0.5225544950009465,0.17465695827583524,-0.8594705642441114,-0.8153763265892368,-0.22371569174433284,-0.17920332555608698,0.0,0.0,0.0,-0.5999999999999999,correction_completion,PT_violation_g20,1,200,161,4250808672,raw_structured,,,,
PRE,k=-3,,,-3.0,pretrend,-0.5455717797286355,-0.539097953530723,0.1709461738487585,-0.9008038302757609,-0.8403036831400807,-0.2723434436825612,-0.219385101096155,0.0006666666666666666,0.0013333333333333333,0.0013333333333333333,-0.3999999999999999,correction_completion,PT_violation_g20,1,200,161,4250808672,raw_structured,,,,
PRE,k=-2,,,-2.0,pretrend,-0.030900714774231015,0.0,0.1464282820620394,-0.37156698745157996,-0.30516029727128774,0.20339865942309235,0.2755883070367195,0.6226666666666667,1.0,1.0,-0.19999999999999996,correction_completion,PT_violation_g20,1,200,161,4250808672,raw_structured,,,,
PRE,slope,,,,pretrend,0.19237322039190768,0.18979544683628063,0.06308700115147448,0.06944792919773735,0.08972801795824029,0.3009967029831232,0.31731149125135494,0.0006666666666666666,0.0013333333333333333,0.0013333333333333333,0.19999999999999996,correction_completion,PT_violation_g20,1,200,161,4250808672,raw_structured,,,,
PRE_SUB,X1=0_k=-4,,,-4.0,pretrend,-0.5112844895018314,-0.5106027143360123,0.18300470947998063,-0.8571923415651158,-0.8126227815740893,-0.19487703014851038,-0.1485847416946066,0.0026666666666666666,0.005333333333333333,0.005333333333333333,-0.6,correction_completion,PT_violation_g20,1,200,161,4250808672,raw_structured,,,,
PRE_SUB,X1=0_k=-3,,,-3.0,pretrend,-0.5343704851998519,-0.5297878282049623,0.17959397118884815,-0.9048776349873477,-0.831000603709233,-0.23534739597495455,-0.18418646100021172,0.002,0.004,0.004,-0.39999999999999997,correction_completion,PT_violation_g20,1,200,161,4250808672,raw_structured,,,,
PRE_SUB,X1=0_k=-2,,,-2.0,pretrend,-0.028963088788671404,0.0,0.15286280555667572,-0.3696395318302914,-0.3097065741504746,0.21945137339032486,0.29570556920522734,0.63,1.0,1.0,-0.19999999999999998,correction_completion,PT_violation_g20,1,200,161,4250808672,raw_structured,,,,
PRE_SUB,X1=1_k=-4,,,-4.0,pretrend,-0.5350633893275738,-0.5285820435348453,0.18769415486433666,-0.9187456422075453,-0.8461987498560618,-0.2221136558053252,-0.1749454909226848,0.0,0.0,0.0,-0.5999999999999998,correction_completion,PT_violation_g20,1,200,161,4250808672,raw_structured,,,,
PRE_SUB,X1=1_k=-3,,,-3.0,pretrend,-0.5557774036326383,-0.5463904818401436,0.18299988054658764,-0.9382564884529009,-0.8705593196225255,-0.27106085589857254,-0.2085017468282829,0.0006666666666666666,0.0013333333333333333,0.0013333333333333333,-0.39999999999999986,correction_completion,PT_violation_g20,1,200,161,4250808672,raw_structured,,,,
PRE_SUB,X1=1_k=-2,,,-2.0,pretrend,-0.032666107338851995,0.0,0.15186586848556566,-0.38470328942976173,-0.32627857963556484,0.2078025428901451,0.2767623794028052,0.624,1.0,1.0,-0.19999999999999993,correction_completion,PT_violation_g20,1,200,161,4250808672,raw_structured,,,,
PRE_SUB,X2=low_k=-4,,,-4.0,pretrend,-0.47983086004638653,-0.491431476696089,0.199836480295561,-0.8544269570203761,-0.7924618451194769,-0.14038593472147454,-0.06136827888456395,0.013333333333333334,0.02666666666666667,0.02666666666666667,-0.6000000000000002,correction_completion,PT_violation_g20,1,200,161,4250808672,raw_structured,,,,
PRE_SUB,X2=low_k=-3,,,-3.0,pretrend,-0.5012048768327678,-0.5079869638267684,0.19799869047902596,-0.8865727857594827,-0.8126251413794965,-0.15413680462069515,-0.08374869689415768,0.01,0.02,0.02,-0.40000000000000013,correction_completion,PT_violation_g20,1,200,161,4250808672,raw_structured,,,,
PRE_SUB,X2=low_k=-2,,,-2.0,pretrend,0.009199553648670554,0.0,0.1703539070987582,-0.3522295561668304,-0.2914306697470203,0.32309810390969457,0.4265079488877652,0.6926666666666667,1.0,1.0,-0.20000000000000007,correction_completion,PT_violation_g20,1,200,161,4250808672,raw_structured,,,,
PRE_SUB,X2=high_k=-4,,,-4.0,pretrend,-0.5843470788049249,-0.5640404716295795,0.21925038480232237,-1.0567900664298016,-0.9723141502241863,-0.2548904322827334,-0.19173730798013144,0.0,0.0,0.0,-0.6000000000000002,correction_completion,PT_violation_g20,1,200,161,4250808672,raw_structured,,,,
PRE_SUB,X2=high_k=-3,,,-3.0,pretrend,-0.6064232394378255,-0.5809370171746382,0.21340467509119726,-1.0849554107380284,-1.0002821674358253,-0.3008459473780614,-0.24381191783068873,0.0006666666666666666,0.0013333333333333333,0.0013333333333333333,-0.40000000000000013,correction_completion,PT_violation_g20,1,200,161,4250808672,raw_structured,,,,
PRE_SUB,X2=high_k=-2,,,-2.0,pretrend,-0.08430772432819446,0.0,0.19757701631349178,-0.5715638018683886,-0.4863955705950385,0.1704303068582941,0.24054082420722284,0.5686666666666667,1.0,1.0,-0.20000000000000007,correction_completion,PT_violation_g20,1,200,161,4250808672,raw_structured,,,,
PRE_SUBC,X1_k=-4,,,-4.0,pretrend,-0.023778899825742498,5.551115123125783e-17,0.1249596570816699,-0.4499366948274975,-0.3445219137384017,0.09099769930247974,0.11142751092674191,0.482,0.964,0.964,1.6653345369377348e-16,correction_completion,PT_violation_g20,1,200,161,4250808672,raw_structured,,,,
PRE_SUBC,X1_k=-3,,,-3.0,pretrend,-0.02140691843278645,5.551115123125783e-17,0.12141786014814275,-0.44621256513302127,-0.3214643757118818,0.08954014317934984,0.10797436576589743,0.48733333333333334,0.9746666666666667,0.9746666666666667,1.1102230246251565e-16,correction_completion,PT_violation_g20,1,200,161,4250808672,raw_structured,,,,
PRE_SUBC,X1_k=-2,,,-2.0,pretrend,-0.0037030185501805914,0.0,0.0841585029298217,-0.2777923741004015,-1.0602629885170242e-15,0.08897836693997013,0.10905076858917759,0.638,1.0,1.0,5.551115123125783e-17,correction_completion,PT_violation_g20,1,200,161,4250808672,raw_structured,,,,
PRE_SUBC,X1_slope,,,,pretrend,0.008418111063784357,-2.1807952269422717e-17,0.0477059315080781,-0.04673604368107629,-0.038133585831415934,0.12661186990404627,0.17514492001933468,0.46266666666666667,0.9253333333333333,0.9253333333333333,-5.551115123125783e-17,correction_completion,PT_violation_g20,1,200,161,4250808672,raw_structured,,,,
PRE_SUBC,X2_k=-4,,,-4.0,pretrend,-0.10451621875853823,-5.551115123125783e-17,0.22571428259707402,-0.7277812940965285,-0.6460810116268427,0.033402751743610654,0.05746205136876124,0.48533333333333334,0.9706666666666667,0.9706666666666667,-0.0,correction_completion,PT_violation_g20,1,200,161,4250808672,raw_structured,,,,
PRE_SUBC,X2_k=-3,,,-3.0,pretrend,-0.10521836260505757,-5.551115123125783e-17,0.22529261552678692,-0.7277812940965285,-0.645922503870245,0.023547248110080313,0.053087684621561715,0.484,0.968,0.968,-0.0,correction_completion,PT_violation_g20,1,200,161,4250808672,raw_structured,,,,
PRE_SUBC,X2_k=-2,,,-2.0,pretrend,-0.09350727797686503,0.0,0.21660714884005106,-0.7221774511826999,-0.6382188750962532,4.440892098500626e-16,0.02247770564653304,0.6273333333333333,1.0,1.0,-0.0,correction_completion,PT_violation_g20,1,200,161,4250808672,raw_structured,,,,
PRE_SUBC,X2_slope,,,,pretrend,0.0441066185330425,1.9825411154020653e-17,0.09510467251880975,-0.02118509147617409,-0.01192665252042103,0.2746161757285784,0.30837329098682903,0.4573333333333333,0.9146666666666666,0.9146666666666666,0.0,correction_completion,PT_violation_g20,1,200,161,4250808672,raw_structured,,,,
PRE,k=-4,,,-4.0,reference_fold_pretrend,-0.6101584888397097,-0.6093049376308493,0.17413472775086916,-0.9587307580907585,-0.9007096461733144,-0.3279660961052532,-0.2693275237453227,0.0,0.0,0.0,-0.5999999999999999,correction_completion,PT_violation_g20,1,200,161,4250808672,reference_fold_convolution_rf,,,,
PRE,k=-3,,,-3.0,reference_fold_pretrend,-0.6243982474814369,-0.627843167834506,0.1729949302060449,-0.9490351967870471,-0.9040163680359047,-0.33910946967526895,-0.28726918238432586,0.0,0.0,0.0,-0.3999999999999999,correction_completion,PT_violation_g20,1,200,161,4250808672,reference_fold_convolution_rf,,,,
PRE,k=-2,,,-2.0,reference_fold_pretrend,-0.15237559074228968,-0.14394906550616882,0.1449845599782938,-0.45616680768685813,-0.40221760875563,0.058580354793342004,0.1075250808345003,0.17266666666666666,0.3453333333333333,0.3453333333333333,-0.19999999999999996,correction_completion,PT_violation_g20,1,200,161,4250808672,reference_fold_convolution_rf,,,,
PRE,slope,,,,reference_fold_pretrend,0.2308319680160209,0.2295141263286245,0.06449092509801747,0.10559174820797178,0.12352371869412271,0.3352542008225667,0.35634835984048896,0.0,0.0,0.0,0.19999999999999996,correction_completion,PT_violation_g20,1,200,161,4250808672,reference_fold_convolution_rf,,,,
PRE_SUB,X1=0_k=-4,,,-4.0,reference_fold_pretrend,-0.5922513072826527,-0.5913249289400742,0.18199311499340018,-0.9546423772034638,-0.8951881501137074,-0.28319776958617193,-0.23202685090715966,0.0,0.0,0.0,-0.6,correction_completion,PT_violation_g20,1,200,161,4250808672,reference_fold_convolution_rf,,,,
PRE_SUB,X1=0_k=-3,,,-3.0,reference_fold_pretrend,-0.6071918486327117,-0.6136241428861603,0.18110422569234935,-0.9565272839553703,-0.8985975925209224,-0.30825851194179116,-0.2564101933500575,0.0,0.0,0.0,-0.39999999999999997,correction_completion,PT_violation_g20,1,200,161,4250808672,reference_fold_convolution_rf,,,,
PRE_SUB,X1=0_k=-2,,,-2.0,reference_fold_pretrend,-0.1326874673529708,-0.12327808312477859,0.14705480444458197,-0.4383032979771436,-0.38779246821372204,0.08852811359651105,0.14749522122507613,0.22133333333333333,0.44266666666666665,0.44266666666666665,-0.19999999999999998,correction_completion,PT_violation_g20,1,200,161,4250808672,reference_fold_convolution_rf,,,,
PRE_SUB,X1=1_k=-4,,,-4.0,reference_fold_pretrend,-0.6264739209250283,-0.6231807375152947,0.18267294812504656,-0.9938893241751646,-0.9299628993222774,-0.3365307427638124,-0.2734357396976001,0.0,0.0,0.0,-0.5999999999999998,correction_completion,PT_violation_g20,1,200,161,4250808672,reference_fold_convolution_rf,,,,
PRE_SUB,X1=1_k=-3,,,-3.0,reference_fold_pretrend,-0.6400751886547199,-0.6460384060089162,0.18076991084674976,-0.9686515955555852,-0.928363638546115,-0.34087971178116216,-0.2921751330676125,0.0,0.0,0.0,-0.39999999999999986,correction_completion,PT_violation_g20,1,200,161,4250808672,reference_fold_convolution_rf,,,,
PRE_SUB,X1=1_k=-2,,,-2.0,reference_fold_pretrend,-0.17031365871922463,-0.16077869541198145,0.15669493528333342,-0.49916667980734675,-0.4465390432784836,0.054097901656285544,0.10051978545487077,0.164,0.328,0.328,-0.19999999999999993,correction_completion,PT_violation_g20,1,200,161,4250808672,reference_fold_convolution_rf,,,,
PRE_SUB,X2=low_k=-4,,,-4.0,reference_fold_pretrend,-0.6270817634754516,-0.6271426599211434,0.19131717731211434,-1.005598015480419,-0.9419579185178176,-0.3088760772639069,-0.2411987603755135,0.0006666666666666666,0.0013333333333333333,0.0013333333333333333,-0.6000000000000002,correction_completion,PT_violation_g20,1,200,161,4250808672,reference_fold_convolution_rf,,,,
PRE_SUB,X2=low_k=-3,,,-3.0,reference_fold_pretrend,-0.6354026337401423,-0.6408884362897618,0.18857877814258373,-0.9809388928095174,-0.9220922339309326,-0.3188611435501622,-0.256920980809953,0.0,0.0,0.0,-0.40000000000000013,correction_completion,PT_violation_g20,1,200,161,4250808672,reference_fold_convolution_rf,,,,
PRE_SUB,X2=low_k=-2,,,-2.0,reference_fold_pretrend,-0.10847440730382658,-0.10055818498146542,0.15465136039002267,-0.4340791986858656,-0.373537431350088,0.14513280010737947,0.21901261979885367,0.24,0.48,0.48,-0.20000000000000007,correction_completion,PT_violation_g20,1,200,161,4250808672,reference_fold_convolution_rf,,,,
PRE_SUB,X2=high_k=-4,,,-4.0,reference_fold_pretrend,-0.6576266998743667,-0.653144124957888,0.19197162024290054,-1.0678085398040373,-0.986857496906316,-0.35701292611251734,-0.2912710870365704,0.0,0.0,0.0,-0.6000000000000002,correction_completion,PT_violation_g20,1,200,161,4250808672,reference_fold_convolution_rf,,,,
PRE_SUB,X2=high_k=-3,,,-3.0,reference_fold_pretrend,-0.6680172281959558,-0.6622976947195707,0.19283252618751257,-1.0641688751839966,-0.9970781017132049,-0.3579286180443819,-0.3093254050683477,0.0,0.0,0.0,-0.40000000000000013,correction_completion,PT_violation_g20,1,200,161,4250808672,reference_fold_convolution_rf,,,,
PRE_SUB,X2=high_k=-2,,,-2.0,reference_fold_pretrend,-0.16154325974022538,-0.14505741023736324,0.1579295784858915,-0.5102019710146967,-0.4494910982276073,0.06423691507818205,0.11343682785818121,0.172,0.344,0.344,-0.20000000000000007,correction_completion,PT_violation_g20,1,200,161,4250808672,reference_fold_convolution_rf,,,,
PRE_SUBC,X1_k=-4,,,-4.0,reference_fold_pretrend,-0.03422261364237555,0.00810187234788512,0.10834501507210749,-0.3390671100643869,-0.2812864671924663,0.053411957741784664,0.06980941251422924,0.35333333333333333,0.7066666666666667,0.7066666666666667,1.6653345369377348e-16,correction_completion,PT_violation_g20,1,200,161,4250808672,reference_fold_convolution_rf,,,,
PRE_SUBC,X1_k=-3,,,-3.0,reference_fold_pretrend,-0.03288334002200821,0.006772456352250877,0.10609956592091702,-0.3401547506672736,-0.2805062538507509,0.04876772368970531,0.06510952938185771,0.36133333333333334,0.7226666666666667,0.7226666666666667,1.1102230246251565e-16,correction_completion,PT_violation_g20,1,200,161,4250808672,reference_fold_convolution_rf,,,,
PRE_SUBC,X1_k=-2,,,-2.0,reference_fold_pretrend,-0.03762619136625384,-0.007190411826831174,0.09255088256779137,-0.3275146233499451,-0.269607522851766,0.02777999300138555,0.04686529613401473,0.31,0.62,0.62,5.551115123125783e-17,correction_completion,PT_violation_g20,1,200,161,4250808672,reference_fold_convolution_rf,,,,
PRE_SUBC,X1_slope,,,,reference_fold_pretrend,0.014718622309814066,-0.0023746787286556626,0.043892249727779845,-0.026212530033186392,-0.01971160254100858,0.11388027487485296,0.140130732230856,0.386,0.772,0.772,-5.551115123125783e-17,correction_completion,PT_violation_g20,1,200,161,4250808672,reference_fold_convolution_rf,,,,
PRE_SUBC,X2_k=-4,,,-4.0,reference_fold_pretrend,-0.03054493639891491,0.01871460503631464,0.13552190039891282,-0.433456664144399,-0.3357775122877581,0.07563629018133497,0.0868750368387419,0.35,0.7,0.7,-0.0,correction_completion,PT_violation_g20,1,200,161,4250808672,reference_fold_convolution_rf,,,,
PRE_SUBC,X2_k=-3,,,-3.0,reference_fold_pretrend,-0.03261459445581345,0.015314885419951602,0.13483312296205802,-0.4448089467880525,-0.34065104870534496,0.07287059352931864,0.08205473049334468,0.36333333333333334,0.7266666666666667,0.7266666666666667,-0.0,correction_completion,PT_violation_g20,1,200,161,4250808672,reference_fold_convolution_rf,,,,
PRE_SUBC,X2_k=-2,,,-2.0,reference_fold_pretrend,-0.0530688524363988,-0.01545005721794529,0.12320999944329385,-0.46205309768737746,-0.36235360167912684,0.026482079482552146,0.03880916844236485,0.316,0.632,0.632,-0.0,correction_completion,PT_violation_g20,1,200,161,4250808672,reference_fold_convolution_rf,,,,
PRE_SUBC,X2_slope,,,,reference_fold_pretrend,0.014995203610340745,-0.005580015432875797,0.05594945270750719,-0.032160800418612516,-0.027616246943195585,0.14589108195260012,0.1857865103857038,0.384,0.768,0.768,0.0,correction_completion,PT_violation_g20,1,200,161,4250808672,reference_fold_convolution_rf,,,,
PRE,k=-4,,,-4.0,pretrend,-1.5648872237616998,-1.5690532477434744,0.21177927384467102,-1.9750970674870583,-1.898779300258372,-1.2163696963412265,-1.135932112178688,0.0,0.0,0.0,-1.1999999999999995,correction_completion,PT_violation_g40,1,200,145,1649760698,raw_structured,,,,
PRE,k=-3,,,-3.0,pretrend,-1.2126000680155282,-1.2151702641421016,0.2004768010720118,-1.5790152079150181,-1.530352891799056,-0.8776027516302394,-0.7999944688687283,0.0,0.0,0.0,-0.7999999999999997,correction_completion,PT_violation_g40,1,200,145,1649760698,raw_structured,,,,
PRE,k=-2,,,-2.0,pretrend,-0.45431240879905865,-0.45763043039630025,0.20724981897184405,-0.8440390213643043,-0.7828495463614755,-0.051638669704485954,0.0,0.044,0.088,0.088,-0.39999999999999986,correction_completion,PT_violation_g40,1,200,145,1649760698,raw_structured,,,,
PRE,slope,,,,pretrend,0.5410124440082297,0.5439036869639349,0.07362909910546457,0.3894190008553349,0.4142584878039545,0.6598608153362169,0.6829757821166816,0.0,0.0,0.0,0.39999999999999986,correction_completion,PT_violation_g40,1,200,145,1649760698,raw_structured,,,,
PRE_SUB,X1=0_k=-4,,,-4.0,pretrend,-1.5306804163590193,-1.5424109850496892,0.22602255796926127,-1.9564945986275337,-1.8805115011005882,-1.1425669421805948,-1.072148198095417,0.0,0.0,0.0,-1.1999999999999995,correction_completion,PT_violation_g40,1,200,145,1649760698,raw_structured,,,,
PRE_SUB,X1=0_k=-3,,,-3.0,pretrend,-1.1785161716926666,-1.1854289209897826,0.2185086080374586,-1.5762822223920598,-1.5222858839958813,-0.8020120585424924,-0.7070150073778004,0.0,0.0,0.0,-0.7999999999999997,correction_completion,PT_violation_g40,1,200,145,1649760698,raw_structured,,,,
PRE_SUB,X1=0_k=-2,,,-2.0,pretrend,-0.42158083773856636,-0.4351437908020538,0.22733549520040086,-0.8328844405307486,-0.770057307668089,0.0,0.0,0.07133333333333333,0.14266666666666666,0.14266666666666666,-0.39999999999999986,correction_completion,PT_violation_g40,1,200,145,1649760698,raw_structured,,,,
PRE_SUB,X1=1_k=-4,,,-4.0,pretrend,-1.5963016387233455,-1.5936567616683768,0.23477459607887655,-2.099099728133042,-1.993121000186623,-1.2216273883299542,-1.1433061684238588,0.0,0.0,0.0,-1.2,correction_completion,PT_violation_g40,1,200,145,1649760698,raw_structured,,,,
PRE_SUB,X1=1_k=-3,,,-3.0,pretrend,-1.2439016054548908,-1.2466149279758634,0.22185972966940348,-1.7061158184141234,-1.5949592939771269,-0.8834644758631369,-0.8106648599112825,0.0,0.0,0.0,-0.7999999999999999,correction_completion,PT_violation_g40,1,200,145,1649760698,raw_structured,,,,
PRE_SUB,X1=1_k=-2,,,-2.0,pretrend,-0.48437201487502085,-0.49396554287455635,0.22444174199086322,-0.9494251085418204,-0.8518493638617999,-0.06749240587329644,0.0,0.042666666666666665,0.08533333333333333,0.08533333333333333,-0.39999999999999997,correction_completion,PT_violation_g40,1,200,145,1649760698,raw_structured,,,,
PRE_SUB,X2=low_k=-4,,,-4.0,pretrend,-1.5598611555202142,-1.5658646977504485,0.21696293376128073,-1.971588079228864,-1.9029782909237496,-1.2043558202405127,-1.1159363452723419,0.0,0.0,0.0,-1.2000000000000004,correction_completion,PT_violation_g40,1,200,145,1649760698,raw_structured,,,,
PRE_SUB,X2=low_k=-3,,,-3.0,pretrend,-1.2094212888403724,-1.2114066790244906,0.20235886863556843,-1.5803254836035434,-1.5326713181323832,-0.8723258518942941,-0.7911773636119593,0.0,0.0,0.0,-0.8000000000000003,correction_completion,PT_violation_g40,1,200,145,1649760698,raw_structured,,,,
PRE_SUB,X2=low_k=-2,,,-2.0,pretrend,-0.45267230075619264,-0.45705627108821023,0.2096816313640112,-0.844039021364304,-0.7828495463614746,-0.026179263536543658,0.0,0.046,0.092,0.092,-0.40000000000000013,correction_completion,PT_violation_g40,1,200,145,1649760698,raw_structured,,,,
PRE_SUB,X2=high_k=-4,,,-4.0,pretrend,-1.5688802854261863,-1.5724433908673663,0.21146594135900204,-1.977592513841391,-1.9041223470994912,-1.2216273883299542,-1.1395329085155999,0.0,0.0,0.0,-1.2000000000000002,correction_completion,PT_violation_g40,1,200,145,1649760698,raw_structured,,,,
PRE_SUB,X2=high_k=-3,,,-3.0,pretrend,-1.2148837100444547,-1.2184254239825028,0.2021952572152907,-1.5874475045105594,-1.5326713181323834,-0.8770089202506585,-0.793331623885479,0.0,0.0,0.0,-0.8,correction_completion,PT_violation_g40,1,200,145,1649760698,raw_structured,,,,
PRE_SUB,X2=high_k=-2,,,-2.0,pretrend,-0.45564428414327496,-0.45886562985631496,0.208029553609175,-0.8475737358889525,-0.7835853858169408,-0.05163866970448602,0.0,0.044,0.088,0.088,-0.4,correction_completion,PT_violation_g40,1,200,145,1649760698,raw_structured,,,,
PRE_SUBC,X1_k=-4,,,-4.0,pretrend,-0.0656212223643264,-2.220446049250313e-16,0.18279086756804072,-0.6620619057346567,-0.5286316598167402,0.001214388301611374,0.008077961585246506,0.474,0.948,0.948,-3.3306690738754696e-16,correction_completion,PT_violation_g40,1,200,145,1649760698,raw_structured,,,,
PRE_SUBC,X1_k=-3,,,-3.0,pretrend,-0.06538543376222417,-2.220446049250313e-16,0.18264092896949688,-0.6661077812237444,-0.5286316598167394,2.8976820942716485e-15,0.004120795301925867,0.49133333333333334,0.9826666666666667,0.9826666666666667,-2.220446049250313e-16,correction_completion,PT_violation_g40,1,200,145,1649760698,raw_structured,,,,
PRE_SUBC,X1_k=-2,,,-2.0,pretrend,-0.0627911771364545,-1.1102230246251565e-16,0.17957791615094326,-0.6578482692651118,-0.5286316598167436,1.3350431871117482e-15,1.9984014443252818e-15,0.4693333333333333,0.9386666666666666,0.9386666666666666,-1.1102230246251565e-16,correction_completion,PT_violation_g40,1,200,145,1649760698,raw_structured,,,,
PRE_SUBC,X1_slope,,,,pretrend,0.027887550839563006,7.335402126987641e-17,0.07778952016285946,-0.0027067830864674486,-0.00048766545962983276,0.2265564256357459,0.28374081674342383,0.432,0.864,0.864,1.1102230246251565e-16,correction_completion,PT_violation_g40,1,200,145,1649760698,raw_structured,,,,
PRE_SUBC,X2_k=-4,,,-4.0,pretrend,-0.00901912990597222,0.0,0.06254611889486295,-0.21605022248395636,-0.1049806228986255,0.035866960389056034,0.04385461838860358,0.5266666666666666,1.0,1.0,3.3306690738754696e-16,correction_completion,PT_violation_g40,1,200,145,1649760698,raw_structured,,,,
PRE_SUBC,X2_k=-3,,,-3.0,pretrend,-0.005462421204082357,0.0,0.05526831225750311,-0.1752235290534908,-0.04086484369441253,0.03515514968849551,0.04328346543742478,0.5386666666666666,1.0,1.0,2.220446049250313e-16,correction_completion,PT_violation_g40,1,200,145,1649760698,raw_structured,,,,
PRE_SUBC,X2_k=-2,,,-2.0,pretrend,-0.002971983387082367,0.0,0.04721709057428954,-0.08351227925819275,-1.501576640805524e-15,0.034932951548248936,0.042352779228542484,0.508,1.0,1.0,1.1102230246251565e-16,correction_completion,PT_violation_g40,1,200,145,1649760698,raw_structured,,,,
PRE_SUBC,X2_slope,,,,pretrend,0.0029253011080831244,-1.586032892321652e-17,0.02359831132553287,-0.018689219297092944,-0.015370180624984043,0.0311992186302975,0.07155007806870657,0.48533333333333334,0.9706666666666667,0.9706666666666667,-1.1102230246251565e-16,correction_completion,PT_violation_g40,1,200,145,1649760698,raw_structured,,,,
PRE,k=-4,,,-4.0,reference_fold_pretrend,-1.5311298699526505,-1.5322198852351252,0.20091711420931596,-1.9232976775299055,-1.861060686269563,-1.2111862758667848,-1.1603875579226774,0.0,0.0,0.0,-1.1999999999999995,correction_completion,PT_violation_g40,1,200,145,1649760698,reference_fold_convolution_rf,,,,
PRE,k=-3,,,-3.0,reference_fold_pretrend,-1.1723224892055117,-1.1641909828609123,0.1972993340398813,-1.5525488782711516,-1.4923054823551865,-0.8451740965630004,-0.7908705239279492,0.0,0.0,0.0,-0.7999999999999997,correction_completion,PT_violation_g40,1,200,145,1649760698,reference_fold_convolution_rf,,,,
PRE,k=-2,,,-2.0,reference_fold_pretrend,-0.5013176897279136,-0.49975226275042195,0.19073406397383255,-0.8868627997299389,-0.8156005131508143,-0.18305822174030978,-0.11798865936364768,0.007333333333333333,0.014666666666666666,0.014666666666666666,-0.39999999999999986,correction_completion,PT_violation_g40,1,200,145,1649760698,reference_fold_convolution_rf,,,,
PRE,slope,,,,reference_fold_pretrend,0.5313823055712062,0.5335091256123042,0.07130807329219996,0.39288002978585934,0.41377643435934675,0.6466043310154908,0.6683461579013213,0.0,0.0,0.0,0.39999999999999986,correction_completion,PT_violation_g40,1,200,145,1649760698,reference_fold_convolution_rf,,,,
PRE_SUB,X1=0_k=-4,,,-4.0,reference_fold_pretrend,-1.4963119637369084,-1.499067224042237,0.2099632837623088,-1.9002535420987643,-1.8355645448581968,-1.1610742180863236,-1.0897174328536305,0.0,0.0,0.0,-1.1999999999999995,correction_completion,PT_violation_g40,1,200,145,1649760698,reference_fold_convolution_rf,,,,
PRE_SUB,X1=0_k=-3,,,-3.0,reference_fold_pretrend,-1.1380052057142886,-1.1324118963879537,0.20664077960120328,-1.5440634121436028,-1.4727914996431068,-0.8021563987885681,-0.7369364686002623,0.0,0.0,0.0,-0.7999999999999997,correction_completion,PT_violation_g40,1,200,145,1649760698,reference_fold_convolution_rf,,,,
PRE_SUB,X1=0_k=-2,,,-2.0,reference_fold_pretrend,-0.4711524308735812,-0.47454341918891474,0.19804738371965644,-0.8563647281523519,-0.7949929193763919,-0.1447702927738328,-0.08024536145721707,0.014,0.028,0.028,-0.39999999999999986,correction_completion,PT_violation_g40,1,200,145,1649760698,reference_fold_convolution_rf,,,,
PRE_SUB,X1=1_k=-4,,,-4.0,reference_fold_pretrend,-1.5631054981099641,-1.563474985306283,0.21237345242266129,-1.9790538530070256,-1.9202706711980562,-1.2260036776326555,-1.1788596335024362,0.0,0.0,0.0,-1.2,correction_completion,PT_violation_g40,1,200,145,1649760698,reference_fold_convolution_rf,,,,
PRE_SUB,X1=1_k=-3,,,-3.0,reference_fold_pretrend,-1.2038383617994917,-1.1995498917115297,0.20802600757983641,-1.6347064756651448,-1.5555402964671308,-0.8636904564755835,-0.8037549199194997,0.0,0.0,0.0,-0.7999999999999999,correction_completion,PT_violation_g40,1,200,145,1649760698,reference_fold_convolution_rf,,,,
PRE_SUB,X1=1_k=-2,,,-2.0,reference_fold_pretrend,-0.5290204784716881,-0.5332852111485733,0.20251302764413331,-0.9457734694879133,-0.8645092631132452,-0.19633958053773357,-0.12707853371997427,0.006666666666666667,0.013333333333333334,0.013333333333333334,-0.39999999999999997,correction_completion,PT_violation_g40,1,200,145,1649760698,reference_fold_convolution_rf,,,,
PRE_SUB,X2=low_k=-4,,,-4.0,reference_fold_pretrend,-1.4442289996877662,-1.4480283897577522,0.20651643242698506,-1.835717775141401,-1.790729734012949,-1.111014714499318,-1.0534573563539746,0.0,0.0,0.0,-1.2000000000000004,correction_completion,PT_violation_g40,1,200,145,1649760698,reference_fold_convolution_rf,,,,
PRE_SUB,X2=low_k=-3,,,-3.0,reference_fold_pretrend,-1.0906455152887273,-1.0880260082686923,0.20293467066768747,-1.487810766503335,-1.4226083210262492,-0.75928336082602,-0.6859299662352737,0.0,0.0,0.0,-0.8000000000000003,correction_completion,PT_violation_g40,1,200,145,1649760698,reference_fold_convolution_rf,,,,
PRE_SUB,X2=low_k=-2,,,-2.0,reference_fold_pretrend,-0.4834767310646912,-0.48473437672610864,0.1951029055970295,-0.8576073456077888,-0.8132695079659076,-0.1567515750839348,-0.09044276377426973,0.008666666666666666,0.017333333333333333,0.017333333333333333,-0.40000000000000013,correction_completion,PT_violation_g40,1,200,145,1649760698,reference_fold_convolution_rf,,,,
PRE_SUB,X2=high_k=-4,,,-4.0,reference_fold_pretrend,-1.5966270684030028,-1.5978995038096722,0.20543615919608255,-2.011788530495462,-1.9318790482724364,-1.2647438598683909,-1.2089154685769052,0.0,0.0,0.0,-1.2000000000000002,correction_completion,PT_violation_g40,1,200,145,1649760698,reference_fold_convolution_rf,,,,
PRE_SUB,X2=high_k=-3,,,-3.0,reference_fold_pretrend,-1.233995419944712,-1.2312848123680555,0.20090303063356996,-1.6386244258878728,-1.5559171165116055,-0.9074640075085327,-0.8497688287184797,0.0,0.0,0.0,-0.8,correction_completion,PT_violation_g40,1,200,145,1649760698,reference_fold_convolution_rf,,,,
PRE_SUB,X2=high_k=-2,,,-2.0,reference_fold_pretrend,-0.5111863325786307,-0.5137710497872843,0.19369254719874435,-0.8992322027713032,-0.8276309540941551,-0.18684758746869784,-0.11589275287445827,0.006666666666666667,0.013333333333333334,0.013333333333333334,-0.4,correction_completion,PT_violation_g40,1,200,145,1649760698,reference_fold_convolution_rf,,,,
PRE_SUBC,X1_k=-4,,,-4.0,reference_fold_pretrend,-0.06679353437305574,-0.004762009116038302,0.13046390849178188,-0.4288619042730124,-0.37078825574154234,0.00361780421024048,0.02364576633120353,0.086,0.172,0.172,-3.3306690738754696e-16,correction_completion,PT_violation_g40,1,200,145,1649760698,reference_fold_convolution_rf,,,,
PRE_SUBC,X1_k=-3,,,-3.0,reference_fold_pretrend,-0.06583315608520302,-0.00436355028360208,0.12775286085918042,-0.4272575198857134,-0.3689543202566241,0.0005388585553281582,0.006768599106951909,0.06066666666666667,0.12133333333333333,0.12133333333333333,-2.220446049250313e-16,correction_completion,PT_violation_g40,1,200,145,1649760698,reference_fold_convolution_rf,,,,
PRE_SUBC,X1_k=-2,,,-2.0,reference_fold_pretrend,-0.05786804759810692,-0.00133708632501435,0.12300522315621769,-0.41465662290150923,-0.36550535077695623,0.0023620508116541363,0.003344262231172885,0.292,0.584,0.584,-1.1102230246251565e-16,correction_completion,PT_violation_g40,1,200,145,1649760698,reference_fold_convolution_rf,,,,
PRE_SUBC,X1_slope,,,,reference_fold_pretrend,0.027851068777691442,0.001701807339951634,0.05440223655264925,-0.007769800816691333,-0.0012749316321051631,0.1581688788232129,0.1818681098109989,0.078,0.156,0.156,1.1102230246251565e-16,correction_completion,PT_violation_g40,1,200,145,1649760698,reference_fold_convolution_rf,,,,
PRE_SUBC,X2_k=-4,,,-4.0,reference_fold_pretrend,-0.15239806871523703,-0.1498889354033427,0.09190922024623206,-0.34173152058410644,-0.299332072546307,-0.007738909396813415,0.019430122242900204,0.044,0.088,0.088,3.3306690738754696e-16,correction_completion,PT_violation_g40,1,200,145,1649760698,reference_fold_convolution_rf,,,,
PRE_SUBC,X2_k=-3,,,-3.0,reference_fold_pretrend,-0.14334990465598485,-0.13822235013005024,0.08566866515739562,-0.32238891210525283,-0.28193282539519515,-0.013264846145795022,0.015011573434009565,0.036,0.072,0.072,2.220446049250313e-16,correction_completion,PT_violation_g40,1,200,145,1649760698,reference_fold_convolution_rf,,,,
PRE_SUBC,X2_k=-2,,,-2.0,reference_fold_pretrend,-0.027709601513939485,-0.026890620271771526,0.07739809819294087,-0.18909674323872128,-0.15585326167111652,0.09358050353993444,0.11487728104312334,0.374,0.748,0.748,1.1102230246251565e-16,correction_completion,PT_violation_g40,1,200,145,1649760698,reference_fold_convolution_rf,,,,
PRE_SUBC,X2_slope,,,,reference_fold_pretrend,0.055114544069401444,0.05406804920083445,0.03252823746868146,-0.0032497752520593984,0.004451591007671923,0.1078243063600469,0.1218071130167087,0.034,0.068,0.068,-1.1102230246251565e-16,correction_completion,PT_violation_g40,1,200,145,1649760698,reference_fold_convolution_rf,,,,
PRE,k=-4,,,-4.0,pretrend,0.25386145764576845,0.24588559897945422,0.18056162775183696,-0.06621243022272237,-0.017308613826479788,0.555268555060774,0.6082661131132251,0.09266666666666666,0.18533333333333332,0.18533333333333332,-0.039393939393939384,correction_completion,PT_violation_het10,1,200,129,3476366324,raw_structured,,,,
PRE,k=-3,,,-3.0,pretrend,0.15197475612225494,0.14462497686940395,0.16377580279802556,-0.1380471160433364,-0.07022606025932208,0.4361581939922855,0.4950001692864287,0.24266666666666667,0.48533333333333334,0.48533333333333334,-0.02626262626262626,correction_completion,PT_violation_het10,1,200,129,3476366324,raw_structured,,,,
PRE,k=-2,,,-2.0,pretrend,0.09316548923455416,0.04266754781261814,0.15154302401236563,-0.180964430175249,-0.10228142845079284,0.37822587712832906,0.44640768392003355,0.446,0.892,0.892,-0.01313131313131313,correction_completion,PT_violation_het10,1,200,129,3476366324,raw_structured,,,,
PRE,slope,,,,pretrend,-0.08276424102974067,-0.07965049141311852,0.06377121364512575,-0.20888094515963368,-0.19298589759321225,0.010597708769855729,0.02882980769630305,0.102,0.204,0.204,0.01313131313131313,correction_completion,PT_violation_het10,1,200,129,3476366324,raw_structured,,,,
PRE_SUB,X1=0_k=-4,,,-4.0,pretrend,0.3405499889646331,0.3250568276114796,0.2364052075996842,-0.039733660832188156,0.0,0.7695732915305925,0.8429301655944152,0.076,0.152,0.152,0.29999999999999993,correction_completion,PT_violation_het10,1,200,129,3476366324,raw_structured,,,,
PRE_SUB,X1=0_k=-3,,,-3.0,pretrend,0.23729854986934848,0.21310981028635828,0.22608412100703093,-0.08540021172818858,-0.040899500233494736,0.6487183436224824,0.7408946806591662,0.20533333333333334,0.4106666666666667,0.4106666666666667,0.19999999999999996,correction_completion,PT_violation_het10,1,200,129,3476366324,raw_structured,,,,
PRE_SUB,X1=0_k=-2,,,-2.0,pretrend,0.1680244906638912,0.09232585589252673,0.2244734805289277,-0.14237866602867755,-0.07400653880515388,0.5941339832024812,0.6906131982154631,0.4106666666666667,0.8213333333333334,0.8213333333333334,0.09999999999999998,correction_completion,PT_violation_het10,1,200,129,3476366324,raw_structured,,,,
PRE_SUB,X1=1_k=-4,,,-4.0,pretrend,0.1872970496687831,0.186403102723912,0.20189127308989133,-0.1992499718396596,-0.12931217470318415,0.5153916050639603,0.5672206154485321,0.21066666666666667,0.42133333333333334,0.42133333333333334,-0.3,correction_completion,PT_violation_het10,1,200,129,3476366324,raw_structured,,,,
PRE_SUB,X1=1_k=-3,,,-3.0,pretrend,0.08645827163787957,0.059407627266329074,0.1847182138483944,-0.3015757435593653,-0.22562349518060748,0.40047523291270803,0.44814070470019424,0.40066666666666667,0.8013333333333333,0.8013333333333333,-0.19999999999999998,correction_completion,PT_violation_het10,1,200,129,3476366324,raw_structured,,,,
PRE_SUB,X1=1_k=-2,,,-2.0,pretrend,0.03568447027988465,0.0,0.16100415708785726,-0.3166949064545483,-0.24734272663374215,0.31485628146611067,0.3953326478863487,0.6013333333333334,1.0,1.0,-0.09999999999999999,correction_completion,PT_violation_het10,1,200,129,3476366324,raw_structured,,,,
PRE_SUB,X2=low_k=-4,,,-4.0,pretrend,0.28273805853382655,0.27807372000021213,0.19216231447061466,-0.04961714628353953,-0.0013406085728453144,0.6051672271681537,0.6657481039750637,0.084,0.168,0.168,0.027272727272727275,correction_completion,PT_violation_het10,1,200,129,3476366324,raw_structured,,,,
PRE_SUB,X2=low_k=-3,,,-3.0,pretrend,0.18022704650114194,0.173689860706418,0.17841779440092942,-0.10704049912812137,-0.05299708240268235,0.49512926847359656,0.5638899918779844,0.218,0.436,0.436,0.018181818181818184,correction_completion,PT_violation_het10,1,200,129,3476366324,raw_structured,,,,
PRE_SUB,X2=low_k=-2,,,-2.0,pretrend,0.11738573798343346,0.06440948124502435,0.1705038800970804,-0.1633169580819771,-0.09499065907303139,0.44655560631791963,0.5086777773751278,0.4246666666666667,0.8493333333333334,0.8493333333333334,0.009090909090909092,correction_completion,PT_violation_het10,1,200,129,3476366324,raw_structured,,,,
PRE_SUB,X2=high_k=-4,,,-4.0,pretrend,0.20852950848456045,0.20391458303370613,0.19057069034923443,-0.14926776895543767,-0.08106484342730368,0.5206844967658819,0.5711116860902743,0.15066666666666667,0.30133333333333334,0.30133333333333334,-0.13636363636363635,correction_completion,PT_violation_het10,1,200,129,3476366324,raw_structured,,,,
PRE_SUB,X2=high_k=-3,,,-3.0,pretrend,0.10727272981849542,0.09017774451309873,0.17127728075119447,-0.22928520919667575,-0.15630822237649872,0.3987269848567884,0.4634621372650054,0.31933333333333336,0.6386666666666667,0.6386666666666667,-0.09090909090909091,correction_completion,PT_violation_het10,1,200,129,3476366324,raw_structured,,,,
PRE_SUB,X2=high_k=-2,,,-2.0,pretrend,0.05276475812396376,0.0,0.15286075999322357,-0.25773330420648854,-0.19333878373876853,0.31650794126484666,0.39490790319147867,0.5213333333333333,1.0,1.0,-0.045454545454545456,correction_completion,PT_violation_het10,1,200,129,3476366324,raw_structured,,,,
PRE_SUBC,X1_k=-4,,,-4.0,pretrend,-0.15325293929585002,-2.8449465006019636e-16,0.24483837425432636,-0.752963874882586,-0.6733265292673002,7.771561172376096e-16,1.2212453270876722e-15,0.3433333333333333,0.6866666666666666,0.6866666666666666,-0.5999999999999999,correction_completion,PT_violation_het10,1,200,129,3476366324,raw_structured,,,,
PRE_SUBC,X1_k=-3,,,-3.0,pretrend,-0.15084027823146892,-1.942890293094024e-16,0.24443200400601914,-0.7561625059349865,-0.6729211196936188,5.974387651264117e-16,8.881784197001252e-16,0.388,0.776,0.776,-0.3999999999999999,correction_completion,PT_violation_het10,1,200,129,3476366324,raw_structured,,,,
PRE_SUBC,X1_k=-2,,,-2.0,pretrend,-0.13234002038400652,0.0,0.23513429609483885,-0.746472142453932,-0.6560190452559711,4.864164626638961e-16,7.771561172376096e-16,0.5226666666666666,1.0,1.0,-0.19999999999999996,correction_completion,PT_violation_het10,1,200,129,3476366324,raw_structured,,,,
PRE_SUBC,X1_slope,,,,pretrend,0.06384138533817817,1.0110959688550533e-16,0.10313538608785242,-4.044383875420213e-16,-2.557478038868664e-16,0.28839476558297944,0.32039201148953234,0.3426666666666667,0.6853333333333333,0.6853333333333333,0.19999999999999996,correction_completion,PT_violation_het10,1,200,129,3476366324,raw_structured,,,,
PRE_SUBC,X2_k=-4,,,-4.0,pretrend,-0.07420855004926606,-3.3306690738754696e-16,0.1353193691025051,-0.5290322813345374,-0.3664226817931403,6.186023915333285e-16,9.992007221626409e-16,0.3353333333333333,0.6706666666666666,0.6706666666666666,-0.16363636363636364,correction_completion,PT_violation_het10,1,200,129,3476366324,raw_structured,,,,
PRE_SUBC,X2_k=-3,,,-3.0,pretrend,-0.07295431668264653,-1.6653345369377348e-16,0.13495442032955912,-0.5290322813345374,-0.36642268179314086,4.862429903162986e-16,7.216449660063518e-16,0.392,0.784,0.784,-0.1090909090909091,correction_completion,PT_violation_het10,1,200,129,3476366324,raw_structured,,,,
PRE_SUBC,X2_k=-2,,,-2.0,pretrend,-0.0646209798594697,0.0,0.1325807977205723,-0.527512270479035,-0.36642268179314086,3.885780586188048e-16,6.38378239159465e-16,0.5033333333333333,1.0,1.0,-0.05454545454545455,correction_completion,PT_violation_het10,1,200,129,3476366324,raw_structured,,,,
PRE_SUBC,X2_slope,,,,pretrend,0.03093966166946864,9.640106173642542e-17,0.057436204595486574,-3.3086133039666216e-16,-2.1034761234415912e-16,0.15703829219706023,0.22672812057194452,0.332,0.664,0.664,0.05454545454545455,correction_completion,PT_violation_het10,1,200,129,3476366324,raw_structured,,,,
PRE,k=-4,,,-4.0,reference_fold_pretrend,0.12310498339260732,0.12186943450684118,0.17166909171941222,-0.21318015928359374,-0.16552300804528655,0.4103088037584511,0.45666930569237624,0.226,0.452,0.452,-0.039393939393939384,correction_completion,PT_violation_het10,1,200,129,3476366324,reference_fold_convolution_rf,,,,
PRE,k=-3,,,-3.0,reference_fold_pretrend,0.05551484680445412,0.060514730702134686,0.16359736603415495,-0.2725807418013565,-0.21704627234035376,0.31276455256605545,0.3587383036366148,0.352,0.704,0.704,-0.02626262626262626,correction_completion,PT_violation_het10,1,200,129,3476366324,reference_fold_convolution_rf,,,,
PRE,k=-2,,,-2.0,reference_fold_pretrend,-0.012069275879301398,0.0,0.13856612659899822,-0.31376967014272167,-0.26153832725062365,0.20205656578339584,0.24793997039616117,0.53,1.0,1.0,-0.01313131313131313,correction_completion,PT_violation_het10,1,200,129,3476366324,reference_fold_convolution_rf,,,,
PRE,slope,,,,reference_fold_pretrend,-0.033448240564816344,-0.034218420207991054,0.06204507570745866,-0.1482646145281419,-0.1328667340057985,0.07585429391224846,0.0920288081494796,0.278,0.556,0.556,0.01313131313131313,correction_completion,PT_violation_het10,1,200,129,3476366324,reference_fold_convolution_rf,,,,
PRE_SUB,X1=0_k=-4,,,-4.0,reference_fold_pretrend,0.2810245577453418,0.27230794218090315,0.1956177519127912,-0.07795175223401872,-0.029171901755263976,0.6135120226122686,0.6899334967674701,0.06533333333333333,0.13066666666666665,0.13066666666666665,0.29999999999999993,correction_completion,PT_violation_het10,1,200,129,3476366324,reference_fold_convolution_rf,,,,
PRE_SUB,X1=0_k=-3,,,-3.0,reference_fold_pretrend,0.21632465772549284,0.20418718028388244,0.19222495787175978,-0.14541795904594482,-0.08540949500529828,0.5439741908482805,0.6096202356900514,0.12066666666666667,0.24133333333333334,0.24133333333333334,0.19999999999999996,correction_completion,PT_violation_het10,1,200,129,3476366324,reference_fold_convolution_rf,,,,
PRE_SUB,X1=0_k=-2,,,-2.0,reference_fold_pretrend,0.101440212129789,0.08469739746862195,0.16472540323838195,-0.1876070290055969,-0.1477838899834729,0.3889937928457239,0.45525577247916915,0.326,0.652,0.652,0.09999999999999998,correction_completion,PT_violation_het10,1,200,129,3476366324,reference_fold_convolution_rf,,,,
PRE_SUB,X1=1_k=-4,,,-4.0,reference_fold_pretrend,0.0018453102289004968,0.015668335596096778,0.20878835846525828,-0.44279422367659954,-0.3503028961207751,0.3259592350367477,0.3761279206892546,0.4726666666666667,0.9453333333333334,0.9453333333333334,-0.3,correction_completion,PT_violation_het10,1,200,129,3476366324,reference_fold_convolution_rf,,,,
PRE_SUB,X1=1_k=-3,,,-3.0,reference_fold_pretrend,-0.06796411515277198,-0.052386453661058124,0.19969084891262723,-0.4933893605036062,-0.42304795582860155,0.22388162844191942,0.2672740208843787,0.3973333333333333,0.7946666666666666,0.7946666666666666,-0.19999999999999998,correction_completion,PT_violation_het10,1,200,129,3476366324,reference_fold_convolution_rf,,,,
PRE_SUB,X1=1_k=-2,,,-2.0,reference_fold_pretrend,-0.09922834702913866,-0.05817354211163016,0.17959675401596945,-0.5019216504069595,-0.4435540861212904,0.1442608368152113,0.18978433773522355,0.36733333333333335,0.7346666666666667,0.7346666666666667,-0.09999999999999999,correction_completion,PT_violation_het10,1,200,129,3476366324,reference_fold_convolution_rf,,,,
PRE_SUB,X2=low_k=-4,,,-4.0,reference_fold_pretrend,0.15279981020377323,0.14924048602863133,0.1818814700545914,-0.2048181129565999,-0.14384603186667477,0.45607040660308473,0.5251958467119269,0.198,0.396,0.396,0.027272727272727275,correction_completion,PT_violation_het10,1,200,129,3476366324,reference_fold_convolution_rf,,,,
PRE_SUB,X2=low_k=-3,,,-3.0,reference_fold_pretrend,0.08209123299524519,0.08267520656146803,0.1748641770736,-0.2592993687732994,-0.2092068211112717,0.3641063663327281,0.4269272428667771,0.31733333333333336,0.6346666666666667,0.6346666666666667,0.018181818181818184,correction_completion,PT_violation_het10,1,200,129,3476366324,reference_fold_convolution_rf,,,,
PRE_SUB,X2=low_k=-2,,,-2.0,reference_fold_pretrend,0.02477667459592609,0.007316604733508527,0.1524250568466179,-0.2845753439128738,-0.23652848640121363,0.2851241529831141,0.3355752098773454,0.4846666666666667,0.9693333333333334,0.9693333333333334,0.009090909090909092,correction_completion,PT_violation_het10,1,200,129,3476366324,reference_fold_convolution_rf,,,,
PRE_SUB,X2=high_k=-4,,,-4.0,reference_fold_pretrend,0.03966725573861145,0.05488952038404933,0.2037747845078565,-0.3968448250688302,-0.30939608216668324,0.35405461737499155,0.4047434460565876,0.392,0.784,0.784,-0.13636363636363635,correction_completion,PT_violation_het10,1,200,129,3476366324,reference_fold_convolution_rf,,,,
PRE_SUB,X2=high_k=-3,,,-3.0,reference_fold_pretrend,-0.02816632207933903,-0.009900371400986931,0.19398586711127724,-0.4299773713824929,-0.36742460792156867,0.26498574916100137,0.30083530200166353,0.48,0.96,0.96,-0.09090909090909091,correction_completion,PT_violation_het10,1,200,129,3476366324,reference_fold_convolution_rf,,,,
PRE_SUB,X2=high_k=-2,,,-2.0,reference_fold_pretrend,-0.07763503980522231,-0.04246370221562629,0.17212720448606178,-0.48403662124311164,-0.397842244767346,0.15798200455714323,0.2047645756935594,0.4026666666666667,0.8053333333333333,0.8053333333333333,-0.045454545454545456,correction_completion,PT_violation_het10,1,200,129,3476366324,reference_fold_convolution_rf,,,,
PRE_SUBC,X1_k=-4,,,-4.0,reference_fold_pretrend,-0.2791792475164413,-0.22967060854250979,0.21923561934310215,-0.7398260538359082,-0.6706990000550797,-0.012226223149216918,0.012221576437568901,0.038,0.076,0.076,-0.5999999999999999,correction_completion,PT_violation_het10,1,200,129,3476366324,reference_fold_convolution_rf,,,,
PRE_SUBC,X1_k=-3,,,-3.0,reference_fold_pretrend,-0.28428877287826476,-0.23445333522831274,0.2195378239343033,-0.7455003090067794,-0.682044019445456,-0.02498051814659968,-0.001640750875499832,0.024666666666666667,0.04933333333333333,0.04933333333333333,-0.3999999999999999,correction_completion,PT_violation_het10,1,200,129,3476366324,reference_fold_convolution_rf,,,,
PRE_SUBC,X1_k=-2,,,-2.0,reference_fold_pretrend,-0.20066855915892765,-0.13615725804104192,0.20995597155119436,-0.6493275680258207,-0.5745866307109342,0.0268032782937,0.041495238032270954,0.20666666666666667,0.41333333333333333,0.41333333333333333,-0.19999999999999996,correction_completion,PT_violation_het10,1,200,129,3476366324,reference_fold_convolution_rf,,,,
PRE_SUBC,X1_slope,,,,reference_fold_pretrend,0.11477027481891294,0.09311995083741263,0.09211863935499195,-0.0007983352592674431,0.006887492488152758,0.2819593304877336,0.3092590300975295,0.027333333333333334,0.05466666666666667,0.05466666666666667,0.19999999999999996,correction_completion,PT_violation_het10,1,200,129,3476366324,reference_fold_convolution_rf,,,,
PRE_SUBC,X2_k=-4,,,-4.0,reference_fold_pretrend,-0.11313255446516178,-0.06428817839742246,0.15895399447862352,-0.5837845880883902,-0.48940673082701747,4.579669976578771e-16,7.672681934245389e-16,0.18466666666666667,0.36933333333333335,0.36933333333333335,-0.16363636363636364,correction_completion,PT_violation_het10,1,200,129,3476366324,reference_fold_convolution_rf,,,,
PRE_SUBC,X2_k=-3,,,-3.0,reference_fold_pretrend,-0.11025755507458423,-0.06250664477698456,0.15702668684756937,-0.578727725231351,-0.48780690076763783,3.608224830031759e-16,5.883314668775327e-16,0.188,0.376,0.376,-0.1090909090909091,correction_completion,PT_violation_het10,1,200,129,3476366324,reference_fold_convolution_rf,,,,
PRE_SUBC,X2_k=-2,,,-2.0,reference_fold_pretrend,-0.10241171440114841,-0.0575276117789386,0.15382722401657783,-0.5651160981738403,-0.4772418253744623,2.504940699310503e-16,4.1997655353398405e-16,0.24666666666666667,0.49333333333333335,0.49333333333333335,-0.05454545454545455,correction_completion,PT_violation_het10,1,200,129,3476366324,reference_fold_convolution_rf,,,,
PRE_SUBC,X2_slope,,,,reference_fold_pretrend,0.04730889199612872,0.026594424427898,0.06706161219309346,-2.689034356047932e-16,-1.4779844015322394e-16,0.20712727463329925,0.24651783002382915,0.17333333333333334,0.3466666666666667,0.3466666666666667,0.05454545454545455,correction_completion,PT_violation_het10,1,200,129,3476366324,reference_fold_convolution_rf,,,,
PRE,k=-4,,,-4.0,pretrend,0.40606458393687755,0.40764430429006226,0.18259356389917114,0.06180790295578775,0.11797595745312056,0.7054868302416774,0.7717760302795492,0.014,0.028,0.028,0.057692307692307696,correction_completion,PT_violation_het20,1,200,113,1489110884,raw_structured,,,,
PRE,k=-3,,,-3.0,pretrend,0.4020477986083239,0.4005716024010284,0.18299277029907957,0.04048062744501562,0.10711040628438664,0.7031989963250737,0.791234441892927,0.014666666666666666,0.029333333333333333,0.029333333333333333,0.038461538461538464,correction_completion,PT_violation_het20,1,200,113,1489110884,raw_structured,,,,
PRE,k=-2,,,-2.0,pretrend,0.23095798192044192,0.23705118137916503,0.18650297287079373,-0.10135000046249201,-0.05340682818034303,0.529193630597833,0.5867905415028518,0.164,0.328,0.328,0.019230769230769232,correction_completion,PT_violation_het20,1,200,113,1489110884,raw_structured,,,,
PRE,slope,,,,pretrend,-0.1609462379248373,-0.1619817231315801,0.0702198559171773,-0.3021920755576271,-0.27853939683261353,-0.04755569057885456,-0.026888054262956533,0.009333333333333334,0.018666666666666668,0.018666666666666668,-0.019230769230769232,correction_completion,PT_violation_het20,1,200,113,1489110884,raw_structured,,,,
PRE_SUB,X1=0_k=-4,,,-4.0,pretrend,0.7201350454222563,0.7211591708419797,0.24522443190857965,0.2212653077120401,0.2954944232838127,1.1263546335593242,1.1821238829017444,0.0013333333333333333,0.0026666666666666666,0.0026666666666666666,0.6,correction_completion,PT_violation_het20,1,200,113,1489110884,raw_structured,,,,
PRE_SUB,X1=0_k=-3,,,-3.0,pretrend,0.7067682363058287,0.7064226042433355,0.24904946621821736,0.19470342356132375,0.28325975853422997,1.129645933349771,1.1833386463951134,0.0026666666666666666,0.005333333333333333,0.005333333333333333,0.39999999999999997,correction_completion,PT_violation_het20,1,200,113,1489110884,raw_structured,,,,
PRE_SUB,X1=0_k=-2,,,-2.0,pretrend,0.4371006982528411,0.44366462116629296,0.2786365888868309,-0.009660673565906639,0.0,0.8591908190525298,0.9472053620828786,0.116,0.232,0.232,0.19999999999999998,correction_completion,PT_violation_het20,1,200,113,1489110884,raw_structured,,,,
PRE_SUB,X1=1_k=-4,,,-4.0,pretrend,0.025170620007801143,0.013554158113325745,0.2317349101244833,-0.4497983925524903,-0.3594876354265162,0.4025155094520816,0.48911151866164915,0.4746666666666667,0.9493333333333334,0.9493333333333334,-0.5999999999999996,correction_completion,PT_violation_het20,1,200,113,1489110884,raw_structured,,,,
PRE_SUB,X1=1_k=-3,,,-3.0,pretrend,0.03249322523049898,0.0027464129693273043,0.22732346855749444,-0.4232288600073667,-0.3463412607396146,0.41832758351931293,0.4939633965507827,0.49466666666666664,0.9893333333333333,0.9893333333333333,-0.3999999999999998,correction_completion,PT_violation_het20,1,200,113,1489110884,raw_structured,,,,
PRE_SUB,X1=1_k=-2,,,-2.0,pretrend,-0.019044886823105935,0.0,0.2194519154899897,-0.48348883874100773,-0.4079155151476928,0.34863206663523844,0.4178388801628981,0.5726666666666667,1.0,1.0,-0.1999999999999999,correction_completion,PT_violation_het20,1,200,113,1489110884,raw_structured,,,,
PRE_SUB,X2=low_k=-4,,,-4.0,pretrend,0.5151937933338638,0.5154165459324286,0.19990596432778726,0.13495777980290893,0.19147931472432475,0.8514580839854548,0.9108768380891032,0.004666666666666667,0.009333333333333334,0.009333333333333334,0.22285714285714292,correction_completion,PT_violation_het20,1,200,113,1489110884,raw_structured,,,,
PRE_SUB,X2=low_k=-3,,,-3.0,pretrend,0.5084050733454425,0.5092302188091556,0.20126459921349074,0.12005101439595393,0.17840419039311195,0.8424555066241487,0.9333185524467738,0.0033333333333333335,0.006666666666666667,0.006666666666666667,0.1485714285714286,correction_completion,PT_violation_het20,1,200,113,1489110884,raw_structured,,,,
PRE_SUB,X2=low_k=-2,,,-2.0,pretrend,0.30531440799770637,0.3127271758712945,0.21310130079198733,-0.05501740389338075,0.0,0.6535388890163644,0.6984576814717722,0.13266666666666665,0.2653333333333333,0.2653333333333333,0.0742857142857143,correction_completion,PT_violation_het20,1,200,113,1489110884,raw_structured,,,,
PRE_SUB,X2=high_k=-4,,,-4.0,pretrend,0.38648271665491046,0.3925117671171155,0.1921927379526574,-0.004906560763537631,0.07342611593188564,0.6917171124072046,0.7643444120485299,0.026,0.052,0.052,0.051428571428571435,correction_completion,PT_violation_het20,1,200,113,1489110884,raw_structured,,,,
PRE_SUB,X2=high_k=-3,,,-3.0,pretrend,0.3826264433954354,0.3872763160089959,0.19317422470137,0.0,0.06472324855990552,0.6912112222551134,0.7835719553728244,0.026,0.052,0.052,0.03428571428571429,correction_completion,PT_violation_het20,1,200,113,1489110884,raw_structured,,,,
PRE_SUB,X2=high_k=-2,,,-2.0,pretrend,0.21516275144384112,0.2257592773852733,0.19357712625510684,-0.1558090316542571,-0.0877711934948762,0.5192480253868086,0.5811560181414326,0.18733333333333332,0.37466666666666665,0.37466666666666665,0.017142857142857144,correction_completion,PT_violation_het20,1,200,113,1489110884,raw_structured,,,,
PRE_SUBC,X1_k=-4,,,-4.0,pretrend,-0.6949644254144551,-0.6954235209629205,0.3105470636975246,-1.280525545924705,-1.2140034135515005,-5.259681579161692e-16,1.1102230246251565e-16,0.032,0.064,0.064,-1.1999999999999997,correction_completion,PT_violation_het20,1,200,113,1489110884,raw_structured,,,,
PRE_SUBC,X1_k=-3,,,-3.0,pretrend,-0.6742750110753297,-0.6802231094362117,0.3103849303568411,-1.2730306361244468,-1.1982220739493545,-2.220446049250313e-16,2.7096380694757537e-16,0.04133333333333333,0.08266666666666667,0.08266666666666667,-0.7999999999999998,correction_completion,PT_violation_het20,1,200,113,1489110884,raw_structured,,,,
PRE_SUBC,X1_k=-2,,,-2.0,pretrend,-0.45614558507594694,-0.532782459191414,0.34530132102494654,-1.0440573933160058,-0.9621990285241457,3.3306690738754696e-16,6.040307143351223e-16,0.18866666666666668,0.37733333333333335,0.37733333333333335,-0.3999999999999999,correction_completion,PT_violation_het20,1,200,113,1489110884,raw_structured,,,,
PRE_SUBC,X1_slope,,,,pretrend,0.2778277773907123,0.279896266641639,0.12600930744941172,-3.9650822308041306e-17,2.0172355849216017e-16,0.48038077182113786,0.5134873511263944,0.03,0.06,0.06,0.3999999999999999,correction_completion,PT_violation_het20,1,200,113,1489110884,raw_structured,,,,
PRE_SUBC,X2_k=-4,,,-4.0,pretrend,-0.12871107667895346,-0.1033138211045119,0.11844744227202489,-0.5577661577803573,-0.38502144257794263,-3.2751579226442623e-16,2.220446049250313e-16,0.04066666666666666,0.08133333333333333,0.08133333333333333,-0.17142857142857149,correction_completion,PT_violation_het20,1,200,113,1489110884,raw_structured,,,,
PRE_SUBC,X2_k=-3,,,-3.0,pretrend,-0.12577862995000713,-0.09991247943298988,0.11873656743299446,-0.5586699050831113,-0.38502144257794263,-1.1102230246251565e-16,1.9567680809017627e-16,0.042,0.084,0.084,-0.11428571428571432,correction_completion,PT_violation_het20,1,200,113,1489110884,raw_structured,,,,
PRE_SUBC,X2_k=-2,,,-2.0,pretrend,-0.09015165655386524,-0.07812748851100254,0.11743533012392769,-0.5088812782454697,-0.32098316790043036,2.7755575615628914e-16,4.996003610813204e-16,0.188,0.376,0.376,-0.05714285714285716,correction_completion,PT_violation_het20,1,200,113,1489110884,raw_structured,,,,
PRE_SUBC,X2_slope,,,,pretrend,0.05198872474933855,0.04163945766170023,0.04981474918623749,-5.759281940242999e-17,1.1062579423943527e-16,0.16380709931372234,0.233798346901759,0.03666666666666667,0.07333333333333333,0.07333333333333333,0.05714285714285716,correction_completion,PT_violation_het20,1,200,113,1489110884,raw_structured,,,,
PRE,k=-4,,,-4.0,reference_fold_pretrend,0.2183068306601872,0.2235263055304162,0.18839370760006022,-0.15129924584028548,-0.09483939931278018,0.5270250980934792,0.5895230412392058,0.12666666666666668,0.25333333333333335,0.25333333333333335,0.057692307692307696,correction_completion,PT_violation_het20,1,200,113,1489110884,reference_fold_convolution_rf,,,,
PRE,k=-3,,,-3.0,reference_fold_pretrend,0.21570338167125025,0.21317148175045755,0.16979874353417698,-0.12516845469209356,-0.07000391042188649,0.4890553324840311,0.5612122830390559,0.09666666666666666,0.19333333333333333,0.19333333333333333,0.038461538461538464,correction_completion,PT_violation_het20,1,200,113,1489110884,reference_fold_convolution_rf,,,,
PRE,k=-2,,,-2.0,reference_fold_pretrend,0.11410155940779164,0.12434398190813797,0.15724293269173759,-0.2064242058901987,-0.15541058109594827,0.3623356328128812,0.39873491126940586,0.25266666666666665,0.5053333333333333,0.5053333333333333,0.019230769230769232,correction_completion,PT_violation_het20,1,200,113,1489110884,reference_fold_convolution_rf,,,,
PRE,slope,,,,reference_fold_pretrend,-0.08574491533791813,-0.08612396231379037,0.06696764888172511,-0.20805131180485317,-0.19438806243948986,0.027352184105145068,0.04189651035938267,0.10066666666666667,0.20133333333333334,0.20133333333333334,-0.019230769230769232,correction_completion,PT_violation_het20,1,200,113,1489110884,reference_fold_convolution_rf,,,,
PRE_SUB,X1=0_k=-4,,,-4.0,reference_fold_pretrend,0.45884688004319907,0.4632876647077624,0.2337419573272635,0.013559493366386103,0.06696376856990625,0.839426383451754,0.9149223211263775,0.023333333333333334,0.04666666666666667,0.04666666666666667,0.6,correction_completion,PT_violation_het20,1,200,113,1489110884,reference_fold_convolution_rf,,,,
PRE_SUB,X1=0_k=-3,,,-3.0,reference_fold_pretrend,0.41990005708838923,0.4277115786356659,0.2205482374545544,-0.0053338357579729954,0.056965899596367345,0.7732770055843781,0.8618317818163554,0.029333333333333333,0.058666666666666666,0.058666666666666666,0.39999999999999997,correction_completion,PT_violation_het20,1,200,113,1489110884,reference_fold_convolution_rf,,,,
PRE_SUB,X1=0_k=-2,,,-2.0,reference_fold_pretrend,0.2614472523450752,0.26810646686726003,0.21461418893158712,-0.14166444902494554,-0.07428107327021563,0.6123432333827284,0.6615228138343912,0.14933333333333335,0.2986666666666667,0.2986666666666667,0.19999999999999998,correction_completion,PT_violation_het20,1,200,113,1489110884,reference_fold_convolution_rf,,,,
PRE_SUB,X1=1_k=-4,,,-4.0,reference_fold_pretrend,-0.07341195263410374,-0.06557318813264087,0.2332818015656423,-0.5601843167035025,-0.46792501407977616,0.29077115074499404,0.3577185153773763,0.39666666666666667,0.7933333333333333,0.7933333333333333,-0.5999999999999996,correction_completion,PT_violation_het20,1,200,113,1489110884,reference_fold_convolution_rf,,,,
PRE_SUB,X1=1_k=-3,,,-3.0,reference_fold_pretrend,-0.031939394898471446,-0.019817695978769784,0.2035740660377935,-0.47205076498327614,-0.38945886345927583,0.2762875653737633,0.3413999999173456,0.462,0.924,0.924,-0.3999999999999998,correction_completion,PT_violation_het20,1,200,113,1489110884,reference_fold_convolution_rf,,,,
PRE_SUB,X1=1_k=-2,,,-2.0,reference_fold_pretrend,-0.06459428096295645,-0.034603018407291464,0.18031391886611942,-0.4749525717062163,-0.3953841980222987,0.2057579993404804,0.2639553069560718,0.42933333333333334,0.8586666666666667,0.8586666666666667,-0.1999999999999999,correction_completion,PT_violation_het20,1,200,113,1489110884,reference_fold_convolution_rf,,,,
PRE_SUB,X2=low_k=-4,,,-4.0,reference_fold_pretrend,0.37544095930478943,0.3774337455038179,0.21601230353802975,-0.04559179093379541,0.007189033516631811,0.7168703318656658,0.8022672085732916,0.048,0.096,0.096,0.22285714285714292,correction_completion,PT_violation_het20,1,200,113,1489110884,reference_fold_convolution_rf,,,,
PRE_SUB,X2=low_k=-3,,,-3.0,reference_fold_pretrend,0.3493292857927425,0.3533026310131772,0.20424269050590366,-0.04276315486217617,0.016529652725277805,0.6794945918742062,0.7466876740381473,0.04133333333333333,0.08266666666666667,0.08266666666666667,0.1485714285714286,correction_completion,PT_violation_het20,1,200,113,1489110884,reference_fold_convolution_rf,,,,
PRE_SUB,X2=low_k=-2,,,-2.0,reference_fold_pretrend,0.2144441352491486,0.22130150466024404,0.2004707227849399,-0.16838368680617777,-0.10707573556656871,0.5393442193845269,0.5960180558957954,0.17533333333333334,0.3506666666666667,0.3506666666666667,0.0742857142857143,correction_completion,PT_violation_het20,1,200,113,1489110884,reference_fold_convolution_rf,,,,
PRE_SUB,X2=high_k=-4,,,-4.0,reference_fold_pretrend,0.19624766917968392,0.19616991245220472,0.18775665461853888,-0.17396077210543912,-0.11222558214265388,0.4950902514270692,0.5667058217898954,0.14333333333333334,0.2866666666666667,0.2866666666666667,0.051428571428571435,correction_completion,PT_violation_het20,1,200,113,1489110884,reference_fold_convolution_rf,,,,
PRE_SUB,X2=high_k=-3,,,-3.0,reference_fold_pretrend,0.19356117315298094,0.1872025735498955,0.16823251276907775,-0.14623019447883115,-0.08527895619255038,0.4714993963610723,0.5392754803907918,0.11466666666666667,0.22933333333333333,0.22933333333333333,0.03428571428571429,correction_completion,PT_violation_het20,1,200,113,1489110884,reference_fold_convolution_rf,,,,
PRE_SUB,X2=high_k=-2,,,-2.0,reference_fold_pretrend,0.09824627143891042,0.1092673633352764,0.15357898941381318,-0.2147640562798286,-0.16982589108900678,0.34005710014618884,0.3832771303577604,0.2826666666666667,0.5653333333333334,0.5653333333333334,0.017142857142857144,correction_completion,PT_violation_het20,1,200,113,1489110884,reference_fold_convolution_rf,,,,
PRE_SUBC,X1_k=-4,,,-4.0,reference_fold_pretrend,-0.5322588326773028,-0.5061801889079083,0.27729931692814347,-1.1035585921689506,-1.0155550661174435,-0.08883590696781934,-0.05281950600679257,0.006,0.012,0.012,-1.1999999999999997,correction_completion,PT_violation_het20,1,200,113,1489110884,reference_fold_convolution_rf,,,,
PRE_SUBC,X1_k=-3,,,-3.0,reference_fold_pretrend,-0.4518394519868606,-0.43427994099942346,0.25854178317592796,-0.9826292773415509,-0.898318675119408,-0.03535501816060191,-0.008387275569487826,0.019333333333333334,0.03866666666666667,0.03866666666666667,-0.7999999999999998,correction_completion,PT_violation_het20,1,200,113,1489110884,reference_fold_convolution_rf,,,,
PRE_SUBC,X1_k=-2,,,-2.0,reference_fold_pretrend,-0.3260415333080316,-0.33795248455717375,0.24782294852971268,-0.8661881460755061,-0.7769546245292054,0.0,0.0182273997427163,0.08533333333333333,0.17066666666666666,0.17066666666666666,-0.3999999999999999,correction_completion,PT_violation_het20,1,200,113,1489110884,reference_fold_convolution_rf,,,,
PRE_SUBC,X1_slope,,,,reference_fold_pretrend,0.20189263823669007,0.1946724025340079,0.10807422934986927,0.01673941912610669,0.02834529295126151,0.3959168372294956,0.4221620570657571,0.008,0.016,0.016,0.3999999999999999,correction_completion,PT_violation_het20,1,200,113,1489110884,reference_fold_convolution_rf,,,,
PRE_SUBC,X2_k=-4,,,-4.0,reference_fold_pretrend,-0.17919329012510554,-0.1777561021300627,0.10375814031854641,-0.4442487619697777,-0.347998948802113,-0.02522546779226237,-0.006686670744618853,0.016,0.032,0.032,-0.17142857142857149,correction_completion,PT_violation_het20,1,200,113,1489110884,reference_fold_convolution_rf,,,,
PRE_SUBC,X2_k=-3,,,-3.0,reference_fold_pretrend,-0.15576811263976162,-0.15479069529776887,0.10340447874221827,-0.39614828157270693,-0.32986355745869306,-0.0005106115742239142,0.011678052349310238,0.048666666666666664,0.09733333333333333,0.09733333333333333,-0.11428571428571432,correction_completion,PT_violation_het20,1,200,113,1489110884,reference_fold_convolution_rf,,,,
PRE_SUBC,X2_k=-2,,,-2.0,reference_fold_pretrend,-0.1161978638102382,-0.11887150091846159,0.09831252776757146,-0.30521953770190635,-0.2718197725942604,0.009696037471768674,0.01901431471119391,0.12,0.24,0.24,-0.05714285714285716,correction_completion,PT_violation_het20,1,200,113,1489110884,reference_fold_convolution_rf,,,,
PRE_SUBC,X2_slope,,,,reference_fold_pretrend,0.06895099710464844,0.06876802045085442,0.04213640579313315,0.0015499212230649475,0.007730204613842879,0.13746247513191648,0.16676924541438043,0.021333333333333333,0.042666666666666665,0.042666666666666665,0.05714285714285716,correction_completion,PT_violation_het20,1,200,113,1489110884,reference_fold_convolution_rf,,,,
PRE,k=-4,,,-4.0,pretrend,0.12121033428262987,0.11063709168735797,0.19090995169111546,-0.23697084168868515,-0.1773229637907761,0.45534227351349965,0.5095987725655504,0.26266666666666666,0.5253333333333333,0.5253333333333333,0.06451612903225806,correction_completion,PT_violation_het40,1,200,97,2772633161,raw_structured,,,,
PRE,k=-3,,,-3.0,pretrend,0.0021332447748621864,0.0041288922915979475,0.1764693493197454,-0.36726752705416993,-0.2866980480036194,0.28932227151718154,0.3442762411107378,0.49,0.98,0.98,0.043010752688172046,correction_completion,PT_violation_het40,1,200,97,2772633161,raw_structured,,,,
PRE,k=-2,,,-2.0,pretrend,-0.3253919476459832,-0.33363715466848964,0.1625616202363153,-0.6345884818230578,-0.5917925307652504,-0.033175245532235935,0.009360881245830689,0.036,0.072,0.072,0.021505376344086023,correction_completion,PT_violation_het40,1,200,97,2772633161,raw_structured,,,,
PRE,slope,,,,pretrend,-0.003036110339402192,-0.0008053777275778432,0.06593616387726932,-0.13643356412450885,-0.11899184663231269,0.10501182441090386,0.12381997507196768,0.49533333333333335,0.9906666666666667,0.9906666666666667,-0.021505376344086023,correction_completion,PT_violation_het40,1,200,97,2772633161,raw_structured,,,,
PRE_SUB,X1=0_k=-4,,,-4.0,pretrend,0.9538021014755492,0.9446916454572187,0.2602057635327038,0.4731275054598553,0.5415604031604381,1.4013832562103472,1.4768948810971463,0.0,0.0,0.0,1.2,correction_completion,PT_violation_het40,1,200,97,2772633161,raw_structured,,,,
PRE_SUB,X1=0_k=-3,,,-3.0,pretrend,0.7165174546819696,0.7200273316564878,0.23097508067731354,0.2339050391699375,0.3386073571000386,1.093072584903279,1.150454284647501,0.005333333333333333,0.010666666666666666,0.010666666666666666,0.7999999999999999,correction_completion,PT_violation_het40,1,200,97,2772633161,raw_structured,,,,
PRE_SUB,X1=0_k=-2,,,-2.0,pretrend,0.04527278754629863,0.0,0.186430592663059,-0.33483246781930204,-0.2530769367993519,0.3848142758919383,0.480117174385721,0.5606666666666666,1.0,1.0,0.39999999999999997,correction_completion,PT_violation_het40,1,200,97,2772633161,raw_structured,,,,
PRE_SUB,X1=1_k=-4,,,-4.0,pretrend,-0.8059941337276668,-0.8065564977287456,0.2571087427006677,-1.267405376024142,-1.2103911354330954,-0.38166404944441074,-0.2866190023300387,0.0006666666666666666,0.0013333333333333333,0.0013333333333333333,-1.1999999999999995,correction_completion,PT_violation_het40,1,200,97,2772633161,raw_structured,,,,
PRE_SUB,X1=1_k=-3,,,-3.0,pretrend,-0.7934309889853256,-0.7875150979247192,0.2275566130958469,-1.2412854285968864,-1.16908348559806,-0.42168228990650314,-0.34349149760252434,0.0,0.0,0.0,-0.7999999999999997,correction_completion,PT_violation_het40,1,200,97,2772633161,raw_structured,,,,
PRE_SUB,X1=1_k=-2,,,-2.0,pretrend,-0.7381776754737518,-0.7393039331326907,0.23490730472489713,-1.165494927853717,-1.1085293486964896,-0.3587949262193,-0.22865039112833327,0.008,0.016,0.016,-0.39999999999999986,correction_completion,PT_violation_het40,1,200,97,2772633161,raw_structured,,,,
PRE_SUB,X2=low_k=-4,,,-4.0,pretrend,0.16860979460918005,0.155126088566858,0.19522356237087132,-0.19459650798685335,-0.14028958739624192,0.5176349090218749,0.5666673762178966,0.19,0.38,0.38,0.11612903225806454,correction_completion,PT_violation_het40,1,200,97,2772633161,raw_structured,,,,
PRE_SUB,X2=low_k=-3,,,-3.0,pretrend,0.04437988958656516,0.04357660730611094,0.18107717976751442,-0.334144278816375,-0.24761613885344322,0.3387608796473395,0.4005801780799047,0.3933333333333333,0.7866666666666666,0.7866666666666666,0.0774193548387097,correction_completion,PT_violation_het40,1,200,97,2772633161,raw_structured,,,,
PRE_SUB,X2=low_k=-2,,,-2.0,pretrend,-0.29889679123270146,-0.313004645438332,0.1670476125949998,-0.6057245026812266,-0.5578649384588812,0.0,0.05614752192918902,0.05533333333333333,0.11066666666666666,0.11066666666666666,0.03870967741935485,correction_completion,PT_violation_het40,1,200,97,2772633161,raw_structured,,,,
PRE_SUB,X2=high_k=-4,,,-4.0,pretrend,0.08950512419183622,0.08230810626953733,0.19960158860156663,-0.29313856950732736,-0.22010614907083742,0.43177409641923686,0.49122160787908015,0.32266666666666666,0.6453333333333333,0.6453333333333333,0.03870967741935483,correction_completion,PT_violation_het40,1,200,97,2772633161,raw_structured,,,,
PRE_SUB,X2=high_k=-3,,,-3.0,pretrend,-0.026871807510082075,-0.020724357575047224,0.18477724763937037,-0.4328451976419308,-0.3393374117211364,0.26667384612352635,0.3245972190907941,0.44533333333333336,0.8906666666666667,0.8906666666666667,0.02580645161290322,correction_completion,PT_violation_het40,1,200,97,2772633161,raw_structured,,,,
PRE_SUB,X2=high_k=-2,,,-2.0,pretrend,-0.3456537868603856,-0.3485611440001564,0.16897826266672147,-0.6881313642520084,-0.6234048506275425,-0.05333200206355432,0.0,0.02666666666666667,0.05333333333333334,0.05333333333333334,0.01290322580645161,correction_completion,PT_violation_het40,1,200,97,2772633161,raw_structured,,,,
PRE_SUBC,X1_k=-4,,,-4.0,pretrend,-1.7597962352032162,-1.7404468825426498,0.3498048257407594,-2.469897631717742,-2.349340393664445,-1.2269912660158302,-1.0831519341507425,0.0,0.0,0.0,-2.3999999999999995,correction_completion,PT_violation_het40,1,200,97,2772633161,raw_structured,,,,
PRE_SUBC,X1_k=-3,,,-3.0,pretrend,-1.509948443667295,-1.5171298070649166,0.2934531243526275,-2.0949366728710506,-1.9891747250220562,-0.9968270982237993,-0.9030773917989189,0.0,0.0,0.0,-1.5999999999999996,correction_completion,PT_violation_het40,1,200,97,2772633161,raw_structured,,,,
PRE_SUBC,X1_k=-2,,,-2.0,pretrend,-0.7834504630200504,-0.7868886319726915,0.2686687446859434,-1.292173473284702,-1.1818326493048614,-0.3526877900876725,-2.802445775440669e-16,0.016666666666666666,0.03333333333333333,0.03333333333333333,-0.7999999999999998,correction_completion,PT_violation_het40,1,200,97,2772633161,raw_structured,,,,
PRE_SUBC,X1_slope,,,,pretrend,0.6487668611403064,0.6537962513733772,0.11240776996494098,0.42403416384407616,0.4653095121246154,0.8290468773677335,0.8631972853221747,0.0,0.0,0.0,0.7999999999999998,correction_completion,PT_violation_het40,1,200,97,2772633161,raw_structured,,,,
PRE_SUBC,X2_k=-4,,,-4.0,pretrend,-0.07910467041734386,-0.057055086805107125,0.09575997993891121,-0.40082380883699786,-0.28241895396000777,-0.038344934481931735,-0.030680194808473723,0.014666666666666666,0.029333333333333333,0.029333333333333333,-0.07741935483870971,correction_completion,PT_violation_het40,1,200,97,2772633161,raw_structured,,,,
PRE_SUBC,X2_k=-3,,,-3.0,pretrend,-0.07125169709664725,-0.04984244283919094,0.09444340567583238,-0.38326160035199847,-0.26374727013267973,-0.031195662449769724,-0.026515396709454634,0.008666666666666666,0.017333333333333333,0.017333333333333333,-0.05161290322580647,correction_completion,PT_violation_het40,1,200,97,2772633161,raw_structured,,,,
PRE_SUBC,X2_k=-2,,,-2.0,pretrend,-0.04675699562768421,-0.026022408087955307,0.09147696483672745,-0.36227811545839944,-0.23501320286078223,-0.011278472205189781,0.0,0.028666666666666667,0.05733333333333333,0.05733333333333333,-0.025806451612903236,correction_completion,PT_violation_het40,1,200,97,2772633161,raw_structured,,,,
PRE_SUBC,X2_slope,,,,pretrend,0.030469600076643587,0.02142324236717888,0.040139122757739815,0.011722353815113771,0.014500382532231718,0.11607613881239036,0.16597999735208147,0.014,0.028,0.028,0.025806451612903236,correction_completion,PT_violation_het40,1,200,97,2772633161,raw_structured,,,,
PRE,k=-4,,,-4.0,reference_fold_pretrend,0.020617542431002542,0.02088632760492718,0.18894619196997975,-0.3391345997384584,-0.2873458687531525,0.32821999312562117,0.38976316926942484,0.45666666666666667,0.9133333333333333,0.9133333333333333,0.06451612903225806,correction_completion,PT_violation_het40,1,200,97,2772633161,reference_fold_convolution_rf,,,,
PRE,k=-3,,,-3.0,reference_fold_pretrend,-0.08332277610933257,-0.07982502375458804,0.18009939334458056,-0.43855987571117055,-0.38625530870594005,0.19886540514322426,0.2540787789984508,0.342,0.684,0.684,0.043010752688172046,correction_completion,PT_violation_het40,1,200,97,2772633161,reference_fold_convolution_rf,,,,
PRE,k=-2,,,-2.0,reference_fold_pretrend,-0.29828202695240885,-0.3008186302307637,0.17496840699277727,-0.6481327221933015,-0.5925965192241245,-0.027354868081442257,0.022988031856974938,0.03666666666666667,0.07333333333333333,0.07333333333333333,0.021505376344086023,correction_completion,PT_violation_het40,1,200,97,2772633161,reference_fold_convolution_rf,,,,
PRE,slope,,,,reference_fold_pretrend,0.028791067991290453,0.027605934574795172,0.07008391304452408,-0.10997886055242372,-0.0838988108621711,0.1432372510901858,0.1702296746825531,0.354,0.708,0.708,-0.021505376344086023,correction_completion,PT_violation_het40,1,200,97,2772633161,reference_fold_convolution_rf,,,,
PRE_SUB,X1=0_k=-4,,,-4.0,reference_fold_pretrend,0.6398510766975903,0.6336796219985479,0.23313525009558764,0.1886007679917575,0.26741858013201386,1.0208849180212383,1.1113164170169754,0.0026666666666666666,0.005333333333333333,0.005333333333333333,1.2,correction_completion,PT_violation_het40,1,200,97,2772633161,reference_fold_convolution_rf,,,,
PRE_SUB,X1=0_k=-3,,,-3.0,reference_fold_pretrend,0.4954030800581098,0.4940035430259857,0.2184716077744644,0.08362027662362419,0.1405897528331496,0.8536562873340262,0.9180050370298474,0.006666666666666667,0.013333333333333334,0.013333333333333334,0.7999999999999999,correction_completion,PT_violation_het40,1,200,97,2772633161,reference_fold_convolution_rf,,,,
PRE_SUB,X1=0_k=-2,,,-2.0,reference_fold_pretrend,0.03248897513868441,0.019706590830929686,0.2078027094928521,-0.379935912751813,-0.3074825569051461,0.387204414964167,0.47214447355762096,0.462,0.924,0.924,0.39999999999999997,correction_completion,PT_violation_het40,1,200,97,2772633161,reference_fold_convolution_rf,,,,
PRE_SUB,X1=1_k=-4,,,-4.0,reference_fold_pretrend,-0.6689834389113339,-0.6816805959367089,0.24818009096486,-1.1489445412298656,-1.0788374231042341,-0.26421104588813454,-0.20227551788461598,0.0026666666666666666,0.005333333333333333,0.005333333333333333,-1.1999999999999995,correction_completion,PT_violation_het40,1,200,97,2772633161,reference_fold_convolution_rf,,,,
PRE_SUB,X1=1_k=-3,,,-3.0,reference_fold_pretrend,-0.7278129341139842,-0.7266432725152698,0.24040063961338848,-1.2013813051053737,-1.1238228882501364,-0.3321371438530874,-0.2672355727422728,0.0006666666666666666,0.0013333333333333333,0.0013333333333333333,-0.7999999999999997,correction_completion,PT_violation_het40,1,200,97,2772633161,reference_fold_convolution_rf,,,,
PRE_SUB,X1=1_k=-2,,,-2.0,reference_fold_pretrend,-0.66664064291749,-0.6728421771774098,0.2551340603971286,-1.134619947231283,-1.072336374074981,-0.23036096837226755,-0.16000104251823033,0.0026666666666666666,0.005333333333333333,0.005333333333333333,-0.39999999999999986,correction_completion,PT_violation_het40,1,200,97,2772633161,reference_fold_convolution_rf,,,,
PRE_SUB,X2=low_k=-4,,,-4.0,reference_fold_pretrend,0.09949453693641633,0.09933437319333524,0.19641753788017208,-0.27818371121393576,-0.221754615998024,0.42331347894809745,0.4829348155895136,0.31066666666666665,0.6213333333333333,0.6213333333333333,0.11612903225806454,correction_completion,PT_violation_het40,1,200,97,2772633161,reference_fold_convolution_rf,,,,
PRE_SUB,X2=low_k=-3,,,-3.0,reference_fold_pretrend,-0.007752769601875293,-0.007902660202998615,0.18606432055963132,-0.3814052484905717,-0.31751366650619567,0.2921481947382422,0.35429937624053953,0.482,0.964,0.964,0.0774193548387097,correction_completion,PT_violation_het40,1,200,97,2772633161,reference_fold_convolution_rf,,,,
PRE_SUB,X2=low_k=-2,,,-2.0,reference_fold_pretrend,-0.25955973101957497,-0.2634003012905206,0.18154098443486497,-0.6061799394771409,-0.5535159688083108,0.03166509320410915,0.08392146398443577,0.078,0.156,0.156,0.03870967741935485,correction_completion,PT_violation_het40,1,200,97,2772633161,reference_fold_convolution_rf,,,,
PRE_SUB,X2=high_k=-4,,,-4.0,reference_fold_pretrend,0.005362430077167209,0.006223603230171098,0.19935443852292709,-0.3827222551498526,-0.3252296451155953,0.33797641505916637,0.3925328799778488,0.48933333333333334,0.9786666666666667,0.9786666666666667,0.03870967741935483,correction_completion,PT_violation_het40,1,200,97,2772633161,reference_fold_convolution_rf,,,,
PRE_SUB,X2=high_k=-3,,,-3.0,reference_fold_pretrend,-0.10884609491264659,-0.09808972838816746,0.19072359640430744,-0.4842257935567655,-0.4305076782498588,0.18629925872149283,0.24754349895622588,0.2906666666666667,0.5813333333333334,0.5813333333333334,0.02580645161290322,correction_completion,PT_violation_het40,1,200,97,2772633161,reference_fold_convolution_rf,,,,
PRE_SUB,X2=high_k=-2,,,-2.0,reference_fold_pretrend,-0.30500198326692557,-0.30486391038699096,0.18587640396674063,-0.6810594452543318,-0.6189599215898842,-0.014819702574644029,0.02951996347710336,0.042666666666666665,0.08533333333333333,0.08533333333333333,0.01290322580645161,correction_completion,PT_violation_het40,1,200,97,2772633161,reference_fold_convolution_rf,,,,
PRE_SUBC,X1_k=-4,,,-4.0,reference_fold_pretrend,-1.3088345156089243,-1.3066281236151858,0.29759958745201864,-1.8768430333816595,-1.7993600265871172,-0.8090179996915942,-0.7173508741852412,0.0,0.0,0.0,-2.3999999999999995,correction_completion,PT_violation_het40,1,200,97,2772633161,reference_fold_convolution_rf,,,,
PRE_SUBC,X1_k=-3,,,-3.0,reference_fold_pretrend,-1.2232160141720942,-1.2267639244397057,0.28364061847791816,-1.8089326769532792,-1.7026804826634416,-0.7401826153510291,-0.6639987754324346,0.0,0.0,0.0,-1.5999999999999996,correction_completion,PT_violation_het40,1,200,97,2772633161,reference_fold_convolution_rf,,,,
PRE_SUBC,X1_k=-2,,,-2.0,reference_fold_pretrend,-0.6991296180561742,-0.722211598446513,0.3033229459730845,-1.2307706837259609,-1.163004876177144,-0.20137240820732136,-0.013761854272140392,0.017333333333333333,0.034666666666666665,0.034666666666666665,-0.7999999999999998,correction_completion,PT_violation_het40,1,200,97,2772633161,reference_fold_convolution_rf,,,,
PRE_SUBC,X1_slope,,,,reference_fold_pretrend,0.5051475138019382,0.5088376201583871,0.11562445028560131,0.2643646684642347,0.3131197036473073,0.6907976310936448,0.7436531369454862,0.0,0.0,0.0,0.7999999999999998,correction_completion,PT_violation_het40,1,200,97,2772633161,reference_fold_convolution_rf,,,,
PRE_SUBC,X2_k=-4,,,-4.0,reference_fold_pretrend,-0.09413210685924912,-0.0747321354918456,0.07802803551972073,-0.3288891397293088,-0.2736457870900219,-0.026551578317129586,-0.015589618473269838,0.006,0.012,0.012,-0.07741935483870971,correction_completion,PT_violation_het40,1,200,97,2772633161,reference_fold_convolution_rf,,,,
PRE_SUBC,X2_k=-3,,,-3.0,reference_fold_pretrend,-0.1010933253107713,-0.08202002687963267,0.07729785096193605,-0.348584894319644,-0.28021061942128844,-0.03422620741332919,-0.026692216037842532,0.004666666666666667,0.009333333333333334,0.009333333333333334,-0.05161290322580647,correction_completion,PT_violation_het40,1,200,97,2772633161,reference_fold_convolution_rf,,,,
PRE_SUBC,X2_k=-2,,,-2.0,reference_fold_pretrend,-0.0454422522473506,-0.026484802012334926,0.0750350683315838,-0.28024018507271203,-0.22297244117350606,0.014017587343045574,0.021250068321297545,0.13466666666666666,0.2693333333333333,0.2693333333333333,-0.025806451612903236,correction_completion,PT_violation_het40,1,200,97,2772633161,reference_fold_convolution_rf,,,,
PRE_SUBC,X2_slope,,,,reference_fold_pretrend,0.037858944531902895,0.029827186384609183,0.032401991905935845,0.007465715277664258,0.011050722331252715,0.11258882533750417,0.13810508999147042,0.005333333333333333,0.010666666666666666,0.010666666666666666,0.025806451612903236,correction_completion,PT_violation_het40,1,200,97,2772633161,reference_fold_convolution_rf,,,,
GATT,g=4_t=4,4.0,4.0,0.0,raw_structured,3.775435787056705,3.769620253854889,0.15549993387466532,3.493778700564282,3.5275992158733454,4.0456780017002725,4.095351230670294,0.0,0.0,0.0,3.8840896406303402,correction_completion,baseline,3,200,81,1747566950,raw_structured,,,,
GATT,g=4_t=5,4.0,5.0,1.0,raw_structured,3.7020129506070814,3.7007689200197973,0.14169307099879652,3.420627434580566,3.4711217379192343,3.932496021734383,3.977911112443975,0.0,0.0,0.0,3.8840896406303402,correction_completion,baseline,3,200,81,1747566950,raw_structured,,,,
GATT,g=4_t=6,4.0,6.0,2.0,raw_structured,3.679173011653453,3.678092939203985,0.13851952364037365,3.4081176955578654,3.4521606272029604,3.907974823269646,3.9487145502280434,0.0,0.0,0.0,3.8840896406303402,correction_completion,baseline,3,200,81,1747566950,raw_structured,,,,
GATT,g=4_t=7,4.0,7.0,3.0,raw_structured,3.628997349752375,3.6302954171179778,0.1535690156487017,3.314387273309367,3.3761475176572713,3.8710754999966737,3.918509433738547,0.0,0.0,0.0,3.8840896406303402,correction_completion,baseline,3,200,81,1747566950,raw_structured,,,,
ES,k=0,,,0.0,raw_structured,3.775435787056705,3.769620253854889,0.15549993387466532,3.493778700564282,3.5275992158733454,4.0456780017002725,4.095351230670294,0.0,0.0,0.0,3.8840896406303402,correction_completion,baseline,3,200,81,1747566950,raw_structured,,,,
ES,k=1,,,1.0,raw_structured,3.7020129506070814,3.7007689200197973,0.14169307099879652,3.420627434580566,3.4711217379192343,3.932496021734383,3.977911112443975,0.0,0.0,0.0,3.8840896406303402,correction_completion,baseline,3,200,81,1747566950,raw_structured,,,,
ES,k=2,,,2.0,raw_structured,3.679173011653453,3.678092939203985,0.13851952364037365,3.4081176955578654,3.4521606272029604,3.907974823269646,3.9487145502280434,0.0,0.0,0.0,3.8840896406303402,correction_completion,baseline,3,200,81,1747566950,raw_structured,,,,
ES,k=3,,,3.0,raw_structured,3.628997349752375,3.6302954171179778,0.1535690156487017,3.314387273309367,3.3761475176572713,3.8710754999966737,3.918509433738547,0.0,0.0,0.0,3.8840896406303402,correction_completion,baseline,3,200,81,1747566950,raw_structured,,,,
ATT,ATT,,,,raw_structured,3.696404774767404,3.6954406879095822,0.11824377604087657,3.4674352624250027,3.509897662844391,3.8909886989931968,3.933568463774196,0.0,0.0,0.0,3.8840896406303402,correction_completion,baseline,3,200,81,1747566950,raw_structured,,,,
GATT,g=4_t=4,4.0,4.0,0.0,reference_fold_convolution,3.728011661663015,3.724824990729735,0.2877334605772924,3.15924041869729,3.263919725132169,4.198524516764943,4.3057784394280825,0.0,0.0,0.0,3.8840896406303402,correction_completion,baseline,3,200,81,1747566950,reference_fold_convolution_rf,6.012828804574222,34.241137922633364,,"{""0"": {""bar_pi"": 0.6, ""control_ess"": 37.310695265167496, ""fold_sizes"": [{""evaluation"": 100, ""fold"": 0, ""train"": 100}], ""global_fold_bb"": true, ""max_control_odds"": 1.7845062860788505, ""n_clipped"": 0, ""n_complement_units"": 100, ""n_eval_units"": 100, ""posterior_cache_key"": ""g=4_fold=0"", ""posterior_draws"": 1500, ""raw_max_control_odds"": 1.7845062860788505}, ""1"": {""bar_pi"": 0.52, ""control_ess"": 34.241137922633364, ""fold_sizes"": [{""evaluation"": 100, ""fold"": 0, ""train"": 100}], ""global_fold_bb"": true, ""max_control_odds"": 6.012828804574222, ""n_clipped"": 0, ""n_complement_units"": 100, ""n_eval_units"": 100, ""posterior_cache_key"": ""g=4_fold=1"", ""posterior_draws"": 1500, ""raw_max_control_odds"": 6.012828804574222}}"
GATT,g=4_t=5,4.0,5.0,1.0,reference_fold_convolution,3.6401846542021947,3.6303303755475964,0.2654451259893317,3.1336923977857527,3.2115656534050796,4.075258018907873,4.174078759066317,0.0,0.0,0.0,3.8840896406303402,correction_completion,baseline,3,200,81,1747566950,reference_fold_convolution_rf,6.012828804574222,34.241137922633364,,"{""0"": {""bar_pi"": 0.6, ""control_ess"": 37.310695265167496, ""fold_sizes"": [{""evaluation"": 100, ""fold"": 0, ""train"": 100}], ""global_fold_bb"": true, ""max_control_odds"": 1.7845062860788505, ""n_clipped"": 0, ""n_complement_units"": 100, ""n_eval_units"": 100, ""posterior_cache_key"": ""g=4_fold=0"", ""posterior_draws"": 1500, ""raw_max_control_odds"": 1.7845062860788505}, ""1"": {""bar_pi"": 0.52, ""control_ess"": 34.241137922633364, ""fold_sizes"": [{""evaluation"": 100, ""fold"": 0, ""train"": 100}], ""global_fold_bb"": true, ""max_control_odds"": 6.012828804574222, ""n_clipped"": 0, ""n_complement_units"": 100, ""n_eval_units"": 100, ""posterior_cache_key"": ""g=4_fold=1"", ""posterior_draws"": 1500, ""raw_max_control_odds"": 6.012828804574222}}"
GATT,g=4_t=6,4.0,6.0,2.0,reference_fold_convolution,3.5082874655148335,3.4883280570249586,0.34224030466743866,2.891597392852748,2.9764530789152115,4.062350368714712,4.209087951163547,0.0,0.0,0.0,3.8840896406303402,correction_completion,baseline,3,200,81,1747566950,reference_fold_convolution_rf,6.012828804574222,34.241137922633364,,"{""0"": {""bar_pi"": 0.6, ""control_ess"": 37.310695265167496, ""fold_sizes"": [{""evaluation"": 100, ""fold"": 0, ""train"": 100}], ""global_fold_bb"": true, ""max_control_odds"": 1.7845062860788505, ""n_clipped"": 0, ""n_complement_units"": 100, ""n_eval_units"": 100, ""posterior_cache_key"": ""g=4_fold=0"", ""posterior_draws"": 1500, ""raw_max_control_odds"": 1.7845062860788505}, ""1"": {""bar_pi"": 0.52, ""control_ess"": 34.241137922633364, ""fold_sizes"": [{""evaluation"": 100, ""fold"": 0, ""train"": 100}], ""global_fold_bb"": true, ""max_control_odds"": 6.012828804574222, ""n_clipped"": 0, ""n_complement_units"": 100, ""n_eval_units"": 100, ""posterior_cache_key"": ""g=4_fold=1"", ""posterior_draws"": 1500, ""raw_max_control_odds"": 6.012828804574222}}"
GATT,g=4_t=7,4.0,7.0,3.0,reference_fold_convolution,3.4118332202181008,3.39907501338463,0.2847502968727524,2.8895138952921493,2.952887976444784,3.8961017817042283,3.978166652921595,0.0,0.0,0.0,3.8840896406303402,correction_completion,baseline,3,200,81,1747566950,reference_fold_convolution_rf,6.012828804574222,34.241137922633364,,"{""0"": {""bar_pi"": 0.6, ""control_ess"": 37.310695265167496, ""fold_sizes"": [{""evaluation"": 100, ""fold"": 0, ""train"": 100}], ""global_fold_bb"": true, ""max_control_odds"": 1.7845062860788505, ""n_clipped"": 0, ""n_complement_units"": 100, ""n_eval_units"": 100, ""posterior_cache_key"": ""g=4_fold=0"", ""posterior_draws"": 1500, ""raw_max_control_odds"": 1.7845062860788505}, ""1"": {""bar_pi"": 0.52, ""control_ess"": 34.241137922633364, ""fold_sizes"": [{""evaluation"": 100, ""fold"": 0, ""train"": 100}], ""global_fold_bb"": true, ""max_control_odds"": 6.012828804574222, ""n_clipped"": 0, ""n_complement_units"": 100, ""n_eval_units"": 100, ""posterior_cache_key"": ""g=4_fold=1"", ""posterior_draws"": 1500, ""raw_max_control_odds"": 6.012828804574222}}"
ES,k=0,,,0.0,reference_fold_convolution,3.728011661663015,3.724824990729735,0.2877334605772924,3.15924041869729,3.263919725132169,4.198524516764943,4.3057784394280825,0.0,0.0,0.0,3.8840896406303402,correction_completion,baseline,3,200,81,1747566950,reference_fold_convolution_rf,,,,{}
ES,k=1,,,1.0,reference_fold_convolution,3.6401846542021947,3.6303303755475964,0.2654451259893317,3.1336923977857527,3.2115656534050796,4.075258018907873,4.174078759066317,0.0,0.0,0.0,3.8840896406303402,correction_completion,baseline,3,200,81,1747566950,reference_fold_convolution_rf,,,,{}
ES,k=2,,,2.0,reference_fold_convolution,3.5082874655148335,3.4883280570249586,0.34224030466743866,2.891597392852748,2.9764530789152115,4.062350368714712,4.209087951163547,0.0,0.0,0.0,3.8840896406303402,correction_completion,baseline,3,200,81,1747566950,reference_fold_convolution_rf,,,,{}
ES,k=3,,,3.0,reference_fold_convolution,3.4118332202181008,3.39907501338463,0.2847502968727524,2.8895138952921493,2.952887976444784,3.8961017817042283,3.978166652921595,0.0,0.0,0.0,3.8840896406303402,correction_completion,baseline,3,200,81,1747566950,reference_fold_convolution_rf,,,,{}
ATT,ATT,,,,reference_fold_convolution,3.572079250399536,3.56065425777623,0.2472410786029428,3.110090068496036,3.1899386044255267,3.979847531629365,4.065183140877602,0.0,0.0,0.0,3.8840896406303402,correction_completion,baseline,3,200,81,1747566950,reference_fold_convolution_rf,,,,{}
GATT,g=4_t=4,4.0,4.0,0.0,raw_structured,3.425921480162422,3.4282401689411106,0.2864913166849805,2.836491342286215,2.9500600038365707,3.8867996481298053,3.94968597468619,0.0,0.0,0.0,3.436880485198386,correction_completion,baseline_sweep,2,50,65,348159848,raw_structured,,,,
GATT,g=4_t=5,4.0,5.0,1.0,raw_structured,3.5866776415668826,3.5812918160323823,0.26557522574517967,3.080822668222912,3.1614522019468017,4.032828048317256,4.120063879804892,0.0,0.0,0.0,3.436880485198386,correction_completion,baseline_sweep,2,50,65,348159848,raw_structured,,,,
GATT,g=4_t=6,4.0,6.0,2.0,raw_structured,3.5069570798144154,3.5046572384103345,0.27195808361203694,2.9710768957091562,3.073672863397898,3.954078827059502,4.034237066674104,0.0,0.0,0.0,3.436880485198386,correction_completion,baseline_sweep,2,50,65,348159848,raw_structured,,,,
GATT,g=4_t=7,4.0,7.0,3.0,raw_structured,3.5174641819727204,3.514838491894272,0.29035969895176356,2.929513629959544,3.0552369739018146,3.990357539324049,4.099919681180393,0.0,0.0,0.0,3.436880485198386,correction_completion,baseline_sweep,2,50,65,348159848,raw_structured,,,,
ES,k=0,,,0.0,raw_structured,3.425921480162422,3.4282401689411106,0.2864913166849805,2.836491342286215,2.9500600038365707,3.8867996481298053,3.94968597468619,0.0,0.0,0.0,3.436880485198386,correction_completion,baseline_sweep,2,50,65,348159848,raw_structured,,,,
ES,k=1,,,1.0,raw_structured,3.5866776415668826,3.5812918160323823,0.26557522574517967,3.080822668222912,3.1614522019468017,4.032828048317256,4.120063879804892,0.0,0.0,0.0,3.436880485198386,correction_completion,baseline_sweep,2,50,65,348159848,raw_structured,,,,
ES,k=2,,,2.0,raw_structured,3.5069570798144154,3.5046572384103345,0.27195808361203694,2.9710768957091562,3.073672863397898,3.954078827059502,4.034237066674104,0.0,0.0,0.0,3.436880485198386,correction_completion,baseline_sweep,2,50,65,348159848,raw_structured,,,,
ES,k=3,,,3.0,raw_structured,3.5174641819727204,3.514838491894272,0.29035969895176356,2.929513629959544,3.0552369739018146,3.990357539324049,4.099919681180393,0.0,0.0,0.0,3.436880485198386,correction_completion,baseline_sweep,2,50,65,348159848,raw_structured,,,,
ATT,ATT,,,,raw_structured,3.509255095879111,3.5090523592865566,0.23449842453693234,3.083670416780111,3.1262952800697046,3.896927895437042,3.94482388095049,0.0,0.0,0.0,3.4368804851983854,correction_completion,baseline_sweep,2,50,65,348159848,raw_structured,,,,
GATT,g=4_t=4,4.0,4.0,0.0,reference_fold_convolution,3.5264684527393158,3.569642521406986,0.6598263503172979,2.0563998311327274,2.4432595953448244,4.485301774514632,4.686140399815078,0.0006666666666666666,0.0013333333333333333,0.0013333333333333333,3.436880485198386,correction_completion,baseline_sweep,2,50,65,348159848,reference_fold_convolution_rf,2.2150497302243566,8.0,,"{""0"": {""bar_pi"": 0.44, ""control_ess"": 13.999995540139464, ""fold_sizes"": [{""evaluation"": 25, ""fold"": 0, ""train"": 25}], ""global_fold_bb"": true, ""max_control_odds"": 2.2150497302243566, ""n_clipped"": 0, ""n_complement_units"": 25, ""n_eval_units"": 25, ""posterior_cache_key"": ""g=4_fold=0"", ""posterior_draws"": 1500, ""raw_max_control_odds"": 2.2150497302243566}, ""1"": {""bar_pi"": 0.68, ""control_ess"": 8.0, ""fold_sizes"": [{""evaluation"": 25, ""fold"": 0, ""train"": 25}], ""global_fold_bb"": true, ""max_control_odds"": 0.7755681818181812, ""n_clipped"": 0, ""n_complement_units"": 25, ""n_eval_units"": 25, ""posterior_cache_key"": ""g=4_fold=1"", ""posterior_draws"": 1500, ""raw_max_control_odds"": 0.7755681818181812}}"
GATT,g=4_t=5,4.0,5.0,1.0,reference_fold_convolution,3.5573056224607913,3.535978015304396,0.6561477375930892,2.2642930875109912,2.5494506499934064,4.641338328585623,4.862699082978431,0.0,0.0,0.0,3.436880485198386,correction_completion,baseline_sweep,2,50,65,348159848,reference_fold_convolution_rf,2.2150497302243566,8.0,,"{""0"": {""bar_pi"": 0.44, ""control_ess"": 13.999995540139464, ""fold_sizes"": [{""evaluation"": 25, ""fold"": 0, ""train"": 25}], ""global_fold_bb"": true, ""max_control_odds"": 2.2150497302243566, ""n_clipped"": 0, ""n_complement_units"": 25, ""n_eval_units"": 25, ""posterior_cache_key"": ""g=4_fold=0"", ""posterior_draws"": 1500, ""raw_max_control_odds"": 2.2150497302243566}, ""1"": {""bar_pi"": 0.68, ""control_ess"": 8.0, ""fold_sizes"": [{""evaluation"": 25, ""fold"": 0, ""train"": 25}], ""global_fold_bb"": true, ""max_control_odds"": 0.7755681818181812, ""n_clipped"": 0, ""n_complement_units"": 25, ""n_eval_units"": 25, ""posterior_cache_key"": ""g=4_fold=1"", ""posterior_draws"": 1500, ""raw_max_control_odds"": 0.7755681818181812}}"
GATT,g=4_t=6,4.0,6.0,2.0,reference_fold_convolution,3.542273832178402,3.5166434191919027,0.6954238832435898,2.258925666131602,2.5189065451869355,4.649018606227668,5.008450119881349,0.0,0.0,0.0,3.436880485198386,correction_completion,baseline_sweep,2,50,65,348159848,reference_fold_convolution_rf,2.2150497302243566,8.0,,"{""0"": {""bar_pi"": 0.44, ""control_ess"": 13.999995540139464, ""fold_sizes"": [{""evaluation"": 25, ""fold"": 0, ""train"": 25}], ""global_fold_bb"": true, ""max_control_odds"": 2.2150497302243566, ""n_clipped"": 0, ""n_complement_units"": 25, ""n_eval_units"": 25, ""posterior_cache_key"": ""g=4_fold=0"", ""posterior_draws"": 1500, ""raw_max_control_odds"": 2.2150497302243566}, ""1"": {""bar_pi"": 0.68, ""control_ess"": 8.0, ""fold_sizes"": [{""evaluation"": 25, ""fold"": 0, ""train"": 25}], ""global_fold_bb"": true, ""max_control_odds"": 0.7755681818181812, ""n_clipped"": 0, ""n_complement_units"": 25, ""n_eval_units"": 25, ""posterior_cache_key"": ""g=4_fold=1"", ""posterior_draws"": 1500, ""raw_max_control_odds"": 0.7755681818181812}}"
GATT,g=4_t=7,4.0,7.0,3.0,reference_fold_convolution,3.19909804209983,3.226317664638908,0.6969782916733567,1.7043422104850046,2.010353056189884,4.264714378102839,4.493109994602818,0.0,0.0,0.0,3.436880485198386,correction_completion,baseline_sweep,2,50,65,348159848,reference_fold_convolution_rf,2.2150497302243566,8.0,,"{""0"": {""bar_pi"": 0.44, ""control_ess"": 13.999995540139464, ""fold_sizes"": [{""evaluation"": 25, ""fold"": 0, ""train"": 25}], ""global_fold_bb"": true, ""max_control_odds"": 2.2150497302243566, ""n_clipped"": 0, ""n_complement_units"": 25, ""n_eval_units"": 25, ""posterior_cache_key"": ""g=4_fold=0"", ""posterior_draws"": 1500, ""raw_max_control_odds"": 2.2150497302243566}, ""1"": {""bar_pi"": 0.68, ""control_ess"": 8.0, ""fold_sizes"": [{""evaluation"": 25, ""fold"": 0, ""train"": 25}], ""global_fold_bb"": true, ""max_control_odds"": 0.7755681818181812, ""n_clipped"": 0, ""n_complement_units"": 25, ""n_eval_units"": 25, ""posterior_cache_key"": ""g=4_fold=1"", ""posterior_draws"": 1500, ""raw_max_control_odds"": 0.7755681818181812}}"
ES,k=0,,,0.0,reference_fold_convolution,3.5264684527393158,3.569642521406986,0.6598263503172979,2.0563998311327274,2.4432595953448244,4.485301774514632,4.686140399815078,0.0006666666666666666,0.0013333333333333333,0.0013333333333333333,3.436880485198386,correction_completion,baseline_sweep,2,50,65,348159848,reference_fold_convolution_rf,,,,{}
ES,k=1,,,1.0,reference_fold_convolution,3.5573056224607913,3.535978015304396,0.6561477375930892,2.2642930875109912,2.5494506499934064,4.641338328585623,4.862699082978431,0.0,0.0,0.0,3.436880485198386,correction_completion,baseline_sweep,2,50,65,348159848,reference_fold_convolution_rf,,,,{}
ES,k=2,,,2.0,reference_fold_convolution,3.542273832178402,3.5166434191919027,0.6954238832435898,2.258925666131602,2.5189065451869355,4.649018606227668,5.008450119881349,0.0,0.0,0.0,3.436880485198386,correction_completion,baseline_sweep,2,50,65,348159848,reference_fold_convolution_rf,,,,{}
ES,k=3,,,3.0,reference_fold_convolution,3.19909804209983,3.226317664638908,0.6969782916733567,1.7043422104850046,2.010353056189884,4.264714378102839,4.493109994602818,0.0,0.0,0.0,3.436880485198386,correction_completion,baseline_sweep,2,50,65,348159848,reference_fold_convolution_rf,,,,{}
ATT,ATT,,,,reference_fold_convolution,3.4562864873695847,3.461592971704272,0.4682795347345876,2.4438887546237136,2.6673256569038957,4.193573329920434,4.302906669584762,0.0,0.0,0.0,3.4368804851983854,correction_completion,baseline_sweep,2,50,65,348159848,reference_fold_convolution_rf,,,,{}
GATT,g=4_t=4,4.0,4.0,0.0,raw_structured,4.110035892074605,4.10813088723466,0.1904691937434643,3.7312070048832395,3.7893726372560055,4.414677213488329,4.486491228719434,0.0,0.0,0.0,3.769845706481436,correction_completion,baseline_sweep_d3,3,100,49,3174176493,raw_structured,,,,
GATT,g=4_t=5,4.0,5.0,1.0,raw_structured,4.127709297014728,4.129611334739015,0.1763029803823545,3.7839074626794127,3.826008165498262,4.412006717833887,4.4737807513820425,0.0,0.0,0.0,3.769845706481436,correction_completion,baseline_sweep_d3,3,100,49,3174176493,raw_structured,,,,
GATT,g=4_t=6,4.0,6.0,2.0,raw_structured,4.137695849718758,4.141873529667136,0.17829293278547909,3.7754802424458607,3.8324288670779376,4.42120632030988,4.4849656435860545,0.0,0.0,0.0,3.769845706481436,correction_completion,baseline_sweep_d3,3,100,49,3174176493,raw_structured,,,,
GATT,g=4_t=7,4.0,7.0,3.0,raw_structured,4.129596666208603,4.136333253683792,0.19254390229938775,3.7481475463688736,3.815026350056893,4.454370533580183,4.5122562581874615,0.0,0.0,0.0,3.769845706481436,correction_completion,baseline_sweep_d3,3,100,49,3174176493,raw_structured,,,,
ES,k=0,,,0.0,raw_structured,4.110035892074605,4.10813088723466,0.1904691937434643,3.7312070048832395,3.7893726372560055,4.414677213488329,4.486491228719434,0.0,0.0,0.0,3.769845706481436,correction_completion,baseline_sweep_d3,3,100,49,3174176493,raw_structured,,,,
ES,k=1,,,1.0,raw_structured,4.127709297014728,4.129611334739015,0.1763029803823545,3.7839074626794127,3.826008165498262,4.412006717833887,4.4737807513820425,0.0,0.0,0.0,3.769845706481436,correction_completion,baseline_sweep_d3,3,100,49,3174176493,raw_structured,,,,
ES,k=2,,,2.0,raw_structured,4.137695849718758,4.141873529667136,0.17829293278547909,3.7754802424458607,3.8324288670779376,4.42120632030988,4.4849656435860545,0.0,0.0,0.0,3.769845706481436,correction_completion,baseline_sweep_d3,3,100,49,3174176493,raw_structured,,,,
ES,k=3,,,3.0,raw_structured,4.129596666208603,4.136333253683792,0.19254390229938775,3.7481475463688736,3.815026350056893,4.454370533580183,4.5122562581874615,0.0,0.0,0.0,3.769845706481436,correction_completion,baseline_sweep_d3,3,100,49,3174176493,raw_structured,,,,
ATT,ATT,,,,raw_structured,4.126259426254174,4.1238557241234455,0.15741236728338956,3.8084432986918273,3.869385548049983,4.37207330750307,4.43823391591991,0.0,0.0,0.0,3.7698457064814357,correction_completion,baseline_sweep_d3,3,100,49,3174176493,raw_structured,,,,
GATT,g=4_t=4,4.0,4.0,0.0,reference_fold_convolution,4.044986071107499,4.055406670691229,0.35092266882332207,3.3091772548628917,3.4383952180265274,4.58600824923665,4.693238969149221,0.0,0.0,0.0,3.769845706481436,correction_completion,baseline_sweep_d3,3,100,49,3174176493,reference_fold_convolution_rf,2.2464493485072943,21.1860193936127,,"{""0"": {""bar_pi"": 0.44, ""control_ess"": 24.857840541872715, ""fold_sizes"": [{""evaluation"": 50, ""fold"": 0, ""train"": 50}], ""global_fold_bb"": true, ""max_control_odds"": 2.2464493485072943, ""n_clipped"": 0, ""n_complement_units"": 50, ""n_eval_units"": 50, ""posterior_cache_key"": ""g=4_fold=0"", ""posterior_draws"": 1500, ""raw_max_control_odds"": 2.2464493485072943}, ""1"": {""bar_pi"": 0.54, ""control_ess"": 21.1860193936127, ""fold_sizes"": [{""evaluation"": 50, ""fold"": 0, ""train"": 50}], ""global_fold_bb"": true, ""max_control_odds"": 1.2429273214795291, ""n_clipped"": 0, ""n_complement_units"": 50, ""n_eval_units"": 50, ""posterior_cache_key"": ""g=4_fold=1"", ""posterior_draws"": 1500, ""raw_max_control_odds"": 1.2429273214795291}}"
GATT,g=4_t=5,4.0,5.0,1.0,reference_fold_convolution,4.299916713887575,4.309016599534955,0.3981003604410419,3.4743790316580387,3.640144327366203,4.9417674318896685,5.055925485080958,0.0,0.0,0.0,3.769845706481436,correction_completion,baseline_sweep_d3,3,100,49,3174176493,reference_fold_convolution_rf,2.2464493485072943,21.1860193936127,,"{""0"": {""bar_pi"": 0.44, ""control_ess"": 24.857840541872715, ""fold_sizes"": [{""evaluation"": 50, ""fold"": 0, ""train"": 50}], ""global_fold_bb"": true, ""max_control_odds"": 2.2464493485072943, ""n_clipped"": 0, ""n_complement_units"": 50, ""n_eval_units"": 50, ""posterior_cache_key"": ""g=4_fold=0"", ""posterior_draws"": 1500, ""raw_max_control_odds"": 2.2464493485072943}, ""1"": {""bar_pi"": 0.54, ""control_ess"": 21.1860193936127, ""fold_sizes"": [{""evaluation"": 50, ""fold"": 0, ""train"": 50}], ""global_fold_bb"": true, ""max_control_odds"": 1.2429273214795291, ""n_clipped"": 0, ""n_complement_units"": 50, ""n_eval_units"": 50, ""posterior_cache_key"": ""g=4_fold=1"", ""posterior_draws"": 1500, ""raw_max_control_odds"": 1.2429273214795291}}"
GATT,g=4_t=6,4.0,6.0,2.0,reference_fold_convolution,4.459112290486111,4.459225953653196,0.3436874652152419,3.80420742635432,3.9150125478557913,5.032827332100207,5.183953749576295,0.0,0.0,0.0,3.769845706481436,correction_completion,baseline_sweep_d3,3,100,49,3174176493,reference_fold_convolution_rf,2.2464493485072943,21.1860193936127,,"{""0"": {""bar_pi"": 0.44, ""control_ess"": 24.857840541872715, ""fold_sizes"": [{""evaluation"": 50, ""fold"": 0, ""train"": 50}], ""global_fold_bb"": true, ""max_control_odds"": 2.2464493485072943, ""n_clipped"": 0, ""n_complement_units"": 50, ""n_eval_units"": 50, ""posterior_cache_key"": ""g=4_fold=0"", ""posterior_draws"": 1500, ""raw_max_control_odds"": 2.2464493485072943}, ""1"": {""bar_pi"": 0.54, ""control_ess"": 21.1860193936127, ""fold_sizes"": [{""evaluation"": 50, ""fold"": 0, ""train"": 50}], ""global_fold_bb"": true, ""max_control_odds"": 1.2429273214795291, ""n_clipped"": 0, ""n_complement_units"": 50, ""n_eval_units"": 50, ""posterior_cache_key"": ""g=4_fold=1"", ""posterior_draws"": 1500, ""raw_max_control_odds"": 1.2429273214795291}}"
GATT,g=4_t=7,4.0,7.0,3.0,reference_fold_convolution,4.130159022240758,4.144108965716471,0.4114928555232968,3.234024206656395,3.4132919227574936,4.766154571811903,4.8719648365910535,0.0,0.0,0.0,3.769845706481436,correction_completion,baseline_sweep_d3,3,100,49,3174176493,reference_fold_convolution_rf,2.2464493485072943,21.1860193936127,,"{""0"": {""bar_pi"": 0.44, ""control_ess"": 24.857840541872715, ""fold_sizes"": [{""evaluation"": 50, ""fold"": 0, ""train"": 50}], ""global_fold_bb"": true, ""max_control_odds"": 2.2464493485072943, ""n_clipped"": 0, ""n_complement_units"": 50, ""n_eval_units"": 50, ""posterior_cache_key"": ""g=4_fold=0"", ""posterior_draws"": 1500, ""raw_max_control_odds"": 2.2464493485072943}, ""1"": {""bar_pi"": 0.54, ""control_ess"": 21.1860193936127, ""fold_sizes"": [{""evaluation"": 50, ""fold"": 0, ""train"": 50}], ""global_fold_bb"": true, ""max_control_odds"": 1.2429273214795291, ""n_clipped"": 0, ""n_complement_units"": 50, ""n_eval_units"": 50, ""posterior_cache_key"": ""g=4_fold=1"", ""posterior_draws"": 1500, ""raw_max_control_odds"": 1.2429273214795291}}"
ES,k=0,,,0.0,reference_fold_convolution,4.044986071107499,4.055406670691229,0.35092266882332207,3.3091772548628917,3.4383952180265274,4.58600824923665,4.693238969149221,0.0,0.0,0.0,3.769845706481436,correction_completion,baseline_sweep_d3,3,100,49,3174176493,reference_fold_convolution_rf,,,,{}
ES,k=1,,,1.0,reference_fold_convolution,4.299916713887575,4.309016599534955,0.3981003604410419,3.4743790316580387,3.640144327366203,4.9417674318896685,5.055925485080958,0.0,0.0,0.0,3.769845706481436,correction_completion,baseline_sweep_d3,3,100,49,3174176493,reference_fold_convolution_rf,,,,{}
ES,k=2,,,2.0,reference_fold_convolution,4.459112290486111,4.459225953653196,0.3436874652152419,3.80420742635432,3.9150125478557913,5.032827332100207,5.183953749576295,0.0,0.0,0.0,3.769845706481436,correction_completion,baseline_sweep_d3,3,100,49,3174176493,reference_fold_convolution_rf,,,,{}
ES,k=3,,,3.0,reference_fold_convolution,4.130159022240758,4.144108965716471,0.4114928555232968,3.234024206656395,3.4132919227574936,4.766154571811903,4.8719648365910535,0.0,0.0,0.0,3.769845706481436,correction_completion,baseline_sweep_d3,3,100,49,3174176493,reference_fold_convolution_rf,,,,{}
ATT,ATT,,,,reference_fold_convolution,4.233543524430487,4.240645405562045,0.3235567740857495,3.5854397208338225,3.689277242491236,4.737706875224592,4.82639909199403,0.0,0.0,0.0,3.7698457064814357,correction_completion,baseline_sweep_d3,3,100,49,3174176493,reference_fold_convolution_rf,,,,{}
GATT,g=4_t=4,4.0,4.0,0.0,raw_structured,-0.08412228671094803,-0.08517255339234966,0.14384798951165845,-0.362260273966756,-0.3175085176616254,0.15197810202427747,0.20929160256562943,0.2633333333333333,0.5266666666666666,0.5266666666666666,0.0,correction_completion,null,3,200,133,1818331465,raw_structured,,,,
GATT,g=4_t=5,4.0,5.0,1.0,raw_structured,-0.055755614006372314,-0.05491853819000339,0.14184338568041852,-0.33204412487845225,-0.2840551856550607,0.18360751217644083,0.22474049172088575,0.3453333333333333,0.6906666666666667,0.6906666666666667,0.0,correction_completion,null,3,200,133,1818331465,raw_structured,,,,
GATT,g=4_t=6,4.0,6.0,2.0,raw_structured,0.1021317973680893,0.09938480011495061,0.1433970305066929,-0.1805297895864446,-0.1277500979534383,0.34278270614004736,0.38400157367068494,0.242,0.484,0.484,0.0,correction_completion,null,3,200,133,1818331465,raw_structured,,,,
GATT,g=4_t=7,4.0,7.0,3.0,raw_structured,0.12236847328479515,0.11915942760313199,0.14902656423764024,-0.16552909125640689,-0.11818332937889714,0.36662445730869997,0.414793592814042,0.20266666666666666,0.4053333333333333,0.4053333333333333,0.0,correction_completion,null,3,200,133,1818331465,raw_structured,,,,
ES,k=0,,,0.0,raw_structured,-0.08412228671094803,-0.08517255339234966,0.14384798951165845,-0.362260273966756,-0.3175085176616254,0.15197810202427747,0.20929160256562943,0.2633333333333333,0.5266666666666666,0.5266666666666666,0.0,correction_completion,null,3,200,133,1818331465,raw_structured,,,,
ES,k=1,,,1.0,raw_structured,-0.055755614006372314,-0.05491853819000339,0.14184338568041852,-0.33204412487845225,-0.2840551856550607,0.18360751217644083,0.22474049172088575,0.3453333333333333,0.6906666666666667,0.6906666666666667,0.0,correction_completion,null,3,200,133,1818331465,raw_structured,,,,
ES,k=2,,,2.0,raw_structured,0.1021317973680893,0.09938480011495061,0.1433970305066929,-0.1805297895864446,-0.1277500979534383,0.34278270614004736,0.38400157367068494,0.242,0.484,0.484,0.0,correction_completion,null,3,200,133,1818331465,raw_structured,,,,
ES,k=3,,,3.0,raw_structured,0.12236847328479515,0.11915942760313199,0.14902656423764024,-0.16552909125640689,-0.11818332937889714,0.36662445730869997,0.414793592814042,0.20266666666666666,0.4053333333333333,0.4053333333333333,0.0,correction_completion,null,3,200,133,1818331465,raw_structured,,,,
ATT,ATT,,,,raw_structured,0.021155592483891036,0.02467302660810084,0.11206718550761258,-0.20104133816715114,-0.16282086173385174,0.20110386127239624,0.23797035194471208,0.4166666666666667,0.8333333333333334,0.8333333333333334,0.0,correction_completion,null,3,200,133,1818331465,raw_structured,,,,
GATT,g=4_t=4,4.0,4.0,0.0,reference_fold_convolution,-0.27198433282646467,-0.269748755327336,0.23658634486687663,-0.7456425603257254,-0.6538596487871475,0.13117212628339697,0.18575510449703034,0.118,0.236,0.236,0.0,correction_completion,null,3,200,133,1818331465,reference_fold_convolution_rf,3.5541503884201084,37.545762580303375,,"{""0"": {""bar_pi"": 0.41, ""control_ess"": 46.87701262929769, ""fold_sizes"": [{""evaluation"": 100, ""fold"": 0, ""train"": 100}], ""global_fold_bb"": true, ""max_control_odds"": 3.5541503884201084, ""n_clipped"": 0, ""n_complement_units"": 100, ""n_eval_units"": 100, ""posterior_cache_key"": ""g=4_fold=0"", ""posterior_draws"": 1500, ""raw_max_control_odds"": 3.5541503884201084}, ""1"": {""bar_pi"": 0.58, ""control_ess"": 37.545762580303375, ""fold_sizes"": [{""evaluation"": 100, ""fold"": 0, ""train"": 100}], ""global_fold_bb"": true, ""max_control_odds"": 1.3668853395907001, ""n_clipped"": 0, ""n_complement_units"": 100, ""n_eval_units"": 100, ""posterior_cache_key"": ""g=4_fold=1"", ""posterior_draws"": 1500, ""raw_max_control_odds"": 1.3668853395907001}}"
GATT,g=4_t=5,4.0,5.0,1.0,reference_fold_convolution,-0.5990435930881192,-0.5922863104025511,0.29808000576536814,-1.2185028526520232,-1.1280291566283245,-0.14449726069554344,-0.04801626880889387,0.020666666666666667,0.04133333333333333,0.04133333333333333,0.0,correction_completion,null,3,200,133,1818331465,reference_fold_convolution_rf,3.5541503884201084,37.545762580303375,,"{""0"": {""bar_pi"": 0.41, ""control_ess"": 46.87701262929769, ""fold_sizes"": [{""evaluation"": 100, ""fold"": 0, ""train"": 100}], ""global_fold_bb"": true, ""max_control_odds"": 3.5541503884201084, ""n_clipped"": 0, ""n_complement_units"": 100, ""n_eval_units"": 100, ""posterior_cache_key"": ""g=4_fold=0"", ""posterior_draws"": 1500, ""raw_max_control_odds"": 3.5541503884201084}, ""1"": {""bar_pi"": 0.58, ""control_ess"": 37.545762580303375, ""fold_sizes"": [{""evaluation"": 100, ""fold"": 0, ""train"": 100}], ""global_fold_bb"": true, ""max_control_odds"": 1.3668853395907001, ""n_clipped"": 0, ""n_complement_units"": 100, ""n_eval_units"": 100, ""posterior_cache_key"": ""g=4_fold=1"", ""posterior_draws"": 1500, ""raw_max_control_odds"": 1.3668853395907001}}"
GATT,g=4_t=6,4.0,6.0,2.0,reference_fold_convolution,-0.30151381012003925,-0.2971712725370853,0.2639855250239785,-0.8057087399687222,-0.7432682084154817,0.12716202497201431,0.2105797493843056,0.12133333333333333,0.24266666666666667,0.24266666666666667,0.0,correction_completion,null,3,200,133,1818331465,reference_fold_convolution_rf,3.5541503884201084,37.545762580303375,,"{""0"": {""bar_pi"": 0.41, ""control_ess"": 46.87701262929769, ""fold_sizes"": [{""evaluation"": 100, ""fold"": 0, ""train"": 100}], ""global_fold_bb"": true, ""max_control_odds"": 3.5541503884201084, ""n_clipped"": 0, ""n_complement_units"": 100, ""n_eval_units"": 100, ""posterior_cache_key"": ""g=4_fold=0"", ""posterior_draws"": 1500, ""raw_max_control_odds"": 3.5541503884201084}, ""1"": {""bar_pi"": 0.58, ""control_ess"": 37.545762580303375, ""fold_sizes"": [{""evaluation"": 100, ""fold"": 0, ""train"": 100}], ""global_fold_bb"": true, ""max_control_odds"": 1.3668853395907001, ""n_clipped"": 0, ""n_complement_units"": 100, ""n_eval_units"": 100, ""posterior_cache_key"": ""g=4_fold=1"", ""posterior_draws"": 1500, ""raw_max_control_odds"": 1.3668853395907001}}"
GATT,g=4_t=7,4.0,7.0,3.0,reference_fold_convolution,-0.13715802380566228,-0.1386243528396927,0.26133420682872155,-0.6768507676478003,-0.5479839212134394,0.27627311497696666,0.34511352353019065,0.2986666666666667,0.5973333333333334,0.5973333333333334,0.0,correction_completion,null,3,200,133,1818331465,reference_fold_convolution_rf,3.5541503884201084,37.545762580303375,,"{""0"": {""bar_pi"": 0.41, ""control_ess"": 46.87701262929769, ""fold_sizes"": [{""evaluation"": 100, ""fold"": 0, ""train"": 100}], ""global_fold_bb"": true, ""max_control_odds"": 3.5541503884201084, ""n_clipped"": 0, ""n_complement_units"": 100, ""n_eval_units"": 100, ""posterior_cache_key"": ""g=4_fold=0"", ""posterior_draws"": 1500, ""raw_max_control_odds"": 3.5541503884201084}, ""1"": {""bar_pi"": 0.58, ""control_ess"": 37.545762580303375, ""fold_sizes"": [{""evaluation"": 100, ""fold"": 0, ""train"": 100}], ""global_fold_bb"": true, ""max_control_odds"": 1.3668853395907001, ""n_clipped"": 0, ""n_complement_units"": 100, ""n_eval_units"": 100, ""posterior_cache_key"": ""g=4_fold=1"", ""posterior_draws"": 1500, ""raw_max_control_odds"": 1.3668853395907001}}"
ES,k=0,,,0.0,reference_fold_convolution,-0.27198433282646467,-0.269748755327336,0.23658634486687663,-0.7456425603257254,-0.6538596487871475,0.13117212628339697,0.18575510449703034,0.118,0.236,0.236,0.0,correction_completion,null,3,200,133,1818331465,reference_fold_convolution_rf,,,,{}
ES,k=1,,,1.0,reference_fold_convolution,-0.5990435930881192,-0.5922863104025511,0.29808000576536814,-1.2185028526520232,-1.1280291566283245,-0.14449726069554344,-0.04801626880889387,0.020666666666666667,0.04133333333333333,0.04133333333333333,0.0,correction_completion,null,3,200,133,1818331465,reference_fold_convolution_rf,,,,{}
ES,k=2,,,2.0,reference_fold_convolution,-0.30151381012003925,-0.2971712725370853,0.2639855250239785,-0.8057087399687222,-0.7432682084154817,0.12716202497201431,0.2105797493843056,0.12133333333333333,0.24266666666666667,0.24266666666666667,0.0,correction_completion,null,3,200,133,1818331465,reference_fold_convolution_rf,,,,{}
ES,k=3,,,3.0,reference_fold_convolution,-0.13715802380566228,-0.1386243528396927,0.26133420682872155,-0.6768507676478003,-0.5479839212134394,0.27627311497696666,0.34511352353019065,0.2986666666666667,0.5973333333333334,0.5973333333333334,0.0,correction_completion,null,3,200,133,1818331465,reference_fold_convolution_rf,,,,{}
ATT,ATT,,,,reference_fold_convolution,-0.3274249399600714,-0.321765953858966,0.21237128472366187,-0.7565034322095411,-0.6969709073311091,0.0072357195025024475,0.06319351209961097,0.056666666666666664,0.11333333333333333,0.11333333333333333,0.0,correction_completion,null,3,200,133,1818331465,reference_fold_convolution_rf,,,,{}
GATT,g=4_t=4,4.0,4.0,0.0,raw_structured,3.673514334451229,3.67065720634883,0.1459465419543073,3.3874422031287286,3.441899082822363,3.9150194394855786,3.971792694973519,0.0,0.0,0.0,3.7311256734105225,correction_completion,selection_obs,1,200,17,1767873996,raw_structured,,,,
GATT,g=4_t=5,4.0,5.0,1.0,raw_structured,3.66868057043827,3.66441151275015,0.1407871409546157,3.4040716720090036,3.452563693621564,3.9162966135894277,3.9613494102967346,0.0,0.0,0.0,3.7311256734105225,correction_completion,selection_obs,1,200,17,1767873996,raw_structured,,,,
GATT,g=4_t=6,4.0,6.0,2.0,raw_structured,3.5582874056465132,3.559176098884401,0.14175089562211382,3.2805358372963247,3.3294418025811465,3.7831653371522442,3.8318944689505963,0.0,0.0,0.0,3.7311256734105225,correction_completion,selection_obs,1,200,17,1767873996,raw_structured,,,,
GATT,g=4_t=7,4.0,7.0,3.0,raw_structured,3.546833577286109,3.5517819061454112,0.1496386915591894,3.2435319753379113,3.3010463671762387,3.7846531944709803,3.8332393166835543,0.0,0.0,0.0,3.7311256734105225,correction_completion,selection_obs,1,200,17,1767873996,raw_structured,,,,
ES,k=0,,,0.0,raw_structured,3.673514334451229,3.67065720634883,0.1459465419543073,3.3874422031287286,3.441899082822363,3.9150194394855786,3.971792694973519,0.0,0.0,0.0,3.7311256734105225,correction_completion,selection_obs,1,200,17,1767873996,raw_structured,,,,
ES,k=1,,,1.0,raw_structured,3.66868057043827,3.66441151275015,0.1407871409546157,3.4040716720090036,3.452563693621564,3.9162966135894277,3.9613494102967346,0.0,0.0,0.0,3.7311256734105225,correction_completion,selection_obs,1,200,17,1767873996,raw_structured,,,,
ES,k=2,,,2.0,raw_structured,3.5582874056465132,3.559176098884401,0.14175089562211382,3.2805358372963247,3.3294418025811465,3.7831653371522442,3.8318944689505963,0.0,0.0,0.0,3.7311256734105225,correction_completion,selection_obs,1,200,17,1767873996,raw_structured,,,,
ES,k=3,,,3.0,raw_structured,3.546833577286109,3.5517819061454112,0.1496386915591894,3.2435319753379113,3.3010463671762387,3.7846531944709803,3.8332393166835543,0.0,0.0,0.0,3.7311256734105225,correction_completion,selection_obs,1,200,17,1767873996,raw_structured,,,,
ATT,ATT,,,,raw_structured,3.61182897195553,3.6081677132142387,0.11439003357059775,3.392600126991584,3.429859421474593,3.795388817761309,3.831786144665039,0.0,0.0,0.0,3.7311256734105234,correction_completion,selection_obs,1,200,17,1767873996,raw_structured,,,,
GATT,g=4_t=4,4.0,4.0,0.0,reference_fold_convolution,4.0206986817077635,4.019517998321552,0.2374308856730769,3.564273733294387,3.62062476267798,4.4118937495213295,4.485537696968497,0.0,0.0,0.0,3.7311256734105225,correction_completion,selection_obs,1,200,17,1767873996,reference_fold_convolution_rf,3.345920329600441,31.028412566449457,,"{""0"": {""bar_pi"": 0.53, ""control_ess"": 41.64988946430213, ""fold_sizes"": [{""evaluation"": 100, ""fold"": 0, ""train"": 100}], ""global_fold_bb"": true, ""max_control_odds"": 2.3938006926492403, ""n_clipped"": 0, ""n_complement_units"": 100, ""n_eval_units"": 100, ""posterior_cache_key"": ""g=4_fold=0"", ""posterior_draws"": 1500, ""raw_max_control_odds"": 2.3938006926492403}, ""1"": {""bar_pi"": 0.56, ""control_ess"": 31.028412566449457, ""fold_sizes"": [{""evaluation"": 100, ""fold"": 0, ""train"": 100}], ""global_fold_bb"": true, ""max_control_odds"": 3.345920329600441, ""n_clipped"": 0, ""n_complement_units"": 100, ""n_eval_units"": 100, ""posterior_cache_key"": ""g=4_fold=1"", ""posterior_draws"": 1500, ""raw_max_control_odds"": 3.345920329600441}}"
GATT,g=4_t=5,4.0,5.0,1.0,reference_fold_convolution,4.321510509525381,4.312157318166875,0.23368075230880123,3.8899951214699606,3.96302259127409,4.709410131028231,4.793765853175318,0.0,0.0,0.0,3.7311256734105225,correction_completion,selection_obs,1,200,17,1767873996,reference_fold_convolution_rf,3.345920329600441,31.028412566449457,,"{""0"": {""bar_pi"": 0.53, ""control_ess"": 41.64988946430213, ""fold_sizes"": [{""evaluation"": 100, ""fold"": 0, ""train"": 100}], ""global_fold_bb"": true, ""max_control_odds"": 2.3938006926492403, ""n_clipped"": 0, ""n_complement_units"": 100, ""n_eval_units"": 100, ""posterior_cache_key"": ""g=4_fold=0"", ""posterior_draws"": 1500, ""raw_max_control_odds"": 2.3938006926492403}, ""1"": {""bar_pi"": 0.56, ""control_ess"": 31.028412566449457, ""fold_sizes"": [{""evaluation"": 100, ""fold"": 0, ""train"": 100}], ""global_fold_bb"": true, ""max_control_odds"": 3.345920329600441, ""n_clipped"": 0, ""n_complement_units"": 100, ""n_eval_units"": 100, ""posterior_cache_key"": ""g=4_fold=1"", ""posterior_draws"": 1500, ""raw_max_control_odds"": 3.345920329600441}}"
GATT,g=4_t=6,4.0,6.0,2.0,reference_fold_convolution,4.006288288109168,4.001366717655344,0.20414902276894753,3.597916742904895,3.6609608685776265,4.340762929944891,4.400553880755752,0.0,0.0,0.0,3.7311256734105225,correction_completion,selection_obs,1,200,17,1767873996,reference_fold_convolution_rf,3.345920329600441,31.028412566449457,,"{""0"": {""bar_pi"": 0.53, ""control_ess"": 41.64988946430213, ""fold_sizes"": [{""evaluation"": 100, ""fold"": 0, ""train"": 100}], ""global_fold_bb"": true, ""max_control_odds"": 2.3938006926492403, ""n_clipped"": 0, ""n_complement_units"": 100, ""n_eval_units"": 100, ""posterior_cache_key"": ""g=4_fold=0"", ""posterior_draws"": 1500, ""raw_max_control_odds"": 2.3938006926492403}, ""1"": {""bar_pi"": 0.56, ""control_ess"": 31.028412566449457, ""fold_sizes"": [{""evaluation"": 100, ""fold"": 0, ""train"": 100}], ""global_fold_bb"": true, ""max_control_odds"": 3.345920329600441, ""n_clipped"": 0, ""n_complement_units"": 100, ""n_eval_units"": 100, ""posterior_cache_key"": ""g=4_fold=1"", ""posterior_draws"": 1500, ""raw_max_control_odds"": 3.345920329600441}}"
GATT,g=4_t=7,4.0,7.0,3.0,reference_fold_convolution,3.9857583993064813,3.9849647180093433,0.24688796284949416,3.48175981468388,3.570957371064786,4.387987795331927,4.468060784654201,0.0,0.0,0.0,3.7311256734105225,correction_completion,selection_obs,1,200,17,1767873996,reference_fold_convolution_rf,3.345920329600441,31.028412566449457,,"{""0"": {""bar_pi"": 0.53, ""control_ess"": 41.64988946430213, ""fold_sizes"": [{""evaluation"": 100, ""fold"": 0, ""train"": 100}], ""global_fold_bb"": true, ""max_control_odds"": 2.3938006926492403, ""n_clipped"": 0, ""n_complement_units"": 100, ""n_eval_units"": 100, ""posterior_cache_key"": ""g=4_fold=0"", ""posterior_draws"": 1500, ""raw_max_control_odds"": 2.3938006926492403}, ""1"": {""bar_pi"": 0.56, ""control_ess"": 31.028412566449457, ""fold_sizes"": [{""evaluation"": 100, ""fold"": 0, ""train"": 100}], ""global_fold_bb"": true, ""max_control_odds"": 3.345920329600441, ""n_clipped"": 0, ""n_complement_units"": 100, ""n_eval_units"": 100, ""posterior_cache_key"": ""g=4_fold=1"", ""posterior_draws"": 1500, ""raw_max_control_odds"": 3.345920329600441}}"
ES,k=0,,,0.0,reference_fold_convolution,4.0206986817077635,4.019517998321552,0.2374308856730769,3.564273733294387,3.62062476267798,4.4118937495213295,4.485537696968497,0.0,0.0,0.0,3.7311256734105225,correction_completion,selection_obs,1,200,17,1767873996,reference_fold_convolution_rf,,,,{}
ES,k=1,,,1.0,reference_fold_convolution,4.321510509525381,4.312157318166875,0.23368075230880123,3.8899951214699606,3.96302259127409,4.709410131028231,4.793765853175318,0.0,0.0,0.0,3.7311256734105225,correction_completion,selection_obs,1,200,17,1767873996,reference_fold_convolution_rf,,,,{}
ES,k=2,,,2.0,reference_fold_convolution,4.006288288109168,4.001366717655344,0.20414902276894753,3.597916742904895,3.6609608685776265,4.340762929944891,4.400553880755752,0.0,0.0,0.0,3.7311256734105225,correction_completion,selection_obs,1,200,17,1767873996,reference_fold_convolution_rf,,,,{}
ES,k=3,,,3.0,reference_fold_convolution,3.9857583993064813,3.9849647180093433,0.24688796284949416,3.48175981468388,3.570957371064786,4.387987795331927,4.468060784654201,0.0,0.0,0.0,3.7311256734105225,correction_completion,selection_obs,1,200,17,1767873996,reference_fold_convolution_rf,,,,{}
ATT,ATT,,,,reference_fold_convolution,4.083563969662198,4.079333762012173,0.1948948670383849,3.7144526084437572,3.7590507283227512,4.401000350507259,4.452555566794869,0.0,0.0,0.0,3.7311256734105234,correction_completion,selection_obs,1,200,17,1767873996,reference_fold_convolution_rf,,,,{}
GATT,g=4_t=4,4.0,4.0,0.0,raw_structured,3.6193987687755285,3.6174106799256007,0.2277562314040372,3.185825123063198,3.244381012562829,4.003472226303234,4.082949332920101,0.0,0.0,0.0,3.7570182116251862,correction_completion,serial_sweep,1,50,1,431332721,raw_structured,,,,
GATT,g=4_t=5,4.0,5.0,1.0,raw_structured,3.5304565875750935,3.537179818493446,0.21300545416104255,3.0941132824688404,3.1844546510590366,3.873368994871696,3.9505327084756288,0.0,0.0,0.0,3.7570182116251862,correction_completion,serial_sweep,1,50,1,431332721,raw_structured,,,,
GATT,g=4_t=6,4.0,6.0,2.0,raw_structured,3.566410237993198,3.5659121808018726,0.20904146945241922,3.146785604837613,3.2238079488704647,3.9134873008605395,3.9832926530062487,0.0,0.0,0.0,3.7570182116251862,correction_completion,serial_sweep,1,50,1,431332721,raw_structured,,,,
GATT,g=4_t=7,4.0,7.0,3.0,raw_structured,3.6726729926434745,3.6647502955240006,0.24028147040981238,3.2099893244776103,3.2914783426797913,4.081955592670397,4.150362781129898,0.0,0.0,0.0,3.7570182116251862,correction_completion,serial_sweep,1,50,1,431332721,raw_structured,,,,
ES,k=0,,,0.0,raw_structured,3.6193987687755285,3.6174106799256007,0.2277562314040372,3.185825123063198,3.244381012562829,4.003472226303234,4.082949332920101,0.0,0.0,0.0,3.7570182116251862,correction_completion,serial_sweep,1,50,1,431332721,raw_structured,,,,
ES,k=1,,,1.0,raw_structured,3.5304565875750935,3.537179818493446,0.21300545416104255,3.0941132824688404,3.1844546510590366,3.873368994871696,3.9505327084756288,0.0,0.0,0.0,3.7570182116251862,correction_completion,serial_sweep,1,50,1,431332721,raw_structured,,,,
ES,k=2,,,2.0,raw_structured,3.566410237993198,3.5659121808018726,0.20904146945241922,3.146785604837613,3.2238079488704647,3.9134873008605395,3.9832926530062487,0.0,0.0,0.0,3.7570182116251862,correction_completion,serial_sweep,1,50,1,431332721,raw_structured,,,,
ES,k=3,,,3.0,raw_structured,3.6726729926434745,3.6647502955240006,0.24028147040981238,3.2099893244776103,3.2914783426797913,4.081955592670397,4.150362781129898,0.0,0.0,0.0,3.7570182116251862,correction_completion,serial_sweep,1,50,1,431332721,raw_structured,,,,
ATT,ATT,,,,raw_structured,3.5972346467468235,3.595635019627859,0.1859484050636453,3.2369081526709373,3.2955703678967816,3.9001984246343757,3.974055658202507,0.0,0.0,0.0,3.7570182116251867,correction_completion,serial_sweep,1,50,1,431332721,raw_structured,,,,
GATT,g=4_t=4,4.0,4.0,0.0,reference_fold_convolution,3.471121791364209,3.4743229656451824,0.3175236202734593,2.840369149986175,2.9662300238841146,3.9929962889675794,4.080047173362471,0.0,0.0,0.0,3.7570182116251862,correction_completion,serial_sweep,1,50,1,431332721,reference_fold_convolution_rf,0.9101354726850627,12.999058219945777,,"{""0"": {""bar_pi"": 0.48, ""control_ess"": 12.999058219945777, ""fold_sizes"": [{""evaluation"": 25, ""fold"": 0, ""train"": 25}], ""global_fold_bb"": true, ""max_control_odds"": 0.8232435502759392, ""n_clipped"": 0, ""n_complement_units"": 25, ""n_eval_units"": 25, ""posterior_cache_key"": ""g=4_fold=0"", ""posterior_draws"": 1500, ""raw_max_control_odds"": 0.8232435502759392}, ""1"": {""bar_pi"": 0.44, ""control_ess"": 13.999198660463756, ""fold_sizes"": [{""evaluation"": 25, ""fold"": 0, ""train"": 25}], ""global_fold_bb"": true, ""max_control_odds"": 0.9101354726850627, ""n_clipped"": 0, ""n_complement_units"": 25, ""n_eval_units"": 25, ""posterior_cache_key"": ""g=4_fold=1"", ""posterior_draws"": 1500, ""raw_max_control_odds"": 0.9101354726850627}}"
GATT,g=4_t=5,4.0,5.0,1.0,reference_fold_convolution,2.9811453320461188,2.9835695056631235,0.3467450019094892,2.289976719077782,2.4347685631541243,3.538925867430086,3.6567529831399566,0.0,0.0,0.0,3.7570182116251862,correction_completion,serial_sweep,1,50,1,431332721,reference_fold_convolution_rf,0.9101354726850627,12.999058219945777,,"{""0"": {""bar_pi"": 0.48, ""control_ess"": 12.999058219945777, ""fold_sizes"": [{""evaluation"": 25, ""fold"": 0, ""train"": 25}], ""global_fold_bb"": true, ""max_control_odds"": 0.8232435502759392, ""n_clipped"": 0, ""n_complement_units"": 25, ""n_eval_units"": 25, ""posterior_cache_key"": ""g=4_fold=0"", ""posterior_draws"": 1500, ""raw_max_control_odds"": 0.8232435502759392}, ""1"": {""bar_pi"": 0.44, ""control_ess"": 13.999198660463756, ""fold_sizes"": [{""evaluation"": 25, ""fold"": 0, ""train"": 25}], ""global_fold_bb"": true, ""max_control_odds"": 0.9101354726850627, ""n_clipped"": 0, ""n_complement_units"": 25, ""n_eval_units"": 25, ""posterior_cache_key"": ""g=4_fold=1"", ""posterior_draws"": 1500, ""raw_max_control_odds"": 0.9101354726850627}}"
GATT,g=4_t=6,4.0,6.0,2.0,reference_fold_convolution,3.0442868262995275,3.0475866844209256,0.340670606086644,2.404212191522669,2.4923016857737537,3.5795205968994344,3.7145394903062168,0.0,0.0,0.0,3.7570182116251862,correction_completion,serial_sweep,1,50,1,431332721,reference_fold_convolution_rf,0.9101354726850627,12.999058219945777,,"{""0"": {""bar_pi"": 0.48, ""control_ess"": 12.999058219945777, ""fold_sizes"": [{""evaluation"": 25, ""fold"": 0, ""train"": 25}], ""global_fold_bb"": true, ""max_control_odds"": 0.8232435502759392, ""n_clipped"": 0, ""n_complement_units"": 25, ""n_eval_units"": 25, ""posterior_cache_key"": ""g=4_fold=0"", ""posterior_draws"": 1500, ""raw_max_control_odds"": 0.8232435502759392}, ""1"": {""bar_pi"": 0.44, ""control_ess"": 13.999198660463756, ""fold_sizes"": [{""evaluation"": 25, ""fold"": 0, ""train"": 25}], ""global_fold_bb"": true, ""max_control_odds"": 0.9101354726850627, ""n_clipped"": 0, ""n_complement_units"": 25, ""n_eval_units"": 25, ""posterior_cache_key"": ""g=4_fold=1"", ""posterior_draws"": 1500, ""raw_max_control_odds"": 0.9101354726850627}}"
GATT,g=4_t=7,4.0,7.0,3.0,reference_fold_convolution,3.346288672771061,3.3560572598734852,0.36288213905816025,2.637094796815669,2.745888229106518,3.9240256890953513,4.053904627365481,0.0,0.0,0.0,3.7570182116251862,correction_completion,serial_sweep,1,50,1,431332721,reference_fold_convolution_rf,0.9101354726850627,12.999058219945777,,"{""0"": {""bar_pi"": 0.48, ""control_ess"": 12.999058219945777, ""fold_sizes"": [{""evaluation"": 25, ""fold"": 0, ""train"": 25}], ""global_fold_bb"": true, ""max_control_odds"": 0.8232435502759392, ""n_clipped"": 0, ""n_complement_units"": 25, ""n_eval_units"": 25, ""posterior_cache_key"": ""g=4_fold=0"", ""posterior_draws"": 1500, ""raw_max_control_odds"": 0.8232435502759392}, ""1"": {""bar_pi"": 0.44, ""control_ess"": 13.999198660463756, ""fold_sizes"": [{""evaluation"": 25, ""fold"": 0, ""train"": 25}], ""global_fold_bb"": true, ""max_control_odds"": 0.9101354726850627, ""n_clipped"": 0, ""n_complement_units"": 25, ""n_eval_units"": 25, ""posterior_cache_key"": ""g=4_fold=1"", ""posterior_draws"": 1500, ""raw_max_control_odds"": 0.9101354726850627}}"
ES,k=0,,,0.0,reference_fold_convolution,3.471121791364209,3.4743229656451824,0.3175236202734593,2.840369149986175,2.9662300238841146,3.9929962889675794,4.080047173362471,0.0,0.0,0.0,3.7570182116251862,correction_completion,serial_sweep,1,50,1,431332721,reference_fold_convolution_rf,,,,{}
ES,k=1,,,1.0,reference_fold_convolution,2.9811453320461188,2.9835695056631235,0.3467450019094892,2.289976719077782,2.4347685631541243,3.538925867430086,3.6567529831399566,0.0,0.0,0.0,3.7570182116251862,correction_completion,serial_sweep,1,50,1,431332721,reference_fold_convolution_rf,,,,{}
ES,k=2,,,2.0,reference_fold_convolution,3.0442868262995275,3.0475866844209256,0.340670606086644,2.404212191522669,2.4923016857737537,3.5795205968994344,3.7145394903062168,0.0,0.0,0.0,3.7570182116251862,correction_completion,serial_sweep,1,50,1,431332721,reference_fold_convolution_rf,,,,{}
ES,k=3,,,3.0,reference_fold_convolution,3.346288672771061,3.3560572598734852,0.36288213905816025,2.637094796815669,2.745888229106518,3.9240256890953513,4.053904627365481,0.0,0.0,0.0,3.7570182116251862,correction_completion,serial_sweep,1,50,1,431332721,reference_fold_convolution_rf,,,,{}
ATT,ATT,,,,reference_fold_convolution,3.2107106556202294,3.2149489269698455,0.2881411546519094,2.6794918185028442,2.754380668474517,3.6785723022784422,3.7871120798525575,0.0,0.0,0.0,3.7570182116251867,correction_completion,serial_sweep,1,50,1,431332721,reference_fold_convolution_rf,,,,{}
GATT,g=4_t=4,4.0,4.0,0.0,raw_structured,3.8485561898693863,3.8441543525371378,0.20326938542151254,3.4564595258724315,3.5099166745307984,4.195684705623261,4.2578962376582234,0.0,0.0,0.0,3.7600906108192382,correction_completion,serial_sweep,2,50,85,2926645007,raw_structured,,,,
GATT,g=4_t=5,4.0,5.0,1.0,raw_structured,3.816009009689699,3.814813843407804,0.19542752193950047,3.445826458206046,3.4992531676874017,4.14444699915749,4.220825106939228,0.0,0.0,0.0,3.7600906108192382,correction_completion,serial_sweep,2,50,85,2926645007,raw_structured,,,,
GATT,g=4_t=6,4.0,6.0,2.0,raw_structured,3.78104898240069,3.7831417908269547,0.208168611387702,3.389666248210921,3.445068646804076,4.132637951562151,4.203656859015244,0.0,0.0,0.0,3.7600906108192382,correction_completion,serial_sweep,2,50,85,2926645007,raw_structured,,,,
GATT,g=4_t=7,4.0,7.0,3.0,raw_structured,3.69407827112937,3.7018846283401983,0.22754948027767594,3.2472253323896565,3.3120552492144735,4.043589632779911,4.14428336409802,0.0,0.0,0.0,3.7600906108192382,correction_completion,serial_sweep,2,50,85,2926645007,raw_structured,,,,
ES,k=0,,,0.0,raw_structured,3.8485561898693863,3.8441543525371378,0.20326938542151254,3.4564595258724315,3.5099166745307984,4.195684705623261,4.2578962376582234,0.0,0.0,0.0,3.7600906108192382,correction_completion,serial_sweep,2,50,85,2926645007,raw_structured,,,,
ES,k=1,,,1.0,raw_structured,3.816009009689699,3.814813843407804,0.19542752193950047,3.445826458206046,3.4992531676874017,4.14444699915749,4.220825106939228,0.0,0.0,0.0,3.7600906108192382,correction_completion,serial_sweep,2,50,85,2926645007,raw_structured,,,,
ES,k=2,,,2.0,raw_structured,3.78104898240069,3.7831417908269547,0.208168611387702,3.389666248210921,3.445068646804076,4.132637951562151,4.203656859015244,0.0,0.0,0.0,3.7600906108192382,correction_completion,serial_sweep,2,50,85,2926645007,raw_structured,,,,
ES,k=3,,,3.0,raw_structured,3.69407827112937,3.7018846283401983,0.22754948027767594,3.2472253323896565,3.3120552492144735,4.043589632779911,4.14428336409802,0.0,0.0,0.0,3.7600906108192382,correction_completion,serial_sweep,2,50,85,2926645007,raw_structured,,,,
ATT,ATT,,,,raw_structured,3.784923113272286,3.7780762044795964,0.17539100189326604,3.4526122504485626,3.507248460405415,4.070235258642249,4.150121724782197,0.0,0.0,0.0,3.7600906108192396,correction_completion,serial_sweep,2,50,85,2926645007,raw_structured,,,,
GATT,g=4_t=4,4.0,4.0,0.0,reference_fold_convolution,4.320309103118845,4.287998398700006,0.44578061844887323,3.5061070949283986,3.6634222839699397,5.107005110624624,5.298195386444464,0.0,0.0,0.0,3.7600906108192382,correction_completion,serial_sweep,2,50,85,2926645007,reference_fold_convolution_rf,2.2253965771700632,7.999996308808202,,"{""0"": {""bar_pi"": 0.68, ""control_ess"": 7.999996308808202, ""fold_sizes"": [{""evaluation"": 25, ""fold"": 0, ""train"": 25}], ""global_fold_bb"": true, ""max_control_odds"": 0.7547261032073446, ""n_clipped"": 0, ""n_complement_units"": 25, ""n_eval_units"": 25, ""posterior_cache_key"": ""g=4_fold=0"", ""posterior_draws"": 1500, ""raw_max_control_odds"": 0.7547261032073446}, ""1"": {""bar_pi"": 0.44, ""control_ess"": 13.997897949947664, ""fold_sizes"": [{""evaluation"": 25, ""fold"": 0, ""train"": 25}], ""global_fold_bb"": true, ""max_control_odds"": 2.2253965771700632, ""n_clipped"": 0, ""n_complement_units"": 25, ""n_eval_units"": 25, ""posterior_cache_key"": ""g=4_fold=1"", ""posterior_draws"": 1500, ""raw_max_control_odds"": 2.2253965771700632}}"
GATT,g=4_t=5,4.0,5.0,1.0,reference_fold_convolution,3.992596209015794,3.969903537723356,0.4973070772872553,3.1107142607587672,3.242603995978094,4.792731137170138,5.059291687358605,0.0,0.0,0.0,3.7600906108192382,correction_completion,serial_sweep,2,50,85,2926645007,reference_fold_convolution_rf,2.2253965771700632,7.999996308808202,,"{""0"": {""bar_pi"": 0.68, ""control_ess"": 7.999996308808202, ""fold_sizes"": [{""evaluation"": 25, ""fold"": 0, ""train"": 25}], ""global_fold_bb"": true, ""max_control_odds"": 0.7547261032073446, ""n_clipped"": 0, ""n_complement_units"": 25, ""n_eval_units"": 25, ""posterior_cache_key"": ""g=4_fold=0"", ""posterior_draws"": 1500, ""raw_max_control_odds"": 0.7547261032073446}, ""1"": {""bar_pi"": 0.44, ""control_ess"": 13.997897949947664, ""fold_sizes"": [{""evaluation"": 25, ""fold"": 0, ""train"": 25}], ""global_fold_bb"": true, ""max_control_odds"": 2.2253965771700632, ""n_clipped"": 0, ""n_complement_units"": 25, ""n_eval_units"": 25, ""posterior_cache_key"": ""g=4_fold=1"", ""posterior_draws"": 1500, ""raw_max_control_odds"": 2.2253965771700632}}"
GATT,g=4_t=6,4.0,6.0,2.0,reference_fold_convolution,4.07141214715167,4.029047688432399,0.5522333842080145,3.121297182111855,3.2726924928496692,4.946041957836557,5.2492443105149125,0.0,0.0,0.0,3.7600906108192382,correction_completion,serial_sweep,2,50,85,2926645007,reference_fold_convolution_rf,2.2253965771700632,7.999996308808202,,"{""0"": {""bar_pi"": 0.68, ""control_ess"": 7.999996308808202, ""fold_sizes"": [{""evaluation"": 25, ""fold"": 0, ""train"": 25}], ""global_fold_bb"": true, ""max_control_odds"": 0.7547261032073446, ""n_clipped"": 0, ""n_complement_units"": 25, ""n_eval_units"": 25, ""posterior_cache_key"": ""g=4_fold=0"", ""posterior_draws"": 1500, ""raw_max_control_odds"": 0.7547261032073446}, ""1"": {""bar_pi"": 0.44, ""control_ess"": 13.997897949947664, ""fold_sizes"": [{""evaluation"": 25, ""fold"": 0, ""train"": 25}], ""global_fold_bb"": true, ""max_control_odds"": 2.2253965771700632, ""n_clipped"": 0, ""n_complement_units"": 25, ""n_eval_units"": 25, ""posterior_cache_key"": ""g=4_fold=1"", ""posterior_draws"": 1500, ""raw_max_control_odds"": 2.2253965771700632}}"
GATT,g=4_t=7,4.0,7.0,3.0,reference_fold_convolution,3.1892198052392584,3.178788126792927,0.5597871116704838,2.115033249872235,2.340189436843752,4.08698087371577,4.36647299140932,0.0013333333333333333,0.0026666666666666666,0.0026666666666666666,3.7600906108192382,correction_completion,serial_sweep,2,50,85,2926645007,reference_fold_convolution_rf,2.2253965771700632,7.999996308808202,,"{""0"": {""bar_pi"": 0.68, ""control_ess"": 7.999996308808202, ""fold_sizes"": [{""evaluation"": 25, ""fold"": 0, ""train"": 25}], ""global_fold_bb"": true, ""max_control_odds"": 0.7547261032073446, ""n_clipped"": 0, ""n_complement_units"": 25, ""n_eval_units"": 25, ""posterior_cache_key"": ""g=4_fold=0"", ""posterior_draws"": 1500, ""raw_max_control_odds"": 0.7547261032073446}, ""1"": {""bar_pi"": 0.44, ""control_ess"": 13.997897949947664, ""fold_sizes"": [{""evaluation"": 25, ""fold"": 0, ""train"": 25}], ""global_fold_bb"": true, ""max_control_odds"": 2.2253965771700632, ""n_clipped"": 0, ""n_complement_units"": 25, ""n_eval_units"": 25, ""posterior_cache_key"": ""g=4_fold=1"", ""posterior_draws"": 1500, ""raw_max_control_odds"": 2.2253965771700632}}"
ES,k=0,,,0.0,reference_fold_convolution,4.320309103118845,4.287998398700006,0.44578061844887323,3.5061070949283986,3.6634222839699397,5.107005110624624,5.298195386444464,0.0,0.0,0.0,3.7600906108192382,correction_completion,serial_sweep,2,50,85,2926645007,reference_fold_convolution_rf,,,,{}
ES,k=1,,,1.0,reference_fold_convolution,3.992596209015794,3.969903537723356,0.4973070772872553,3.1107142607587672,3.242603995978094,4.792731137170138,5.059291687358605,0.0,0.0,0.0,3.7600906108192382,correction_completion,serial_sweep,2,50,85,2926645007,reference_fold_convolution_rf,,,,{}
ES,k=2,,,2.0,reference_fold_convolution,4.07141214715167,4.029047688432399,0.5522333842080145,3.121297182111855,3.2726924928496692,4.946041957836557,5.2492443105149125,0.0,0.0,0.0,3.7600906108192382,correction_completion,serial_sweep,2,50,85,2926645007,reference_fold_convolution_rf,,,,{}
ES,k=3,,,3.0,reference_fold_convolution,3.1892198052392584,3.178788126792927,0.5597871116704838,2.115033249872235,2.340189436843752,4.08698087371577,4.36647299140932,0.0013333333333333333,0.0026666666666666666,0.0026666666666666666,3.7600906108192382,correction_completion,serial_sweep,2,50,85,2926645007,reference_fold_convolution_rf,,,,{}
ATT,ATT,,,,reference_fold_convolution,3.8933843161313915,3.8613702228275653,0.43576725730289,3.10004266663586,3.250969784234453,4.607171089771016,4.844405765206207,0.0,0.0,0.0,3.7600906108192396,correction_completion,serial_sweep,2,50,85,2926645007,reference_fold_convolution_rf,,,,{}
GATT,g=4_t=4,4.0,4.0,0.0,raw_structured,3.54693781503755,3.5464894328811924,0.16953230979428827,3.2170439549358707,3.2713985497841676,3.8267434565001675,3.8767475025322544,0.0,0.0,0.0,3.67551895548221,correction_completion,serial_sweep_d3,3,100,69,3505135695,raw_structured,,,,
GATT,g=4_t=5,4.0,5.0,1.0,raw_structured,3.5557080164214767,3.552050985653273,0.15904062403966032,3.2500232943332774,3.3025935401592483,3.827578221795303,3.8784809747916182,0.0,0.0,0.0,3.67551895548221,correction_completion,serial_sweep_d3,3,100,69,3505135695,raw_structured,,,,
GATT,g=4_t=6,4.0,6.0,2.0,raw_structured,3.543589332689354,3.542305538936966,0.16836037873542478,3.2090053495173954,3.2652574636177443,3.8267319346932336,3.880851912725762,0.0,0.0,0.0,3.67551895548221,correction_completion,serial_sweep_d3,3,100,69,3505135695,raw_structured,,,,
GATT,g=4_t=7,4.0,7.0,3.0,raw_structured,3.420900746719965,3.4275324184519427,0.19466201149220602,3.0262084931663105,3.097703214799131,3.7211209507709655,3.798931258452796,0.0,0.0,0.0,3.67551895548221,correction_completion,serial_sweep_d3,3,100,69,3505135695,raw_structured,,,,
ES,k=0,,,0.0,raw_structured,3.54693781503755,3.5464894328811924,0.16953230979428827,3.2170439549358707,3.2713985497841676,3.8267434565001675,3.8767475025322544,0.0,0.0,0.0,3.67551895548221,correction_completion,serial_sweep_d3,3,100,69,3505135695,raw_structured,,,,
ES,k=1,,,1.0,raw_structured,3.5557080164214767,3.552050985653273,0.15904062403966032,3.2500232943332774,3.3025935401592483,3.827578221795303,3.8784809747916182,0.0,0.0,0.0,3.67551895548221,correction_completion,serial_sweep_d3,3,100,69,3505135695,raw_structured,,,,
ES,k=2,,,2.0,raw_structured,3.543589332689354,3.542305538936966,0.16836037873542478,3.2090053495173954,3.2652574636177443,3.8267319346932336,3.880851912725762,0.0,0.0,0.0,3.67551895548221,correction_completion,serial_sweep_d3,3,100,69,3505135695,raw_structured,,,,
ES,k=3,,,3.0,raw_structured,3.420900746719965,3.4275324184519427,0.19466201149220602,3.0262084931663105,3.097703214799131,3.7211209507709655,3.798931258452796,0.0,0.0,0.0,3.67551895548221,correction_completion,serial_sweep_d3,3,100,69,3505135695,raw_structured,,,,
ATT,ATT,,,,raw_structured,3.516783977717086,3.518584892993543,0.1428467706127212,3.238744748828016,3.279331052379832,3.7541354666290325,3.8145094953346774,0.0,0.0,0.0,3.675518955482211,correction_completion,serial_sweep_d3,3,100,69,3505135695,raw_structured,,,,
GATT,g=4_t=4,4.0,4.0,0.0,reference_fold_convolution,3.677450110709785,3.678776434579026,0.2580913480391441,3.1790583476657575,3.253813411667127,4.108643012317042,4.185043435052054,0.0,0.0,0.0,3.67551895548221,correction_completion,serial_sweep_d3,3,100,69,3505135695,reference_fold_convolution_rf,2.0012076678840933,21.17053913291191,,"{""0"": {""bar_pi"": 0.52, ""control_ess"": 22.86839292358814, ""fold_sizes"": [{""evaluation"": 50, ""fold"": 0, ""train"": 50}], ""global_fold_bb"": true, ""max_control_odds"": 2.0012076678840933, ""n_clipped"": 0, ""n_complement_units"": 50, ""n_eval_units"": 50, ""posterior_cache_key"": ""g=4_fold=0"", ""posterior_draws"": 1500, ""raw_max_control_odds"": 2.0012076678840933}, ""1"": {""bar_pi"": 0.54, ""control_ess"": 21.17053913291191, ""fold_sizes"": [{""evaluation"": 50, ""fold"": 0, ""train"": 50}], ""global_fold_bb"": true, ""max_control_odds"": 1.9058505758706883, ""n_clipped"": 0, ""n_complement_units"": 50, ""n_eval_units"": 50, ""posterior_cache_key"": ""g=4_fold=1"", ""posterior_draws"": 1500, ""raw_max_control_odds"": 1.9058505758706883}}"
GATT,g=4_t=5,4.0,5.0,1.0,reference_fold_convolution,3.644256287776329,3.645273840027973,0.27089846203880424,3.1277524049084446,3.204595535327253,4.092983434940405,4.195211159476756,0.0,0.0,0.0,3.67551895548221,correction_completion,serial_sweep_d3,3,100,69,3505135695,reference_fold_convolution_rf,2.0012076678840933,21.17053913291191,,"{""0"": {""bar_pi"": 0.52, ""control_ess"": 22.86839292358814, ""fold_sizes"": [{""evaluation"": 50, ""fold"": 0, ""train"": 50}], ""global_fold_bb"": true, ""max_control_odds"": 2.0012076678840933, ""n_clipped"": 0, ""n_complement_units"": 50, ""n_eval_units"": 50, ""posterior_cache_key"": ""g=4_fold=0"", ""posterior_draws"": 1500, ""raw_max_control_odds"": 2.0012076678840933}, ""1"": {""bar_pi"": 0.54, ""control_ess"": 21.17053913291191, ""fold_sizes"": [{""evaluation"": 50, ""fold"": 0, ""train"": 50}], ""global_fold_bb"": true, ""max_control_odds"": 1.9058505758706883, ""n_clipped"": 0, ""n_complement_units"": 50, ""n_eval_units"": 50, ""posterior_cache_key"": ""g=4_fold=1"", ""posterior_draws"": 1500, ""raw_max_control_odds"": 1.9058505758706883}}"
GATT,g=4_t=6,4.0,6.0,2.0,reference_fold_convolution,3.696534180331458,3.705901165905886,0.29301479108589024,3.1297373445936905,3.219609631423427,4.1800059153782385,4.263643516618233,0.0,0.0,0.0,3.67551895548221,correction_completion,serial_sweep_d3,3,100,69,3505135695,reference_fold_convolution_rf,2.0012076678840933,21.17053913291191,,"{""0"": {""bar_pi"": 0.52, ""control_ess"": 22.86839292358814, ""fold_sizes"": [{""evaluation"": 50, ""fold"": 0, ""train"": 50}], ""global_fold_bb"": true, ""max_control_odds"": 2.0012076678840933, ""n_clipped"": 0, ""n_complement_units"": 50, ""n_eval_units"": 50, ""posterior_cache_key"": ""g=4_fold=0"", ""posterior_draws"": 1500, ""raw_max_control_odds"": 2.0012076678840933}, ""1"": {""bar_pi"": 0.54, ""control_ess"": 21.17053913291191, ""fold_sizes"": [{""evaluation"": 50, ""fold"": 0, ""train"": 50}], ""global_fold_bb"": true, ""max_control_odds"": 1.9058505758706883, ""n_clipped"": 0, ""n_complement_units"": 50, ""n_eval_units"": 50, ""posterior_cache_key"": ""g=4_fold=1"", ""posterior_draws"": 1500, ""raw_max_control_odds"": 1.9058505758706883}}"
GATT,g=4_t=7,4.0,7.0,3.0,reference_fold_convolution,3.4283945033102197,3.4338729260706264,0.29631767088436756,2.815280142225706,2.9507431728320412,3.9244272906290436,4.024962811264424,0.0,0.0,0.0,3.67551895548221,correction_completion,serial_sweep_d3,3,100,69,3505135695,reference_fold_convolution_rf,2.0012076678840933,21.17053913291191,,"{""0"": {""bar_pi"": 0.52, ""control_ess"": 22.86839292358814, ""fold_sizes"": [{""evaluation"": 50, ""fold"": 0, ""train"": 50}], ""global_fold_bb"": true, ""max_control_odds"": 2.0012076678840933, ""n_clipped"": 0, ""n_complement_units"": 50, ""n_eval_units"": 50, ""posterior_cache_key"": ""g=4_fold=0"", ""posterior_draws"": 1500, ""raw_max_control_odds"": 2.0012076678840933}, ""1"": {""bar_pi"": 0.54, ""control_ess"": 21.17053913291191, ""fold_sizes"": [{""evaluation"": 50, ""fold"": 0, ""train"": 50}], ""global_fold_bb"": true, ""max_control_odds"": 1.9058505758706883, ""n_clipped"": 0, ""n_complement_units"": 50, ""n_eval_units"": 50, ""posterior_cache_key"": ""g=4_fold=1"", ""posterior_draws"": 1500, ""raw_max_control_odds"": 1.9058505758706883}}"
ES,k=0,,,0.0,reference_fold_convolution,3.677450110709785,3.678776434579026,0.2580913480391441,3.1790583476657575,3.253813411667127,4.108643012317042,4.185043435052054,0.0,0.0,0.0,3.67551895548221,correction_completion,serial_sweep_d3,3,100,69,3505135695,reference_fold_convolution_rf,,,,{}
ES,k=1,,,1.0,reference_fold_convolution,3.644256287776329,3.645273840027973,0.27089846203880424,3.1277524049084446,3.204595535327253,4.092983434940405,4.195211159476756,0.0,0.0,0.0,3.67551895548221,correction_completion,serial_sweep_d3,3,100,69,3505135695,reference_fold_convolution_rf,,,,{}
ES,k=2,,,2.0,reference_fold_convolution,3.696534180331458,3.705901165905886,0.29301479108589024,3.1297373445936905,3.219609631423427,4.1800059153782385,4.263643516618233,0.0,0.0,0.0,3.67551895548221,correction_completion,serial_sweep_d3,3,100,69,3505135695,reference_fold_convolution_rf,,,,{}
ES,k=3,,,3.0,reference_fold_convolution,3.4283945033102197,3.4338729260706264,0.29631767088436756,2.815280142225706,2.9507431728320412,3.9244272906290436,4.024962811264424,0.0,0.0,0.0,3.67551895548221,correction_completion,serial_sweep_d3,3,100,69,3505135695,reference_fold_convolution_rf,,,,{}
ATT,ATT,,,,reference_fold_convolution,3.6116587705319483,3.610545303168143,0.24145589583280658,3.1345663731452964,3.2064168709781673,4.009349239656013,4.098006119506578,0.0,0.0,0.0,3.675518955482211,correction_completion,serial_sweep_d3,3,100,69,3505135695,reference_fold_convolution_rf,,,,{}
GATT,g=4_t=4,4.0,4.0,0.0,raw_structured,2.415517924517446,2.4087453368533964,0.18188763599423757,2.0838145256885263,2.1370526298009964,2.7223082977768267,2.78660785157691,0.0,0.0,0.0,2.531759326546988,correction_completion,staggered,2,200,53,1518373848,raw_structured,,,,
GATT,g=4_t=5,4.0,5.0,1.0,raw_structured,3.6629721117419067,3.6668368368211084,0.17937765016736065,3.3102246008615355,3.367035538576157,3.9528399123132196,3.9974657117069623,0.0,0.0,0.0,3.5444630571657827,correction_completion,staggered,2,200,53,1518373848,raw_structured,,,,
GATT,g=4_t=6,4.0,6.0,2.0,raw_structured,4.9469635761961825,4.94198582782962,0.17733542447654835,4.613092067586988,4.656785981964432,5.24415955196805,5.291640449958604,0.0,0.0,0.0,4.557166787784579,correction_completion,staggered,2,200,53,1518373848,raw_structured,,,,
GATT,g=4_t=7,4.0,7.0,3.0,raw_structured,5.5502300977859695,5.545434232365773,0.22646000690367993,5.098592859483446,5.168705327669541,5.910973656237865,5.979726128583899,0.0,0.0,0.0,5.569870518403374,correction_completion,staggered,2,200,53,1518373848,raw_structured,,,,
GATT,g=5_t=5,5.0,5.0,0.0,raw_structured,4.343877393866104,4.350458364213905,0.18862087228620802,3.936256143743767,4.008315171282145,4.6285916613155775,4.686357775196127,0.0,0.0,0.0,4.159764904399209,correction_completion,staggered,2,200,53,1518373848,raw_structured,,,,
GATT,g=5_t=6,5.0,6.0,1.0,raw_structured,5.802713058634897,5.803067658676838,0.17572497570330312,5.455404188525484,5.518520837250575,6.083861065170521,6.141721034327012,0.0,0.0,0.0,5.823670866158891,correction_completion,staggered,2,200,53,1518373848,raw_structured,,,,
GATT,g=5_t=7,5.0,7.0,2.0,raw_structured,7.102177277321995,7.09143925529594,0.22055064984016756,6.695108078110782,6.740176511296037,7.470304121891669,7.56184762415131,0.0,0.0,0.0,7.487576827918576,correction_completion,staggered,2,200,53,1518373848,raw_structured,,,,
GATT,g=6_t=6,6.0,6.0,0.0,raw_structured,5.926967950692504,5.928624672829621,0.19406003741335004,5.5478741149082875,5.596060883855991,6.250634538310296,6.306482738369164,0.0,0.0,0.0,5.664337944899323,correction_completion,staggered,2,200,53,1518373848,raw_structured,,,,
GATT,g=6_t=7,6.0,7.0,1.0,raw_structured,7.4583006435782995,7.45402331189428,0.23089149289615685,7.023807369150485,7.091351608991107,7.843720507391082,7.939439879010716,0.0,0.0,0.0,7.930073122859054,correction_completion,staggered,2,200,53,1518373848,raw_structured,,,,
ES,k=0,,,0.0,raw_structured,4.004568114501306,4.0031413939324185,0.12252080869447751,3.7651438241824855,3.8117532174012227,4.20086430561568,4.240140376324038,0.0,0.0,0.0,3.920314541494145,correction_completion,staggered,2,200,53,1518373848,raw_structured,,,,
ES,k=1,,,1.0,raw_structured,5.397947523515616,5.396923461929658,0.13523731390982793,5.1414413327185455,5.174842220896297,5.623818655013328,5.673840101938352,0.0,0.0,0.0,5.488440358091801,correction_completion,staggered,2,200,53,1518373848,raw_structured,,,,
ES,k=2,,,2.0,raw_structured,5.888561795134645,5.886304374898748,0.17029055879097865,5.553398316179301,5.61136860607559,6.173781627084525,6.223875522636716,0.0,0.0,0.0,5.837443018911082,correction_completion,staggered,2,200,53,1518373848,raw_structured,,,,
ES,k=3,,,3.0,raw_structured,5.5502300977859695,5.545434232365773,0.22646000690367993,5.098592859483446,5.168705327669541,5.910973656237865,5.979726128583899,0.0,0.0,0.0,5.569870518403374,correction_completion,staggered,2,200,53,1518373848,raw_structured,,,,
ATT,ATT,,,,raw_structured,5.084999880999718,5.08405262797614,0.11574339855421352,4.8539912394739,4.895527851510379,5.2734245414671035,5.312620557594789,0.0,0.0,0.0,5.077765260975453,correction_completion,staggered,2,200,53,1518373848,raw_structured,,,,
GATT,g=4_t=4,4.0,4.0,0.0,reference_fold_convolution,2.556119934049786,2.557678956444035,0.31278886151811924,1.946120676729927,2.032087655322184,3.0604384582897617,3.158696848164986,0.0,0.0,0.0,2.531759326546988,correction_completion,staggered,2,200,53,1518373848,reference_fold_convolution_rf,2.4719740762471885,22.17937064094551,,"{""0"": {""bar_pi"": 0.5263157894736842, ""control_ess"": 22.17937064094551, ""fold_sizes"": [{""evaluation"": 57, ""fold"": 0, ""train"": 58}], ""global_fold_bb"": true, ""max_control_odds"": 1.9886630802172358, ""n_clipped"": 0, ""n_complement_units"": 58, ""n_eval_units"": 57, ""posterior_cache_key"": ""g=4_fold=0"", ""posterior_draws"": 1500, ""raw_max_control_odds"": 1.9886630802172358}, ""1"": {""bar_pi"": 0.4827586206896552, ""control_ess"": 25.83582096077107, ""fold_sizes"": [{""evaluation"": 58, ""fold"": 0, ""train"": 57}], ""global_fold_bb"": true, ""max_control_odds"": 2.4719740762471885, ""n_clipped"": 0, ""n_complement_units"": 57, ""n_eval_units"": 58, ""posterior_cache_key"": ""g=4_fold=1"", ""posterior_draws"": 1500, ""raw_max_control_odds"": 2.4719740762471885}}"
GATT,g=4_t=5,4.0,5.0,1.0,reference_fold_convolution,3.298782385184303,3.306872172124958,0.3513561877489639,2.6174693578547643,2.7445127471164694,3.85567630143486,3.934160310944992,0.0,0.0,0.0,3.5444630571657827,correction_completion,staggered,2,200,53,1518373848,reference_fold_convolution_rf,2.4719740762471885,22.17937064094551,,"{""0"": {""bar_pi"": 0.5263157894736842, ""control_ess"": 22.17937064094551, ""fold_sizes"": [{""evaluation"": 57, ""fold"": 0, ""train"": 58}], ""global_fold_bb"": true, ""max_control_odds"": 1.9886630802172358, ""n_clipped"": 0, ""n_complement_units"": 58, ""n_eval_units"": 57, ""posterior_cache_key"": ""g=4_fold=0"", ""posterior_draws"": 1500, ""raw_max_control_odds"": 1.9886630802172358}, ""1"": {""bar_pi"": 0.4827586206896552, ""control_ess"": 25.83582096077107, ""fold_sizes"": [{""evaluation"": 58, ""fold"": 0, ""train"": 57}], ""global_fold_bb"": true, ""max_control_odds"": 2.4719740762471885, ""n_clipped"": 0, ""n_complement_units"": 57, ""n_eval_units"": 58, ""posterior_cache_key"": ""g=4_fold=1"", ""posterior_draws"": 1500, ""raw_max_control_odds"": 2.4719740762471885}}"
GATT,g=4_t=6,4.0,6.0,2.0,reference_fold_convolution,4.4318539562372825,4.441906610553065,0.4059314929838395,3.5781692546064496,3.736800364229451,5.055502290073404,5.17828511440433,0.0,0.0,0.0,4.557166787784579,correction_completion,staggered,2,200,53,1518373848,reference_fold_convolution_rf,2.4719740762471885,22.17937064094551,,"{""0"": {""bar_pi"": 0.5263157894736842, ""control_ess"": 22.17937064094551, ""fold_sizes"": [{""evaluation"": 57, ""fold"": 0, ""train"": 58}], ""global_fold_bb"": true, ""max_control_odds"": 1.9886630802172358, ""n_clipped"": 0, ""n_complement_units"": 58, ""n_eval_units"": 57, ""posterior_cache_key"": ""g=4_fold=0"", ""posterior_draws"": 1500, ""raw_max_control_odds"": 1.9886630802172358}, ""1"": {""bar_pi"": 0.4827586206896552, ""control_ess"": 25.83582096077107, ""fold_sizes"": [{""evaluation"": 58, ""fold"": 0, ""train"": 57}], ""global_fold_bb"": true, ""max_control_odds"": 2.4719740762471885, ""n_clipped"": 0, ""n_complement_units"": 57, ""n_eval_units"": 58, ""posterior_cache_key"": ""g=4_fold=1"", ""posterior_draws"": 1500, ""raw_max_control_odds"": 2.4719740762471885}}"
GATT,g=4_t=7,4.0,7.0,3.0,reference_fold_convolution,5.719603925173815,5.723382569343733,0.41665144830465717,4.905215363709341,5.045216598790606,6.3871681525612125,6.546395575913074,0.0,0.0,0.0,5.569870518403374,correction_completion,staggered,2,200,53,1518373848,reference_fold_convolution_rf,2.4719740762471885,22.17937064094551,,"{""0"": {""bar_pi"": 0.5263157894736842, ""control_ess"": 22.17937064094551, ""fold_sizes"": [{""evaluation"": 57, ""fold"": 0, ""train"": 58}], ""global_fold_bb"": true, ""max_control_odds"": 1.9886630802172358, ""n_clipped"": 0, ""n_complement_units"": 58, ""n_eval_units"": 57, ""posterior_cache_key"": ""g=4_fold=0"", ""posterior_draws"": 1500, ""raw_max_control_odds"": 1.9886630802172358}, ""1"": {""bar_pi"": 0.4827586206896552, ""control_ess"": 25.83582096077107, ""fold_sizes"": [{""evaluation"": 58, ""fold"": 0, ""train"": 57}], ""global_fold_bb"": true, ""max_control_odds"": 2.4719740762471885, ""n_clipped"": 0, ""n_complement_units"": 57, ""n_eval_units"": 58, ""posterior_cache_key"": ""g=4_fold=1"", ""posterior_draws"": 1500, ""raw_max_control_odds"": 2.4719740762471885}}"
GATT,g=5_t=5,5.0,5.0,0.0,reference_fold_convolution,3.9377090273913624,3.9478229185645786,0.3298059179784763,3.287106486321521,3.3933752340153527,4.483545638773649,4.568775157454102,0.0,0.0,0.0,4.159764904399209,correction_completion,staggered,2,200,53,1518373848,reference_fold_convolution_rf,1.5247411228732013,24.879451501787038,,"{""0"": {""bar_pi"": 0.4375, ""control_ess"": 24.879451501787038, ""fold_sizes"": [{""evaluation"": 48, ""fold"": 0, ""train"": 54}], ""global_fold_bb"": true, ""max_control_odds"": 1.2470826983791108, ""n_clipped"": 0, ""n_complement_units"": 54, ""n_eval_units"": 48, ""posterior_cache_key"": ""g=5_fold=0"", ""posterior_draws"": 1500, ""raw_max_control_odds"": 1.2470826983791108}, ""1"": {""bar_pi"": 0.4444444444444444, ""control_ess"": 26.165879997704486, ""fold_sizes"": [{""evaluation"": 54, ""fold"": 0, ""train"": 48}], ""global_fold_bb"": true, ""max_control_odds"": 1.5247411228732013, ""n_clipped"": 0, ""n_complement_units"": 48, ""n_eval_units"": 54, ""posterior_cache_key"": ""g=5_fold=1"", ""posterior_draws"": 1500, ""raw_max_control_odds"": 1.5247411228732013}}"
GATT,g=5_t=6,5.0,6.0,1.0,reference_fold_convolution,5.375147613735712,5.386576792008174,0.37032573669031943,4.620616958899716,4.738507153407289,5.986582873725091,6.096490931330935,0.0,0.0,0.0,5.823670866158891,correction_completion,staggered,2,200,53,1518373848,reference_fold_convolution_rf,1.5247411228732013,24.879451501787038,,"{""0"": {""bar_pi"": 0.4375, ""control_ess"": 24.879451501787038, ""fold_sizes"": [{""evaluation"": 48, ""fold"": 0, ""train"": 54}], ""global_fold_bb"": true, ""max_control_odds"": 1.2470826983791108, ""n_clipped"": 0, ""n_complement_units"": 54, ""n_eval_units"": 48, ""posterior_cache_key"": ""g=5_fold=0"", ""posterior_draws"": 1500, ""raw_max_control_odds"": 1.2470826983791108}, ""1"": {""bar_pi"": 0.4444444444444444, ""control_ess"": 26.165879997704486, ""fold_sizes"": [{""evaluation"": 54, ""fold"": 0, ""train"": 48}], ""global_fold_bb"": true, ""max_control_odds"": 1.5247411228732013, ""n_clipped"": 0, ""n_complement_units"": 48, ""n_eval_units"": 54, ""posterior_cache_key"": ""g=5_fold=1"", ""posterior_draws"": 1500, ""raw_max_control_odds"": 1.5247411228732013}}"
GATT,g=5_t=7,5.0,7.0,2.0,reference_fold_convolution,7.619699791184857,7.607087627502523,0.4142688148858945,6.799480609071504,6.9416824846016985,8.318819169439008,8.446615588245475,0.0,0.0,0.0,7.487576827918576,correction_completion,staggered,2,200,53,1518373848,reference_fold_convolution_rf,1.5247411228732013,24.879451501787038,,"{""0"": {""bar_pi"": 0.4375, ""control_ess"": 24.879451501787038, ""fold_sizes"": [{""evaluation"": 48, ""fold"": 0, ""train"": 54}], ""global_fold_bb"": true, ""max_control_odds"": 1.2470826983791108, ""n_clipped"": 0, ""n_complement_units"": 54, ""n_eval_units"": 48, ""posterior_cache_key"": ""g=5_fold=0"", ""posterior_draws"": 1500, ""raw_max_control_odds"": 1.2470826983791108}, ""1"": {""bar_pi"": 0.4444444444444444, ""control_ess"": 26.165879997704486, ""fold_sizes"": [{""evaluation"": 54, ""fold"": 0, ""train"": 48}], ""global_fold_bb"": true, ""max_control_odds"": 1.5247411228732013, ""n_clipped"": 0, ""n_complement_units"": 48, ""n_eval_units"": 54, ""posterior_cache_key"": ""g=5_fold=1"", ""posterior_draws"": 1500, ""raw_max_control_odds"": 1.5247411228732013}}"
GATT,g=6_t=6,6.0,6.0,0.0,reference_fold_convolution,5.675458718843158,5.667500778105627,0.39657978579928527,4.934258587642702,5.042861636371536,6.315161849478677,6.4609468103325085,0.0,0.0,0.0,5.664337944899323,correction_completion,staggered,2,200,53,1518373848,reference_fold_convolution_rf,1.3224171535656941,26.18601512961743,,"{""0"": {""bar_pi"": 0.4489795918367347, ""control_ess"": 26.18601512961743, ""fold_sizes"": [{""evaluation"": 49, ""fold"": 0, ""train"": 48}], ""global_fold_bb"": true, ""max_control_odds"": 0.8237671712041992, ""n_clipped"": 0, ""n_complement_units"": 48, ""n_eval_units"": 49, ""posterior_cache_key"": ""g=6_fold=0"", ""posterior_draws"": 1500, ""raw_max_control_odds"": 0.8237671712041992}, ""1"": {""bar_pi"": 0.375, ""control_ess"": 28.02077656882279, ""fold_sizes"": [{""evaluation"": 48, ""fold"": 0, ""train"": 49}], ""global_fold_bb"": true, ""max_control_odds"": 1.3224171535656941, ""n_clipped"": 0, ""n_complement_units"": 49, ""n_eval_units"": 48, ""posterior_cache_key"": ""g=6_fold=1"", ""posterior_draws"": 1500, ""raw_max_control_odds"": 1.3224171535656941}}"
GATT,g=6_t=7,6.0,7.0,1.0,reference_fold_convolution,8.012114185326583,8.004645234534854,0.48272180750358806,7.0920871335766185,7.206406311208944,8.815743511025872,8.998559251136399,0.0,0.0,0.0,7.930073122859054,correction_completion,staggered,2,200,53,1518373848,reference_fold_convolution_rf,1.3224171535656941,26.18601512961743,,"{""0"": {""bar_pi"": 0.4489795918367347, ""control_ess"": 26.18601512961743, ""fold_sizes"": [{""evaluation"": 49, ""fold"": 0, ""train"": 48}], ""global_fold_bb"": true, ""max_control_odds"": 0.8237671712041992, ""n_clipped"": 0, ""n_complement_units"": 48, ""n_eval_units"": 49, ""posterior_cache_key"": ""g=6_fold=0"", ""posterior_draws"": 1500, ""raw_max_control_odds"": 0.8237671712041992}, ""1"": {""bar_pi"": 0.375, ""control_ess"": 28.02077656882279, ""fold_sizes"": [{""evaluation"": 48, ""fold"": 0, ""train"": 49}], ""global_fold_bb"": true, ""max_control_odds"": 1.3224171535656941, ""n_clipped"": 0, ""n_complement_units"": 49, ""n_eval_units"": 48, ""posterior_cache_key"": ""g=6_fold=1"", ""posterior_draws"": 1500, ""raw_max_control_odds"": 1.3224171535656941}}"
ES,k=0,,,0.0,reference_fold_convolution,3.8634280500784977,3.862908847283543,0.17755956021182798,3.5255395478938794,3.5719582841224744,4.152383530759881,4.2172202760460005,0.0,0.0,0.0,3.920314541494145,correction_completion,staggered,2,200,53,1518373848,reference_fold_convolution_rf,,,,{}
ES,k=1,,,1.0,reference_fold_convolution,5.270598520082937,5.271252333115266,0.21963797628293474,4.819395140529585,4.912363008075567,5.629817320874899,5.69013640369285,0.0,0.0,0.0,5.488440358091801,correction_completion,staggered,2,200,53,1518373848,reference_fold_convolution_rf,,,,{}
ES,k=2,,,2.0,reference_fold_convolution,5.824602136554184,5.833020325481373,0.29791990751930797,5.169364005287879,5.297856183702462,6.289863394757103,6.377322609270833,0.0,0.0,0.0,5.837443018911082,correction_completion,staggered,2,200,53,1518373848,reference_fold_convolution_rf,,,,{}
ES,k=3,,,3.0,reference_fold_convolution,5.719603925173815,5.723382569343733,0.41665144830465717,4.905215363709341,5.045216598790606,6.3871681525612125,6.546395575913074,0.0,0.0,0.0,5.569870518403374,correction_completion,staggered,2,200,53,1518373848,reference_fold_convolution_rf,,,,{}
ATT,ATT,,,,reference_fold_convolution,5.006346414447981,5.013330162980779,0.2122599849488948,4.562618256432354,4.650097455641549,5.35375458820113,5.41369421072013,0.0,0.0,0.0,5.077765260975453,correction_completion,staggered,2,200,53,1518373848,reference_fold_convolution_rf,,,,{}
GATT,g=4_t=4,4.0,4.0,0.0,raw_structured,3.890143619179232,3.888511714000263,0.1411668458729194,3.624112770471451,3.6755922600403874,4.137732310962515,4.174557074481903,0.0,0.0,0.0,3.688353557920496,correction_completion,strong_confounder,3,200,37,521386471,raw_structured,,,,
GATT,g=4_t=5,4.0,5.0,1.0,raw_structured,3.866963517366301,3.862657330827382,0.1387184009724224,3.6055257948378725,3.645704207674819,4.1037119772644335,4.163292753903528,0.0,0.0,0.0,3.688353557920496,correction_completion,strong_confounder,3,200,37,521386471,raw_structured,,,,
GATT,g=4_t=6,4.0,6.0,2.0,raw_structured,3.743070753477005,3.7553153701669713,0.1528096013450871,3.4254420802972767,3.473628336882141,3.9845265173448827,4.016579241435888,0.0,0.0,0.0,3.688353557920496,correction_completion,strong_confounder,3,200,37,521386471,raw_structured,,,,
GATT,g=4_t=7,4.0,7.0,3.0,raw_structured,3.8295504185232483,3.8283031392026743,0.14745664022770885,3.541142480995067,3.5922433405943086,4.068528671801654,4.122540537383961,0.0,0.0,0.0,3.688353557920496,correction_completion,strong_confounder,3,200,37,521386471,raw_structured,,,,
ES,k=0,,,0.0,raw_structured,3.890143619179232,3.888511714000263,0.1411668458729194,3.624112770471451,3.6755922600403874,4.137732310962515,4.174557074481903,0.0,0.0,0.0,3.688353557920496,correction_completion,strong_confounder,3,200,37,521386471,raw_structured,,,,
ES,k=1,,,1.0,raw_structured,3.866963517366301,3.862657330827382,0.1387184009724224,3.6055257948378725,3.645704207674819,4.1037119772644335,4.163292753903528,0.0,0.0,0.0,3.688353557920496,correction_completion,strong_confounder,3,200,37,521386471,raw_structured,,,,
ES,k=2,,,2.0,raw_structured,3.743070753477005,3.7553153701669713,0.1528096013450871,3.4254420802972767,3.473628336882141,3.9845265173448827,4.016579241435888,0.0,0.0,0.0,3.688353557920496,correction_completion,strong_confounder,3,200,37,521386471,raw_structured,,,,
ES,k=3,,,3.0,raw_structured,3.8295504185232483,3.8283031392026743,0.14745664022770885,3.541142480995067,3.5922433405943086,4.068528671801654,4.122540537383961,0.0,0.0,0.0,3.688353557920496,correction_completion,strong_confounder,3,200,37,521386471,raw_structured,,,,
ATT,ATT,,,,raw_structured,3.832432077136446,3.830625292279228,0.11093609095528921,3.6198083856387977,3.648906386009446,4.017992545120258,4.066690459244107,0.0,0.0,0.0,3.688353557920496,correction_completion,strong_confounder,3,200,37,521386471,raw_structured,,,,
GATT,g=4_t=4,4.0,4.0,0.0,reference_fold_convolution,4.167942686318361,4.169524583864877,0.21690739015170676,3.7450589067921523,3.8035977695425256,4.526369539752722,4.584749128263354,0.0,0.0,0.0,3.688353557920496,correction_completion,strong_confounder,3,200,37,521386471,reference_fold_convolution_rf,3.1797777685150588,38.89254809268002,,"{""0"": {""bar_pi"": 0.52, ""control_ess"": 42.529728688037444, ""fold_sizes"": [{""evaluation"": 100, ""fold"": 0, ""train"": 100}], ""global_fold_bb"": true, ""max_control_odds"": 2.5392211380846015, ""n_clipped"": 0, ""n_complement_units"": 100, ""n_eval_units"": 100, ""posterior_cache_key"": ""g=4_fold=0"", ""posterior_draws"": 1500, ""raw_max_control_odds"": 2.5392211380846015}, ""1"": {""bar_pi"": 0.53, ""control_ess"": 38.89254809268002, ""fold_sizes"": [{""evaluation"": 100, ""fold"": 0, ""train"": 100}], ""global_fold_bb"": true, ""max_control_odds"": 3.1797777685150588, ""n_clipped"": 0, ""n_complement_units"": 100, ""n_eval_units"": 100, ""posterior_cache_key"": ""g=4_fold=1"", ""posterior_draws"": 1500, ""raw_max_control_odds"": 3.1797777685150588}}"
GATT,g=4_t=5,4.0,5.0,1.0,reference_fold_convolution,4.225896158866041,4.226989416066076,0.21756070756546272,3.7985702834600805,3.8684451503650124,4.582524001089027,4.667128205855442,0.0,0.0,0.0,3.688353557920496,correction_completion,strong_confounder,3,200,37,521386471,reference_fold_convolution_rf,3.1797777685150588,38.89254809268002,,"{""0"": {""bar_pi"": 0.52, ""control_ess"": 42.529728688037444, ""fold_sizes"": [{""evaluation"": 100, ""fold"": 0, ""train"": 100}], ""global_fold_bb"": true, ""max_control_odds"": 2.5392211380846015, ""n_clipped"": 0, ""n_complement_units"": 100, ""n_eval_units"": 100, ""posterior_cache_key"": ""g=4_fold=0"", ""posterior_draws"": 1500, ""raw_max_control_odds"": 2.5392211380846015}, ""1"": {""bar_pi"": 0.53, ""control_ess"": 38.89254809268002, ""fold_sizes"": [{""evaluation"": 100, ""fold"": 0, ""train"": 100}], ""global_fold_bb"": true, ""max_control_odds"": 3.1797777685150588, ""n_clipped"": 0, ""n_complement_units"": 100, ""n_eval_units"": 100, ""posterior_cache_key"": ""g=4_fold=1"", ""posterior_draws"": 1500, ""raw_max_control_odds"": 3.1797777685150588}}"
GATT,g=4_t=6,4.0,6.0,2.0,reference_fold_convolution,3.883271748833032,3.886235020937386,0.2157952627585563,3.451619331082355,3.516615773096,4.228768365491122,4.3123700427335585,0.0,0.0,0.0,3.688353557920496,correction_completion,strong_confounder,3,200,37,521386471,reference_fold_convolution_rf,3.1797777685150588,38.89254809268002,,"{""0"": {""bar_pi"": 0.52, ""control_ess"": 42.529728688037444, ""fold_sizes"": [{""evaluation"": 100, ""fold"": 0, ""train"": 100}], ""global_fold_bb"": true, ""max_control_odds"": 2.5392211380846015, ""n_clipped"": 0, ""n_complement_units"": 100, ""n_eval_units"": 100, ""posterior_cache_key"": ""g=4_fold=0"", ""posterior_draws"": 1500, ""raw_max_control_odds"": 2.5392211380846015}, ""1"": {""bar_pi"": 0.53, ""control_ess"": 38.89254809268002, ""fold_sizes"": [{""evaluation"": 100, ""fold"": 0, ""train"": 100}], ""global_fold_bb"": true, ""max_control_odds"": 3.1797777685150588, ""n_clipped"": 0, ""n_complement_units"": 100, ""n_eval_units"": 100, ""posterior_cache_key"": ""g=4_fold=1"", ""posterior_draws"": 1500, ""raw_max_control_odds"": 3.1797777685150588}}"
GATT,g=4_t=7,4.0,7.0,3.0,reference_fold_convolution,3.960068566536082,3.9600987582555423,0.23442223427267628,3.492997124447338,3.56903115155531,4.323118983622208,4.410607744427771,0.0,0.0,0.0,3.688353557920496,correction_completion,strong_confounder,3,200,37,521386471,reference_fold_convolution_rf,3.1797777685150588,38.89254809268002,,"{""0"": {""bar_pi"": 0.52, ""control_ess"": 42.529728688037444, ""fold_sizes"": [{""evaluation"": 100, ""fold"": 0, ""train"": 100}], ""global_fold_bb"": true, ""max_control_odds"": 2.5392211380846015, ""n_clipped"": 0, ""n_complement_units"": 100, ""n_eval_units"": 100, ""posterior_cache_key"": ""g=4_fold=0"", ""posterior_draws"": 1500, ""raw_max_control_odds"": 2.5392211380846015}, ""1"": {""bar_pi"": 0.53, ""control_ess"": 38.89254809268002, ""fold_sizes"": [{""evaluation"": 100, ""fold"": 0, ""train"": 100}], ""global_fold_bb"": true, ""max_control_odds"": 3.1797777685150588, ""n_clipped"": 0, ""n_complement_units"": 100, ""n_eval_units"": 100, ""posterior_cache_key"": ""g=4_fold=1"", ""posterior_draws"": 1500, ""raw_max_control_odds"": 3.1797777685150588}}"
ES,k=0,,,0.0,reference_fold_convolution,4.167942686318361,4.169524583864877,0.21690739015170676,3.7450589067921523,3.8035977695425256,4.526369539752722,4.584749128263354,0.0,0.0,0.0,3.688353557920496,correction_completion,strong_confounder,3,200,37,521386471,reference_fold_convolution_rf,,,,{}
ES,k=1,,,1.0,reference_fold_convolution,4.225896158866041,4.226989416066076,0.21756070756546272,3.7985702834600805,3.8684451503650124,4.582524001089027,4.667128205855442,0.0,0.0,0.0,3.688353557920496,correction_completion,strong_confounder,3,200,37,521386471,reference_fold_convolution_rf,,,,{}
ES,k=2,,,2.0,reference_fold_convolution,3.883271748833032,3.886235020937386,0.2157952627585563,3.451619331082355,3.516615773096,4.228768365491122,4.3123700427335585,0.0,0.0,0.0,3.688353557920496,correction_completion,strong_confounder,3,200,37,521386471,reference_fold_convolution_rf,,,,{}
ES,k=3,,,3.0,reference_fold_convolution,3.960068566536082,3.9600987582555423,0.23442223427267628,3.492997124447338,3.56903115155531,4.323118983622208,4.410607744427771,0.0,0.0,0.0,3.688353557920496,correction_completion,strong_confounder,3,200,37,521386471,reference_fold_convolution_rf,,,,{}
ATT,ATT,,,,reference_fold_convolution,4.059294790138379,4.060850677323816,0.18148807795818828,3.719876200058223,3.7547923005077672,4.359941461369208,4.4127083795443385,0.0,0.0,0.0,3.688353557920496,correction_completion,strong_confounder,3,200,37,521386471,reference_fold_convolution_rf,,,,{}
