"dgp","setting","linearity_degree","N","rep","estimand_type","estimand_id","g","t","k","method","post_mean","sd","q025","q05","q95","q975","p_bayes","surf_rmse","surf_mae","surf_n","surf_mape","surf_cover95","surf_len95","surf_cover90","surf_len90","true"
"canonical","B1_serial_corr",2,200,0,"GATT","g=4_t=4",4,4,0,"doubleml",3.73110283727359,0.183394132022552,3.37165694069814,3.42944626563977,4.03275940890741,4.09054873384904,2.58516031081722e-92,,,,,,,,,3.84856251356771
"canonical","B1_serial_corr",2,200,0,"GATT","g=4_t=5",4,5,1,"doubleml",3.64677312996925,0.20142329735121,3.25199071839958,3.31546121362792,3.97808504631058,4.04155554153892,1.45448851111901e-73,,,,,,,,,3.84856251356771
"canonical","B1_serial_corr",2,200,0,"GATT","g=4_t=6",4,6,2,"doubleml",3.79620620064394,0.287056456874427,3.23358587920251,3.32404023932821,4.26837216195967,4.35882652208537,3.16373784697644e-40,,,,,,,,,3.84856251356771
"canonical","B1_serial_corr",2,200,0,"GATT","g=4_t=7",4,7,3,"doubleml",3.70589808787132,0.308865219343514,3.10053337710593,3.19785989637326,4.21393627936938,4.31126279863671,1.81047326843816e-33,,,,,,,,,3.84856251356771
"canonical","B1_serial_corr",2,200,0,"CATT","surface",,,,"doubleml",,,,,,,,0.823713380228716,0.695747367256963,432,0.193243974614984,0.377314814814815,0.961106670175969,0.321759259259259,0.806586320394468,
"canonical","B1_serial_corr",2,200,1,"GATT","g=4_t=4",4,4,0,"doubleml",3.6009190020729,0.200439467547456,3.20806486150072,3.2712253421196,3.93061266202621,3.99377314264509,1.82744832506941e-72,,,,,,,,,3.67731508707969
"canonical","B1_serial_corr",2,200,1,"GATT","g=4_t=5",4,5,1,"doubleml",3.64786289488582,0.214254872063771,3.22793105881623,3.29544491155224,4.00028087821941,4.06779473095542,2.6427669448146e-65,,,,,,,,,3.67731508707969
"canonical","B1_serial_corr",2,200,1,"GATT","g=4_t=6",4,6,2,"doubleml",3.40491797076839,0.284140911447901,2.84801201340332,2.93754765600966,3.87228828552711,3.96182392813346,2.17591785911459e-33,,,,,,,,,3.67731508707969
"canonical","B1_serial_corr",2,200,1,"GATT","g=4_t=7",4,7,3,"doubleml",3.80923046372453,0.300064115674929,3.22111559930984,3.31566880280016,4.3027921246489,4.39734532813923,3.1627167219957e-37,,,,,,,,,3.67731508707969
"canonical","B1_serial_corr",2,200,1,"CATT","surface",,,,"doubleml",,,,,,,,0.865147687036209,0.736315387957218,416,0.214102308307838,0.362980769230769,0.978903399210774,0.3125,0.82152180948499,
"canonical","B1_serial_corr",2,200,2,"GATT","g=4_t=4",4,4,0,"doubleml",3.78181043589432,0.198786844542943,3.39219537691656,3.45483509950049,4.10878577228816,4.17142549487209,5.35018452051364e-81,,,,,,,,,3.70203253220689
"canonical","B1_serial_corr",2,200,2,"GATT","g=4_t=5",4,5,1,"doubleml",3.7304523325302,0.246932605401973,3.24647331551613,3.32428424880435,4.13662041625606,4.21443134954428,7.26247882618516e-52,,,,,,,,,3.70203253220689
"canonical","B1_serial_corr",2,200,2,"GATT","g=4_t=6",4,6,2,"doubleml",3.5642242757166,0.231784905950501,3.10993420431023,3.18297194602429,3.94547660540891,4.01851434712297,1.16233777068407e-53,,,,,,,,,3.70203253220689
"canonical","B1_serial_corr",2,200,2,"GATT","g=4_t=7",4,7,3,"doubleml",3.43722488405949,0.265042851556711,2.91775043655099,3.00126808950503,3.87318167861395,3.95669933156799,9.22281626685803e-39,,,,,,,,,3.70203253220689
"canonical","B1_serial_corr",2,200,2,"CATT","surface",,,,"doubleml",,,,,,,,0.876876544321747,0.726004738177514,416,0.21193672735555,0.377403846153846,0.923679297453351,0.336538461538462,0.775176272183231,
"canonical","B1_serial_corr",2,200,3,"GATT","g=4_t=4",4,4,0,"doubleml",3.84384849304898,0.198817784271789,3.45417279331651,3.51682226531839,4.17087472077957,4.23352419278146,1.40290081370797e-83,,,,,,,,,3.71837665318432
"canonical","B1_serial_corr",2,200,3,"GATT","g=4_t=5",4,5,1,"doubleml",3.87039261539573,0.235914578244561,3.40800853496121,3.48234757771185,4.25843765307961,4.33277669583025,8.67580440478538e-61,,,,,,,,,3.71837665318432
"canonical","B1_serial_corr",2,200,3,"GATT","g=4_t=6",4,6,2,"doubleml",3.77591886228382,0.283266463852356,3.2207267907259,3.30998688615042,4.24185083841723,4.33111093384174,7.75335405017366e-41,,,,,,,,,3.71837665318432
"canonical","B1_serial_corr",2,200,3,"GATT","g=4_t=7",4,7,3,"doubleml",3.97245377504914,0.348118645676433,3.29015376179458,3.39984942823368,4.54505812186461,4.65475378830371,1.83797291017879e-30,,,,,,,,,3.71837665318432
"canonical","B1_serial_corr",2,200,3,"CATT","surface",,,,"doubleml",,,,,,,,0.92584807340455,0.801468062804809,396,0.242581499523498,0.318181818181818,1.04477593248974,0.282828282828283,0.876803794181668,
"canonical","B1_serial_corr",2,200,4,"GATT","g=4_t=4",4,4,0,"doubleml",4.19785592541143,0.214374966778447,3.77768870802448,3.84524040380603,4.55047144701683,4.61802314279838,1.10451464584218e-85,,,,,,,,,3.94647990899825
"canonical","B1_serial_corr",2,200,4,"GATT","g=4_t=5",4,5,1,"doubleml",4.12825263450473,0.259610447744702,3.61942550290123,3.70123135109006,4.55527391791939,4.63707976610823,3.0824341080965e-57,,,,,,,,,3.94647990899825
"canonical","B1_serial_corr",2,200,4,"GATT","g=4_t=6",4,6,2,"doubleml",4.28522490628855,0.323774117276152,3.65063929229551,3.7526637543904,4.81778605818669,4.91981052028158,2.74641692955064e-40,,,,,,,,,3.94647990899825
"canonical","B1_serial_corr",2,200,4,"GATT","g=4_t=7",4,7,3,"doubleml",3.99592200270475,0.29168400258561,3.42423185826105,3.5161444043158,4.4756996010937,4.56761214714845,5.11201201015304e-43,,,,,,,,,3.94647990899825
"canonical","B1_serial_corr",2,200,4,"CATT","surface",,,,"doubleml",,,,,,,,0.989760251878702,0.84714550057727,392,0.255382629211848,0.318877551020408,1.06763505371359,0.278061224489796,0.895987777653579,
"canonical","B1_serial_corr",2,200,5,"GATT","g=4_t=4",4,4,0,"doubleml",3.91516714966605,0.202256070999233,3.51875253172611,3.58248544225868,4.24784885707342,4.31158176760599,8.81566618544712e-84,,,,,,,,,3.69681432775552
"canonical","B1_serial_corr",2,200,5,"GATT","g=4_t=5",4,5,1,"doubleml",4.04146219631864,0.257788129344903,3.53620674317529,3.61743836061316,4.46548603202412,4.546717649462,1.07860423326277e-55,,,,,,,,,3.69681432775552
"canonical","B1_serial_corr",2,200,5,"GATT","g=4_t=6",4,6,2,"doubleml",3.87510421336453,0.354066893273558,3.18114584895651,3.29271586769594,4.45749255903311,4.56906257777254,3.52820987210661e-28,,,,,,,,,3.69681432775552
"canonical","B1_serial_corr",2,200,5,"GATT","g=4_t=7",4,7,3,"doubleml",3.79082248104726,0.263184033073678,3.27499125084805,3.35792317150989,4.22372179058464,4.30665371124648,2.4524836390779e-47,,,,,,,,,3.69681432775552
"canonical","B1_serial_corr",2,200,5,"CATT","surface",,,,"doubleml",,,,,,,,0.887418933240411,0.764163386176371,400,0.234803177124368,0.35,1.05572983284526,0.295,0.885996599159405,
"canonical","B1_serial_corr",2,200,6,"GATT","g=4_t=4",4,4,0,"doubleml",3.78426840308882,0.177112182425287,3.43713490157383,3.49294472137786,4.07559208479979,4.13140190460382,1.36940472577861e-101,,,,,,,,,3.74261969422952
"canonical","B1_serial_corr",2,200,6,"GATT","g=4_t=5",4,5,1,"doubleml",3.59659162656585,0.219598724400069,3.16618603229579,3.2353837863415,3.9577994667902,4.02699722083591,1.37274698689022e-60,,,,,,,,,3.74261969422952
"canonical","B1_serial_corr",2,200,6,"GATT","g=4_t=6",4,6,2,"doubleml",3.8794253113767,0.25116093497015,3.38715892062886,3.46630224284731,4.29254837990609,4.37169170212453,4.01525463665649e-54,,,,,,,,,3.74261969422952
"canonical","B1_serial_corr",2,200,6,"GATT","g=4_t=7",4,7,3,"doubleml",4.05127109164122,0.255244736134494,3.55100059762811,3.63143076643145,4.47111141685098,4.55154158565433,4.94347868978217e-57,,,,,,,,,3.74261969422952
"canonical","B1_serial_corr",2,200,6,"CATT","surface",,,,"doubleml",,,,,,,,0.923517699397817,0.782637570223252,364,0.237901238077772,0.31043956043956,0.885037990272998,0.277472527472527,0.742747457837236,
"canonical","B1_serial_corr",2,200,7,"GATT","g=4_t=4",4,4,0,"doubleml",3.67347725717895,0.165596245626679,3.34891457721551,3.40109561017493,3.94585890418298,3.9980399371424,2.48745938228208e-109,,,,,,,,,3.79316388625667
"canonical","B1_serial_corr",2,200,7,"GATT","g=4_t=5",4,5,1,"doubleml",3.48719321788279,0.221344160604716,3.05336663148733,3.12311438993549,3.8512720458301,3.92101980427826,3.1920797575264e-56,,,,,,,,,3.79316388625667
"canonical","B1_serial_corr",2,200,7,"GATT","g=4_t=6",4,6,2,"doubleml",3.45539371256176,0.273127398602685,2.92007384388685,3.00613901846054,3.90464840666298,3.99071358123667,5.50782796377974e-37,,,,,,,,,3.79316388625667
"canonical","B1_serial_corr",2,200,7,"GATT","g=4_t=7",4,7,3,"doubleml",3.84654423024366,0.306736952858501,3.2453508451713,3.34200672638654,4.35108173410078,4.44773761531602,2.2491556369179e-36,,,,,,,,,3.79316388625667
"canonical","B1_serial_corr",2,200,7,"CATT","surface",,,,"doubleml",,,,,,,,0.868547429076776,0.73031971772696,444,0.200236614851666,0.36036036036036,0.94745126005309,0.297297297297297,0.795126336454836,
"canonical","B1_serial_corr",2,200,8,"GATT","g=4_t=4",4,4,0,"doubleml",3.66203838835848,0.188799396524224,3.29199836794927,3.35149094578802,3.97258583092893,4.03207840876768,4.13425846610205e-84,,,,,,,,,3.70406290643759
"canonical","B1_serial_corr",2,200,8,"GATT","g=4_t=5",4,5,1,"doubleml",3.60658108618953,0.252715119057378,3.11126855058136,3.19090161174753,4.02226056063154,4.10189362179771,1.65107942708723e-46,,,,,,,,,3.70406290643759
"canonical","B1_serial_corr",2,200,8,"GATT","g=4_t=6",4,6,2,"doubleml",3.93358782553237,0.338196348774306,3.27073515700328,3.37730420846556,4.48987144259918,4.59644049406145,1.43229892928935e-31,,,,,,,,,3.70406290643759
"canonical","B1_serial_corr",2,200,8,"GATT","g=4_t=7",4,7,3,"doubleml",3.61461523999432,0.269884392866391,3.08565154581434,3.17069481685047,4.05853566313818,4.14357893417431,3.31322271367442e-41,,,,,,,,,3.70406290643759
"canonical","B1_serial_corr",2,200,8,"CATT","surface",,,,"doubleml",,,,,,,,0.873411141787216,0.723772276424093,396,0.21431664564929,0.424242424242424,1.02858445936322,0.358585858585859,0.863215478611564,
"canonical","B1_serial_corr",2,200,9,"GATT","g=4_t=4",4,4,0,"doubleml",4.05664051924112,0.206929833096246,3.65106549584647,3.71627115555343,4.39700988292881,4.46221554263577,7.15481499390311e-86,,,,,,,,,3.9577084286395
"canonical","B1_serial_corr",2,200,9,"GATT","g=4_t=5",4,5,1,"doubleml",3.98107368756559,0.202114529376453,3.5849364861108,3.64862479546261,4.31352257966856,4.37721088902038,1.14124743506243e-86,,,,,,,,,3.9577084286395
"canonical","B1_serial_corr",2,200,9,"GATT","g=4_t=6",4,6,2,"doubleml",3.77947117899536,0.234475445682017,3.31990774657465,3.39379330426351,4.16514905372721,4.23903461141607,9.40601293100696e-59,,,,,,,,,3.9577084286395
"canonical","B1_serial_corr",2,200,9,"GATT","g=4_t=7",4,7,3,"doubleml",3.73900559508844,0.283311880587363,3.18372450836491,3.2729989150568,4.20501227512009,4.29428668181197,4.53539225973846e-40,,,,,,,,,3.9577084286395
"canonical","B1_serial_corr",2,200,9,"CATT","surface",,,,"doubleml",,,,,,,,0.903134669307556,0.776329291523915,416,0.214939707859486,0.298076923076923,0.908278371996839,0.247596153846154,0.762251405277081,
"canonical","B1_serial_corr",2,200,10,"GATT","g=4_t=4",4,4,0,"doubleml",3.65688597185555,0.233744091356401,3.19875596758429,3.27241106821161,4.04136087549949,4.11501597612681,1.8017238115954e-55,,,,,,,,,3.68285610385533
"canonical","B1_serial_corr",2,200,10,"GATT","g=4_t=5",4,5,1,"doubleml",3.72935500133582,0.247521317834539,3.24422212914756,3.32221857161041,4.13649143106123,4.21448787352408,1.33879412561241e-51,,,,,,,,,3.68285610385533
"canonical","B1_serial_corr",2,200,10,"GATT","g=4_t=6",4,6,2,"doubleml",3.90163981060969,0.307928649617257,3.29811074279126,3.39514213957215,4.40813748164724,4.50516887842813,4.30284961055883e-37,,,,,,,,,3.68285610385533
"canonical","B1_serial_corr",2,200,10,"GATT","g=4_t=7",4,7,3,"doubleml",3.68964852634118,0.296428213673624,3.10865989895657,3.20206739336726,4.17722965931509,4.27063715372579,7.25804297577653e-36,,,,,,,,,3.68285610385533
"canonical","B1_serial_corr",2,200,10,"CATT","surface",,,,"doubleml",,,,,,,,0.852055204994889,0.728530934326034,404,0.211464285921864,0.378712871287129,1.06389028583128,0.331683168316832,0.892845068690406,
"canonical","B1_serial_corr",2,200,11,"GATT","g=4_t=4",4,4,0,"doubleml",3.30770311880256,0.186471189249613,2.94222630083613,3.00098523728057,3.61442100032454,3.67317993676898,1.05915337730678e-70,,,,,,,,,3.70356945422303
"canonical","B1_serial_corr",2,200,11,"GATT","g=4_t=5",4,5,1,"doubleml",3.37354884485898,0.228546683033874,2.92560557379318,2.99762291908398,3.74947477063398,3.82149211592478,1.309321149235e-49,,,,,,,,,3.70356945422303
"canonical","B1_serial_corr",2,200,11,"GATT","g=4_t=6",4,6,2,"doubleml",3.352387765107,0.243820730285368,2.87450791129397,2.95133826161419,3.75343726859981,3.83026761892003,2.567825281948e-43,,,,,,,,,3.70356945422303
"canonical","B1_serial_corr",2,200,11,"GATT","g=4_t=7",4,7,3,"doubleml",3.4464560492837,0.236133443126984,2.98364300155876,3.05805101082251,3.83486108774489,3.90926909700864,1.50278719871582e-48,,,,,,,,,3.70356945422303
"canonical","B1_serial_corr",2,200,11,"CATT","surface",,,,"doubleml",,,,,,,,0.888645056013813,0.73991773558761,388,0.199535512140376,0.329896907216495,0.8770564952851,0.293814432989691,0.736049174625492,
"canonical","B1_serial_corr",2,200,12,"GATT","g=4_t=4",4,4,0,"doubleml",3.80801677197123,0.192973595981709,3.42979547089654,3.49060338072633,4.12543016321613,4.18623807304593,5.5757244734912e-87,,,,,,,,,3.79934455672844
"canonical","B1_serial_corr",2,200,12,"GATT","g=4_t=5",4,5,1,"doubleml",3.67574177007909,0.229233222858686,3.22645290567209,3.29868658652709,4.05279695363109,4.12503063448609,3.64249311551855e-58,,,,,,,,,3.79934455672844
"canonical","B1_serial_corr",2,200,12,"GATT","g=4_t=6",4,6,2,"doubleml",3.82923811825246,0.267749472179118,3.30445879176238,3.38882932794075,4.26964690856417,4.35401744474253,1.0696241713469e-46,,,,,,,,,3.79934455672844
"canonical","B1_serial_corr",2,200,12,"GATT","g=4_t=7",4,7,3,"doubleml",3.44420287912508,0.277036234503695,2.90122183280227,2.98851872065673,3.89988703759342,3.98718392544788,8.72486856388941e-36,,,,,,,,,3.79934455672844
"canonical","B1_serial_corr",2,200,12,"CATT","surface",,,,"doubleml",,,,,,,,0.974167334925819,0.843522073706403,408,0.238536073344416,0.294117647058824,0.947635269147285,0.257352941176471,0.795280761788476,
"canonical","B1_serial_corr",2,200,13,"GATT","g=4_t=4",4,4,0,"doubleml",3.71235046935487,0.209084021275115,3.30255331468041,3.36843778062442,4.05626315808533,4.12214762402933,7.84088751202036e-71,,,,,,,,,3.8447734298905
"canonical","B1_serial_corr",2,200,13,"GATT","g=4_t=5",4,5,1,"doubleml",3.61325975615427,0.20753266507565,3.20650320378194,3.27189882187392,3.95462069043461,4.0200163085266,3.43052224949248e-68,,,,,,,,,3.8447734298905
"canonical","B1_serial_corr",2,200,13,"GATT","g=4_t=6",4,6,2,"doubleml",3.45104316599301,0.235497936649507,2.98947568808569,3.06368344290332,3.83840288908269,3.91261064390032,6.32828965990665e-49,,,,,,,,,3.8447734298905
"canonical","B1_serial_corr",2,200,13,"GATT","g=4_t=7",4,7,3,"doubleml",3.56392990063877,0.307345308162475,2.96154416107141,3.05839174112649,4.06946806015105,4.16631564020613,2.16276441162291e-31,,,,,,,,,3.8447734298905
"canonical","B1_serial_corr",2,200,13,"CATT","surface",,,,"doubleml",,,,,,,,0.860029186027325,0.712289639562423,404,0.191029475025428,0.403465346534653,0.940253462260731,0.334158415841584,0.789085752806384,
"canonical","B1_serial_corr",2,200,14,"GATT","g=4_t=4",4,4,0,"doubleml",3.67969036346297,0.166901593079949,3.35256924948362,3.40516161047905,3.9542191164469,4.00681147744232,5.09609943539344e-108,,,,,,,,,3.79482131784192
"canonical","B1_serial_corr",2,200,14,"GATT","g=4_t=5",4,5,1,"doubleml",4.02087730911894,0.246182946127563,3.53836759729498,3.61594230544924,4.42581231278865,4.50338702094291,2.87984179012175e-60,,,,,,,,,3.79482131784192
"canonical","B1_serial_corr",2,200,14,"GATT","g=4_t=6",4,6,2,"doubleml",3.90028620216458,0.287148822449983,3.33748484752022,3.42796831296243,4.37260409136672,4.46308755680893,2.53247856553941e-42,,,,,,,,,3.79482131784192
"canonical","B1_serial_corr",2,200,14,"GATT","g=4_t=7",4,7,3,"doubleml",3.90733420680936,0.261906978195645,3.39400595819711,3.47653546609634,4.33813294752238,4.42066245542161,1.24378699346517e-50,,,,,,,,,3.79482131784192
"canonical","B1_serial_corr",2,200,14,"CATT","surface",,,,"doubleml",,,,,,,,0.861701564114466,0.728055715189842,408,0.212628011888404,0.362745098039216,0.942880214529959,0.316176470588235,0.791290193284398,
"canonical","B1_serial_corr",2,200,15,"GATT","g=4_t=4",4,4,0,"doubleml",3.74982465436107,0.232374353881449,3.29437928623017,3.36760276888176,4.13204653984039,4.20527002249197,7.00972993412537e-59,,,,,,,,,3.78238293104276
"canonical","B1_serial_corr",2,200,15,"GATT","g=4_t=5",4,5,1,"doubleml",4.06226095979099,0.232218684355536,3.60712069832677,3.68029512795405,4.44422679162793,4.5174012212552,8.06366479788966e-69,,,,,,,,,3.78238293104276
"canonical","B1_serial_corr",2,200,15,"GATT","g=4_t=6",4,6,2,"doubleml",3.97295733024769,0.261517893159907,3.46039167429843,3.54279857761205,4.40311608288334,4.48552298619695,2.00032826862117e-52,,,,,,,,,3.78238293104276
"canonical","B1_serial_corr",2,200,15,"GATT","g=4_t=7",4,7,3,"doubleml",3.99350129764759,0.241757025940678,3.51966623005679,3.59584628650096,4.39115630879422,4.46733636523838,1.34665207247544e-61,,,,,,,,,3.78238293104276
"canonical","B1_serial_corr",2,200,15,"CATT","surface",,,,"doubleml",,,,,,,,0.920854410509027,0.796508634838413,352,0.24117502772212,0.301136363636364,0.948493176567586,0.255681818181818,0.796000740549265,
"canonical","B1_serial_corr",2,200,16,"GATT","g=4_t=4",4,4,0,"doubleml",3.7904352518645,0.195884265379586,3.40650914355406,3.46823423441782,4.11263626931117,4.17436136017493,1.01169604417501e-83,,,,,,,,,3.60165072665847
"canonical","B1_serial_corr",2,200,16,"GATT","g=4_t=5",4,5,1,"doubleml",3.56748885777772,0.207822960899874,3.16016333604056,3.22565042924972,3.90932728630572,3.97481437951488,2.38598255343032e-66,,,,,,,,,3.60165072665847
"canonical","B1_serial_corr",2,200,16,"GATT","g=4_t=6",4,6,2,"doubleml",3.38760806144638,0.238493155015473,2.92017006336963,2.99532164144656,3.7798944814462,3.85504605952312,4.31319095111835e-46,,,,,,,,,3.60165072665847
"canonical","B1_serial_corr",2,200,16,"GATT","g=4_t=7",4,7,3,"doubleml",3.22289055778054,0.255702464417554,2.72172293281086,2.80229733637347,3.64348377918761,3.72405818275023,1.00267936593918e-36,,,,,,,,,3.60165072665847
"canonical","B1_serial_corr",2,200,16,"CATT","surface",,,,"doubleml",,,,,,,,0.871575651959443,0.724973918560631,368,0.212807121512259,0.353260869565217,0.879928626547015,0.3125,0.738459543690784,
"canonical","B1_serial_corr",2,200,17,"GATT","g=4_t=4",4,4,0,"doubleml",3.67707070199819,0.181610898685439,3.32111987856708,3.37834728885185,3.97579411514453,4.0330215254293,1.88880847471509e-91,,,,,,,,,3.67392091481826
"canonical","B1_serial_corr",2,200,17,"GATT","g=4_t=5",4,5,1,"doubleml",3.76147551926635,0.229991691984388,3.31070008267786,3.38317276473906,4.13977827379364,4.21225095585484,2.00907009772542e-60,,,,,,,,,3.67392091481826
"canonical","B1_serial_corr",2,200,17,"GATT","g=4_t=6",4,6,2,"doubleml",3.72544460242413,0.243752125501211,3.24769921151827,3.32450794378496,4.12638126106329,4.20318999332998,4.90698959440697e-53,,,,,,,,,3.67392091481826
"canonical","B1_serial_corr",2,200,17,"GATT","g=4_t=7",4,7,3,"doubleml",4.01774518907488,0.26226717633076,3.50371096508494,3.58635397501853,4.44913640313124,4.53177941306483,2.84203714490258e-53,,,,,,,,,3.67392091481826
"canonical","B1_serial_corr",2,200,17,"CATT","surface",,,,"doubleml",,,,,,,,0.956392335548481,0.835284699865905,380,0.256410627020636,0.276315789473684,0.899252937457698,0.231578947368421,0.754677020184577,
"canonical","B1_serial_corr",2,200,18,"GATT","g=4_t=4",4,4,0,"doubleml",3.54912019868555,0.18977667921336,3.17716473938782,3.23696526877474,3.86127512859637,3.92107565798329,2.40381059986763e-78,,,,,,,,,3.69935555938323
"canonical","B1_serial_corr",2,200,18,"GATT","g=4_t=5",4,5,1,"doubleml",3.51216350212731,0.200347611572965,3.11948939595832,3.18262093184107,3.84170607241355,3.9048376082963,4.20261809007843e-69,,,,,,,,,3.69935555938323
"canonical","B1_serial_corr",2,200,18,"GATT","g=4_t=6",4,6,2,"doubleml",3.6925760797205,0.272509498085385,3.15846727381508,3.24433774175676,4.14081441768424,4.22668488562593,3.94719856849569e-42,,,,,,,,,3.69935555938323
"canonical","B1_serial_corr",2,200,18,"GATT","g=4_t=7",4,7,3,"doubleml",3.62568831515333,0.271005242074074,3.09452779687686,3.17992425870682,4.07145237159984,4.1568488334298,4.02909189089711e-41,,,,,,,,,3.69935555938323
"canonical","B1_serial_corr",2,200,18,"CATT","surface",,,,"doubleml",,,,,,,,0.808639370135529,0.663332040070207,408,0.191089582309714,0.401960784313726,0.914949444824311,0.365196078431373,0.767849947303648,
"canonical","B1_serial_corr",2,200,19,"GATT","g=4_t=4",4,4,0,"doubleml",3.74804071694011,0.188746306853891,3.37810475037353,3.43758059912626,4.05850083475396,4.11797668350669,4.74049687555507e-88,,,,,,,,,3.82862059085298
"canonical","B1_serial_corr",2,200,19,"GATT","g=4_t=5",4,5,1,"doubleml",3.77892067204776,0.225041954739461,3.33784654226878,3.40875951262674,4.14908183146878,4.21999480182673,1.39467515211147e-63,,,,,,,,,3.82862059085298
"canonical","B1_serial_corr",2,200,19,"GATT","g=4_t=6",4,6,2,"doubleml",3.9827502610408,0.230550457773943,3.53087966362035,3.60352841836949,4.3619721037121,4.43462085846124,3.63109912878391e-67,,,,,,,,,3.82862059085298
"canonical","B1_serial_corr",2,200,19,"GATT","g=4_t=7",4,7,3,"doubleml",4.20259011685222,0.291836194783986,3.63060168117862,3.72256218451701,4.68261804918744,4.77457855252582,2.56814525725863e-47,,,,,,,,,3.82862059085298
"canonical","B1_serial_corr",2,200,19,"CATT","surface",,,,"doubleml",,,,,,,,0.849783491922583,0.704943723603528,424,0.205812723407648,0.382075471698113,0.917434564719801,0.346698113207547,0.769935526120696,
"canonical","B1_serial_corr",2,200,20,"GATT","g=4_t=4",4,4,0,"doubleml",3.29626951744818,0.192737129200258,2.91851168275232,2.97924507953462,3.61329395536174,3.67402735214403,7.11954785492496e-66,,,,,,,,,3.5864833205542
"canonical","B1_serial_corr",2,200,20,"GATT","g=4_t=5",4,5,1,"doubleml",3.43864121437294,0.207302272995148,3.03233622218428,3.09765924142778,3.7796231873181,3.8449462065616,4.28586467223522e-62,,,,,,,,,3.5864833205542
"canonical","B1_serial_corr",2,200,20,"GATT","g=4_t=6",4,6,2,"doubleml",3.26747880676945,0.298206464903159,2.68300487099199,2.77697271014763,3.75798490339127,3.85195274254691,3.07174509229084e-28,,,,,,,,,3.5864833205542
"canonical","B1_serial_corr",2,200,20,"GATT","g=4_t=7",4,7,3,"doubleml",3.45926621090227,0.313579570791771,2.84466154101495,2.94347359956715,3.9750588222374,4.0738708807896,1.34604528822955e-28,,,,,,,,,3.5864833205542
"canonical","B1_serial_corr",2,200,20,"CATT","surface",,,,"doubleml",,,,,,,,0.912783545460336,0.749161978901703,360,0.208432202291198,0.4,0.991570716274648,0.325,0.832152559407836,
"canonical","B1_serial_corr",2,200,21,"GATT","g=4_t=4",4,4,0,"doubleml",4.14679437495998,0.223806364710941,3.70814195715567,3.77866558073973,4.51492316918023,4.5854467927643,6.08246090717517e-77,,,,,,,,,3.78636221826773
"canonical","B1_serial_corr",2,200,21,"GATT","g=4_t=5",4,5,1,"doubleml",3.95291475915132,0.316019371773784,3.33352816717208,3.43310903141172,4.47272048689091,4.57230135113055,3.35575852330697e-36,,,,,,,,,3.78636221826773
"canonical","B1_serial_corr",2,200,21,"GATT","g=4_t=6",4,6,2,"doubleml",3.99633924053003,0.234819282545564,3.53610190023489,3.61009580435783,4.38258267670223,4.45657658082516,2.97964482220984e-65,,,,,,,,,3.78636221826773
"canonical","B1_serial_corr",2,200,21,"GATT","g=4_t=7",4,7,3,"doubleml",3.98824975452031,0.278936586620282,3.44154408646168,3.5294397942716,4.44705971476903,4.53495542257895,1.12510594164594e-46,,,,,,,,,3.78636221826773
"canonical","B1_serial_corr",2,200,21,"CATT","surface",,,,"doubleml",,,,,,,,0.897101264118682,0.757681169635095,412,0.231832425245141,0.371359223300971,1.03249100906866,0.305825242718447,0.866493959190381,
"canonical","B1_serial_corr",2,200,22,"GATT","g=4_t=4",4,4,0,"doubleml",3.93201202229201,0.214405787240759,3.51178439790846,3.5793458055259,4.28467823905812,4.35223964667556,2.01660950968752e-75,,,,,,,,,3.75818779096079
"canonical","B1_serial_corr",2,200,22,"GATT","g=4_t=5",4,5,1,"doubleml",3.57616465155844,0.229902506136125,3.12556401602186,3.19800859473042,3.95432070838647,4.02676528709503,7.3421988251336e-55,,,,,,,,,3.75818779096079
"canonical","B1_serial_corr",2,200,22,"GATT","g=4_t=6",4,6,2,"doubleml",3.69266197194888,0.318624868825081,3.068168699547,3.16857058196247,4.21675336193529,4.31715524435076,2.33271678405327e-31,,,,,,,,,3.75818779096079
"canonical","B1_serial_corr",2,200,22,"GATT","g=4_t=7",4,7,3,"doubleml",3.77247229560033,0.27277211102758,3.23784877778227,3.32380199768817,4.22114259351249,4.30709581341839,8.38648111460469e-44,,,,,,,,,3.75818779096079
"canonical","B1_serial_corr",2,200,22,"CATT","surface",,,,"doubleml",,,,,,,,0.914223213552069,0.776657032798288,416,0.226544855219671,0.355769230769231,1.01497252507004,0.314903846153846,0.851791980746355,
"canonical","B1_serial_corr",2,200,23,"GATT","g=4_t=4",4,4,0,"doubleml",3.96105850864751,0.2087905440044,3.55183655885847,3.6176285471797,4.30448847011532,4.37028045843655,1.46857842148258e-80,,,,,,,,,3.88497833186204
"canonical","B1_serial_corr",2,200,23,"GATT","g=4_t=5",4,5,1,"doubleml",3.88610608967918,0.250827475642768,3.39449326720847,3.47353151305827,4.29868066630009,4.37771891214988,1.92974272046321e-54,,,,,,,,,3.88497833186204
"canonical","B1_serial_corr",2,200,23,"GATT","g=4_t=6",4,6,2,"doubleml",3.87841491741082,0.308491521339341,3.27378264128048,3.37099140456972,4.38583843025193,4.48304719354117,1.50138863326837e-36,,,,,,,,,3.88497833186204
"canonical","B1_serial_corr",2,200,23,"GATT","g=4_t=7",4,7,3,"doubleml",3.95550818340675,0.317994436146519,3.33225053635928,3.43245376313341,4.4785626036801,4.57876583045423,8.03281202654507e-36,,,,,,,,,3.88497833186204
"canonical","B1_serial_corr",2,200,23,"CATT","surface",,,,"doubleml",,,,,,,,0.885100112392897,0.762171082117427,392,0.216712649408232,0.341836734693878,1.06436234771878,0.301020408163265,0.893241235601585,
"canonical","B1_serial_corr",2,200,24,"GATT","g=4_t=4",4,4,0,"doubleml",3.61193007678701,0.18368082169433,3.25192227877571,3.30980194249981,3.91405821107422,3.97193787479832,2.18651619421504e-86,,,,,,,,,3.63447969283674
"canonical","B1_serial_corr",2,200,24,"GATT","g=4_t=5",4,5,1,"doubleml",3.70817085912875,0.224252093647739,3.26864482865456,3.3393089058839,4.07703281237361,4.14769688960295,1.01461652777114e-61,,,,,,,,,3.63447969283674
"canonical","B1_serial_corr",2,200,24,"GATT","g=4_t=6",4,6,2,"doubleml",3.84570195454581,0.291994793724041,3.27340267065927,3.36541315010965,4.32599075898198,4.41800123843236,6.49133677527783e-40,,,,,,,,,3.63447969283674
"canonical","B1_serial_corr",2,200,24,"GATT","g=4_t=7",4,7,3,"doubleml",3.75079155085085,0.294328142608543,3.17391898715124,3.26666472816861,4.23491837353308,4.32766411455045,1.69268802311642e-37,,,,,,,,,3.63447969283674
"canonical","B1_serial_corr",2,200,24,"CATT","surface",,,,"doubleml",,,,,,,,0.836676163544084,0.677277072019976,428,0.209783061044224,0.460280373831776,0.974352838035829,0.406542056074766,0.817702857325229,
"canonical","B1_serial_corr",2,200,25,"GATT","g=4_t=4",4,4,0,"doubleml",3.35820633112506,0.200149277545059,2.96592095251073,3.02898999135796,3.68742267089216,3.75049170973938,1.75265289870605e-63,,,,,,,,,3.70226991223112
"canonical","B1_serial_corr",2,200,25,"GATT","g=4_t=5",4,5,1,"doubleml",3.10286670582977,0.267617625748184,2.57834579359785,2.66267478364736,3.54305862801217,3.62738761806168,2.1996024062508e-31,,,,,,,,,3.70226991223112
"canonical","B1_serial_corr",2,200,25,"GATT","g=4_t=6",4,6,2,"doubleml",3.23803805673659,0.259555035582879,2.72931953097542,2.81110791823795,3.66496819523523,3.74675658249775,5.08836146218379e-36,,,,,,,,,3.70226991223112
"canonical","B1_serial_corr",2,200,25,"GATT","g=4_t=7",4,7,3,"doubleml",3.13848203857597,0.297830653190486,2.55474468022614,2.64859409735299,3.62836997979896,3.72221939692581,2.8915761601222e-26,,,,,,,,,3.70226991223112
"canonical","B1_serial_corr",2,200,25,"CATT","surface",,,,"doubleml",,,,,,,,1.03703617388472,0.848694325684351,380,0.21880376929312,0.342105263157895,1.00463108747862,0.292105263157895,0.843113170835565,
"canonical","B1_serial_corr",2,200,26,"GATT","g=4_t=4",4,4,0,"doubleml",3.64299032065245,0.185194182240254,3.28001639045212,3.33837292921784,3.94760771208706,4.00596425085279,1.90362243268174e-86,,,,,,,,,3.71363006131771
"canonical","B1_serial_corr",2,200,26,"GATT","g=4_t=5",4,5,1,"doubleml",3.52533639092484,0.196125920898237,3.14093664649745,3.20273788543169,3.84793489641799,3.90973613535223,1.53312466922408e-72,,,,,,,,,3.71363006131771
"canonical","B1_serial_corr",2,200,26,"GATT","g=4_t=6",4,6,2,"doubleml",3.49310955691871,0.360367722484558,2.78680179408699,2.9003572671191,4.08586184671833,4.19941731975044,1.61164965615745e-22,,,,,,,,,3.71363006131771
"canonical","B1_serial_corr",2,200,26,"GATT","g=4_t=7",4,7,3,"doubleml",3.90125448232304,0.25180866683717,3.40771856043419,3.48706598944125,4.31544297520483,4.39479040421189,1.93611291392834e-54,,,,,,,,,3.71363006131771
"canonical","B1_serial_corr",2,200,26,"CATT","surface",,,,"doubleml",,,,,,,,0.92717861778651,0.789353865241818,428,0.223484638342643,0.317757009345794,0.97360867967415,0.275700934579439,0.81707833980458,
"canonical","B1_serial_corr",2,200,27,"GATT","g=4_t=4",4,4,0,"doubleml",3.67503403998765,0.225108594556422,3.23382929856646,3.30476326779714,4.04530481217816,4.11623878140883,3.24469850099579e-60,,,,,,,,,3.78024912322216
"canonical","B1_serial_corr",2,200,27,"GATT","g=4_t=5",4,5,1,"doubleml",3.51643114351162,0.296438802474399,2.93542176245868,3.02883259350639,4.00402969351684,4.09744052456455,9.29557011086745e-33,,,,,,,,,3.78024912322216
"canonical","B1_serial_corr",2,200,27,"GATT","g=4_t=6",4,6,2,"doubleml",3.84258142426363,0.204932214172392,3.44092166204545,3.50549785205331,4.17966499647394,4.24424118648181,9.58902491587769e-79,,,,,,,,,3.78024912322216
"canonical","B1_serial_corr",2,200,27,"GATT","g=4_t=7",4,7,3,"doubleml",3.54119441745135,0.234720826221927,3.08115004800612,3.15511292755691,3.92727590734579,4.00123878689658,9.88501315675021e-52,,,,,,,,,3.78024912322216
"canonical","B1_serial_corr",2,200,27,"CATT","surface",,,,"doubleml",,,,,,,,0.892533936188779,0.746364445122316,376,0.210953954181972,0.348404255319149,0.941959127068764,0.311170212765957,0.790517192150246,
"canonical","B1_serial_corr",2,200,28,"GATT","g=4_t=4",4,4,0,"doubleml",3.55878960263717,0.189010441956864,3.18833594077763,3.24789502114266,3.86968418413169,3.92924326449672,2.20396036090606e-79,,,,,,,,,3.9075583456894
"canonical","B1_serial_corr",2,200,28,"GATT","g=4_t=5",4,5,1,"doubleml",3.60664089808403,0.295626495201773,3.02722361004238,3.12037847494541,4.09290332122264,4.18605818612567,1.55427108489694e-34,,,,,,,,,3.9075583456894
"canonical","B1_serial_corr",2,200,28,"GATT","g=4_t=6",4,6,2,"doubleml",3.49421917175683,0.225904456379045,3.05145456981433,3.12263932306393,3.86579902044973,3.93698377369933,2.86656122636566e-54,,,,,,,,,3.9075583456894
"canonical","B1_serial_corr",2,200,28,"GATT","g=4_t=7",4,7,3,"doubleml",3.45190867488587,0.284469568690669,2.89435856115663,2.98399776694675,3.91981958282499,4.00945878861511,3.46472075898911e-34,,,,,,,,,3.9075583456894
"canonical","B1_serial_corr",2,200,28,"CATT","surface",,,,"doubleml",,,,,,,,0.944495717058029,0.819680708378988,400,0.213944330503944,0.2825,0.975092832786465,0.2225,0.818323880632577,
"canonical","B1_serial_corr",2,200,29,"GATT","g=4_t=4",4,4,0,"doubleml",3.73676579588139,0.20054985854853,3.34369529292118,3.4068905588484,4.06664103291437,4.1298362988416,8.7406794862748e-78,,,,,,,,,3.63835970067619
"canonical","B1_serial_corr",2,200,29,"GATT","g=4_t=5",4,5,1,"doubleml",3.74956720731876,0.221418571051908,3.31559477912558,3.38536598504975,4.11376842958778,4.18353963551195,1.25677712512245e-64,,,,,,,,,3.63835970067619
"canonical","B1_serial_corr",2,200,29,"GATT","g=4_t=6",4,6,2,"doubleml",3.63679412025235,0.241873078600209,3.16273159362677,3.23894821942448,4.03464002108022,4.11085664687793,2.13405318856891e-51,,,,,,,,,3.63835970067619
"canonical","B1_serial_corr",2,200,29,"GATT","g=4_t=7",4,7,3,"doubleml",3.82129456954202,0.309931044985088,3.21384087888886,3.31150325047411,4.33108588860992,4.42874826019517,3.14180169423839e-35,,,,,,,,,3.63835970067619
"canonical","B1_serial_corr",2,200,29,"CATT","surface",,,,"doubleml",,,,,,,,0.868731288097936,0.74383823102685,412,0.225784593915361,0.351941747572816,0.954279574216063,0.283980582524272,0.800856839598884,
"canonical","B1_serial_corr",2,200,30,"GATT","g=4_t=4",4,4,0,"doubleml",3.89850502848594,0.20580064434527,3.49514317439241,3.55999301543205,4.23701704153984,4.30186688257948,2.51652852484398e-80,,,,,,,,,3.7441204816127
"canonical","B1_serial_corr",2,200,30,"GATT","g=4_t=5",4,5,1,"doubleml",3.79551673386359,0.23712481998608,3.33076062318439,3.40548102521021,4.18555244251697,4.26027284454279,5.76373339833245e-58,,,,,,,,,3.7441204816127
"canonical","B1_serial_corr",2,200,30,"GATT","g=4_t=6",4,6,2,"doubleml",4.00591187406774,0.309708904243004,3.39889357127201,3.49648594408802,4.51533780404746,4.61293017686347,1.43852064749436e-38,,,,,,,,,3.7441204816127
"canonical","B1_serial_corr",2,200,30,"GATT","g=4_t=7",4,7,3,"doubleml",3.74838097340409,0.26517406489711,3.22864935247209,3.31220835206182,4.18455359474636,4.26811259433609,1.14669316803445e-45,,,,,,,,,3.7441204816127
"canonical","B1_serial_corr",2,200,30,"CATT","surface",,,,"doubleml",,,,,,,,0.903816164297281,0.763748039719301,464,0.229665158749457,0.344827586206897,0.997433944250232,0.321120689655172,0.837073136514635,
"canonical","B1_serial_corr",2,200,31,"GATT","g=4_t=4",4,4,0,"doubleml",4.15665923307179,0.205273301838856,3.7543309513065,3.81901462144894,4.49430384469464,4.55898751483708,1.79831445117097e-91,,,,,,,,,3.99521677802059
"canonical","B1_serial_corr",2,200,31,"GATT","g=4_t=5",4,5,1,"doubleml",3.99351394953749,0.240992137393538,3.5211780359631,3.59711706837718,4.3899108306978,4.46584986311188,5.63366088828021e-62,,,,,,,,,3.99521677802059
"canonical","B1_serial_corr",2,200,31,"GATT","g=4_t=6",4,6,2,"doubleml",4.15785623208567,0.273711767230676,3.62139102193716,3.70764033690922,4.60807212726211,4.69432144223417,2.03966537818275e-52,,,,,,,,,3.99521677802059
"canonical","B1_serial_corr",2,200,31,"GATT","g=4_t=7",4,7,3,"doubleml",4.39332468837792,0.277132726019978,3.8501545221569,3.93748181545306,4.84916756130279,4.93649485459894,6.72463745017548e-57,,,,,,,,,3.99521677802059
"canonical","B1_serial_corr",2,200,31,"CATT","surface",,,,"doubleml",,,,,,,,0.903188166586789,0.768365590783099,376,0.22290844399335,0.316489361702128,0.977149785854603,0.242021276595745,0.820050130442236,
"canonical","B1_serial_corr",2,200,32,"GATT","g=4_t=4",4,4,0,"doubleml",3.67305185208521,0.225006219964699,3.23204776117832,3.3029494711514,4.04315423301903,4.1140559429921,3.31898950747629e-60,,,,,,,,,3.77489393432427
"canonical","B1_serial_corr",2,200,32,"GATT","g=4_t=5",4,5,1,"doubleml",3.87880300368333,0.213691228126498,3.45997588943961,3.52731213233455,4.23029387503212,4.29763011792706,6.25419075034267e-74,,,,,,,,,3.77489393432427
"canonical","B1_serial_corr",2,200,32,"GATT","g=4_t=6",4,6,2,"doubleml",3.81616729717935,0.236997041603473,3.35166162753004,3.42634176530971,4.20599282904899,4.28067296682866,1.23150773061271e-58,,,,,,,,,3.77489393432427
"canonical","B1_serial_corr",2,200,32,"GATT","g=4_t=7",4,7,3,"doubleml",4.14797679108308,0.244826892580314,3.66812489539379,3.74527229751478,4.55068128465138,4.62782868677236,1.0933781250427e-64,,,,,,,,,3.77489393432427
"canonical","B1_serial_corr",2,200,32,"CATT","surface",,,,"doubleml",,,,,,,,0.907038673461077,0.762282517286305,436,0.229828240495258,0.327981651376147,0.902094385244604,0.272935779816514,0.757061638860269,
"canonical","B1_serial_corr",2,200,33,"GATT","g=4_t=4",4,4,0,"doubleml",3.91972371244259,0.190567389945256,3.54621848857593,3.60626817882158,4.23317924606361,4.29322893630926,2.61745941127649e-94,,,,,,,,,3.86609657647045
"canonical","B1_serial_corr",2,200,33,"GATT","g=4_t=5",4,5,1,"doubleml",4.16049086153506,0.222490194600163,3.72441808976574,3.7945269749862,4.52645474808391,4.59656363330437,2.49109589109724e-78,,,,,,,,,3.86609657647045
"canonical","B1_serial_corr",2,200,33,"GATT","g=4_t=6",4,6,2,"doubleml",4.0555837035709,0.23523158405532,3.5945382671595,3.66866209161117,4.44250531553063,4.5166291399823,6.55897296509611e-67,,,,,,,,,3.86609657647045
"canonical","B1_serial_corr",2,200,33,"GATT","g=4_t=7",4,7,3,"doubleml",4.01665285976995,0.257500768436635,3.51196062366181,3.59310169080388,4.44020402873603,4.5213450958781,3.72008839027305e-55,,,,,,,,,3.86609657647045
"canonical","B1_serial_corr",2,200,33,"CATT","surface",,,,"doubleml",,,,,,,,0.912316014201033,0.765575539603923,404,0.231152700544518,0.329207920792079,0.88765783407776,0.274752475247525,0.744946100547837,
"canonical","B1_serial_corr",2,200,34,"GATT","g=4_t=4",4,4,0,"doubleml",3.49271992828571,0.190780346349046,3.11879731753405,3.17891411247209,3.80652574409932,3.86664253903737,3.60222561521982e-75,,,,,,,,,3.61086802898305
"canonical","B1_serial_corr",2,200,34,"GATT","g=4_t=5",4,5,1,"doubleml",3.82254845925448,0.25245260790147,3.32775043606148,3.40730077733731,4.23779614117164,4.31734648244748,4.30154393373364e-52,,,,,,,,,3.61086802898305
"canonical","B1_serial_corr",2,200,34,"GATT","g=4_t=6",4,6,2,"doubleml",4.0079092865803,0.315370198755303,3.38979505034706,3.48917135367684,4.52664721948375,4.62602352281354,2.6491919453793e-37,,,,,,,,,3.61086802898305
"canonical","B1_serial_corr",2,200,34,"GATT","g=4_t=7",4,7,3,"doubleml",3.84690922412824,0.258401349939767,3.3404518806949,3.42187673007442,4.27194171818207,4.35336656756159,1.99146262981221e-50,,,,,,,,,3.61086802898305
"canonical","B1_serial_corr",2,200,34,"CATT","surface",,,,"doubleml",,,,,,,,0.907135306352642,0.758276658044121,428,0.241204412782317,0.364485981308411,0.996646106805622,0.322429906542056,0.83641196234403,
"canonical","B1_serial_corr",2,200,35,"GATT","g=4_t=4",4,4,0,"doubleml",3.59934411500959,0.190107741523398,3.22673978550243,3.28664463593387,3.91204359408532,3.97194844451676,3.03899692628838e-80,,,,,,,,,3.72134819957589
"canonical","B1_serial_corr",2,200,35,"GATT","g=4_t=5",4,5,1,"doubleml",3.77066280470149,0.23478293665452,3.31049670104435,3.38447915221355,4.15684645718942,4.23082890835863,2.42461092438468e-58,,,,,,,,,3.72134819957589
"canonical","B1_serial_corr",2,200,35,"GATT","g=4_t=6",4,6,2,"doubleml",3.85817557656385,0.263779744682452,3.34117677305705,3.42429640840394,4.29205474472375,4.37517438007064,9.51586555105088e-49,,,,,,,,,3.72134819957589
"canonical","B1_serial_corr",2,200,35,"GATT","g=4_t=7",4,7,3,"doubleml",3.73552888590768,0.252597302000207,3.24044726749015,3.32004320332344,4.15101456849193,4.23061050432522,8.69240940450926e-50,,,,,,,,,3.72134819957589
"canonical","B1_serial_corr",2,200,35,"CATT","surface",,,,"doubleml",,,,,,,,0.859478282161893,0.73929869609843,408,0.211395104221563,0.340686274509804,0.922425427544318,0.299019607843137,0.774123991153909,
"canonical","B1_serial_corr",2,200,36,"GATT","g=4_t=4",4,4,0,"doubleml",3.80477817876062,0.187961950629292,3.43637952215743,3.49560821242023,4.11394814510102,4.17317683536381,2.07753770621043e-91,,,,,,,,,3.68498691185736
"canonical","B1_serial_corr",2,200,36,"GATT","g=4_t=5",4,5,1,"doubleml",3.67775662848067,0.207939648438546,3.27020240336846,3.33572626598793,4.0197869909734,4.08531085359287,2.65692652452407e-70,,,,,,,,,3.68498691185736
"canonical","B1_serial_corr",2,200,36,"GATT","g=4_t=6",4,6,2,"doubleml",3.71273255397905,0.312897613208341,3.09946449640477,3.19806166330285,4.22740344465524,4.32600061155332,8.92587886699609e-33,,,,,,,,,3.68498691185736
"canonical","B1_serial_corr",2,200,36,"GATT","g=4_t=7",4,7,3,"doubleml",4.04325856242179,0.33319320517037,3.39021187524325,3.49520438612448,4.59131273871909,4.69630524960033,3.45068127592481e-34,,,,,,,,,3.68498691185736
"canonical","B1_serial_corr",2,200,36,"CATT","surface",,,,"doubleml",,,,,,,,0.922273616864041,0.790360695063324,412,0.240105557320868,0.342233009708738,1.0211338132341,0.283980582524272,0.856962697903313,
"canonical","B1_serial_corr",2,200,37,"GATT","g=4_t=4",4,4,0,"doubleml",3.77936346721811,0.176933956408579,3.43257928227973,3.48833294128364,4.07039399315259,4.1261476521565,1.56377609900031e-101,,,,,,,,,3.79472750084105
"canonical","B1_serial_corr",2,200,37,"GATT","g=4_t=5",4,5,1,"doubleml",3.80147491883314,0.222850381754514,3.36469619320803,3.4349185770027,4.16803126066358,4.23825364445824,1.51320858392991e-65,,,,,,,,,3.79472750084105
"canonical","B1_serial_corr",2,200,37,"GATT","g=4_t=6",4,6,2,"doubleml",4.0269811773592,0.243274000346462,3.55017289454415,3.62683096479333,4.42713138992508,4.50378946017426,7.58139331370197e-62,,,,,,,,,3.79472750084105
"canonical","B1_serial_corr",2,200,37,"GATT","g=4_t=7",4,7,3,"doubleml",3.98100218769015,0.270720988055684,3.45039879705658,3.53570568760281,4.4262986877775,4.51160557832372,2.98538029195875e-49,,,,,,,,,3.79472750084105
"canonical","B1_serial_corr",2,200,37,"CATT","surface",,,,"doubleml",,,,,,,,0.850039264299179,0.701838138403054,384,0.20745004925329,0.377604166666667,0.895487292006057,0.341145833333333,0.75151679020907,
"canonical","B1_serial_corr",2,200,38,"GATT","g=4_t=4",4,4,0,"doubleml",3.38066247267868,0.183433051735901,3.02114029486618,3.07894188379868,3.68238306155868,3.74018465049118,3.77745224647183e-76,,,,,,,,,3.63642377294643
"canonical","B1_serial_corr",2,200,38,"GATT","g=4_t=5",4,5,1,"doubleml",3.73706483812476,0.235045163295,3.27638477969244,3.35044986109832,4.12367981515119,4.19774489655708,3.20138448267869e-57,,,,,,,,,3.63642377294643
"canonical","B1_serial_corr",2,200,38,"GATT","g=4_t=6",4,6,2,"doubleml",3.63827425736257,0.24035198417977,3.16719302104166,3.24293033477654,4.03361817994861,4.10935549368349,4.59721245409797e-52,,,,,,,,,3.63642377294643
"canonical","B1_serial_corr",2,200,38,"GATT","g=4_t=7",4,7,3,"doubleml",3.69155519774971,0.224198302611114,3.25213459577082,3.32278172290661,4.06032867259281,4.1309757997286,3.2418833615153e-61,,,,,,,,,3.63642377294643
"canonical","B1_serial_corr",2,200,38,"CATT","surface",,,,"doubleml",,,,,,,,0.811110553590644,0.66341547417562,404,0.195851211532474,0.403465346534653,0.865352037272315,0.341584158415842,0.726226481667784,
"canonical","B1_serial_corr",2,200,39,"GATT","g=4_t=4",4,4,0,"doubleml",3.72417786878989,0.167764896687166,3.39536471081932,3.44822910741442,4.00012663016536,4.05299102676045,1.76406371030428e-109,,,,,,,,,3.81780814389467
"canonical","B1_serial_corr",2,200,39,"GATT","g=4_t=5",4,5,1,"doubleml",3.98991938416957,0.261686646306671,3.47702297812776,3.55948305724546,4.42035571109369,4.50281579021138,8.62717754369217e-53,,,,,,,,,3.81780814389467
"canonical","B1_serial_corr",2,200,39,"GATT","g=4_t=6",4,6,2,"doubleml",3.95194074225229,0.253213620225072,3.45565116230148,3.5354413061706,4.36844017833398,4.44823032220311,3.25443805363753e-55,,,,,,,,,3.81780814389467
"canonical","B1_serial_corr",2,200,39,"GATT","g=4_t=7",4,7,3,"doubleml",4.07321389189494,0.279526171294997,3.52535265909891,3.61343415093568,4.5329936328542,4.62107512469097,2.12117285654498e-48,,,,,,,,,3.81780814389467
"canonical","B1_serial_corr",2,200,39,"CATT","surface",,,,"doubleml",,,,,,,,0.896457111764843,0.750471489099753,376,0.223896574064515,0.353723404255319,0.942930188379606,0.313829787234043,0.791332132670268,
"canonical","B1_serial_corr",2,200,40,"GATT","g=4_t=4",4,4,0,"doubleml",3.5508105597963,0.368849368943075,2.82787907524516,2.94410719989281,4.15751391969979,4.27374204434745,3.08324530889313e-22,,,,,,,,,3.68742569232826
"canonical","B1_serial_corr",2,200,40,"GATT","g=4_t=5",4,5,1,"doubleml",3.80129503488634,0.271624988736457,3.26891983546248,3.35451158566322,4.24807848410946,4.3336702343102,8.40345086941135e-45,,,,,,,,,3.68742569232826
"canonical","B1_serial_corr",2,200,40,"GATT","g=4_t=6",4,6,2,"doubleml",4.17701254623235,0.306069667291922,3.57712701684821,3.67357262970857,4.68045246275614,4.7768980756165,1.04805397710617e-42,,,,,,,,,3.68742569232826
"canonical","B1_serial_corr",2,200,40,"GATT","g=4_t=7",4,7,3,"doubleml",3.9057568631139,0.290323603877303,3.33673305116412,3.4282169219819,4.38329680424589,4.47478067506367,1.47585208134503e-41,,,,,,,,,3.68742569232826
"canonical","B1_serial_corr",2,200,40,"CATT","surface",,,,"doubleml",,,,,,,,0.952395358065011,0.802500200377698,424,0.252971449000662,0.410377358490566,1.21210801265446,0.344339622641509,1.0172333333912,
"canonical","B1_serial_corr",2,200,41,"GATT","g=4_t=4",4,4,0,"doubleml",3.6629017495058,0.190993363752278,3.28856163231243,3.34874555116441,3.97705794784719,4.03724186669917,2.81682251498553e-82,,,,,,,,,3.82360953464434
"canonical","B1_serial_corr",2,200,41,"GATT","g=4_t=5",4,5,1,"doubleml",3.5005839539189,0.25490499301149,3.00097934419613,3.08130245654398,3.91986545129383,4.00018856364168,3.22510525248458e-43,,,,,,,,,3.82360953464434
"canonical","B1_serial_corr",2,200,41,"GATT","g=4_t=6",4,6,2,"doubleml",3.73834062996898,0.250216400924103,3.24792549194817,3.32677118204336,4.14991007789459,4.22875576798979,8.99055582104966e-51,,,,,,,,,3.82360953464434
"canonical","B1_serial_corr",2,200,41,"GATT","g=4_t=7",4,7,3,"doubleml",3.57888323714676,0.297856789523876,2.99509465252438,3.08895230547125,4.06881416882226,4.16267182176913,1.4738107017154e-33,,,,,,,,,3.82360953464434
"canonical","B1_serial_corr",2,200,41,"CATT","surface",,,,"doubleml",,,,,,,,0.826199357062638,0.681144005718226,384,0.18808317579653,0.4296875,0.974074224779663,0.364583333333333,0.817469037658716,
"canonical","B1_serial_corr",2,200,42,"GATT","g=4_t=4",4,4,0,"doubleml",3.8273631879138,0.18581940817617,3.4631638373872,3.52171739109759,4.13300898473,4.1915625384404,1.45328943482485e-94,,,,,,,,,3.83225707760189
"canonical","B1_serial_corr",2,200,42,"GATT","g=4_t=5",4,5,1,"doubleml",4.12466961895115,0.250855259939792,3.63300234025852,3.71204934121814,4.53728989668416,4.61633689764378,4.75167886704694e-61,,,,,,,,,3.83225707760189
"canonical","B1_serial_corr",2,200,42,"GATT","g=4_t=6",4,6,2,"doubleml",4.10739308808473,0.230459308002794,3.65570114093434,3.7283211734791,4.48646500269036,4.55908503523512,2.35791193114201e-71,,,,,,,,,3.83225707760189
"canonical","B1_serial_corr",2,200,42,"GATT","g=4_t=7",4,7,3,"doubleml",4.00015983514933,0.266845815328283,3.47715164355524,3.56123742842334,4.43908224187531,4.52316802674341,4.23382856818842e-51,,,,,,,,,3.83225707760189
"canonical","B1_serial_corr",2,200,42,"CATT","surface",,,,"doubleml",,,,,,,,0.98257779382382,0.849575185110372,384,0.259705246575405,0.263020833333333,0.915283383981852,0.216145833333333,0.768130197940414,
"canonical","B1_serial_corr",2,200,43,"GATT","g=4_t=4",4,4,0,"doubleml",4.06791578866786,0.161892551230455,3.75061221638801,3.80162617820624,4.33420539912948,4.3852193609477,1.25273483527793e-139,,,,,,,,,3.82430320584856
"canonical","B1_serial_corr",2,200,43,"GATT","g=4_t=5",4,5,1,"doubleml",3.94613788203857,0.235399354119817,3.48476362234047,3.55894031281717,4.33333545125996,4.40751214173666,2.25294388097479e-63,,,,,,,,,3.82430320584856
"canonical","B1_serial_corr",2,200,43,"GATT","g=4_t=6",4,6,2,"doubleml",3.68947438286068,0.309934641294962,3.08201364356964,3.17967714838809,4.19927161733326,4.29693512215172,5.63766769428692e-33,,,,,,,,,3.82430320584856
"canonical","B1_serial_corr",2,200,43,"GATT","g=4_t=7",4,7,3,"doubleml",3.84136671736627,0.313869053551813,3.22619467169064,3.32509794915535,4.35763548557718,4.45653876304189,9.64839344017417e-35,,,,,,,,,3.82430320584856
"canonical","B1_serial_corr",2,200,43,"CATT","surface",,,,"doubleml",,,,,,,,0.837077624642669,0.694264122695298,404,0.202729231951858,0.403465346534653,1.0006553084723,0.371287128712871,0.839776591183256,
"canonical","B1_serial_corr",2,200,44,"GATT","g=4_t=4",4,4,0,"doubleml",3.82333437884267,0.156971509452956,3.51567587128922,3.56513916363294,4.08152959405241,4.13099288639613,2.45150004448563e-131,,,,,,,,,3.79914112863055
"canonical","B1_serial_corr",2,200,44,"GATT","g=4_t=5",4,5,1,"doubleml",3.88459335142841,0.250509116213995,3.39360450197716,3.47254242958735,4.29664427326946,4.37558220087965,1.56037500815227e-54,,,,,,,,,3.79914112863055
"canonical","B1_serial_corr",2,200,44,"GATT","g=4_t=6",4,6,2,"doubleml",3.78964460151441,0.246196124953623,3.3071090596658,3.38468792059994,4.19460128242887,4.27218014336301,9.14885857054348e-54,,,,,,,,,3.79914112863055
"canonical","B1_serial_corr",2,200,44,"GATT","g=4_t=7",4,7,3,"doubleml",3.96475984687251,0.270271582741683,3.43503727447579,3.52020255291352,4.4093171408315,4.49448241926923,5.05136670482581e-49,,,,,,,,,3.79914112863055
"canonical","B1_serial_corr",2,200,44,"CATT","surface",,,,"doubleml",,,,,,,,0.829468000442586,0.662091945800687,392,0.196932060543741,0.431122448979592,0.905452735625011,0.403061224489796,0.759880055962121,
"canonical","B1_serial_corr",2,200,45,"GATT","g=4_t=4",4,4,0,"doubleml",3.94127149243867,0.19056335317138,3.56777418050348,3.62782259872131,4.25472038615603,4.31476880437386,2.50457657551697e-95,,,,,,,,,3.68560918823793
"canonical","B1_serial_corr",2,200,45,"GATT","g=4_t=5",4,5,1,"doubleml",3.83692466347224,0.228011970378822,3.39002940996068,3.46187826194675,4.21197106499772,4.28381991698379,7.64209366482402e-64,,,,,,,,,3.68560918823793
"canonical","B1_serial_corr",2,200,45,"GATT","g=4_t=6",4,6,2,"doubleml",3.54194906692169,0.308536837785448,2.93722797218837,3.03445101514294,4.04944711870043,4.14667016165501,8.33081980527256e-31,,,,,,,,,3.68560918823793
"canonical","B1_serial_corr",2,200,45,"GATT","g=4_t=7",4,7,3,"doubleml",3.59743578322446,0.316552417791676,2.97700444023982,3.07675327261015,4.11811829383877,4.2178671262091,3.14390478963371e-30,,,,,,,,,3.68560918823793
"canonical","B1_serial_corr",2,200,45,"CATT","surface",,,,"doubleml",,,,,,,,0.885137358889454,0.744761960431489,412,0.223326246965122,0.383495145631068,1.02277250158235,0.327669902912621,0.858337928817949,
"canonical","B1_serial_corr",2,200,46,"GATT","g=4_t=4",4,4,0,"doubleml",3.56718594277423,0.220606551527581,3.13480504361602,3.20432037406788,3.93005151148058,3.99956684193243,4.11156593928058e-59,,,,,,,,,3.62064007426486
"canonical","B1_serial_corr",2,200,46,"GATT","g=4_t=5",4,5,1,"doubleml",3.45316792106297,0.290510403211763,2.88377798914243,2.97532072229849,3.93101511982746,4.02255785298351,6.95116107371434e-33,,,,,,,,,3.62064007426486
"canonical","B1_serial_corr",2,200,46,"GATT","g=4_t=6",4,6,2,"doubleml",3.73549048098907,0.25786432735009,3.23008568249868,3.31134131068997,4.15963965128818,4.24089527947946,7.39886438287673e-48,,,,,,,,,3.62064007426486
"canonical","B1_serial_corr",2,200,46,"GATT","g=4_t=7",4,7,3,"doubleml",3.41358417150516,0.297012809891145,2.83144975657968,2.92504146310447,3.90212687990585,3.99571858643065,7.14835711328048e-31,,,,,,,,,3.62064007426486
"canonical","B1_serial_corr",2,200,46,"CATT","surface",,,,"doubleml",,,,,,,,0.886111616617716,0.734736962277101,412,0.211185044126523,0.412621359223301,1.04465502224731,0.37621359223301,0.876702323085312,
"canonical","B1_serial_corr",2,200,47,"GATT","g=4_t=4",4,4,0,"doubleml",3.90697672157036,0.212844818498215,3.48980853972732,3.55687807048429,4.25707537265642,4.32414490341339,1.47832856402854e-75,,,,,,,,,3.65468729783636
"canonical","B1_serial_corr",2,200,47,"GATT","g=4_t=5",4,5,1,"doubleml",3.89977988856976,0.202326585109651,3.50322706551191,3.56698219574581,4.23257758139371,4.29633271162762,4.38215963362197e-83,,,,,,,,,3.65468729783636
"canonical","B1_serial_corr",2,200,47,"GATT","g=4_t=6",4,6,2,"doubleml",4.33552576469592,0.231294112165732,3.88219763143912,3.95508071912366,4.71597081026817,4.78885389795271,1.07050170993518e-78,,,,,,,,,3.65468729783636
"canonical","B1_serial_corr",2,200,47,"GATT","g=4_t=7",4,7,3,"doubleml",4.43146476127015,0.281847623517683,3.87905356568994,3.96786657033659,4.8950629522037,4.98387595685036,5.2685570378683e-56,,,,,,,,,3.65468729783636
"canonical","B1_serial_corr",2,200,47,"CATT","surface",,,,"doubleml",,,,,,,,1.02543649853209,0.868952313677154,396,0.278299666815913,0.267676767676768,0.909730166868948,0.21969696969697,0.76346979020791,
"canonical","B1_serial_corr",2,200,48,"GATT","g=4_t=4",4,4,0,"doubleml",3.69441918369294,0.193012083782782,3.31612244791371,3.3769424856345,4.01189588175139,4.07271591947218,5.7664233855294e-82,,,,,,,,,3.72140474913758
"canonical","B1_serial_corr",2,200,48,"GATT","g=4_t=5",4,5,1,"doubleml",3.7837704489396,0.2068723191542,3.37830815080086,3.44349568728954,4.12404521058966,4.18923274707834,4.93748516842661e-75,,,,,,,,,3.72140474913758
"canonical","B1_serial_corr",2,200,48,"GATT","g=4_t=6",4,6,2,"doubleml",4.02500125825549,0.266500975141415,3.50266894101342,3.58664606329023,4.46335645322075,4.54733357549756,7.72022647252009e-52,,,,,,,,,3.72140474913758
"canonical","B1_serial_corr",2,200,48,"GATT","g=4_t=7",4,7,3,"doubleml",3.47750775241259,0.304378916921116,2.88093603288821,2.97684887339922,3.97816663142595,4.07407947193696,1.56954624766845e-30,,,,,,,,,3.72140474913758
"canonical","B1_serial_corr",2,200,48,"CATT","surface",,,,"doubleml",,,,,,,,0.921819591145789,0.784935097975146,392,0.235071284642609,0.323979591836735,0.951331535342213,0.283163265306122,0.798382766843565,
"canonical","B1_serial_corr",2,200,49,"GATT","g=4_t=4",4,4,0,"doubleml",3.60938490849332,0.174168711754361,3.2680205035284,3.32290280628931,3.89586701069733,3.95074931345824,1.06330526018083e-95,,,,,,,,,3.79289726500107
"canonical","B1_serial_corr",2,200,49,"GATT","g=4_t=5",4,5,1,"doubleml",3.87209668597082,0.213921276161476,3.45281868586027,3.52022741919151,4.22396595275013,4.29137468608137,1.57698200994355e-73,,,,,,,,,3.79289726500107
"canonical","B1_serial_corr",2,200,49,"GATT","g=4_t=6",4,6,2,"doubleml",4.09303317908187,0.264697599925359,3.57423541234176,3.65764427305424,4.52842208510949,4.61183094582197,3.08037093529674e-54,,,,,,,,,3.79289726500107
"canonical","B1_serial_corr",2,200,49,"GATT","g=4_t=7",4,7,3,"doubleml",3.62974405465972,0.28702029383515,3.0671946114734,3.1576375762638,4.10185053305564,4.19229349784603,5.86361276246792e-37,,,,,,,,,3.79289726500107
"canonical","B1_serial_corr",2,200,49,"CATT","surface",,,,"doubleml",,,,,,,,0.892892276127995,0.746349971223836,420,0.21623942852998,0.354761904761905,0.920994807500949,0.307142857142857,0.772923376703432,
"canonical","B1_serial_corr",2,200,50,"GATT","g=4_t=4",4,4,0,"doubleml",3.70633878494148,0.213175134425751,3.28852319577184,3.35569681238074,4.05698075750221,4.12415437411111,5.23408859151778e-68,,,,,,,,,3.70800484476798
"canonical","B1_serial_corr",2,200,50,"GATT","g=4_t=5",4,5,1,"doubleml",3.57304222729125,0.255423108767239,3.07242212933938,3.15290850514302,3.99317594943948,4.07366232524312,9.13356351390748e-45,,,,,,,,,3.70800484476798
"canonical","B1_serial_corr",2,200,50,"GATT","g=4_t=6",4,6,2,"doubleml",3.64448620224827,0.262287211455842,3.13041271013443,3.21306203333628,4.07591037116026,4.15855969436211,3.39519935156968e-44,,,,,,,,,3.70800484476798
"canonical","B1_serial_corr",2,200,50,"GATT","g=4_t=7",4,7,3,"doubleml",3.57110160289416,0.314802099406389,2.95410082093322,3.05329811047717,4.08890509531116,4.18810238485511,3.97338733658327e-30,,,,,,,,,3.70800484476798
"canonical","B1_serial_corr",2,200,50,"CATT","surface",,,,"doubleml",,,,,,,,0.899475699480047,0.772338989491285,384,0.220028760316126,0.3359375,1.02475498059814,0.276041666666667,0.860001678018973,
"canonical","B1_serial_corr",2,200,51,"GATT","g=4_t=4",4,4,0,"doubleml",3.68232479935185,0.197997774872081,3.29425628852247,3.35664736736241,4.00800223134129,4.07039331018124,1.67355395052803e-77,,,,,,,,,3.62681989177277
"canonical","B1_serial_corr",2,200,51,"GATT","g=4_t=5",4,5,1,"doubleml",3.9753855187706,0.236990826482888,3.5108920305339,3.58557020986692,4.36520082767429,4.43987900700731,1.87728977443755e-63,,,,,,,,,3.62681989177277
"canonical","B1_serial_corr",2,200,51,"GATT","g=4_t=6",4,6,2,"doubleml",3.83163221562016,0.26856978303132,3.30524510939096,3.38987413372196,4.27339029751835,4.35801932184935,1.76182608334436e-46,,,,,,,,,3.62681989177277
"canonical","B1_serial_corr",2,200,51,"GATT","g=4_t=7",4,7,3,"doubleml",4.18734780072596,0.295787252813463,3.60761543355267,3.70082095478672,4.6738746466652,4.76708016789925,8.49872788402257e-46,,,,,,,,,3.62681989177277
"canonical","B1_serial_corr",2,200,51,"CATT","surface",,,,"doubleml",,,,,,,,0.93349276155197,0.792550890402549,408,0.251423699285703,0.32843137254902,0.979340736234288,0.276960784313726,0.82188883436528,
"canonical","B1_serial_corr",2,200,52,"GATT","g=4_t=4",4,4,0,"doubleml",3.78047226823616,0.17696180185016,3.43363350723471,3.48939594061571,4.0715485958566,4.1273110292376,1.4694959381839e-101,,,,,,,,,3.6676964086633
"canonical","B1_serial_corr",2,200,52,"GATT","g=4_t=5",4,5,1,"doubleml",3.90275402975035,0.22806187739721,3.45576096027941,3.52762553846604,4.27788252103466,4.3497470992213,5.96706137594721e-66,,,,,,,,,3.6676964086633
"canonical","B1_serial_corr",2,200,52,"GATT","g=4_t=6",4,6,2,"doubleml",3.7776658931107,0.283171468081848,3.22266000984313,3.3118901711504,4.243441615071,4.33267177637827,6.72230971143726e-41,,,,,,,,,3.6676964086633
"canonical","B1_serial_corr",2,200,52,"GATT","g=4_t=7",4,7,3,"doubleml",3.74292507867054,0.333934781346474,3.08842492888358,3.19365111783367,4.29219903950741,4.3974252284575,1.85101738533239e-29,,,,,,,,,3.6676964086633
"canonical","B1_serial_corr",2,200,52,"CATT","surface",,,,"doubleml",,,,,,,,0.870522005727541,0.725504673988662,416,0.221341449231788,0.396634615384615,1.00166893176346,0.355769230769231,0.840627250850963,
"canonical","B1_serial_corr",2,200,53,"GATT","g=4_t=4",4,4,0,"doubleml",3.56527027217696,0.167090408967268,3.23777908585584,3.29043094462552,3.84010959972841,3.89276145849809,2.55430931337553e-101,,,,,,,,,3.64111926205872
"canonical","B1_serial_corr",2,200,53,"GATT","g=4_t=5",4,5,1,"doubleml",3.53849479429243,0.246906152044977,3.05456762490575,3.13237022247664,3.94461936610821,4.02242196367911,6.97072413497151e-47,,,,,,,,,3.64111926205872
"canonical","B1_serial_corr",2,200,53,"GATT","g=4_t=6",4,6,2,"doubleml",3.51507514831902,0.309998435816288,2.90748937406278,3.00517298117285,4.02497731546518,4.12266092257525,4.20455040239884e-30,,,,,,,,,3.64111926205872
"canonical","B1_serial_corr",2,200,53,"GATT","g=4_t=7",4,7,3,"doubleml",3.4643122735465,0.332857812987948,2.81192294297139,2.91680976842202,4.01181477867098,4.11670160412161,1.14238872248609e-25,,,,,,,,,3.64111926205872
"canonical","B1_serial_corr",2,200,53,"CATT","surface",,,,"doubleml",,,,,,,,0.841419380686201,0.694878913342506,428,0.197459950463597,0.408878504672897,1.03569673026958,0.36214953271028,0.869184285818939,
"canonical","B1_serial_corr",2,200,54,"GATT","g=4_t=4",4,4,0,"doubleml",3.79212904685876,0.195138584478837,3.40966444626928,3.47115456562441,4.11310352809311,4.17459364744824,2.02945663838358e-84,,,,,,,,,3.66668633725925
"canonical","B1_serial_corr",2,200,54,"GATT","g=4_t=5",4,5,1,"doubleml",3.74136260036231,0.265453818851484,3.22108267175088,3.30472982460917,4.17799537611544,4.26164252897374,2.06109525836554e-45,,,,,,,,,3.66668633725925
"canonical","B1_serial_corr",2,200,54,"GATT","g=4_t=6",4,6,2,"doubleml",3.44761489560524,0.344925843046038,2.77157266056535,2.88026224296759,4.01496754824289,4.12365713064512,7.99536639918773e-24,,,,,,,,,3.66668633725925
"canonical","B1_serial_corr",2,200,54,"GATT","g=4_t=7",4,7,3,"doubleml",3.88654173086818,0.257699105846582,3.38146076057669,3.46266432582,4.31041913591635,4.39162270115967,1.06840444215549e-51,,,,,,,,,3.66668633725925
"canonical","B1_serial_corr",2,200,54,"CATT","surface",,,,"doubleml",,,,,,,,0.917145329739764,0.78845419260135,396,0.236262649704699,0.343434343434343,1.04193386726614,0.28030303030303,0.874418657336656,
"canonical","B1_serial_corr",2,200,55,"GATT","g=4_t=4",4,4,0,"doubleml",3.50180358478625,0.15814215076525,3.19185066240379,3.24168283553143,3.76192433404108,3.81175650716871,6.03980001724364e-109,,,,,,,,,3.78982756520886
"canonical","B1_serial_corr",2,200,55,"GATT","g=4_t=5",4,5,1,"doubleml",3.67476906858571,0.234732975897767,3.21470088621322,3.28866759424837,4.06087054292306,4.13483725095821,1.53306645488888e-55,,,,,,,,,3.78982756520886
"canonical","B1_serial_corr",2,200,55,"GATT","g=4_t=6",4,6,2,"doubleml",3.69220814474027,0.329643897595412,3.04611797263357,3.14999206120486,4.23442422827567,4.33829831684696,2.02499618599399e-29,,,,,,,,,3.78982756520886
"canonical","B1_serial_corr",2,200,55,"GATT","g=4_t=7",4,7,3,"doubleml",3.91704403216335,0.27193516190001,3.38406090450516,3.46975039337147,4.36433767095523,4.45002715982154,2.43001133186033e-47,,,,,,,,,3.78982756520886
"canonical","B1_serial_corr",2,200,55,"CATT","surface",,,,"doubleml",,,,,,,,0.872928119898395,0.756949163965639,392,0.216019922885557,0.308673469387755,0.974547202259919,0.237244897959184,0.817865972959726,
"canonical","B1_serial_corr",2,200,56,"GATT","g=4_t=4",4,4,0,"doubleml",3.92638874892625,0.179025131342455,3.57550593639977,3.63191854553709,4.22085895231541,4.27727156145273,6.42479538785116e-107,,,,,,,,,3.90011998240099
"canonical","B1_serial_corr",2,200,56,"GATT","g=4_t=5",4,5,1,"doubleml",4.14515779942194,0.252224505129364,3.65080684945057,3.73028531326189,4.56003028558199,4.63950874939331,5.42487406510985e-61,,,,,,,,,3.90011998240099
"canonical","B1_serial_corr",2,200,56,"GATT","g=4_t=6",4,6,2,"doubleml",3.9308015332231,0.242776256922137,3.45496880960096,3.5314700359197,4.33013303052651,4.40663425684524,2.91642947188472e-59,,,,,,,,,3.90011998240099
"canonical","B1_serial_corr",2,200,56,"GATT","g=4_t=7",4,7,3,"doubleml",3.76144298696312,0.320601392112159,3.1330758000734,3.23410050474187,4.28878546918437,4.38981017385284,4.34480005559802e-32,,,,,,,,,3.90011998240099
"canonical","B1_serial_corr",2,200,56,"CATT","surface",,,,"doubleml",,,,,,,,0.915649846343488,0.790965999792175,364,0.227413941001584,0.31043956043956,0.974716836504853,0.260989010989011,0.818008334536937,
"canonical","B1_serial_corr",2,200,57,"GATT","g=4_t=4",4,4,0,"doubleml",3.40918288863085,0.179711286189723,3.0569552373053,3.11358406069654,3.70478171656516,3.7614105399564,1.50000964095e-80,,,,,,,,,3.79497126563272
"canonical","B1_serial_corr",2,200,57,"GATT","g=4_t=5",4,5,1,"doubleml",3.58584901712224,0.181805269972849,3.22951723296518,3.28680589158632,3.88489214265816,3.94218080127931,6.76649951770105e-87,,,,,,,,,3.79497126563272
"canonical","B1_serial_corr",2,200,57,"GATT","g=4_t=6",4,6,2,"doubleml",3.49353248188495,0.20608204492228,3.0896190927909,3.15455760596636,3.83250735780355,3.89744587097901,9.27809918394357e-65,,,,,,,,,3.79497126563272
"canonical","B1_serial_corr",2,200,57,"GATT","g=4_t=7",4,7,3,"doubleml",3.84323366339339,0.228449786258103,3.39548030651981,3.46746711866761,4.21900020811918,4.29098702026697,8.26392988943874e-64,,,,,,,,,3.79497126563272
"canonical","B1_serial_corr",2,200,57,"CATT","surface",,,,"doubleml",,,,,,,,0.918007747861483,0.768952760974383,408,0.207430170879603,0.284313725490196,0.780113090725123,0.237745098039216,0.654691687057304,
"canonical","B1_serial_corr",2,200,58,"GATT","g=4_t=4",4,4,0,"doubleml",3.77613543828941,0.195900238067085,3.3921780240865,3.45390814810382,4.09836272847501,4.16009285249233,4.2875123063754e-83,,,,,,,,,3.72235489220113
"canonical","B1_serial_corr",2,200,58,"GATT","g=4_t=5",4,5,1,"doubleml",3.96858502345917,0.206173136387715,3.56449309837216,3.62946031537929,4.30770973153905,4.37267694854618,7.22383060567434e-83,,,,,,,,,3.72235489220113
"canonical","B1_serial_corr",2,200,58,"GATT","g=4_t=6",4,6,2,"doubleml",4.08843503300143,0.241555993541772,3.61499398167532,3.69111069080027,4.48575937520259,4.56187608432753,1.46143987489462e-64,,,,,,,,,3.72235489220113
"canonical","B1_serial_corr",2,200,58,"GATT","g=4_t=7",4,7,3,"doubleml",4.35342027368951,0.245796782926177,3.87166742783838,3.94912045210625,4.75772009527276,4.83517311954063,1.71036675304688e-70,,,,,,,,,3.72235489220113
"canonical","B1_serial_corr",2,200,58,"CATT","surface",,,,"doubleml",,,,,,,,0.922496118956446,0.772277814846407,420,0.240089109782177,0.314285714285714,0.871621618233577,0.254761904761905,0.731488081024943,
"canonical","B1_serial_corr",2,200,59,"GATT","g=4_t=4",4,4,0,"doubleml",3.70154895232845,0.190287199343707,3.32859289195396,3.38855429133915,4.01454361331774,4.07450501270293,1.38963524924346e-84,,,,,,,,,3.67035782712606
"canonical","B1_serial_corr",2,200,59,"GATT","g=4_t=5",4,5,1,"doubleml",3.86311236315075,0.24489802728956,3.3831210459922,3.46029086337141,4.26593386293009,4.3431036803093,2.33513381881878e-56,,,,,,,,,3.67035782712606
"canonical","B1_serial_corr",2,200,59,"GATT","g=4_t=6",4,6,2,"doubleml",3.84786798314765,0.237221996061016,3.38292141085991,3.4576724340387,4.23806353225659,4.31281455543538,1.80514451364886e-59,,,,,,,,,3.67035782712606
"canonical","B1_serial_corr",2,200,59,"GATT","g=4_t=7",4,7,3,"doubleml",4.07540849039866,0.28193083389134,3.52283420548166,3.61167343054916,4.53914355024817,4.62798277531567,1.159761953494e-47,,,,,,,,,3.67035782712606
"canonical","B1_serial_corr",2,200,59,"CATT","surface",,,,"doubleml",,,,,,,,0.913943109253992,0.796550527759094,356,0.2460376525966,0.275280898876405,0.935234117368891,0.22752808988764,0.784873384863544,
"canonical","B1_serial_corr",2,200,60,"GATT","g=4_t=4",4,4,0,"doubleml",3.81003758016671,0.307592151786276,3.20716803598307,3.30409339893244,4.31598176140097,4.41290712435034,1.54327349281837e-35,,,,,,,,,3.84696527400099
"canonical","B1_serial_corr",2,200,60,"GATT","g=4_t=5",4,5,1,"doubleml",3.8072574280142,0.279511656539914,3.25942464361561,3.3475015617079,4.26701329432051,4.3550902124128,1.49998437645164e-42,,,,,,,,,3.84696527400099
"canonical","B1_serial_corr",2,200,60,"GATT","g=4_t=6",4,6,2,"doubleml",3.76245152434561,0.28787378457732,3.19822927003031,3.28894117828847,4.23596187040276,4.32667377866091,2.44985000972043e-39,,,,,,,,,3.84696527400099
"canonical","B1_serial_corr",2,200,60,"GATT","g=4_t=7",4,7,3,"doubleml",3.76714393060838,0.297045263459644,3.18494590785697,3.27854784082573,4.25574002039103,4.3493419533598,3.71789425353541e-37,,,,,,,,,3.84696527400099
"canonical","B1_serial_corr",2,200,60,"CATT","surface",,,,"doubleml",,,,,,,,0.815193175400312,0.694366601696369,388,0.19257670365965,0.461340206185567,1.14856130282448,0.373711340206186,0.96390324169018,
"canonical","B1_serial_corr",2,200,61,"GATT","g=4_t=4",4,4,0,"doubleml",3.87494464203168,0.162452280674383,3.556544020192,3.6077343583553,4.14215492570806,4.19334526387137,4.73354250107532e-126,,,,,,,,,3.69722937235723
"canonical","B1_serial_corr",2,200,61,"GATT","g=4_t=5",4,5,1,"doubleml",3.81710173818466,0.233446087277216,3.35955581118046,3.43311700774238,4.20108646862694,4.27464766518886,2.13577686640539e-60,,,,,,,,,3.69722937235723
"canonical","B1_serial_corr",2,200,61,"GATT","g=4_t=6",4,6,2,"doubleml",3.79838218000004,0.246047497446281,3.31613794271524,3.39366996963554,4.20309439036455,4.28062641728484,4.57219134876684e-54,,,,,,,,,3.69722937235723
"canonical","B1_serial_corr",2,200,61,"GATT","g=4_t=7",4,7,3,"doubleml",4.24607168162039,0.309906691656422,3.6386657226147,3.73632042022256,4.75582294301822,4.85347764062608,4.99786584880227e-43,,,,,,,,,3.69722937235723
"canonical","B1_serial_corr",2,200,61,"CATT","surface",,,,"doubleml",,,,,,,,0.945746922166191,0.798324190690192,416,0.252919551411782,0.322115384615385,0.932798372567189,0.288461538461538,0.782829242940498,
"canonical","B1_serial_corr",2,200,62,"GATT","g=4_t=4",4,4,0,"doubleml",3.92771312627935,0.197154143996741,3.54129810159492,3.60342334390973,4.25200290864896,4.31412815096378,1.31041167761861e-88,,,,,,,,,3.78319924123304
"canonical","B1_serial_corr",2,200,62,"GATT","g=4_t=5",4,5,1,"doubleml",3.72764843431415,0.257081069096682,3.22377879380314,3.3047876094862,4.15050925914211,4.23151807482516,6.06679328093499e-48,,,,,,,,,3.78319924123304
"canonical","B1_serial_corr",2,200,62,"GATT","g=4_t=6",4,6,2,"doubleml",4.01140992554536,0.258174147463808,3.50539789078561,3.58675114639293,4.43606870469779,4.51742196030511,9.65207300787514e-55,,,,,,,,,3.78319924123304
"canonical","B1_serial_corr",2,200,62,"GATT","g=4_t=7",4,7,3,"doubleml",3.98306796219899,0.241046956433968,3.51062460527884,3.58658091172075,4.37955501267722,4.45551131911913,1.23178785804447e-61,,,,,,,,,3.78319924123304
"canonical","B1_serial_corr",2,200,62,"CATT","surface",,,,"doubleml",,,,,,,,0.905738854691858,0.752013690510618,432,0.230083643737526,0.361111111111111,0.934370028437669,0.324074074074074,0.784148218414121,
"canonical","B1_serial_corr",2,200,63,"GATT","g=4_t=4",4,4,0,"doubleml",3.6771172273522,0.163657550754919,3.35635431954439,3.40792445036277,3.94631000434163,3.99788013516002,4.23273672749264e-112,,,,,,,,,3.74818817490375
"canonical","B1_serial_corr",2,200,63,"GATT","g=4_t=5",4,5,1,"doubleml",3.69388619352827,0.297071920819034,3.11163592331211,3.2052462562814,4.18252613077514,4.27613646374443,8.50954789969349e-36,,,,,,,,,3.74818817490375
"canonical","B1_serial_corr",2,200,63,"GATT","g=4_t=6",4,6,2,"doubleml",3.65463913259376,0.242327457494081,3.17968603969383,3.25604584482479,4.05323242036272,4.12959222549368,1.07321979640012e-51,,,,,,,,,3.74818817490375
"canonical","B1_serial_corr",2,200,63,"GATT","g=4_t=7",4,7,3,"doubleml",3.50900433909148,0.30433846514619,2.91251190358969,3.00841199734191,4.00959668084105,4.10549677459327,4.66041546541038e-31,,,,,,,,,3.74818817490375
"canonical","B1_serial_corr",2,200,63,"CATT","surface",,,,"doubleml",,,,,,,,0.96892793550535,0.830303465667607,404,0.237811668019811,0.329207920792079,0.987229353212844,0.297029702970297,0.828509171877421,
"canonical","B1_serial_corr",2,200,64,"GATT","g=4_t=4",4,4,0,"doubleml",3.73643458548706,0.272083087875449,3.20316152824234,3.28889763006278,4.18397154091134,4.26970764273178,3.23401463236772e-43,,,,,,,,,3.94149995782209
"canonical","B1_serial_corr",2,200,64,"GATT","g=4_t=5",4,5,1,"doubleml",3.6358970905734,0.238072025298216,3.16928449158181,3.24430336747353,4.02749081367327,4.102509689565,5.85255490243122e-53,,,,,,,,,3.94149995782209
"canonical","B1_serial_corr",2,200,64,"GATT","g=4_t=6",4,6,2,"doubleml",3.47706944096562,0.283163747377089,2.92207869000143,3.01130641843743,3.94283246349382,4.03206019192981,5.84601370466547e-35,,,,,,,,,3.94149995782209
"canonical","B1_serial_corr",2,200,64,"GATT","g=4_t=7",4,7,3,"doubleml",3.38193908357641,0.261888636457064,2.86864678411148,2.95117051234547,3.81270765480736,3.89523138304135,1.88490688573175e-38,,,,,,,,,3.94149995782209
"canonical","B1_serial_corr",2,200,64,"CATT","surface",,,,"doubleml",,,,,,,,0.930188533991323,0.786854250293032,388,0.199413265354327,0.358247422680412,1.03408435333272,0.306701030927835,0.867831136141649,
"canonical","B1_serial_corr",2,200,65,"GATT","g=4_t=4",4,4,0,"doubleml",3.64490337621818,0.216703325863963,3.22017265884454,3.28845804385754,4.00134870857882,4.06963409359181,8.73957637066147e-64,,,,,,,,,3.72741557916497
"canonical","B1_serial_corr",2,200,65,"GATT","g=4_t=5",4,5,1,"doubleml",3.60614224643335,0.213983396624039,3.18674249245251,3.25417080056271,3.95811369230399,4.02554200041419,5.03373765308052e-64,,,,,,,,,3.72741557916497
"canonical","B1_serial_corr",2,200,65,"GATT","g=4_t=6",4,6,2,"doubleml",3.7893726677152,0.322715350788191,3.15686219792297,3.25855303210984,4.32019230332056,4.42188313750743,3.87446674279128e-32,,,,,,,,,3.72741557916497
"canonical","B1_serial_corr",2,200,65,"GATT","g=4_t=7",4,7,3,"doubleml",3.92878580345887,0.367147152559417,3.2091906017399,3.3248823409829,4.53268926593483,4.64838100517783,5.04256054760049e-27,,,,,,,,,3.72741557916497
"canonical","B1_serial_corr",2,200,65,"CATT","surface",,,,"doubleml",,,,,,,,0.919184929517839,0.783895099318162,424,0.233268538406745,0.382075471698113,1.09811807143283,0.332547169811321,0.921569938156303,
"canonical","B1_serial_corr",2,200,66,"GATT","g=4_t=4",4,4,0,"doubleml",3.55155004206474,0.195277121714078,3.16881391348153,3.23034768730486,3.87275239682463,3.93428617064796,3.2574986604572e-74,,,,,,,,,3.69939274712543
"canonical","B1_serial_corr",2,200,66,"GATT","g=4_t=5",4,5,1,"doubleml",3.65515953162549,0.230684014326908,3.20302716816926,3.27571800792382,4.03460105532716,4.10729189508171,7.62611494020475e-57,,,,,,,,,3.69939274712543
"canonical","B1_serial_corr",2,200,66,"GATT","g=4_t=6",4,6,2,"doubleml",3.80520267308566,0.256897304976414,3.30169320363486,3.38264411340598,4.22776123276533,4.30871214253645,6.11285919259917e-50,,,,,,,,,3.69939274712543
"canonical","B1_serial_corr",2,200,66,"GATT","g=4_t=7",4,7,3,"doubleml",3.55572572598443,0.321215376491633,2.92615515181438,3.02737332910066,4.08407812286819,4.18529630015447,8.8092645984641e-29,,,,,,,,,3.69939274712543
"canonical","B1_serial_corr",2,200,66,"CATT","surface",,,,"doubleml",,,,,,,,0.862550783346726,0.71865305010559,416,0.20335314525966,0.384615384615385,0.983974267830137,0.336538461538462,0.825777417512501,
"canonical","B1_serial_corr",2,200,67,"GATT","g=4_t=4",4,4,0,"doubleml",3.64649596265628,0.169228649992146,3.31481390090307,3.3681395408021,3.92485238451046,3.97817802440948,2.77939736446517e-103,,,,,,,,,3.80650049686253
"canonical","B1_serial_corr",2,200,67,"GATT","g=4_t=5",4,5,1,"doubleml",3.4946163486617,0.185344070816865,3.13134864224719,3.18975241240229,3.7994802849211,3.8578840550762,1.34299654019368e-79,,,,,,,,,3.80650049686253
"canonical","B1_serial_corr",2,200,67,"GATT","g=4_t=6",4,6,2,"doubleml",3.40467786236076,0.226898880167107,2.95996422559292,3.03146233172237,3.77789339299915,3.8493914991286,3.39096884471935e-51,,,,,,,,,3.80650049686253
"canonical","B1_serial_corr",2,200,67,"GATT","g=4_t=7",4,7,3,"doubleml",3.32182140051601,0.23632631782592,2.85863032532465,2.93309911133478,3.71054368969725,3.78501247570737,3.53480417566972e-45,,,,,,,,,3.80650049686253
"canonical","B1_serial_corr",2,200,67,"CATT","surface",,,,"doubleml",,,,,,,,0.920051526544337,0.77129083334584,388,0.201365260278074,0.278350515463918,0.801427240063458,0.244845360824742,0.672579088966603,
"canonical","B1_serial_corr",2,200,68,"GATT","g=4_t=4",4,4,0,"doubleml",3.73009479243509,0.217438036674547,3.3039240683223,3.37244096805881,4.08774861681136,4.15626551654788,2.89602214647236e-66,,,,,,,,,3.78047048114652
"canonical","B1_serial_corr",2,200,68,"GATT","g=4_t=5",4,5,1,"doubleml",3.78520808054553,0.248737158571204,3.29769220428368,3.37607177032105,4.19434439077001,4.27272395680738,1.34921055006219e-52,,,,,,,,,3.78047048114652
"canonical","B1_serial_corr",2,200,68,"GATT","g=4_t=6",4,6,2,"doubleml",3.78971826479672,0.274394626039089,3.25191467596664,3.33837916657782,4.24105736301562,4.32752185362679,1.09087768662844e-43,,,,,,,,,3.78047048114652
"canonical","B1_serial_corr",2,200,68,"GATT","g=4_t=7",4,7,3,"doubleml",3.89927254800847,0.331708555991747,3.24913571977267,3.35366040285122,4.44488469316572,4.54940937624428,3.32347094664933e-32,,,,,,,,,3.78047048114652
"canonical","B1_serial_corr",2,200,68,"CATT","surface",,,,"doubleml",,,,,,,,0.898910551194321,0.786831728079461,396,0.230948360930693,0.297979797979798,1.05081350872026,0.252525252525253,0.881870688988451,
"canonical","B1_serial_corr",2,200,69,"GATT","g=4_t=4",4,4,0,"doubleml",4.01526672173452,0.166228985998327,3.68946389342129,3.74184430919923,4.28868913426981,4.34106955004775,3.30526916832202e-129,,,,,,,,,3.82643897895036
"canonical","B1_serial_corr",2,200,69,"GATT","g=4_t=5",4,5,1,"doubleml",4.06299721079746,0.203276832800567,3.66458193647433,3.72863649925812,4.3973579223368,4.46141248512059,3.53711891941215e-89,,,,,,,,,3.82643897895036
"canonical","B1_serial_corr",2,200,69,"GATT","g=4_t=6",4,6,2,"doubleml",3.94556238994315,0.235964486439474,3.48308049124329,3.55743526056524,4.33368951932107,4.40804428864301,4.60791791512112e-63,,,,,,,,,3.82643897895036
"canonical","B1_serial_corr",2,200,69,"GATT","g=4_t=7",4,7,3,"doubleml",3.58237828392752,0.268592006382114,3.05594762073081,3.14058364786188,4.02417291999317,4.10880894712423,6.99261900198541e-41,,,,,,,,,3.82643897895036
"canonical","B1_serial_corr",2,200,69,"CATT","surface",,,,"doubleml",,,,,,,,0.914803618258134,0.782703182423375,372,0.2307705825071,0.290322580645161,0.856565332266463,0.223118279569892,0.718852444759098,
"canonical","B1_serial_corr",2,200,70,"GATT","g=4_t=4",4,4,0,"doubleml",3.37287244844441,0.22696709873166,2.92802510574591,2.99954470822724,3.74620018866158,3.81771979114291,2.96853245102056e-50,,,,,,,,,3.78972096864698
"canonical","B1_serial_corr",2,200,70,"GATT","g=4_t=5",4,5,1,"doubleml",3.47956492748496,0.227162035458312,3.03433551581994,3.10591654481321,3.8532133101567,3.92479433914997,2.91901756370577e-53,,,,,,,,,3.78972096864698
"canonical","B1_serial_corr",2,200,70,"GATT","g=4_t=6",4,6,2,"doubleml",3.43615727982624,0.279346914774766,2.88864738335663,2.97667238967131,3.89564216998117,3.98366717629585,4.4906865125709e-35,,,,,,,,,3.78972096864698
"canonical","B1_serial_corr",2,200,70,"GATT","g=4_t=7",4,7,3,"doubleml",3.5079546832136,0.268179520191116,2.98233247810174,3.06683852670916,3.94907083971803,4.03357688832546,2.12476885036918e-39,,,,,,,,,3.78972096864698
"canonical","B1_serial_corr",2,200,70,"CATT","surface",,,,"doubleml",,,,,,,,0.945893931211412,0.794036647062774,408,0.215208011077283,0.340686274509804,0.981604427972492,0.281862745098039,0.823788584774142,
"canonical","B1_serial_corr",2,200,71,"GATT","g=4_t=4",4,4,0,"doubleml",3.87972793161113,0.183625941057273,3.51982769767276,3.57769006795931,4.18176579526295,4.23962816554951,2.17896714213502e-99,,,,,,,,,3.75894466135213
"canonical","B1_serial_corr",2,200,71,"GATT","g=4_t=5",4,5,1,"doubleml",3.56963068781994,0.204176299660603,3.16945249083195,3.233790484618,3.90547089102189,3.96980888480794,9.63981310575398e-69,,,,,,,,,3.75894466135213
"canonical","B1_serial_corr",2,200,71,"GATT","g=4_t=6",4,6,2,"doubleml",3.78920468616594,0.27944483520127,3.24150286918552,3.32955873120579,4.24885064112609,4.33690650314636,3.46816921093606e-42,,,,,,,,,3.75894466135213
"canonical","B1_serial_corr",2,200,71,"GATT","g=4_t=7",4,7,3,"doubleml",3.46021506421558,0.265509247292361,2.93982649785546,3.02349111676975,3.89693901166141,3.98060363057571,4.00398779744346e-39,,,,,,,,,3.75894466135213
"canonical","B1_serial_corr",2,200,71,"CATT","surface",,,,"doubleml",,,,,,,,0.921343366477468,0.797335691965282,444,0.226989529187275,0.27027027027027,0.914084407133459,0.243243243243243,0.76712398462987,
"canonical","B1_serial_corr",2,200,72,"GATT","g=4_t=4",4,4,0,"doubleml",3.9172964372497,0.205395368744205,3.51472890874433,3.57945104338932,4.25514183111008,4.31986396575507,2.15822447272774e-81,,,,,,,,,3.79018019560744
"canonical","B1_serial_corr",2,200,72,"GATT","g=4_t=5",4,5,1,"doubleml",4.01853641297447,0.279846547118704,3.47004725509751,3.55822970056008,4.47884312538886,4.56702557085144,4.62564609100763e-47,,,,,,,,,3.79018019560744
"canonical","B1_serial_corr",2,200,72,"GATT","g=4_t=6",4,6,2,"doubleml",3.6376628407858,0.280889550099901,3.0871294346138,3.17564054074578,4.09968514082582,4.1881962469578,1.1669962258127e-38,,,,,,,,,3.79018019560744
"canonical","B1_serial_corr",2,200,72,"GATT","g=4_t=7",4,7,3,"doubleml",3.87754251656504,0.253158720770015,3.38136053756976,3.4611333820716,4.29395165105849,4.37372449556033,2.95970684942042e-53,,,,,,,,,3.79018019560744
"canonical","B1_serial_corr",2,200,72,"CATT","surface",,,,"doubleml",,,,,,,,0.842180054909302,0.701738143463969,412,0.205602334887777,0.407766990291262,0.998886035774808,0.344660194174757,0.838291770404118,
"canonical","B1_serial_corr",2,200,73,"GATT","g=4_t=4",4,4,0,"doubleml",3.59704728045029,0.21343233045128,3.17872759632968,3.24598225797818,3.9481123029224,4.01536696457091,4.95779764287419e-64,,,,,,,,,3.81075445569559
"canonical","B1_serial_corr",2,200,73,"GATT","g=4_t=5",4,5,1,"doubleml",3.70494907946435,0.257077072911231,3.20108727133296,3.28209482777802,4.12780333115068,4.20881088759573,2.18025902176983e-47,,,,,,,,,3.81075445569559
"canonical","B1_serial_corr",2,200,73,"GATT","g=4_t=6",4,6,2,"doubleml",3.78137842347652,0.24978853193002,3.29180189328083,3.3705127575773,4.19224408937575,4.27095495367221,4.52488608552308e-52,,,,,,,,,3.81075445569559
"canonical","B1_serial_corr",2,200,73,"GATT","g=4_t=7",4,7,3,"doubleml",3.8784033761661,0.306204469981833,3.27825363836262,3.3747417288986,4.3820650234336,4.47855311396957,4.55917092497091e-37,,,,,,,,,3.81075445569559
"canonical","B1_serial_corr",2,200,73,"CATT","surface",,,,"doubleml",,,,,,,,0.872161981379892,0.731014315570036,376,0.206652667988392,0.38031914893617,1.00595388012558,0.345744680851064,0.844223293662581,
"canonical","B1_serial_corr",2,200,74,"GATT","g=4_t=4",4,4,0,"doubleml",3.62765568377112,0.186218229152025,3.2626746584894,3.3213538846775,3.93395748286475,3.99263670905284,8.00864405215844e-85,,,,,,,,,3.86473288954555
"canonical","B1_serial_corr",2,200,74,"GATT","g=4_t=5",4,5,1,"doubleml",3.77040516268693,0.26171281678565,3.25745746344846,3.33992578914578,4.20088453622807,4.2833528619254,2.34976608655608e-47,,,,,,,,,3.86473288954555
"canonical","B1_serial_corr",2,200,74,"GATT","g=4_t=6",4,6,2,"doubleml",4.2596893185274,0.27434549381203,3.7219820270936,3.80843103564871,4.71094760140609,4.7973966099612,1.1436943217526e-54,,,,,,,,,3.86473288954555
"canonical","B1_serial_corr",2,200,74,"GATT","g=4_t=7",4,7,3,"doubleml",4.02637754934013,0.275663548691625,3.4860869177923,3.57295125862052,4.47980384005974,4.56666818088796,1.28345848319755e-48,,,,,,,,,3.86473288954555
"canonical","B1_serial_corr",2,200,74,"CATT","surface",,,,"doubleml",,,,,,,,0.964117281247848,0.823668691900319,444,0.24129083604416,0.315315315315315,0.977963323750911,0.256756756756757,0.820732873116538,
"canonical","B1_serial_corr",2,200,75,"GATT","g=4_t=4",4,4,0,"doubleml",3.78082692297259,0.198791742584679,3.39120226400936,3.45384353001521,4.10781031592997,4.17045158193583,5.93246470528065e-81,,,,,,,,,3.8698545487203
"canonical","B1_serial_corr",2,200,75,"GATT","g=4_t=5",4,5,1,"doubleml",3.75125141840708,0.193429654932029,3.37213625820788,3.43308787677352,4.06941496004065,4.13036657860628,4.39023286992879e-84,,,,,,,,,3.8698545487203
"canonical","B1_serial_corr",2,200,75,"GATT","g=4_t=6",4,6,2,"doubleml",4.07558665896386,0.297146481991928,3.49319025153303,3.58682407947351,4.56434923845421,4.65798306639469,4.08588815823657e-43,,,,,,,,,3.8698545487203
"canonical","B1_serial_corr",2,200,75,"GATT","g=4_t=7",4,7,3,"doubleml",3.89982619694568,0.286379953634736,3.33853179749993,3.42877298468977,4.37087940920159,4.46112059639143,1.57231543818327e-42,,,,,,,,,3.8698545487203
"canonical","B1_serial_corr",2,200,75,"CATT","surface",,,,"doubleml",,,,,,,,0.902432652911736,0.758946531719513,416,0.217704150881071,0.346153846153846,0.956215313019508,0.310096153846154,0.802481363168604,
"canonical","B1_serial_corr",2,200,76,"GATT","g=4_t=4",4,4,0,"doubleml",3.73898158204368,0.208797245108023,3.32974649833278,3.39554059823877,4.08242256584859,4.14821666575458,5.17756529408626e-72,,,,,,,,,3.62479723709092
"canonical","B1_serial_corr",2,200,76,"GATT","g=4_t=5",4,5,1,"doubleml",3.77607372284789,0.236919745138133,3.31171955148798,3.38637533237846,4.16577211331733,4.24042789420781,1.72068518078913e-57,,,,,,,,,3.62479723709092
"canonical","B1_serial_corr",2,200,76,"GATT","g=4_t=6",4,6,2,"doubleml",3.73527074764061,0.294379356186724,3.15829780717145,3.25105968609945,4.21948180918176,4.31224368810976,3.41856094240543e-37,,,,,,,,,3.62479723709092
"canonical","B1_serial_corr",2,200,76,"GATT","g=4_t=7",4,7,3,"doubleml",3.63785649230705,0.222618597502195,3.20153205547226,3.27168140173118,4.00403158288293,4.07418092914185,2.51242978941196e-60,,,,,,,,,3.62479723709092
"canonical","B1_serial_corr",2,200,76,"CATT","surface",,,,"doubleml",,,,,,,,0.871144507368416,0.743594399990933,332,0.225468191756262,0.328313253012048,0.943443316187382,0.295180722891566,0.791762763195692,
"canonical","B1_serial_corr",2,200,77,"GATT","g=4_t=4",4,4,0,"doubleml",3.69428354352755,0.185324930639708,3.33105335117122,3.3894510900651,3.99911599698999,4.05751373588387,1.03012279926931e-88,,,,,,,,,3.81164695260199
"canonical","B1_serial_corr",2,200,77,"GATT","g=4_t=5",4,5,1,"doubleml",3.93658180359179,0.202923647326481,3.53885876008319,3.60280203059224,4.27036157659135,4.33430484710039,3.90955741614243e-84,,,,,,,,,3.81164695260199
"canonical","B1_serial_corr",2,200,77,"GATT","g=4_t=6",4,6,2,"doubleml",3.9363887532252,0.210178013115467,3.52444741392735,3.59067660764017,4.28210089881022,4.34833009252304,1.44083776476534e-78,,,,,,,,,3.81164695260199
"canonical","B1_serial_corr",2,200,77,"GATT","g=4_t=7",4,7,3,"doubleml",3.95259473553961,0.322419297167854,3.32066452018532,3.42226206491588,4.48292740616335,4.58452495089391,7.50092893636002e-35,,,,,,,,,3.81164695260199
"canonical","B1_serial_corr",2,200,77,"CATT","surface",,,,"doubleml",,,,,,,,0.933487238219189,0.808163652140923,400,0.24125389046899,0.2875,0.902412395258532,0.245,0.75732852133538,
"canonical","B1_serial_corr",2,200,78,"GATT","g=4_t=4",4,4,0,"doubleml",3.87544331843053,0.191227493713141,3.50064431494255,3.56090201048649,4.18998462637456,4.25024232191851,1.27979658989362e-91,,,,,,,,,3.8647196299313
"canonical","B1_serial_corr",2,200,78,"GATT","g=4_t=5",4,5,1,"doubleml",3.9074629194847,0.229160382974656,3.45831681862816,3.5305275469073,4.28439829206209,4.35660902034124,1.71171738798281e-65,,,,,,,,,3.8647196299313
"canonical","B1_serial_corr",2,200,78,"GATT","g=4_t=6",4,6,2,"doubleml",3.65096181556593,0.258195148526724,3.1449086194789,3.22626849273116,4.07565513840071,4.15701501165297,1.07155049749181e-45,,,,,,,,,3.8647196299313
"canonical","B1_serial_corr",2,200,78,"GATT","g=4_t=7",4,7,3,"doubleml",3.68110862284675,0.326361602406315,3.04145163114806,3.14429143568232,4.21792581001119,4.32076561454544,8.30940989609986e-30,,,,,,,,,3.8647196299313
"canonical","B1_serial_corr",2,200,78,"CATT","surface",,,,"doubleml",,,,,,,,0.89062985316406,0.766008880905681,408,0.214538522795893,0.323529411764706,0.984827646065123,0.274509803921569,0.826493595260322,
"canonical","B1_serial_corr",2,200,79,"GATT","g=4_t=4",4,4,0,"doubleml",3.838420138641,0.198948465837955,3.44848830774338,3.51117895881357,4.16566131846842,4.22835196953862,3.04300872594754e-83,,,,,,,,,3.7504841986264
"canonical","B1_serial_corr",2,200,79,"GATT","g=4_t=5",4,5,1,"doubleml",3.56784141875149,0.230798424154817,3.11548481615131,3.18821170758674,3.94747112991623,4.02019802135166,3.29625396015191e-54,,,,,,,,,3.7504841986264
"canonical","B1_serial_corr",2,200,79,"GATT","g=4_t=6",4,6,2,"doubleml",3.95153337824535,0.233914243962011,3.49306988099259,3.56677859840746,4.33628815808324,4.40999687549811,2.52933441866242e-64,,,,,,,,,3.7504841986264
"canonical","B1_serial_corr",2,200,79,"GATT","g=4_t=7",4,7,3,"doubleml",4.30499436462506,0.284495523339921,3.74739338071766,3.8370407650773,4.77294796417283,4.86259534853247,4.97890034201977e-52,,,,,,,,,3.7504841986264
"canonical","B1_serial_corr",2,200,79,"CATT","surface",,,,"doubleml",,,,,,,,0.937954352648977,0.771117254128812,384,0.241230703673258,0.364583333333333,0.929176457328977,0.315104166666667,0.77978963518891,
"canonical","B1_serial_corr",2,200,80,"GATT","g=4_t=4",4,4,0,"doubleml",3.87944113887543,0.188801373169557,3.50939724431253,3.56889044501199,4.18999183273887,4.24948503343833,4.03169734535278e-94,,,,,,,,,3.70947824513363
"canonical","B1_serial_corr",2,200,80,"GATT","g=4_t=5",4,5,1,"doubleml",4.02173376108394,0.210545010358612,3.60907312040143,3.67541795861554,4.36804956355234,4.43439440176645,1.2257632247345e-81,,,,,,,,,3.70947824513363
"canonical","B1_serial_corr",2,200,80,"GATT","g=4_t=6",4,6,2,"doubleml",4.1950464652915,0.317247593974216,3.57325260201542,3.67322049135264,4.71687243923037,4.81684032856758,3.22065831359929e-40,,,,,,,,,3.70947824513363
"canonical","B1_serial_corr",2,200,80,"GATT","g=4_t=7",4,7,3,"doubleml",4.06112063409194,0.252915961586459,3.5654144543571,3.64511080301261,4.47713046517128,4.55682681382678,2.54533036735805e-58,,,,,,,,,3.70947824513363
"canonical","B1_serial_corr",2,200,80,"CATT","surface",,,,"doubleml",,,,,,,,0.932560368967676,0.790828270354383,360,0.248408268720847,0.319444444444444,0.950102289128164,0.263888888888889,0.797351150675021,
"canonical","B1_serial_corr",2,200,81,"GATT","g=4_t=4",4,4,0,"doubleml",3.52402467156489,0.162777737210441,3.20498616663097,3.25627905940335,3.79177028372643,3.84306317649882,3.08527178557977e-104,,,,,,,,,3.58061986432858
"canonical","B1_serial_corr",2,200,81,"GATT","g=4_t=5",4,5,1,"doubleml",3.74207719884035,0.242473488153255,3.26683789110554,3.34324371195751,4.14091068572318,4.21731650657515,4.91494395214e-54,,,,,,,,,3.58061986432858
"canonical","B1_serial_corr",2,200,81,"GATT","g=4_t=6",4,6,2,"doubleml",3.82772750806695,0.237814439329578,3.36161976830079,3.43655747627793,4.21889753985596,4.2938352478331,1.37311111955722e-58,,,,,,,,,3.58061986432858
"canonical","B1_serial_corr",2,200,81,"GATT","g=4_t=7",4,7,3,"doubleml",3.93176597148227,0.250789107489308,3.4402283492111,3.51925450487205,4.34427743809249,4.42330359375345,1.07653219750639e-55,,,,,,,,,3.58061986432858
"canonical","B1_serial_corr",2,200,81,"CATT","surface",,,,"doubleml",,,,,,,,0.9649684349305,0.829913153014586,400,0.263834499761505,0.2775,0.875961587353032,0.25,0.735130298721805,
"canonical","B1_serial_corr",2,200,82,"GATT","g=4_t=4",4,4,0,"doubleml",3.65027667478442,0.203223681530547,3.25196557503708,3.31600338932417,3.98454996024466,4.04858777453175,1.93776237652736e-72,,,,,,,,,3.87016568932963
"canonical","B1_serial_corr",2,200,82,"GATT","g=4_t=5",4,5,1,"doubleml",3.81857802651214,0.245680172686202,3.3370537325334,3.41447001174855,4.22268604127573,4.30010232049088,8.89016016672261e-55,,,,,,,,,3.87016568932963
"canonical","B1_serial_corr",2,200,82,"GATT","g=4_t=6",4,6,2,"doubleml",3.91300248712111,0.290776472369644,3.34309106922961,3.43471764343801,4.39128733080421,4.4829139050126,1.39875851287203e-41,,,,,,,,,3.87016568932963
"canonical","B1_serial_corr",2,200,82,"GATT","g=4_t=7",4,7,3,"doubleml",3.66243328346956,0.273048531248441,3.12726799196974,3.21330831465143,4.11155825228768,4.19759857496938,2.53301867273375e-41,,,,,,,,,3.87016568932963
"canonical","B1_serial_corr",2,200,82,"CATT","surface",,,,"doubleml",,,,,,,,0.910513667685137,0.770629821335938,400,0.213305127490844,0.37,0.992456051558697,0.315,0.83289555636253,
"canonical","B1_serial_corr",2,200,83,"GATT","g=4_t=4",4,4,0,"doubleml",3.83430243484552,0.19269005477858,3.45663686432148,3.51735542748275,4.15124944220829,4.21196800536957,2.08359950243659e-88,,,,,,,,,3.61030019731985
"canonical","B1_serial_corr",2,200,83,"GATT","g=4_t=5",4,5,1,"doubleml",4.04816944437555,0.221353474823445,3.61432460244669,3.68407529589831,4.41226359285279,4.48201428630441,5.13216219793984e-75,,,,,,,,,3.61030019731985
"canonical","B1_serial_corr",2,200,83,"GATT","g=4_t=6",4,6,2,"doubleml",4.1972133559401,0.269551711991958,3.6689017042975,3.75384014426328,4.64058656761692,4.72552500758271,5.72221758798563e-55,,,,,,,,,3.61030019731985
"canonical","B1_serial_corr",2,200,83,"GATT","g=4_t=7",4,7,3,"doubleml",4.12049796668392,0.317112307595769,3.49896925983929,3.59889451908579,4.64210141428205,4.74202667352855,6.63251106676458e-39,,,,,,,,,3.61030019731985
"canonical","B1_serial_corr",2,200,83,"CATT","surface",,,,"doubleml",,,,,,,,0.999444630824882,0.862159211965482,408,0.281435204727907,0.279411764705882,0.980675385470071,0.215686274509804,0.82300890755748,
"canonical","B1_serial_corr",2,200,84,"GATT","g=4_t=4",4,4,0,"doubleml",3.78177696285175,0.159248248706564,3.46965612832384,3.51983684397376,4.04371708172973,4.09389779737966,5.80499447885961e-125,,,,,,,,,3.87020653087234
"canonical","B1_serial_corr",2,200,84,"GATT","g=4_t=5",4,5,1,"doubleml",4.0082959964652,0.214633180523565,3.58762268943351,3.65525575094829,4.36133624198211,4.42896930349689,3.94713683104484e-78,,,,,,,,,3.87020653087234
"canonical","B1_serial_corr",2,200,84,"GATT","g=4_t=6",4,6,2,"doubleml",4.14622472449698,0.25135518190797,3.65357761674391,3.73278214811493,4.55966730087903,4.63887183225006,1.9769804032706e-61,,,,,,,,,3.87020653087234
"canonical","B1_serial_corr",2,200,84,"GATT","g=4_t=7",4,7,3,"doubleml",3.89208511939105,0.313194205658846,3.27823575129112,3.37692637743627,4.40724386134582,4.50593448749098,9.31743507329675e-36,,,,,,,,,3.87020653087234
"canonical","B1_serial_corr",2,200,84,"CATT","surface",,,,"doubleml",,,,,,,,0.887603438490711,0.759261122692448,420,0.220529371613498,0.328571428571429,0.919645308706305,0.269047619047619,0.771790841365862,
"canonical","B1_serial_corr",2,200,85,"GATT","g=4_t=4",4,4,0,"doubleml",3.76415203690304,0.155900919490727,3.45859184713432,3.50771778587504,4.02058628793104,4.06971222667177,4.26302477380282e-129,,,,,,,,,3.91877517708952
"canonical","B1_serial_corr",2,200,85,"GATT","g=4_t=5",4,5,1,"doubleml",3.85149934524916,0.230021190101982,3.40066609341212,3.47314807062516,4.22985061987317,4.3023325970862,3.1261000265588e-63,,,,,,,,,3.91877517708952
"canonical","B1_serial_corr",2,200,85,"GATT","g=4_t=6",4,6,2,"doubleml",3.90637689320631,0.256225936389565,3.40418328201647,3.48492263683219,4.32783114958043,4.40857050439615,8.77452519423299e-53,,,,,,,,,3.91877517708952
"canonical","B1_serial_corr",2,200,85,"GATT","g=4_t=7",4,7,3,"doubleml",4.01700440470091,0.217162765472981,3.59137320223343,3.65980336126162,4.37420544814021,4.4426356071684,1.0780459156396e-76,,,,,,,,,3.91877517708952
"canonical","B1_serial_corr",2,200,85,"CATT","surface",,,,"doubleml",,,,,,,,0.857377216620093,0.729876533287106,416,0.205486402810462,0.326923076923077,0.842109127631544,0.276442307692308,0.706720412732711,
"canonical","B1_serial_corr",2,200,86,"GATT","g=4_t=4",4,4,0,"doubleml",3.49333336398442,0.169247254043391,3.16161483896052,3.21494634118213,3.77172038678671,3.82505188900832,5.95195064881815e-95,,,,,,,,,3.76110471214942
"canonical","B1_serial_corr",2,200,86,"GATT","g=4_t=5",4,5,1,"doubleml",3.43735143355866,0.237204512137642,2.97243912913131,3.04718464295101,3.82751822416631,3.902263737986,6.89703269485132e-48,,,,,,,,,3.76110471214942
"canonical","B1_serial_corr",2,200,86,"GATT","g=4_t=6",4,6,2,"doubleml",3.39520708411486,0.256395042913517,2.89268203022591,2.97347467219839,3.81693949603133,3.89773213800381,2.50658975944983e-40,,,,,,,,,3.76110471214942
"canonical","B1_serial_corr",2,200,86,"GATT","g=4_t=7",4,7,3,"doubleml",3.49704014233632,0.26466362680344,2.97830896169215,3.06170711713418,3.93237316753847,4.0157713229805,3.68378626220076e-40,,,,,,,,,3.76110471214942
"canonical","B1_serial_corr",2,200,86,"CATT","surface",,,,"doubleml",,,,,,,,0.896478354722062,0.732228294818925,428,0.195667589627087,0.385514018691589,0.908943531992184,0.329439252336449,0.762809625264276,
"canonical","B1_serial_corr",2,200,87,"GATT","g=4_t=4",4,4,0,"doubleml",3.90419072918199,0.193477852356573,3.52498110376579,3.58594790982187,4.22243354854211,4.28340035459819,7.48634847543091e-91,,,,,,,,,3.74613322116925
"canonical","B1_serial_corr",2,200,87,"GATT","g=4_t=5",4,5,1,"doubleml",3.81686719496168,0.216976091016303,3.391601867709,3.45997320374915,4.17376118617421,4.24213252221435,1.43890503112914e-69,,,,,,,,,3.74613322116925
"canonical","B1_serial_corr",2,200,87,"GATT","g=4_t=6",4,6,2,"doubleml",4.06650941201156,0.213366567252006,3.64831862139405,3.71555256040083,4.41746626362229,4.48470020262907,2.7770250952156e-81,,,,,,,,,3.74613322116925
"canonical","B1_serial_corr",2,200,87,"GATT","g=4_t=7",4,7,3,"doubleml",4.02015825651989,0.266379002377598,3.49806500150388,3.58200368894309,4.45831282409669,4.54225151153589,9.15830275642561e-52,,,,,,,,,3.74613322116925
"canonical","B1_serial_corr",2,200,87,"CATT","surface",,,,"doubleml",,,,,,,,0.934886313264592,0.79555693830702,372,0.242083816248407,0.336021505376344,0.872379499151196,0.295698924731183,0.73212411488009,
"canonical","B1_serial_corr",2,200,88,"GATT","g=4_t=4",4,4,0,"doubleml",3.95468813540818,0.234816502352122,3.4944562441921,3.56844927224828,4.34092699856808,4.41492002662426,6.04500927286676e-64,,,,,,,,,3.67284724985396
"canonical","B1_serial_corr",2,200,88,"GATT","g=4_t=5",4,5,1,"doubleml",3.48172218305957,0.272533820517791,2.94756570606224,3.0334438382456,3.93000052787354,4.0158786600569,1.125279229578e-37,,,,,,,,,3.67284724985396
"canonical","B1_serial_corr",2,200,88,"GATT","g=4_t=6",4,6,2,"doubleml",3.42538170886309,0.313498115703492,2.81093668801641,2.90972307925574,3.94104033847044,4.03982672970977,4.31368730764691e-28,,,,,,,,,3.67284724985396
"canonical","B1_serial_corr",2,200,88,"GATT","g=4_t=7",4,7,3,"doubleml",3.67762254256407,0.311613161487149,3.06687196412307,3.16506438743928,4.19018069768885,4.28837312100506,1.90833519781251e-32,,,,,,,,,3.67284724985396
"canonical","B1_serial_corr",2,200,88,"CATT","surface",,,,"doubleml",,,,,,,,0.948019882420156,0.819886395828348,376,0.239417486569428,0.313829787234043,1.10979198375054,0.252659574468085,0.931366996353001,
"canonical","B1_serial_corr",2,200,89,"GATT","g=4_t=4",4,4,0,"doubleml",3.90669157180534,0.217150720886285,3.48108397629417,3.54951033995265,4.26387280365803,4.33229916731651,1.15232536327319e-72,,,,,,,,,3.77259053882307
"canonical","B1_serial_corr",2,200,89,"GATT","g=4_t=5",4,5,1,"doubleml",4.04364912918626,0.236758209290133,3.57961156227313,3.65421644160254,4.43308181676997,4.50768669609938,1.0593899672778e-65,,,,,,,,,3.77259053882307
"canonical","B1_serial_corr",2,200,89,"GATT","g=4_t=6",4,6,2,"doubleml",3.76186874317204,0.248955135826467,3.27392563933706,3.35237389218733,4.17136359415675,4.24981184700702,6.89087398030043e-52,,,,,,,,,3.77259053882307
"canonical","B1_serial_corr",2,200,89,"GATT","g=4_t=7",4,7,3,"doubleml",3.90232295456117,0.268062841173092,3.37692943612419,3.46139871800624,4.34324719111609,4.42771647299815,2.61711719052092e-48,,,,,,,,,3.77259053882307
"canonical","B1_serial_corr",2,200,89,"CATT","surface",,,,"doubleml",,,,,,,,0.91442400583062,0.793332973509211,420,0.23963218108936,0.285714285714286,0.951490892348129,0.233333333333333,0.798516503488018,
"canonical","B1_serial_corr",2,200,90,"GATT","g=4_t=4",4,4,0,"doubleml",3.65637163269125,0.166600065596538,3.3298415017244,3.38233884839452,3.93040441698798,3.9829017636581,4.62541889868749e-107,,,,,,,,,3.71826221244559
"canonical","B1_serial_corr",2,200,90,"GATT","g=4_t=5",4,5,1,"doubleml",3.44226087316778,0.186250873142437,3.07721586684004,3.13590537947595,3.74861636685961,3.80730587949552,1.44545758645923e-76,,,,,,,,,3.71826221244559
"canonical","B1_serial_corr",2,200,90,"GATT","g=4_t=6",4,6,2,"doubleml",3.84636159894445,0.222063524302233,3.41112508559895,3.48109952274183,4.21162367514708,4.28159811228996,1.63325009779163e-67,,,,,,,,,3.71826221244559
"canonical","B1_serial_corr",2,200,90,"GATT","g=4_t=7",4,7,3,"doubleml",3.85511518941679,0.249566201739198,3.36597441839122,3.44461522422126,4.26561515461231,4.34425596044235,3.9356762850545e-54,,,,,,,,,3.71826221244559
"canonical","B1_serial_corr",2,200,90,"CATT","surface",,,,"doubleml",,,,,,,,0.90799814245178,0.764052467398448,400,0.220665367615723,0.315,0.807976210832831,0.275,0.678075159693354,
"canonical","B1_serial_corr",2,200,91,"GATT","g=4_t=4",4,4,0,"doubleml",3.73202935091065,0.208724203843397,3.32293742544893,3.38870850932202,4.07535019249927,4.14112127637237,8.41245986090978e-72,,,,,,,,,3.79037794468925
"canonical","B1_serial_corr",2,200,91,"GATT","g=4_t=5",4,5,1,"doubleml",3.41311635466044,0.21285305296659,2.99593203355583,3.06300415907613,3.76322855024475,3.83030067576505,3.6343258029141e-58,,,,,,,,,3.79037794468925
"canonical","B1_serial_corr",2,200,91,"GATT","g=4_t=6",4,6,2,"doubleml",3.50831429638321,0.2381918989579,3.04146674933409,3.11652339861471,3.90010519415171,3.97516184343233,2.10121488420899e-49,,,,,,,,,3.79037794468925
"canonical","B1_serial_corr",2,200,91,"GATT","g=4_t=7",4,7,3,"doubleml",3.76226685020291,0.295718402693861,3.18266942678544,3.2758532526583,4.24868044774751,4.34186427362038,2.21821971310696e-37,,,,,,,,,3.79037794468925
"canonical","B1_serial_corr",2,200,91,"CATT","surface",,,,"doubleml",,,,,,,,0.869056927690734,0.740878499568836,348,0.204684068378762,0.333333333333333,0.93636060851646,0.290229885057471,0.78581876624302,
"canonical","B1_serial_corr",2,200,92,"GATT","g=4_t=4",4,4,0,"doubleml",3.5883260978868,0.222415295429628,3.15240012579536,3.22248540953819,3.9541667862354,4.02425206997823,7.42441164141463e-59,,,,,,,,,4.04334888636411
"canonical","B1_serial_corr",2,200,92,"GATT","g=4_t=5",4,5,1,"doubleml",3.80085922684041,0.210505496812965,3.38827603128488,3.45460841838561,4.1471100352952,4.21344242239593,3.54697140620189e-73,,,,,,,,,4.04334888636411
"canonical","B1_serial_corr",2,200,92,"GATT","g=4_t=6",4,6,2,"doubleml",3.77467539891629,0.231248213545945,3.32143722530193,3.39430584987239,4.15504494796019,4.22791357253066,3.38360922575778e-60,,,,,,,,,4.04334888636411
"canonical","B1_serial_corr",2,200,92,"GATT","g=4_t=7",4,7,3,"doubleml",3.90689270305584,0.247005443198167,3.42277092658338,3.50060481178956,4.31318059432212,4.39101447952829,1.18714322327683e-56,,,,,,,,,4.04334888636411
"canonical","B1_serial_corr",2,200,92,"CATT","surface",,,,"doubleml",,,,,,,,0.900287947518175,0.77640499504852,424,0.2037931326894,0.311320754716981,0.892934558866889,0.261792452830189,0.749374468556789,
"canonical","B1_serial_corr",2,200,93,"GATT","g=4_t=4",4,4,0,"doubleml",3.95363957446084,0.206600632417888,3.54870977254455,3.61381169782575,4.29346745109594,4.35856937637714,6.25540063851285e-82,,,,,,,,,3.7691762459292
"canonical","B1_serial_corr",2,200,93,"GATT","g=4_t=5",4,5,1,"doubleml",3.64521107797598,0.224319930836629,3.2055520890537,3.27623754245963,4.01418461349233,4.08487006689826,1.11583167154844e-59,,,,,,,,,3.7691762459292
"canonical","B1_serial_corr",2,200,93,"GATT","g=4_t=6",4,6,2,"doubleml",3.42390358293,0.246271124300754,2.94122104506099,3.0188235390394,3.82898362682059,3.906586120799,3.03771966801783e-44,,,,,,,,,3.7691762459292
"canonical","B1_serial_corr",2,200,93,"GATT","g=4_t=7",4,7,3,"doubleml",3.33957324008061,0.257700503053983,2.83448953131291,2.91569353683025,3.76345294333096,3.8446569488483,1.04305665923166e-38,,,,,,,,,3.7691762459292
"canonical","B1_serial_corr",2,200,93,"CATT","surface",,,,"doubleml",,,,,,,,0.957265797195994,0.804623910765463,408,0.222494329305397,0.316176470588235,0.916177518737637,0.269607843137255,0.768880579646196,
"canonical","B1_serial_corr",2,200,94,"GATT","g=4_t=4",4,4,0,"doubleml",3.78713755155538,0.184207916602668,3.42609666649915,3.48414242309982,4.09013268001094,4.14817843661161,3.19435888631185e-94,,,,,,,,,3.73042019516745
"canonical","B1_serial_corr",2,200,94,"GATT","g=4_t=5",4,5,1,"doubleml",3.81281793589305,0.22375788730156,3.37426053206594,3.44476887993353,4.18086699185257,4.25137533972016,2.0762683698086e-65,,,,,,,,,3.73042019516745
"canonical","B1_serial_corr",2,200,94,"GATT","g=4_t=6",4,6,2,"doubleml",3.80576953792164,0.270622751496478,3.27535868740759,3.36063462263165,4.25090445321162,4.33618038843568,3.20519110162682e-45,,,,,,,,,3.73042019516745
"canonical","B1_serial_corr",2,200,94,"GATT","g=4_t=7",4,7,3,"doubleml",3.70919056070993,0.291196485627814,3.1384559319529,3.23021485653908,4.18816626488078,4.27992518946696,1.82361367709471e-37,,,,,,,,,3.73042019516745
"canonical","B1_serial_corr",2,200,94,"CATT","surface",,,,"doubleml",,,,,,,,0.892950478823727,0.766622851469395,396,0.228842006752955,0.330808080808081,0.95037188407721,0.28030303030303,0.797577401937962,
"canonical","B1_serial_corr",2,200,95,"GATT","g=4_t=4",4,4,0,"doubleml",3.54845580866029,0.175374784031826,3.20472754545014,3.25998989364641,3.83692172367417,3.89218407187044,2.47962247280844e-91,,,,,,,,,3.65316902842598
"canonical","B1_serial_corr",2,200,95,"GATT","g=4_t=5",4,5,1,"doubleml",3.77948860727669,0.218339877275746,3.35155030805181,3.42035138678017,4.13862582777321,4.20742690650157,1.97309501863725e-67,,,,,,,,,3.65316902842598
"canonical","B1_serial_corr",2,200,95,"GATT","g=4_t=6",4,6,2,"doubleml",3.71410282667613,0.326278504368848,3.07460870413935,3.17742232365102,4.25078332970125,4.35359694921292,2.53438697220143e-30,,,,,,,,,3.65316902842598
"canonical","B1_serial_corr",2,200,95,"GATT","g=4_t=7",4,7,3,"doubleml",3.54919294105365,0.325766532610872,2.91070226473151,3.01335455682253,4.08503132528477,4.18768361737578,6.09519590884268e-28,,,,,,,,,3.65316902842598
"canonical","B1_serial_corr",2,200,95,"CATT","surface",,,,"doubleml",,,,,,,,0.876153349914708,0.73274157399708,436,0.221963079941949,0.378440366972477,1.02482568064698,0.341743119266055,0.860061011383322,
"canonical","B1_serial_corr",2,200,96,"GATT","g=4_t=4",4,4,0,"doubleml",3.91124978576093,0.202931131235176,3.51351207406071,3.57745770282423,4.24504186869764,4.30898749746115,4.45900263014082e-83,,,,,,,,,3.7926098782395
"canonical","B1_serial_corr",2,200,96,"GATT","g=4_t=5",4,5,1,"doubleml",4.13078588714178,0.210150526948743,3.71889841974122,3.78511895228804,4.47645282199553,4.54267335454235,2.55221615551666e-86,,,,,,,,,3.7926098782395
"canonical","B1_serial_corr",2,200,96,"GATT","g=4_t=6",4,6,2,"doubleml",4.11598902710998,0.236257603810367,3.65293262891539,3.72737976245208,4.50459829176787,4.57904542530456,2.82789472660109e-68,,,,,,,,,3.7926098782395
"canonical","B1_serial_corr",2,200,96,"GATT","g=4_t=7",4,7,3,"doubleml",4.12135267365831,0.271006584924825,3.59018952344271,3.67558640841837,4.56711893889825,4.65251582387391,1.57501097949181e-52,,,,,,,,,3.7926098782395
"canonical","B1_serial_corr",2,200,96,"CATT","surface",,,,"doubleml",,,,,,,,0.951369308881611,0.796787560434075,392,0.249576298687954,0.323979591836735,0.901922363755485,0.275510204081633,0.756917273844145,
"canonical","B1_serial_corr",2,200,97,"GATT","g=4_t=4",4,4,0,"doubleml",3.49125263798087,0.212679815454687,3.07440785616303,3.14142539281096,3.84107988315077,3.9080974197987,7.40367622421421e-61,,,,,,,,,3.67663091962904
"canonical","B1_serial_corr",2,200,97,"GATT","g=4_t=5",4,5,1,"doubleml",3.76794959956989,0.198321131759745,3.37924732088154,3.44174029271035,4.09415890642943,4.15665187825825,8.65257265868054e-81,,,,,,,,,3.67663091962904
"canonical","B1_serial_corr",2,200,97,"GATT","g=4_t=6",4,6,2,"doubleml",4.04684982660898,0.276289109283695,3.50533311882088,3.59239458004726,4.50130507317071,4.58836653439709,7.02362728799666e-49,,,,,,,,,3.67663091962904
"canonical","B1_serial_corr",2,200,97,"GATT","g=4_t=7",4,7,3,"doubleml",4.08599201176918,0.319775261857833,3.45924401043726,3.56000839320128,4.61197563033709,4.71274001310111,1.09218487830967e-37,,,,,,,,,3.67663091962904
"canonical","B1_serial_corr",2,200,97,"CATT","surface",,,,"doubleml",,,,,,,,0.930456773883681,0.776921095793491,416,0.241807464637759,0.360576923076923,0.986905884813111,0.300480769230769,0.828237708579538,
"canonical","B1_serial_corr",2,200,98,"GATT","g=4_t=4",4,4,0,"doubleml",3.73745363657208,0.256973695788168,3.23379444388031,3.31476942516012,4.16013784798403,4.24111282926384,3.1826770685667e-48,,,,,,,,,3.67462376760241
"canonical","B1_serial_corr",2,200,98,"GATT","g=4_t=5",4,5,1,"doubleml",3.68050436510727,0.217226447505728,3.25474834814815,3.32319857402168,4.03781015619286,4.10626038206639,1.08080353869335e-64,,,,,,,,,3.67462376760241
"canonical","B1_serial_corr",2,200,98,"GATT","g=4_t=6",4,6,2,"doubleml",3.81655606944463,0.240966565984378,3.34427027491162,3.42020124951896,4.2129108893703,4.28884186397764,8.4360159562196e-57,,,,,,,,,3.67462376760241
"canonical","B1_serial_corr",2,200,98,"GATT","g=4_t=7",4,7,3,"doubleml",3.52347570852313,0.313990807147223,2.90806503018363,3.00700667342379,4.03994474362247,4.13888638686263,1.5973933963079e-29,,,,,,,,,3.67462376760241
"canonical","B1_serial_corr",2,200,98,"CATT","surface",,,,"doubleml",,,,,,,,0.902849536782271,0.737954247464238,384,0.217618978796388,0.432291666666667,1.00855584126169,0.388020833333333,0.846406928761273,
"canonical","B1_serial_corr",2,200,99,"GATT","g=4_t=4",4,4,0,"doubleml",3.85266858151406,0.169234173823329,3.5209756932506,3.57430307376407,4.13103408926406,4.18436146977753,5.06066955564914e-115,,,,,,,,,3.80576668187907
"canonical","B1_serial_corr",2,200,99,"GATT","g=4_t=5",4,5,1,"doubleml",3.87013311025455,0.290019059991385,3.30170619335759,3.39309409935148,4.34717212115762,4.4385600271515,6.38391063406241e-41,,,,,,,,,3.80576668187907
"canonical","B1_serial_corr",2,200,99,"GATT","g=4_t=6",4,6,2,"doubleml",3.94216896217159,0.244092049979904,3.46375733152477,3.54067317739394,4.34366474694923,4.4205805928184,5.6471119807904e-59,,,,,,,,,3.80576668187907
"canonical","B1_serial_corr",2,200,99,"GATT","g=4_t=7",4,7,3,"doubleml",3.75204349738524,0.274328684478025,3.21436915164095,3.30081286340682,4.20327413136366,4.28971784312953,6.94869673489141e-43,,,,,,,,,3.80576668187907
"canonical","B1_serial_corr",2,200,99,"CATT","surface",,,,"doubleml",,,,,,,,0.938459081283776,0.800617252567686,368,0.240322096650181,0.309782608695652,0.958102890775761,0.27445652173913,0.804065468704565,
